timestamp,data_id,model,month,thresholds,start_date,end_date,data_split_date,F2,Precision,Recall,MCC,AUC,BalancedAccuracy,TP,TN,FP,FN
2025-11-22 00:52:36,France_level_2_final,"SGD (Logistic, ElasticNet)",Month+1,0.5,2005-01-01,2024-12-31,2022-01-01,0.942,0.822,0.978,0.75,0.932,0.858,176,107,38,4
2025-11-22 00:52:36,France_level_2_final,"SGD (Logistic, ElasticNet)",Month+2,0.5,2005-01-01,2024-12-31,2022-01-01,0.93,0.752,0.988,0.675,0.866,0.811,170,97,56,2
2025-11-22 00:52:36,France_level_2_final,"SGD (Logistic, ElasticNet)",Month+3,0.5,2005-01-01,2024-12-31,2022-01-01,0.898,0.746,0.946,0.634,0.811,0.801,159,103,54,9
2025-11-22 00:52:36,France_level_2_final,"SGD (Logistic, ElasticNet)",Month+4,0.5,2005-01-01,2024-12-31,2022-01-01,0.836,0.682,0.886,0.477,0.767,0.725,148,89,69,19
2025-11-22 00:52:36,France_level_2_final,"SGD (Logistic, ElasticNet)",Month+5,0.5,2005-01-01,2024-12-31,2022-01-01,0.805,0.622,0.868,0.345,0.694,0.656,145,70,88,22
2025-11-22 00:52:36,France_level_2_final,"SGD (Logistic, ElasticNet)",Month+6,0.5,2005-01-01,2024-12-31,2022-01-01,0.818,0.591,0.905,0.29,0.64,0.618,152,52,105,16
2025-11-22 00:52:37,France_level_2_final,MLP (2-layer NN),Month+1,0.5,2005-01-01 00:00:00,2024-12-31 00:00:00,2022-01-01 00:00:00,0.951,0.796,1.0,0.737,0.887,0.841,180,99,46,0
2025-11-22 00:52:37,France_level_2_final,MLP (2-layer NN),Month+2,0.5,2005-01-01 00:00:00,2024-12-31 00:00:00,2022-01-01 00:00:00,0.939,0.783,0.988,0.722,0.846,0.841,170,106,47,2
2025-11-22 00:52:37,France_level_2_final,MLP (2-layer NN),Month+3,0.5,2005-01-01 00:00:00,2024-12-31 00:00:00,2022-01-01 00:00:00,0.901,0.741,0.952,0.631,0.8,0.798,160,101,56,8
2025-11-22 00:52:37,France_level_2_final,MLP (2-layer NN),Month+4,0.5,2005-01-01 00:00:00,2024-12-31 00:00:00,2022-01-01 00:00:00,0.85,0.701,0.898,0.52,0.74,0.747,150,94,64,17
2025-11-22 00:52:37,France_level_2_final,MLP (2-layer NN),Month+5,0.5,2005-01-01 00:00:00,2024-12-31 00:00:00,2022-01-01 00:00:00,0.793,0.638,0.844,0.362,0.695,0.669,141,78,80,26
2025-11-22 00:52:37,France_level_2_final,MLP (2-layer NN),Month+6,0.5,2005-01-01 00:00:00,2024-12-31 00:00:00,2022-01-01 00:00:00,0.786,0.615,0.845,0.307,0.646,0.639,142,68,89,26
2025-11-22 00:52:38,France_level_2_final,k-Nearest Neighbors,Month+1,0.5,2005-01-01 00:00:00,2024-12-31 00:00:00,2022-01-01 00:00:00,0.93,0.726,1.0,0.621,0.794,0.766,180,77,68,0
2025-11-22 00:52:38,France_level_2_final,k-Nearest Neighbors,Month+2,0.5,2005-01-01 00:00:00,2024-12-31 00:00:00,2022-01-01 00:00:00,0.909,0.688,0.988,0.567,0.768,0.743,170,76,77,2
2025-11-22 00:52:38,France_level_2_final,k-Nearest Neighbors,Month+3,0.5,2005-01-01 00:00:00,2024-12-31 00:00:00,2022-01-01 00:00:00,0.897,0.665,0.982,0.533,0.742,0.727,165,74,83,3
2025-11-22 00:52:38,France_level_2_final,k-Nearest Neighbors,Month+4,0.5,2005-01-01 00:00:00,2024-12-31 00:00:00,2022-01-01 00:00:00,0.879,0.649,0.964,0.486,0.713,0.707,161,71,87,6
2025-11-22 00:52:38,France_level_2_final,k-Nearest Neighbors,Month+5,0.5,2005-01-01 00:00:00,2024-12-31 00:00:00,2022-01-01 00:00:00,0.868,0.641,0.952,0.457,0.693,0.694,159,69,89,8
2025-11-22 00:52:38,France_level_2_final,k-Nearest Neighbors,Month+6,0.5,2005-01-01 00:00:00,2024-12-31 00:00:00,2022-01-01 00:00:00,0.853,0.633,0.935,0.417,0.677,0.677,157,66,91,11
2025-11-22 00:52:40,France_level_2_final,Logistic Regression,Month+1,0.5,2005-01-01 00:00:00,2024-12-31 00:00:00,2022-01-01 00:00:00,0.976,0.891,1.0,0.869,0.914,0.924,180,123,22,0
2025-11-22 00:52:40,France_level_2_final,Logistic Regression,Month+2,0.5,2005-01-01 00:00:00,2024-12-31 00:00:00,2022-01-01 00:00:00,0.95,0.821,0.988,0.775,0.873,0.873,170,116,37,2
2025-11-22 00:52:40,France_level_2_final,Logistic Regression,Month+3,0.5,2005-01-01 00:00:00,2024-12-31 00:00:00,2022-01-01 00:00:00,0.908,0.766,0.952,0.668,0.818,0.82,160,108,49,8
2025-11-22 00:52:40,France_level_2_final,Logistic Regression,Month+4,0.5,2005-01-01 00:00:00,2024-12-31 00:00:00,2022-01-01 00:00:00,0.865,0.737,0.904,0.582,0.756,0.781,151,104,54,16
2025-11-22 00:52:40,France_level_2_final,Logistic Regression,Month+5,0.5,2005-01-01 00:00:00,2024-12-31 00:00:00,2022-01-01 00:00:00,0.847,0.677,0.904,0.483,0.713,0.724,151,86,72,16
2025-11-22 00:52:40,France_level_2_final,Logistic Regression,Month+6,0.5,2005-01-01 00:00:00,2024-12-31 00:00:00,2022-01-01 00:00:00,0.849,0.643,0.923,0.428,0.673,0.687,155,71,86,13
2025-11-22 00:52:40,France_level_2_final,RidgeClassifier (Calibrated),Month+1,0.5,2005-01-01 00:00:00,2024-12-31 00:00:00,2022-01-01 00:00:00,0.978,0.9,1.0,0.881,0.945,0.931,180,125,20,0
2025-11-22 00:52:40,France_level_2_final,RidgeClassifier (Calibrated),Month+2,0.5,2005-01-01 00:00:00,2024-12-31 00:00:00,2022-01-01 00:00:00,0.957,0.85,0.988,0.813,0.914,0.896,170,123,30,2
2025-11-22 00:52:40,France_level_2_final,RidgeClassifier (Calibrated),Month+3,0.5,2005-01-01 00:00:00,2024-12-31 00:00:00,2022-01-01 00:00:00,0.917,0.8,0.952,0.717,0.857,0.849,160,117,40,8
2025-11-22 00:52:40,France_level_2_final,RidgeClassifier (Calibrated),Month+4,0.5,2005-01-01 00:00:00,2024-12-31 00:00:00,2022-01-01 00:00:00,0.864,0.75,0.898,0.598,0.79,0.791,150,108,50,17
2025-11-22 00:52:40,France_level_2_final,RidgeClassifier (Calibrated),Month+5,0.5,2005-01-01 00:00:00,2024-12-31 00:00:00,2022-01-01 00:00:00,0.805,0.693,0.838,0.46,0.734,0.723,140,96,62,27
2025-11-22 00:52:40,France_level_2_final,RidgeClassifier (Calibrated),Month+6,0.5,2005-01-01 00:00:00,2024-12-31 00:00:00,2022-01-01 00:00:00,0.753,0.644,0.786,0.332,0.676,0.66,132,84,73,36
2025-11-22 00:52:47,France_level_2_final,Random Forest,Month+1,0.5,2005-01-01 00:00:00,2024-12-31 00:00:00,2022-01-01 00:00:00,0.977,0.896,1.0,0.875,0.954,0.928,180,124,21,0
2025-11-22 00:52:47,France_level_2_final,Random Forest,Month+2,0.5,2005-01-01 00:00:00,2024-12-31 00:00:00,2022-01-01 00:00:00,0.94,0.787,0.988,0.727,0.91,0.844,170,107,46,2
2025-11-22 00:52:47,France_level_2_final,Random Forest,Month+3,0.5,2005-01-01 00:00:00,2024-12-31 00:00:00,2022-01-01 00:00:00,0.907,0.762,0.952,0.662,0.837,0.817,160,107,50,8
2025-11-22 00:52:47,France_level_2_final,Random Forest,Month+4,0.5,2005-01-01 00:00:00,2024-12-31 00:00:00,2022-01-01 00:00:00,0.855,0.718,0.898,0.547,0.774,0.762,150,99,59,17
2025-11-22 00:52:47,France_level_2_final,Random Forest,Month+5,0.5,2005-01-01 00:00:00,2024-12-31 00:00:00,2022-01-01 00:00:00,0.805,0.693,0.838,0.46,0.724,0.723,140,96,62,27
2025-11-22 00:52:47,France_level_2_final,Random Forest,Month+6,0.5,2005-01-01 00:00:00,2024-12-31 00:00:00,2022-01-01 00:00:00,0.745,0.647,0.774,0.331,0.662,0.661,130,86,71,38
2025-11-22 00:52:58,France_level_2_final,Balanced Random Forest,Month+1,0.5,2005-01-01 00:00:00,2024-12-31 00:00:00,2022-01-01 00:00:00,0.955,0.811,1.0,0.759,0.96,0.855,180,103,42,0
2025-11-22 00:52:58,France_level_2_final,Balanced Random Forest,Month+2,0.5,2005-01-01 00:00:00,2024-12-31 00:00:00,2022-01-01 00:00:00,0.929,0.749,0.988,0.67,0.904,0.808,170,96,57,2
2025-11-22 00:52:58,France_level_2_final,Balanced Random Forest,Month+3,0.5,2005-01-01 00:00:00,2024-12-31 00:00:00,2022-01-01 00:00:00,0.895,0.721,0.952,0.599,0.835,0.779,160,95,62,8
2025-11-22 00:52:58,France_level_2_final,Balanced Random Forest,Month+4,0.5,2005-01-01 00:00:00,2024-12-31 00:00:00,2022-01-01 00:00:00,0.847,0.688,0.898,0.498,0.799,0.734,150,90,68,17
2025-11-22 00:52:58,France_level_2_final,Balanced Random Forest,Month+5,0.5,2005-01-01 00:00:00,2024-12-31 00:00:00,2022-01-01 00:00:00,0.814,0.65,0.868,0.403,0.735,0.687,145,80,78,22
2025-11-22 00:52:58,France_level_2_final,Balanced Random Forest,Month+6,0.5,2005-01-01 00:00:00,2024-12-31 00:00:00,2022-01-01 00:00:00,0.766,0.617,0.815,0.294,0.685,0.637,137,72,85,31
2025-11-22 00:53:05,France_level_2_final,ExtraTrees,Month+1,0.5,2005-01-01 00:00:00,2024-12-31 00:00:00,2022-01-01 00:00:00,0.947,0.783,1.0,0.716,0.896,0.828,180,95,50,0
2025-11-22 00:53:05,France_level_2_final,ExtraTrees,Month+2,0.5,2005-01-01 00:00:00,2024-12-31 00:00:00,2022-01-01 00:00:00,0.935,0.769,0.988,0.701,0.854,0.828,170,102,51,2
2025-11-22 00:53:05,France_level_2_final,ExtraTrees,Month+3,0.5,2005-01-01 00:00:00,2024-12-31 00:00:00,2022-01-01 00:00:00,0.906,0.758,0.952,0.657,0.805,0.814,160,106,51,8
2025-11-22 00:53:05,France_level_2_final,ExtraTrees,Month+4,0.5,2005-01-01 00:00:00,2024-12-31 00:00:00,2022-01-01 00:00:00,0.854,0.714,0.898,0.542,0.763,0.759,150,98,60,17
2025-11-22 00:53:05,France_level_2_final,ExtraTrees,Month+5,0.5,2005-01-01 00:00:00,2024-12-31 00:00:00,2022-01-01 00:00:00,0.807,0.67,0.85,0.427,0.714,0.704,142,88,70,25
2025-11-22 00:53:05,France_level_2_final,ExtraTrees,Month+6,0.5,2005-01-01 00:00:00,2024-12-31 00:00:00,2022-01-01 00:00:00,0.741,0.618,0.78,0.277,0.67,0.632,131,76,81,37
2025-11-22 00:53:10,France_level_2_final,Gradient Boosting,Month+1,0.5,2005-01-01 00:00:00,2024-12-31 00:00:00,2022-01-01 00:00:00,0.985,0.947,0.994,0.933,0.956,0.963,179,135,10,1
2025-11-22 00:53:10,France_level_2_final,Gradient Boosting,Month+2,0.5,2005-01-01 00:00:00,2024-12-31 00:00:00,2022-01-01 00:00:00,0.968,0.895,0.988,0.869,0.914,0.929,170,133,20,2
2025-11-22 00:53:10,France_level_2_final,Gradient Boosting,Month+3,0.5,2005-01-01 00:00:00,2024-12-31 00:00:00,2022-01-01 00:00:00,0.923,0.821,0.952,0.744,0.848,0.865,160,122,35,8
2025-11-22 00:53:10,France_level_2_final,Gradient Boosting,Month+4,0.5,2005-01-01 00:00:00,2024-12-31 00:00:00,2022-01-01 00:00:00,0.873,0.785,0.898,0.649,0.787,0.819,150,117,41,17
2025-11-22 00:53:10,France_level_2_final,Gradient Boosting,Month+5,0.5,2005-01-01 00:00:00,2024-12-31 00:00:00,2022-01-01 00:00:00,0.816,0.737,0.838,0.529,0.717,0.761,140,108,50,27
2025-11-22 00:53:10,France_level_2_final,Gradient Boosting,Month+6,0.5,2005-01-01 00:00:00,2024-12-31 00:00:00,2022-01-01 00:00:00,0.753,0.681,0.774,0.391,0.669,0.693,130,96,61,38
2025-11-22 00:53:12,France_level_2_final,AdaBoost,Month+1,0.5,2005-01-01 00:00:00,2024-12-31 00:00:00,2022-01-01 00:00:00,0.989,0.947,1.0,0.939,0.97,0.966,180,135,10,0
2025-11-22 00:53:12,France_level_2_final,AdaBoost,Month+2,0.5,2005-01-01 00:00:00,2024-12-31 00:00:00,2022-01-01 00:00:00,0.968,0.895,0.988,0.869,0.931,0.929,170,133,20,2
2025-11-22 00:53:12,France_level_2_final,AdaBoost,Month+3,0.5,2005-01-01 00:00:00,2024-12-31 00:00:00,2022-01-01 00:00:00,0.928,0.842,0.952,0.772,0.879,0.881,160,127,30,8
2025-11-22 00:53:12,France_level_2_final,AdaBoost,Month+4,0.5,2005-01-01 00:00:00,2024-12-31 00:00:00,2022-01-01 00:00:00,0.874,0.789,0.898,0.654,0.827,0.823,150,118,40,17
2025-11-22 00:53:12,France_level_2_final,AdaBoost,Month+5,0.5,2005-01-01 00:00:00,2024-12-31 00:00:00,2022-01-01 00:00:00,0.83,0.741,0.856,0.549,0.777,0.77,143,108,50,24
2025-11-22 00:53:12,France_level_2_final,AdaBoost,Month+6,0.5,2005-01-01 00:00:00,2024-12-31 00:00:00,2022-01-01 00:00:00,0.769,0.689,0.792,0.417,0.718,0.705,133,97,60,35
2025-11-22 00:53:21,France_level_2_final,Hist Gradient Boosting,Month+1,0.5,2005-01-01 00:00:00,2024-12-31 00:00:00,2022-01-01 00:00:00,0.989,0.947,1.0,0.939,0.967,0.966,180,135,10,0
2025-11-22 00:53:21,France_level_2_final,Hist Gradient Boosting,Month+2,0.5,2005-01-01 00:00:00,2024-12-31 00:00:00,2022-01-01 00:00:00,0.968,0.895,0.988,0.869,0.927,0.929,170,133,20,2
2025-11-22 00:53:21,France_level_2_final,Hist Gradient Boosting,Month+3,0.5,2005-01-01 00:00:00,2024-12-31 00:00:00,2022-01-01 00:00:00,0.927,0.838,0.952,0.766,0.872,0.877,160,126,31,8
2025-11-22 00:53:21,France_level_2_final,Hist Gradient Boosting,Month+4,0.5,2005-01-01 00:00:00,2024-12-31 00:00:00,2022-01-01 00:00:00,0.873,0.785,0.898,0.649,0.802,0.819,150,117,41,17
2025-11-22 00:53:21,France_level_2_final,Hist Gradient Boosting,Month+5,0.5,2005-01-01 00:00:00,2024-12-31 00:00:00,2022-01-01 00:00:00,0.816,0.737,0.838,0.529,0.747,0.761,140,108,50,27
2025-11-22 00:53:21,France_level_2_final,Hist Gradient Boosting,Month+6,0.5,2005-01-01 00:00:00,2024-12-31 00:00:00,2022-01-01 00:00:00,0.759,0.686,0.78,0.404,0.716,0.699,131,97,60,37
2025-11-22 00:53:26,France_level_2_final,XGBoost,Month+1,0.5,2005-01-01 00:00:00,2024-12-31 00:00:00,2022-01-01 00:00:00,0.981,0.914,1.0,0.898,0.972,0.941,180,128,17,0
2025-11-22 00:53:26,France_level_2_final,XGBoost,Month+2,0.5,2005-01-01 00:00:00,2024-12-31 00:00:00,2022-01-01 00:00:00,0.953,0.833,0.988,0.791,0.927,0.883,170,119,34,2
2025-11-22 00:53:26,France_level_2_final,XGBoost,Month+3,0.5,2005-01-01 00:00:00,2024-12-31 00:00:00,2022-01-01 00:00:00,0.911,0.777,0.952,0.684,0.869,0.83,160,111,46,8
2025-11-22 00:53:26,France_level_2_final,XGBoost,Month+4,0.5,2005-01-01 00:00:00,2024-12-31 00:00:00,2022-01-01 00:00:00,0.855,0.718,0.898,0.547,0.798,0.762,150,99,59,17
2025-11-22 00:53:26,France_level_2_final,XGBoost,Month+5,0.5,2005-01-01 00:00:00,2024-12-31 00:00:00,2022-01-01 00:00:00,0.849,0.71,0.892,0.529,0.765,0.753,149,97,61,18
2025-11-22 00:53:26,France_level_2_final,XGBoost,Month+6,0.5,2005-01-01 00:00:00,2024-12-31 00:00:00,2022-01-01 00:00:00,0.861,0.68,0.923,0.5,0.71,0.729,155,84,73,13
2025-11-22 00:53:43,France_level_2_final,LightGBM,Month+1,0.5,2005-01-01 00:00:00,2024-12-31 00:00:00,2022-01-01 00:00:00,0.989,0.947,1.0,0.939,0.963,0.966,180,135,10,0
2025-11-22 00:53:43,France_level_2_final,LightGBM,Month+2,0.5,2005-01-01 00:00:00,2024-12-31 00:00:00,2022-01-01 00:00:00,0.965,0.881,0.988,0.852,0.914,0.919,170,130,23,2
2025-11-22 00:53:43,France_level_2_final,LightGBM,Month+3,0.5,2005-01-01 00:00:00,2024-12-31 00:00:00,2022-01-01 00:00:00,0.922,0.816,0.952,0.739,0.868,0.862,160,121,36,8
2025-11-22 00:53:43,France_level_2_final,LightGBM,Month+4,0.5,2005-01-01 00:00:00,2024-12-31 00:00:00,2022-01-01 00:00:00,0.869,0.769,0.898,0.626,0.822,0.807,150,113,45,17
2025-11-22 00:53:43,France_level_2_final,LightGBM,Month+5,0.5,2005-01-01 00:00:00,2024-12-31 00:00:00,2022-01-01 00:00:00,0.807,0.704,0.838,0.477,0.76,0.732,140,99,59,27
2025-11-22 00:53:43,France_level_2_final,LightGBM,Month+6,0.5,2005-01-01 00:00:00,2024-12-31 00:00:00,2022-01-01 00:00:00,0.75,0.667,0.774,0.367,0.716,0.68,130,92,65,38
2025-11-22 00:53:45,France_level_2_final,CatBoost,Month+1,0.5,2005-01-01 00:00:00,2024-12-31 00:00:00,2022-01-01 00:00:00,0.985,0.928,1.0,0.916,0.963,0.952,180,131,14,0
2025-11-22 00:53:45,France_level_2_final,CatBoost,Month+2,0.5,2005-01-01 00:00:00,2024-12-31 00:00:00,2022-01-01 00:00:00,0.953,0.833,0.988,0.791,0.907,0.883,170,119,34,2
2025-11-22 00:53:45,France_level_2_final,CatBoost,Month+3,0.5,2005-01-01 00:00:00,2024-12-31 00:00:00,2022-01-01 00:00:00,0.909,0.769,0.952,0.673,0.843,0.823,160,109,48,8
2025-11-22 00:53:45,France_level_2_final,CatBoost,Month+4,0.5,2005-01-01 00:00:00,2024-12-31 00:00:00,2022-01-01 00:00:00,0.858,0.728,0.898,0.564,0.793,0.772,150,102,56,17
2025-11-22 00:53:45,France_level_2_final,CatBoost,Month+5,0.5,2005-01-01 00:00:00,2024-12-31 00:00:00,2022-01-01 00:00:00,0.799,0.673,0.838,0.425,0.738,0.704,140,90,68,27
2025-11-22 00:53:45,France_level_2_final,CatBoost,Month+6,0.5,2005-01-01 00:00:00,2024-12-31 00:00:00,2022-01-01 00:00:00,0.777,0.639,0.821,0.344,0.676,0.662,138,79,78,30
2025-11-22 00:56:26,France_level_2_final,Ensemble (mean weight) top 3 models_TH_auto_not_equal_weight,Month+1,0.35,2005-01-01 00:00:00,2024-12-31 00:00:00,2022-01-01 00:00:00,0.941,0.763,1.0,0.684,0.942,0.807,180,89,56,0
2025-11-22 00:56:26,France_level_2_final,Ensemble (mean weight) top 3 models_TH_auto_not_equal_weight,Month+2,0.35,2005-01-01 00:00:00,2024-12-31 00:00:00,2022-01-01 00:00:00,0.922,0.726,0.988,0.634,0.887,0.785,170,89,64,2
2025-11-22 00:56:26,France_level_2_final,Ensemble (mean weight) top 3 models_TH_auto_not_equal_weight,Month+3,0.42,2005-01-01 00:00:00,2024-12-31 00:00:00,2022-01-01 00:00:00,0.898,0.731,0.952,0.615,0.818,0.788,160,98,59,8
2025-11-22 00:56:26,France_level_2_final,Ensemble (mean weight) top 3 models_TH_auto_not_equal_weight,Month+4,0.46,2005-01-01 00:00:00,2024-12-31 00:00:00,2022-01-01 00:00:00,0.854,0.714,0.898,0.542,0.778,0.759,150,98,60,17
2025-11-22 00:56:26,France_level_2_final,Ensemble (mean weight) top 3 models_TH_auto_not_equal_weight,Month+5,0.28,2005-01-01 00:00:00,2024-12-31 00:00:00,2022-01-01 00:00:00,0.847,0.639,0.922,0.424,0.719,0.686,154,71,87,13
2025-11-22 00:56:26,France_level_2_final,Ensemble (mean weight) top 3 models_TH_auto_not_equal_weight,Month+6,0.36,2005-01-01 00:00:00,2024-12-31 00:00:00,2022-01-01 00:00:00,0.797,0.623,0.857,0.334,0.669,0.652,144,70,87,24
2025-11-22 00:56:36,France_level_2_final,Ensemble (mean weight) top 9 models_TH_auto_not_equal_weight,Month+1,0.19,2005-01-01 00:00:00,2024-12-31 00:00:00,2022-01-01 00:00:00,0.953,0.804,1.0,0.748,0.933,0.848,180,101,44,0
2025-11-22 00:56:36,France_level_2_final,Ensemble (mean weight) top 9 models_TH_auto_not_equal_weight,Month+2,0.34,2005-01-01 00:00:00,2024-12-31 00:00:00,2022-01-01 00:00:00,0.94,0.787,0.988,0.727,0.9,0.844,170,107,46,2
2025-11-22 00:56:36,France_level_2_final,Ensemble (mean weight) top 9 models_TH_auto_not_equal_weight,Month+3,0.37,2005-01-01 00:00:00,2024-12-31 00:00:00,2022-01-01 00:00:00,0.907,0.762,0.952,0.662,0.818,0.817,160,107,50,8
2025-11-22 00:56:36,France_level_2_final,Ensemble (mean weight) top 9 models_TH_auto_not_equal_weight,Month+4,0.43,2005-01-01 00:00:00,2024-12-31 00:00:00,2022-01-01 00:00:00,0.854,0.714,0.898,0.542,0.776,0.759,150,98,60,17
2025-11-22 00:56:36,France_level_2_final,Ensemble (mean weight) top 9 models_TH_auto_not_equal_weight,Month+5,0.25,2005-01-01 00:00:00,2024-12-31 00:00:00,2022-01-01 00:00:00,0.83,0.692,0.874,0.485,0.735,0.731,146,93,65,21
2025-11-22 00:56:36,France_level_2_final,Ensemble (mean weight) top 9 models_TH_auto_not_equal_weight,Month+6,0.2,2005-01-01 00:00:00,2024-12-31 00:00:00,2022-01-01 00:00:00,0.872,0.641,0.958,0.459,0.676,0.693,161,67,90,7
2025-11-22 00:59:41,France_level_2_final,Ensemble (mean weight) top 4 models_TH_auto_not_equal_weight,Month+1,0.22,2005-01-01 00:00:00,2024-12-31 00:00:00,2022-01-01 00:00:00,0.948,0.786,1.0,0.721,0.938,0.831,180,96,49,0
2025-11-22 00:59:41,France_level_2_final,Ensemble (mean weight) top 4 models_TH_auto_not_equal_weight,Month+2,0.34,2005-01-01 00:00:00,2024-12-31 00:00:00,2022-01-01 00:00:00,0.931,0.756,0.988,0.68,0.883,0.814,170,98,55,2
2025-11-22 00:59:41,France_level_2_final,Ensemble (mean weight) top 4 models_TH_auto_not_equal_weight,Month+3,0.34,2005-01-01 00:00:00,2024-12-31 00:00:00,2022-01-01 00:00:00,0.888,0.699,0.952,0.562,0.82,0.756,160,88,69,8
2025-11-22 00:59:41,France_level_2_final,Ensemble (mean weight) top 4 models_TH_auto_not_equal_weight,Month+4,0.4,2005-01-01 00:00:00,2024-12-31 00:00:00,2022-01-01 00:00:00,0.853,0.711,0.898,0.536,0.781,0.756,150,97,61,17
2025-11-22 00:59:41,France_level_2_final,Ensemble (mean weight) top 4 models_TH_auto_not_equal_weight,Month+5,0.28,2005-01-01 00:00:00,2024-12-31 00:00:00,2022-01-01 00:00:00,0.835,0.64,0.904,0.41,0.725,0.683,151,73,85,16
2025-11-22 00:59:41,France_level_2_final,Ensemble (mean weight) top 4 models_TH_auto_not_equal_weight,Month+6,0.37,2005-01-01 00:00:00,2024-12-31 00:00:00,2022-01-01 00:00:00,0.788,0.62,0.845,0.319,0.667,0.646,142,70,87,26
2025-11-22 01:00:50,France_level_2_final,Ensemble (mean weight) top 10 models_TH_auto_not_equal_weight,Month+1,0.19,2005-01-01 00:00:00,2024-12-31 00:00:00,2022-01-01 00:00:00,0.948,0.786,1.0,0.721,0.938,0.831,180,96,49,0
2025-11-22 01:00:50,France_level_2_final,Ensemble (mean weight) top 10 models_TH_auto_not_equal_weight,Month+2,0.35,2005-01-01 00:00:00,2024-12-31 00:00:00,2022-01-01 00:00:00,0.94,0.787,0.988,0.727,0.876,0.844,170,107,46,2
2025-11-22 01:00:50,France_level_2_final,Ensemble (mean weight) top 10 models_TH_auto_not_equal_weight,Month+3,0.35,2005-01-01 00:00:00,2024-12-31 00:00:00,2022-01-01 00:00:00,0.902,0.744,0.952,0.636,0.828,0.801,160,102,55,8
2025-11-22 01:00:50,France_level_2_final,Ensemble (mean weight) top 10 models_TH_auto_not_equal_weight,Month+4,0.22,2005-01-01 00:00:00,2024-12-31 00:00:00,2022-01-01 00:00:00,0.848,0.667,0.91,0.469,0.783,0.715,152,82,76,15
2025-11-22 01:00:50,France_level_2_final,Ensemble (mean weight) top 10 models_TH_auto_not_equal_weight,Month+5,0.25,2005-01-01 00:00:00,2024-12-31 00:00:00,2022-01-01 00:00:00,0.808,0.659,0.856,0.412,0.73,0.694,143,84,74,24
2025-11-22 01:00:50,France_level_2_final,Ensemble (mean weight) top 10 models_TH_auto_not_equal_weight,Month+6,0.21,2005-01-01 00:00:00,2024-12-31 00:00:00,2022-01-01 00:00:00,0.845,0.622,0.929,0.385,0.669,0.662,156,62,95,12
2025-11-22 01:03:04,France_level_2_final,Ensemble (mean weight) top 5 models_TH_auto_not_equal_weight,Month+1,0.27,2005-01-01 00:00:00,2024-12-31 00:00:00,2022-01-01 00:00:00,0.938,0.75,1.0,0.663,0.914,0.793,180,85,60,0
2025-11-22 01:03:04,France_level_2_final,Ensemble (mean weight) top 5 models_TH_auto_not_equal_weight,Month+2,0.33,2005-01-01 00:00:00,2024-12-31 00:00:00,2022-01-01 00:00:00,0.926,0.739,0.988,0.654,0.877,0.798,170,93,60,2
2025-11-22 01:03:04,France_level_2_final,Ensemble (mean weight) top 5 models_TH_auto_not_equal_weight,Month+3,0.38,2005-01-01 00:00:00,2024-12-31 00:00:00,2022-01-01 00:00:00,0.905,0.755,0.952,0.652,0.82,0.811,160,105,52,8
2025-11-22 01:03:04,France_level_2_final,Ensemble (mean weight) top 5 models_TH_auto_not_equal_weight,Month+4,0.37,2005-01-01 00:00:00,2024-12-31 00:00:00,2022-01-01 00:00:00,0.863,0.702,0.916,0.537,0.776,0.752,153,93,65,14
2025-11-22 01:03:04,France_level_2_final,Ensemble (mean weight) top 5 models_TH_auto_not_equal_weight,Month+5,0.19,2005-01-01 00:00:00,2024-12-31 00:00:00,2022-01-01 00:00:00,0.847,0.664,0.91,0.463,0.734,0.711,152,81,77,15
2025-11-22 01:03:04,France_level_2_final,Ensemble (mean weight) top 5 models_TH_auto_not_equal_weight,Month+6,0.3,2005-01-01 00:00:00,2024-12-31 00:00:00,2022-01-01 00:00:00,0.838,0.635,0.911,0.4,0.68,0.675,153,69,88,15
2025-11-22 01:05:10,France_level_2_final,Ensemble (mean weight) top 11 models_TH_auto_not_equal_weight,Month+1,0.17,2005-01-01 00:00:00,2024-12-31 00:00:00,2022-01-01 00:00:00,0.93,0.726,1.0,0.621,0.938,0.766,180,77,68,0
2025-11-22 01:05:10,France_level_2_final,Ensemble (mean weight) top 11 models_TH_auto_not_equal_weight,Month+2,0.07,2005-01-01 00:00:00,2024-12-31 00:00:00,2022-01-01 00:00:00,0.914,0.702,0.988,0.593,0.877,0.759,170,81,72,2
2025-11-22 01:05:10,France_level_2_final,Ensemble (mean weight) top 11 models_TH_auto_not_equal_weight,Month+3,0.4,2005-01-01 00:00:00,2024-12-31 00:00:00,2022-01-01 00:00:00,0.905,0.755,0.952,0.652,0.82,0.811,160,105,52,8
2025-11-22 01:05:10,France_level_2_final,Ensemble (mean weight) top 11 models_TH_auto_not_equal_weight,Month+4,0.15,2005-01-01 00:00:00,2024-12-31 00:00:00,2022-01-01 00:00:00,0.848,0.68,0.904,0.489,0.786,0.727,151,87,71,16
2025-11-22 01:05:10,France_level_2_final,Ensemble (mean weight) top 11 models_TH_auto_not_equal_weight,Month+5,0.24,2005-01-01 00:00:00,2024-12-31 00:00:00,2022-01-01 00:00:00,0.856,0.642,0.934,0.441,0.726,0.692,156,71,87,11
2025-11-22 01:05:10,France_level_2_final,Ensemble (mean weight) top 11 models_TH_auto_not_equal_weight,Month+6,0.17,2005-01-01 00:00:00,2024-12-31 00:00:00,2022-01-01 00:00:00,0.867,0.637,0.952,0.444,0.673,0.686,160,66,91,8
2025-11-22 01:06:44,France_level_2_final,Ensemble (mean weight) top 6 models_TH_auto_not_equal_weight,Month+1,0.19,2005-01-01 00:00:00,2024-12-31 00:00:00,2022-01-01 00:00:00,0.946,0.779,1.0,0.711,0.947,0.824,180,94,51,0
2025-11-22 01:06:44,France_level_2_final,Ensemble (mean weight) top 6 models_TH_auto_not_equal_weight,Month+2,0.59,2005-01-01 00:00:00,2024-12-31 00:00:00,2022-01-01 00:00:00,0.954,0.837,0.988,0.796,0.903,0.886,170,120,33,2
2025-11-22 01:06:44,France_level_2_final,Ensemble (mean weight) top 6 models_TH_auto_not_equal_weight,Month+3,0.38,2005-01-01 00:00:00,2024-12-31 00:00:00,2022-01-01 00:00:00,0.905,0.755,0.952,0.652,0.814,0.811,160,105,52,8
2025-11-22 01:06:44,France_level_2_final,Ensemble (mean weight) top 6 models_TH_auto_not_equal_weight,Month+4,0.43,2005-01-01 00:00:00,2024-12-31 00:00:00,2022-01-01 00:00:00,0.854,0.714,0.898,0.542,0.776,0.759,150,98,60,17
2025-11-22 01:06:44,France_level_2_final,Ensemble (mean weight) top 6 models_TH_auto_not_equal_weight,Month+5,0.18,2005-01-01 00:00:00,2024-12-31 00:00:00,2022-01-01 00:00:00,0.862,0.646,0.94,0.455,0.73,0.698,157,72,86,10
2025-11-22 01:06:44,France_level_2_final,Ensemble (mean weight) top 6 models_TH_auto_not_equal_weight,Month+6,0.22,2005-01-01 00:00:00,2024-12-31 00:00:00,2022-01-01 00:00:00,0.869,0.643,0.952,0.455,0.668,0.693,160,68,89,8
2025-11-22 01:09:25,France_level_2_final,Ensemble (mean weight) top 12 models_TH_auto_not_equal_weight,Month+1,0.23,2005-01-01 00:00:00,2024-12-31 00:00:00,2022-01-01 00:00:00,0.949,0.789,1.0,0.727,0.928,0.834,180,97,48,0
2025-11-22 01:09:25,France_level_2_final,Ensemble (mean weight) top 12 models_TH_auto_not_equal_weight,Month+2,0.6,2005-01-01 00:00:00,2024-12-31 00:00:00,2022-01-01 00:00:00,0.943,0.798,0.988,0.743,0.882,0.854,170,110,43,2
2025-11-22 01:09:25,France_level_2_final,Ensemble (mean weight) top 12 models_TH_auto_not_equal_weight,Month+3,0.42,2005-01-01 00:00:00,2024-12-31 00:00:00,2022-01-01 00:00:00,0.906,0.758,0.952,0.657,0.831,0.814,160,106,51,8
2025-11-22 01:09:25,France_level_2_final,Ensemble (mean weight) top 12 models_TH_auto_not_equal_weight,Month+4,0.2,2005-01-01 00:00:00,2024-12-31 00:00:00,2022-01-01 00:00:00,0.859,0.675,0.922,0.496,0.771,0.727,154,84,74,13
2025-11-22 01:09:25,France_level_2_final,Ensemble (mean weight) top 12 models_TH_auto_not_equal_weight,Month+5,0.2,2005-01-01 00:00:00,2024-12-31 00:00:00,2022-01-01 00:00:00,0.868,0.641,0.952,0.457,0.726,0.694,159,69,89,8
2025-11-22 01:09:25,France_level_2_final,Ensemble (mean weight) top 12 models_TH_auto_not_equal_weight,Month+6,0.28,2005-01-01 00:00:00,2024-12-31 00:00:00,2022-01-01 00:00:00,0.827,0.627,0.899,0.372,0.674,0.663,151,67,90,17
2025-11-22 01:10:28,France_level_2_final,Ensemble (mean weight) top 7 models_TH_auto_not_equal_weight,Month+1,0.2,2005-01-01 00:00:00,2024-12-31 00:00:00,2022-01-01 00:00:00,0.948,0.786,1.0,0.721,0.93,0.831,180,96,49,0
2025-11-22 01:10:28,France_level_2_final,Ensemble (mean weight) top 7 models_TH_auto_not_equal_weight,Month+2,0.61,2005-01-01 00:00:00,2024-12-31 00:00:00,2022-01-01 00:00:00,0.955,0.842,0.988,0.802,0.904,0.89,170,121,32,2
2025-11-22 01:10:28,France_level_2_final,Ensemble (mean weight) top 7 models_TH_auto_not_equal_weight,Month+3,0.4,2005-01-01 00:00:00,2024-12-31 00:00:00,2022-01-01 00:00:00,0.905,0.755,0.952,0.652,0.816,0.811,160,105,52,8
2025-11-22 01:10:28,France_level_2_final,Ensemble (mean weight) top 7 models_TH_auto_not_equal_weight,Month+4,0.43,2005-01-01 00:00:00,2024-12-31 00:00:00,2022-01-01 00:00:00,0.853,0.711,0.898,0.536,0.777,0.756,150,97,61,17
2025-11-22 01:10:28,France_level_2_final,Ensemble (mean weight) top 7 models_TH_auto_not_equal_weight,Month+5,0.21,2005-01-01 00:00:00,2024-12-31 00:00:00,2022-01-01 00:00:00,0.84,0.68,0.892,0.479,0.735,0.725,149,88,70,18
2025-11-22 01:10:28,France_level_2_final,Ensemble (mean weight) top 7 models_TH_auto_not_equal_weight,Month+6,0.21,2005-01-01 00:00:00,2024-12-31 00:00:00,2022-01-01 00:00:00,0.869,0.643,0.952,0.455,0.673,0.693,160,68,89,8
2025-11-22 01:13:57,France_level_2_final,Ensemble (mean weight) top 13 models_TH_auto_not_equal_weight,Month+1,0.22,2005-01-01 00:00:00,2024-12-31 00:00:00,2022-01-01 00:00:00,0.949,0.789,1.0,0.727,0.927,0.834,180,97,48,0
2025-11-22 01:13:57,France_level_2_final,Ensemble (mean weight) top 13 models_TH_auto_not_equal_weight,Month+2,0.54,2005-01-01 00:00:00,2024-12-31 00:00:00,2022-01-01 00:00:00,0.919,0.717,0.988,0.618,0.894,0.775,170,86,67,2
2025-11-22 01:13:57,France_level_2_final,Ensemble (mean weight) top 13 models_TH_auto_not_equal_weight,Month+3,0.34,2005-01-01 00:00:00,2024-12-31 00:00:00,2022-01-01 00:00:00,0.897,0.727,0.952,0.609,0.833,0.785,160,97,60,8
2025-11-22 01:13:57,France_level_2_final,Ensemble (mean weight) top 13 models_TH_auto_not_equal_weight,Month+4,0.09,2005-01-01 00:00:00,2024-12-31 00:00:00,2022-01-01 00:00:00,0.886,0.659,0.97,0.511,0.783,0.719,162,74,84,5
2025-11-22 01:13:57,France_level_2_final,Ensemble (mean weight) top 13 models_TH_auto_not_equal_weight,Month+5,0.21,2005-01-01 00:00:00,2024-12-31 00:00:00,2022-01-01 00:00:00,0.863,0.64,0.946,0.448,0.726,0.691,158,69,89,9
2025-11-22 01:13:57,France_level_2_final,Ensemble (mean weight) top 13 models_TH_auto_not_equal_weight,Month+6,0.18,2005-01-01 00:00:00,2024-12-31 00:00:00,2022-01-01 00:00:00,0.869,0.634,0.958,0.443,0.676,0.683,161,64,93,7
2025-11-22 01:14:23,France_level_2_final,Ensemble (mean weight) top 8 models_TH_auto_not_equal_weight,Month+1,0.2,2005-01-01 00:00:00,2024-12-31 00:00:00,2022-01-01 00:00:00,0.948,0.786,1.0,0.721,0.946,0.831,180,96,49,0
2025-11-22 01:14:23,France_level_2_final,Ensemble (mean weight) top 8 models_TH_auto_not_equal_weight,Month+2,0.33,2005-01-01 00:00:00,2024-12-31 00:00:00,2022-01-01 00:00:00,0.94,0.787,0.988,0.727,0.901,0.844,170,107,46,2
2025-11-22 01:14:23,France_level_2_final,Ensemble (mean weight) top 8 models_TH_auto_not_equal_weight,Month+3,0.39,2005-01-01 00:00:00,2024-12-31 00:00:00,2022-01-01 00:00:00,0.907,0.762,0.952,0.662,0.816,0.817,160,107,50,8
2025-11-22 01:14:23,France_level_2_final,Ensemble (mean weight) top 8 models_TH_auto_not_equal_weight,Month+4,0.42,2005-01-01 00:00:00,2024-12-31 00:00:00,2022-01-01 00:00:00,0.853,0.711,0.898,0.536,0.776,0.756,150,97,61,17
2025-11-22 01:14:23,France_level_2_final,Ensemble (mean weight) top 8 models_TH_auto_not_equal_weight,Month+5,0.23,2005-01-01 00:00:00,2024-12-31 00:00:00,2022-01-01 00:00:00,0.846,0.685,0.898,0.492,0.736,0.731,150,89,69,17
2025-11-22 01:14:23,France_level_2_final,Ensemble (mean weight) top 8 models_TH_auto_not_equal_weight,Month+6,0.19,2005-01-01 00:00:00,2024-12-31 00:00:00,2022-01-01 00:00:00,0.867,0.629,0.958,0.432,0.672,0.677,161,62,95,7
2025-11-22 01:16:08,France_level_2_final,Ensemble (mean weight) top 3 model_TH_0.5_equal_weights,Month+1,0.5,2005-01-01 00:00:00,2024-12-31 00:00:00,2022-01-01 00:00:00,0.967,0.853,1.0,0.819,0.94,0.893,180,114,31,0
2025-11-22 01:16:08,France_level_2_final,Ensemble (mean weight) top 3 model_TH_0.5_equal_weights,Month+2,0.5,2005-01-01 00:00:00,2024-12-31 00:00:00,2022-01-01 00:00:00,0.945,0.806,0.988,0.754,0.887,0.86,170,112,41,2
2025-11-22 01:16:08,France_level_2_final,Ensemble (mean weight) top 3 model_TH_0.5_equal_weights,Month+3,0.5,2005-01-01 00:00:00,2024-12-31 00:00:00,2022-01-01 00:00:00,0.906,0.758,0.952,0.657,0.82,0.814,160,106,51,8
2025-11-22 01:16:08,France_level_2_final,Ensemble (mean weight) top 3 model_TH_0.5_equal_weights,Month+4,0.5,2005-01-01 00:00:00,2024-12-31 00:00:00,2022-01-01 00:00:00,0.853,0.711,0.898,0.536,0.785,0.756,150,97,61,17
2025-11-22 01:16:08,France_level_2_final,Ensemble (mean weight) top 3 model_TH_0.5_equal_weights,Month+5,0.5,2005-01-01 00:00:00,2024-12-31 00:00:00,2022-01-01 00:00:00,0.807,0.67,0.85,0.427,0.735,0.704,142,88,70,25
2025-11-22 01:16:08,France_level_2_final,Ensemble (mean weight) top 3 model_TH_0.5_equal_weights,Month+6,0.5,2005-01-01 00:00:00,2024-12-31 00:00:00,2022-01-01 00:00:00,0.765,0.627,0.81,0.311,0.683,0.647,136,76,81,32
2025-11-22 01:18:08,France_level_2_final,Ensemble (mean weight) top 4 model_TH_0.5_equal_weights,Month+1,0.5,2005-01-01 00:00:00,2024-12-31 00:00:00,2022-01-01 00:00:00,0.978,0.9,1.0,0.881,0.956,0.931,180,125,20,0
2025-11-22 01:18:08,France_level_2_final,Ensemble (mean weight) top 4 model_TH_0.5_equal_weights,Month+2,0.5,2005-01-01 00:00:00,2024-12-31 00:00:00,2022-01-01 00:00:00,0.952,0.829,0.988,0.786,0.898,0.88,170,118,35,2
2025-11-22 01:18:08,France_level_2_final,Ensemble (mean weight) top 4 model_TH_0.5_equal_weights,Month+3,0.5,2005-01-01 00:00:00,2024-12-31 00:00:00,2022-01-01 00:00:00,0.913,0.784,0.952,0.695,0.828,0.836,160,113,44,8
2025-11-22 01:18:08,France_level_2_final,Ensemble (mean weight) top 4 model_TH_0.5_equal_weights,Month+4,0.5,2005-01-01 00:00:00,2024-12-31 00:00:00,2022-01-01 00:00:00,0.857,0.725,0.898,0.559,0.791,0.769,150,101,57,17
2025-11-22 01:18:08,France_level_2_final,Ensemble (mean weight) top 4 model_TH_0.5_equal_weights,Month+5,0.5,2005-01-01 00:00:00,2024-12-31 00:00:00,2022-01-01 00:00:00,0.805,0.693,0.838,0.46,0.735,0.723,140,96,62,27
2025-11-22 01:18:08,France_level_2_final,Ensemble (mean weight) top 4 model_TH_0.5_equal_weights,Month+6,0.5,2005-01-01 00:00:00,2024-12-31 00:00:00,2022-01-01 00:00:00,0.759,0.652,0.792,0.351,0.689,0.67,133,86,71,35
2025-11-22 01:18:41,France_level_2_final,Ensemble (mean weight) top 14 models_TH_auto_not_equal_weight,Month+1,0.12,2005-01-01 00:00:00,2024-12-31 00:00:00,2022-01-01 00:00:00,0.95,0.793,1.0,0.732,0.947,0.838,180,98,47,0
2025-11-22 01:18:41,France_level_2_final,Ensemble (mean weight) top 14 models_TH_auto_not_equal_weight,Month+2,0.58,2005-01-01 00:00:00,2024-12-31 00:00:00,2022-01-01 00:00:00,0.948,0.813,0.988,0.764,0.884,0.867,170,114,39,2
2025-11-22 01:18:41,France_level_2_final,Ensemble (mean weight) top 14 models_TH_auto_not_equal_weight,Month+3,0.41,2005-01-01 00:00:00,2024-12-31 00:00:00,2022-01-01 00:00:00,0.892,0.686,0.964,0.552,0.819,0.746,162,83,74,6
2025-11-22 01:18:41,France_level_2_final,Ensemble (mean weight) top 14 models_TH_auto_not_equal_weight,Month+4,0.16,2005-01-01 00:00:00,2024-12-31 00:00:00,2022-01-01 00:00:00,0.865,0.623,0.958,0.423,0.778,0.672,160,61,97,7
2025-11-22 01:18:41,France_level_2_final,Ensemble (mean weight) top 14 models_TH_auto_not_equal_weight,Month+5,0.21,2005-01-01 00:00:00,2024-12-31 00:00:00,2022-01-01 00:00:00,0.867,0.639,0.952,0.452,0.716,0.691,159,68,90,8
2025-11-22 01:18:41,France_level_2_final,Ensemble (mean weight) top 14 models_TH_auto_not_equal_weight,Month+6,0.13,2005-01-01 00:00:00,2024-12-31 00:00:00,2022-01-01 00:00:00,0.869,0.634,0.958,0.443,0.667,0.683,161,64,93,7
2025-11-22 01:20:16,France_level_2_final,Ensemble (mean weight) top 5 model_TH_0.5_equal_weights,Month+1,0.5,2005-01-01 00:00:00,2024-12-31 00:00:00,2022-01-01 00:00:00,0.978,0.9,1.0,0.881,0.956,0.931,180,125,20,0
2025-11-22 01:20:16,France_level_2_final,Ensemble (mean weight) top 5 model_TH_0.5_equal_weights,Month+2,0.5,2005-01-01 00:00:00,2024-12-31 00:00:00,2022-01-01 00:00:00,0.953,0.833,0.988,0.791,0.899,0.883,170,119,34,2
2025-11-22 01:20:16,France_level_2_final,Ensemble (mean weight) top 5 model_TH_0.5_equal_weights,Month+3,0.5,2005-01-01 00:00:00,2024-12-31 00:00:00,2022-01-01 00:00:00,0.915,0.792,0.952,0.706,0.827,0.842,160,115,42,8
2025-11-22 01:20:16,France_level_2_final,Ensemble (mean weight) top 5 model_TH_0.5_equal_weights,Month+4,0.5,2005-01-01 00:00:00,2024-12-31 00:00:00,2022-01-01 00:00:00,0.864,0.75,0.898,0.598,0.79,0.791,150,108,50,17
2025-11-22 01:20:16,France_level_2_final,Ensemble (mean weight) top 5 model_TH_0.5_equal_weights,Month+5,0.5,2005-01-01 00:00:00,2024-12-31 00:00:00,2022-01-01 00:00:00,0.806,0.697,0.838,0.465,0.734,0.726,140,97,61,27
2025-11-22 01:20:16,France_level_2_final,Ensemble (mean weight) top 5 model_TH_0.5_equal_weights,Month+6,0.5,2005-01-01 00:00:00,2024-12-31 00:00:00,2022-01-01 00:00:00,0.745,0.65,0.774,0.337,0.688,0.664,130,87,70,38
2025-11-22 01:21:37,France_level_2_final,Ensemble (mean weight) top 9 model_TH_0.5_equal_weights,Month+1,0.5,2005-01-01 00:00:00,2024-12-31 00:00:00,2022-01-01 00:00:00,0.978,0.9,1.0,0.881,0.955,0.931,180,125,20,0
2025-11-22 01:21:37,France_level_2_final,Ensemble (mean weight) top 9 model_TH_0.5_equal_weights,Month+2,0.5,2005-01-01 00:00:00,2024-12-31 00:00:00,2022-01-01 00:00:00,0.955,0.842,0.988,0.802,0.904,0.89,170,121,32,2
2025-11-22 01:21:37,France_level_2_final,Ensemble (mean weight) top 9 model_TH_0.5_equal_weights,Month+3,0.5,2005-01-01 00:00:00,2024-12-31 00:00:00,2022-01-01 00:00:00,0.916,0.796,0.952,0.711,0.83,0.846,160,116,41,8
2025-11-22 01:21:37,France_level_2_final,Ensemble (mean weight) top 9 model_TH_0.5_equal_weights,Month+4,0.5,2005-01-01 00:00:00,2024-12-31 00:00:00,2022-01-01 00:00:00,0.864,0.75,0.898,0.598,0.784,0.791,150,108,50,17
2025-11-22 01:21:37,France_level_2_final,Ensemble (mean weight) top 9 model_TH_0.5_equal_weights,Month+5,0.5,2005-01-01 00:00:00,2024-12-31 00:00:00,2022-01-01 00:00:00,0.806,0.697,0.838,0.465,0.732,0.726,140,97,61,27
2025-11-22 01:21:37,France_level_2_final,Ensemble (mean weight) top 9 model_TH_0.5_equal_weights,Month+6,0.5,2005-01-01 00:00:00,2024-12-31 00:00:00,2022-01-01 00:00:00,0.745,0.65,0.774,0.337,0.679,0.664,130,87,70,38
2025-11-22 01:22:56,France_level_2_final,Ensemble (mean weight) top 6 model_TH_0.5_equal_weights,Month+1,0.5,2005-01-01 00:00:00,2024-12-31 00:00:00,2022-01-01 00:00:00,0.978,0.9,1.0,0.881,0.956,0.931,180,125,20,0
2025-11-22 01:22:56,France_level_2_final,Ensemble (mean weight) top 6 model_TH_0.5_equal_weights,Month+2,0.5,2005-01-01 00:00:00,2024-12-31 00:00:00,2022-01-01 00:00:00,0.954,0.837,0.988,0.796,0.898,0.886,170,120,33,2
2025-11-22 01:22:56,France_level_2_final,Ensemble (mean weight) top 6 model_TH_0.5_equal_weights,Month+3,0.5,2005-01-01 00:00:00,2024-12-31 00:00:00,2022-01-01 00:00:00,0.913,0.784,0.952,0.695,0.827,0.836,160,113,44,8
2025-11-22 01:22:56,France_level_2_final,Ensemble (mean weight) top 6 model_TH_0.5_equal_weights,Month+4,0.5,2005-01-01 00:00:00,2024-12-31 00:00:00,2022-01-01 00:00:00,0.861,0.739,0.898,0.581,0.789,0.781,150,105,53,17
2025-11-22 01:22:56,France_level_2_final,Ensemble (mean weight) top 6 model_TH_0.5_equal_weights,Month+5,0.5,2005-01-01 00:00:00,2024-12-31 00:00:00,2022-01-01 00:00:00,0.806,0.697,0.838,0.465,0.734,0.726,140,97,61,27
2025-11-22 01:22:56,France_level_2_final,Ensemble (mean weight) top 6 model_TH_0.5_equal_weights,Month+6,0.5,2005-01-01 00:00:00,2024-12-31 00:00:00,2022-01-01 00:00:00,0.745,0.647,0.774,0.331,0.683,0.661,130,86,71,38
2025-11-22 01:24:32,France_level_2_final,Ensemble (mean weight) top 10 model_TH_0.5_equal_weights,Month+1,0.5,2005-01-01 00:00:00,2024-12-31 00:00:00,2022-01-01 00:00:00,0.978,0.9,1.0,0.881,0.954,0.931,180,125,20,0
2025-11-22 01:24:32,France_level_2_final,Ensemble (mean weight) top 10 model_TH_0.5_equal_weights,Month+2,0.5,2005-01-01 00:00:00,2024-12-31 00:00:00,2022-01-01 00:00:00,0.955,0.842,0.988,0.802,0.903,0.89,170,121,32,2
2025-11-22 01:24:32,France_level_2_final,Ensemble (mean weight) top 10 model_TH_0.5_equal_weights,Month+3,0.5,2005-01-01 00:00:00,2024-12-31 00:00:00,2022-01-01 00:00:00,0.916,0.796,0.952,0.711,0.83,0.846,160,116,41,8
2025-11-22 01:24:32,France_level_2_final,Ensemble (mean weight) top 10 model_TH_0.5_equal_weights,Month+4,0.5,2005-01-01 00:00:00,2024-12-31 00:00:00,2022-01-01 00:00:00,0.864,0.75,0.898,0.598,0.782,0.791,150,108,50,17
2025-11-22 01:24:32,France_level_2_final,Ensemble (mean weight) top 10 model_TH_0.5_equal_weights,Month+5,0.5,2005-01-01 00:00:00,2024-12-31 00:00:00,2022-01-01 00:00:00,0.806,0.697,0.838,0.465,0.73,0.726,140,97,61,27
2025-11-22 01:24:32,France_level_2_final,Ensemble (mean weight) top 10 model_TH_0.5_equal_weights,Month+6,0.5,2005-01-01 00:00:00,2024-12-31 00:00:00,2022-01-01 00:00:00,0.75,0.652,0.78,0.343,0.678,0.667,131,87,70,37
2025-11-22 01:25:32,France_level_2_final,Ensemble (mean weight) top 7 model_TH_0.5_equal_weights,Month+1,0.5,2005-01-01 00:00:00,2024-12-31 00:00:00,2022-01-01 00:00:00,0.978,0.9,1.0,0.881,0.957,0.931,180,125,20,0
2025-11-22 01:25:32,France_level_2_final,Ensemble (mean weight) top 7 model_TH_0.5_equal_weights,Month+2,0.5,2005-01-01 00:00:00,2024-12-31 00:00:00,2022-01-01 00:00:00,0.955,0.842,0.988,0.802,0.899,0.89,170,121,32,2
2025-11-22 01:25:32,France_level_2_final,Ensemble (mean weight) top 7 model_TH_0.5_equal_weights,Month+3,0.5,2005-01-01 00:00:00,2024-12-31 00:00:00,2022-01-01 00:00:00,0.916,0.796,0.952,0.711,0.828,0.846,160,116,41,8
2025-11-22 01:25:32,France_level_2_final,Ensemble (mean weight) top 7 model_TH_0.5_equal_weights,Month+4,0.5,2005-01-01 00:00:00,2024-12-31 00:00:00,2022-01-01 00:00:00,0.864,0.75,0.898,0.598,0.789,0.791,150,108,50,17
2025-11-22 01:25:32,France_level_2_final,Ensemble (mean weight) top 7 model_TH_0.5_equal_weights,Month+5,0.5,2005-01-01 00:00:00,2024-12-31 00:00:00,2022-01-01 00:00:00,0.806,0.697,0.838,0.465,0.734,0.726,140,97,61,27
2025-11-22 01:25:32,France_level_2_final,Ensemble (mean weight) top 7 model_TH_0.5_equal_weights,Month+6,0.5,2005-01-01 00:00:00,2024-12-31 00:00:00,2022-01-01 00:00:00,0.745,0.65,0.774,0.337,0.687,0.664,130,87,70,38
2025-11-22 01:27:34,France_level_2_final,Ensemble (mean weight) top 11 model_TH_0.5_equal_weights,Month+1,0.5,2005-01-01 00:00:00,2024-12-31 00:00:00,2022-01-01 00:00:00,0.978,0.9,1.0,0.881,0.954,0.931,180,125,20,0
2025-11-22 01:27:34,France_level_2_final,Ensemble (mean weight) top 11 model_TH_0.5_equal_weights,Month+2,0.5,2005-01-01 00:00:00,2024-12-31 00:00:00,2022-01-01 00:00:00,0.956,0.846,0.988,0.807,0.903,0.893,170,122,31,2
2025-11-22 01:27:34,France_level_2_final,Ensemble (mean weight) top 11 model_TH_0.5_equal_weights,Month+3,0.5,2005-01-01 00:00:00,2024-12-31 00:00:00,2022-01-01 00:00:00,0.917,0.8,0.952,0.717,0.83,0.849,160,117,40,8
2025-11-22 01:27:34,France_level_2_final,Ensemble (mean weight) top 11 model_TH_0.5_equal_weights,Month+4,0.5,2005-01-01 00:00:00,2024-12-31 00:00:00,2022-01-01 00:00:00,0.864,0.75,0.898,0.598,0.781,0.791,150,108,50,17
2025-11-22 01:27:34,France_level_2_final,Ensemble (mean weight) top 11 model_TH_0.5_equal_weights,Month+5,0.5,2005-01-01 00:00:00,2024-12-31 00:00:00,2022-01-01 00:00:00,0.806,0.697,0.838,0.465,0.729,0.726,140,97,61,27
2025-11-22 01:27:34,France_level_2_final,Ensemble (mean weight) top 11 model_TH_0.5_equal_weights,Month+6,0.5,2005-01-01 00:00:00,2024-12-31 00:00:00,2022-01-01 00:00:00,0.75,0.652,0.78,0.343,0.679,0.667,131,87,70,37
2025-11-22 01:28:03,France_level_2_final,Ensemble (mean weight) top 8 model_TH_0.5_equal_weights,Month+1,0.5,2005-01-01 00:00:00,2024-12-31 00:00:00,2022-01-01 00:00:00,0.978,0.9,1.0,0.881,0.958,0.931,180,125,20,0
2025-11-22 01:28:03,France_level_2_final,Ensemble (mean weight) top 8 model_TH_0.5_equal_weights,Month+2,0.5,2005-01-01 00:00:00,2024-12-31 00:00:00,2022-01-01 00:00:00,0.955,0.842,0.988,0.802,0.9,0.89,170,121,32,2
2025-11-22 01:28:03,France_level_2_final,Ensemble (mean weight) top 8 model_TH_0.5_equal_weights,Month+3,0.5,2005-01-01 00:00:00,2024-12-31 00:00:00,2022-01-01 00:00:00,0.916,0.796,0.952,0.711,0.829,0.846,160,116,41,8
2025-11-22 01:28:03,France_level_2_final,Ensemble (mean weight) top 8 model_TH_0.5_equal_weights,Month+4,0.5,2005-01-01 00:00:00,2024-12-31 00:00:00,2022-01-01 00:00:00,0.864,0.75,0.898,0.598,0.789,0.791,150,108,50,17
2025-11-22 01:28:03,France_level_2_final,Ensemble (mean weight) top 8 model_TH_0.5_equal_weights,Month+5,0.5,2005-01-01 00:00:00,2024-12-31 00:00:00,2022-01-01 00:00:00,0.806,0.697,0.838,0.465,0.735,0.726,140,97,61,27
2025-11-22 01:28:03,France_level_2_final,Ensemble (mean weight) top 8 model_TH_0.5_equal_weights,Month+6,0.5,2005-01-01 00:00:00,2024-12-31 00:00:00,2022-01-01 00:00:00,0.745,0.65,0.774,0.337,0.687,0.664,130,87,70,38
2025-11-22 01:30:32,France_level_2_final,Ensemble (mean weight) top 12 model_TH_0.5_equal_weights,Month+1,0.5,2005-01-01 00:00:00,2024-12-31 00:00:00,2022-01-01 00:00:00,0.978,0.9,1.0,0.881,0.953,0.931,180,125,20,0
2025-11-22 01:30:32,France_level_2_final,Ensemble (mean weight) top 12 model_TH_0.5_equal_weights,Month+2,0.5,2005-01-01 00:00:00,2024-12-31 00:00:00,2022-01-01 00:00:00,0.953,0.833,0.988,0.791,0.9,0.883,170,119,34,2
2025-11-22 01:30:32,France_level_2_final,Ensemble (mean weight) top 12 model_TH_0.5_equal_weights,Month+3,0.5,2005-01-01 00:00:00,2024-12-31 00:00:00,2022-01-01 00:00:00,0.915,0.792,0.952,0.706,0.83,0.842,160,115,42,8
2025-11-22 01:30:32,France_level_2_final,Ensemble (mean weight) top 12 model_TH_0.5_equal_weights,Month+4,0.5,2005-01-01 00:00:00,2024-12-31 00:00:00,2022-01-01 00:00:00,0.863,0.746,0.898,0.592,0.782,0.788,150,107,51,17
2025-11-22 01:30:32,France_level_2_final,Ensemble (mean weight) top 12 model_TH_0.5_equal_weights,Month+5,0.5,2005-01-01 00:00:00,2024-12-31 00:00:00,2022-01-01 00:00:00,0.806,0.697,0.838,0.465,0.726,0.726,140,97,61,27
2025-11-22 01:30:32,France_level_2_final,Ensemble (mean weight) top 12 model_TH_0.5_equal_weights,Month+6,0.5,2005-01-01 00:00:00,2024-12-31 00:00:00,2022-01-01 00:00:00,0.744,0.644,0.774,0.325,0.674,0.658,130,85,72,38
2025-11-22 01:30:58,France_level_2_final,Ensemble (mean weight) top 3 models_TH_auto_equal_weight,Month+1,0.35,2005-01-01 00:00:00,2024-12-31 00:00:00,2022-01-01 00:00:00,0.941,0.763,1.0,0.684,0.929,0.807,180,89,56,0
2025-11-22 01:30:58,France_level_2_final,Ensemble (mean weight) top 3 models_TH_auto_equal_weight,Month+2,0.35,2005-01-01 00:00:00,2024-12-31 00:00:00,2022-01-01 00:00:00,0.922,0.726,0.988,0.634,0.887,0.785,170,89,64,2
2025-11-22 01:30:58,France_level_2_final,Ensemble (mean weight) top 3 models_TH_auto_equal_weight,Month+3,0.42,2005-01-01 00:00:00,2024-12-31 00:00:00,2022-01-01 00:00:00,0.898,0.731,0.952,0.615,0.818,0.788,160,98,59,8
2025-11-22 01:30:58,France_level_2_final,Ensemble (mean weight) top 3 models_TH_auto_equal_weight,Month+4,0.46,2005-01-01 00:00:00,2024-12-31 00:00:00,2022-01-01 00:00:00,0.853,0.711,0.898,0.536,0.774,0.756,150,97,61,17
2025-11-22 01:30:58,France_level_2_final,Ensemble (mean weight) top 3 models_TH_auto_equal_weight,Month+5,0.28,2005-01-01 00:00:00,2024-12-31 00:00:00,2022-01-01 00:00:00,0.847,0.639,0.922,0.424,0.719,0.686,154,71,87,13
2025-11-22 01:30:58,France_level_2_final,Ensemble (mean weight) top 3 models_TH_auto_equal_weight,Month+6,0.36,2005-01-01 00:00:00,2024-12-31 00:00:00,2022-01-01 00:00:00,0.807,0.627,0.869,0.349,0.67,0.657,146,70,87,22
2025-11-22 01:33:39,France_level_2_final,Ensemble (mean weight) top 13 model_TH_0.5_equal_weights,Month+1,0.5,2005-01-01 00:00:00,2024-12-31 00:00:00,2022-01-01 00:00:00,0.963,0.837,1.0,0.797,0.952,0.879,180,110,35,0
2025-11-22 01:33:39,France_level_2_final,Ensemble (mean weight) top 13 model_TH_0.5_equal_weights,Month+2,0.5,2005-01-01 00:00:00,2024-12-31 00:00:00,2022-01-01 00:00:00,0.942,0.794,0.988,0.738,0.9,0.85,170,109,44,2
2025-11-22 01:33:39,France_level_2_final,Ensemble (mean weight) top 13 model_TH_0.5_equal_weights,Month+3,0.5,2005-01-01 00:00:00,2024-12-31 00:00:00,2022-01-01 00:00:00,0.904,0.751,0.952,0.646,0.831,0.807,160,104,53,8
2025-11-22 01:33:39,France_level_2_final,Ensemble (mean weight) top 13 model_TH_0.5_equal_weights,Month+4,0.5,2005-01-01 00:00:00,2024-12-31 00:00:00,2022-01-01 00:00:00,0.852,0.708,0.898,0.531,0.779,0.753,150,96,62,17
2025-11-22 01:33:39,France_level_2_final,Ensemble (mean weight) top 13 model_TH_0.5_equal_weights,Month+5,0.5,2005-01-01 00:00:00,2024-12-31 00:00:00,2022-01-01 00:00:00,0.826,0.662,0.88,0.436,0.723,0.703,147,83,75,20
2025-11-22 01:33:39,France_level_2_final,Ensemble (mean weight) top 13 model_TH_0.5_equal_weights,Month+6,0.5,2005-01-01 00:00:00,2024-12-31 00:00:00,2022-01-01 00:00:00,0.824,0.63,0.893,0.375,0.675,0.666,150,69,88,18
2025-11-22 01:33:59,France_level_2_final,Ensemble (mean weight) top 4 models_TH_auto_equal_weight,Month+1,0.22,2005-01-01 00:00:00,2024-12-31 00:00:00,2022-01-01 00:00:00,0.946,0.779,1.0,0.711,0.945,0.824,180,94,51,0
2025-11-22 01:33:59,France_level_2_final,Ensemble (mean weight) top 4 models_TH_auto_equal_weight,Month+2,0.34,2005-01-01 00:00:00,2024-12-31 00:00:00,2022-01-01 00:00:00,0.933,0.762,0.988,0.691,0.894,0.821,170,100,53,2
2025-11-22 01:33:59,France_level_2_final,Ensemble (mean weight) top 4 models_TH_auto_equal_weight,Month+3,0.34,2005-01-01 00:00:00,2024-12-31 00:00:00,2022-01-01 00:00:00,0.894,0.717,0.952,0.593,0.822,0.776,160,94,63,8
2025-11-22 01:33:59,France_level_2_final,Ensemble (mean weight) top 4 models_TH_auto_equal_weight,Month+4,0.4,2005-01-01 00:00:00,2024-12-31 00:00:00,2022-01-01 00:00:00,0.851,0.704,0.898,0.525,0.78,0.75,150,95,63,17
2025-11-22 01:33:59,France_level_2_final,Ensemble (mean weight) top 4 models_TH_auto_equal_weight,Month+5,0.28,2005-01-01 00:00:00,2024-12-31 00:00:00,2022-01-01 00:00:00,0.853,0.643,0.928,0.438,0.724,0.692,155,72,86,12
2025-11-22 01:33:59,France_level_2_final,Ensemble (mean weight) top 4 models_TH_auto_equal_weight,Month+6,0.37,2005-01-01 00:00:00,2024-12-31 00:00:00,2022-01-01 00:00:00,0.807,0.627,0.869,0.349,0.668,0.657,146,70,87,22
2025-11-22 01:37:02,France_level_2_final,Ensemble (mean weight) top 14 model_TH_0.5_equal_weights,Month+1,0.5,2005-01-01 00:00:00,2024-12-31 00:00:00,2022-01-01 00:00:00,0.971,0.87,1.0,0.841,0.951,0.907,180,118,27,0
2025-11-22 01:37:02,France_level_2_final,Ensemble (mean weight) top 14 model_TH_0.5_equal_weights,Month+2,0.5,2005-01-01 00:00:00,2024-12-31 00:00:00,2022-01-01 00:00:00,0.939,0.783,0.988,0.722,0.897,0.841,170,106,47,2
2025-11-22 01:37:02,France_level_2_final,Ensemble (mean weight) top 14 model_TH_0.5_equal_weights,Month+3,0.5,2005-01-01 00:00:00,2024-12-31 00:00:00,2022-01-01 00:00:00,0.907,0.762,0.952,0.662,0.83,0.817,160,107,50,8
2025-11-22 01:37:02,France_level_2_final,Ensemble (mean weight) top 14 model_TH_0.5_equal_weights,Month+4,0.5,2005-01-01 00:00:00,2024-12-31 00:00:00,2022-01-01 00:00:00,0.855,0.718,0.898,0.547,0.776,0.762,150,99,59,17
2025-11-22 01:37:02,France_level_2_final,Ensemble (mean weight) top 14 model_TH_0.5_equal_weights,Month+5,0.5,2005-01-01 00:00:00,2024-12-31 00:00:00,2022-01-01 00:00:00,0.819,0.668,0.868,0.438,0.722,0.706,145,86,72,22
2025-11-22 01:37:02,France_level_2_final,Ensemble (mean weight) top 14 model_TH_0.5_equal_weights,Month+6,0.5,2005-01-01 00:00:00,2024-12-31 00:00:00,2022-01-01 00:00:00,0.824,0.63,0.893,0.375,0.673,0.666,150,69,88,18
2025-11-22 01:37:23,France_level_2_final,Ensemble (mean weight) top 5 models_TH_auto_equal_weight,Month+1,0.27,2005-01-01 00:00:00,2024-12-31 00:00:00,2022-01-01 00:00:00,0.968,0.857,1.0,0.825,0.954,0.897,180,115,30,0
2025-11-22 01:37:23,France_level_2_final,Ensemble (mean weight) top 5 models_TH_auto_equal_weight,Month+2,0.33,2005-01-01 00:00:00,2024-12-31 00:00:00,2022-01-01 00:00:00,0.944,0.802,0.988,0.748,0.901,0.857,170,111,42,2
2025-11-22 01:37:23,France_level_2_final,Ensemble (mean weight) top 5 models_TH_auto_equal_weight,Month+3,0.38,2005-01-01 00:00:00,2024-12-31 00:00:00,2022-01-01 00:00:00,0.905,0.755,0.952,0.652,0.829,0.811,160,105,52,8
2025-11-22 01:37:23,France_level_2_final,Ensemble (mean weight) top 5 models_TH_auto_equal_weight,Month+4,0.37,2005-01-01 00:00:00,2024-12-31 00:00:00,2022-01-01 00:00:00,0.852,0.708,0.898,0.531,0.784,0.753,150,96,62,17
2025-11-22 01:37:23,France_level_2_final,Ensemble (mean weight) top 5 models_TH_auto_equal_weight,Month+5,0.19,2005-01-01 00:00:00,2024-12-31 00:00:00,2022-01-01 00:00:00,0.854,0.646,0.928,0.444,0.728,0.695,155,73,85,12
2025-11-22 01:37:23,France_level_2_final,Ensemble (mean weight) top 5 models_TH_auto_equal_weight,Month+6,0.3,2005-01-01 00:00:00,2024-12-31 00:00:00,2022-01-01 00:00:00,0.827,0.638,0.893,0.392,0.672,0.676,150,72,85,18
2025-11-22 01:41:21,France_level_2_final,Ensemble (mean weight) top 6 models_TH_auto_equal_weight,Month+1,0.19,2005-01-01 00:00:00,2024-12-31 00:00:00,2022-01-01 00:00:00,0.966,0.849,1.0,0.813,0.955,0.89,180,113,32,0
2025-11-22 01:41:21,France_level_2_final,Ensemble (mean weight) top 6 models_TH_auto_equal_weight,Month+2,0.59,2005-01-01 00:00:00,2024-12-31 00:00:00,2022-01-01 00:00:00,0.955,0.842,0.988,0.802,0.902,0.89,170,121,32,2
2025-11-22 01:41:21,France_level_2_final,Ensemble (mean weight) top 6 models_TH_auto_equal_weight,Month+3,0.38,2005-01-01 00:00:00,2024-12-31 00:00:00,2022-01-01 00:00:00,0.912,0.78,0.952,0.689,0.83,0.833,160,112,45,8
2025-11-22 01:41:21,France_level_2_final,Ensemble (mean weight) top 6 models_TH_auto_equal_weight,Month+4,0.43,2005-01-01 00:00:00,2024-12-31 00:00:00,2022-01-01 00:00:00,0.862,0.743,0.898,0.586,0.784,0.785,150,106,52,17
2025-11-22 01:41:21,France_level_2_final,Ensemble (mean weight) top 6 models_TH_auto_equal_weight,Month+5,0.18,2005-01-01 00:00:00,2024-12-31 00:00:00,2022-01-01 00:00:00,0.857,0.667,0.922,0.479,0.729,0.717,154,81,77,13
2025-11-22 01:41:21,France_level_2_final,Ensemble (mean weight) top 6 models_TH_auto_equal_weight,Month+6,0.22,2005-01-01 00:00:00,2024-12-31 00:00:00,2022-01-01 00:00:00,0.849,0.643,0.923,0.428,0.677,0.687,155,71,86,13
2025-11-22 01:41:28,France_level_2_final,Ensemble (mean weight) top 9 models_TH_auto_equal_weight,Month+1,0.19,2005-01-01 00:00:00,2024-12-31 00:00:00,2022-01-01 00:00:00,0.965,0.845,1.0,0.808,0.955,0.886,180,112,33,0
2025-11-22 01:41:28,France_level_2_final,Ensemble (mean weight) top 9 models_TH_auto_equal_weight,Month+2,0.34,2005-01-01 00:00:00,2024-12-31 00:00:00,2022-01-01 00:00:00,0.949,0.817,0.988,0.77,0.904,0.87,170,115,38,2
2025-11-22 01:41:28,France_level_2_final,Ensemble (mean weight) top 9 models_TH_auto_equal_weight,Month+3,0.37,2005-01-01 00:00:00,2024-12-31 00:00:00,2022-01-01 00:00:00,0.91,0.773,0.952,0.679,0.83,0.827,160,110,47,8
2025-11-22 01:41:28,France_level_2_final,Ensemble (mean weight) top 9 models_TH_auto_equal_weight,Month+4,0.43,2005-01-01 00:00:00,2024-12-31 00:00:00,2022-01-01 00:00:00,0.862,0.743,0.898,0.586,0.784,0.785,150,106,52,17
2025-11-22 01:41:28,France_level_2_final,Ensemble (mean weight) top 9 models_TH_auto_equal_weight,Month+5,0.25,2005-01-01 00:00:00,2024-12-31 00:00:00,2022-01-01 00:00:00,0.83,0.674,0.88,0.458,0.732,0.715,147,87,71,20
2025-11-22 01:41:28,France_level_2_final,Ensemble (mean weight) top 9 models_TH_auto_equal_weight,Month+6,0.2,2005-01-01 00:00:00,2024-12-31 00:00:00,2022-01-01 00:00:00,0.872,0.641,0.958,0.459,0.679,0.693,161,67,90,7
2025-11-22 01:45:21,France_level_2_final,Ensemble (mean weight) top 7 models_TH_auto_equal_weight,Month+1,0.2,2005-01-01 00:00:00,2024-12-31 00:00:00,2022-01-01 00:00:00,0.967,0.853,1.0,0.819,0.955,0.893,180,114,31,0
2025-11-22 01:45:21,France_level_2_final,Ensemble (mean weight) top 7 models_TH_auto_equal_weight,Month+2,0.61,2005-01-01 00:00:00,2024-12-31 00:00:00,2022-01-01 00:00:00,0.956,0.846,0.988,0.807,0.903,0.893,170,122,31,2
2025-11-22 01:45:21,France_level_2_final,Ensemble (mean weight) top 7 models_TH_auto_equal_weight,Month+3,0.4,2005-01-01 00:00:00,2024-12-31 00:00:00,2022-01-01 00:00:00,0.912,0.78,0.952,0.689,0.83,0.833,160,112,45,8
2025-11-22 01:45:21,France_level_2_final,Ensemble (mean weight) top 7 models_TH_auto_equal_weight,Month+4,0.43,2005-01-01 00:00:00,2024-12-31 00:00:00,2022-01-01 00:00:00,0.86,0.735,0.898,0.575,0.784,0.778,150,104,54,17
2025-11-22 01:45:21,France_level_2_final,Ensemble (mean weight) top 7 models_TH_auto_equal_weight,Month+5,0.21,2005-01-01 00:00:00,2024-12-31 00:00:00,2022-01-01 00:00:00,0.857,0.67,0.922,0.485,0.731,0.721,154,82,76,13
2025-11-22 01:45:21,France_level_2_final,Ensemble (mean weight) top 7 models_TH_auto_equal_weight,Month+6,0.21,2005-01-01 00:00:00,2024-12-31 00:00:00,2022-01-01 00:00:00,0.871,0.65,0.952,0.471,0.678,0.702,160,71,86,8
2025-11-22 01:45:48,France_level_2_final,Ensemble (mean weight) top 10 models_TH_auto_equal_weight,Month+1,0.19,2005-01-01 00:00:00,2024-12-31 00:00:00,2022-01-01 00:00:00,0.961,0.829,1.0,0.786,0.953,0.872,180,108,37,0
2025-11-22 01:45:48,France_level_2_final,Ensemble (mean weight) top 10 models_TH_auto_equal_weight,Month+2,0.35,2005-01-01 00:00:00,2024-12-31 00:00:00,2022-01-01 00:00:00,0.947,0.81,0.988,0.759,0.9,0.863,170,113,40,2
2025-11-22 01:45:48,France_level_2_final,Ensemble (mean weight) top 10 models_TH_auto_equal_weight,Month+3,0.35,2005-01-01 00:00:00,2024-12-31 00:00:00,2022-01-01 00:00:00,0.907,0.762,0.952,0.662,0.83,0.817,160,107,50,8
2025-11-22 01:45:48,France_level_2_final,Ensemble (mean weight) top 10 models_TH_auto_equal_weight,Month+4,0.22,2005-01-01 00:00:00,2024-12-31 00:00:00,2022-01-01 00:00:00,0.848,0.694,0.898,0.509,0.784,0.74,150,92,66,17
2025-11-22 01:45:48,France_level_2_final,Ensemble (mean weight) top 10 models_TH_auto_equal_weight,Month+5,0.25,2005-01-01 00:00:00,2024-12-31 00:00:00,2022-01-01 00:00:00,0.816,0.659,0.868,0.421,0.728,0.697,145,83,75,22
2025-11-22 01:45:48,France_level_2_final,Ensemble (mean weight) top 10 models_TH_auto_equal_weight,Month+6,0.21,2005-01-01 00:00:00,2024-12-31 00:00:00,2022-01-01 00:00:00,0.867,0.637,0.952,0.444,0.675,0.686,160,66,91,8
2025-11-22 01:49:20,France_level_2_final,Ensemble (mean weight) top 8 models_TH_auto_equal_weight,Month+1,0.2,2005-01-01 00:00:00,2024-12-31 00:00:00,2022-01-01 00:00:00,0.972,0.874,1.0,0.847,0.955,0.91,180,119,26,0
2025-11-22 01:49:20,France_level_2_final,Ensemble (mean weight) top 8 models_TH_auto_equal_weight,Month+2,0.33,2005-01-01 00:00:00,2024-12-31 00:00:00,2022-01-01 00:00:00,0.949,0.817,0.988,0.77,0.903,0.87,170,115,38,2
2025-11-22 01:49:20,France_level_2_final,Ensemble (mean weight) top 8 models_TH_auto_equal_weight,Month+3,0.39,2005-01-01 00:00:00,2024-12-31 00:00:00,2022-01-01 00:00:00,0.912,0.78,0.952,0.689,0.83,0.833,160,112,45,8
2025-11-22 01:49:20,France_level_2_final,Ensemble (mean weight) top 8 models_TH_auto_equal_weight,Month+4,0.42,2005-01-01 00:00:00,2024-12-31 00:00:00,2022-01-01 00:00:00,0.862,0.743,0.898,0.586,0.784,0.785,150,106,52,17
2025-11-22 01:49:20,France_level_2_final,Ensemble (mean weight) top 8 models_TH_auto_equal_weight,Month+5,0.23,2005-01-01 00:00:00,2024-12-31 00:00:00,2022-01-01 00:00:00,0.825,0.673,0.874,0.451,0.731,0.712,146,87,71,21
2025-11-22 01:49:20,France_level_2_final,Ensemble (mean weight) top 8 models_TH_auto_equal_weight,Month+6,0.19,2005-01-01 00:00:00,2024-12-31 00:00:00,2022-01-01 00:00:00,0.87,0.645,0.952,0.461,0.678,0.696,160,69,88,8
2025-11-22 01:49:58,France_level_2_final,Ensemble (mean weight) top 11 models_TH_auto_equal_weight,Month+1,0.17,2005-01-01 00:00:00,2024-12-31 00:00:00,2022-01-01 00:00:00,0.946,0.779,1.0,0.711,0.953,0.824,180,94,51,0
2025-11-22 01:49:58,France_level_2_final,Ensemble (mean weight) top 11 models_TH_auto_equal_weight,Month+2,0.07,2005-01-01 00:00:00,2024-12-31 00:00:00,2022-01-01 00:00:00,0.915,0.705,0.988,0.598,0.9,0.762,170,82,71,2
2025-11-22 01:49:58,France_level_2_final,Ensemble (mean weight) top 11 models_TH_auto_equal_weight,Month+3,0.4,2005-01-01 00:00:00,2024-12-31 00:00:00,2022-01-01 00:00:00,0.895,0.721,0.952,0.599,0.831,0.779,160,95,62,8
2025-11-22 01:49:58,France_level_2_final,Ensemble (mean weight) top 11 models_TH_auto_equal_weight,Month+4,0.15,2005-01-01 00:00:00,2024-12-31 00:00:00,2022-01-01 00:00:00,0.874,0.657,0.952,0.489,0.781,0.713,159,75,83,8
2025-11-22 01:49:58,France_level_2_final,Ensemble (mean weight) top 11 models_TH_auto_equal_weight,Month+5,0.24,2005-01-01 00:00:00,2024-12-31 00:00:00,2022-01-01 00:00:00,0.861,0.643,0.94,0.45,0.725,0.695,157,71,87,10
2025-11-22 01:49:58,France_level_2_final,Ensemble (mean weight) top 11 models_TH_auto_equal_weight,Month+6,0.17,2005-01-01 00:00:00,2024-12-31 00:00:00,2022-01-01 00:00:00,0.866,0.635,0.952,0.439,0.675,0.683,160,65,92,8
2025-11-22 01:50:59,France_level_2_final,Ensemble (mean weight) top 3 models_TH_0.5_not_equal_weight,Month+1,0.5,2005-01-01 00:00:00,2024-12-31 00:00:00,2022-01-01 00:00:00,0.975,0.887,1.0,0.864,0.963,0.921,180,122,23,0
2025-11-22 01:50:59,France_level_2_final,Ensemble (mean weight) top 3 models_TH_0.5_not_equal_weight,Month+2,0.5,2005-01-01 00:00:00,2024-12-31 00:00:00,2022-01-01 00:00:00,0.945,0.806,0.988,0.754,0.887,0.86,170,112,41,2
2025-11-22 01:50:59,France_level_2_final,Ensemble (mean weight) top 3 models_TH_0.5_not_equal_weight,Month+3,0.5,2005-01-01 00:00:00,2024-12-31 00:00:00,2022-01-01 00:00:00,0.906,0.758,0.952,0.657,0.815,0.814,160,106,51,8
2025-11-22 01:50:59,France_level_2_final,Ensemble (mean weight) top 3 models_TH_0.5_not_equal_weight,Month+4,0.5,2005-01-01 00:00:00,2024-12-31 00:00:00,2022-01-01 00:00:00,0.853,0.711,0.898,0.536,0.785,0.756,150,97,61,17
2025-11-22 01:50:59,France_level_2_final,Ensemble (mean weight) top 3 models_TH_0.5_not_equal_weight,Month+5,0.5,2005-01-01 00:00:00,2024-12-31 00:00:00,2022-01-01 00:00:00,0.82,0.701,0.856,0.486,0.74,0.735,143,97,61,24
2025-11-22 01:50:59,France_level_2_final,Ensemble (mean weight) top 3 models_TH_0.5_not_equal_weight,Month+6,0.5,2005-01-01 00:00:00,2024-12-31 00:00:00,2022-01-01 00:00:00,0.77,0.628,0.815,0.319,0.683,0.65,137,76,81,31
2025-11-22 01:53:07,France_level_2_final,Ensemble (mean weight) top 4 models_TH_0.5_not_equal_weight,Month+1,0.5,2005-01-01 00:00:00,2024-12-31 00:00:00,2022-01-01 00:00:00,0.978,0.9,1.0,0.881,0.958,0.931,180,125,20,0
2025-11-22 01:53:07,France_level_2_final,Ensemble (mean weight) top 4 models_TH_0.5_not_equal_weight,Month+2,0.5,2005-01-01 00:00:00,2024-12-31 00:00:00,2022-01-01 00:00:00,0.948,0.813,0.988,0.764,0.898,0.867,170,114,39,2
2025-11-22 01:53:07,France_level_2_final,Ensemble (mean weight) top 4 models_TH_0.5_not_equal_weight,Month+3,0.5,2005-01-01 00:00:00,2024-12-31 00:00:00,2022-01-01 00:00:00,0.908,0.766,0.952,0.668,0.826,0.82,160,108,49,8
2025-11-22 01:53:07,France_level_2_final,Ensemble (mean weight) top 4 models_TH_0.5_not_equal_weight,Month+4,0.5,2005-01-01 00:00:00,2024-12-31 00:00:00,2022-01-01 00:00:00,0.853,0.711,0.898,0.536,0.807,0.756,150,97,61,17
2025-11-22 01:53:07,France_level_2_final,Ensemble (mean weight) top 4 models_TH_0.5_not_equal_weight,Month+5,0.5,2005-01-01 00:00:00,2024-12-31 00:00:00,2022-01-01 00:00:00,0.805,0.693,0.838,0.46,0.739,0.723,140,96,62,27
2025-11-22 01:53:07,France_level_2_final,Ensemble (mean weight) top 4 models_TH_0.5_not_equal_weight,Month+6,0.5,2005-01-01 00:00:00,2024-12-31 00:00:00,2022-01-01 00:00:00,0.763,0.65,0.798,0.352,0.685,0.67,134,85,72,34
2025-11-22 01:54:27,France_level_2_final,Ensemble (mean weight) top 12 models_TH_auto_equal_weight,Month+1,0.23,2005-01-01 00:00:00,2024-12-31 00:00:00,2022-01-01 00:00:00,0.951,0.796,1.0,0.737,0.953,0.841,180,99,46,0
2025-11-22 01:54:27,France_level_2_final,Ensemble (mean weight) top 12 models_TH_auto_equal_weight,Month+2,0.6,2005-01-01 00:00:00,2024-12-31 00:00:00,2022-01-01 00:00:00,0.947,0.81,0.988,0.759,0.901,0.863,170,113,40,2
2025-11-22 01:54:27,France_level_2_final,Ensemble (mean weight) top 12 models_TH_auto_equal_weight,Month+3,0.42,2005-01-01 00:00:00,2024-12-31 00:00:00,2022-01-01 00:00:00,0.899,0.734,0.952,0.62,0.831,0.791,160,99,58,8
2025-11-22 01:54:27,France_level_2_final,Ensemble (mean weight) top 12 models_TH_auto_equal_weight,Month+4,0.2,2005-01-01 00:00:00,2024-12-31 00:00:00,2022-01-01 00:00:00,0.86,0.653,0.934,0.463,0.78,0.704,156,75,83,11
2025-11-22 01:54:27,France_level_2_final,Ensemble (mean weight) top 12 models_TH_auto_equal_weight,Month+5,0.2,2005-01-01 00:00:00,2024-12-31 00:00:00,2022-01-01 00:00:00,0.869,0.644,0.952,0.462,0.725,0.698,159,70,88,8
2025-11-22 01:54:27,France_level_2_final,Ensemble (mean weight) top 12 models_TH_auto_equal_weight,Month+6,0.28,2005-01-01 00:00:00,2024-12-31 00:00:00,2022-01-01 00:00:00,0.844,0.63,0.923,0.4,0.675,0.672,155,66,91,13
2025-11-22 01:55:26,France_level_2_final,Ensemble (mean weight) top 5 models_TH_0.5_not_equal_weight,Month+1,0.5,2005-01-01 00:00:00,2024-12-31 00:00:00,2022-01-01 00:00:00,0.979,0.905,1.0,0.887,0.957,0.934,180,126,19,0
2025-11-22 01:55:26,France_level_2_final,Ensemble (mean weight) top 5 models_TH_0.5_not_equal_weight,Month+2,0.5,2005-01-01 00:00:00,2024-12-31 00:00:00,2022-01-01 00:00:00,0.948,0.813,0.988,0.764,0.898,0.867,170,114,39,2
2025-11-22 01:55:26,France_level_2_final,Ensemble (mean weight) top 5 models_TH_0.5_not_equal_weight,Month+3,0.5,2005-01-01 00:00:00,2024-12-31 00:00:00,2022-01-01 00:00:00,0.907,0.762,0.952,0.662,0.817,0.817,160,107,50,8
2025-11-22 01:55:26,France_level_2_final,Ensemble (mean weight) top 5 models_TH_0.5_not_equal_weight,Month+4,0.5,2005-01-01 00:00:00,2024-12-31 00:00:00,2022-01-01 00:00:00,0.853,0.711,0.898,0.536,0.787,0.756,150,97,61,17
2025-11-22 01:55:26,France_level_2_final,Ensemble (mean weight) top 5 models_TH_0.5_not_equal_weight,Month+5,0.5,2005-01-01 00:00:00,2024-12-31 00:00:00,2022-01-01 00:00:00,0.806,0.697,0.838,0.465,0.735,0.726,140,97,61,27
2025-11-22 01:55:26,France_level_2_final,Ensemble (mean weight) top 5 models_TH_0.5_not_equal_weight,Month+6,0.5,2005-01-01 00:00:00,2024-12-31 00:00:00,2022-01-01 00:00:00,0.768,0.638,0.81,0.336,0.683,0.66,136,80,77,32
2025-11-22 01:57:50,France_level_2_final,Ensemble (mean weight) top 6 models_TH_0.5_not_equal_weight,Month+1,0.5,2005-01-01 00:00:00,2024-12-31 00:00:00,2022-01-01 00:00:00,0.979,0.905,1.0,0.887,0.957,0.934,180,126,19,0
2025-11-22 01:57:50,France_level_2_final,Ensemble (mean weight) top 6 models_TH_0.5_not_equal_weight,Month+2,0.5,2005-01-01 00:00:00,2024-12-31 00:00:00,2022-01-01 00:00:00,0.947,0.81,0.988,0.759,0.896,0.863,170,113,40,2
2025-11-22 01:57:50,France_level_2_final,Ensemble (mean weight) top 6 models_TH_0.5_not_equal_weight,Month+3,0.5,2005-01-01 00:00:00,2024-12-31 00:00:00,2022-01-01 00:00:00,0.908,0.766,0.952,0.668,0.826,0.82,160,108,49,8
2025-11-22 01:57:50,France_level_2_final,Ensemble (mean weight) top 6 models_TH_0.5_not_equal_weight,Month+4,0.5,2005-01-01 00:00:00,2024-12-31 00:00:00,2022-01-01 00:00:00,0.854,0.714,0.898,0.542,0.786,0.759,150,98,60,17
2025-11-22 01:57:50,France_level_2_final,Ensemble (mean weight) top 6 models_TH_0.5_not_equal_weight,Month+5,0.5,2005-01-01 00:00:00,2024-12-31 00:00:00,2022-01-01 00:00:00,0.806,0.7,0.838,0.471,0.731,0.729,140,98,60,27
2025-11-22 01:57:50,France_level_2_final,Ensemble (mean weight) top 6 models_TH_0.5_not_equal_weight,Month+6,0.5,2005-01-01 00:00:00,2024-12-31 00:00:00,2022-01-01 00:00:00,0.745,0.647,0.774,0.331,0.68,0.661,130,86,71,38
2025-11-22 01:59:07,France_level_2_final,Ensemble (mean weight) top 13 models_TH_auto_equal_weight,Month+1,0.22,2005-01-01 00:00:00,2024-12-31 00:00:00,2022-01-01 00:00:00,0.951,0.796,1.0,0.737,0.952,0.841,180,99,46,0
2025-11-22 01:59:07,France_level_2_final,Ensemble (mean weight) top 13 models_TH_auto_equal_weight,Month+2,0.54,2005-01-01 00:00:00,2024-12-31 00:00:00,2022-01-01 00:00:00,0.944,0.802,0.988,0.748,0.9,0.857,170,111,42,2
2025-11-22 01:59:07,France_level_2_final,Ensemble (mean weight) top 13 models_TH_auto_equal_weight,Month+3,0.34,2005-01-01 00:00:00,2024-12-31 00:00:00,2022-01-01 00:00:00,0.893,0.714,0.952,0.588,0.831,0.772,160,93,64,8
2025-11-22 01:59:07,France_level_2_final,Ensemble (mean weight) top 13 models_TH_auto_equal_weight,Month+4,0.09,2005-01-01 00:00:00,2024-12-31 00:00:00,2022-01-01 00:00:00,0.884,0.653,0.97,0.5,0.779,0.713,162,72,86,5
2025-11-22 01:59:07,France_level_2_final,Ensemble (mean weight) top 13 models_TH_auto_equal_weight,Month+5,0.21,2005-01-01 00:00:00,2024-12-31 00:00:00,2022-01-01 00:00:00,0.869,0.644,0.952,0.462,0.723,0.698,159,70,88,8
2025-11-22 01:59:07,France_level_2_final,Ensemble (mean weight) top 13 models_TH_auto_equal_weight,Month+6,0.18,2005-01-01 00:00:00,2024-12-31 00:00:00,2022-01-01 00:00:00,0.866,0.635,0.952,0.439,0.675,0.683,160,65,92,8
2025-11-22 02:00:40,France_level_2_final,Ensemble (mean weight) top 7 models_TH_0.5_not_equal_weight,Month+1,0.5,2005-01-01 00:00:00,2024-12-31 00:00:00,2022-01-01 00:00:00,0.978,0.9,1.0,0.881,0.958,0.931,180,125,20,0
2025-11-22 02:00:40,France_level_2_final,Ensemble (mean weight) top 7 models_TH_0.5_not_equal_weight,Month+2,0.5,2005-01-01 00:00:00,2024-12-31 00:00:00,2022-01-01 00:00:00,0.947,0.81,0.988,0.759,0.896,0.863,170,113,40,2
2025-11-22 02:00:40,France_level_2_final,Ensemble (mean weight) top 7 models_TH_0.5_not_equal_weight,Month+3,0.5,2005-01-01 00:00:00,2024-12-31 00:00:00,2022-01-01 00:00:00,0.907,0.762,0.952,0.662,0.82,0.817,160,107,50,8
2025-11-22 02:00:40,France_level_2_final,Ensemble (mean weight) top 7 models_TH_0.5_not_equal_weight,Month+4,0.5,2005-01-01 00:00:00,2024-12-31 00:00:00,2022-01-01 00:00:00,0.856,0.721,0.898,0.553,0.79,0.766,150,100,58,17
2025-11-22 02:00:40,France_level_2_final,Ensemble (mean weight) top 7 models_TH_0.5_not_equal_weight,Month+5,0.5,2005-01-01 00:00:00,2024-12-31 00:00:00,2022-01-01 00:00:00,0.807,0.704,0.838,0.477,0.728,0.732,140,99,59,27
2025-11-22 02:00:40,France_level_2_final,Ensemble (mean weight) top 7 models_TH_0.5_not_equal_weight,Month+6,0.5,2005-01-01 00:00:00,2024-12-31 00:00:00,2022-01-01 00:00:00,0.744,0.644,0.774,0.325,0.68,0.658,130,85,72,38
2025-11-22 02:03:26,France_level_2_final,Ensemble (mean weight) top 8 models_TH_0.5_not_equal_weight,Month+1,0.5,2005-01-01 00:00:00,2024-12-31 00:00:00,2022-01-01 00:00:00,0.978,0.9,1.0,0.881,0.958,0.931,180,125,20,0
2025-11-22 02:03:26,France_level_2_final,Ensemble (mean weight) top 8 models_TH_0.5_not_equal_weight,Month+2,0.5,2005-01-01 00:00:00,2024-12-31 00:00:00,2022-01-01 00:00:00,0.949,0.817,0.988,0.77,0.898,0.87,170,115,38,2
2025-11-22 02:03:26,France_level_2_final,Ensemble (mean weight) top 8 models_TH_0.5_not_equal_weight,Month+3,0.5,2005-01-01 00:00:00,2024-12-31 00:00:00,2022-01-01 00:00:00,0.909,0.769,0.952,0.673,0.827,0.823,160,109,48,8
2025-11-22 02:03:26,France_level_2_final,Ensemble (mean weight) top 8 models_TH_0.5_not_equal_weight,Month+4,0.5,2005-01-01 00:00:00,2024-12-31 00:00:00,2022-01-01 00:00:00,0.859,0.732,0.898,0.57,0.79,0.775,150,103,55,17
2025-11-22 02:03:26,France_level_2_final,Ensemble (mean weight) top 8 models_TH_0.5_not_equal_weight,Month+5,0.5,2005-01-01 00:00:00,2024-12-31 00:00:00,2022-01-01 00:00:00,0.807,0.704,0.838,0.477,0.735,0.732,140,99,59,27
2025-11-22 02:03:26,France_level_2_final,Ensemble (mean weight) top 8 models_TH_0.5_not_equal_weight,Month+6,0.5,2005-01-01 00:00:00,2024-12-31 00:00:00,2022-01-01 00:00:00,0.749,0.649,0.78,0.337,0.683,0.664,131,86,71,37
2025-11-22 02:03:54,France_level_2_final,Ensemble (mean weight) top 14 models_TH_auto_equal_weight,Month+1,0.12,2005-01-01 00:00:00,2024-12-31 00:00:00,2022-01-01 00:00:00,0.947,0.783,1.0,0.716,0.951,0.828,180,95,50,0
2025-11-22 02:03:54,France_level_2_final,Ensemble (mean weight) top 14 models_TH_auto_equal_weight,Month+2,0.58,2005-01-01 00:00:00,2024-12-31 00:00:00,2022-01-01 00:00:00,0.942,0.794,0.988,0.738,0.897,0.85,170,109,44,2
2025-11-22 02:03:54,France_level_2_final,Ensemble (mean weight) top 14 models_TH_auto_equal_weight,Month+3,0.41,2005-01-01 00:00:00,2024-12-31 00:00:00,2022-01-01 00:00:00,0.901,0.741,0.952,0.631,0.83,0.798,160,101,56,8
2025-11-22 02:03:54,France_level_2_final,Ensemble (mean weight) top 14 models_TH_auto_equal_weight,Month+4,0.16,2005-01-01 00:00:00,2024-12-31 00:00:00,2022-01-01 00:00:00,0.873,0.654,0.952,0.484,0.776,0.71,159,74,84,8
2025-11-22 02:03:54,France_level_2_final,Ensemble (mean weight) top 14 models_TH_auto_equal_weight,Month+5,0.21,2005-01-01 00:00:00,2024-12-31 00:00:00,2022-01-01 00:00:00,0.864,0.642,0.946,0.453,0.722,0.695,158,70,88,9
2025-11-22 02:03:54,France_level_2_final,Ensemble (mean weight) top 14 models_TH_auto_equal_weight,Month+6,0.13,2005-01-01 00:00:00,2024-12-31 00:00:00,2022-01-01 00:00:00,0.868,0.631,0.958,0.437,0.673,0.68,161,63,94,7
2025-11-22 02:06:52,France_level_2_final,Ensemble (mean weight) top 9 models_TH_0.5_not_equal_weight,Month+1,0.5,2005-01-01 00:00:00,2024-12-31 00:00:00,2022-01-01 00:00:00,0.978,0.9,1.0,0.881,0.954,0.931,180,125,20,0
2025-11-22 02:06:52,France_level_2_final,Ensemble (mean weight) top 9 models_TH_0.5_not_equal_weight,Month+2,0.5,2005-01-01 00:00:00,2024-12-31 00:00:00,2022-01-01 00:00:00,0.95,0.821,0.988,0.775,0.906,0.873,170,116,37,2
2025-11-22 02:06:52,France_level_2_final,Ensemble (mean weight) top 9 models_TH_0.5_not_equal_weight,Month+3,0.5,2005-01-01 00:00:00,2024-12-31 00:00:00,2022-01-01 00:00:00,0.912,0.78,0.952,0.689,0.831,0.833,160,112,45,8
2025-11-22 02:06:52,France_level_2_final,Ensemble (mean weight) top 9 models_TH_0.5_not_equal_weight,Month+4,0.5,2005-01-01 00:00:00,2024-12-31 00:00:00,2022-01-01 00:00:00,0.863,0.746,0.898,0.592,0.781,0.788,150,107,51,17
2025-11-22 02:06:52,France_level_2_final,Ensemble (mean weight) top 9 models_TH_0.5_not_equal_weight,Month+5,0.5,2005-01-01 00:00:00,2024-12-31 00:00:00,2022-01-01 00:00:00,0.806,0.697,0.838,0.465,0.733,0.726,140,97,61,27
2025-11-22 02:06:52,France_level_2_final,Ensemble (mean weight) top 9 models_TH_0.5_not_equal_weight,Month+6,0.5,2005-01-01 00:00:00,2024-12-31 00:00:00,2022-01-01 00:00:00,0.745,0.65,0.774,0.337,0.669,0.664,130,87,70,38
2025-11-22 02:09:55,France_level_2_final,Ensemble (mean weight) top 10 models_TH_0.5_not_equal_weight,Month+1,0.5,2005-01-01 00:00:00,2024-12-31 00:00:00,2022-01-01 00:00:00,0.978,0.9,1.0,0.881,0.95,0.931,180,125,20,0
2025-11-22 02:09:55,France_level_2_final,Ensemble (mean weight) top 10 models_TH_0.5_not_equal_weight,Month+2,0.5,2005-01-01 00:00:00,2024-12-31 00:00:00,2022-01-01 00:00:00,0.955,0.842,0.988,0.802,0.899,0.89,170,121,32,2
2025-11-22 02:09:55,France_level_2_final,Ensemble (mean weight) top 10 models_TH_0.5_not_equal_weight,Month+3,0.5,2005-01-01 00:00:00,2024-12-31 00:00:00,2022-01-01 00:00:00,0.908,0.766,0.952,0.668,0.816,0.82,160,108,49,8
2025-11-22 02:09:55,France_level_2_final,Ensemble (mean weight) top 10 models_TH_0.5_not_equal_weight,Month+4,0.5,2005-01-01 00:00:00,2024-12-31 00:00:00,2022-01-01 00:00:00,0.863,0.746,0.898,0.592,0.775,0.788,150,107,51,17
2025-11-22 02:09:55,France_level_2_final,Ensemble (mean weight) top 10 models_TH_0.5_not_equal_weight,Month+5,0.5,2005-01-01 00:00:00,2024-12-31 00:00:00,2022-01-01 00:00:00,0.806,0.697,0.838,0.465,0.729,0.726,140,97,61,27
2025-11-22 02:09:55,France_level_2_final,Ensemble (mean weight) top 10 models_TH_0.5_not_equal_weight,Month+6,0.5,2005-01-01 00:00:00,2024-12-31 00:00:00,2022-01-01 00:00:00,0.75,0.652,0.78,0.343,0.688,0.667,131,87,70,37
2025-11-22 02:13:12,France_level_2_final,Ensemble (mean weight) top 11 models_TH_0.5_not_equal_weight,Month+1,0.5,2005-01-01 00:00:00,2024-12-31 00:00:00,2022-01-01 00:00:00,0.978,0.9,1.0,0.881,0.949,0.931,180,125,20,0
2025-11-22 02:13:12,France_level_2_final,Ensemble (mean weight) top 11 models_TH_0.5_not_equal_weight,Month+2,0.5,2005-01-01 00:00:00,2024-12-31 00:00:00,2022-01-01 00:00:00,0.952,0.829,0.988,0.786,0.901,0.88,170,118,35,2
2025-11-22 02:13:12,France_level_2_final,Ensemble (mean weight) top 11 models_TH_0.5_not_equal_weight,Month+3,0.5,2005-01-01 00:00:00,2024-12-31 00:00:00,2022-01-01 00:00:00,0.911,0.777,0.952,0.684,0.829,0.83,160,111,46,8
2025-11-22 02:13:12,France_level_2_final,Ensemble (mean weight) top 11 models_TH_0.5_not_equal_weight,Month+4,0.5,2005-01-01 00:00:00,2024-12-31 00:00:00,2022-01-01 00:00:00,0.864,0.75,0.898,0.598,0.778,0.791,150,108,50,17
2025-11-22 02:13:12,France_level_2_final,Ensemble (mean weight) top 11 models_TH_0.5_not_equal_weight,Month+5,0.5,2005-01-01 00:00:00,2024-12-31 00:00:00,2022-01-01 00:00:00,0.806,0.697,0.838,0.465,0.722,0.726,140,97,61,27
2025-11-22 02:13:12,France_level_2_final,Ensemble (mean weight) top 11 models_TH_0.5_not_equal_weight,Month+6,0.5,2005-01-01 00:00:00,2024-12-31 00:00:00,2022-01-01 00:00:00,0.766,0.646,0.804,0.347,0.671,0.666,135,83,74,33
2025-11-22 02:16:17,France_level_2_final,Ensemble (mean weight) top 12 models_TH_0.5_not_equal_weight,Month+1,0.5,2005-01-01 00:00:00,2024-12-31 00:00:00,2022-01-01 00:00:00,0.962,0.833,1.0,0.791,0.931,0.876,180,109,36,0
2025-11-22 02:16:17,France_level_2_final,Ensemble (mean weight) top 12 models_TH_0.5_not_equal_weight,Month+2,0.5,2005-01-01 00:00:00,2024-12-31 00:00:00,2022-01-01 00:00:00,0.945,0.806,0.988,0.754,0.895,0.86,170,112,41,2
2025-11-22 02:16:17,France_level_2_final,Ensemble (mean weight) top 12 models_TH_0.5_not_equal_weight,Month+3,0.5,2005-01-01 00:00:00,2024-12-31 00:00:00,2022-01-01 00:00:00,0.909,0.769,0.952,0.673,0.827,0.823,160,109,48,8
2025-11-22 02:16:17,France_level_2_final,Ensemble (mean weight) top 12 models_TH_0.5_not_equal_weight,Month+4,0.5,2005-01-01 00:00:00,2024-12-31 00:00:00,2022-01-01 00:00:00,0.857,0.725,0.898,0.559,0.772,0.769,150,101,57,17
2025-11-22 02:16:17,France_level_2_final,Ensemble (mean weight) top 12 models_TH_0.5_not_equal_weight,Month+5,0.5,2005-01-01 00:00:00,2024-12-31 00:00:00,2022-01-01 00:00:00,0.806,0.7,0.838,0.471,0.724,0.729,140,98,60,27
2025-11-22 02:16:17,France_level_2_final,Ensemble (mean weight) top 12 models_TH_0.5_not_equal_weight,Month+6,0.5,2005-01-01 00:00:00,2024-12-31 00:00:00,2022-01-01 00:00:00,0.768,0.611,0.821,0.283,0.672,0.63,138,69,88,30
2025-11-22 02:19:29,France_level_2_final,Ensemble (mean weight) top 13 models_TH_0.5_not_equal_weight,Month+1,0.5,2005-01-01 00:00:00,2024-12-31 00:00:00,2022-01-01 00:00:00,0.962,0.833,1.0,0.791,0.932,0.876,180,109,36,0
2025-11-22 02:19:29,France_level_2_final,Ensemble (mean weight) top 13 models_TH_0.5_not_equal_weight,Month+2,0.5,2005-01-01 00:00:00,2024-12-31 00:00:00,2022-01-01 00:00:00,0.945,0.806,0.988,0.754,0.882,0.86,170,112,41,2
2025-11-22 02:19:29,France_level_2_final,Ensemble (mean weight) top 13 models_TH_0.5_not_equal_weight,Month+3,0.5,2005-01-01 00:00:00,2024-12-31 00:00:00,2022-01-01 00:00:00,0.916,0.796,0.952,0.711,0.837,0.846,160,116,41,8
2025-11-22 02:19:29,France_level_2_final,Ensemble (mean weight) top 13 models_TH_0.5_not_equal_weight,Month+4,0.5,2005-01-01 00:00:00,2024-12-31 00:00:00,2022-01-01 00:00:00,0.86,0.735,0.898,0.575,0.785,0.778,150,104,54,17
2025-11-22 02:19:29,France_level_2_final,Ensemble (mean weight) top 13 models_TH_0.5_not_equal_weight,Month+5,0.5,2005-01-01 00:00:00,2024-12-31 00:00:00,2022-01-01 00:00:00,0.808,0.688,0.844,0.455,0.725,0.72,141,94,64,26
2025-11-22 02:19:29,France_level_2_final,Ensemble (mean weight) top 13 models_TH_0.5_not_equal_weight,Month+6,0.5,2005-01-01 00:00:00,2024-12-31 00:00:00,2022-01-01 00:00:00,0.84,0.629,0.917,0.391,0.673,0.669,154,66,91,14
2025-11-22 02:22:39,France_level_2_final,Ensemble (mean weight) top 14 models_TH_0.5_not_equal_weight,Month+1,0.5,2005-01-01 00:00:00,2024-12-31 00:00:00,2022-01-01 00:00:00,0.957,0.818,1.0,0.77,0.935,0.862,180,105,40,0
2025-11-22 02:22:39,France_level_2_final,Ensemble (mean weight) top 14 models_TH_0.5_not_equal_weight,Month+2,0.5,2005-01-01 00:00:00,2024-12-31 00:00:00,2022-01-01 00:00:00,0.936,0.773,0.988,0.706,0.884,0.831,170,103,50,2
2025-11-22 02:22:39,France_level_2_final,Ensemble (mean weight) top 14 models_TH_0.5_not_equal_weight,Month+3,0.5,2005-01-01 00:00:00,2024-12-31 00:00:00,2022-01-01 00:00:00,0.892,0.686,0.964,0.552,0.829,0.746,162,83,74,6
2025-11-22 02:22:39,France_level_2_final,Ensemble (mean weight) top 14 models_TH_0.5_not_equal_weight,Month+4,0.5,2005-01-01 00:00:00,2024-12-31 00:00:00,2022-01-01 00:00:00,0.861,0.655,0.934,0.469,0.777,0.708,156,76,82,11
2025-11-22 02:22:39,France_level_2_final,Ensemble (mean weight) top 14 models_TH_0.5_not_equal_weight,Month+5,0.5,2005-01-01 00:00:00,2024-12-31 00:00:00,2022-01-01 00:00:00,0.843,0.637,0.916,0.416,0.722,0.683,153,71,87,14
2025-11-22 02:22:39,France_level_2_final,Ensemble (mean weight) top 14 models_TH_0.5_not_equal_weight,Month+6,0.5,2005-01-01 00:00:00,2024-12-31 00:00:00,2022-01-01 00:00:00,0.83,0.634,0.899,0.389,0.669,0.672,151,70,87,17
2025-11-22 02:03:28,Greece_level_3_final,"SGD (Logistic, ElasticNet)",Month+1,0.5,2005-01-01 00:00:00,2024-12-31 00:00:00,2022-01-01 00:00:00,0.976,0.95,0.983,0.827,0.984,0.891,171,36,9,3
2025-11-22 02:03:28,Greece_level_3_final,"SGD (Logistic, ElasticNet)",Month+2,0.5,2005-01-01 00:00:00,2024-12-31 00:00:00,2022-01-01 00:00:00,0.915,0.946,0.908,0.672,0.942,0.854,158,36,9,16
2025-11-22 02:03:28,Greece_level_3_final,"SGD (Logistic, ElasticNet)",Month+3,0.5,2005-01-01 00:00:00,2024-12-31 00:00:00,2022-01-01 00:00:00,0.998,0.989,1.0,0.972,1.0,0.978,174,43,2,0
2025-11-22 02:03:28,Greece_level_3_final,"SGD (Logistic, ElasticNet)",Month+4,0.5,2005-01-01 00:00:00,2024-12-31 00:00:00,2022-01-01 00:00:00,0.99,0.972,0.994,0.915,0.999,0.942,173,40,5,1
2025-11-22 02:03:28,Greece_level_3_final,"SGD (Logistic, ElasticNet)",Month+5,0.5,2005-01-01 00:00:00,2024-12-31 00:00:00,2022-01-01 00:00:00,0.906,0.856,0.92,0.366,0.773,0.66,160,18,27,14
2025-11-22 02:03:28,Greece_level_3_final,"SGD (Logistic, ElasticNet)",Month+6,0.5,2005-01-01 00:00:00,2024-12-31 00:00:00,2022-01-01 00:00:00,0.988,0.941,1.0,0.843,1.0,0.878,174,34,11,0
2025-11-22 02:03:32,Greece_level_3_final,MLP (2-layer NN),Month+1,0.5,2005-01-01 00:00:00,2024-12-31 00:00:00,2022-01-01 00:00:00,1.0,1.0,1.0,1.0,1.0,1.0,174,45,0,0
2025-11-22 02:03:32,Greece_level_3_final,MLP (2-layer NN),Month+2,0.5,2005-01-01 00:00:00,2024-12-31 00:00:00,2022-01-01 00:00:00,0.807,1.0,0.77,0.639,0.99,0.885,134,45,0,40
2025-11-22 02:03:32,Greece_level_3_final,MLP (2-layer NN),Month+3,0.5,2005-01-01 00:00:00,2024-12-31 00:00:00,2022-01-01 00:00:00,0.751,1.0,0.707,0.576,0.986,0.853,123,45,0,51
2025-11-22 02:03:32,Greece_level_3_final,MLP (2-layer NN),Month+4,0.5,2005-01-01 00:00:00,2024-12-31 00:00:00,2022-01-01 00:00:00,0.821,0.993,0.787,0.64,0.992,0.883,137,44,1,37
2025-11-22 02:03:32,Greece_level_3_final,MLP (2-layer NN),Month+5,0.5,2005-01-01 00:00:00,2024-12-31 00:00:00,2022-01-01 00:00:00,0.995,1.0,0.994,0.986,1.0,0.997,173,45,0,1
2025-11-22 02:03:32,Greece_level_3_final,MLP (2-layer NN),Month+6,0.5,2005-01-01 00:00:00,2024-12-31 00:00:00,2022-01-01 00:00:00,0.999,0.994,1.0,0.986,1.0,0.989,174,44,1,0
2025-11-22 02:03:32,Greece_level_3_final,k-Nearest Neighbors,Month+1,0.5,2005-01-01 00:00:00,2024-12-31 00:00:00,2022-01-01 00:00:00,1.0,1.0,1.0,1.0,1.0,1.0,174,45,0,0
2025-11-22 02:03:32,Greece_level_3_final,k-Nearest Neighbors,Month+2,0.5,2005-01-01 00:00:00,2024-12-31 00:00:00,2022-01-01 00:00:00,1.0,1.0,1.0,1.0,1.0,1.0,174,45,0,0
2025-11-22 02:03:32,Greece_level_3_final,k-Nearest Neighbors,Month+3,0.5,2005-01-01 00:00:00,2024-12-31 00:00:00,2022-01-01 00:00:00,1.0,1.0,1.0,1.0,1.0,1.0,174,45,0,0
2025-11-22 02:03:32,Greece_level_3_final,k-Nearest Neighbors,Month+4,0.5,2005-01-01 00:00:00,2024-12-31 00:00:00,2022-01-01 00:00:00,0.982,1.0,0.977,0.947,1.0,0.989,170,45,0,4
2025-11-22 02:03:32,Greece_level_3_final,k-Nearest Neighbors,Month+5,0.5,2005-01-01 00:00:00,2024-12-31 00:00:00,2022-01-01 00:00:00,0.982,1.0,0.977,0.947,1.0,0.989,170,45,0,4
2025-11-22 02:03:32,Greece_level_3_final,k-Nearest Neighbors,Month+6,0.5,2005-01-01 00:00:00,2024-12-31 00:00:00,2022-01-01 00:00:00,0.986,1.0,0.983,0.96,1.0,0.991,171,45,0,3
2025-11-22 02:04:04,Greece_level_3_final,Logistic Regression,Month+1,0.5,2005-01-01 00:00:00,2024-12-31 00:00:00,2022-01-01 00:00:00,0.953,0.949,0.954,0.76,0.982,0.877,166,36,9,8
2025-11-22 02:04:04,Greece_level_3_final,Logistic Regression,Month+2,0.5,2005-01-01 00:00:00,2024-12-31 00:00:00,2022-01-01 00:00:00,0.987,0.961,0.994,0.886,0.996,0.919,173,38,7,1
2025-11-22 02:04:04,Greece_level_3_final,Logistic Regression,Month+3,0.5,2005-01-01 00:00:00,2024-12-31 00:00:00,2022-01-01 00:00:00,0.977,0.955,0.983,0.842,0.996,0.902,171,37,8,3
2025-11-22 02:04:04,Greece_level_3_final,Logistic Regression,Month+4,0.5,2005-01-01 00:00:00,2024-12-31 00:00:00,2022-01-01 00:00:00,0.975,0.966,0.977,0.858,0.99,0.922,170,39,6,4
2025-11-22 02:04:04,Greece_level_3_final,Logistic Regression,Month+5,0.5,2005-01-01 00:00:00,2024-12-31 00:00:00,2022-01-01 00:00:00,0.982,0.956,0.989,0.856,0.989,0.905,172,37,8,2
2025-11-22 02:04:04,Greece_level_3_final,Logistic Regression,Month+6,0.5,2005-01-01 00:00:00,2024-12-31 00:00:00,2022-01-01 00:00:00,0.982,0.935,0.994,0.812,0.996,0.864,173,33,12,1
2025-11-22 02:04:04,Greece_level_3_final,RidgeClassifier (Calibrated),Month+1,0.5,2005-01-01 00:00:00,2024-12-31 00:00:00,2022-01-01 00:00:00,0.958,1.0,0.948,0.889,1.0,0.974,165,45,0,9
2025-11-22 02:04:04,Greece_level_3_final,RidgeClassifier (Calibrated),Month+2,0.5,2005-01-01 00:00:00,2024-12-31 00:00:00,2022-01-01 00:00:00,0.891,1.0,0.868,0.758,1.0,0.934,151,45,0,23
2025-11-22 02:04:04,Greece_level_3_final,RidgeClassifier (Calibrated),Month+3,0.5,2005-01-01 00:00:00,2024-12-31 00:00:00,2022-01-01 00:00:00,0.761,1.0,0.718,0.586,0.974,0.859,125,45,0,49
2025-11-22 02:04:04,Greece_level_3_final,RidgeClassifier (Calibrated),Month+4,0.5,2005-01-01 00:00:00,2024-12-31 00:00:00,2022-01-01 00:00:00,0.672,1.0,0.621,0.502,1.0,0.81,108,45,0,66
2025-11-22 02:04:04,Greece_level_3_final,RidgeClassifier (Calibrated),Month+5,0.5,2005-01-01 00:00:00,2024-12-31 00:00:00,2022-01-01 00:00:00,0.521,1.0,0.466,0.39,1.0,0.733,81,45,0,93
2025-11-22 02:04:04,Greece_level_3_final,RidgeClassifier (Calibrated),Month+6,0.5,2005-01-01 00:00:00,2024-12-31 00:00:00,2022-01-01 00:00:00,0.561,1.0,0.506,0.417,1.0,0.753,88,45,0,86
2025-11-22 02:04:12,Greece_level_3_final,Random Forest,Month+1,0.5,2005-01-01 00:00:00,2024-12-31 00:00:00,2022-01-01 00:00:00,1.0,1.0,1.0,1.0,1.0,1.0,174,45,0,0
2025-11-22 02:04:12,Greece_level_3_final,Random Forest,Month+2,0.5,2005-01-01 00:00:00,2024-12-31 00:00:00,2022-01-01 00:00:00,1.0,1.0,1.0,1.0,1.0,1.0,174,45,0,0
2025-11-22 02:04:12,Greece_level_3_final,Random Forest,Month+3,0.5,2005-01-01 00:00:00,2024-12-31 00:00:00,2022-01-01 00:00:00,0.949,1.0,0.937,0.868,1.0,0.968,163,45,0,11
2025-11-22 02:04:12,Greece_level_3_final,Random Forest,Month+4,0.5,2005-01-01 00:00:00,2024-12-31 00:00:00,2022-01-01 00:00:00,0.891,1.0,0.868,0.758,1.0,0.934,151,45,0,23
2025-11-22 02:04:12,Greece_level_3_final,Random Forest,Month+5,0.5,2005-01-01 00:00:00,2024-12-31 00:00:00,2022-01-01 00:00:00,0.857,1.0,0.828,0.705,1.0,0.914,144,45,0,30
2025-11-22 02:04:12,Greece_level_3_final,Random Forest,Month+6,0.5,2005-01-01 00:00:00,2024-12-31 00:00:00,2022-01-01 00:00:00,0.906,1.0,0.885,0.783,1.0,0.943,154,45,0,20
2025-11-22 02:04:26,Greece_level_3_final,Balanced Random Forest,Month+1,0.5,2005-01-01 00:00:00,2024-12-31 00:00:00,2022-01-01 00:00:00,0.998,0.989,1.0,0.972,1.0,0.978,174,43,2,0
2025-11-22 02:04:26,Greece_level_3_final,Balanced Random Forest,Month+2,0.5,2005-01-01 00:00:00,2024-12-31 00:00:00,2022-01-01 00:00:00,0.994,0.972,1.0,0.93,1.0,0.944,174,40,5,0
2025-11-22 02:04:26,Greece_level_3_final,Balanced Random Forest,Month+3,0.5,2005-01-01 00:00:00,2024-12-31 00:00:00,2022-01-01 00:00:00,0.994,0.972,1.0,0.93,1.0,0.944,174,40,5,0
2025-11-22 02:04:26,Greece_level_3_final,Balanced Random Forest,Month+4,0.5,2005-01-01 00:00:00,2024-12-31 00:00:00,2022-01-01 00:00:00,0.995,0.978,1.0,0.944,1.0,0.956,174,41,4,0
2025-11-22 02:04:26,Greece_level_3_final,Balanced Random Forest,Month+5,0.5,2005-01-01 00:00:00,2024-12-31 00:00:00,2022-01-01 00:00:00,0.993,0.967,1.0,0.915,0.999,0.933,174,39,6,0
2025-11-22 02:04:26,Greece_level_3_final,Balanced Random Forest,Month+6,0.5,2005-01-01 00:00:00,2024-12-31 00:00:00,2022-01-01 00:00:00,0.992,0.961,1.0,0.901,1.0,0.922,174,38,7,0
2025-11-22 02:04:34,Greece_level_3_final,ExtraTrees,Month+1,0.5,2005-01-01 00:00:00,2024-12-31 00:00:00,2022-01-01 00:00:00,1.0,1.0,1.0,1.0,1.0,1.0,174,45,0,0
2025-11-22 02:04:34,Greece_level_3_final,ExtraTrees,Month+2,0.5,2005-01-01 00:00:00,2024-12-31 00:00:00,2022-01-01 00:00:00,1.0,1.0,1.0,1.0,1.0,1.0,174,45,0,0
2025-11-22 02:04:34,Greece_level_3_final,ExtraTrees,Month+3,0.5,2005-01-01 00:00:00,2024-12-31 00:00:00,2022-01-01 00:00:00,1.0,1.0,1.0,1.0,1.0,1.0,174,45,0,0
2025-11-22 02:04:34,Greece_level_3_final,ExtraTrees,Month+4,0.5,2005-01-01 00:00:00,2024-12-31 00:00:00,2022-01-01 00:00:00,0.995,1.0,0.994,0.986,1.0,0.997,173,45,0,1
2025-11-22 02:04:34,Greece_level_3_final,ExtraTrees,Month+5,0.5,2005-01-01 00:00:00,2024-12-31 00:00:00,2022-01-01 00:00:00,1.0,1.0,1.0,1.0,1.0,1.0,174,45,0,0
2025-11-22 02:04:34,Greece_level_3_final,ExtraTrees,Month+6,0.5,2005-01-01 00:00:00,2024-12-31 00:00:00,2022-01-01 00:00:00,1.0,1.0,1.0,1.0,1.0,1.0,174,45,0,0
2025-11-22 02:04:47,Greece_level_3_final,Gradient Boosting,Month+1,0.5,2005-01-01 00:00:00,2024-12-31 00:00:00,2022-01-01 00:00:00,0.963,1.0,0.954,0.9,1.0,0.977,166,45,0,8
2025-11-22 02:04:47,Greece_level_3_final,Gradient Boosting,Month+2,0.5,2005-01-01 00:00:00,2024-12-31 00:00:00,2022-01-01 00:00:00,1.0,1.0,1.0,1.0,1.0,1.0,174,45,0,0
2025-11-22 02:04:47,Greece_level_3_final,Gradient Boosting,Month+3,0.5,2005-01-01 00:00:00,2024-12-31 00:00:00,2022-01-01 00:00:00,0.999,0.994,1.0,0.986,1.0,0.989,174,44,1,0
2025-11-22 02:04:47,Greece_level_3_final,Gradient Boosting,Month+4,0.5,2005-01-01 00:00:00,2024-12-31 00:00:00,2022-01-01 00:00:00,0.986,1.0,0.983,0.96,1.0,0.991,171,45,0,3
2025-11-22 02:04:47,Greece_level_3_final,Gradient Boosting,Month+5,0.5,2005-01-01 00:00:00,2024-12-31 00:00:00,2022-01-01 00:00:00,0.901,1.0,0.879,0.774,0.999,0.94,153,45,0,21
2025-11-22 02:04:47,Greece_level_3_final,Gradient Boosting,Month+6,0.5,2005-01-01 00:00:00,2024-12-31 00:00:00,2022-01-01 00:00:00,0.972,1.0,0.966,0.923,1.0,0.983,168,45,0,6
2025-11-22 02:04:52,Greece_level_3_final,AdaBoost,Month+1,0.5,2005-01-01 00:00:00,2024-12-31 00:00:00,2022-01-01 00:00:00,0.982,1.0,0.977,0.947,1.0,0.989,170,45,0,4
2025-11-22 02:04:52,Greece_level_3_final,AdaBoost,Month+2,0.5,2005-01-01 00:00:00,2024-12-31 00:00:00,2022-01-01 00:00:00,0.949,1.0,0.937,0.868,1.0,0.968,163,45,0,11
2025-11-22 02:04:52,Greece_level_3_final,AdaBoost,Month+3,0.5,2005-01-01 00:00:00,2024-12-31 00:00:00,2022-01-01 00:00:00,0.949,1.0,0.937,0.868,1.0,0.968,163,45,0,11
2025-11-22 02:04:52,Greece_level_3_final,AdaBoost,Month+4,0.5,2005-01-01 00:00:00,2024-12-31 00:00:00,2022-01-01 00:00:00,0.92,1.0,0.902,0.809,1.0,0.951,157,45,0,17
2025-11-22 02:04:52,Greece_level_3_final,AdaBoost,Month+5,0.5,2005-01-01 00:00:00,2024-12-31 00:00:00,2022-01-01 00:00:00,0.906,1.0,0.885,0.783,1.0,0.943,154,45,0,20
2025-11-22 02:04:52,Greece_level_3_final,AdaBoost,Month+6,0.5,2005-01-01 00:00:00,2024-12-31 00:00:00,2022-01-01 00:00:00,0.887,1.0,0.862,0.75,0.998,0.931,150,45,0,24
2025-11-22 02:05:10,Greece_level_3_final,Hist Gradient Boosting,Month+1,0.5,2005-01-01 00:00:00,2024-12-31 00:00:00,2022-01-01 00:00:00,0.986,1.0,0.983,0.96,1.0,0.991,171,45,0,3
2025-11-22 02:05:10,Greece_level_3_final,Hist Gradient Boosting,Month+2,0.5,2005-01-01 00:00:00,2024-12-31 00:00:00,2022-01-01 00:00:00,0.901,1.0,0.879,0.774,1.0,0.94,153,45,0,21
2025-11-22 02:05:10,Greece_level_3_final,Hist Gradient Boosting,Month+3,0.5,2005-01-01 00:00:00,2024-12-31 00:00:00,2022-01-01 00:00:00,1.0,1.0,1.0,1.0,1.0,1.0,174,45,0,0
2025-11-22 02:05:10,Greece_level_3_final,Hist Gradient Boosting,Month+4,0.5,2005-01-01 00:00:00,2024-12-31 00:00:00,2022-01-01 00:00:00,1.0,1.0,1.0,1.0,1.0,1.0,174,45,0,0
2025-11-22 02:05:10,Greece_level_3_final,Hist Gradient Boosting,Month+5,0.5,2005-01-01 00:00:00,2024-12-31 00:00:00,2022-01-01 00:00:00,0.986,1.0,0.983,0.96,1.0,0.991,171,45,0,3
2025-11-22 02:05:10,Greece_level_3_final,Hist Gradient Boosting,Month+6,0.5,2005-01-01 00:00:00,2024-12-31 00:00:00,2022-01-01 00:00:00,0.999,0.994,1.0,0.986,1.0,0.989,174,44,1,0
2025-11-22 02:05:15,Greece_level_3_final,XGBoost,Month+1,0.5,2005-01-01 00:00:00,2024-12-31 00:00:00,2022-01-01 00:00:00,0.986,1.0,0.983,0.96,1.0,0.991,171,45,0,3
2025-11-22 02:05:15,Greece_level_3_final,XGBoost,Month+2,0.5,2005-01-01 00:00:00,2024-12-31 00:00:00,2022-01-01 00:00:00,0.986,1.0,0.983,0.96,1.0,0.991,171,45,0,3
2025-11-22 02:05:15,Greece_level_3_final,XGBoost,Month+3,0.5,2005-01-01 00:00:00,2024-12-31 00:00:00,2022-01-01 00:00:00,1.0,1.0,1.0,1.0,1.0,1.0,174,45,0,0
2025-11-22 02:05:15,Greece_level_3_final,XGBoost,Month+4,0.5,2005-01-01 00:00:00,2024-12-31 00:00:00,2022-01-01 00:00:00,1.0,1.0,1.0,1.0,1.0,1.0,174,45,0,0
2025-11-22 02:05:15,Greece_level_3_final,XGBoost,Month+5,0.5,2005-01-01 00:00:00,2024-12-31 00:00:00,2022-01-01 00:00:00,1.0,1.0,1.0,1.0,1.0,1.0,174,45,0,0
2025-11-22 02:05:15,Greece_level_3_final,XGBoost,Month+6,0.5,2005-01-01 00:00:00,2024-12-31 00:00:00,2022-01-01 00:00:00,1.0,1.0,1.0,1.0,1.0,1.0,174,45,0,0
2025-11-22 02:05:37,Greece_level_3_final,LightGBM,Month+1,0.5,2005-01-01 00:00:00,2024-12-31 00:00:00,2022-01-01 00:00:00,0.977,1.0,0.971,0.935,1.0,0.986,169,45,0,5
2025-11-22 02:05:37,Greece_level_3_final,LightGBM,Month+2,0.5,2005-01-01 00:00:00,2024-12-31 00:00:00,2022-01-01 00:00:00,1.0,1.0,1.0,1.0,1.0,1.0,174,45,0,0
2025-11-22 02:05:37,Greece_level_3_final,LightGBM,Month+3,0.5,2005-01-01 00:00:00,2024-12-31 00:00:00,2022-01-01 00:00:00,1.0,1.0,1.0,1.0,1.0,1.0,174,45,0,0
2025-11-22 02:05:37,Greece_level_3_final,LightGBM,Month+4,0.5,2005-01-01 00:00:00,2024-12-31 00:00:00,2022-01-01 00:00:00,1.0,1.0,1.0,1.0,1.0,1.0,174,45,0,0
2025-11-22 02:05:37,Greece_level_3_final,LightGBM,Month+5,0.5,2005-01-01 00:00:00,2024-12-31 00:00:00,2022-01-01 00:00:00,0.998,0.989,1.0,0.972,1.0,0.978,174,43,2,0
2025-11-22 02:05:37,Greece_level_3_final,LightGBM,Month+6,0.5,2005-01-01 00:00:00,2024-12-31 00:00:00,2022-01-01 00:00:00,0.998,0.989,1.0,0.972,1.0,0.978,174,43,2,0
2025-11-22 02:05:40,Greece_level_3_final,CatBoost,Month+1,0.5,2005-01-01 00:00:00,2024-12-31 00:00:00,2022-01-01 00:00:00,0.995,1.0,0.994,0.986,1.0,0.997,173,45,0,1
2025-11-22 02:05:40,Greece_level_3_final,CatBoost,Month+2,0.5,2005-01-01 00:00:00,2024-12-31 00:00:00,2022-01-01 00:00:00,0.972,1.0,0.966,0.923,0.998,0.983,168,45,0,6
2025-11-22 02:05:40,Greece_level_3_final,CatBoost,Month+3,0.5,2005-01-01 00:00:00,2024-12-31 00:00:00,2022-01-01 00:00:00,0.939,1.0,0.925,0.847,0.993,0.963,161,45,0,13
2025-11-22 02:05:40,Greece_level_3_final,CatBoost,Month+4,0.5,2005-01-01 00:00:00,2024-12-31 00:00:00,2022-01-01 00:00:00,0.929,0.994,0.914,0.812,0.994,0.946,159,44,1,15
2025-11-22 02:05:40,Greece_level_3_final,CatBoost,Month+5,0.5,2005-01-01 00:00:00,2024-12-31 00:00:00,2022-01-01 00:00:00,0.968,1.0,0.96,0.911,0.999,0.98,167,45,0,7
2025-11-22 02:05:40,Greece_level_3_final,CatBoost,Month+6,0.5,2005-01-01 00:00:00,2024-12-31 00:00:00,2022-01-01 00:00:00,0.915,1.0,0.897,0.8,0.997,0.948,156,45,0,18
2025-11-22 02:09:12,Greece_level_3_final,Ensemble (mean weight) top 3 models_TH_auto_not_equal_weight,Month+1,0.16,2005-01-01 00:00:00,2024-12-31 00:00:00,2022-01-01 00:00:00,0.999,0.994,1.0,0.986,1.0,0.989,174,44,1,0
2025-11-22 02:09:12,Greece_level_3_final,Ensemble (mean weight) top 3 models_TH_auto_not_equal_weight,Month+2,0.19,2005-01-01 00:00:00,2024-12-31 00:00:00,2022-01-01 00:00:00,0.998,0.989,1.0,0.972,1.0,0.978,174,43,2,0
2025-11-22 02:09:12,Greece_level_3_final,Ensemble (mean weight) top 3 models_TH_auto_not_equal_weight,Month+3,0.22,2005-01-01 00:00:00,2024-12-31 00:00:00,2022-01-01 00:00:00,0.998,0.989,1.0,0.972,1.0,0.978,174,43,2,0
2025-11-22 02:09:12,Greece_level_3_final,Ensemble (mean weight) top 3 models_TH_auto_not_equal_weight,Month+4,0.19,2005-01-01 00:00:00,2024-12-31 00:00:00,2022-01-01 00:00:00,0.992,0.961,1.0,0.901,1.0,0.922,174,38,7,0
2025-11-22 02:09:12,Greece_level_3_final,Ensemble (mean weight) top 3 models_TH_auto_not_equal_weight,Month+5,0.22,2005-01-01 00:00:00,2024-12-31 00:00:00,2022-01-01 00:00:00,0.998,0.989,1.0,0.972,1.0,0.978,174,43,2,0
2025-11-22 02:09:12,Greece_level_3_final,Ensemble (mean weight) top 3 models_TH_auto_not_equal_weight,Month+6,0.21,2005-01-01 00:00:00,2024-12-31 00:00:00,2022-01-01 00:00:00,0.995,0.978,1.0,0.944,1.0,0.956,174,41,4,0
2025-11-22 02:12:52,Greece_level_3_final,Ensemble (mean weight) top 4 models_TH_auto_not_equal_weight,Month+1,0.19,2005-01-01 00:00:00,2024-12-31 00:00:00,2022-01-01 00:00:00,0.999,0.994,1.0,0.986,1.0,0.989,174,44,1,0
2025-11-22 02:12:52,Greece_level_3_final,Ensemble (mean weight) top 4 models_TH_auto_not_equal_weight,Month+2,0.21,2005-01-01 00:00:00,2024-12-31 00:00:00,2022-01-01 00:00:00,0.997,0.983,1.0,0.958,1.0,0.967,174,42,3,0
2025-11-22 02:12:52,Greece_level_3_final,Ensemble (mean weight) top 4 models_TH_auto_not_equal_weight,Month+3,0.24,2005-01-01 00:00:00,2024-12-31 00:00:00,2022-01-01 00:00:00,0.998,0.989,1.0,0.972,1.0,0.978,174,43,2,0
2025-11-22 02:12:52,Greece_level_3_final,Ensemble (mean weight) top 4 models_TH_auto_not_equal_weight,Month+4,0.25,2005-01-01 00:00:00,2024-12-31 00:00:00,2022-01-01 00:00:00,0.998,0.989,1.0,0.972,1.0,0.978,174,43,2,0
2025-11-22 02:12:52,Greece_level_3_final,Ensemble (mean weight) top 4 models_TH_auto_not_equal_weight,Month+5,0.24,2005-01-01 00:00:00,2024-12-31 00:00:00,2022-01-01 00:00:00,0.998,0.989,1.0,0.972,1.0,0.978,174,43,2,0
2025-11-22 02:12:52,Greece_level_3_final,Ensemble (mean weight) top 4 models_TH_auto_not_equal_weight,Month+6,0.21,2005-01-01 00:00:00,2024-12-31 00:00:00,2022-01-01 00:00:00,0.995,0.978,1.0,0.944,1.0,0.956,174,41,4,0
2025-11-22 02:16:48,Greece_level_3_final,Ensemble (mean weight) top 5 models_TH_auto_not_equal_weight,Month+1,0.2,2005-01-01 00:00:00,2024-12-31 00:00:00,2022-01-01 00:00:00,0.999,0.994,1.0,0.986,1.0,0.989,174,44,1,0
2025-11-22 02:16:48,Greece_level_3_final,Ensemble (mean weight) top 5 models_TH_auto_not_equal_weight,Month+2,0.28,2005-01-01 00:00:00,2024-12-31 00:00:00,2022-01-01 00:00:00,0.998,0.989,1.0,0.972,1.0,0.978,174,43,2,0
2025-11-22 02:16:48,Greece_level_3_final,Ensemble (mean weight) top 5 models_TH_auto_not_equal_weight,Month+3,0.3,2005-01-01 00:00:00,2024-12-31 00:00:00,2022-01-01 00:00:00,0.998,0.989,1.0,0.972,1.0,0.978,174,43,2,0
2025-11-22 02:16:48,Greece_level_3_final,Ensemble (mean weight) top 5 models_TH_auto_not_equal_weight,Month+4,0.25,2005-01-01 00:00:00,2024-12-31 00:00:00,2022-01-01 00:00:00,0.997,0.983,1.0,0.958,1.0,0.967,174,42,3,0
2025-11-22 02:16:48,Greece_level_3_final,Ensemble (mean weight) top 5 models_TH_auto_not_equal_weight,Month+5,0.29,2005-01-01 00:00:00,2024-12-31 00:00:00,2022-01-01 00:00:00,0.999,0.994,1.0,0.986,1.0,0.989,174,44,1,0
2025-11-22 02:16:48,Greece_level_3_final,Ensemble (mean weight) top 5 models_TH_auto_not_equal_weight,Month+6,0.28,2005-01-01 00:00:00,2024-12-31 00:00:00,2022-01-01 00:00:00,0.999,0.994,1.0,0.986,1.0,0.989,174,44,1,0
2025-11-22 02:21:20,Greece_level_3_final,Ensemble (mean weight) top 6 models_TH_auto_not_equal_weight,Month+1,0.17,2005-01-01 00:00:00,2024-12-31 00:00:00,2022-01-01 00:00:00,0.999,0.994,1.0,0.986,1.0,0.989,174,44,1,0
2025-11-22 02:21:20,Greece_level_3_final,Ensemble (mean weight) top 6 models_TH_auto_not_equal_weight,Month+2,0.24,2005-01-01 00:00:00,2024-12-31 00:00:00,2022-01-01 00:00:00,0.999,0.994,1.0,0.986,1.0,0.989,174,44,1,0
2025-11-22 02:21:20,Greece_level_3_final,Ensemble (mean weight) top 6 models_TH_auto_not_equal_weight,Month+3,0.23,2005-01-01 00:00:00,2024-12-31 00:00:00,2022-01-01 00:00:00,0.997,0.983,1.0,0.958,1.0,0.967,174,42,3,0
2025-11-22 02:21:20,Greece_level_3_final,Ensemble (mean weight) top 6 models_TH_auto_not_equal_weight,Month+4,0.25,2005-01-01 00:00:00,2024-12-31 00:00:00,2022-01-01 00:00:00,0.999,0.994,1.0,0.986,1.0,0.989,174,44,1,0
2025-11-22 02:21:20,Greece_level_3_final,Ensemble (mean weight) top 6 models_TH_auto_not_equal_weight,Month+5,0.24,2005-01-01 00:00:00,2024-12-31 00:00:00,2022-01-01 00:00:00,0.995,0.978,1.0,0.944,1.0,0.956,174,41,4,0
2025-11-22 02:21:20,Greece_level_3_final,Ensemble (mean weight) top 6 models_TH_auto_not_equal_weight,Month+6,0.22,2005-01-01 00:00:00,2024-12-31 00:00:00,2022-01-01 00:00:00,0.992,0.961,1.0,0.901,1.0,0.922,174,38,7,0
2025-11-22 02:26:18,Greece_level_3_final,Ensemble (mean weight) top 7 models_TH_auto_not_equal_weight,Month+1,0.16,2005-01-01 00:00:00,2024-12-31 00:00:00,2022-01-01 00:00:00,0.999,0.994,1.0,0.986,1.0,0.989,174,44,1,0
2025-11-22 02:26:18,Greece_level_3_final,Ensemble (mean weight) top 7 models_TH_auto_not_equal_weight,Month+2,0.18,2005-01-01 00:00:00,2024-12-31 00:00:00,2022-01-01 00:00:00,0.999,0.994,1.0,0.986,1.0,0.989,174,44,1,0
2025-11-22 02:26:18,Greece_level_3_final,Ensemble (mean weight) top 7 models_TH_auto_not_equal_weight,Month+3,0.23,2005-01-01 00:00:00,2024-12-31 00:00:00,2022-01-01 00:00:00,0.999,0.994,1.0,0.986,1.0,0.989,174,44,1,0
2025-11-22 02:26:18,Greece_level_3_final,Ensemble (mean weight) top 7 models_TH_auto_not_equal_weight,Month+4,0.25,2005-01-01 00:00:00,2024-12-31 00:00:00,2022-01-01 00:00:00,1.0,1.0,1.0,1.0,1.0,1.0,174,45,0,0
2025-11-22 02:26:18,Greece_level_3_final,Ensemble (mean weight) top 7 models_TH_auto_not_equal_weight,Month+5,0.24,2005-01-01 00:00:00,2024-12-31 00:00:00,2022-01-01 00:00:00,0.999,0.994,1.0,0.986,1.0,0.989,174,44,1,0
2025-11-22 02:26:18,Greece_level_3_final,Ensemble (mean weight) top 7 models_TH_auto_not_equal_weight,Month+6,0.22,2005-01-01 00:00:00,2024-12-31 00:00:00,2022-01-01 00:00:00,0.998,0.989,1.0,0.972,1.0,0.978,174,43,2,0
2025-11-22 02:27:48,Greece_level_3_final,Ensemble (mean weight) top 9 models_TH_auto_not_equal_weight,Month+1,0.15,2005-01-01 00:00:00,2024-12-31 00:00:00,2022-01-01 00:00:00,0.999,0.994,1.0,0.986,1.0,0.989,174,44,1,0
2025-11-22 02:27:48,Greece_level_3_final,Ensemble (mean weight) top 9 models_TH_auto_not_equal_weight,Month+2,0.17,2005-01-01 00:00:00,2024-12-31 00:00:00,2022-01-01 00:00:00,0.998,0.989,1.0,0.972,1.0,0.978,174,43,2,0
2025-11-22 02:27:48,Greece_level_3_final,Ensemble (mean weight) top 9 models_TH_auto_not_equal_weight,Month+3,0.21,2005-01-01 00:00:00,2024-12-31 00:00:00,2022-01-01 00:00:00,0.999,0.994,1.0,0.986,1.0,0.989,174,44,1,0
2025-11-22 02:27:48,Greece_level_3_final,Ensemble (mean weight) top 9 models_TH_auto_not_equal_weight,Month+4,0.22,2005-01-01 00:00:00,2024-12-31 00:00:00,2022-01-01 00:00:00,0.997,0.983,1.0,0.958,1.0,0.967,174,42,3,0
2025-11-22 02:27:48,Greece_level_3_final,Ensemble (mean weight) top 9 models_TH_auto_not_equal_weight,Month+5,0.24,2005-01-01 00:00:00,2024-12-31 00:00:00,2022-01-01 00:00:00,0.998,0.989,1.0,0.972,1.0,0.978,174,43,2,0
2025-11-22 02:27:48,Greece_level_3_final,Ensemble (mean weight) top 9 models_TH_auto_not_equal_weight,Month+6,0.22,2005-01-01 00:00:00,2024-12-31 00:00:00,2022-01-01 00:00:00,0.998,0.989,1.0,0.972,1.0,0.978,174,43,2,0
2025-11-22 02:31:18,Greece_level_3_final,Ensemble (mean weight) top 8 models_TH_auto_not_equal_weight,Month+1,0.14,2005-01-01 00:00:00,2024-12-31 00:00:00,2022-01-01 00:00:00,0.998,0.989,1.0,0.972,1.0,0.978,174,43,2,0
2025-11-22 02:31:18,Greece_level_3_final,Ensemble (mean weight) top 8 models_TH_auto_not_equal_weight,Month+2,0.18,2005-01-01 00:00:00,2024-12-31 00:00:00,2022-01-01 00:00:00,0.999,0.994,1.0,0.986,1.0,0.989,174,44,1,0
2025-11-22 02:31:18,Greece_level_3_final,Ensemble (mean weight) top 8 models_TH_auto_not_equal_weight,Month+3,0.23,2005-01-01 00:00:00,2024-12-31 00:00:00,2022-01-01 00:00:00,0.999,0.994,1.0,0.986,1.0,0.989,174,44,1,0
2025-11-22 02:31:18,Greece_level_3_final,Ensemble (mean weight) top 8 models_TH_auto_not_equal_weight,Month+4,0.24,2005-01-01 00:00:00,2024-12-31 00:00:00,2022-01-01 00:00:00,0.998,0.989,1.0,0.972,1.0,0.978,174,43,2,0
2025-11-22 02:31:18,Greece_level_3_final,Ensemble (mean weight) top 8 models_TH_auto_not_equal_weight,Month+5,0.25,2005-01-01 00:00:00,2024-12-31 00:00:00,2022-01-01 00:00:00,0.999,0.994,1.0,0.986,1.0,0.989,174,44,1,0
2025-11-22 02:31:18,Greece_level_3_final,Ensemble (mean weight) top 8 models_TH_auto_not_equal_weight,Month+6,0.23,2005-01-01 00:00:00,2024-12-31 00:00:00,2022-01-01 00:00:00,0.998,0.989,1.0,0.972,1.0,0.978,174,43,2,0
2025-11-22 02:33:00,Greece_level_3_final,Ensemble (mean weight) top 10 models_TH_auto_not_equal_weight,Month+1,0.14,2005-01-01 00:00:00,2024-12-31 00:00:00,2022-01-01 00:00:00,0.997,0.983,1.0,0.958,1.0,0.967,174,42,3,0
2025-11-22 02:33:00,Greece_level_3_final,Ensemble (mean weight) top 10 models_TH_auto_not_equal_weight,Month+2,0.17,2005-01-01 00:00:00,2024-12-31 00:00:00,2022-01-01 00:00:00,0.998,0.989,1.0,0.972,1.0,0.978,174,43,2,0
2025-11-22 02:33:00,Greece_level_3_final,Ensemble (mean weight) top 10 models_TH_auto_not_equal_weight,Month+3,0.2,2005-01-01 00:00:00,2024-12-31 00:00:00,2022-01-01 00:00:00,0.999,0.994,1.0,0.986,1.0,0.989,174,44,1,0
2025-11-22 02:33:00,Greece_level_3_final,Ensemble (mean weight) top 10 models_TH_auto_not_equal_weight,Month+4,0.21,2005-01-01 00:00:00,2024-12-31 00:00:00,2022-01-01 00:00:00,0.999,0.994,1.0,0.986,0.999,0.989,174,44,1,0
2025-11-22 02:33:00,Greece_level_3_final,Ensemble (mean weight) top 10 models_TH_auto_not_equal_weight,Month+5,0.25,2005-01-01 00:00:00,2024-12-31 00:00:00,2022-01-01 00:00:00,1.0,1.0,1.0,1.0,1.0,1.0,174,45,0,0
2025-11-22 02:33:00,Greece_level_3_final,Ensemble (mean weight) top 10 models_TH_auto_not_equal_weight,Month+6,0.24,2005-01-01 00:00:00,2024-12-31 00:00:00,2022-01-01 00:00:00,1.0,1.0,1.0,1.0,1.0,1.0,174,45,0,0
2025-11-22 02:33:23,Greece_level_3_final,Ensemble (mean weight) top 3 model_TH_0.5_equal_weights,Month+1,0.5,2005-01-01 00:00:00,2024-12-31 00:00:00,2022-01-01 00:00:00,1.0,1.0,1.0,1.0,1.0,1.0,174,45,0,0
2025-11-22 02:33:23,Greece_level_3_final,Ensemble (mean weight) top 3 model_TH_0.5_equal_weights,Month+2,0.5,2005-01-01 00:00:00,2024-12-31 00:00:00,2022-01-01 00:00:00,0.999,0.994,1.0,0.986,1.0,0.989,174,44,1,0
2025-11-22 02:33:23,Greece_level_3_final,Ensemble (mean weight) top 3 model_TH_0.5_equal_weights,Month+3,0.5,2005-01-01 00:00:00,2024-12-31 00:00:00,2022-01-01 00:00:00,0.999,0.994,1.0,0.986,1.0,0.989,174,44,1,0
2025-11-22 02:33:23,Greece_level_3_final,Ensemble (mean weight) top 3 model_TH_0.5_equal_weights,Month+4,0.5,2005-01-01 00:00:00,2024-12-31 00:00:00,2022-01-01 00:00:00,1.0,1.0,1.0,1.0,1.0,1.0,174,45,0,0
2025-11-22 02:33:23,Greece_level_3_final,Ensemble (mean weight) top 3 model_TH_0.5_equal_weights,Month+5,0.5,2005-01-01 00:00:00,2024-12-31 00:00:00,2022-01-01 00:00:00,1.0,1.0,1.0,1.0,1.0,1.0,174,45,0,0
2025-11-22 02:33:23,Greece_level_3_final,Ensemble (mean weight) top 3 model_TH_0.5_equal_weights,Month+6,0.5,2005-01-01 00:00:00,2024-12-31 00:00:00,2022-01-01 00:00:00,1.0,1.0,1.0,1.0,1.0,1.0,174,45,0,0
2025-11-22 02:35:48,Greece_level_3_final,Ensemble (mean weight) top 4 model_TH_0.5_equal_weights,Month+1,0.5,2005-01-01 00:00:00,2024-12-31 00:00:00,2022-01-01 00:00:00,1.0,1.0,1.0,1.0,1.0,1.0,174,45,0,0
2025-11-22 02:35:48,Greece_level_3_final,Ensemble (mean weight) top 4 model_TH_0.5_equal_weights,Month+2,0.5,2005-01-01 00:00:00,2024-12-31 00:00:00,2022-01-01 00:00:00,1.0,1.0,1.0,1.0,1.0,1.0,174,45,0,0
2025-11-22 02:35:48,Greece_level_3_final,Ensemble (mean weight) top 4 model_TH_0.5_equal_weights,Month+3,0.5,2005-01-01 00:00:00,2024-12-31 00:00:00,2022-01-01 00:00:00,1.0,1.0,1.0,1.0,1.0,1.0,174,45,0,0
2025-11-22 02:35:48,Greece_level_3_final,Ensemble (mean weight) top 4 model_TH_0.5_equal_weights,Month+4,0.5,2005-01-01 00:00:00,2024-12-31 00:00:00,2022-01-01 00:00:00,1.0,1.0,1.0,1.0,1.0,1.0,174,45,0,0
2025-11-22 02:35:48,Greece_level_3_final,Ensemble (mean weight) top 4 model_TH_0.5_equal_weights,Month+5,0.5,2005-01-01 00:00:00,2024-12-31 00:00:00,2022-01-01 00:00:00,0.999,0.994,1.0,0.986,1.0,0.989,174,44,1,0
2025-11-22 02:35:48,Greece_level_3_final,Ensemble (mean weight) top 4 model_TH_0.5_equal_weights,Month+6,0.5,2005-01-01 00:00:00,2024-12-31 00:00:00,2022-01-01 00:00:00,1.0,1.0,1.0,1.0,1.0,1.0,174,45,0,0
2025-11-22 02:38:21,Greece_level_3_final,Ensemble (mean weight) top 5 model_TH_0.5_equal_weights,Month+1,0.5,2005-01-01 00:00:00,2024-12-31 00:00:00,2022-01-01 00:00:00,1.0,1.0,1.0,1.0,1.0,1.0,174,45,0,0
2025-11-22 02:38:21,Greece_level_3_final,Ensemble (mean weight) top 5 model_TH_0.5_equal_weights,Month+2,0.5,2005-01-01 00:00:00,2024-12-31 00:00:00,2022-01-01 00:00:00,1.0,1.0,1.0,1.0,1.0,1.0,174,45,0,0
2025-11-22 02:38:21,Greece_level_3_final,Ensemble (mean weight) top 5 model_TH_0.5_equal_weights,Month+3,0.5,2005-01-01 00:00:00,2024-12-31 00:00:00,2022-01-01 00:00:00,1.0,1.0,1.0,1.0,1.0,1.0,174,45,0,0
2025-11-22 02:38:21,Greece_level_3_final,Ensemble (mean weight) top 5 model_TH_0.5_equal_weights,Month+4,0.5,2005-01-01 00:00:00,2024-12-31 00:00:00,2022-01-01 00:00:00,1.0,1.0,1.0,1.0,1.0,1.0,174,45,0,0
2025-11-22 02:38:21,Greece_level_3_final,Ensemble (mean weight) top 5 model_TH_0.5_equal_weights,Month+5,0.5,2005-01-01 00:00:00,2024-12-31 00:00:00,2022-01-01 00:00:00,1.0,1.0,1.0,1.0,1.0,1.0,174,45,0,0
2025-11-22 02:38:21,Greece_level_3_final,Ensemble (mean weight) top 5 model_TH_0.5_equal_weights,Month+6,0.5,2005-01-01 00:00:00,2024-12-31 00:00:00,2022-01-01 00:00:00,1.0,1.0,1.0,1.0,1.0,1.0,174,45,0,0
2025-11-22 02:38:28,Greece_level_3_final,Ensemble (mean weight) top 11 models_TH_auto_not_equal_weight,Month+1,0.15,2005-01-01 00:00:00,2024-12-31 00:00:00,2022-01-01 00:00:00,0.997,0.983,1.0,0.958,1.0,0.967,174,42,3,0
2025-11-22 02:38:28,Greece_level_3_final,Ensemble (mean weight) top 11 models_TH_auto_not_equal_weight,Month+2,0.18,2005-01-01 00:00:00,2024-12-31 00:00:00,2022-01-01 00:00:00,0.998,0.989,1.0,0.972,1.0,0.978,174,43,2,0
2025-11-22 02:38:28,Greece_level_3_final,Ensemble (mean weight) top 11 models_TH_auto_not_equal_weight,Month+3,0.21,2005-01-01 00:00:00,2024-12-31 00:00:00,2022-01-01 00:00:00,0.999,0.994,1.0,0.986,1.0,0.989,174,44,1,0
2025-11-22 02:38:28,Greece_level_3_final,Ensemble (mean weight) top 11 models_TH_auto_not_equal_weight,Month+4,0.15,2005-01-01 00:00:00,2024-12-31 00:00:00,2022-01-01 00:00:00,0.999,0.994,1.0,0.986,1.0,0.989,174,44,1,0
2025-11-22 02:38:28,Greece_level_3_final,Ensemble (mean weight) top 11 models_TH_auto_not_equal_weight,Month+5,0.25,2005-01-01 00:00:00,2024-12-31 00:00:00,2022-01-01 00:00:00,1.0,1.0,1.0,1.0,1.0,1.0,174,45,0,0
2025-11-22 02:38:28,Greece_level_3_final,Ensemble (mean weight) top 11 models_TH_auto_not_equal_weight,Month+6,0.23,2005-01-01 00:00:00,2024-12-31 00:00:00,2022-01-01 00:00:00,1.0,1.0,1.0,1.0,1.0,1.0,174,45,0,0
2025-11-22 02:41:14,Greece_level_3_final,Ensemble (mean weight) top 6 model_TH_0.5_equal_weights,Month+1,0.5,2005-01-01 00:00:00,2024-12-31 00:00:00,2022-01-01 00:00:00,1.0,1.0,1.0,1.0,1.0,1.0,174,45,0,0
2025-11-22 02:41:14,Greece_level_3_final,Ensemble (mean weight) top 6 model_TH_0.5_equal_weights,Month+2,0.5,2005-01-01 00:00:00,2024-12-31 00:00:00,2022-01-01 00:00:00,1.0,1.0,1.0,1.0,1.0,1.0,174,45,0,0
2025-11-22 02:41:14,Greece_level_3_final,Ensemble (mean weight) top 6 model_TH_0.5_equal_weights,Month+3,0.5,2005-01-01 00:00:00,2024-12-31 00:00:00,2022-01-01 00:00:00,1.0,1.0,1.0,1.0,1.0,1.0,174,45,0,0
2025-11-22 02:41:14,Greece_level_3_final,Ensemble (mean weight) top 6 model_TH_0.5_equal_weights,Month+4,0.5,2005-01-01 00:00:00,2024-12-31 00:00:00,2022-01-01 00:00:00,1.0,1.0,1.0,1.0,1.0,1.0,174,45,0,0
2025-11-22 02:41:14,Greece_level_3_final,Ensemble (mean weight) top 6 model_TH_0.5_equal_weights,Month+5,0.5,2005-01-01 00:00:00,2024-12-31 00:00:00,2022-01-01 00:00:00,1.0,1.0,1.0,1.0,1.0,1.0,174,45,0,0
2025-11-22 02:41:14,Greece_level_3_final,Ensemble (mean weight) top 6 model_TH_0.5_equal_weights,Month+6,0.5,2005-01-01 00:00:00,2024-12-31 00:00:00,2022-01-01 00:00:00,1.0,1.0,1.0,1.0,1.0,1.0,174,45,0,0
2025-11-22 02:44:29,Greece_level_3_final,Ensemble (mean weight) top 12 models_TH_auto_not_equal_weight,Month+1,0.16,2005-01-01 00:00:00,2024-12-31 00:00:00,2022-01-01 00:00:00,1.0,1.0,1.0,1.0,1.0,1.0,174,45,0,0
2025-11-22 02:44:29,Greece_level_3_final,Ensemble (mean weight) top 12 models_TH_auto_not_equal_weight,Month+2,0.22,2005-01-01 00:00:00,2024-12-31 00:00:00,2022-01-01 00:00:00,1.0,1.0,1.0,1.0,1.0,1.0,174,45,0,0
2025-11-22 02:44:29,Greece_level_3_final,Ensemble (mean weight) top 12 models_TH_auto_not_equal_weight,Month+3,0.23,2005-01-01 00:00:00,2024-12-31 00:00:00,2022-01-01 00:00:00,0.999,0.994,1.0,0.986,1.0,0.989,174,44,1,0
2025-11-22 02:44:29,Greece_level_3_final,Ensemble (mean weight) top 12 models_TH_auto_not_equal_weight,Month+4,0.19,2005-01-01 00:00:00,2024-12-31 00:00:00,2022-01-01 00:00:00,0.998,0.989,1.0,0.972,1.0,0.978,174,43,2,0
2025-11-22 02:44:29,Greece_level_3_final,Ensemble (mean weight) top 12 models_TH_auto_not_equal_weight,Month+5,0.27,2005-01-01 00:00:00,2024-12-31 00:00:00,2022-01-01 00:00:00,1.0,1.0,1.0,1.0,1.0,1.0,174,45,0,0
2025-11-22 02:44:29,Greece_level_3_final,Ensemble (mean weight) top 12 models_TH_auto_not_equal_weight,Month+6,0.29,2005-01-01 00:00:00,2024-12-31 00:00:00,2022-01-01 00:00:00,1.0,1.0,1.0,1.0,1.0,1.0,174,45,0,0
2025-11-22 02:44:36,Greece_level_3_final,Ensemble (mean weight) top 7 model_TH_0.5_equal_weights,Month+1,0.5,2005-01-01 00:00:00,2024-12-31 00:00:00,2022-01-01 00:00:00,1.0,1.0,1.0,1.0,1.0,1.0,174,45,0,0
2025-11-22 02:44:36,Greece_level_3_final,Ensemble (mean weight) top 7 model_TH_0.5_equal_weights,Month+2,0.5,2005-01-01 00:00:00,2024-12-31 00:00:00,2022-01-01 00:00:00,1.0,1.0,1.0,1.0,1.0,1.0,174,45,0,0
2025-11-22 02:44:36,Greece_level_3_final,Ensemble (mean weight) top 7 model_TH_0.5_equal_weights,Month+3,0.5,2005-01-01 00:00:00,2024-12-31 00:00:00,2022-01-01 00:00:00,1.0,1.0,1.0,1.0,1.0,1.0,174,45,0,0
2025-11-22 02:44:36,Greece_level_3_final,Ensemble (mean weight) top 7 model_TH_0.5_equal_weights,Month+4,0.5,2005-01-01 00:00:00,2024-12-31 00:00:00,2022-01-01 00:00:00,1.0,1.0,1.0,1.0,1.0,1.0,174,45,0,0
2025-11-22 02:44:36,Greece_level_3_final,Ensemble (mean weight) top 7 model_TH_0.5_equal_weights,Month+5,0.5,2005-01-01 00:00:00,2024-12-31 00:00:00,2022-01-01 00:00:00,1.0,1.0,1.0,1.0,1.0,1.0,174,45,0,0
2025-11-22 02:44:36,Greece_level_3_final,Ensemble (mean weight) top 7 model_TH_0.5_equal_weights,Month+6,0.5,2005-01-01 00:00:00,2024-12-31 00:00:00,2022-01-01 00:00:00,1.0,1.0,1.0,1.0,1.0,1.0,174,45,0,0
2025-11-22 02:48:04,Greece_level_3_final,Ensemble (mean weight) top 8 model_TH_0.5_equal_weights,Month+1,0.5,2005-01-01 00:00:00,2024-12-31 00:00:00,2022-01-01 00:00:00,1.0,1.0,1.0,1.0,1.0,1.0,174,45,0,0
2025-11-22 02:48:04,Greece_level_3_final,Ensemble (mean weight) top 8 model_TH_0.5_equal_weights,Month+2,0.5,2005-01-01 00:00:00,2024-12-31 00:00:00,2022-01-01 00:00:00,1.0,1.0,1.0,1.0,1.0,1.0,174,45,0,0
2025-11-22 02:48:04,Greece_level_3_final,Ensemble (mean weight) top 8 model_TH_0.5_equal_weights,Month+3,0.5,2005-01-01 00:00:00,2024-12-31 00:00:00,2022-01-01 00:00:00,1.0,1.0,1.0,1.0,1.0,1.0,174,45,0,0
2025-11-22 02:48:04,Greece_level_3_final,Ensemble (mean weight) top 8 model_TH_0.5_equal_weights,Month+4,0.5,2005-01-01 00:00:00,2024-12-31 00:00:00,2022-01-01 00:00:00,1.0,1.0,1.0,1.0,1.0,1.0,174,45,0,0
2025-11-22 02:48:04,Greece_level_3_final,Ensemble (mean weight) top 8 model_TH_0.5_equal_weights,Month+5,0.5,2005-01-01 00:00:00,2024-12-31 00:00:00,2022-01-01 00:00:00,1.0,1.0,1.0,1.0,1.0,1.0,174,45,0,0
2025-11-22 02:48:04,Greece_level_3_final,Ensemble (mean weight) top 8 model_TH_0.5_equal_weights,Month+6,0.5,2005-01-01 00:00:00,2024-12-31 00:00:00,2022-01-01 00:00:00,1.0,1.0,1.0,1.0,1.0,1.0,174,45,0,0
2025-11-22 02:50:45,Greece_level_3_final,Ensemble (mean weight) top 13 models_TH_auto_not_equal_weight,Month+1,0.13,2005-01-01 00:00:00,2024-12-31 00:00:00,2022-01-01 00:00:00,1.0,1.0,1.0,1.0,1.0,1.0,174,45,0,0
2025-11-22 02:50:45,Greece_level_3_final,Ensemble (mean weight) top 13 models_TH_auto_not_equal_weight,Month+2,0.2,2005-01-01 00:00:00,2024-12-31 00:00:00,2022-01-01 00:00:00,1.0,1.0,1.0,1.0,1.0,1.0,174,45,0,0
2025-11-22 02:50:45,Greece_level_3_final,Ensemble (mean weight) top 13 models_TH_auto_not_equal_weight,Month+3,0.21,2005-01-01 00:00:00,2024-12-31 00:00:00,2022-01-01 00:00:00,0.999,0.994,1.0,0.986,1.0,0.989,174,44,1,0
2025-11-22 02:50:45,Greece_level_3_final,Ensemble (mean weight) top 13 models_TH_auto_not_equal_weight,Month+4,0.21,2005-01-01 00:00:00,2024-12-31 00:00:00,2022-01-01 00:00:00,0.999,0.994,1.0,0.986,1.0,0.989,174,44,1,0
2025-11-22 02:50:45,Greece_level_3_final,Ensemble (mean weight) top 13 models_TH_auto_not_equal_weight,Month+5,0.27,2005-01-01 00:00:00,2024-12-31 00:00:00,2022-01-01 00:00:00,1.0,1.0,1.0,1.0,1.0,1.0,174,45,0,0
2025-11-22 02:50:45,Greece_level_3_final,Ensemble (mean weight) top 13 models_TH_auto_not_equal_weight,Month+6,0.27,2005-01-01 00:00:00,2024-12-31 00:00:00,2022-01-01 00:00:00,1.0,1.0,1.0,1.0,1.0,1.0,174,45,0,0
2025-11-22 02:51:40,Greece_level_3_final,Ensemble (mean weight) top 3 models_TH_auto_equal_weight,Month+1,0.16,2005-01-01 00:00:00,2024-12-31 00:00:00,2022-01-01 00:00:00,0.999,0.994,1.0,0.986,1.0,0.989,174,44,1,0
2025-11-22 02:51:40,Greece_level_3_final,Ensemble (mean weight) top 3 models_TH_auto_equal_weight,Month+2,0.19,2005-01-01 00:00:00,2024-12-31 00:00:00,2022-01-01 00:00:00,0.998,0.989,1.0,0.972,1.0,0.978,174,43,2,0
2025-11-22 02:51:40,Greece_level_3_final,Ensemble (mean weight) top 3 models_TH_auto_equal_weight,Month+3,0.22,2005-01-01 00:00:00,2024-12-31 00:00:00,2022-01-01 00:00:00,0.998,0.989,1.0,0.972,1.0,0.978,174,43,2,0
2025-11-22 02:51:40,Greece_level_3_final,Ensemble (mean weight) top 3 models_TH_auto_equal_weight,Month+4,0.19,2005-01-01 00:00:00,2024-12-31 00:00:00,2022-01-01 00:00:00,0.997,0.983,1.0,0.958,1.0,0.967,174,42,3,0
2025-11-22 02:51:40,Greece_level_3_final,Ensemble (mean weight) top 3 models_TH_auto_equal_weight,Month+5,0.22,2005-01-01 00:00:00,2024-12-31 00:00:00,2022-01-01 00:00:00,0.998,0.989,1.0,0.972,1.0,0.978,174,43,2,0
2025-11-22 02:51:40,Greece_level_3_final,Ensemble (mean weight) top 3 models_TH_auto_equal_weight,Month+6,0.21,2005-01-01 00:00:00,2024-12-31 00:00:00,2022-01-01 00:00:00,0.999,0.994,1.0,0.986,1.0,0.989,174,44,1,0
2025-11-22 02:55:21,Greece_level_3_final,Ensemble (mean weight) top 4 models_TH_auto_equal_weight,Month+1,0.19,2005-01-01 00:00:00,2024-12-31 00:00:00,2022-01-01 00:00:00,0.999,0.994,1.0,0.986,1.0,0.989,174,44,1,0
2025-11-22 02:55:21,Greece_level_3_final,Ensemble (mean weight) top 4 models_TH_auto_equal_weight,Month+2,0.21,2005-01-01 00:00:00,2024-12-31 00:00:00,2022-01-01 00:00:00,0.998,0.989,1.0,0.972,1.0,0.978,174,43,2,0
2025-11-22 02:55:21,Greece_level_3_final,Ensemble (mean weight) top 4 models_TH_auto_equal_weight,Month+3,0.24,2005-01-01 00:00:00,2024-12-31 00:00:00,2022-01-01 00:00:00,0.998,0.989,1.0,0.972,1.0,0.978,174,43,2,0
2025-11-22 02:55:21,Greece_level_3_final,Ensemble (mean weight) top 4 models_TH_auto_equal_weight,Month+4,0.25,2005-01-01 00:00:00,2024-12-31 00:00:00,2022-01-01 00:00:00,1.0,1.0,1.0,1.0,1.0,1.0,174,45,0,0
2025-11-22 02:55:21,Greece_level_3_final,Ensemble (mean weight) top 4 models_TH_auto_equal_weight,Month+5,0.24,2005-01-01 00:00:00,2024-12-31 00:00:00,2022-01-01 00:00:00,0.998,0.989,1.0,0.972,1.0,0.978,174,43,2,0
2025-11-22 02:55:21,Greece_level_3_final,Ensemble (mean weight) top 4 models_TH_auto_equal_weight,Month+6,0.21,2005-01-01 00:00:00,2024-12-31 00:00:00,2022-01-01 00:00:00,0.997,0.983,1.0,0.958,1.0,0.967,174,42,3,0
2025-11-22 02:56:39,Greece_level_3_final,Ensemble (mean weight) top 14 models_TH_auto_not_equal_weight,Month+1,0.21,2005-01-01 00:00:00,2024-12-31 00:00:00,2022-01-01 00:00:00,0.99,0.951,1.0,0.872,0.997,0.9,174,36,9,0
2025-11-22 02:56:39,Greece_level_3_final,Ensemble (mean weight) top 14 models_TH_auto_not_equal_weight,Month+2,0.23,2005-01-01 00:00:00,2024-12-31 00:00:00,2022-01-01 00:00:00,0.944,0.948,0.943,0.737,0.972,0.871,164,36,9,10
2025-11-22 02:56:39,Greece_level_3_final,Ensemble (mean weight) top 14 models_TH_auto_not_equal_weight,Month+3,0.31,2005-01-01 00:00:00,2024-12-31 00:00:00,2022-01-01 00:00:00,0.999,0.994,1.0,0.986,1.0,0.989,174,44,1,0
2025-11-22 02:56:39,Greece_level_3_final,Ensemble (mean weight) top 14 models_TH_auto_not_equal_weight,Month+4,0.26,2005-01-01 00:00:00,2024-12-31 00:00:00,2022-01-01 00:00:00,0.999,0.994,1.0,0.986,1.0,0.989,174,44,1,0
2025-11-22 02:56:39,Greece_level_3_final,Ensemble (mean weight) top 14 models_TH_auto_not_equal_weight,Month+5,0.22,2005-01-01 00:00:00,2024-12-31 00:00:00,2022-01-01 00:00:00,0.983,0.961,0.989,0.871,0.994,0.916,172,38,7,2
2025-11-22 02:56:39,Greece_level_3_final,Ensemble (mean weight) top 14 models_TH_auto_not_equal_weight,Month+6,0.3,2005-01-01 00:00:00,2024-12-31 00:00:00,2022-01-01 00:00:00,0.991,0.956,1.0,0.887,1.0,0.911,174,37,8,0
2025-11-22 02:59:23,Greece_level_3_final,Ensemble (mean weight) top 5 models_TH_auto_equal_weight,Month+1,0.2,2005-01-01 00:00:00,2024-12-31 00:00:00,2022-01-01 00:00:00,0.999,0.994,1.0,0.986,1.0,0.989,174,44,1,0
2025-11-22 02:59:23,Greece_level_3_final,Ensemble (mean weight) top 5 models_TH_auto_equal_weight,Month+2,0.28,2005-01-01 00:00:00,2024-12-31 00:00:00,2022-01-01 00:00:00,0.998,0.989,1.0,0.972,1.0,0.978,174,43,2,0
2025-11-22 02:59:23,Greece_level_3_final,Ensemble (mean weight) top 5 models_TH_auto_equal_weight,Month+3,0.3,2005-01-01 00:00:00,2024-12-31 00:00:00,2022-01-01 00:00:00,0.998,0.989,1.0,0.972,1.0,0.978,174,43,2,0
2025-11-22 02:59:23,Greece_level_3_final,Ensemble (mean weight) top 5 models_TH_auto_equal_weight,Month+4,0.25,2005-01-01 00:00:00,2024-12-31 00:00:00,2022-01-01 00:00:00,0.997,0.983,1.0,0.958,1.0,0.967,174,42,3,0
2025-11-22 02:59:23,Greece_level_3_final,Ensemble (mean weight) top 5 models_TH_auto_equal_weight,Month+5,0.29,2005-01-01 00:00:00,2024-12-31 00:00:00,2022-01-01 00:00:00,0.997,0.983,1.0,0.958,1.0,0.967,174,42,3,0
2025-11-22 02:59:23,Greece_level_3_final,Ensemble (mean weight) top 5 models_TH_auto_equal_weight,Month+6,0.28,2005-01-01 00:00:00,2024-12-31 00:00:00,2022-01-01 00:00:00,0.997,0.983,1.0,0.958,1.0,0.967,174,42,3,0
2025-11-22 03:00:14,Greece_level_3_final,Ensemble (mean weight) top 9 model_TH_0.5_equal_weights,Month+1,0.5,2005-01-01 00:00:00,2024-12-31 00:00:00,2022-01-01 00:00:00,1.0,1.0,1.0,1.0,1.0,1.0,174,45,0,0
2025-11-22 03:00:14,Greece_level_3_final,Ensemble (mean weight) top 9 model_TH_0.5_equal_weights,Month+2,0.5,2005-01-01 00:00:00,2024-12-31 00:00:00,2022-01-01 00:00:00,1.0,1.0,1.0,1.0,1.0,1.0,174,45,0,0
2025-11-22 03:00:14,Greece_level_3_final,Ensemble (mean weight) top 9 model_TH_0.5_equal_weights,Month+3,0.5,2005-01-01 00:00:00,2024-12-31 00:00:00,2022-01-01 00:00:00,1.0,1.0,1.0,1.0,1.0,1.0,174,45,0,0
2025-11-22 03:00:14,Greece_level_3_final,Ensemble (mean weight) top 9 model_TH_0.5_equal_weights,Month+4,0.5,2005-01-01 00:00:00,2024-12-31 00:00:00,2022-01-01 00:00:00,1.0,1.0,1.0,1.0,1.0,1.0,174,45,0,0
2025-11-22 03:00:14,Greece_level_3_final,Ensemble (mean weight) top 9 model_TH_0.5_equal_weights,Month+5,0.5,2005-01-01 00:00:00,2024-12-31 00:00:00,2022-01-01 00:00:00,1.0,1.0,1.0,1.0,1.0,1.0,174,45,0,0
2025-11-22 03:00:14,Greece_level_3_final,Ensemble (mean weight) top 9 model_TH_0.5_equal_weights,Month+6,0.5,2005-01-01 00:00:00,2024-12-31 00:00:00,2022-01-01 00:00:00,1.0,1.0,1.0,1.0,1.0,1.0,174,45,0,0
2025-11-22 03:04:04,Greece_level_3_final,Ensemble (mean weight) top 6 models_TH_auto_equal_weight,Month+1,0.17,2005-01-01 00:00:00,2024-12-31 00:00:00,2022-01-01 00:00:00,0.998,0.989,1.0,0.972,1.0,0.978,174,43,2,0
2025-11-22 03:04:04,Greece_level_3_final,Ensemble (mean weight) top 6 models_TH_auto_equal_weight,Month+2,0.24,2005-01-01 00:00:00,2024-12-31 00:00:00,2022-01-01 00:00:00,0.998,0.989,1.0,0.972,1.0,0.978,174,43,2,0
2025-11-22 03:04:04,Greece_level_3_final,Ensemble (mean weight) top 6 models_TH_auto_equal_weight,Month+3,0.23,2005-01-01 00:00:00,2024-12-31 00:00:00,2022-01-01 00:00:00,0.998,0.989,1.0,0.972,1.0,0.978,174,43,2,0
2025-11-22 03:04:04,Greece_level_3_final,Ensemble (mean weight) top 6 models_TH_auto_equal_weight,Month+4,0.25,2005-01-01 00:00:00,2024-12-31 00:00:00,2022-01-01 00:00:00,0.999,0.994,1.0,0.986,1.0,0.989,174,44,1,0
2025-11-22 03:04:04,Greece_level_3_final,Ensemble (mean weight) top 6 models_TH_auto_equal_weight,Month+5,0.24,2005-01-01 00:00:00,2024-12-31 00:00:00,2022-01-01 00:00:00,0.997,0.983,1.0,0.958,1.0,0.967,174,42,3,0
2025-11-22 03:04:04,Greece_level_3_final,Ensemble (mean weight) top 6 models_TH_auto_equal_weight,Month+6,0.22,2005-01-01 00:00:00,2024-12-31 00:00:00,2022-01-01 00:00:00,0.995,0.978,1.0,0.944,1.0,0.956,174,41,4,0
2025-11-22 03:04:17,Greece_level_3_final,Ensemble (mean weight) top 10 model_TH_0.5_equal_weights,Month+1,0.5,2005-01-01 00:00:00,2024-12-31 00:00:00,2022-01-01 00:00:00,1.0,1.0,1.0,1.0,1.0,1.0,174,45,0,0
2025-11-22 03:04:17,Greece_level_3_final,Ensemble (mean weight) top 10 model_TH_0.5_equal_weights,Month+2,0.5,2005-01-01 00:00:00,2024-12-31 00:00:00,2022-01-01 00:00:00,1.0,1.0,1.0,1.0,1.0,1.0,174,45,0,0
2025-11-22 03:04:17,Greece_level_3_final,Ensemble (mean weight) top 10 model_TH_0.5_equal_weights,Month+3,0.5,2005-01-01 00:00:00,2024-12-31 00:00:00,2022-01-01 00:00:00,1.0,1.0,1.0,1.0,1.0,1.0,174,45,0,0
2025-11-22 03:04:17,Greece_level_3_final,Ensemble (mean weight) top 10 model_TH_0.5_equal_weights,Month+4,0.5,2005-01-01 00:00:00,2024-12-31 00:00:00,2022-01-01 00:00:00,1.0,1.0,1.0,1.0,1.0,1.0,174,45,0,0
2025-11-22 03:04:17,Greece_level_3_final,Ensemble (mean weight) top 10 model_TH_0.5_equal_weights,Month+5,0.5,2005-01-01 00:00:00,2024-12-31 00:00:00,2022-01-01 00:00:00,1.0,1.0,1.0,1.0,1.0,1.0,174,45,0,0
2025-11-22 03:04:17,Greece_level_3_final,Ensemble (mean weight) top 10 model_TH_0.5_equal_weights,Month+6,0.5,2005-01-01 00:00:00,2024-12-31 00:00:00,2022-01-01 00:00:00,1.0,1.0,1.0,1.0,1.0,1.0,174,45,0,0
2025-11-22 03:08:26,Greece_level_3_final,Ensemble (mean weight) top 11 model_TH_0.5_equal_weights,Month+1,0.5,2005-01-01 00:00:00,2024-12-31 00:00:00,2022-01-01 00:00:00,1.0,1.0,1.0,1.0,1.0,1.0,174,45,0,0
2025-11-22 03:08:26,Greece_level_3_final,Ensemble (mean weight) top 11 model_TH_0.5_equal_weights,Month+2,0.5,2005-01-01 00:00:00,2024-12-31 00:00:00,2022-01-01 00:00:00,1.0,1.0,1.0,1.0,1.0,1.0,174,45,0,0
2025-11-22 03:08:26,Greece_level_3_final,Ensemble (mean weight) top 11 model_TH_0.5_equal_weights,Month+3,0.5,2005-01-01 00:00:00,2024-12-31 00:00:00,2022-01-01 00:00:00,1.0,1.0,1.0,1.0,1.0,1.0,174,45,0,0
2025-11-22 03:08:26,Greece_level_3_final,Ensemble (mean weight) top 11 model_TH_0.5_equal_weights,Month+4,0.5,2005-01-01 00:00:00,2024-12-31 00:00:00,2022-01-01 00:00:00,1.0,1.0,1.0,1.0,1.0,1.0,174,45,0,0
2025-11-22 03:08:26,Greece_level_3_final,Ensemble (mean weight) top 11 model_TH_0.5_equal_weights,Month+5,0.5,2005-01-01 00:00:00,2024-12-31 00:00:00,2022-01-01 00:00:00,1.0,1.0,1.0,1.0,1.0,1.0,174,45,0,0
2025-11-22 03:08:26,Greece_level_3_final,Ensemble (mean weight) top 11 model_TH_0.5_equal_weights,Month+6,0.5,2005-01-01 00:00:00,2024-12-31 00:00:00,2022-01-01 00:00:00,1.0,1.0,1.0,1.0,1.0,1.0,174,45,0,0
2025-11-22 03:08:50,Greece_level_3_final,Ensemble (mean weight) top 7 models_TH_auto_equal_weight,Month+1,0.16,2005-01-01 00:00:00,2024-12-31 00:00:00,2022-01-01 00:00:00,0.999,0.994,1.0,0.986,1.0,0.989,174,44,1,0
2025-11-22 03:08:50,Greece_level_3_final,Ensemble (mean weight) top 7 models_TH_auto_equal_weight,Month+2,0.18,2005-01-01 00:00:00,2024-12-31 00:00:00,2022-01-01 00:00:00,0.999,0.994,1.0,0.986,1.0,0.989,174,44,1,0
2025-11-22 03:08:50,Greece_level_3_final,Ensemble (mean weight) top 7 models_TH_auto_equal_weight,Month+3,0.23,2005-01-01 00:00:00,2024-12-31 00:00:00,2022-01-01 00:00:00,0.999,0.994,1.0,0.986,1.0,0.989,174,44,1,0
2025-11-22 03:08:50,Greece_level_3_final,Ensemble (mean weight) top 7 models_TH_auto_equal_weight,Month+4,0.25,2005-01-01 00:00:00,2024-12-31 00:00:00,2022-01-01 00:00:00,1.0,1.0,1.0,1.0,1.0,1.0,174,45,0,0
2025-11-22 03:08:50,Greece_level_3_final,Ensemble (mean weight) top 7 models_TH_auto_equal_weight,Month+5,0.24,2005-01-01 00:00:00,2024-12-31 00:00:00,2022-01-01 00:00:00,0.997,0.983,1.0,0.958,1.0,0.967,174,42,3,0
2025-11-22 03:08:50,Greece_level_3_final,Ensemble (mean weight) top 7 models_TH_auto_equal_weight,Month+6,0.22,2005-01-01 00:00:00,2024-12-31 00:00:00,2022-01-01 00:00:00,0.998,0.989,1.0,0.972,1.0,0.978,174,43,2,0
2025-11-22 03:12:19,Greece_level_3_final,Ensemble (mean weight) top 12 model_TH_0.5_equal_weights,Month+1,0.5,2005-01-01 00:00:00,2024-12-31 00:00:00,2022-01-01 00:00:00,1.0,1.0,1.0,1.0,1.0,1.0,174,45,0,0
2025-11-22 03:12:19,Greece_level_3_final,Ensemble (mean weight) top 12 model_TH_0.5_equal_weights,Month+2,0.5,2005-01-01 00:00:00,2024-12-31 00:00:00,2022-01-01 00:00:00,1.0,1.0,1.0,1.0,1.0,1.0,174,45,0,0
2025-11-22 03:12:19,Greece_level_3_final,Ensemble (mean weight) top 12 model_TH_0.5_equal_weights,Month+3,0.5,2005-01-01 00:00:00,2024-12-31 00:00:00,2022-01-01 00:00:00,1.0,1.0,1.0,1.0,1.0,1.0,174,45,0,0
2025-11-22 03:12:19,Greece_level_3_final,Ensemble (mean weight) top 12 model_TH_0.5_equal_weights,Month+4,0.5,2005-01-01 00:00:00,2024-12-31 00:00:00,2022-01-01 00:00:00,1.0,1.0,1.0,1.0,1.0,1.0,174,45,0,0
2025-11-22 03:12:19,Greece_level_3_final,Ensemble (mean weight) top 12 model_TH_0.5_equal_weights,Month+5,0.5,2005-01-01 00:00:00,2024-12-31 00:00:00,2022-01-01 00:00:00,1.0,1.0,1.0,1.0,1.0,1.0,174,45,0,0
2025-11-22 03:12:19,Greece_level_3_final,Ensemble (mean weight) top 12 model_TH_0.5_equal_weights,Month+6,0.5,2005-01-01 00:00:00,2024-12-31 00:00:00,2022-01-01 00:00:00,1.0,1.0,1.0,1.0,1.0,1.0,174,45,0,0
2025-11-22 03:13:31,Greece_level_3_final,Ensemble (mean weight) top 8 models_TH_auto_equal_weight,Month+1,0.14,2005-01-01 00:00:00,2024-12-31 00:00:00,2022-01-01 00:00:00,0.998,0.989,1.0,0.972,1.0,0.978,174,43,2,0
2025-11-22 03:13:31,Greece_level_3_final,Ensemble (mean weight) top 8 models_TH_auto_equal_weight,Month+2,0.18,2005-01-01 00:00:00,2024-12-31 00:00:00,2022-01-01 00:00:00,0.999,0.994,1.0,0.986,1.0,0.989,174,44,1,0
2025-11-22 03:13:31,Greece_level_3_final,Ensemble (mean weight) top 8 models_TH_auto_equal_weight,Month+3,0.23,2005-01-01 00:00:00,2024-12-31 00:00:00,2022-01-01 00:00:00,0.999,0.994,1.0,0.986,1.0,0.989,174,44,1,0
2025-11-22 03:13:31,Greece_level_3_final,Ensemble (mean weight) top 8 models_TH_auto_equal_weight,Month+4,0.24,2005-01-01 00:00:00,2024-12-31 00:00:00,2022-01-01 00:00:00,1.0,1.0,1.0,1.0,1.0,1.0,174,45,0,0
2025-11-22 03:13:31,Greece_level_3_final,Ensemble (mean weight) top 8 models_TH_auto_equal_weight,Month+5,0.25,2005-01-01 00:00:00,2024-12-31 00:00:00,2022-01-01 00:00:00,0.999,0.994,1.0,0.986,1.0,0.989,174,44,1,0
2025-11-22 03:13:31,Greece_level_3_final,Ensemble (mean weight) top 8 models_TH_auto_equal_weight,Month+6,0.23,2005-01-01 00:00:00,2024-12-31 00:00:00,2022-01-01 00:00:00,0.998,0.989,1.0,0.972,1.0,0.978,174,43,2,0
2025-11-22 03:15:30,Greece_level_3_final,Ensemble (mean weight) top 3 models_TH_0.5_not_equal_weight,Month+1,0.5,2005-01-01 00:00:00,2024-12-31 00:00:00,2022-01-01 00:00:00,0.999,0.994,1.0,0.986,1.0,0.989,174,44,1,0
2025-11-22 03:15:30,Greece_level_3_final,Ensemble (mean weight) top 3 models_TH_0.5_not_equal_weight,Month+2,0.5,2005-01-01 00:00:00,2024-12-31 00:00:00,2022-01-01 00:00:00,1.0,1.0,1.0,1.0,1.0,1.0,174,45,0,0
2025-11-22 03:15:30,Greece_level_3_final,Ensemble (mean weight) top 3 models_TH_0.5_not_equal_weight,Month+3,0.5,2005-01-01 00:00:00,2024-12-31 00:00:00,2022-01-01 00:00:00,1.0,1.0,1.0,1.0,1.0,1.0,174,45,0,0
2025-11-22 03:15:30,Greece_level_3_final,Ensemble (mean weight) top 3 models_TH_0.5_not_equal_weight,Month+4,0.5,2005-01-01 00:00:00,2024-12-31 00:00:00,2022-01-01 00:00:00,1.0,1.0,1.0,1.0,1.0,1.0,174,45,0,0
2025-11-22 03:15:30,Greece_level_3_final,Ensemble (mean weight) top 3 models_TH_0.5_not_equal_weight,Month+5,0.5,2005-01-01 00:00:00,2024-12-31 00:00:00,2022-01-01 00:00:00,1.0,1.0,1.0,1.0,1.0,1.0,174,45,0,0
2025-11-22 03:15:30,Greece_level_3_final,Ensemble (mean weight) top 3 models_TH_0.5_not_equal_weight,Month+6,0.5,2005-01-01 00:00:00,2024-12-31 00:00:00,2022-01-01 00:00:00,0.995,1.0,0.994,0.986,1.0,0.997,173,45,0,1
2025-11-22 03:16:30,Greece_level_3_final,Ensemble (mean weight) top 13 model_TH_0.5_equal_weights,Month+1,0.5,2005-01-01 00:00:00,2024-12-31 00:00:00,2022-01-01 00:00:00,1.0,1.0,1.0,1.0,1.0,1.0,174,45,0,0
2025-11-22 03:16:30,Greece_level_3_final,Ensemble (mean weight) top 13 model_TH_0.5_equal_weights,Month+2,0.5,2005-01-01 00:00:00,2024-12-31 00:00:00,2022-01-01 00:00:00,1.0,1.0,1.0,1.0,1.0,1.0,174,45,0,0
2025-11-22 03:16:30,Greece_level_3_final,Ensemble (mean weight) top 13 model_TH_0.5_equal_weights,Month+3,0.5,2005-01-01 00:00:00,2024-12-31 00:00:00,2022-01-01 00:00:00,1.0,1.0,1.0,1.0,1.0,1.0,174,45,0,0
2025-11-22 03:16:30,Greece_level_3_final,Ensemble (mean weight) top 13 model_TH_0.5_equal_weights,Month+4,0.5,2005-01-01 00:00:00,2024-12-31 00:00:00,2022-01-01 00:00:00,1.0,1.0,1.0,1.0,1.0,1.0,174,45,0,0
2025-11-22 03:16:30,Greece_level_3_final,Ensemble (mean weight) top 13 model_TH_0.5_equal_weights,Month+5,0.5,2005-01-01 00:00:00,2024-12-31 00:00:00,2022-01-01 00:00:00,1.0,1.0,1.0,1.0,1.0,1.0,174,45,0,0
2025-11-22 03:16:30,Greece_level_3_final,Ensemble (mean weight) top 13 model_TH_0.5_equal_weights,Month+6,0.5,2005-01-01 00:00:00,2024-12-31 00:00:00,2022-01-01 00:00:00,1.0,1.0,1.0,1.0,1.0,1.0,174,45,0,0
2025-11-22 03:17:58,Greece_level_3_final,Ensemble (mean weight) top 4 models_TH_0.5_not_equal_weight,Month+1,0.5,2005-01-01 00:00:00,2024-12-31 00:00:00,2022-01-01 00:00:00,1.0,1.0,1.0,1.0,1.0,1.0,174,45,0,0
2025-11-22 03:17:58,Greece_level_3_final,Ensemble (mean weight) top 4 models_TH_0.5_not_equal_weight,Month+2,0.5,2005-01-01 00:00:00,2024-12-31 00:00:00,2022-01-01 00:00:00,1.0,1.0,1.0,1.0,1.0,1.0,174,45,0,0
2025-11-22 03:17:58,Greece_level_3_final,Ensemble (mean weight) top 4 models_TH_0.5_not_equal_weight,Month+3,0.5,2005-01-01 00:00:00,2024-12-31 00:00:00,2022-01-01 00:00:00,1.0,1.0,1.0,1.0,1.0,1.0,174,45,0,0
2025-11-22 03:17:58,Greece_level_3_final,Ensemble (mean weight) top 4 models_TH_0.5_not_equal_weight,Month+4,0.5,2005-01-01 00:00:00,2024-12-31 00:00:00,2022-01-01 00:00:00,1.0,1.0,1.0,1.0,1.0,1.0,174,45,0,0
2025-11-22 03:17:58,Greece_level_3_final,Ensemble (mean weight) top 4 models_TH_0.5_not_equal_weight,Month+5,0.5,2005-01-01 00:00:00,2024-12-31 00:00:00,2022-01-01 00:00:00,1.0,1.0,1.0,1.0,1.0,1.0,174,45,0,0
2025-11-22 03:17:58,Greece_level_3_final,Ensemble (mean weight) top 4 models_TH_0.5_not_equal_weight,Month+6,0.5,2005-01-01 00:00:00,2024-12-31 00:00:00,2022-01-01 00:00:00,0.998,0.989,1.0,0.972,1.0,0.978,174,43,2,0
2025-11-22 03:20:21,Greece_level_3_final,Ensemble (mean weight) top 5 models_TH_0.5_not_equal_weight,Month+1,0.5,2005-01-01 00:00:00,2024-12-31 00:00:00,2022-01-01 00:00:00,1.0,1.0,1.0,1.0,1.0,1.0,174,45,0,0
2025-11-22 03:20:21,Greece_level_3_final,Ensemble (mean weight) top 5 models_TH_0.5_not_equal_weight,Month+2,0.5,2005-01-01 00:00:00,2024-12-31 00:00:00,2022-01-01 00:00:00,1.0,1.0,1.0,1.0,1.0,1.0,174,45,0,0
2025-11-22 03:20:21,Greece_level_3_final,Ensemble (mean weight) top 5 models_TH_0.5_not_equal_weight,Month+3,0.5,2005-01-01 00:00:00,2024-12-31 00:00:00,2022-01-01 00:00:00,1.0,1.0,1.0,1.0,1.0,1.0,174,45,0,0
2025-11-22 03:20:21,Greece_level_3_final,Ensemble (mean weight) top 5 models_TH_0.5_not_equal_weight,Month+4,0.5,2005-01-01 00:00:00,2024-12-31 00:00:00,2022-01-01 00:00:00,1.0,1.0,1.0,1.0,1.0,1.0,174,45,0,0
2025-11-22 03:20:21,Greece_level_3_final,Ensemble (mean weight) top 5 models_TH_0.5_not_equal_weight,Month+5,0.5,2005-01-01 00:00:00,2024-12-31 00:00:00,2022-01-01 00:00:00,1.0,1.0,1.0,1.0,1.0,1.0,174,45,0,0
2025-11-22 03:20:21,Greece_level_3_final,Ensemble (mean weight) top 5 models_TH_0.5_not_equal_weight,Month+6,0.5,2005-01-01 00:00:00,2024-12-31 00:00:00,2022-01-01 00:00:00,1.0,1.0,1.0,1.0,1.0,1.0,174,45,0,0
2025-11-22 03:21:01,Greece_level_3_final,Ensemble (mean weight) top 14 model_TH_0.5_equal_weights,Month+1,0.5,2005-01-01 00:00:00,2024-12-31 00:00:00,2022-01-01 00:00:00,1.0,1.0,1.0,1.0,1.0,1.0,174,45,0,0
2025-11-22 03:21:01,Greece_level_3_final,Ensemble (mean weight) top 14 model_TH_0.5_equal_weights,Month+2,0.5,2005-01-01 00:00:00,2024-12-31 00:00:00,2022-01-01 00:00:00,1.0,1.0,1.0,1.0,1.0,1.0,174,45,0,0
2025-11-22 03:21:01,Greece_level_3_final,Ensemble (mean weight) top 14 model_TH_0.5_equal_weights,Month+3,0.5,2005-01-01 00:00:00,2024-12-31 00:00:00,2022-01-01 00:00:00,1.0,1.0,1.0,1.0,1.0,1.0,174,45,0,0
2025-11-22 03:21:01,Greece_level_3_final,Ensemble (mean weight) top 14 model_TH_0.5_equal_weights,Month+4,0.5,2005-01-01 00:00:00,2024-12-31 00:00:00,2022-01-01 00:00:00,1.0,1.0,1.0,1.0,1.0,1.0,174,45,0,0
2025-11-22 03:21:01,Greece_level_3_final,Ensemble (mean weight) top 14 model_TH_0.5_equal_weights,Month+5,0.5,2005-01-01 00:00:00,2024-12-31 00:00:00,2022-01-01 00:00:00,1.0,1.0,1.0,1.0,1.0,1.0,174,45,0,0
2025-11-22 03:21:01,Greece_level_3_final,Ensemble (mean weight) top 14 model_TH_0.5_equal_weights,Month+6,0.5,2005-01-01 00:00:00,2024-12-31 00:00:00,2022-01-01 00:00:00,1.0,1.0,1.0,1.0,1.0,1.0,174,45,0,0
2025-11-22 03:23:04,Greece_level_3_final,Ensemble (mean weight) top 6 models_TH_0.5_not_equal_weight,Month+1,0.5,2005-01-01 00:00:00,2024-12-31 00:00:00,2022-01-01 00:00:00,1.0,1.0,1.0,1.0,1.0,1.0,174,45,0,0
2025-11-22 03:23:04,Greece_level_3_final,Ensemble (mean weight) top 6 models_TH_0.5_not_equal_weight,Month+2,0.5,2005-01-01 00:00:00,2024-12-31 00:00:00,2022-01-01 00:00:00,1.0,1.0,1.0,1.0,1.0,1.0,174,45,0,0
2025-11-22 03:23:04,Greece_level_3_final,Ensemble (mean weight) top 6 models_TH_0.5_not_equal_weight,Month+3,0.5,2005-01-01 00:00:00,2024-12-31 00:00:00,2022-01-01 00:00:00,1.0,1.0,1.0,1.0,1.0,1.0,174,45,0,0
2025-11-22 03:23:04,Greece_level_3_final,Ensemble (mean weight) top 6 models_TH_0.5_not_equal_weight,Month+4,0.5,2005-01-01 00:00:00,2024-12-31 00:00:00,2022-01-01 00:00:00,1.0,1.0,1.0,1.0,1.0,1.0,174,45,0,0
2025-11-22 03:23:04,Greece_level_3_final,Ensemble (mean weight) top 6 models_TH_0.5_not_equal_weight,Month+5,0.5,2005-01-01 00:00:00,2024-12-31 00:00:00,2022-01-01 00:00:00,1.0,1.0,1.0,1.0,1.0,1.0,174,45,0,0
2025-11-22 03:23:04,Greece_level_3_final,Ensemble (mean weight) top 6 models_TH_0.5_not_equal_weight,Month+6,0.5,2005-01-01 00:00:00,2024-12-31 00:00:00,2022-01-01 00:00:00,1.0,1.0,1.0,1.0,1.0,1.0,174,45,0,0
2025-11-22 03:26:14,Greece_level_3_final,Ensemble (mean weight) top 7 models_TH_0.5_not_equal_weight,Month+1,0.5,2005-01-01 00:00:00,2024-12-31 00:00:00,2022-01-01 00:00:00,1.0,1.0,1.0,1.0,1.0,1.0,174,45,0,0
2025-11-22 03:26:14,Greece_level_3_final,Ensemble (mean weight) top 7 models_TH_0.5_not_equal_weight,Month+2,0.5,2005-01-01 00:00:00,2024-12-31 00:00:00,2022-01-01 00:00:00,1.0,1.0,1.0,1.0,1.0,1.0,174,45,0,0
2025-11-22 03:26:14,Greece_level_3_final,Ensemble (mean weight) top 7 models_TH_0.5_not_equal_weight,Month+3,0.5,2005-01-01 00:00:00,2024-12-31 00:00:00,2022-01-01 00:00:00,1.0,1.0,1.0,1.0,1.0,1.0,174,45,0,0
2025-11-22 03:26:14,Greece_level_3_final,Ensemble (mean weight) top 7 models_TH_0.5_not_equal_weight,Month+4,0.5,2005-01-01 00:00:00,2024-12-31 00:00:00,2022-01-01 00:00:00,1.0,1.0,1.0,1.0,1.0,1.0,174,45,0,0
2025-11-22 03:26:14,Greece_level_3_final,Ensemble (mean weight) top 7 models_TH_0.5_not_equal_weight,Month+5,0.5,2005-01-01 00:00:00,2024-12-31 00:00:00,2022-01-01 00:00:00,1.0,1.0,1.0,1.0,1.0,1.0,174,45,0,0
2025-11-22 03:26:14,Greece_level_3_final,Ensemble (mean weight) top 7 models_TH_0.5_not_equal_weight,Month+6,0.5,2005-01-01 00:00:00,2024-12-31 00:00:00,2022-01-01 00:00:00,1.0,1.0,1.0,1.0,1.0,1.0,174,45,0,0
2025-11-22 03:26:17,Greece_level_3_final,Ensemble (mean weight) top 9 models_TH_auto_equal_weight,Month+1,0.15,2005-01-01 00:00:00,2024-12-31 00:00:00,2022-01-01 00:00:00,0.999,0.994,1.0,0.986,1.0,0.989,174,44,1,0
2025-11-22 03:26:17,Greece_level_3_final,Ensemble (mean weight) top 9 models_TH_auto_equal_weight,Month+2,0.17,2005-01-01 00:00:00,2024-12-31 00:00:00,2022-01-01 00:00:00,0.999,0.994,1.0,0.986,1.0,0.989,174,44,1,0
2025-11-22 03:26:17,Greece_level_3_final,Ensemble (mean weight) top 9 models_TH_auto_equal_weight,Month+3,0.21,2005-01-01 00:00:00,2024-12-31 00:00:00,2022-01-01 00:00:00,0.999,0.994,1.0,0.986,1.0,0.989,174,44,1,0
2025-11-22 03:26:17,Greece_level_3_final,Ensemble (mean weight) top 9 models_TH_auto_equal_weight,Month+4,0.22,2005-01-01 00:00:00,2024-12-31 00:00:00,2022-01-01 00:00:00,1.0,1.0,1.0,1.0,1.0,1.0,174,45,0,0
2025-11-22 03:26:17,Greece_level_3_final,Ensemble (mean weight) top 9 models_TH_auto_equal_weight,Month+5,0.24,2005-01-01 00:00:00,2024-12-31 00:00:00,2022-01-01 00:00:00,0.999,0.994,1.0,0.986,1.0,0.989,174,44,1,0
2025-11-22 03:26:17,Greece_level_3_final,Ensemble (mean weight) top 9 models_TH_auto_equal_weight,Month+6,0.22,2005-01-01 00:00:00,2024-12-31 00:00:00,2022-01-01 00:00:00,0.998,0.989,1.0,0.972,1.0,0.978,174,43,2,0
2025-11-22 03:29:46,Greece_level_3_final,Ensemble (mean weight) top 8 models_TH_0.5_not_equal_weight,Month+1,0.5,2005-01-01 00:00:00,2024-12-31 00:00:00,2022-01-01 00:00:00,1.0,1.0,1.0,1.0,1.0,1.0,174,45,0,0
2025-11-22 03:29:46,Greece_level_3_final,Ensemble (mean weight) top 8 models_TH_0.5_not_equal_weight,Month+2,0.5,2005-01-01 00:00:00,2024-12-31 00:00:00,2022-01-01 00:00:00,1.0,1.0,1.0,1.0,1.0,1.0,174,45,0,0
2025-11-22 03:29:46,Greece_level_3_final,Ensemble (mean weight) top 8 models_TH_0.5_not_equal_weight,Month+3,0.5,2005-01-01 00:00:00,2024-12-31 00:00:00,2022-01-01 00:00:00,1.0,1.0,1.0,1.0,1.0,1.0,174,45,0,0
2025-11-22 03:29:46,Greece_level_3_final,Ensemble (mean weight) top 8 models_TH_0.5_not_equal_weight,Month+4,0.5,2005-01-01 00:00:00,2024-12-31 00:00:00,2022-01-01 00:00:00,1.0,1.0,1.0,1.0,1.0,1.0,174,45,0,0
2025-11-22 03:29:46,Greece_level_3_final,Ensemble (mean weight) top 8 models_TH_0.5_not_equal_weight,Month+5,0.5,2005-01-01 00:00:00,2024-12-31 00:00:00,2022-01-01 00:00:00,1.0,1.0,1.0,1.0,1.0,1.0,174,45,0,0
2025-11-22 03:29:46,Greece_level_3_final,Ensemble (mean weight) top 8 models_TH_0.5_not_equal_weight,Month+6,0.5,2005-01-01 00:00:00,2024-12-31 00:00:00,2022-01-01 00:00:00,1.0,1.0,1.0,1.0,1.0,1.0,174,45,0,0
2025-11-22 03:31:43,Greece_level_3_final,Ensemble (mean weight) top 10 models_TH_auto_equal_weight,Month+1,0.14,2005-01-01 00:00:00,2024-12-31 00:00:00,2022-01-01 00:00:00,0.999,0.994,1.0,0.986,1.0,0.989,174,44,1,0
2025-11-22 03:31:43,Greece_level_3_final,Ensemble (mean weight) top 10 models_TH_auto_equal_weight,Month+2,0.17,2005-01-01 00:00:00,2024-12-31 00:00:00,2022-01-01 00:00:00,0.999,0.994,1.0,0.986,1.0,0.989,174,44,1,0
2025-11-22 03:31:43,Greece_level_3_final,Ensemble (mean weight) top 10 models_TH_auto_equal_weight,Month+3,0.2,2005-01-01 00:00:00,2024-12-31 00:00:00,2022-01-01 00:00:00,0.999,0.994,1.0,0.986,1.0,0.989,174,44,1,0
2025-11-22 03:31:43,Greece_level_3_final,Ensemble (mean weight) top 10 models_TH_auto_equal_weight,Month+4,0.21,2005-01-01 00:00:00,2024-12-31 00:00:00,2022-01-01 00:00:00,1.0,1.0,1.0,1.0,1.0,1.0,174,45,0,0
2025-11-22 03:31:43,Greece_level_3_final,Ensemble (mean weight) top 10 models_TH_auto_equal_weight,Month+5,0.25,2005-01-01 00:00:00,2024-12-31 00:00:00,2022-01-01 00:00:00,1.0,1.0,1.0,1.0,1.0,1.0,174,45,0,0
2025-11-22 03:31:43,Greece_level_3_final,Ensemble (mean weight) top 10 models_TH_auto_equal_weight,Month+6,0.24,2005-01-01 00:00:00,2024-12-31 00:00:00,2022-01-01 00:00:00,0.999,0.994,1.0,0.986,1.0,0.989,174,44,1,0
2025-11-22 03:37:08,Greece_level_3_final,Ensemble (mean weight) top 11 models_TH_auto_equal_weight,Month+1,0.15,2005-01-01 00:00:00,2024-12-31 00:00:00,2022-01-01 00:00:00,0.999,0.994,1.0,0.986,1.0,0.989,174,44,1,0
2025-11-22 03:37:08,Greece_level_3_final,Ensemble (mean weight) top 11 models_TH_auto_equal_weight,Month+2,0.18,2005-01-01 00:00:00,2024-12-31 00:00:00,2022-01-01 00:00:00,0.999,0.994,1.0,0.986,1.0,0.989,174,44,1,0
2025-11-22 03:37:08,Greece_level_3_final,Ensemble (mean weight) top 11 models_TH_auto_equal_weight,Month+3,0.21,2005-01-01 00:00:00,2024-12-31 00:00:00,2022-01-01 00:00:00,0.999,0.994,1.0,0.986,1.0,0.989,174,44,1,0
2025-11-22 03:37:08,Greece_level_3_final,Ensemble (mean weight) top 11 models_TH_auto_equal_weight,Month+4,0.15,2005-01-01 00:00:00,2024-12-31 00:00:00,2022-01-01 00:00:00,1.0,1.0,1.0,1.0,1.0,1.0,174,45,0,0
2025-11-22 03:37:08,Greece_level_3_final,Ensemble (mean weight) top 11 models_TH_auto_equal_weight,Month+5,0.25,2005-01-01 00:00:00,2024-12-31 00:00:00,2022-01-01 00:00:00,1.0,1.0,1.0,1.0,1.0,1.0,174,45,0,0
2025-11-22 03:37:08,Greece_level_3_final,Ensemble (mean weight) top 11 models_TH_auto_equal_weight,Month+6,0.23,2005-01-01 00:00:00,2024-12-31 00:00:00,2022-01-01 00:00:00,0.998,0.989,1.0,0.972,1.0,0.978,174,43,2,0
2025-11-22 03:43:18,Greece_level_3_final,Ensemble (mean weight) top 12 models_TH_auto_equal_weight,Month+1,0.16,2005-01-01 00:00:00,2024-12-31 00:00:00,2022-01-01 00:00:00,0.999,0.994,1.0,0.986,1.0,0.989,174,44,1,0
2025-11-22 03:43:18,Greece_level_3_final,Ensemble (mean weight) top 12 models_TH_auto_equal_weight,Month+2,0.22,2005-01-01 00:00:00,2024-12-31 00:00:00,2022-01-01 00:00:00,0.999,0.994,1.0,0.986,1.0,0.989,174,44,1,0
2025-11-22 03:43:18,Greece_level_3_final,Ensemble (mean weight) top 12 models_TH_auto_equal_weight,Month+3,0.23,2005-01-01 00:00:00,2024-12-31 00:00:00,2022-01-01 00:00:00,0.999,0.994,1.0,0.986,1.0,0.989,174,44,1,0
2025-11-22 03:43:18,Greece_level_3_final,Ensemble (mean weight) top 12 models_TH_auto_equal_weight,Month+4,0.19,2005-01-01 00:00:00,2024-12-31 00:00:00,2022-01-01 00:00:00,1.0,1.0,1.0,1.0,1.0,1.0,174,45,0,0
2025-11-22 03:43:18,Greece_level_3_final,Ensemble (mean weight) top 12 models_TH_auto_equal_weight,Month+5,0.27,2005-01-01 00:00:00,2024-12-31 00:00:00,2022-01-01 00:00:00,1.0,1.0,1.0,1.0,1.0,1.0,174,45,0,0
2025-11-22 03:43:18,Greece_level_3_final,Ensemble (mean weight) top 12 models_TH_auto_equal_weight,Month+6,0.29,2005-01-01 00:00:00,2024-12-31 00:00:00,2022-01-01 00:00:00,1.0,1.0,1.0,1.0,1.0,1.0,174,45,0,0
2025-11-22 03:48:59,Greece_level_3_final,Ensemble (mean weight) top 13 models_TH_auto_equal_weight,Month+1,0.13,2005-01-01 00:00:00,2024-12-31 00:00:00,2022-01-01 00:00:00,0.999,0.994,1.0,0.986,1.0,0.989,174,44,1,0
2025-11-22 03:48:59,Greece_level_3_final,Ensemble (mean weight) top 13 models_TH_auto_equal_weight,Month+2,0.2,2005-01-01 00:00:00,2024-12-31 00:00:00,2022-01-01 00:00:00,1.0,1.0,1.0,1.0,1.0,1.0,174,45,0,0
2025-11-22 03:48:59,Greece_level_3_final,Ensemble (mean weight) top 13 models_TH_auto_equal_weight,Month+3,0.21,2005-01-01 00:00:00,2024-12-31 00:00:00,2022-01-01 00:00:00,0.999,0.994,1.0,0.986,1.0,0.989,174,44,1,0
2025-11-22 03:48:59,Greece_level_3_final,Ensemble (mean weight) top 13 models_TH_auto_equal_weight,Month+4,0.21,2005-01-01 00:00:00,2024-12-31 00:00:00,2022-01-01 00:00:00,1.0,1.0,1.0,1.0,1.0,1.0,174,45,0,0
2025-11-22 03:48:59,Greece_level_3_final,Ensemble (mean weight) top 13 models_TH_auto_equal_weight,Month+5,0.27,2005-01-01 00:00:00,2024-12-31 00:00:00,2022-01-01 00:00:00,1.0,1.0,1.0,1.0,1.0,1.0,174,45,0,0
2025-11-22 03:48:59,Greece_level_3_final,Ensemble (mean weight) top 13 models_TH_auto_equal_weight,Month+6,0.27,2005-01-01 00:00:00,2024-12-31 00:00:00,2022-01-01 00:00:00,1.0,1.0,1.0,1.0,1.0,1.0,174,45,0,0
2025-11-22 03:54:55,Greece_level_3_final,Ensemble (mean weight) top 14 models_TH_auto_equal_weight,Month+1,0.21,2005-01-01 00:00:00,2024-12-31 00:00:00,2022-01-01 00:00:00,0.999,0.994,1.0,0.986,1.0,0.989,174,44,1,0
2025-11-22 03:54:55,Greece_level_3_final,Ensemble (mean weight) top 14 models_TH_auto_equal_weight,Month+2,0.23,2005-01-01 00:00:00,2024-12-31 00:00:00,2022-01-01 00:00:00,1.0,1.0,1.0,1.0,1.0,1.0,174,45,0,0
2025-11-22 03:54:55,Greece_level_3_final,Ensemble (mean weight) top 14 models_TH_auto_equal_weight,Month+3,0.31,2005-01-01 00:00:00,2024-12-31 00:00:00,2022-01-01 00:00:00,1.0,1.0,1.0,1.0,1.0,1.0,174,45,0,0
2025-11-22 03:54:55,Greece_level_3_final,Ensemble (mean weight) top 14 models_TH_auto_equal_weight,Month+4,0.26,2005-01-01 00:00:00,2024-12-31 00:00:00,2022-01-01 00:00:00,1.0,1.0,1.0,1.0,1.0,1.0,174,45,0,0
2025-11-22 03:54:55,Greece_level_3_final,Ensemble (mean weight) top 14 models_TH_auto_equal_weight,Month+5,0.22,2005-01-01 00:00:00,2024-12-31 00:00:00,2022-01-01 00:00:00,0.994,0.972,1.0,0.93,1.0,0.944,174,40,5,0
2025-11-22 03:54:55,Greece_level_3_final,Ensemble (mean weight) top 14 models_TH_auto_equal_weight,Month+6,0.3,2005-01-01 00:00:00,2024-12-31 00:00:00,2022-01-01 00:00:00,1.0,1.0,1.0,1.0,1.0,1.0,174,45,0,0
2025-11-22 03:58:15,Greece_level_3_final,Ensemble (mean weight) top 9 models_TH_0.5_not_equal_weight,Month+1,0.5,2005-01-01 00:00:00,2024-12-31 00:00:00,2022-01-01 00:00:00,1.0,1.0,1.0,1.0,1.0,1.0,174,45,0,0
2025-11-22 03:58:15,Greece_level_3_final,Ensemble (mean weight) top 9 models_TH_0.5_not_equal_weight,Month+2,0.5,2005-01-01 00:00:00,2024-12-31 00:00:00,2022-01-01 00:00:00,1.0,1.0,1.0,1.0,1.0,1.0,174,45,0,0
2025-11-22 03:58:15,Greece_level_3_final,Ensemble (mean weight) top 9 models_TH_0.5_not_equal_weight,Month+3,0.5,2005-01-01 00:00:00,2024-12-31 00:00:00,2022-01-01 00:00:00,1.0,1.0,1.0,1.0,1.0,1.0,174,45,0,0
2025-11-22 03:58:15,Greece_level_3_final,Ensemble (mean weight) top 9 models_TH_0.5_not_equal_weight,Month+4,0.5,2005-01-01 00:00:00,2024-12-31 00:00:00,2022-01-01 00:00:00,1.0,1.0,1.0,1.0,1.0,1.0,174,45,0,0
2025-11-22 03:58:15,Greece_level_3_final,Ensemble (mean weight) top 9 models_TH_0.5_not_equal_weight,Month+5,0.5,2005-01-01 00:00:00,2024-12-31 00:00:00,2022-01-01 00:00:00,1.0,1.0,1.0,1.0,1.0,1.0,174,45,0,0
2025-11-22 03:58:15,Greece_level_3_final,Ensemble (mean weight) top 9 models_TH_0.5_not_equal_weight,Month+6,0.5,2005-01-01 00:00:00,2024-12-31 00:00:00,2022-01-01 00:00:00,1.0,1.0,1.0,1.0,1.0,1.0,174,45,0,0
2025-11-22 04:01:54,Greece_level_3_final,Ensemble (mean weight) top 10 models_TH_0.5_not_equal_weight,Month+1,0.5,2005-01-01 00:00:00,2024-12-31 00:00:00,2022-01-01 00:00:00,1.0,1.0,1.0,1.0,1.0,1.0,174,45,0,0
2025-11-22 04:01:54,Greece_level_3_final,Ensemble (mean weight) top 10 models_TH_0.5_not_equal_weight,Month+2,0.5,2005-01-01 00:00:00,2024-12-31 00:00:00,2022-01-01 00:00:00,1.0,1.0,1.0,1.0,1.0,1.0,174,45,0,0
2025-11-22 04:01:54,Greece_level_3_final,Ensemble (mean weight) top 10 models_TH_0.5_not_equal_weight,Month+3,0.5,2005-01-01 00:00:00,2024-12-31 00:00:00,2022-01-01 00:00:00,1.0,1.0,1.0,1.0,1.0,1.0,174,45,0,0
2025-11-22 04:01:54,Greece_level_3_final,Ensemble (mean weight) top 10 models_TH_0.5_not_equal_weight,Month+4,0.5,2005-01-01 00:00:00,2024-12-31 00:00:00,2022-01-01 00:00:00,1.0,1.0,1.0,1.0,1.0,1.0,174,45,0,0
2025-11-22 04:01:54,Greece_level_3_final,Ensemble (mean weight) top 10 models_TH_0.5_not_equal_weight,Month+5,0.5,2005-01-01 00:00:00,2024-12-31 00:00:00,2022-01-01 00:00:00,1.0,1.0,1.0,1.0,1.0,1.0,174,45,0,0
2025-11-22 04:01:54,Greece_level_3_final,Ensemble (mean weight) top 10 models_TH_0.5_not_equal_weight,Month+6,0.5,2005-01-01 00:00:00,2024-12-31 00:00:00,2022-01-01 00:00:00,1.0,1.0,1.0,1.0,1.0,1.0,174,45,0,0
2025-11-22 04:05:33,Greece_level_3_final,Ensemble (mean weight) top 11 models_TH_0.5_not_equal_weight,Month+1,0.5,2005-01-01 00:00:00,2024-12-31 00:00:00,2022-01-01 00:00:00,1.0,1.0,1.0,1.0,1.0,1.0,174,45,0,0
2025-11-22 04:05:33,Greece_level_3_final,Ensemble (mean weight) top 11 models_TH_0.5_not_equal_weight,Month+2,0.5,2005-01-01 00:00:00,2024-12-31 00:00:00,2022-01-01 00:00:00,1.0,1.0,1.0,1.0,1.0,1.0,174,45,0,0
2025-11-22 04:05:33,Greece_level_3_final,Ensemble (mean weight) top 11 models_TH_0.5_not_equal_weight,Month+3,0.5,2005-01-01 00:00:00,2024-12-31 00:00:00,2022-01-01 00:00:00,1.0,1.0,1.0,1.0,1.0,1.0,174,45,0,0
2025-11-22 04:05:33,Greece_level_3_final,Ensemble (mean weight) top 11 models_TH_0.5_not_equal_weight,Month+4,0.5,2005-01-01 00:00:00,2024-12-31 00:00:00,2022-01-01 00:00:00,1.0,1.0,1.0,1.0,1.0,1.0,174,45,0,0
2025-11-22 04:05:33,Greece_level_3_final,Ensemble (mean weight) top 11 models_TH_0.5_not_equal_weight,Month+5,0.5,2005-01-01 00:00:00,2024-12-31 00:00:00,2022-01-01 00:00:00,1.0,1.0,1.0,1.0,1.0,1.0,174,45,0,0
2025-11-22 04:05:33,Greece_level_3_final,Ensemble (mean weight) top 11 models_TH_0.5_not_equal_weight,Month+6,0.5,2005-01-01 00:00:00,2024-12-31 00:00:00,2022-01-01 00:00:00,1.0,1.0,1.0,1.0,1.0,1.0,174,45,0,0
2025-11-22 04:09:19,Greece_level_3_final,Ensemble (mean weight) top 12 models_TH_0.5_not_equal_weight,Month+1,0.5,2005-01-01 00:00:00,2024-12-31 00:00:00,2022-01-01 00:00:00,1.0,1.0,1.0,1.0,1.0,1.0,174,45,0,0
2025-11-22 04:09:19,Greece_level_3_final,Ensemble (mean weight) top 12 models_TH_0.5_not_equal_weight,Month+2,0.5,2005-01-01 00:00:00,2024-12-31 00:00:00,2022-01-01 00:00:00,1.0,1.0,1.0,1.0,1.0,1.0,174,45,0,0
2025-11-22 04:09:19,Greece_level_3_final,Ensemble (mean weight) top 12 models_TH_0.5_not_equal_weight,Month+3,0.5,2005-01-01 00:00:00,2024-12-31 00:00:00,2022-01-01 00:00:00,1.0,1.0,1.0,1.0,1.0,1.0,174,45,0,0
2025-11-22 04:09:19,Greece_level_3_final,Ensemble (mean weight) top 12 models_TH_0.5_not_equal_weight,Month+4,0.5,2005-01-01 00:00:00,2024-12-31 00:00:00,2022-01-01 00:00:00,1.0,1.0,1.0,1.0,1.0,1.0,174,45,0,0
2025-11-22 04:09:19,Greece_level_3_final,Ensemble (mean weight) top 12 models_TH_0.5_not_equal_weight,Month+5,0.5,2005-01-01 00:00:00,2024-12-31 00:00:00,2022-01-01 00:00:00,1.0,1.0,1.0,1.0,1.0,1.0,174,45,0,0
2025-11-22 04:09:19,Greece_level_3_final,Ensemble (mean weight) top 12 models_TH_0.5_not_equal_weight,Month+6,0.5,2005-01-01 00:00:00,2024-12-31 00:00:00,2022-01-01 00:00:00,1.0,1.0,1.0,1.0,1.0,1.0,174,45,0,0
2025-11-22 04:13:23,Greece_level_3_final,Ensemble (mean weight) top 13 models_TH_0.5_not_equal_weight,Month+1,0.5,2005-01-01 00:00:00,2024-12-31 00:00:00,2022-01-01 00:00:00,1.0,1.0,1.0,1.0,1.0,1.0,174,45,0,0
2025-11-22 04:13:23,Greece_level_3_final,Ensemble (mean weight) top 13 models_TH_0.5_not_equal_weight,Month+2,0.5,2005-01-01 00:00:00,2024-12-31 00:00:00,2022-01-01 00:00:00,0.955,0.982,0.948,0.843,0.989,0.941,165,42,3,9
2025-11-22 04:13:23,Greece_level_3_final,Ensemble (mean weight) top 13 models_TH_0.5_not_equal_weight,Month+3,0.5,2005-01-01 00:00:00,2024-12-31 00:00:00,2022-01-01 00:00:00,1.0,1.0,1.0,1.0,1.0,1.0,174,45,0,0
2025-11-22 04:13:23,Greece_level_3_final,Ensemble (mean weight) top 13 models_TH_0.5_not_equal_weight,Month+4,0.5,2005-01-01 00:00:00,2024-12-31 00:00:00,2022-01-01 00:00:00,1.0,1.0,1.0,1.0,1.0,1.0,174,45,0,0
2025-11-22 04:13:23,Greece_level_3_final,Ensemble (mean weight) top 13 models_TH_0.5_not_equal_weight,Month+5,0.5,2005-01-01 00:00:00,2024-12-31 00:00:00,2022-01-01 00:00:00,0.975,0.966,0.977,0.858,0.996,0.922,170,39,6,4
2025-11-22 04:13:23,Greece_level_3_final,Ensemble (mean weight) top 13 models_TH_0.5_not_equal_weight,Month+6,0.5,2005-01-01 00:00:00,2024-12-31 00:00:00,2022-01-01 00:00:00,1.0,1.0,1.0,1.0,1.0,1.0,174,45,0,0
2025-11-22 04:17:44,Greece_level_3_final,Ensemble (mean weight) top 14 models_TH_0.5_not_equal_weight,Month+1,0.500,2005-01-01 00:00:00,2024-12-31 00:00:00,2022-01-01 00:00:00,1.000,1.000,1.000,1.000,1.000,1.000,174,45,0,0
2025-11-22 04:17:44,Greece_level_3_final,Ensemble (mean weight) top 14 models_TH_0.5_not_equal_weight,Month+2,0.500,2005-01-01 00:00:00,2024-12-31 00:00:00,2022-01-01 00:00:00,0.949,0.976,0.943,0.816,0.986,0.927,164,41,4,10
2025-11-22 04:17:44,Greece_level_3_final,Ensemble (mean weight) top 14 models_TH_0.5_not_equal_weight,Month+3,0.500,2005-01-01 00:00:00,2024-12-31 00:00:00,2022-01-01 00:00:00,1.000,1.000,1.000,1.000,1.000,1.000,174,45,0,0
2025-11-22 04:17:44,Greece_level_3_final,Ensemble (mean weight) top 14 models_TH_0.5_not_equal_weight,Month+4,0.500,2005-01-01 00:00:00,2024-12-31 00:00:00,2022-01-01 00:00:00,1.000,1.000,1.000,1.000,1.000,1.000,174,45,0,0
2025-11-22 04:17:44,Greece_level_3_final,Ensemble (mean weight) top 14 models_TH_0.5_not_equal_weight,Month+5,0.500,2005-01-01 00:00:00,2024-12-31 00:00:00,2022-01-01 00:00:00,0.969,0.960,0.971,0.830,0.991,0.908,169,38,7,5
2025-11-22 04:17:44,Greece_level_3_final,Ensemble (mean weight) top 14 models_TH_0.5_not_equal_weight,Month+6,0.500,2005-01-01 00:00:00,2024-12-31 00:00:00,2022-01-01 00:00:00,1.000,1.000,1.000,1.000,1.000,1.000,174,45,0,0
