timestamp,data_id,model,month,thresholds,start_date,end_date,data_split_date,F2,Precision,Recall,MCC,AUC,BalancedAccuracy,TP,TN,FP,FN
2025-11-17 23:48:19,France_level_3_final,k-Nearest Neighbors,Month+1,0.21,2005-01-01,2024-12-31,2022-01-01,0.929,0.723,1.0,0.761,0.913,0.901,810,1254,311,0
2025-11-17 23:48:19,France_level_3_final,k-Nearest Neighbors,Month+2,0.29,2005-01-01,2024-12-31,2022-01-01,0.912,0.682,0.996,0.726,0.902,0.887,765,1251,356,3
2025-11-17 23:48:19,France_level_3_final,k-Nearest Neighbors,Month+3,0.29,2005-01-01,2024-12-31,2022-01-01,0.889,0.646,0.981,0.685,0.885,0.869,724,1240,397,14
2025-11-17 23:48:19,France_level_3_final,k-Nearest Neighbors,Month+4,0.25,2005-01-01,2024-12-31,2022-01-01,0.861,0.621,0.953,0.642,0.864,0.847,697,1218,426,34
2025-11-17 23:48:19,France_level_3_final,k-Nearest Neighbors,Month+5,0.34,2005-01-01,2024-12-31,2022-01-01,0.833,0.601,0.922,0.601,0.841,0.825,676,1194,448,57
2025-11-17 23:48:19,France_level_3_final,k-Nearest Neighbors,Month+6,0.34,2005-01-01,2024-12-31,2022-01-01,0.808,0.584,0.893,0.561,0.82,0.803,661,1164,471,79
2025-11-17 23:51:24,France_level_3_final,SVC (RBF Kernel),Month+1,0.05,2005-01-01 00:00:00,2024-12-31 00:00:00,2022-01-01 00:00:00,0.943,0.769,1.0,0.806,0.981,0.922,810,1322,243,0
2025-11-17 23:51:24,France_level_3_final,SVC (RBF Kernel),Month+2,0.15,2005-01-01 00:00:00,2024-12-31 00:00:00,2022-01-01 00:00:00,0.937,0.759,0.996,0.8,0.969,0.922,765,1364,243,3
2025-11-17 23:51:24,France_level_3_final,SVC (RBF Kernel),Month+3,0.21,2005-01-01 00:00:00,2024-12-31 00:00:00,2022-01-01 00:00:00,0.911,0.721,0.976,0.755,0.941,0.903,720,1358,279,18
2025-11-17 23:51:24,France_level_3_final,SVC (RBF Kernel),Month+4,0.12,2005-01-01 00:00:00,2024-12-31 00:00:00,2022-01-01 00:00:00,0.858,0.665,0.925,0.669,0.906,0.859,676,1303,341,55
2025-11-17 23:51:24,France_level_3_final,SVC (RBF Kernel),Month+5,0.18,2005-01-01 00:00:00,2024-12-31 00:00:00,2022-01-01 00:00:00,0.815,0.628,0.881,0.604,0.875,0.824,646,1259,383,87
2025-11-17 23:51:24,France_level_3_final,SVC (RBF Kernel),Month+6,0.32,2005-01-01 00:00:00,2024-12-31 00:00:00,2022-01-01 00:00:00,0.758,0.595,0.814,0.528,0.854,0.782,602,1226,409,138
2025-11-17 23:52:27,France_level_3_final,Logistic Regression,Month+1,0.88,2005-01-01 00:00:00,2024-12-31 00:00:00,2022-01-01 00:00:00,0.974,0.89,0.998,0.911,0.969,0.967,808,1465,100,2
2025-11-17 23:52:27,France_level_3_final,Logistic Regression,Month+2,0.82,2005-01-01 00:00:00,2024-12-31 00:00:00,2022-01-01 00:00:00,0.956,0.828,0.995,0.86,0.947,0.948,764,1448,159,4
2025-11-17 23:52:27,France_level_3_final,Logistic Regression,Month+3,0.31,2005-01-01 00:00:00,2024-12-31 00:00:00,2022-01-01 00:00:00,0.902,0.691,0.977,0.728,0.917,0.89,721,1315,322,17
2025-11-17 23:52:27,France_level_3_final,Logistic Regression,Month+4,0.34,2005-01-01 00:00:00,2024-12-31 00:00:00,2022-01-01 00:00:00,0.865,0.643,0.947,0.661,0.882,0.857,692,1260,384,39
2025-11-17 23:52:27,France_level_3_final,Logistic Regression,Month+5,0.32,2005-01-01 00:00:00,2024-12-31 00:00:00,2022-01-01 00:00:00,0.831,0.573,0.936,0.577,0.856,0.812,686,1131,511,47
2025-11-17 23:52:27,France_level_3_final,Logistic Regression,Month+6,0.34,2005-01-01 00:00:00,2024-12-31 00:00:00,2022-01-01 00:00:00,0.811,0.555,0.916,0.541,0.829,0.792,678,1091,544,62
2025-11-17 23:59:26,France_level_3_final,Linear SVM (Calibrated),Month+1,0.12,2005-01-01 00:00:00,2024-12-31 00:00:00,2022-01-01 00:00:00,0.955,0.809,1.0,0.843,0.971,0.939,810,1374,191,0
2025-11-17 23:59:26,France_level_3_final,Linear SVM (Calibrated),Month+2,0.15,2005-01-01 00:00:00,2024-12-31 00:00:00,2022-01-01 00:00:00,0.937,0.756,0.996,0.797,0.95,0.921,765,1360,247,3
2025-11-17 23:59:26,France_level_3_final,Linear SVM (Calibrated),Month+3,0.11,2005-01-01 00:00:00,2024-12-31 00:00:00,2022-01-01 00:00:00,0.885,0.642,0.977,0.678,0.916,0.866,721,1235,402,17
2025-11-17 23:59:26,France_level_3_final,Linear SVM (Calibrated),Month+4,0.12,2005-01-01 00:00:00,2024-12-31 00:00:00,2022-01-01 00:00:00,0.843,0.593,0.943,0.605,0.879,0.827,689,1171,473,42
2025-11-17 23:59:26,France_level_3_final,Linear SVM (Calibrated),Month+5,0.12,2005-01-01 00:00:00,2024-12-31 00:00:00,2022-01-01 00:00:00,0.81,0.54,0.926,0.532,0.848,0.787,679,1064,578,54
2025-11-17 23:59:26,France_level_3_final,Linear SVM (Calibrated),Month+6,0.12,2005-01-01 00:00:00,2024-12-31 00:00:00,2022-01-01 00:00:00,0.787,0.506,0.914,0.477,0.821,0.755,676,976,659,64
2025-11-17 23:59:27,France_level_3_final,RidgeClassifier (Calibrated),Month+1,0.9,2005-01-01 00:00:00,2024-12-31 00:00:00,2022-01-01 00:00:00,0.98,0.906,1.0,0.926,0.979,0.973,810,1481,84,0
2025-11-17 23:59:27,France_level_3_final,RidgeClassifier (Calibrated),Month+2,0.82,2005-01-01 00:00:00,2024-12-31 00:00:00,2022-01-01 00:00:00,0.964,0.855,0.996,0.883,0.962,0.958,765,1477,130,3
2025-11-17 23:59:27,France_level_3_final,RidgeClassifier (Calibrated),Month+3,0.78,2005-01-01 00:00:00,2024-12-31 00:00:00,2022-01-01 00:00:00,0.935,0.803,0.976,0.828,0.931,0.934,720,1460,177,18
2025-11-17 23:59:27,France_level_3_final,RidgeClassifier (Calibrated),Month+4,0.74,2005-01-01 00:00:00,2024-12-31 00:00:00,2022-01-01 00:00:00,0.883,0.752,0.923,0.75,0.894,0.894,675,1421,223,56
2025-11-17 23:59:27,France_level_3_final,RidgeClassifier (Calibrated),Month+5,0.56,2005-01-01 00:00:00,2024-12-31 00:00:00,2022-01-01 00:00:00,0.822,0.698,0.859,0.66,0.854,0.847,630,1370,272,103
2025-11-17 23:59:27,France_level_3_final,RidgeClassifier (Calibrated),Month+6,0.08,2005-01-01 00:00:00,2024-12-31 00:00:00,2022-01-01 00:00:00,0.792,0.536,0.899,0.507,0.821,0.773,665,1060,575,75
2025-11-17 23:59:52,France_level_3_final,Random Forest,Month+1,0.14,2005-01-01 00:00:00,2024-12-31 00:00:00,2022-01-01 00:00:00,0.937,0.749,1.0,0.787,0.977,0.913,810,1294,271,0
2025-11-17 23:59:52,France_level_3_final,Random Forest,Month+2,0.14,2005-01-01 00:00:00,2024-12-31 00:00:00,2022-01-01 00:00:00,0.926,0.723,0.996,0.766,0.955,0.907,765,1314,293,3
2025-11-17 23:59:52,France_level_3_final,Random Forest,Month+3,0.16,2005-01-01 00:00:00,2024-12-31 00:00:00,2022-01-01 00:00:00,0.907,0.707,0.976,0.741,0.924,0.896,720,1338,299,18
2025-11-17 23:59:52,France_level_3_final,Random Forest,Month+4,0.2,2005-01-01 00:00:00,2024-12-31 00:00:00,2022-01-01 00:00:00,0.87,0.706,0.923,0.708,0.892,0.876,675,1363,281,56
2025-11-17 23:59:52,France_level_3_final,Random Forest,Month+5,0.26,2005-01-01 00:00:00,2024-12-31 00:00:00,2022-01-01 00:00:00,0.823,0.669,0.873,0.641,0.86,0.84,640,1326,316,93
2025-11-17 23:59:52,France_level_3_final,Random Forest,Month+6,0.24,2005-01-01 00:00:00,2024-12-31 00:00:00,2022-01-01 00:00:00,0.783,0.59,0.853,0.544,0.837,0.792,631,1197,438,109
2025-11-18 00:00:33,France_level_3_final,Balanced Random Forest,Month+1,0.3,2005-01-01 00:00:00,2024-12-31 00:00:00,2022-01-01 00:00:00,0.939,0.755,1.0,0.792,0.98,0.916,810,1302,263,0
2025-11-18 00:00:33,France_level_3_final,Balanced Random Forest,Month+2,0.38,2005-01-01 00:00:00,2024-12-31 00:00:00,2022-01-01 00:00:00,0.933,0.744,0.996,0.786,0.958,0.916,765,1344,263,3
2025-11-18 00:00:33,France_level_3_final,Balanced Random Forest,Month+3,0.35,2005-01-01 00:00:00,2024-12-31 00:00:00,2022-01-01 00:00:00,0.909,0.713,0.976,0.747,0.925,0.899,720,1347,290,18
2025-11-18 00:00:33,France_level_3_final,Balanced Random Forest,Month+4,0.37,2005-01-01 00:00:00,2024-12-31 00:00:00,2022-01-01 00:00:00,0.865,0.692,0.923,0.695,0.889,0.87,675,1343,301,56
2025-11-18 00:00:33,France_level_3_final,Balanced Random Forest,Month+5,0.35,2005-01-01 00:00:00,2024-12-31 00:00:00,2022-01-01 00:00:00,0.82,0.621,0.891,0.603,0.856,0.824,653,1244,398,80
2025-11-18 00:00:33,France_level_3_final,Balanced Random Forest,Month+6,0.37,2005-01-01 00:00:00,2024-12-31 00:00:00,2022-01-01 00:00:00,0.791,0.584,0.868,0.546,0.835,0.794,642,1178,457,98
2025-11-18 00:01:09,France_level_3_final,ExtraTrees,Month+1,0.21,2005-01-01 00:00:00,2024-12-31 00:00:00,2022-01-01 00:00:00,0.934,0.739,1.0,0.777,0.959,0.909,810,1279,286,0
2025-11-18 00:01:09,France_level_3_final,ExtraTrees,Month+2,0.22,2005-01-01 00:00:00,2024-12-31 00:00:00,2022-01-01 00:00:00,0.921,0.708,0.996,0.752,0.938,0.9,765,1292,315,3
2025-11-18 00:01:09,France_level_3_final,ExtraTrees,Month+3,0.26,2005-01-01 00:00:00,2024-12-31 00:00:00,2022-01-01 00:00:00,0.909,0.711,0.977,0.747,0.913,0.899,721,1344,293,17
2025-11-18 00:01:09,France_level_3_final,ExtraTrees,Month+4,0.26,2005-01-01 00:00:00,2024-12-31 00:00:00,2022-01-01 00:00:00,0.875,0.653,0.956,0.677,0.889,0.865,699,1272,372,32
2025-11-18 00:01:09,France_level_3_final,ExtraTrees,Month+5,0.2,2005-01-01 00:00:00,2024-12-31 00:00:00,2022-01-01 00:00:00,0.836,0.603,0.925,0.604,0.86,0.826,678,1195,447,55
2025-11-18 00:01:09,France_level_3_final,ExtraTrees,Month+6,0.19,2005-01-01 00:00:00,2024-12-31 00:00:00,2022-01-01 00:00:00,0.808,0.587,0.892,0.563,0.839,0.804,660,1170,465,80
2025-11-18 00:02:44,France_level_3_final,Gradient Boosting,Month+1,0.88,2005-01-01 00:00:00,2024-12-31 00:00:00,2022-01-01 00:00:00,0.968,0.944,0.974,0.937,0.983,0.972,789,1518,47,21
2025-11-18 00:02:44,France_level_3_final,Gradient Boosting,Month+2,0.84,2005-01-01 00:00:00,2024-12-31 00:00:00,2022-01-01 00:00:00,0.96,0.893,0.978,0.902,0.957,0.961,751,1517,90,17
2025-11-18 00:02:44,France_level_3_final,Gradient Boosting,Month+3,0.76,2005-01-01 00:00:00,2024-12-31 00:00:00,2022-01-01 00:00:00,0.943,0.842,0.973,0.859,0.93,0.945,718,1502,135,20
2025-11-18 00:02:44,France_level_3_final,Gradient Boosting,Month+4,0.07,2005-01-01 00:00:00,2024-12-31 00:00:00,2022-01-01 00:00:00,0.849,0.633,0.927,0.639,0.889,0.844,678,1251,393,53
2025-11-18 00:02:44,France_level_3_final,Gradient Boosting,Month+5,0.07,2005-01-01 00:00:00,2024-12-31 00:00:00,2022-01-01 00:00:00,0.803,0.581,0.888,0.558,0.853,0.801,651,1173,469,82
2025-11-18 00:02:44,France_level_3_final,Gradient Boosting,Month+6,0.07,2005-01-01 00:00:00,2024-12-31 00:00:00,2022-01-01 00:00:00,0.784,0.539,0.885,0.502,0.83,0.771,655,1074,561,85
2025-11-18 00:03:32,France_level_3_final,AdaBoost,Month+1,0.49,2005-01-01 00:00:00,2024-12-31 00:00:00,2022-01-01 00:00:00,0.966,0.851,1.0,0.88,0.979,0.955,810,1423,142,0
2025-11-18 00:03:32,France_level_3_final,AdaBoost,Month+2,0.49,2005-01-01 00:00:00,2024-12-31 00:00:00,2022-01-01 00:00:00,0.948,0.796,0.996,0.833,0.965,0.937,765,1411,196,3
2025-11-18 00:03:32,France_level_3_final,AdaBoost,Month+3,0.5,2005-01-01 00:00:00,2024-12-31 00:00:00,2022-01-01 00:00:00,0.936,0.812,0.973,0.834,0.939,0.936,718,1471,166,20
2025-11-18 00:03:32,France_level_3_final,AdaBoost,Month+4,0.49,2005-01-01 00:00:00,2024-12-31 00:00:00,2022-01-01 00:00:00,0.879,0.67,0.953,0.692,0.907,0.872,697,1300,344,34
2025-11-18 00:03:32,France_level_3_final,AdaBoost,Month+5,0.49,2005-01-01 00:00:00,2024-12-31 00:00:00,2022-01-01 00:00:00,0.838,0.615,0.922,0.615,0.871,0.832,676,1218,424,57
2025-11-18 00:03:32,France_level_3_final,AdaBoost,Month+6,0.49,2005-01-01 00:00:00,2024-12-31 00:00:00,2022-01-01 00:00:00,0.809,0.589,0.892,0.566,0.845,0.805,660,1174,461,80
2025-11-18 00:04:44,France_level_3_final,Hist Gradient Boosting,Month+1,0.19,2005-01-01 00:00:00,2024-12-31 00:00:00,2022-01-01 00:00:00,0.982,0.914,1.0,0.933,0.984,0.976,810,1489,76,0
2025-11-18 00:04:44,France_level_3_final,Hist Gradient Boosting,Month+2,0.33,2005-01-01 00:00:00,2024-12-31 00:00:00,2022-01-01 00:00:00,0.963,0.849,0.996,0.879,0.958,0.956,765,1471,136,3
2025-11-18 00:04:44,France_level_3_final,Hist Gradient Boosting,Month+3,0.08,2005-01-01 00:00:00,2024-12-31 00:00:00,2022-01-01 00:00:00,0.925,0.765,0.976,0.795,0.932,0.92,720,1416,221,18
2025-11-18 00:04:44,France_level_3_final,Hist Gradient Boosting,Month+4,0.3,2005-01-01 00:00:00,2024-12-31 00:00:00,2022-01-01 00:00:00,0.881,0.744,0.923,0.743,0.908,0.891,675,1412,232,56
2025-11-18 00:04:44,France_level_3_final,Hist Gradient Boosting,Month+5,0.14,2005-01-01 00:00:00,2024-12-31 00:00:00,2022-01-01 00:00:00,0.832,0.691,0.877,0.665,0.885,0.851,643,1355,287,90
2025-11-18 00:04:44,France_level_3_final,Hist Gradient Boosting,Month+6,0.09,2005-01-01 00:00:00,2024-12-31 00:00:00,2022-01-01 00:00:00,0.817,0.652,0.872,0.621,0.851,0.831,645,1291,344,95
2025-11-18 00:05:06,France_level_3_final,XGBoost,Month+1,0.21,2005-01-01 00:00:00,2024-12-31 00:00:00,2022-01-01 00:00:00,0.959,0.826,1.0,0.858,0.98,0.945,810,1394,171,0
2025-11-18 00:05:06,France_level_3_final,XGBoost,Month+2,0.28,2005-01-01 00:00:00,2024-12-31 00:00:00,2022-01-01 00:00:00,0.952,0.808,0.996,0.843,0.959,0.941,765,1425,182,3
2025-11-18 00:05:06,France_level_3_final,XGBoost,Month+3,0.26,2005-01-01 00:00:00,2024-12-31 00:00:00,2022-01-01 00:00:00,0.921,0.752,0.976,0.784,0.933,0.915,720,1400,237,18
2025-11-18 00:05:06,France_level_3_final,XGBoost,Month+4,0.26,2005-01-01 00:00:00,2024-12-31 00:00:00,2022-01-01 00:00:00,0.87,0.706,0.923,0.708,0.907,0.876,675,1363,281,56
2025-11-18 00:05:06,France_level_3_final,XGBoost,Month+5,0.36,2005-01-01 00:00:00,2024-12-31 00:00:00,2022-01-01 00:00:00,0.823,0.688,0.865,0.654,0.876,0.845,634,1354,288,99
2025-11-18 00:05:06,France_level_3_final,XGBoost,Month+6,0.41,2005-01-01 00:00:00,2024-12-31 00:00:00,2022-01-01 00:00:00,0.784,0.639,0.831,0.583,0.857,0.809,615,1287,348,125
2025-11-18 00:05:23,France_level_3_final,LightGBM,Month+1,0.18,2005-01-01 00:00:00,2024-12-31 00:00:00,2022-01-01 00:00:00,0.98,0.908,1.0,0.928,0.981,0.974,810,1483,82,0
2025-11-18 00:05:23,France_level_3_final,LightGBM,Month+2,0.42,2005-01-01 00:00:00,2024-12-31 00:00:00,2022-01-01 00:00:00,0.958,0.832,0.996,0.865,0.953,0.95,765,1453,154,3
2025-11-18 00:05:23,France_level_3_final,LightGBM,Month+3,0.21,2005-01-01 00:00:00,2024-12-31 00:00:00,2022-01-01 00:00:00,0.92,0.748,0.976,0.78,0.929,0.914,720,1395,242,18
2025-11-18 00:05:23,France_level_3_final,LightGBM,Month+4,0.3,2005-01-01 00:00:00,2024-12-31 00:00:00,2022-01-01 00:00:00,0.871,0.708,0.925,0.711,0.912,0.878,676,1365,279,55
2025-11-18 00:05:23,France_level_3_final,LightGBM,Month+5,0.34,2005-01-01 00:00:00,2024-12-31 00:00:00,2022-01-01 00:00:00,0.83,0.684,0.877,0.658,0.883,0.848,643,1345,297,90
2025-11-18 00:05:23,France_level_3_final,LightGBM,Month+6,0.53,2005-01-01 00:00:00,2024-12-31 00:00:00,2022-01-01 00:00:00,0.782,0.662,0.819,0.599,0.86,0.815,606,1326,309,134
2025-11-18 00:07:48,France_level_3_final,CatBoost,Month+1,0.24,2005-01-01 00:00:00,2024-12-31 00:00:00,2022-01-01 00:00:00,0.962,0.834,1.0,0.865,0.979,0.949,810,1404,161,0
2025-11-18 00:07:48,France_level_3_final,CatBoost,Month+2,0.35,2005-01-01 00:00:00,2024-12-31 00:00:00,2022-01-01 00:00:00,0.94,0.766,0.996,0.806,0.961,0.925,765,1373,234,3
2025-11-18 00:07:48,France_level_3_final,CatBoost,Month+3,0.36,2005-01-01 00:00:00,2024-12-31 00:00:00,2022-01-01 00:00:00,0.915,0.732,0.976,0.766,0.934,0.907,720,1374,263,18
2025-11-18 00:07:48,France_level_3_final,CatBoost,Month+4,0.3,2005-01-01 00:00:00,2024-12-31 00:00:00,2022-01-01 00:00:00,0.869,0.678,0.934,0.689,0.91,0.869,683,1320,324,48
2025-11-18 00:07:48,France_level_3_final,CatBoost,Month+5,0.31,2005-01-01 00:00:00,2024-12-31 00:00:00,2022-01-01 00:00:00,0.828,0.632,0.898,0.619,0.878,0.832,658,1259,383,75
2025-11-18 00:07:48,France_level_3_final,CatBoost,Month+6,0.37,2005-01-01 00:00:00,2024-12-31 00:00:00,2022-01-01 00:00:00,0.808,0.593,0.888,0.569,0.851,0.806,657,1185,450,83
2025-11-18 00:35:36,France_level_3_final,Ensemble (mean weight) top 3 models_TH_auto_not_equal_weight,Month+1,0.25,2005-01-01 00:00:00,2024-12-31 00:00:00,2022-01-01 00:00:00,0.941,0.762,1.0,0.799,0.972,0.919,810,1312,253,0
2025-11-18 00:35:36,France_level_3_final,Ensemble (mean weight) top 3 models_TH_auto_not_equal_weight,Month+2,0.23,2005-01-01 00:00:00,2024-12-31 00:00:00,2022-01-01 00:00:00,0.929,0.733,0.996,0.775,0.951,0.911,765,1328,279,3
2025-11-18 00:35:36,France_level_3_final,Ensemble (mean weight) top 3 models_TH_auto_not_equal_weight,Month+3,0.25,2005-01-01 00:00:00,2024-12-31 00:00:00,2022-01-01 00:00:00,0.912,0.723,0.976,0.757,0.921,0.904,720,1361,276,18
2025-11-18 00:35:36,France_level_3_final,Ensemble (mean weight) top 3 models_TH_auto_not_equal_weight,Month+4,0.21,2005-01-01 00:00:00,2024-12-31 00:00:00,2022-01-01 00:00:00,0.861,0.65,0.937,0.662,0.888,0.856,685,1275,369,46
2025-11-18 00:35:36,France_level_3_final,Ensemble (mean weight) top 3 models_TH_auto_not_equal_weight,Month+5,0.2,2005-01-01 00:00:00,2024-12-31 00:00:00,2022-01-01 00:00:00,0.838,0.64,0.909,0.633,0.86,0.84,666,1267,375,67
2025-11-18 00:35:36,France_level_3_final,Ensemble (mean weight) top 3 models_TH_auto_not_equal_weight,Month+6,0.19,2005-01-01 00:00:00,2024-12-31 00:00:00,2022-01-01 00:00:00,0.791,0.589,0.865,0.55,0.837,0.796,640,1188,447,100
2025-11-18 01:01:44,France_level_3_final,Ensemble (mean weight) top 4 models_TH_auto_not_equal_weight,Month+1,0.22,2005-01-01 00:00:00,2024-12-31 00:00:00,2022-01-01 00:00:00,0.935,0.741,1.0,0.779,0.975,0.91,810,1282,283,0
2025-11-18 01:01:44,France_level_3_final,Ensemble (mean weight) top 4 models_TH_auto_not_equal_weight,Month+2,0.22,2005-01-01 00:00:00,2024-12-31 00:00:00,2022-01-01 00:00:00,0.916,0.692,0.996,0.736,0.948,0.892,765,1267,340,3
2025-11-18 01:01:44,France_level_3_final,Ensemble (mean weight) top 4 models_TH_auto_not_equal_weight,Month+3,0.23,2005-01-01 00:00:00,2024-12-31 00:00:00,2022-01-01 00:00:00,0.892,0.653,0.981,0.692,0.916,0.873,724,1253,384,14
2025-11-18 01:01:44,France_level_3_final,Ensemble (mean weight) top 4 models_TH_auto_not_equal_weight,Month+4,0.25,2005-01-01 00:00:00,2024-12-31 00:00:00,2022-01-01 00:00:00,0.864,0.627,0.953,0.649,0.887,0.851,697,1230,414,34
2025-11-18 01:01:44,France_level_3_final,Ensemble (mean weight) top 4 models_TH_auto_not_equal_weight,Month+5,0.21,2005-01-01 00:00:00,2024-12-31 00:00:00,2022-01-01 00:00:00,0.835,0.601,0.925,0.602,0.856,0.825,678,1192,450,55
2025-11-18 01:01:44,France_level_3_final,Ensemble (mean weight) top 4 models_TH_auto_not_equal_weight,Month+6,0.19,2005-01-01 00:00:00,2024-12-31 00:00:00,2022-01-01 00:00:00,0.813,0.585,0.9,0.567,0.835,0.806,666,1163,472,74
2025-11-18 01:31:14,France_level_3_final,Ensemble (mean weight) top 5 models_TH_auto_not_equal_weight,Month+1,0.14,2005-01-01 00:00:00,2024-12-31 00:00:00,2022-01-01 00:00:00,0.939,0.753,1.0,0.791,0.976,0.915,810,1300,265,0
2025-11-18 01:31:14,France_level_3_final,Ensemble (mean weight) top 5 models_TH_auto_not_equal_weight,Month+2,0.21,2005-01-01 00:00:00,2024-12-31 00:00:00,2022-01-01 00:00:00,0.917,0.695,0.996,0.738,0.946,0.894,765,1271,336,3
2025-11-18 01:31:14,France_level_3_final,Ensemble (mean weight) top 5 models_TH_auto_not_equal_weight,Month+3,0.19,2005-01-01 00:00:00,2024-12-31 00:00:00,2022-01-01 00:00:00,0.889,0.647,0.981,0.686,0.916,0.87,724,1242,395,14
2025-11-18 01:31:14,France_level_3_final,Ensemble (mean weight) top 5 models_TH_auto_not_equal_weight,Month+4,0.26,2005-01-01 00:00:00,2024-12-31 00:00:00,2022-01-01 00:00:00,0.864,0.627,0.953,0.649,0.89,0.851,697,1230,414,34
2025-11-18 01:31:14,France_level_3_final,Ensemble (mean weight) top 5 models_TH_auto_not_equal_weight,Month+5,0.21,2005-01-01 00:00:00,2024-12-31 00:00:00,2022-01-01 00:00:00,0.835,0.602,0.925,0.603,0.86,0.826,678,1193,449,55
2025-11-18 01:31:14,France_level_3_final,Ensemble (mean weight) top 5 models_TH_auto_not_equal_weight,Month+6,0.17,2005-01-01 00:00:00,2024-12-31 00:00:00,2022-01-01 00:00:00,0.815,0.587,0.903,0.57,0.838,0.808,668,1165,470,72
2025-11-18 02:10:15,France_level_3_final,Ensemble (mean weight) top 6 models_TH_auto_not_equal_weight,Month+1,0.15,2005-01-01 00:00:00,2024-12-31 00:00:00,2022-01-01 00:00:00,0.938,0.751,1.0,0.788,0.976,0.914,810,1296,269,0
2025-11-18 02:10:15,France_level_3_final,Ensemble (mean weight) top 6 models_TH_auto_not_equal_weight,Month+2,0.16,2005-01-01 00:00:00,2024-12-31 00:00:00,2022-01-01 00:00:00,0.914,0.687,0.996,0.731,0.946,0.89,765,1259,348,3
2025-11-18 02:10:15,France_level_3_final,Ensemble (mean weight) top 6 models_TH_auto_not_equal_weight,Month+3,0.21,2005-01-01 00:00:00,2024-12-31 00:00:00,2022-01-01 00:00:00,0.89,0.649,0.981,0.688,0.915,0.871,724,1245,392,14
2025-11-18 02:10:15,France_level_3_final,Ensemble (mean weight) top 6 models_TH_auto_not_equal_weight,Month+4,0.22,2005-01-01 00:00:00,2024-12-31 00:00:00,2022-01-01 00:00:00,0.862,0.623,0.953,0.645,0.899,0.849,697,1223,421,34
2025-11-18 02:10:15,France_level_3_final,Ensemble (mean weight) top 6 models_TH_auto_not_equal_weight,Month+5,0.17,2005-01-01 00:00:00,2024-12-31 00:00:00,2022-01-01 00:00:00,0.839,0.609,0.926,0.612,0.863,0.83,679,1206,436,54
2025-11-18 02:10:15,France_level_3_final,Ensemble (mean weight) top 6 models_TH_auto_not_equal_weight,Month+6,0.17,2005-01-01 00:00:00,2024-12-31 00:00:00,2022-01-01 00:00:00,0.818,0.594,0.904,0.579,0.842,0.812,669,1177,458,71
2025-11-18 02:45:39,France_level_3_final,Ensemble (mean weight) top 7 models_TH_auto_not_equal_weight,Month+1,0.19,2005-01-01 00:00:00,2024-12-31 00:00:00,2022-01-01 00:00:00,0.938,0.752,1.0,0.79,0.975,0.915,810,1298,267,0
2025-11-18 02:45:39,France_level_3_final,Ensemble (mean weight) top 7 models_TH_auto_not_equal_weight,Month+2,0.14,2005-01-01 00:00:00,2024-12-31 00:00:00,2022-01-01 00:00:00,0.915,0.69,0.996,0.734,0.947,0.891,765,1264,343,3
2025-11-18 02:45:39,France_level_3_final,Ensemble (mean weight) top 7 models_TH_auto_not_equal_weight,Month+3,0.2,2005-01-01 00:00:00,2024-12-31 00:00:00,2022-01-01 00:00:00,0.89,0.649,0.981,0.688,0.918,0.871,724,1246,391,14
2025-11-18 02:45:39,France_level_3_final,Ensemble (mean weight) top 7 models_TH_auto_not_equal_weight,Month+4,0.16,2005-01-01 00:00:00,2024-12-31 00:00:00,2022-01-01 00:00:00,0.864,0.619,0.959,0.643,0.899,0.848,701,1212,432,30
2025-11-18 02:45:39,France_level_3_final,Ensemble (mean weight) top 7 models_TH_auto_not_equal_weight,Month+5,0.19,2005-01-01 00:00:00,2024-12-31 00:00:00,2022-01-01 00:00:00,0.836,0.602,0.926,0.604,0.86,0.826,679,1193,449,54
2025-11-18 02:45:39,France_level_3_final,Ensemble (mean weight) top 7 models_TH_auto_not_equal_weight,Month+6,0.2,2005-01-01 00:00:00,2024-12-31 00:00:00,2022-01-01 00:00:00,0.829,0.62,0.905,0.609,0.845,0.827,670,1225,410,70
2025-11-18 03:34:23,France_level_3_final,Ensemble (mean weight) top 8 models_TH_auto_not_equal_weight,Month+1,0.18,2005-01-01 00:00:00,2024-12-31 00:00:00,2022-01-01 00:00:00,0.932,0.733,1.0,0.771,0.972,0.906,810,1270,295,0
2025-11-18 03:34:23,France_level_3_final,Ensemble (mean weight) top 8 models_TH_auto_not_equal_weight,Month+2,0.22,2005-01-01 00:00:00,2024-12-31 00:00:00,2022-01-01 00:00:00,0.916,0.692,0.996,0.736,0.947,0.892,765,1267,340,3
2025-11-18 03:34:23,France_level_3_final,Ensemble (mean weight) top 8 models_TH_auto_not_equal_weight,Month+3,0.2,2005-01-01 00:00:00,2024-12-31 00:00:00,2022-01-01 00:00:00,0.891,0.651,0.981,0.69,0.919,0.872,724,1249,388,14
2025-11-18 03:34:23,France_level_3_final,Ensemble (mean weight) top 8 models_TH_auto_not_equal_weight,Month+4,0.21,2005-01-01 00:00:00,2024-12-31 00:00:00,2022-01-01 00:00:00,0.863,0.625,0.953,0.647,0.896,0.85,697,1226,418,34
2025-11-18 03:34:23,France_level_3_final,Ensemble (mean weight) top 8 models_TH_auto_not_equal_weight,Month+5,0.17,2005-01-01 00:00:00,2024-12-31 00:00:00,2022-01-01 00:00:00,0.837,0.606,0.925,0.608,0.867,0.828,678,1202,440,55
2025-11-18 03:34:23,France_level_3_final,Ensemble (mean weight) top 8 models_TH_auto_not_equal_weight,Month+6,0.18,2005-01-01 00:00:00,2024-12-31 00:00:00,2022-01-01 00:00:00,0.82,0.583,0.912,0.572,0.836,0.809,675,1153,482,65
2025-11-18 03:52:37,France_level_3_final,Ensemble (mean weight) top 3 model_TH_0.5_equal_weights,Month+1,0.5,2005-01-01 00:00:00,2024-12-31 00:00:00,2022-01-01 00:00:00,0.985,0.928,1.0,0.944,0.98,0.98,810,1502,63,0
2025-11-18 03:52:37,France_level_3_final,Ensemble (mean weight) top 3 model_TH_0.5_equal_weights,Month+2,0.5,2005-01-01 00:00:00,2024-12-31 00:00:00,2022-01-01 00:00:00,0.96,0.838,0.996,0.869,0.954,0.952,765,1459,148,3
2025-11-18 03:52:37,France_level_3_final,Ensemble (mean weight) top 3 model_TH_0.5_equal_weights,Month+3,0.5,2005-01-01 00:00:00,2024-12-31 00:00:00,2022-01-01 00:00:00,0.935,0.803,0.976,0.828,0.925,0.934,720,1460,177,18
2025-11-18 03:52:37,France_level_3_final,Ensemble (mean weight) top 3 model_TH_0.5_equal_weights,Month+4,0.5,2005-01-01 00:00:00,2024-12-31 00:00:00,2022-01-01 00:00:00,0.881,0.746,0.923,0.745,0.897,0.892,675,1414,230,56
2025-11-18 03:52:37,France_level_3_final,Ensemble (mean weight) top 3 model_TH_0.5_equal_weights,Month+5,0.5,2005-01-01 00:00:00,2024-12-31 00:00:00,2022-01-01 00:00:00,0.827,0.715,0.861,0.676,0.87,0.854,631,1390,252,102
2025-11-18 03:52:37,France_level_3_final,Ensemble (mean weight) top 3 model_TH_0.5_equal_weights,Month+6,0.5,2005-01-01 00:00:00,2024-12-31 00:00:00,2022-01-01 00:00:00,0.77,0.664,0.803,0.591,0.848,0.809,594,1334,301,146
2025-11-18 04:07:12,France_level_3_final,Ensemble (mean weight) top 4 model_TH_0.5_equal_weights,Month+1,0.5,2005-01-01 00:00:00,2024-12-31 00:00:00,2022-01-01 00:00:00,0.983,0.922,1.0,0.939,0.978,0.978,810,1496,69,0
2025-11-18 04:07:12,France_level_3_final,Ensemble (mean weight) top 4 model_TH_0.5_equal_weights,Month+2,0.5,2005-01-01 00:00:00,2024-12-31 00:00:00,2022-01-01 00:00:00,0.96,0.838,0.996,0.869,0.953,0.952,765,1459,148,3
2025-11-18 04:07:12,France_level_3_final,Ensemble (mean weight) top 4 model_TH_0.5_equal_weights,Month+3,0.5,2005-01-01 00:00:00,2024-12-31 00:00:00,2022-01-01 00:00:00,0.934,0.797,0.976,0.824,0.923,0.932,720,1454,183,18
2025-11-18 04:07:12,France_level_3_final,Ensemble (mean weight) top 4 model_TH_0.5_equal_weights,Month+4,0.5,2005-01-01 00:00:00,2024-12-31 00:00:00,2022-01-01 00:00:00,0.882,0.748,0.923,0.746,0.894,0.892,675,1416,228,56
2025-11-18 04:07:12,France_level_3_final,Ensemble (mean weight) top 4 model_TH_0.5_equal_weights,Month+5,0.5,2005-01-01 00:00:00,2024-12-31 00:00:00,2022-01-01 00:00:00,0.826,0.715,0.859,0.676,0.867,0.853,630,1391,251,103
2025-11-18 04:07:12,France_level_3_final,Ensemble (mean weight) top 4 model_TH_0.5_equal_weights,Month+6,0.5,2005-01-01 00:00:00,2024-12-31 00:00:00,2022-01-01 00:00:00,0.767,0.666,0.797,0.59,0.844,0.808,590,1339,296,150
2025-11-18 04:34:46,France_level_3_final,Ensemble (mean weight) top 5 model_TH_0.5_equal_weights,Month+1,0.5,2005-01-01 00:00:00,2024-12-31 00:00:00,2022-01-01 00:00:00,0.978,0.9,1.0,0.921,0.977,0.971,810,1475,90,0
2025-11-18 04:34:46,France_level_3_final,Ensemble (mean weight) top 5 model_TH_0.5_equal_weights,Month+2,0.5,2005-01-01 00:00:00,2024-12-31 00:00:00,2022-01-01 00:00:00,0.958,0.832,0.996,0.864,0.952,0.95,765,1452,155,3
2025-11-18 04:34:46,France_level_3_final,Ensemble (mean weight) top 5 model_TH_0.5_equal_weights,Month+3,0.5,2005-01-01 00:00:00,2024-12-31 00:00:00,2022-01-01 00:00:00,0.932,0.79,0.976,0.817,0.921,0.929,720,1446,191,18
2025-11-18 04:34:46,France_level_3_final,Ensemble (mean weight) top 5 model_TH_0.5_equal_weights,Month+4,0.5,2005-01-01 00:00:00,2024-12-31 00:00:00,2022-01-01 00:00:00,0.879,0.737,0.923,0.737,0.895,0.888,675,1403,241,56
2025-11-18 04:34:46,France_level_3_final,Ensemble (mean weight) top 5 model_TH_0.5_equal_weights,Month+5,0.5,2005-01-01 00:00:00,2024-12-31 00:00:00,2022-01-01 00:00:00,0.823,0.704,0.859,0.665,0.866,0.849,630,1377,265,103
2025-11-18 04:34:46,France_level_3_final,Ensemble (mean weight) top 5 model_TH_0.5_equal_weights,Month+6,0.5,2005-01-01 00:00:00,2024-12-31 00:00:00,2022-01-01 00:00:00,0.763,0.663,0.793,0.585,0.843,0.805,587,1336,299,153
2025-11-18 04:55:37,France_level_3_final,Ensemble (mean weight) top 6 model_TH_0.5_equal_weights,Month+1,0.5,2005-01-01 00:00:00,2024-12-31 00:00:00,2022-01-01 00:00:00,0.978,0.899,1.0,0.92,0.977,0.971,810,1474,91,0
2025-11-18 04:55:37,France_level_3_final,Ensemble (mean weight) top 6 model_TH_0.5_equal_weights,Month+2,0.5,2005-01-01 00:00:00,2024-12-31 00:00:00,2022-01-01 00:00:00,0.958,0.831,0.996,0.863,0.953,0.95,765,1451,156,3
2025-11-18 04:55:37,France_level_3_final,Ensemble (mean weight) top 6 model_TH_0.5_equal_weights,Month+3,0.5,2005-01-01 00:00:00,2024-12-31 00:00:00,2022-01-01 00:00:00,0.93,0.785,0.976,0.813,0.922,0.928,720,1440,197,18
2025-11-18 04:55:37,France_level_3_final,Ensemble (mean weight) top 6 model_TH_0.5_equal_weights,Month+4,0.5,2005-01-01 00:00:00,2024-12-31 00:00:00,2022-01-01 00:00:00,0.878,0.735,0.923,0.735,0.897,0.888,675,1401,243,56
2025-11-18 04:55:37,France_level_3_final,Ensemble (mean weight) top 6 model_TH_0.5_equal_weights,Month+5,0.5,2005-01-01 00:00:00,2024-12-31 00:00:00,2022-01-01 00:00:00,0.822,0.7,0.859,0.662,0.867,0.848,630,1372,270,103
2025-11-18 04:55:37,France_level_3_final,Ensemble (mean weight) top 6 model_TH_0.5_equal_weights,Month+6,0.5,2005-01-01 00:00:00,2024-12-31 00:00:00,2022-01-01 00:00:00,0.766,0.655,0.8,0.581,0.843,0.805,592,1323,312,148
2025-11-18 05:16:02,France_level_3_final,Ensemble (mean weight) top 7 model_TH_0.5_equal_weights,Month+1,0.5,2005-01-01 00:00:00,2024-12-31 00:00:00,2022-01-01 00:00:00,0.978,0.9,1.0,0.921,0.977,0.971,810,1475,90,0
2025-11-18 05:16:02,France_level_3_final,Ensemble (mean weight) top 7 model_TH_0.5_equal_weights,Month+2,0.5,2005-01-01 00:00:00,2024-12-31 00:00:00,2022-01-01 00:00:00,0.959,0.834,0.996,0.866,0.953,0.951,765,1455,152,3
2025-11-18 05:16:02,France_level_3_final,Ensemble (mean weight) top 7 model_TH_0.5_equal_weights,Month+3,0.5,2005-01-01 00:00:00,2024-12-31 00:00:00,2022-01-01 00:00:00,0.931,0.787,0.976,0.814,0.922,0.928,720,1442,195,18
2025-11-18 05:16:02,France_level_3_final,Ensemble (mean weight) top 7 model_TH_0.5_equal_weights,Month+4,0.5,2005-01-01 00:00:00,2024-12-31 00:00:00,2022-01-01 00:00:00,0.879,0.736,0.923,0.736,0.896,0.888,675,1402,242,56
2025-11-18 05:16:02,France_level_3_final,Ensemble (mean weight) top 7 model_TH_0.5_equal_weights,Month+5,0.5,2005-01-01 00:00:00,2024-12-31 00:00:00,2022-01-01 00:00:00,0.822,0.699,0.859,0.661,0.867,0.847,630,1371,271,103
2025-11-18 05:16:02,France_level_3_final,Ensemble (mean weight) top 7 model_TH_0.5_equal_weights,Month+6,0.5,2005-01-01 00:00:00,2024-12-31 00:00:00,2022-01-01 00:00:00,0.766,0.656,0.8,0.582,0.844,0.805,592,1324,311,148
2025-11-18 05:44:46,France_level_3_final,Ensemble (mean weight) top 8 model_TH_0.5_equal_weights,Month+1,0.5,2005-01-01 00:00:00,2024-12-31 00:00:00,2022-01-01 00:00:00,0.978,0.897,1.0,0.919,0.979,0.97,810,1472,93,0
2025-11-18 05:44:46,France_level_3_final,Ensemble (mean weight) top 8 model_TH_0.5_equal_weights,Month+2,0.5,2005-01-01 00:00:00,2024-12-31 00:00:00,2022-01-01 00:00:00,0.956,0.825,0.996,0.858,0.957,0.948,765,1445,162,3
2025-11-18 05:44:46,France_level_3_final,Ensemble (mean weight) top 8 model_TH_0.5_equal_weights,Month+3,0.5,2005-01-01 00:00:00,2024-12-31 00:00:00,2022-01-01 00:00:00,0.929,0.78,0.976,0.809,0.924,0.926,720,1434,203,18
2025-11-18 05:44:46,France_level_3_final,Ensemble (mean weight) top 8 model_TH_0.5_equal_weights,Month+4,0.5,2005-01-01 00:00:00,2024-12-31 00:00:00,2022-01-01 00:00:00,0.878,0.735,0.923,0.735,0.898,0.888,675,1401,243,56
2025-11-18 05:44:46,France_level_3_final,Ensemble (mean weight) top 8 model_TH_0.5_equal_weights,Month+5,0.5,2005-01-01 00:00:00,2024-12-31 00:00:00,2022-01-01 00:00:00,0.82,0.694,0.859,0.656,0.867,0.845,630,1364,278,103
2025-11-18 05:44:46,France_level_3_final,Ensemble (mean weight) top 8 model_TH_0.5_equal_weights,Month+6,0.5,2005-01-01 00:00:00,2024-12-31 00:00:00,2022-01-01 00:00:00,0.759,0.644,0.795,0.567,0.844,0.798,588,1310,325,152
2025-11-18 06:22:35,France_level_3_final,Ensemble (mean weight) top 3 models_TH_auto_equal_weight,Month+1,0.25,2005-01-01 00:00:00,2024-12-31 00:00:00,2022-01-01 00:00:00,0.938,0.751,1.0,0.788,0.969,0.914,810,1296,269,0
2025-11-18 06:22:35,France_level_3_final,Ensemble (mean weight) top 3 models_TH_auto_equal_weight,Month+2,0.23,2005-01-01 00:00:00,2024-12-31 00:00:00,2022-01-01 00:00:00,0.928,0.728,0.996,0.77,0.949,0.909,765,1321,286,3
2025-11-18 06:22:35,France_level_3_final,Ensemble (mean weight) top 3 models_TH_auto_equal_weight,Month+3,0.25,2005-01-01 00:00:00,2024-12-31 00:00:00,2022-01-01 00:00:00,0.908,0.712,0.976,0.747,0.919,0.899,720,1346,291,18
2025-11-18 06:22:35,France_level_3_final,Ensemble (mean weight) top 3 models_TH_auto_equal_weight,Month+4,0.21,2005-01-01 00:00:00,2024-12-31 00:00:00,2022-01-01 00:00:00,0.876,0.67,0.949,0.69,0.891,0.871,694,1302,342,37
2025-11-18 06:22:35,France_level_3_final,Ensemble (mean weight) top 3 models_TH_auto_equal_weight,Month+5,0.2,2005-01-01 00:00:00,2024-12-31 00:00:00,2022-01-01 00:00:00,0.835,0.602,0.925,0.603,0.86,0.826,678,1193,449,55
2025-11-18 06:22:35,France_level_3_final,Ensemble (mean weight) top 3 models_TH_auto_equal_weight,Month+6,0.19,2005-01-01 00:00:00,2024-12-31 00:00:00,2022-01-01 00:00:00,0.81,0.585,0.896,0.564,0.838,0.804,663,1164,471,77
2025-11-18 06:52:01,France_level_3_final,Ensemble (mean weight) top 4 models_TH_auto_equal_weight,Month+1,0.22,2005-01-01 00:00:00,2024-12-31 00:00:00,2022-01-01 00:00:00,0.931,0.729,1.0,0.767,0.963,0.904,810,1264,301,0
2025-11-18 06:52:01,France_level_3_final,Ensemble (mean weight) top 4 models_TH_auto_equal_weight,Month+2,0.22,2005-01-01 00:00:00,2024-12-31 00:00:00,2022-01-01 00:00:00,0.916,0.694,0.996,0.738,0.944,0.893,765,1270,337,3
2025-11-18 06:52:01,France_level_3_final,Ensemble (mean weight) top 4 models_TH_auto_equal_weight,Month+3,0.23,2005-01-01 00:00:00,2024-12-31 00:00:00,2022-01-01 00:00:00,0.891,0.654,0.98,0.692,0.915,0.873,723,1255,382,15
2025-11-18 06:52:01,France_level_3_final,Ensemble (mean weight) top 4 models_TH_auto_equal_weight,Month+4,0.25,2005-01-01 00:00:00,2024-12-31 00:00:00,2022-01-01 00:00:00,0.864,0.627,0.953,0.649,0.889,0.851,697,1230,414,34
2025-11-18 06:52:01,France_level_3_final,Ensemble (mean weight) top 4 models_TH_auto_equal_weight,Month+5,0.21,2005-01-01 00:00:00,2024-12-31 00:00:00,2022-01-01 00:00:00,0.836,0.603,0.925,0.604,0.857,0.826,678,1195,447,55
2025-11-18 06:52:01,France_level_3_final,Ensemble (mean weight) top 4 models_TH_auto_equal_weight,Month+6,0.19,2005-01-01 00:00:00,2024-12-31 00:00:00,2022-01-01 00:00:00,0.814,0.587,0.901,0.57,0.836,0.807,667,1166,469,73
2025-11-18 07:24:58,France_level_3_final,Ensemble (mean weight) top 5 models_TH_auto_equal_weight,Month+1,0.14,2005-01-01 00:00:00,2024-12-31 00:00:00,2022-01-01 00:00:00,0.935,0.741,1.0,0.779,0.974,0.91,810,1282,283,0
2025-11-18 07:24:58,France_level_3_final,Ensemble (mean weight) top 5 models_TH_auto_equal_weight,Month+2,0.21,2005-01-01 00:00:00,2024-12-31 00:00:00,2022-01-01 00:00:00,0.921,0.708,0.996,0.751,0.95,0.9,765,1291,316,3
2025-11-18 07:24:58,France_level_3_final,Ensemble (mean weight) top 5 models_TH_auto_equal_weight,Month+3,0.19,2005-01-01 00:00:00,2024-12-31 00:00:00,2022-01-01 00:00:00,0.891,0.662,0.976,0.697,0.919,0.875,720,1269,368,18
2025-11-18 07:24:58,France_level_3_final,Ensemble (mean weight) top 5 models_TH_auto_equal_weight,Month+4,0.26,2005-01-01 00:00:00,2024-12-31 00:00:00,2022-01-01 00:00:00,0.863,0.638,0.947,0.656,0.893,0.854,692,1251,393,39
2025-11-18 07:24:58,France_level_3_final,Ensemble (mean weight) top 5 models_TH_auto_equal_weight,Month+5,0.21,2005-01-01 00:00:00,2024-12-31 00:00:00,2022-01-01 00:00:00,0.836,0.605,0.925,0.606,0.861,0.828,678,1199,443,55
2025-11-18 07:24:58,France_level_3_final,Ensemble (mean weight) top 5 models_TH_auto_equal_weight,Month+6,0.17,2005-01-01 00:00:00,2024-12-31 00:00:00,2022-01-01 00:00:00,0.816,0.588,0.904,0.572,0.84,0.809,669,1166,469,71
2025-11-18 07:57:04,France_level_3_final,Ensemble (mean weight) top 6 models_TH_auto_equal_weight,Month+1,0.15,2005-01-01 00:00:00,2024-12-31 00:00:00,2022-01-01 00:00:00,0.938,0.753,1.0,0.79,0.976,0.915,810,1299,266,0
2025-11-18 07:57:04,France_level_3_final,Ensemble (mean weight) top 6 models_TH_auto_equal_weight,Month+2,0.16,2005-01-01 00:00:00,2024-12-31 00:00:00,2022-01-01 00:00:00,0.922,0.71,0.996,0.753,0.951,0.901,765,1294,313,3
2025-11-18 07:57:04,France_level_3_final,Ensemble (mean weight) top 6 models_TH_auto_equal_weight,Month+3,0.21,2005-01-01 00:00:00,2024-12-31 00:00:00,2022-01-01 00:00:00,0.894,0.671,0.976,0.707,0.92,0.88,720,1284,353,18
2025-11-18 07:57:04,France_level_3_final,Ensemble (mean weight) top 6 models_TH_auto_equal_weight,Month+4,0.22,2005-01-01 00:00:00,2024-12-31 00:00:00,2022-01-01 00:00:00,0.862,0.641,0.944,0.657,0.894,0.854,690,1257,387,41
2025-11-18 07:57:04,France_level_3_final,Ensemble (mean weight) top 6 models_TH_auto_equal_weight,Month+5,0.17,2005-01-01 00:00:00,2024-12-31 00:00:00,2022-01-01 00:00:00,0.84,0.612,0.926,0.615,0.863,0.832,679,1211,431,54
2025-11-18 07:57:04,France_level_3_final,Ensemble (mean weight) top 6 models_TH_auto_equal_weight,Month+6,0.17,2005-01-01 00:00:00,2024-12-31 00:00:00,2022-01-01 00:00:00,0.816,0.592,0.901,0.575,0.841,0.81,667,1175,460,73
2025-11-18 08:34:08,France_level_3_final,Ensemble (mean weight) top 7 models_TH_auto_equal_weight,Month+1,0.19,2005-01-01 00:00:00,2024-12-31 00:00:00,2022-01-01 00:00:00,0.939,0.756,1.0,0.793,0.976,0.916,810,1303,262,0
2025-11-18 08:34:08,France_level_3_final,Ensemble (mean weight) top 7 models_TH_auto_equal_weight,Month+2,0.14,2005-01-01 00:00:00,2024-12-31 00:00:00,2022-01-01 00:00:00,0.921,0.708,0.996,0.751,0.953,0.9,765,1291,316,3
2025-11-18 08:34:08,France_level_3_final,Ensemble (mean weight) top 7 models_TH_auto_equal_weight,Month+3,0.2,2005-01-01 00:00:00,2024-12-31 00:00:00,2022-01-01 00:00:00,0.894,0.67,0.976,0.705,0.921,0.879,720,1282,355,18
2025-11-18 08:34:08,France_level_3_final,Ensemble (mean weight) top 7 models_TH_auto_equal_weight,Month+4,0.16,2005-01-01 00:00:00,2024-12-31 00:00:00,2022-01-01 00:00:00,0.864,0.631,0.952,0.652,0.896,0.852,696,1237,407,35
2025-11-18 08:34:08,France_level_3_final,Ensemble (mean weight) top 7 models_TH_auto_equal_weight,Month+5,0.19,2005-01-01 00:00:00,2024-12-31 00:00:00,2022-01-01 00:00:00,0.839,0.612,0.925,0.615,0.865,0.832,678,1213,429,55
2025-11-18 08:34:08,France_level_3_final,Ensemble (mean weight) top 7 models_TH_auto_equal_weight,Month+6,0.2,2005-01-01 00:00:00,2024-12-31 00:00:00,2022-01-01 00:00:00,0.815,0.591,0.9,0.574,0.841,0.809,666,1175,460,74
2025-11-18 09:15:37,France_level_3_final,Ensemble (mean weight) top 8 models_TH_auto_equal_weight,Month+1,0.18,2005-01-01 00:00:00,2024-12-31 00:00:00,2022-01-01 00:00:00,0.941,0.761,1.0,0.799,0.978,0.919,810,1311,254,0
2025-11-18 09:15:37,France_level_3_final,Ensemble (mean weight) top 8 models_TH_auto_equal_weight,Month+2,0.22,2005-01-01 00:00:00,2024-12-31 00:00:00,2022-01-01 00:00:00,0.926,0.722,0.996,0.765,0.956,0.906,765,1312,295,3
2025-11-18 09:15:37,France_level_3_final,Ensemble (mean weight) top 8 models_TH_auto_equal_weight,Month+3,0.2,2005-01-01 00:00:00,2024-12-31 00:00:00,2022-01-01 00:00:00,0.895,0.672,0.976,0.707,0.924,0.88,720,1285,352,18
2025-11-18 09:15:37,France_level_3_final,Ensemble (mean weight) top 8 models_TH_auto_equal_weight,Month+4,0.21,2005-01-01 00:00:00,2024-12-31 00:00:00,2022-01-01 00:00:00,0.861,0.64,0.943,0.656,0.897,0.854,689,1257,387,42
2025-11-18 09:15:37,France_level_3_final,Ensemble (mean weight) top 8 models_TH_auto_equal_weight,Month+5,0.17,2005-01-01 00:00:00,2024-12-31 00:00:00,2022-01-01 00:00:00,0.838,0.609,0.925,0.61,0.865,0.83,678,1206,436,55
2025-11-18 09:15:37,France_level_3_final,Ensemble (mean weight) top 8 models_TH_auto_equal_weight,Month+6,0.18,2005-01-01 00:00:00,2024-12-31 00:00:00,2022-01-01 00:00:00,0.816,0.591,0.901,0.574,0.842,0.809,667,1173,462,73
2025-11-18 09:29:17,France_level_3_final,Ensemble (mean weight) top 3 models_TH_0.5_not_equal_weight,Month+1,0.5,2005-01-01 00:00:00,2024-12-31 00:00:00,2022-01-01 00:00:00,0.988,0.941,1.0,0.954,0.984,0.984,810,1514,51,0
2025-11-18 09:29:17,France_level_3_final,Ensemble (mean weight) top 3 models_TH_0.5_not_equal_weight,Month+2,0.5,2005-01-01 00:00:00,2024-12-31 00:00:00,2022-01-01 00:00:00,0.951,0.807,0.996,0.843,0.954,0.941,765,1424,183,3
2025-11-18 09:29:17,France_level_3_final,Ensemble (mean weight) top 3 models_TH_0.5_not_equal_weight,Month+3,0.5,2005-01-01 00:00:00,2024-12-31 00:00:00,2022-01-01 00:00:00,0.932,0.791,0.976,0.818,0.924,0.93,720,1447,190,18
2025-11-18 09:29:17,France_level_3_final,Ensemble (mean weight) top 3 models_TH_0.5_not_equal_weight,Month+4,0.5,2005-01-01 00:00:00,2024-12-31 00:00:00,2022-01-01 00:00:00,0.879,0.736,0.923,0.736,0.891,0.888,675,1402,242,56
2025-11-18 09:29:17,France_level_3_final,Ensemble (mean weight) top 3 models_TH_0.5_not_equal_weight,Month+5,0.5,2005-01-01 00:00:00,2024-12-31 00:00:00,2022-01-01 00:00:00,0.814,0.672,0.859,0.635,0.856,0.836,630,1334,308,103
2025-11-18 09:29:17,France_level_3_final,Ensemble (mean weight) top 3 models_TH_0.5_not_equal_weight,Month+6,0.5,2005-01-01 00:00:00,2024-12-31 00:00:00,2022-01-01 00:00:00,0.776,0.656,0.814,0.591,0.847,0.81,602,1320,315,138
2025-11-18 09:43:00,France_level_3_final,Ensemble (mean weight) top 4 models_TH_0.5_not_equal_weight,Month+1,0.5,2005-01-01 00:00:00,2024-12-31 00:00:00,2022-01-01 00:00:00,0.968,0.86,1.0,0.887,0.977,0.958,810,1433,132,0
2025-11-18 09:43:00,France_level_3_final,Ensemble (mean weight) top 4 models_TH_0.5_not_equal_weight,Month+2,0.5,2005-01-01 00:00:00,2024-12-31 00:00:00,2022-01-01 00:00:00,0.962,0.844,0.996,0.875,0.952,0.954,765,1466,141,3
2025-11-18 09:43:00,France_level_3_final,Ensemble (mean weight) top 4 models_TH_0.5_not_equal_weight,Month+3,0.5,2005-01-01 00:00:00,2024-12-31 00:00:00,2022-01-01 00:00:00,0.934,0.799,0.976,0.825,0.924,0.933,720,1456,181,18
2025-11-18 09:43:00,France_level_3_final,Ensemble (mean weight) top 4 models_TH_0.5_not_equal_weight,Month+4,0.5,2005-01-01 00:00:00,2024-12-31 00:00:00,2022-01-01 00:00:00,0.88,0.739,0.923,0.739,0.912,0.889,675,1406,238,56
2025-11-18 09:43:00,France_level_3_final,Ensemble (mean weight) top 4 models_TH_0.5_not_equal_weight,Month+5,0.5,2005-01-01 00:00:00,2024-12-31 00:00:00,2022-01-01 00:00:00,0.833,0.704,0.873,0.674,0.883,0.855,640,1373,269,93
2025-11-18 09:43:00,France_level_3_final,Ensemble (mean weight) top 4 models_TH_0.5_not_equal_weight,Month+6,0.5,2005-01-01 00:00:00,2024-12-31 00:00:00,2022-01-01 00:00:00,0.772,0.666,0.804,0.594,0.849,0.811,595,1336,299,145
2025-11-18 09:57:52,France_level_3_final,Ensemble (mean weight) top 5 models_TH_0.5_not_equal_weight,Month+1,0.5,2005-01-01 00:00:00,2024-12-31 00:00:00,2022-01-01 00:00:00,0.984,0.927,1.0,0.943,0.977,0.98,810,1501,64,0
2025-11-18 09:57:52,France_level_3_final,Ensemble (mean weight) top 5 models_TH_0.5_not_equal_weight,Month+2,0.5,2005-01-01 00:00:00,2024-12-31 00:00:00,2022-01-01 00:00:00,0.963,0.852,0.996,0.881,0.952,0.957,765,1474,133,3
2025-11-18 09:57:52,France_level_3_final,Ensemble (mean weight) top 5 models_TH_0.5_not_equal_weight,Month+3,0.5,2005-01-01 00:00:00,2024-12-31 00:00:00,2022-01-01 00:00:00,0.935,0.801,0.976,0.827,0.924,0.933,720,1458,179,18
2025-11-18 09:57:52,France_level_3_final,Ensemble (mean weight) top 5 models_TH_0.5_not_equal_weight,Month+4,0.5,2005-01-01 00:00:00,2024-12-31 00:00:00,2022-01-01 00:00:00,0.882,0.749,0.923,0.748,0.897,0.893,675,1418,226,56
2025-11-18 09:57:52,France_level_3_final,Ensemble (mean weight) top 5 models_TH_0.5_not_equal_weight,Month+5,0.5,2005-01-01 00:00:00,2024-12-31 00:00:00,2022-01-01 00:00:00,0.831,0.71,0.868,0.676,0.877,0.855,636,1382,260,97
2025-11-18 09:57:52,France_level_3_final,Ensemble (mean weight) top 5 models_TH_0.5_not_equal_weight,Month+6,0.5,2005-01-01 00:00:00,2024-12-31 00:00:00,2022-01-01 00:00:00,0.781,0.66,0.819,0.597,0.86,0.814,606,1323,312,134
2025-11-18 10:14:43,France_level_3_final,Ensemble (mean weight) top 6 models_TH_0.5_not_equal_weight,Month+1,0.5,2005-01-01 00:00:00,2024-12-31 00:00:00,2022-01-01 00:00:00,0.986,0.934,1.0,0.949,0.979,0.982,810,1508,57,0
2025-11-18 10:14:43,France_level_3_final,Ensemble (mean weight) top 6 models_TH_0.5_not_equal_weight,Month+2,0.5,2005-01-01 00:00:00,2024-12-31 00:00:00,2022-01-01 00:00:00,0.963,0.849,0.996,0.879,0.954,0.956,765,1471,136,3
2025-11-18 10:14:43,France_level_3_final,Ensemble (mean weight) top 6 models_TH_0.5_not_equal_weight,Month+3,0.5,2005-01-01 00:00:00,2024-12-31 00:00:00,2022-01-01 00:00:00,0.934,0.796,0.976,0.823,0.924,0.932,720,1453,184,18
2025-11-18 10:14:43,France_level_3_final,Ensemble (mean weight) top 6 models_TH_0.5_not_equal_weight,Month+4,0.5,2005-01-01 00:00:00,2024-12-31 00:00:00,2022-01-01 00:00:00,0.883,0.75,0.923,0.748,0.897,0.893,675,1419,225,56
2025-11-18 10:14:43,France_level_3_final,Ensemble (mean weight) top 6 models_TH_0.5_not_equal_weight,Month+5,0.5,2005-01-01 00:00:00,2024-12-31 00:00:00,2022-01-01 00:00:00,0.83,0.713,0.866,0.678,0.877,0.855,635,1386,256,98
2025-11-18 10:14:43,France_level_3_final,Ensemble (mean weight) top 6 models_TH_0.5_not_equal_weight,Month+6,0.5,2005-01-01 00:00:00,2024-12-31 00:00:00,2022-01-01 00:00:00,0.769,0.66,0.801,0.587,0.844,0.807,593,1330,305,147
2025-11-18 10:32:32,France_level_3_final,Ensemble (mean weight) top 7 models_TH_0.5_not_equal_weight,Month+1,0.5,2005-01-01 00:00:00,2024-12-31 00:00:00,2022-01-01 00:00:00,0.984,0.924,1.0,0.94,0.978,0.979,810,1498,67,0
2025-11-18 10:32:32,France_level_3_final,Ensemble (mean weight) top 7 models_TH_0.5_not_equal_weight,Month+2,0.5,2005-01-01 00:00:00,2024-12-31 00:00:00,2022-01-01 00:00:00,0.964,0.854,0.996,0.883,0.956,0.957,765,1476,131,3
2025-11-18 10:32:32,France_level_3_final,Ensemble (mean weight) top 7 models_TH_0.5_not_equal_weight,Month+3,0.5,2005-01-01 00:00:00,2024-12-31 00:00:00,2022-01-01 00:00:00,0.934,0.797,0.976,0.824,0.924,0.932,720,1454,183,18
2025-11-18 10:32:32,France_level_3_final,Ensemble (mean weight) top 7 models_TH_0.5_not_equal_weight,Month+4,0.5,2005-01-01 00:00:00,2024-12-31 00:00:00,2022-01-01 00:00:00,0.884,0.755,0.923,0.753,0.898,0.895,675,1425,219,56
2025-11-18 10:32:32,France_level_3_final,Ensemble (mean weight) top 7 models_TH_0.5_not_equal_weight,Month+5,0.5,2005-01-01 00:00:00,2024-12-31 00:00:00,2022-01-01 00:00:00,0.821,0.695,0.859,0.657,0.862,0.845,630,1365,277,103
2025-11-18 10:32:32,France_level_3_final,Ensemble (mean weight) top 7 models_TH_0.5_not_equal_weight,Month+6,0.5,2005-01-01 00:00:00,2024-12-31 00:00:00,2022-01-01 00:00:00,0.761,0.646,0.797,0.57,0.845,0.8,590,1311,324,150
2025-11-18 10:53:58,France_level_3_final,Ensemble (mean weight) top 8 models_TH_0.5_not_equal_weight,Month+1,0.5,2005-01-01 00:00:00,2024-12-31 00:00:00,2022-01-01 00:00:00,0.977,0.896,1.0,0.918,0.972,0.97,810,1471,94,0
2025-11-18 10:53:58,France_level_3_final,Ensemble (mean weight) top 8 models_TH_0.5_not_equal_weight,Month+2,0.5,2005-01-01 00:00:00,2024-12-31 00:00:00,2022-01-01 00:00:00,0.951,0.805,0.996,0.841,0.959,0.94,765,1422,185,3
2025-11-18 10:53:58,France_level_3_final,Ensemble (mean weight) top 8 models_TH_0.5_not_equal_weight,Month+3,0.5,2005-01-01 00:00:00,2024-12-31 00:00:00,2022-01-01 00:00:00,0.931,0.786,0.976,0.814,0.925,0.928,720,1441,196,18
2025-11-18 10:53:58,France_level_3_final,Ensemble (mean weight) top 8 models_TH_0.5_not_equal_weight,Month+4,0.5,2005-01-01 00:00:00,2024-12-31 00:00:00,2022-01-01 00:00:00,0.88,0.739,0.923,0.739,0.899,0.889,675,1406,238,56
2025-11-18 10:53:58,France_level_3_final,Ensemble (mean weight) top 8 models_TH_0.5_not_equal_weight,Month+5,0.5,2005-01-01 00:00:00,2024-12-31 00:00:00,2022-01-01 00:00:00,0.825,0.706,0.861,0.668,0.87,0.85,631,1379,263,102
2025-11-18 10:53:58,France_level_3_final,Ensemble (mean weight) top 8 models_TH_0.5_not_equal_weight,Month+6,0.5,2005-01-01 00:00:00,2024-12-31 00:00:00,2022-01-01 00:00:00,0.764,0.645,0.801,0.572,0.846,0.801,593,1309,326,147
2025-11-18 13:14:43,Greece_level_2_final,k-Nearest Neighbors,Month+1,0.19,2005-01-01 00:00:00,2024-12-31 00:00:00,2022-01-01 00:00:00,1.0,1.0,1.0,0.0,,0.5,108,0,0,0
2025-11-18 13:14:43,Greece_level_2_final,k-Nearest Neighbors,Month+2,0.17,2005-01-01 00:00:00,2024-12-31 00:00:00,2022-01-01 00:00:00,1.0,1.0,1.0,0.0,,0.5,108,0,0,0
2025-11-18 13:14:43,Greece_level_2_final,k-Nearest Neighbors,Month+3,0.17,2005-01-01 00:00:00,2024-12-31 00:00:00,2022-01-01 00:00:00,1.0,1.0,1.0,0.0,,0.5,108,0,0,0
2025-11-18 13:14:43,Greece_level_2_final,k-Nearest Neighbors,Month+4,0.17,2005-01-01 00:00:00,2024-12-31 00:00:00,2022-01-01 00:00:00,1.0,1.0,1.0,0.0,,0.5,108,0,0,0
2025-11-18 13:14:43,Greece_level_2_final,k-Nearest Neighbors,Month+5,0.17,2005-01-01 00:00:00,2024-12-31 00:00:00,2022-01-01 00:00:00,1.0,1.0,1.0,0.0,,0.5,108,0,0,0
2025-11-18 13:14:43,Greece_level_2_final,k-Nearest Neighbors,Month+6,0.17,2005-01-01 00:00:00,2024-12-31 00:00:00,2022-01-01 00:00:00,1.0,1.0,1.0,0.0,,0.5,108,0,0,0
2025-11-18 13:14:45,Greece_level_2_final,SVC (RBF Kernel),Month+1,0.1,2005-01-01 00:00:00,2024-12-31 00:00:00,2022-01-01 00:00:00,1.0,1.0,1.0,0.0,,0.5,108,0,0,0
2025-11-18 13:14:45,Greece_level_2_final,SVC (RBF Kernel),Month+2,0.06,2005-01-01 00:00:00,2024-12-31 00:00:00,2022-01-01 00:00:00,1.0,1.0,1.0,0.0,,0.5,108,0,0,0
2025-11-18 13:14:45,Greece_level_2_final,SVC (RBF Kernel),Month+3,0.08,2005-01-01 00:00:00,2024-12-31 00:00:00,2022-01-01 00:00:00,1.0,1.0,1.0,0.0,,0.5,108,0,0,0
2025-11-18 13:14:45,Greece_level_2_final,SVC (RBF Kernel),Month+4,0.07,2005-01-01 00:00:00,2024-12-31 00:00:00,2022-01-01 00:00:00,1.0,1.0,1.0,0.0,,0.5,108,0,0,0
2025-11-18 13:14:45,Greece_level_2_final,SVC (RBF Kernel),Month+5,0.09,2005-01-01 00:00:00,2024-12-31 00:00:00,2022-01-01 00:00:00,1.0,1.0,1.0,0.0,,0.5,108,0,0,0
2025-11-18 13:14:45,Greece_level_2_final,SVC (RBF Kernel),Month+6,0.07,2005-01-01 00:00:00,2024-12-31 00:00:00,2022-01-01 00:00:00,1.0,1.0,1.0,0.0,,0.5,108,0,0,0
2025-11-18 13:14:48,Greece_level_2_final,Logistic Regression,Month+1,0.85,2005-01-01 00:00:00,2024-12-31 00:00:00,2022-01-01 00:00:00,0.978,1.0,0.972,0.0,,0.5,105,0,0,3
2025-11-18 13:14:48,Greece_level_2_final,Logistic Regression,Month+2,0.67,2005-01-01 00:00:00,2024-12-31 00:00:00,2022-01-01 00:00:00,1.0,1.0,1.0,0.0,,0.5,108,0,0,0
2025-11-18 13:14:48,Greece_level_2_final,Logistic Regression,Month+3,0.42,2005-01-01 00:00:00,2024-12-31 00:00:00,2022-01-01 00:00:00,1.0,1.0,1.0,0.0,,0.5,108,0,0,0
2025-11-18 13:14:48,Greece_level_2_final,Logistic Regression,Month+4,0.47,2005-01-01 00:00:00,2024-12-31 00:00:00,2022-01-01 00:00:00,1.0,1.0,1.0,0.0,,0.5,108,0,0,0
2025-11-18 13:14:48,Greece_level_2_final,Logistic Regression,Month+5,0.47,2005-01-01 00:00:00,2024-12-31 00:00:00,2022-01-01 00:00:00,1.0,1.0,1.0,0.0,,0.5,108,0,0,0
2025-11-18 13:14:48,Greece_level_2_final,Logistic Regression,Month+6,0.54,2005-01-01 00:00:00,2024-12-31 00:00:00,2022-01-01 00:00:00,1.0,1.0,1.0,0.0,,0.5,108,0,0,0
2025-11-18 13:15:02,Greece_level_2_final,Linear SVM (Calibrated),Month+1,0.29,2005-01-01 00:00:00,2024-12-31 00:00:00,2022-01-01 00:00:00,0.917,1.0,0.898,0.0,,0.5,97,0,0,11
2025-11-18 13:15:02,Greece_level_2_final,Linear SVM (Calibrated),Month+2,0.29,2005-01-01 00:00:00,2024-12-31 00:00:00,2022-01-01 00:00:00,0.909,1.0,0.889,0.0,,0.5,96,0,0,12
2025-11-18 13:15:02,Greece_level_2_final,Linear SVM (Calibrated),Month+3,0.16,2005-01-01 00:00:00,2024-12-31 00:00:00,2022-01-01 00:00:00,0.947,1.0,0.935,0.0,,0.5,101,0,0,7
2025-11-18 13:15:02,Greece_level_2_final,Linear SVM (Calibrated),Month+4,0.14,2005-01-01 00:00:00,2024-12-31 00:00:00,2022-01-01 00:00:00,0.97,1.0,0.963,0.0,,0.5,104,0,0,4
2025-11-18 13:15:02,Greece_level_2_final,Linear SVM (Calibrated),Month+5,0.12,2005-01-01 00:00:00,2024-12-31 00:00:00,2022-01-01 00:00:00,0.932,1.0,0.917,0.0,,0.5,99,0,0,9
2025-11-18 13:15:02,Greece_level_2_final,Linear SVM (Calibrated),Month+6,0.14,2005-01-01 00:00:00,2024-12-31 00:00:00,2022-01-01 00:00:00,0.894,1.0,0.87,0.0,,0.5,94,0,0,14
2025-11-18 13:15:03,Greece_level_2_final,RidgeClassifier (Calibrated),Month+1,0.08,2005-01-01 00:00:00,2024-12-31 00:00:00,2022-01-01 00:00:00,1.0,1.0,1.0,0.0,,0.5,108,0,0,0
2025-11-18 13:15:03,Greece_level_2_final,RidgeClassifier (Calibrated),Month+2,0.63,2005-01-01 00:00:00,2024-12-31 00:00:00,2022-01-01 00:00:00,0.978,1.0,0.972,0.0,,0.5,105,0,0,3
2025-11-18 13:15:03,Greece_level_2_final,RidgeClassifier (Calibrated),Month+3,0.57,2005-01-01 00:00:00,2024-12-31 00:00:00,2022-01-01 00:00:00,0.978,1.0,0.972,0.0,,0.5,105,0,0,3
2025-11-18 13:15:03,Greece_level_2_final,RidgeClassifier (Calibrated),Month+4,0.16,2005-01-01 00:00:00,2024-12-31 00:00:00,2022-01-01 00:00:00,1.0,1.0,1.0,0.0,,0.5,108,0,0,0
2025-11-18 13:15:03,Greece_level_2_final,RidgeClassifier (Calibrated),Month+5,0.16,2005-01-01 00:00:00,2024-12-31 00:00:00,2022-01-01 00:00:00,0.993,1.0,0.991,0.0,,0.5,107,0,0,1
2025-11-18 13:15:03,Greece_level_2_final,RidgeClassifier (Calibrated),Month+6,0.3,2005-01-01 00:00:00,2024-12-31 00:00:00,2022-01-01 00:00:00,0.985,1.0,0.981,0.0,,0.5,106,0,0,2
2025-11-18 13:15:10,Greece_level_2_final,Random Forest,Month+1,0.09,2005-01-01 00:00:00,2024-12-31 00:00:00,2022-01-01 00:00:00,1.0,1.0,1.0,0.0,,0.5,108,0,0,0
2025-11-18 13:15:10,Greece_level_2_final,Random Forest,Month+2,0.14,2005-01-01 00:00:00,2024-12-31 00:00:00,2022-01-01 00:00:00,1.0,1.0,1.0,0.0,,0.5,108,0,0,0
2025-11-18 13:15:10,Greece_level_2_final,Random Forest,Month+3,0.09,2005-01-01 00:00:00,2024-12-31 00:00:00,2022-01-01 00:00:00,1.0,1.0,1.0,0.0,,0.5,108,0,0,0
2025-11-18 13:15:10,Greece_level_2_final,Random Forest,Month+4,0.1,2005-01-01 00:00:00,2024-12-31 00:00:00,2022-01-01 00:00:00,1.0,1.0,1.0,0.0,,0.5,108,0,0,0
2025-11-18 13:15:10,Greece_level_2_final,Random Forest,Month+5,0.09,2005-01-01 00:00:00,2024-12-31 00:00:00,2022-01-01 00:00:00,1.0,1.0,1.0,0.0,,0.5,108,0,0,0
2025-11-18 13:15:10,Greece_level_2_final,Random Forest,Month+6,0.1,2005-01-01 00:00:00,2024-12-31 00:00:00,2022-01-01 00:00:00,1.0,1.0,1.0,0.0,,0.5,108,0,0,0
2025-11-18 13:15:23,Greece_level_2_final,Balanced Random Forest,Month+1,0.48,2005-01-01 00:00:00,2024-12-31 00:00:00,2022-01-01 00:00:00,1.0,1.0,1.0,0.0,,0.5,108,0,0,0
2025-11-18 13:15:23,Greece_level_2_final,Balanced Random Forest,Month+2,0.35,2005-01-01 00:00:00,2024-12-31 00:00:00,2022-01-01 00:00:00,1.0,1.0,1.0,0.0,,0.5,108,0,0,0
2025-11-18 13:15:23,Greece_level_2_final,Balanced Random Forest,Month+3,0.43,2005-01-01 00:00:00,2024-12-31 00:00:00,2022-01-01 00:00:00,1.0,1.0,1.0,0.0,,0.5,108,0,0,0
2025-11-18 13:15:23,Greece_level_2_final,Balanced Random Forest,Month+4,0.36,2005-01-01 00:00:00,2024-12-31 00:00:00,2022-01-01 00:00:00,1.0,1.0,1.0,0.0,,0.5,108,0,0,0
2025-11-18 13:15:23,Greece_level_2_final,Balanced Random Forest,Month+5,0.46,2005-01-01 00:00:00,2024-12-31 00:00:00,2022-01-01 00:00:00,1.0,1.0,1.0,0.0,,0.5,108,0,0,0
2025-11-18 13:15:23,Greece_level_2_final,Balanced Random Forest,Month+6,0.41,2005-01-01 00:00:00,2024-12-31 00:00:00,2022-01-01 00:00:00,1.0,1.0,1.0,0.0,,0.5,108,0,0,0
2025-11-18 13:15:32,Greece_level_2_final,ExtraTrees,Month+1,0.12,2005-01-01 00:00:00,2024-12-31 00:00:00,2022-01-01 00:00:00,1.0,1.0,1.0,0.0,,0.5,108,0,0,0
2025-11-18 13:15:32,Greece_level_2_final,ExtraTrees,Month+2,0.14,2005-01-01 00:00:00,2024-12-31 00:00:00,2022-01-01 00:00:00,1.0,1.0,1.0,0.0,,0.5,108,0,0,0
2025-11-18 13:15:32,Greece_level_2_final,ExtraTrees,Month+3,0.14,2005-01-01 00:00:00,2024-12-31 00:00:00,2022-01-01 00:00:00,1.0,1.0,1.0,0.0,,0.5,108,0,0,0
2025-11-18 13:15:32,Greece_level_2_final,ExtraTrees,Month+4,0.13,2005-01-01 00:00:00,2024-12-31 00:00:00,2022-01-01 00:00:00,1.0,1.0,1.0,0.0,,0.5,108,0,0,0
2025-11-18 13:15:32,Greece_level_2_final,ExtraTrees,Month+5,0.14,2005-01-01 00:00:00,2024-12-31 00:00:00,2022-01-01 00:00:00,1.0,1.0,1.0,0.0,,0.5,108,0,0,0
2025-11-18 13:15:32,Greece_level_2_final,ExtraTrees,Month+6,0.14,2005-01-01 00:00:00,2024-12-31 00:00:00,2022-01-01 00:00:00,1.0,1.0,1.0,0.0,,0.5,108,0,0,0
2025-11-18 13:15:37,Greece_level_2_final,Gradient Boosting,Month+1,0.28,2005-01-01 00:00:00,2024-12-31 00:00:00,2022-01-01 00:00:00,0.97,1.0,0.963,0.0,,0.5,104,0,0,4
2025-11-18 13:15:37,Greece_level_2_final,Gradient Boosting,Month+2,0.16,2005-01-01 00:00:00,2024-12-31 00:00:00,2022-01-01 00:00:00,1.0,1.0,1.0,0.0,,0.5,108,0,0,0
2025-11-18 13:15:37,Greece_level_2_final,Gradient Boosting,Month+3,0.12,2005-01-01 00:00:00,2024-12-31 00:00:00,2022-01-01 00:00:00,1.0,1.0,1.0,0.0,,0.5,108,0,0,0
2025-11-18 13:15:37,Greece_level_2_final,Gradient Boosting,Month+4,0.19,2005-01-01 00:00:00,2024-12-31 00:00:00,2022-01-01 00:00:00,1.0,1.0,1.0,0.0,,0.5,108,0,0,0
2025-11-18 13:15:37,Greece_level_2_final,Gradient Boosting,Month+5,0.17,2005-01-01 00:00:00,2024-12-31 00:00:00,2022-01-01 00:00:00,1.0,1.0,1.0,0.0,,0.5,108,0,0,0
2025-11-18 13:15:37,Greece_level_2_final,Gradient Boosting,Month+6,0.19,2005-01-01 00:00:00,2024-12-31 00:00:00,2022-01-01 00:00:00,1.0,1.0,1.0,0.0,,0.5,108,0,0,0
2025-11-18 13:15:41,Greece_level_2_final,AdaBoost,Month+1,0.49,2005-01-01 00:00:00,2024-12-31 00:00:00,2022-01-01 00:00:00,1.0,1.0,1.0,0.0,,0.5,108,0,0,0
2025-11-18 13:15:41,Greece_level_2_final,AdaBoost,Month+2,0.39,2005-01-01 00:00:00,2024-12-31 00:00:00,2022-01-01 00:00:00,1.0,1.0,1.0,0.0,,0.5,108,0,0,0
2025-11-18 13:15:41,Greece_level_2_final,AdaBoost,Month+3,0.4,2005-01-01 00:00:00,2024-12-31 00:00:00,2022-01-01 00:00:00,1.0,1.0,1.0,0.0,,0.5,108,0,0,0
2025-11-18 13:15:41,Greece_level_2_final,AdaBoost,Month+4,0.4,2005-01-01 00:00:00,2024-12-31 00:00:00,2022-01-01 00:00:00,1.0,1.0,1.0,0.0,,0.5,108,0,0,0
2025-11-18 13:15:41,Greece_level_2_final,AdaBoost,Month+5,0.4,2005-01-01 00:00:00,2024-12-31 00:00:00,2022-01-01 00:00:00,1.0,1.0,1.0,0.0,,0.5,108,0,0,0
2025-11-18 13:15:41,Greece_level_2_final,AdaBoost,Month+6,0.4,2005-01-01 00:00:00,2024-12-31 00:00:00,2022-01-01 00:00:00,1.0,1.0,1.0,0.0,,0.5,108,0,0,0
2025-11-18 13:15:55,Greece_level_2_final,Hist Gradient Boosting,Month+1,0.2,2005-01-01 00:00:00,2024-12-31 00:00:00,2022-01-01 00:00:00,1.0,1.0,1.0,0.0,,0.5,108,0,0,0
2025-11-18 13:15:55,Greece_level_2_final,Hist Gradient Boosting,Month+2,0.06,2005-01-01 00:00:00,2024-12-31 00:00:00,2022-01-01 00:00:00,1.0,1.0,1.0,0.0,,0.5,108,0,0,0
2025-11-18 13:15:55,Greece_level_2_final,Hist Gradient Boosting,Month+3,0.11,2005-01-01 00:00:00,2024-12-31 00:00:00,2022-01-01 00:00:00,1.0,1.0,1.0,0.0,,0.5,108,0,0,0
2025-11-18 13:15:55,Greece_level_2_final,Hist Gradient Boosting,Month+4,0.05,2005-01-01 00:00:00,2024-12-31 00:00:00,2022-01-01 00:00:00,1.0,1.0,1.0,0.0,,0.5,108,0,0,0
2025-11-18 13:15:55,Greece_level_2_final,Hist Gradient Boosting,Month+5,0.06,2005-01-01 00:00:00,2024-12-31 00:00:00,2022-01-01 00:00:00,1.0,1.0,1.0,0.0,,0.5,108,0,0,0
2025-11-18 13:15:55,Greece_level_2_final,Hist Gradient Boosting,Month+6,0.07,2005-01-01 00:00:00,2024-12-31 00:00:00,2022-01-01 00:00:00,1.0,1.0,1.0,0.0,,0.5,108,0,0,0
2025-11-18 13:15:57,Greece_level_2_final,XGBoost,Month+1,0.12,2005-01-01 00:00:00,2024-12-31 00:00:00,2022-01-01 00:00:00,1.0,1.0,1.0,0.0,,0.5,108,0,0,0
2025-11-18 13:15:57,Greece_level_2_final,XGBoost,Month+2,0.11,2005-01-01 00:00:00,2024-12-31 00:00:00,2022-01-01 00:00:00,1.0,1.0,1.0,0.0,,0.5,108,0,0,0
2025-11-18 13:15:57,Greece_level_2_final,XGBoost,Month+3,0.17,2005-01-01 00:00:00,2024-12-31 00:00:00,2022-01-01 00:00:00,1.0,1.0,1.0,0.0,,0.5,108,0,0,0
2025-11-18 13:15:57,Greece_level_2_final,XGBoost,Month+4,0.12,2005-01-01 00:00:00,2024-12-31 00:00:00,2022-01-01 00:00:00,1.0,1.0,1.0,0.0,,0.5,108,0,0,0
2025-11-18 13:15:57,Greece_level_2_final,XGBoost,Month+5,0.12,2005-01-01 00:00:00,2024-12-31 00:00:00,2022-01-01 00:00:00,1.0,1.0,1.0,0.0,,0.5,108,0,0,0
2025-11-18 13:15:57,Greece_level_2_final,XGBoost,Month+6,0.13,2005-01-01 00:00:00,2024-12-31 00:00:00,2022-01-01 00:00:00,1.0,1.0,1.0,0.0,,0.5,108,0,0,0
2025-11-18 13:16:01,Greece_level_2_final,LightGBM,Month+1,0.38,2005-01-01 00:00:00,2024-12-31 00:00:00,2022-01-01 00:00:00,1.0,1.0,1.0,0.0,,0.5,108,0,0,0
2025-11-18 13:16:01,Greece_level_2_final,LightGBM,Month+2,0.22,2005-01-01 00:00:00,2024-12-31 00:00:00,2022-01-01 00:00:00,1.0,1.0,1.0,0.0,,0.5,108,0,0,0
2025-11-18 13:16:01,Greece_level_2_final,LightGBM,Month+3,0.05,2005-01-01 00:00:00,2024-12-31 00:00:00,2022-01-01 00:00:00,1.0,1.0,1.0,0.0,,0.5,108,0,0,0
2025-11-18 13:16:01,Greece_level_2_final,LightGBM,Month+4,0.05,2005-01-01 00:00:00,2024-12-31 00:00:00,2022-01-01 00:00:00,1.0,1.0,1.0,0.0,,0.5,108,0,0,0
2025-11-18 13:16:01,Greece_level_2_final,LightGBM,Month+5,0.06,2005-01-01 00:00:00,2024-12-31 00:00:00,2022-01-01 00:00:00,0.97,1.0,0.963,0.0,,0.5,104,0,0,4
2025-11-18 13:16:01,Greece_level_2_final,LightGBM,Month+6,0.11,2005-01-01 00:00:00,2024-12-31 00:00:00,2022-01-01 00:00:00,1.0,1.0,1.0,0.0,,0.5,108,0,0,0
2025-11-18 13:16:15,Greece_level_2_final,CatBoost,Month+1,0.12,2005-01-01 00:00:00,2024-12-31 00:00:00,2022-01-01 00:00:00,1.0,1.0,1.0,0.0,,0.5,108,0,0,0
2025-11-18 13:16:15,Greece_level_2_final,CatBoost,Month+2,0.13,2005-01-01 00:00:00,2024-12-31 00:00:00,2022-01-01 00:00:00,1.0,1.0,1.0,0.0,,0.5,108,0,0,0
2025-11-18 13:16:15,Greece_level_2_final,CatBoost,Month+3,0.18,2005-01-01 00:00:00,2024-12-31 00:00:00,2022-01-01 00:00:00,1.0,1.0,1.0,0.0,,0.5,108,0,0,0
2025-11-18 13:16:15,Greece_level_2_final,CatBoost,Month+4,0.12,2005-01-01 00:00:00,2024-12-31 00:00:00,2022-01-01 00:00:00,1.0,1.0,1.0,0.0,,0.5,108,0,0,0
2025-11-18 13:16:15,Greece_level_2_final,CatBoost,Month+5,0.12,2005-01-01 00:00:00,2024-12-31 00:00:00,2022-01-01 00:00:00,1.0,1.0,1.0,0.0,,0.5,108,0,0,0
2025-11-18 13:16:15,Greece_level_2_final,CatBoost,Month+6,0.11,2005-01-01 00:00:00,2024-12-31 00:00:00,2022-01-01 00:00:00,1.0,1.0,1.0,0.0,,0.5,108,0,0,0
2025-11-18 13:18:01,Greece_level_2_final,Ensemble (mean weight) top 3 models_TH_auto_not_equal_weight,Month+1,0.11,2005-01-01 00:00:00,2024-12-31 00:00:00,2022-01-01 00:00:00,1.0,1.0,1.0,0.0,,0.5,108,0,0,0
2025-11-18 13:18:01,Greece_level_2_final,Ensemble (mean weight) top 3 models_TH_auto_not_equal_weight,Month+2,0.12,2005-01-01 00:00:00,2024-12-31 00:00:00,2022-01-01 00:00:00,1.0,1.0,1.0,0.0,,0.5,108,0,0,0
2025-11-18 13:18:01,Greece_level_2_final,Ensemble (mean weight) top 3 models_TH_auto_not_equal_weight,Month+3,0.12,2005-01-01 00:00:00,2024-12-31 00:00:00,2022-01-01 00:00:00,1.0,1.0,1.0,0.0,,0.5,108,0,0,0
2025-11-18 13:18:01,Greece_level_2_final,Ensemble (mean weight) top 3 models_TH_auto_not_equal_weight,Month+4,0.12,2005-01-01 00:00:00,2024-12-31 00:00:00,2022-01-01 00:00:00,1.0,1.0,1.0,0.0,,0.5,108,0,0,0
2025-11-18 13:18:01,Greece_level_2_final,Ensemble (mean weight) top 3 models_TH_auto_not_equal_weight,Month+5,0.13,2005-01-01 00:00:00,2024-12-31 00:00:00,2022-01-01 00:00:00,1.0,1.0,1.0,0.0,,0.5,108,0,0,0
2025-11-18 13:18:01,Greece_level_2_final,Ensemble (mean weight) top 3 models_TH_auto_not_equal_weight,Month+6,0.13,2005-01-01 00:00:00,2024-12-31 00:00:00,2022-01-01 00:00:00,1.0,1.0,1.0,0.0,,0.5,108,0,0,0
2025-11-18 13:19:47,Greece_level_2_final,Ensemble (mean weight) top 4 models_TH_auto_not_equal_weight,Month+1,0.1,2005-01-01 00:00:00,2024-12-31 00:00:00,2022-01-01 00:00:00,1.0,1.0,1.0,0.0,,0.5,108,0,0,0
2025-11-18 13:19:47,Greece_level_2_final,Ensemble (mean weight) top 4 models_TH_auto_not_equal_weight,Month+2,0.11,2005-01-01 00:00:00,2024-12-31 00:00:00,2022-01-01 00:00:00,1.0,1.0,1.0,0.0,,0.5,108,0,0,0
2025-11-18 13:19:47,Greece_level_2_final,Ensemble (mean weight) top 4 models_TH_auto_not_equal_weight,Month+3,0.12,2005-01-01 00:00:00,2024-12-31 00:00:00,2022-01-01 00:00:00,1.0,1.0,1.0,0.0,,0.5,108,0,0,0
2025-11-18 13:19:47,Greece_level_2_final,Ensemble (mean weight) top 4 models_TH_auto_not_equal_weight,Month+4,0.13,2005-01-01 00:00:00,2024-12-31 00:00:00,2022-01-01 00:00:00,1.0,1.0,1.0,0.0,,0.5,108,0,0,0
2025-11-18 13:19:47,Greece_level_2_final,Ensemble (mean weight) top 4 models_TH_auto_not_equal_weight,Month+5,0.13,2005-01-01 00:00:00,2024-12-31 00:00:00,2022-01-01 00:00:00,1.0,1.0,1.0,0.0,,0.5,108,0,0,0
2025-11-18 13:19:47,Greece_level_2_final,Ensemble (mean weight) top 4 models_TH_auto_not_equal_weight,Month+6,0.13,2005-01-01 00:00:00,2024-12-31 00:00:00,2022-01-01 00:00:00,1.0,1.0,1.0,0.0,,0.5,108,0,0,0
2025-11-18 13:21:38,Greece_level_2_final,Ensemble (mean weight) top 5 models_TH_auto_not_equal_weight,Month+1,0.09,2005-01-01 00:00:00,2024-12-31 00:00:00,2022-01-01 00:00:00,1.0,1.0,1.0,0.0,,0.5,108,0,0,0
2025-11-18 13:21:38,Greece_level_2_final,Ensemble (mean weight) top 5 models_TH_auto_not_equal_weight,Month+2,0.12,2005-01-01 00:00:00,2024-12-31 00:00:00,2022-01-01 00:00:00,1.0,1.0,1.0,0.0,,0.5,108,0,0,0
2025-11-18 13:21:38,Greece_level_2_final,Ensemble (mean weight) top 5 models_TH_auto_not_equal_weight,Month+3,0.12,2005-01-01 00:00:00,2024-12-31 00:00:00,2022-01-01 00:00:00,1.0,1.0,1.0,0.0,,0.5,108,0,0,0
2025-11-18 13:21:38,Greece_level_2_final,Ensemble (mean weight) top 5 models_TH_auto_not_equal_weight,Month+4,0.11,2005-01-01 00:00:00,2024-12-31 00:00:00,2022-01-01 00:00:00,1.0,1.0,1.0,0.0,,0.5,108,0,0,0
2025-11-18 13:21:38,Greece_level_2_final,Ensemble (mean weight) top 5 models_TH_auto_not_equal_weight,Month+5,0.12,2005-01-01 00:00:00,2024-12-31 00:00:00,2022-01-01 00:00:00,1.0,1.0,1.0,0.0,,0.5,108,0,0,0
2025-11-18 13:21:38,Greece_level_2_final,Ensemble (mean weight) top 5 models_TH_auto_not_equal_weight,Month+6,0.12,2005-01-01 00:00:00,2024-12-31 00:00:00,2022-01-01 00:00:00,1.0,1.0,1.0,0.0,,0.5,108,0,0,0
2025-11-18 13:23:37,Greece_level_2_final,Ensemble (mean weight) top 6 models_TH_auto_not_equal_weight,Month+1,0.12,2005-01-01 00:00:00,2024-12-31 00:00:00,2022-01-01 00:00:00,1.0,1.0,1.0,0.0,,0.5,108,0,0,0
2025-11-18 13:23:37,Greece_level_2_final,Ensemble (mean weight) top 6 models_TH_auto_not_equal_weight,Month+2,0.14,2005-01-01 00:00:00,2024-12-31 00:00:00,2022-01-01 00:00:00,1.0,1.0,1.0,0.0,,0.5,108,0,0,0
2025-11-18 13:23:37,Greece_level_2_final,Ensemble (mean weight) top 6 models_TH_auto_not_equal_weight,Month+3,0.14,2005-01-01 00:00:00,2024-12-31 00:00:00,2022-01-01 00:00:00,1.0,1.0,1.0,0.0,,0.5,108,0,0,0
2025-11-18 13:23:37,Greece_level_2_final,Ensemble (mean weight) top 6 models_TH_auto_not_equal_weight,Month+4,0.14,2005-01-01 00:00:00,2024-12-31 00:00:00,2022-01-01 00:00:00,1.0,1.0,1.0,0.0,,0.5,108,0,0,0
2025-11-18 13:23:37,Greece_level_2_final,Ensemble (mean weight) top 6 models_TH_auto_not_equal_weight,Month+5,0.16,2005-01-01 00:00:00,2024-12-31 00:00:00,2022-01-01 00:00:00,1.0,1.0,1.0,0.0,,0.5,108,0,0,0
2025-11-18 13:23:37,Greece_level_2_final,Ensemble (mean weight) top 6 models_TH_auto_not_equal_weight,Month+6,0.21,2005-01-01 00:00:00,2024-12-31 00:00:00,2022-01-01 00:00:00,1.0,1.0,1.0,0.0,,0.5,108,0,0,0
2025-11-18 13:25:51,Greece_level_2_final,Ensemble (mean weight) top 7 models_TH_auto_not_equal_weight,Month+1,0.1,2005-01-01 00:00:00,2024-12-31 00:00:00,2022-01-01 00:00:00,1.0,1.0,1.0,0.0,,0.5,108,0,0,0
2025-11-18 13:25:51,Greece_level_2_final,Ensemble (mean weight) top 7 models_TH_auto_not_equal_weight,Month+2,0.12,2005-01-01 00:00:00,2024-12-31 00:00:00,2022-01-01 00:00:00,1.0,1.0,1.0,0.0,,0.5,108,0,0,0
2025-11-18 13:25:51,Greece_level_2_final,Ensemble (mean weight) top 7 models_TH_auto_not_equal_weight,Month+3,0.12,2005-01-01 00:00:00,2024-12-31 00:00:00,2022-01-01 00:00:00,1.0,1.0,1.0,0.0,,0.5,108,0,0,0
2025-11-18 13:25:51,Greece_level_2_final,Ensemble (mean weight) top 7 models_TH_auto_not_equal_weight,Month+4,0.11,2005-01-01 00:00:00,2024-12-31 00:00:00,2022-01-01 00:00:00,1.0,1.0,1.0,0.0,,0.5,108,0,0,0
2025-11-18 13:25:51,Greece_level_2_final,Ensemble (mean weight) top 7 models_TH_auto_not_equal_weight,Month+5,0.11,2005-01-01 00:00:00,2024-12-31 00:00:00,2022-01-01 00:00:00,1.0,1.0,1.0,0.0,,0.5,108,0,0,0
2025-11-18 13:25:51,Greece_level_2_final,Ensemble (mean weight) top 7 models_TH_auto_not_equal_weight,Month+6,0.14,2005-01-01 00:00:00,2024-12-31 00:00:00,2022-01-01 00:00:00,1.0,1.0,1.0,0.0,,0.5,108,0,0,0
2025-11-18 13:28:07,Greece_level_2_final,Ensemble (mean weight) top 8 models_TH_auto_not_equal_weight,Month+1,0.09,2005-01-01 00:00:00,2024-12-31 00:00:00,2022-01-01 00:00:00,1.0,1.0,1.0,0.0,,0.5,108,0,0,0
2025-11-18 13:28:07,Greece_level_2_final,Ensemble (mean weight) top 8 models_TH_auto_not_equal_weight,Month+2,0.11,2005-01-01 00:00:00,2024-12-31 00:00:00,2022-01-01 00:00:00,1.0,1.0,1.0,0.0,,0.5,108,0,0,0
2025-11-18 13:28:07,Greece_level_2_final,Ensemble (mean weight) top 8 models_TH_auto_not_equal_weight,Month+3,0.11,2005-01-01 00:00:00,2024-12-31 00:00:00,2022-01-01 00:00:00,1.0,1.0,1.0,0.0,,0.5,108,0,0,0
2025-11-18 13:28:07,Greece_level_2_final,Ensemble (mean weight) top 8 models_TH_auto_not_equal_weight,Month+4,0.16,2005-01-01 00:00:00,2024-12-31 00:00:00,2022-01-01 00:00:00,1.0,1.0,1.0,0.0,,0.5,108,0,0,0
2025-11-18 13:28:07,Greece_level_2_final,Ensemble (mean weight) top 8 models_TH_auto_not_equal_weight,Month+5,0.11,2005-01-01 00:00:00,2024-12-31 00:00:00,2022-01-01 00:00:00,1.0,1.0,1.0,0.0,,0.5,108,0,0,0
2025-11-18 13:28:07,Greece_level_2_final,Ensemble (mean weight) top 8 models_TH_auto_not_equal_weight,Month+6,0.14,2005-01-01 00:00:00,2024-12-31 00:00:00,2022-01-01 00:00:00,1.0,1.0,1.0,0.0,,0.5,108,0,0,0
2025-11-18 13:29:04,Greece_level_2_final,Ensemble (mean weight) top 3 model_TH_0.5_equal_weights,Month+1,0.5,2005-01-01 00:00:00,2024-12-31 00:00:00,2022-01-01 00:00:00,1.0,1.0,1.0,0.0,,0.5,108,0,0,0
2025-11-18 13:29:04,Greece_level_2_final,Ensemble (mean weight) top 3 model_TH_0.5_equal_weights,Month+2,0.5,2005-01-01 00:00:00,2024-12-31 00:00:00,2022-01-01 00:00:00,1.0,1.0,1.0,0.0,,0.5,108,0,0,0
2025-11-18 13:29:04,Greece_level_2_final,Ensemble (mean weight) top 3 model_TH_0.5_equal_weights,Month+3,0.5,2005-01-01 00:00:00,2024-12-31 00:00:00,2022-01-01 00:00:00,1.0,1.0,1.0,0.0,,0.5,108,0,0,0
2025-11-18 13:29:04,Greece_level_2_final,Ensemble (mean weight) top 3 model_TH_0.5_equal_weights,Month+4,0.5,2005-01-01 00:00:00,2024-12-31 00:00:00,2022-01-01 00:00:00,1.0,1.0,1.0,0.0,,0.5,108,0,0,0
2025-11-18 13:29:04,Greece_level_2_final,Ensemble (mean weight) top 3 model_TH_0.5_equal_weights,Month+5,0.5,2005-01-01 00:00:00,2024-12-31 00:00:00,2022-01-01 00:00:00,1.0,1.0,1.0,0.0,,0.5,108,0,0,0
2025-11-18 13:29:04,Greece_level_2_final,Ensemble (mean weight) top 3 model_TH_0.5_equal_weights,Month+6,0.5,2005-01-01 00:00:00,2024-12-31 00:00:00,2022-01-01 00:00:00,1.0,1.0,1.0,0.0,,0.5,108,0,0,0
2025-11-18 13:30:07,Greece_level_2_final,Ensemble (mean weight) top 4 model_TH_0.5_equal_weights,Month+1,0.5,2005-01-01 00:00:00,2024-12-31 00:00:00,2022-01-01 00:00:00,1.0,1.0,1.0,0.0,,0.5,108,0,0,0
2025-11-18 13:30:07,Greece_level_2_final,Ensemble (mean weight) top 4 model_TH_0.5_equal_weights,Month+2,0.5,2005-01-01 00:00:00,2024-12-31 00:00:00,2022-01-01 00:00:00,1.0,1.0,1.0,0.0,,0.5,108,0,0,0
2025-11-18 13:30:07,Greece_level_2_final,Ensemble (mean weight) top 4 model_TH_0.5_equal_weights,Month+3,0.5,2005-01-01 00:00:00,2024-12-31 00:00:00,2022-01-01 00:00:00,1.0,1.0,1.0,0.0,,0.5,108,0,0,0
2025-11-18 13:30:07,Greece_level_2_final,Ensemble (mean weight) top 4 model_TH_0.5_equal_weights,Month+4,0.5,2005-01-01 00:00:00,2024-12-31 00:00:00,2022-01-01 00:00:00,1.0,1.0,1.0,0.0,,0.5,108,0,0,0
2025-11-18 13:30:07,Greece_level_2_final,Ensemble (mean weight) top 4 model_TH_0.5_equal_weights,Month+5,0.5,2005-01-01 00:00:00,2024-12-31 00:00:00,2022-01-01 00:00:00,0.97,1.0,0.963,0.0,,0.5,104,0,0,4
2025-11-18 13:30:07,Greece_level_2_final,Ensemble (mean weight) top 4 model_TH_0.5_equal_weights,Month+6,0.5,2005-01-01 00:00:00,2024-12-31 00:00:00,2022-01-01 00:00:00,1.0,1.0,1.0,0.0,,0.5,108,0,0,0
2025-11-18 13:31:13,Greece_level_2_final,Ensemble (mean weight) top 5 model_TH_0.5_equal_weights,Month+1,0.5,2005-01-01 00:00:00,2024-12-31 00:00:00,2022-01-01 00:00:00,1.0,1.0,1.0,0.0,,0.5,108,0,0,0
2025-11-18 13:31:13,Greece_level_2_final,Ensemble (mean weight) top 5 model_TH_0.5_equal_weights,Month+2,0.5,2005-01-01 00:00:00,2024-12-31 00:00:00,2022-01-01 00:00:00,1.0,1.0,1.0,0.0,,0.5,108,0,0,0
2025-11-18 13:31:13,Greece_level_2_final,Ensemble (mean weight) top 5 model_TH_0.5_equal_weights,Month+3,0.5,2005-01-01 00:00:00,2024-12-31 00:00:00,2022-01-01 00:00:00,1.0,1.0,1.0,0.0,,0.5,108,0,0,0
2025-11-18 13:31:13,Greece_level_2_final,Ensemble (mean weight) top 5 model_TH_0.5_equal_weights,Month+4,0.5,2005-01-01 00:00:00,2024-12-31 00:00:00,2022-01-01 00:00:00,1.0,1.0,1.0,0.0,,0.5,108,0,0,0
2025-11-18 13:31:13,Greece_level_2_final,Ensemble (mean weight) top 5 model_TH_0.5_equal_weights,Month+5,0.5,2005-01-01 00:00:00,2024-12-31 00:00:00,2022-01-01 00:00:00,0.978,1.0,0.972,0.0,,0.5,105,0,0,3
2025-11-18 13:31:13,Greece_level_2_final,Ensemble (mean weight) top 5 model_TH_0.5_equal_weights,Month+6,0.5,2005-01-01 00:00:00,2024-12-31 00:00:00,2022-01-01 00:00:00,1.0,1.0,1.0,0.0,,0.5,108,0,0,0
2025-11-18 13:32:22,Greece_level_2_final,Ensemble (mean weight) top 6 model_TH_0.5_equal_weights,Month+1,0.5,2005-01-01 00:00:00,2024-12-31 00:00:00,2022-01-01 00:00:00,1.0,1.0,1.0,0.0,,0.5,108,0,0,0
2025-11-18 13:32:22,Greece_level_2_final,Ensemble (mean weight) top 6 model_TH_0.5_equal_weights,Month+2,0.5,2005-01-01 00:00:00,2024-12-31 00:00:00,2022-01-01 00:00:00,1.0,1.0,1.0,0.0,,0.5,108,0,0,0
2025-11-18 13:32:22,Greece_level_2_final,Ensemble (mean weight) top 6 model_TH_0.5_equal_weights,Month+3,0.5,2005-01-01 00:00:00,2024-12-31 00:00:00,2022-01-01 00:00:00,1.0,1.0,1.0,0.0,,0.5,108,0,0,0
2025-11-18 13:32:22,Greece_level_2_final,Ensemble (mean weight) top 6 model_TH_0.5_equal_weights,Month+4,0.5,2005-01-01 00:00:00,2024-12-31 00:00:00,2022-01-01 00:00:00,1.0,1.0,1.0,0.0,,0.5,108,0,0,0
2025-11-18 13:32:22,Greece_level_2_final,Ensemble (mean weight) top 6 model_TH_0.5_equal_weights,Month+5,0.5,2005-01-01 00:00:00,2024-12-31 00:00:00,2022-01-01 00:00:00,1.0,1.0,1.0,0.0,,0.5,108,0,0,0
2025-11-18 13:32:22,Greece_level_2_final,Ensemble (mean weight) top 6 model_TH_0.5_equal_weights,Month+6,0.5,2005-01-01 00:00:00,2024-12-31 00:00:00,2022-01-01 00:00:00,1.0,1.0,1.0,0.0,,0.5,108,0,0,0
2025-11-18 13:33:45,Greece_level_2_final,Ensemble (mean weight) top 7 model_TH_0.5_equal_weights,Month+1,0.5,2005-01-01 00:00:00,2024-12-31 00:00:00,2022-01-01 00:00:00,1.0,1.0,1.0,0.0,,0.5,108,0,0,0
2025-11-18 13:33:45,Greece_level_2_final,Ensemble (mean weight) top 7 model_TH_0.5_equal_weights,Month+2,0.5,2005-01-01 00:00:00,2024-12-31 00:00:00,2022-01-01 00:00:00,1.0,1.0,1.0,0.0,,0.5,108,0,0,0
2025-11-18 13:33:45,Greece_level_2_final,Ensemble (mean weight) top 7 model_TH_0.5_equal_weights,Month+3,0.5,2005-01-01 00:00:00,2024-12-31 00:00:00,2022-01-01 00:00:00,1.0,1.0,1.0,0.0,,0.5,108,0,0,0
2025-11-18 13:33:45,Greece_level_2_final,Ensemble (mean weight) top 7 model_TH_0.5_equal_weights,Month+4,0.5,2005-01-01 00:00:00,2024-12-31 00:00:00,2022-01-01 00:00:00,1.0,1.0,1.0,0.0,,0.5,108,0,0,0
2025-11-18 13:33:45,Greece_level_2_final,Ensemble (mean weight) top 7 model_TH_0.5_equal_weights,Month+5,0.5,2005-01-01 00:00:00,2024-12-31 00:00:00,2022-01-01 00:00:00,1.0,1.0,1.0,0.0,,0.5,108,0,0,0
2025-11-18 13:33:45,Greece_level_2_final,Ensemble (mean weight) top 7 model_TH_0.5_equal_weights,Month+6,0.5,2005-01-01 00:00:00,2024-12-31 00:00:00,2022-01-01 00:00:00,1.0,1.0,1.0,0.0,,0.5,108,0,0,0
2025-11-18 13:35:21,Greece_level_2_final,Ensemble (mean weight) top 8 model_TH_0.5_equal_weights,Month+1,0.5,2005-01-01 00:00:00,2024-12-31 00:00:00,2022-01-01 00:00:00,1.0,1.0,1.0,0.0,,0.5,108,0,0,0
2025-11-18 13:35:21,Greece_level_2_final,Ensemble (mean weight) top 8 model_TH_0.5_equal_weights,Month+2,0.5,2005-01-01 00:00:00,2024-12-31 00:00:00,2022-01-01 00:00:00,1.0,1.0,1.0,0.0,,0.5,108,0,0,0
2025-11-18 13:35:21,Greece_level_2_final,Ensemble (mean weight) top 8 model_TH_0.5_equal_weights,Month+3,0.5,2005-01-01 00:00:00,2024-12-31 00:00:00,2022-01-01 00:00:00,1.0,1.0,1.0,0.0,,0.5,108,0,0,0
2025-11-18 13:35:21,Greece_level_2_final,Ensemble (mean weight) top 8 model_TH_0.5_equal_weights,Month+4,0.5,2005-01-01 00:00:00,2024-12-31 00:00:00,2022-01-01 00:00:00,1.0,1.0,1.0,0.0,,0.5,108,0,0,0
2025-11-18 13:35:21,Greece_level_2_final,Ensemble (mean weight) top 8 model_TH_0.5_equal_weights,Month+5,0.5,2005-01-01 00:00:00,2024-12-31 00:00:00,2022-01-01 00:00:00,1.0,1.0,1.0,0.0,,0.5,108,0,0,0
2025-11-18 13:35:21,Greece_level_2_final,Ensemble (mean weight) top 8 model_TH_0.5_equal_weights,Month+6,0.5,2005-01-01 00:00:00,2024-12-31 00:00:00,2022-01-01 00:00:00,1.0,1.0,1.0,0.0,,0.5,108,0,0,0
2025-11-18 13:37:08,Greece_level_2_final,Ensemble (mean weight) top 3 models_TH_auto_equal_weight,Month+1,0.11,2005-01-01 00:00:00,2024-12-31 00:00:00,2022-01-01 00:00:00,1.0,1.0,1.0,0.0,,0.5,108,0,0,0
2025-11-18 13:37:08,Greece_level_2_final,Ensemble (mean weight) top 3 models_TH_auto_equal_weight,Month+2,0.12,2005-01-01 00:00:00,2024-12-31 00:00:00,2022-01-01 00:00:00,1.0,1.0,1.0,0.0,,0.5,108,0,0,0
2025-11-18 13:37:08,Greece_level_2_final,Ensemble (mean weight) top 3 models_TH_auto_equal_weight,Month+3,0.12,2005-01-01 00:00:00,2024-12-31 00:00:00,2022-01-01 00:00:00,1.0,1.0,1.0,0.0,,0.5,108,0,0,0
2025-11-18 13:37:08,Greece_level_2_final,Ensemble (mean weight) top 3 models_TH_auto_equal_weight,Month+4,0.12,2005-01-01 00:00:00,2024-12-31 00:00:00,2022-01-01 00:00:00,1.0,1.0,1.0,0.0,,0.5,108,0,0,0
2025-11-18 13:37:08,Greece_level_2_final,Ensemble (mean weight) top 3 models_TH_auto_equal_weight,Month+5,0.13,2005-01-01 00:00:00,2024-12-31 00:00:00,2022-01-01 00:00:00,1.0,1.0,1.0,0.0,,0.5,108,0,0,0
2025-11-18 13:37:08,Greece_level_2_final,Ensemble (mean weight) top 3 models_TH_auto_equal_weight,Month+6,0.13,2005-01-01 00:00:00,2024-12-31 00:00:00,2022-01-01 00:00:00,1.0,1.0,1.0,0.0,,0.5,108,0,0,0
2025-11-18 13:38:57,Greece_level_2_final,Ensemble (mean weight) top 4 models_TH_auto_equal_weight,Month+1,0.1,2005-01-01 00:00:00,2024-12-31 00:00:00,2022-01-01 00:00:00,1.0,1.0,1.0,0.0,,0.5,108,0,0,0
2025-11-18 13:38:57,Greece_level_2_final,Ensemble (mean weight) top 4 models_TH_auto_equal_weight,Month+2,0.11,2005-01-01 00:00:00,2024-12-31 00:00:00,2022-01-01 00:00:00,1.0,1.0,1.0,0.0,,0.5,108,0,0,0
2025-11-18 13:38:57,Greece_level_2_final,Ensemble (mean weight) top 4 models_TH_auto_equal_weight,Month+3,0.12,2005-01-01 00:00:00,2024-12-31 00:00:00,2022-01-01 00:00:00,1.0,1.0,1.0,0.0,,0.5,108,0,0,0
2025-11-18 13:38:57,Greece_level_2_final,Ensemble (mean weight) top 4 models_TH_auto_equal_weight,Month+4,0.13,2005-01-01 00:00:00,2024-12-31 00:00:00,2022-01-01 00:00:00,1.0,1.0,1.0,0.0,,0.5,108,0,0,0
2025-11-18 13:38:57,Greece_level_2_final,Ensemble (mean weight) top 4 models_TH_auto_equal_weight,Month+5,0.13,2005-01-01 00:00:00,2024-12-31 00:00:00,2022-01-01 00:00:00,1.0,1.0,1.0,0.0,,0.5,108,0,0,0
2025-11-18 13:38:57,Greece_level_2_final,Ensemble (mean weight) top 4 models_TH_auto_equal_weight,Month+6,0.13,2005-01-01 00:00:00,2024-12-31 00:00:00,2022-01-01 00:00:00,1.0,1.0,1.0,0.0,,0.5,108,0,0,0
2025-11-18 13:40:47,Greece_level_2_final,Ensemble (mean weight) top 5 models_TH_auto_equal_weight,Month+1,0.09,2005-01-01 00:00:00,2024-12-31 00:00:00,2022-01-01 00:00:00,1.0,1.0,1.0,0.0,,0.5,108,0,0,0
2025-11-18 13:40:47,Greece_level_2_final,Ensemble (mean weight) top 5 models_TH_auto_equal_weight,Month+2,0.12,2005-01-01 00:00:00,2024-12-31 00:00:00,2022-01-01 00:00:00,1.0,1.0,1.0,0.0,,0.5,108,0,0,0
2025-11-18 13:40:47,Greece_level_2_final,Ensemble (mean weight) top 5 models_TH_auto_equal_weight,Month+3,0.12,2005-01-01 00:00:00,2024-12-31 00:00:00,2022-01-01 00:00:00,1.0,1.0,1.0,0.0,,0.5,108,0,0,0
2025-11-18 13:40:47,Greece_level_2_final,Ensemble (mean weight) top 5 models_TH_auto_equal_weight,Month+4,0.11,2005-01-01 00:00:00,2024-12-31 00:00:00,2022-01-01 00:00:00,1.0,1.0,1.0,0.0,,0.5,108,0,0,0
2025-11-18 13:40:47,Greece_level_2_final,Ensemble (mean weight) top 5 models_TH_auto_equal_weight,Month+5,0.12,2005-01-01 00:00:00,2024-12-31 00:00:00,2022-01-01 00:00:00,1.0,1.0,1.0,0.0,,0.5,108,0,0,0
2025-11-18 13:40:47,Greece_level_2_final,Ensemble (mean weight) top 5 models_TH_auto_equal_weight,Month+6,0.12,2005-01-01 00:00:00,2024-12-31 00:00:00,2022-01-01 00:00:00,1.0,1.0,1.0,0.0,,0.5,108,0,0,0
2025-11-18 13:42:46,Greece_level_2_final,Ensemble (mean weight) top 6 models_TH_auto_equal_weight,Month+1,0.12,2005-01-01 00:00:00,2024-12-31 00:00:00,2022-01-01 00:00:00,1.0,1.0,1.0,0.0,,0.5,108,0,0,0
2025-11-18 13:42:46,Greece_level_2_final,Ensemble (mean weight) top 6 models_TH_auto_equal_weight,Month+2,0.14,2005-01-01 00:00:00,2024-12-31 00:00:00,2022-01-01 00:00:00,1.0,1.0,1.0,0.0,,0.5,108,0,0,0
2025-11-18 13:42:46,Greece_level_2_final,Ensemble (mean weight) top 6 models_TH_auto_equal_weight,Month+3,0.14,2005-01-01 00:00:00,2024-12-31 00:00:00,2022-01-01 00:00:00,1.0,1.0,1.0,0.0,,0.5,108,0,0,0
2025-11-18 13:42:46,Greece_level_2_final,Ensemble (mean weight) top 6 models_TH_auto_equal_weight,Month+4,0.14,2005-01-01 00:00:00,2024-12-31 00:00:00,2022-01-01 00:00:00,1.0,1.0,1.0,0.0,,0.5,108,0,0,0
2025-11-18 13:42:46,Greece_level_2_final,Ensemble (mean weight) top 6 models_TH_auto_equal_weight,Month+5,0.16,2005-01-01 00:00:00,2024-12-31 00:00:00,2022-01-01 00:00:00,1.0,1.0,1.0,0.0,,0.5,108,0,0,0
2025-11-18 13:42:46,Greece_level_2_final,Ensemble (mean weight) top 6 models_TH_auto_equal_weight,Month+6,0.21,2005-01-01 00:00:00,2024-12-31 00:00:00,2022-01-01 00:00:00,1.0,1.0,1.0,0.0,,0.5,108,0,0,0
2025-11-18 13:45:02,Greece_level_2_final,Ensemble (mean weight) top 7 models_TH_auto_equal_weight,Month+1,0.1,2005-01-01 00:00:00,2024-12-31 00:00:00,2022-01-01 00:00:00,1.0,1.0,1.0,0.0,,0.5,108,0,0,0
2025-11-18 13:45:02,Greece_level_2_final,Ensemble (mean weight) top 7 models_TH_auto_equal_weight,Month+2,0.12,2005-01-01 00:00:00,2024-12-31 00:00:00,2022-01-01 00:00:00,1.0,1.0,1.0,0.0,,0.5,108,0,0,0
2025-11-18 13:45:02,Greece_level_2_final,Ensemble (mean weight) top 7 models_TH_auto_equal_weight,Month+3,0.12,2005-01-01 00:00:00,2024-12-31 00:00:00,2022-01-01 00:00:00,1.0,1.0,1.0,0.0,,0.5,108,0,0,0
2025-11-18 13:45:02,Greece_level_2_final,Ensemble (mean weight) top 7 models_TH_auto_equal_weight,Month+4,0.11,2005-01-01 00:00:00,2024-12-31 00:00:00,2022-01-01 00:00:00,1.0,1.0,1.0,0.0,,0.5,108,0,0,0
2025-11-18 13:45:02,Greece_level_2_final,Ensemble (mean weight) top 7 models_TH_auto_equal_weight,Month+5,0.11,2005-01-01 00:00:00,2024-12-31 00:00:00,2022-01-01 00:00:00,1.0,1.0,1.0,0.0,,0.5,108,0,0,0
2025-11-18 13:45:02,Greece_level_2_final,Ensemble (mean weight) top 7 models_TH_auto_equal_weight,Month+6,0.14,2005-01-01 00:00:00,2024-12-31 00:00:00,2022-01-01 00:00:00,1.0,1.0,1.0,0.0,,0.5,108,0,0,0
2025-11-18 13:47:16,Greece_level_2_final,Ensemble (mean weight) top 8 models_TH_auto_equal_weight,Month+1,0.09,2005-01-01 00:00:00,2024-12-31 00:00:00,2022-01-01 00:00:00,1.0,1.0,1.0,0.0,,0.5,108,0,0,0
2025-11-18 13:47:16,Greece_level_2_final,Ensemble (mean weight) top 8 models_TH_auto_equal_weight,Month+2,0.11,2005-01-01 00:00:00,2024-12-31 00:00:00,2022-01-01 00:00:00,1.0,1.0,1.0,0.0,,0.5,108,0,0,0
2025-11-18 13:47:16,Greece_level_2_final,Ensemble (mean weight) top 8 models_TH_auto_equal_weight,Month+3,0.11,2005-01-01 00:00:00,2024-12-31 00:00:00,2022-01-01 00:00:00,1.0,1.0,1.0,0.0,,0.5,108,0,0,0
2025-11-18 13:47:16,Greece_level_2_final,Ensemble (mean weight) top 8 models_TH_auto_equal_weight,Month+4,0.16,2005-01-01 00:00:00,2024-12-31 00:00:00,2022-01-01 00:00:00,1.0,1.0,1.0,0.0,,0.5,108,0,0,0
2025-11-18 13:47:16,Greece_level_2_final,Ensemble (mean weight) top 8 models_TH_auto_equal_weight,Month+5,0.11,2005-01-01 00:00:00,2024-12-31 00:00:00,2022-01-01 00:00:00,1.0,1.0,1.0,0.0,,0.5,108,0,0,0
2025-11-18 13:47:16,Greece_level_2_final,Ensemble (mean weight) top 8 models_TH_auto_equal_weight,Month+6,0.14,2005-01-01 00:00:00,2024-12-31 00:00:00,2022-01-01 00:00:00,1.0,1.0,1.0,0.0,,0.5,108,0,0,0
2025-11-18 13:48:15,Greece_level_2_final,Ensemble (mean weight) top 3 models_TH_0.5_not_equal_weight,Month+1,0.5,2005-01-01 00:00:00,2024-12-31 00:00:00,2022-01-01 00:00:00,1.0,1.0,1.0,0.0,,0.5,108,0,0,0
2025-11-18 13:48:15,Greece_level_2_final,Ensemble (mean weight) top 3 models_TH_0.5_not_equal_weight,Month+2,0.5,2005-01-01 00:00:00,2024-12-31 00:00:00,2022-01-01 00:00:00,1.0,1.0,1.0,0.0,,0.5,108,0,0,0
2025-11-18 13:48:15,Greece_level_2_final,Ensemble (mean weight) top 3 models_TH_0.5_not_equal_weight,Month+3,0.5,2005-01-01 00:00:00,2024-12-31 00:00:00,2022-01-01 00:00:00,1.0,1.0,1.0,0.0,,0.5,108,0,0,0
2025-11-18 13:48:15,Greece_level_2_final,Ensemble (mean weight) top 3 models_TH_0.5_not_equal_weight,Month+4,0.5,2005-01-01 00:00:00,2024-12-31 00:00:00,2022-01-01 00:00:00,1.0,1.0,1.0,0.0,,0.5,108,0,0,0
2025-11-18 13:48:15,Greece_level_2_final,Ensemble (mean weight) top 3 models_TH_0.5_not_equal_weight,Month+5,0.5,2005-01-01 00:00:00,2024-12-31 00:00:00,2022-01-01 00:00:00,1.0,1.0,1.0,0.0,,0.5,108,0,0,0
2025-11-18 13:48:15,Greece_level_2_final,Ensemble (mean weight) top 3 models_TH_0.5_not_equal_weight,Month+6,0.5,2005-01-01 00:00:00,2024-12-31 00:00:00,2022-01-01 00:00:00,1.0,1.0,1.0,0.0,,0.5,108,0,0,0
2025-11-18 13:49:18,Greece_level_2_final,Ensemble (mean weight) top 4 models_TH_0.5_not_equal_weight,Month+1,0.5,2005-01-01 00:00:00,2024-12-31 00:00:00,2022-01-01 00:00:00,1.0,1.0,1.0,0.0,,0.5,108,0,0,0
2025-11-18 13:49:18,Greece_level_2_final,Ensemble (mean weight) top 4 models_TH_0.5_not_equal_weight,Month+2,0.5,2005-01-01 00:00:00,2024-12-31 00:00:00,2022-01-01 00:00:00,1.0,1.0,1.0,0.0,,0.5,108,0,0,0
2025-11-18 13:49:18,Greece_level_2_final,Ensemble (mean weight) top 4 models_TH_0.5_not_equal_weight,Month+3,0.5,2005-01-01 00:00:00,2024-12-31 00:00:00,2022-01-01 00:00:00,1.0,1.0,1.0,0.0,,0.5,108,0,0,0
2025-11-18 13:49:18,Greece_level_2_final,Ensemble (mean weight) top 4 models_TH_0.5_not_equal_weight,Month+4,0.5,2005-01-01 00:00:00,2024-12-31 00:00:00,2022-01-01 00:00:00,1.0,1.0,1.0,0.0,,0.5,108,0,0,0
2025-11-18 13:49:18,Greece_level_2_final,Ensemble (mean weight) top 4 models_TH_0.5_not_equal_weight,Month+5,0.5,2005-01-01 00:00:00,2024-12-31 00:00:00,2022-01-01 00:00:00,1.0,1.0,1.0,0.0,,0.5,108,0,0,0
2025-11-18 13:49:18,Greece_level_2_final,Ensemble (mean weight) top 4 models_TH_0.5_not_equal_weight,Month+6,0.5,2005-01-01 00:00:00,2024-12-31 00:00:00,2022-01-01 00:00:00,1.0,1.0,1.0,0.0,,0.5,108,0,0,0
2025-11-18 13:50:29,Greece_level_2_final,Ensemble (mean weight) top 5 models_TH_0.5_not_equal_weight,Month+1,0.5,2005-01-01 00:00:00,2024-12-31 00:00:00,2022-01-01 00:00:00,1.0,1.0,1.0,0.0,,0.5,108,0,0,0
2025-11-18 13:50:29,Greece_level_2_final,Ensemble (mean weight) top 5 models_TH_0.5_not_equal_weight,Month+2,0.5,2005-01-01 00:00:00,2024-12-31 00:00:00,2022-01-01 00:00:00,1.0,1.0,1.0,0.0,,0.5,108,0,0,0
2025-11-18 13:50:29,Greece_level_2_final,Ensemble (mean weight) top 5 models_TH_0.5_not_equal_weight,Month+3,0.5,2005-01-01 00:00:00,2024-12-31 00:00:00,2022-01-01 00:00:00,1.0,1.0,1.0,0.0,,0.5,108,0,0,0
2025-11-18 13:50:29,Greece_level_2_final,Ensemble (mean weight) top 5 models_TH_0.5_not_equal_weight,Month+4,0.5,2005-01-01 00:00:00,2024-12-31 00:00:00,2022-01-01 00:00:00,0.985,1.0,0.981,0.0,,0.5,106,0,0,2
2025-11-18 13:50:29,Greece_level_2_final,Ensemble (mean weight) top 5 models_TH_0.5_not_equal_weight,Month+5,0.5,2005-01-01 00:00:00,2024-12-31 00:00:00,2022-01-01 00:00:00,0.963,1.0,0.954,0.0,,0.5,103,0,0,5
2025-11-18 13:50:29,Greece_level_2_final,Ensemble (mean weight) top 5 models_TH_0.5_not_equal_weight,Month+6,0.5,2005-01-01 00:00:00,2024-12-31 00:00:00,2022-01-01 00:00:00,1.0,1.0,1.0,0.0,,0.5,108,0,0,0
2025-11-18 13:51:42,Greece_level_2_final,Ensemble (mean weight) top 6 models_TH_0.5_not_equal_weight,Month+1,0.5,2005-01-01 00:00:00,2024-12-31 00:00:00,2022-01-01 00:00:00,1.0,1.0,1.0,0.0,,0.5,108,0,0,0
2025-11-18 13:51:42,Greece_level_2_final,Ensemble (mean weight) top 6 models_TH_0.5_not_equal_weight,Month+2,0.5,2005-01-01 00:00:00,2024-12-31 00:00:00,2022-01-01 00:00:00,1.0,1.0,1.0,0.0,,0.5,108,0,0,0
2025-11-18 13:51:42,Greece_level_2_final,Ensemble (mean weight) top 6 models_TH_0.5_not_equal_weight,Month+3,0.5,2005-01-01 00:00:00,2024-12-31 00:00:00,2022-01-01 00:00:00,1.0,1.0,1.0,0.0,,0.5,108,0,0,0
2025-11-18 13:51:42,Greece_level_2_final,Ensemble (mean weight) top 6 models_TH_0.5_not_equal_weight,Month+4,0.5,2005-01-01 00:00:00,2024-12-31 00:00:00,2022-01-01 00:00:00,1.0,1.0,1.0,0.0,,0.5,108,0,0,0
2025-11-18 13:51:42,Greece_level_2_final,Ensemble (mean weight) top 6 models_TH_0.5_not_equal_weight,Month+5,0.5,2005-01-01 00:00:00,2024-12-31 00:00:00,2022-01-01 00:00:00,1.0,1.0,1.0,0.0,,0.5,108,0,0,0
2025-11-18 13:51:42,Greece_level_2_final,Ensemble (mean weight) top 6 models_TH_0.5_not_equal_weight,Month+6,0.5,2005-01-01 00:00:00,2024-12-31 00:00:00,2022-01-01 00:00:00,1.0,1.0,1.0,0.0,,0.5,108,0,0,0
2025-11-18 13:53:04,Greece_level_2_final,Ensemble (mean weight) top 7 models_TH_0.5_not_equal_weight,Month+1,0.5,2005-01-01 00:00:00,2024-12-31 00:00:00,2022-01-01 00:00:00,1.0,1.0,1.0,0.0,,0.5,108,0,0,0
2025-11-18 13:53:04,Greece_level_2_final,Ensemble (mean weight) top 7 models_TH_0.5_not_equal_weight,Month+2,0.5,2005-01-01 00:00:00,2024-12-31 00:00:00,2022-01-01 00:00:00,1.0,1.0,1.0,0.0,,0.5,108,0,0,0
2025-11-18 13:53:04,Greece_level_2_final,Ensemble (mean weight) top 7 models_TH_0.5_not_equal_weight,Month+3,0.5,2005-01-01 00:00:00,2024-12-31 00:00:00,2022-01-01 00:00:00,1.0,1.0,1.0,0.0,,0.5,108,0,0,0
2025-11-18 13:53:04,Greece_level_2_final,Ensemble (mean weight) top 7 models_TH_0.5_not_equal_weight,Month+4,0.5,2005-01-01 00:00:00,2024-12-31 00:00:00,2022-01-01 00:00:00,1.0,1.0,1.0,0.0,,0.5,108,0,0,0
2025-11-18 13:53:04,Greece_level_2_final,Ensemble (mean weight) top 7 models_TH_0.5_not_equal_weight,Month+5,0.5,2005-01-01 00:00:00,2024-12-31 00:00:00,2022-01-01 00:00:00,1.0,1.0,1.0,0.0,,0.5,108,0,0,0
2025-11-18 13:53:04,Greece_level_2_final,Ensemble (mean weight) top 7 models_TH_0.5_not_equal_weight,Month+6,0.5,2005-01-01 00:00:00,2024-12-31 00:00:00,2022-01-01 00:00:00,1.0,1.0,1.0,0.0,,0.5,108,0,0,0
2025-11-18 13:54:37,Greece_level_2_final,Ensemble (mean weight) top 8 models_TH_0.5_not_equal_weight,Month+1,0.500,2005-01-01 00:00:00,2024-12-31 00:00:00,2022-01-01 00:00:00,1.000,1.000,1.000,0.000,nan,0.500,108,0,0,0
2025-11-18 13:54:37,Greece_level_2_final,Ensemble (mean weight) top 8 models_TH_0.5_not_equal_weight,Month+2,0.500,2005-01-01 00:00:00,2024-12-31 00:00:00,2022-01-01 00:00:00,1.000,1.000,1.000,0.000,nan,0.500,108,0,0,0
2025-11-18 13:54:37,Greece_level_2_final,Ensemble (mean weight) top 8 models_TH_0.5_not_equal_weight,Month+3,0.500,2005-01-01 00:00:00,2024-12-31 00:00:00,2022-01-01 00:00:00,1.000,1.000,1.000,0.000,nan,0.500,108,0,0,0
2025-11-18 13:54:37,Greece_level_2_final,Ensemble (mean weight) top 8 models_TH_0.5_not_equal_weight,Month+4,0.500,2005-01-01 00:00:00,2024-12-31 00:00:00,2022-01-01 00:00:00,1.000,1.000,1.000,0.000,nan,0.500,108,0,0,0
2025-11-18 13:54:37,Greece_level_2_final,Ensemble (mean weight) top 8 models_TH_0.5_not_equal_weight,Month+5,0.500,2005-01-01 00:00:00,2024-12-31 00:00:00,2022-01-01 00:00:00,1.000,1.000,1.000,0.000,nan,0.500,108,0,0,0
2025-11-18 13:54:37,Greece_level_2_final,Ensemble (mean weight) top 8 models_TH_0.5_not_equal_weight,Month+6,0.500,2005-01-01 00:00:00,2024-12-31 00:00:00,2022-01-01 00:00:00,1.000,1.000,1.000,0.000,nan,0.500,108,0,0,0
2025-11-18 11:17:23,Italy_level_2_final,k-Nearest Neighbors,Month+1,0.21,2005-01-01 00:00:00,2024-12-31 00:00:00,2022-01-01 00:00:00,0.816,0.656,0.87,0.727,0.944,0.912,40,433,21,6
2025-11-18 11:17:23,Italy_level_2_final,k-Nearest Neighbors,Month+2,0.34,2005-01-01 00:00:00,2024-12-31 00:00:00,2022-01-01 00:00:00,0.758,0.661,0.787,0.69,0.902,0.873,37,434,19,10
2025-11-18 11:17:23,Italy_level_2_final,k-Nearest Neighbors,Month+3,0.34,2005-01-01 00:00:00,2024-12-31 00:00:00,2022-01-01 00:00:00,0.643,0.625,0.648,0.592,0.819,0.801,35,425,21,19
2025-11-18 11:17:23,Italy_level_2_final,k-Nearest Neighbors,Month+4,0.34,2005-01-01 00:00:00,2024-12-31 00:00:00,2022-01-01 00:00:00,0.611,0.569,0.623,0.545,0.791,0.783,33,422,25,20
2025-11-18 11:17:23,Italy_level_2_final,k-Nearest Neighbors,Month+5,0.34,2005-01-01 00:00:00,2024-12-31 00:00:00,2022-01-01 00:00:00,0.566,0.526,0.577,0.496,0.761,0.758,30,421,27,22
2025-11-18 11:17:23,Italy_level_2_final,k-Nearest Neighbors,Month+6,0.34,2005-01-01 00:00:00,2024-12-31 00:00:00,2022-01-01 00:00:00,0.523,0.466,0.54,0.441,0.741,0.736,27,419,31,23
2025-11-18 11:17:29,Italy_level_2_final,SVC (RBF Kernel),Month+1,0.6,2005-01-01 00:00:00,2024-12-31 00:00:00,2022-01-01 00:00:00,0.83,0.844,0.826,0.819,0.988,0.905,38,447,7,8
2025-11-18 11:17:29,Italy_level_2_final,SVC (RBF Kernel),Month+2,0.55,2005-01-01 00:00:00,2024-12-31 00:00:00,2022-01-01 00:00:00,0.751,0.778,0.745,0.737,0.951,0.861,35,443,10,12
2025-11-18 11:17:29,Italy_level_2_final,SVC (RBF Kernel),Month+3,0.15,2005-01-01 00:00:00,2024-12-31 00:00:00,2022-01-01 00:00:00,0.683,0.673,0.685,0.64,0.887,0.822,37,428,18,17
2025-11-18 11:17:29,Italy_level_2_final,SVC (RBF Kernel),Month+4,0.15,2005-01-01 00:00:00,2024-12-31 00:00:00,2022-01-01 00:00:00,0.704,0.556,0.755,0.599,0.862,0.842,40,415,32,13
2025-11-18 11:17:29,Italy_level_2_final,SVC (RBF Kernel),Month+5,0.17,2005-01-01 00:00:00,2024-12-31 00:00:00,2022-01-01 00:00:00,0.653,0.458,0.731,0.517,0.848,0.815,38,403,45,14
2025-11-18 11:17:29,Italy_level_2_final,SVC (RBF Kernel),Month+6,0.15,2005-01-01 00:00:00,2024-12-31 00:00:00,2022-01-01 00:00:00,0.609,0.356,0.74,0.437,0.835,0.796,37,383,67,13
2025-11-18 11:18:55,Italy_level_2_final,Logistic Regression,Month+1,0.93,2005-01-01 00:00:00,2024-12-31 00:00:00,2022-01-01 00:00:00,0.884,0.854,0.891,0.859,0.99,0.938,41,447,7,5
2025-11-18 11:18:55,Italy_level_2_final,Logistic Regression,Month+2,0.86,2005-01-01 00:00:00,2024-12-31 00:00:00,2022-01-01 00:00:00,0.802,0.776,0.809,0.77,0.932,0.892,38,442,11,9
2025-11-18 11:18:55,Italy_level_2_final,Logistic Regression,Month+3,0.84,2005-01-01 00:00:00,2024-12-31 00:00:00,2022-01-01 00:00:00,0.642,0.694,0.63,0.622,0.855,0.798,34,431,15,20
2025-11-18 11:18:55,Italy_level_2_final,Logistic Regression,Month+4,0.78,2005-01-01 00:00:00,2024-12-31 00:00:00,2022-01-01 00:00:00,0.63,0.66,0.623,0.6,0.848,0.792,33,430,17,20
2025-11-18 11:18:55,Italy_level_2_final,Logistic Regression,Month+5,0.78,2005-01-01 00:00:00,2024-12-31 00:00:00,2022-01-01 00:00:00,0.601,0.62,0.596,0.563,0.813,0.777,31,429,19,21
2025-11-18 11:18:55,Italy_level_2_final,Logistic Regression,Month+6,0.43,2005-01-01 00:00:00,2024-12-31 00:00:00,2022-01-01 00:00:00,0.543,0.262,0.74,0.339,0.802,0.754,37,346,104,13
2025-11-18 11:20:16,Italy_level_2_final,Linear SVM (Calibrated),Month+1,0.39,2005-01-01 00:00:00,2024-12-31 00:00:00,2022-01-01 00:00:00,0.923,0.878,0.935,0.896,0.99,0.961,43,448,6,3
2025-11-18 11:20:16,Italy_level_2_final,Linear SVM (Calibrated),Month+2,0.28,2005-01-01 00:00:00,2024-12-31 00:00:00,2022-01-01 00:00:00,0.858,0.804,0.872,0.82,0.931,0.925,41,443,10,6
2025-11-18 11:20:16,Italy_level_2_final,Linear SVM (Calibrated),Month+3,0.1,2005-01-01 00:00:00,2024-12-31 00:00:00,2022-01-01 00:00:00,0.593,0.331,0.741,0.405,0.83,0.78,40,365,81,14
2025-11-18 11:20:16,Italy_level_2_final,Linear SVM (Calibrated),Month+4,0.12,2005-01-01 00:00:00,2024-12-31 00:00:00,2022-01-01 00:00:00,0.592,0.349,0.717,0.416,0.817,0.779,38,376,71,15
2025-11-18 11:20:16,Italy_level_2_final,Linear SVM (Calibrated),Month+5,0.09,2005-01-01 00:00:00,2024-12-31 00:00:00,2022-01-01 00:00:00,0.495,0.204,0.769,0.263,0.783,0.711,40,292,156,12
2025-11-18 11:20:16,Italy_level_2_final,Linear SVM (Calibrated),Month+6,0.1,2005-01-01 00:00:00,2024-12-31 00:00:00,2022-01-01 00:00:00,0.493,0.19,0.82,0.261,0.798,0.716,41,275,175,9
2025-11-18 11:20:16,Italy_level_2_final,RidgeClassifier (Calibrated),Month+1,0.77,2005-01-01 00:00:00,2024-12-31 00:00:00,2022-01-01 00:00:00,0.884,0.854,0.891,0.859,0.992,0.938,41,447,7,5
2025-11-18 11:20:16,Italy_level_2_final,RidgeClassifier (Calibrated),Month+2,0.7,2005-01-01 00:00:00,2024-12-31 00:00:00,2022-01-01 00:00:00,0.809,0.809,0.809,0.789,0.926,0.894,38,444,9,9
2025-11-18 11:20:16,Italy_level_2_final,RidgeClassifier (Calibrated),Month+3,0.63,2005-01-01 00:00:00,2024-12-31 00:00:00,2022-01-01 00:00:00,0.646,0.723,0.63,0.639,0.814,0.8,34,433,13,20
2025-11-18 11:20:16,Italy_level_2_final,RidgeClassifier (Calibrated),Month+4,0.05,2005-01-01 00:00:00,2024-12-31 00:00:00,2022-01-01 00:00:00,0.544,0.277,0.717,0.342,0.809,0.748,38,348,99,15
2025-11-18 11:20:16,Italy_level_2_final,RidgeClassifier (Calibrated),Month+5,0.06,2005-01-01 00:00:00,2024-12-31 00:00:00,2022-01-01 00:00:00,0.5,0.221,0.731,0.277,0.786,0.716,38,314,134,14
2025-11-18 11:20:16,Italy_level_2_final,RidgeClassifier (Calibrated),Month+6,0.07,2005-01-01 00:00:00,2024-12-31 00:00:00,2022-01-01 00:00:00,0.486,0.204,0.74,0.262,0.783,0.71,37,306,144,13
2025-11-18 11:20:25,Italy_level_2_final,Random Forest,Month+1,0.4,2005-01-01 00:00:00,2024-12-31 00:00:00,2022-01-01 00:00:00,0.948,0.917,0.957,0.93,0.995,0.974,44,450,4,2
2025-11-18 11:20:25,Italy_level_2_final,Random Forest,Month+2,0.32,2005-01-01 00:00:00,2024-12-31 00:00:00,2022-01-01 00:00:00,0.84,0.8,0.851,0.806,0.955,0.914,40,443,10,7
2025-11-18 11:20:25,Italy_level_2_final,Random Forest,Month+3,0.31,2005-01-01 00:00:00,2024-12-31 00:00:00,2022-01-01 00:00:00,0.677,0.72,0.667,0.657,0.897,0.818,36,432,14,18
2025-11-18 11:20:25,Italy_level_2_final,Random Forest,Month+4,0.25,2005-01-01 00:00:00,2024-12-31 00:00:00,2022-01-01 00:00:00,0.63,0.66,0.623,0.6,0.848,0.792,33,430,17,20
2025-11-18 11:20:25,Italy_level_2_final,Random Forest,Month+5,0.2,2005-01-01 00:00:00,2024-12-31 00:00:00,2022-01-01 00:00:00,0.592,0.574,0.596,0.536,0.803,0.772,31,425,23,21
2025-11-18 11:20:25,Italy_level_2_final,Random Forest,Month+6,0.16,2005-01-01 00:00:00,2024-12-31 00:00:00,2022-01-01 00:00:00,0.56,0.403,0.62,0.43,0.775,0.759,31,404,46,19
2025-11-18 11:20:39,Italy_level_2_final,Balanced Random Forest,Month+1,0.59,2005-01-01 00:00:00,2024-12-31 00:00:00,2022-01-01 00:00:00,0.932,0.846,0.957,0.889,0.993,0.969,44,446,8,2
2025-11-18 11:20:39,Italy_level_2_final,Balanced Random Forest,Month+2,0.66,2005-01-01 00:00:00,2024-12-31 00:00:00,2022-01-01 00:00:00,0.819,0.78,0.83,0.784,0.961,0.903,39,442,11,8
2025-11-18 11:20:39,Italy_level_2_final,Balanced Random Forest,Month+3,0.67,2005-01-01 00:00:00,2024-12-31 00:00:00,2022-01-01 00:00:00,0.642,0.694,0.63,0.622,0.895,0.798,34,431,15,20
2025-11-18 11:20:39,Italy_level_2_final,Balanced Random Forest,Month+4,0.66,2005-01-01 00:00:00,2024-12-31 00:00:00,2022-01-01 00:00:00,0.632,0.673,0.623,0.608,0.851,0.793,33,431,16,20
2025-11-18 11:20:39,Italy_level_2_final,Balanced Random Forest,Month+5,0.7,2005-01-01 00:00:00,2024-12-31 00:00:00,2022-01-01 00:00:00,0.608,0.66,0.596,0.586,0.806,0.78,31,432,16,21
2025-11-18 11:20:39,Italy_level_2_final,Balanced Random Forest,Month+6,0.51,2005-01-01 00:00:00,2024-12-31 00:00:00,2022-01-01 00:00:00,0.587,0.407,0.66,0.451,0.785,0.777,33,402,48,17
2025-11-18 11:20:50,Italy_level_2_final,ExtraTrees,Month+1,0.26,2005-01-01 00:00:00,2024-12-31 00:00:00,2022-01-01 00:00:00,0.9,0.782,0.935,0.839,0.994,0.954,43,442,12,3
2025-11-18 11:20:50,Italy_level_2_final,ExtraTrees,Month+2,0.25,2005-01-01 00:00:00,2024-12-31 00:00:00,2022-01-01 00:00:00,0.806,0.722,0.83,0.749,0.965,0.898,39,438,15,8
2025-11-18 11:20:50,Italy_level_2_final,ExtraTrees,Month+3,0.25,2005-01-01 00:00:00,2024-12-31 00:00:00,2022-01-01 00:00:00,0.683,0.673,0.685,0.64,0.908,0.822,37,428,18,17
2025-11-18 11:20:50,Italy_level_2_final,ExtraTrees,Month+4,0.24,2005-01-01 00:00:00,2024-12-31 00:00:00,2022-01-01 00:00:00,0.655,0.636,0.66,0.606,0.865,0.808,35,427,20,18
2025-11-18 11:20:50,Italy_level_2_final,ExtraTrees,Month+5,0.21,2005-01-01 00:00:00,2024-12-31 00:00:00,2022-01-01 00:00:00,0.593,0.516,0.615,0.508,0.826,0.774,32,418,30,20
2025-11-18 11:20:50,Italy_level_2_final,ExtraTrees,Month+6,0.19,2005-01-01 00:00:00,2024-12-31 00:00:00,2022-01-01 00:00:00,0.545,0.439,0.58,0.441,0.794,0.749,29,413,37,21
2025-11-18 11:21:03,Italy_level_2_final,Gradient Boosting,Month+1,0.28,2005-01-01 00:00:00,2024-12-31 00:00:00,2022-01-01 00:00:00,0.948,0.917,0.957,0.93,0.994,0.974,44,450,4,2
2025-11-18 11:21:03,Italy_level_2_final,Gradient Boosting,Month+2,0.39,2005-01-01 00:00:00,2024-12-31 00:00:00,2022-01-01 00:00:00,0.847,0.833,0.851,0.826,0.976,0.917,40,445,8,7
2025-11-18 11:21:03,Italy_level_2_final,Gradient Boosting,Month+3,0.32,2005-01-01 00:00:00,2024-12-31 00:00:00,2022-01-01 00:00:00,0.682,0.75,0.667,0.674,0.913,0.82,36,434,12,18
2025-11-18 11:21:03,Italy_level_2_final,Gradient Boosting,Month+4,0.27,2005-01-01 00:00:00,2024-12-31 00:00:00,2022-01-01 00:00:00,0.635,0.688,0.623,0.616,0.824,0.795,33,432,15,20
2025-11-18 11:21:03,Italy_level_2_final,Gradient Boosting,Month+5,0.17,2005-01-01 00:00:00,2024-12-31 00:00:00,2022-01-01 00:00:00,0.594,0.585,0.596,0.542,0.788,0.774,31,426,22,21
2025-11-18 11:21:03,Italy_level_2_final,Gradient Boosting,Month+6,0.18,2005-01-01 00:00:00,2024-12-31 00:00:00,2022-01-01 00:00:00,0.586,0.536,0.6,0.516,0.793,0.771,30,424,26,20
2025-11-18 11:21:09,Italy_level_2_final,AdaBoost,Month+1,0.5,2005-01-01 00:00:00,2024-12-31 00:00:00,2022-01-01 00:00:00,0.948,0.917,0.957,0.93,0.995,0.974,44,450,4,2
2025-11-18 11:21:09,Italy_level_2_final,AdaBoost,Month+2,0.49,2005-01-01 00:00:00,2024-12-31 00:00:00,2022-01-01 00:00:00,0.837,0.784,0.851,0.797,0.967,0.913,40,442,11,7
2025-11-18 11:21:09,Italy_level_2_final,AdaBoost,Month+3,0.49,2005-01-01 00:00:00,2024-12-31 00:00:00,2022-01-01 00:00:00,0.683,0.673,0.685,0.64,0.886,0.822,37,428,18,17
2025-11-18 11:21:09,Italy_level_2_final,AdaBoost,Month+4,0.49,2005-01-01 00:00:00,2024-12-31 00:00:00,2022-01-01 00:00:00,0.641,0.574,0.66,0.566,0.813,0.801,35,421,26,18
2025-11-18 11:21:09,Italy_level_2_final,AdaBoost,Month+5,0.49,2005-01-01 00:00:00,2024-12-31 00:00:00,2022-01-01 00:00:00,0.589,0.458,0.635,0.476,0.79,0.774,33,409,39,19
2025-11-18 11:21:09,Italy_level_2_final,AdaBoost,Month+6,0.49,2005-01-01 00:00:00,2024-12-31 00:00:00,2022-01-01 00:00:00,0.556,0.364,0.64,0.406,0.797,0.758,32,394,56,18
2025-11-18 11:21:25,Italy_level_2_final,Hist Gradient Boosting,Month+1,0.89,2005-01-01 00:00:00,2024-12-31 00:00:00,2022-01-01 00:00:00,0.948,0.917,0.957,0.93,0.995,0.974,44,450,4,2
2025-11-18 11:21:25,Italy_level_2_final,Hist Gradient Boosting,Month+2,0.71,2005-01-01 00:00:00,2024-12-31 00:00:00,2022-01-01 00:00:00,0.851,0.851,0.851,0.836,0.961,0.918,40,446,7,7
2025-11-18 11:21:25,Italy_level_2_final,Hist Gradient Boosting,Month+3,0.09,2005-01-01 00:00:00,2024-12-31 00:00:00,2022-01-01 00:00:00,0.672,0.692,0.667,0.641,0.899,0.815,36,430,16,18
2025-11-18 11:21:25,Italy_level_2_final,Hist Gradient Boosting,Month+4,0.4,2005-01-01 00:00:00,2024-12-31 00:00:00,2022-01-01 00:00:00,0.64,0.717,0.623,0.632,0.824,0.797,33,434,13,20
2025-11-18 11:21:25,Italy_level_2_final,Hist Gradient Boosting,Month+5,0.36,2005-01-01 00:00:00,2024-12-31 00:00:00,2022-01-01 00:00:00,0.591,0.652,0.577,0.572,0.804,0.771,30,432,16,22
2025-11-18 11:21:25,Italy_level_2_final,Hist Gradient Boosting,Month+6,0.11,2005-01-01 00:00:00,2024-12-31 00:00:00,2022-01-01 00:00:00,0.577,0.384,0.66,0.431,0.791,0.771,33,397,53,17
2025-11-18 11:21:29,Italy_level_2_final,XGBoost,Month+1,0.77,2005-01-01 00:00:00,2024-12-31 00:00:00,2022-01-01 00:00:00,0.948,0.917,0.957,0.93,0.995,0.974,44,450,4,2
2025-11-18 11:21:29,Italy_level_2_final,XGBoost,Month+2,0.69,2005-01-01 00:00:00,2024-12-31 00:00:00,2022-01-01 00:00:00,0.83,0.83,0.83,0.812,0.972,0.906,39,445,8,8
2025-11-18 11:21:29,Italy_level_2_final,XGBoost,Month+3,0.16,2005-01-01 00:00:00,2024-12-31 00:00:00,2022-01-01 00:00:00,0.68,0.452,0.778,0.529,0.908,0.832,42,395,51,12
2025-11-18 11:21:29,Italy_level_2_final,XGBoost,Month+4,0.24,2005-01-01 00:00:00,2024-12-31 00:00:00,2022-01-01 00:00:00,0.631,0.457,0.698,0.501,0.829,0.8,37,403,44,16
2025-11-18 11:21:29,Italy_level_2_final,XGBoost,Month+5,0.35,2005-01-01 00:00:00,2024-12-31 00:00:00,2022-01-01 00:00:00,0.596,0.478,0.635,0.491,0.809,0.777,33,412,36,19
2025-11-18 11:21:29,Italy_level_2_final,XGBoost,Month+6,0.29,2005-01-01 00:00:00,2024-12-31 00:00:00,2022-01-01 00:00:00,0.537,0.308,0.66,0.362,0.798,0.748,33,376,74,17
2025-11-18 11:21:34,Italy_level_2_final,LightGBM,Month+1,0.88,2005-01-01 00:00:00,2024-12-31 00:00:00,2022-01-01 00:00:00,0.948,0.917,0.957,0.93,0.993,0.974,44,450,4,2
2025-11-18 11:21:34,Italy_level_2_final,LightGBM,Month+2,0.35,2005-01-01 00:00:00,2024-12-31 00:00:00,2022-01-01 00:00:00,0.847,0.833,0.851,0.826,0.957,0.917,40,445,8,7
2025-11-18 11:21:34,Italy_level_2_final,LightGBM,Month+3,0.42,2005-01-01 00:00:00,2024-12-31 00:00:00,2022-01-01 00:00:00,0.687,0.783,0.667,0.692,0.903,0.822,36,436,10,18
2025-11-18 11:21:34,Italy_level_2_final,LightGBM,Month+4,0.31,2005-01-01 00:00:00,2024-12-31 00:00:00,2022-01-01 00:00:00,0.646,0.667,0.642,0.614,0.827,0.802,34,430,17,19
2025-11-18 11:21:34,Italy_level_2_final,LightGBM,Month+5,0.2,2005-01-01 00:00:00,2024-12-31 00:00:00,2022-01-01 00:00:00,0.578,0.464,0.615,0.472,0.813,0.766,32,411,37,20
2025-11-18 11:21:34,Italy_level_2_final,LightGBM,Month+6,0.05,2005-01-01 00:00:00,2024-12-31 00:00:00,2022-01-01 00:00:00,0.532,0.25,0.74,0.324,0.812,0.747,37,339,111,13
2025-11-18 11:21:47,Italy_level_2_final,CatBoost,Month+1,0.89,2005-01-01 00:00:00,2024-12-31 00:00:00,2022-01-01 00:00:00,0.948,0.917,0.957,0.93,0.994,0.974,44,450,4,2
2025-11-18 11:21:47,Italy_level_2_final,CatBoost,Month+2,0.8,2005-01-01 00:00:00,2024-12-31 00:00:00,2022-01-01 00:00:00,0.847,0.833,0.851,0.826,0.957,0.917,40,445,8,7
2025-11-18 11:21:47,Italy_level_2_final,CatBoost,Month+3,0.8,2005-01-01 00:00:00,2024-12-31 00:00:00,2022-01-01 00:00:00,0.665,0.745,0.648,0.661,0.895,0.811,35,434,12,19
2025-11-18 11:21:47,Italy_level_2_final,CatBoost,Month+4,0.78,2005-01-01 00:00:00,2024-12-31 00:00:00,2022-01-01 00:00:00,0.62,0.696,0.604,0.61,0.833,0.786,32,433,14,21
2025-11-18 11:21:47,Italy_level_2_final,CatBoost,Month+5,0.37,2005-01-01 00:00:00,2024-12-31 00:00:00,2022-01-01 00:00:00,0.609,0.479,0.654,0.5,0.807,0.786,34,411,37,18
2025-11-18 11:21:47,Italy_level_2_final,CatBoost,Month+6,0.4,2005-01-01 00:00:00,2024-12-31 00:00:00,2022-01-01 00:00:00,0.564,0.413,0.62,0.439,0.797,0.761,31,406,44,19
2025-11-18 11:25:45,Italy_level_2_final,Ensemble (mean weight) top 3 models_TH_auto_not_equal_weight,Month+1,0.84,2005-01-01 00:00:00,2024-12-31 00:00:00,2022-01-01 00:00:00,0.948,0.917,0.957,0.93,0.995,0.974,44,450,4,2
2025-11-18 11:25:45,Italy_level_2_final,Ensemble (mean weight) top 3 models_TH_auto_not_equal_weight,Month+2,0.87,2005-01-01 00:00:00,2024-12-31 00:00:00,2022-01-01 00:00:00,0.851,0.851,0.851,0.836,0.967,0.918,40,446,7,7
2025-11-18 11:25:45,Italy_level_2_final,Ensemble (mean weight) top 3 models_TH_auto_not_equal_weight,Month+3,0.05,2005-01-01 00:00:00,2024-12-31 00:00:00,2022-01-01 00:00:00,0.661,0.376,0.815,0.477,0.904,0.826,44,373,73,10
2025-11-18 11:25:45,Italy_level_2_final,Ensemble (mean weight) top 3 models_TH_auto_not_equal_weight,Month+4,0.15,2005-01-01 00:00:00,2024-12-31 00:00:00,2022-01-01 00:00:00,0.641,0.574,0.66,0.566,0.826,0.801,35,421,26,18
2025-11-18 11:25:45,Italy_level_2_final,Ensemble (mean weight) top 3 models_TH_auto_not_equal_weight,Month+5,0.16,2005-01-01 00:00:00,2024-12-31 00:00:00,2022-01-01 00:00:00,0.515,0.228,0.75,0.293,0.808,0.728,39,316,132,13
2025-11-18 11:25:45,Italy_level_2_final,Ensemble (mean weight) top 3 models_TH_auto_not_equal_weight,Month+6,0.25,2005-01-01 00:00:00,2024-12-31 00:00:00,2022-01-01 00:00:00,0.556,0.429,0.6,0.442,0.792,0.756,30,410,40,20
2025-11-18 11:30:19,Italy_level_2_final,Ensemble (mean weight) top 4 models_TH_auto_not_equal_weight,Month+1,0.86,2005-01-01 00:00:00,2024-12-31 00:00:00,2022-01-01 00:00:00,0.948,0.917,0.957,0.93,0.995,0.974,44,450,4,2
2025-11-18 11:30:19,Italy_level_2_final,Ensemble (mean weight) top 4 models_TH_auto_not_equal_weight,Month+2,0.85,2005-01-01 00:00:00,2024-12-31 00:00:00,2022-01-01 00:00:00,0.851,0.851,0.851,0.836,0.964,0.918,40,446,7,7
2025-11-18 11:30:19,Italy_level_2_final,Ensemble (mean weight) top 4 models_TH_auto_not_equal_weight,Month+3,0.17,2005-01-01 00:00:00,2024-12-31 00:00:00,2022-01-01 00:00:00,0.674,0.706,0.667,0.649,0.901,0.817,36,431,15,18
2025-11-18 11:30:19,Italy_level_2_final,Ensemble (mean weight) top 4 models_TH_auto_not_equal_weight,Month+4,0.12,2005-01-01 00:00:00,2024-12-31 00:00:00,2022-01-01 00:00:00,0.604,0.336,0.755,0.418,0.838,0.789,40,368,79,13
2025-11-18 11:30:19,Italy_level_2_final,Ensemble (mean weight) top 4 models_TH_auto_not_equal_weight,Month+5,0.23,2005-01-01 00:00:00,2024-12-31 00:00:00,2022-01-01 00:00:00,0.551,0.267,0.75,0.343,0.807,0.756,39,341,107,13
2025-11-18 11:30:19,Italy_level_2_final,Ensemble (mean weight) top 4 models_TH_auto_not_equal_weight,Month+6,0.28,2005-01-01 00:00:00,2024-12-31 00:00:00,2022-01-01 00:00:00,0.538,0.293,0.68,0.354,0.787,0.749,34,368,82,16
2025-11-18 11:35:24,Italy_level_2_final,Ensemble (mean weight) top 5 models_TH_auto_not_equal_weight,Month+1,0.78,2005-01-01 00:00:00,2024-12-31 00:00:00,2022-01-01 00:00:00,0.948,0.917,0.957,0.93,0.996,0.974,44,450,4,2
2025-11-18 11:35:24,Italy_level_2_final,Ensemble (mean weight) top 5 models_TH_auto_not_equal_weight,Month+2,0.81,2005-01-01 00:00:00,2024-12-31 00:00:00,2022-01-01 00:00:00,0.847,0.833,0.851,0.826,0.969,0.917,40,445,8,7
2025-11-18 11:35:24,Italy_level_2_final,Ensemble (mean weight) top 5 models_TH_auto_not_equal_weight,Month+3,0.06,2005-01-01 00:00:00,2024-12-31 00:00:00,2022-01-01 00:00:00,0.698,0.467,0.796,0.55,0.912,0.843,43,397,49,11
2025-11-18 11:35:24,Italy_level_2_final,Ensemble (mean weight) top 5 models_TH_auto_not_equal_weight,Month+4,0.11,2005-01-01 00:00:00,2024-12-31 00:00:00,2022-01-01 00:00:00,0.601,0.318,0.774,0.406,0.842,0.788,41,359,88,12
2025-11-18 11:35:24,Italy_level_2_final,Ensemble (mean weight) top 5 models_TH_auto_not_equal_weight,Month+5,0.47,2005-01-01 00:00:00,2024-12-31 00:00:00,2022-01-01 00:00:00,0.573,0.644,0.558,0.557,0.799,0.761,29,432,16,23
2025-11-18 11:35:24,Italy_level_2_final,Ensemble (mean weight) top 5 models_TH_auto_not_equal_weight,Month+6,0.19,2005-01-01 00:00:00,2024-12-31 00:00:00,2022-01-01 00:00:00,0.543,0.245,0.78,0.331,0.785,0.757,39,330,120,11
2025-11-18 11:41:24,Italy_level_2_final,Ensemble (mean weight) top 6 models_TH_auto_not_equal_weight,Month+1,0.75,2005-01-01 00:00:00,2024-12-31 00:00:00,2022-01-01 00:00:00,0.948,0.917,0.957,0.93,0.996,0.974,44,450,4,2
2025-11-18 11:41:24,Italy_level_2_final,Ensemble (mean weight) top 6 models_TH_auto_not_equal_weight,Month+2,0.8,2005-01-01 00:00:00,2024-12-31 00:00:00,2022-01-01 00:00:00,0.833,0.848,0.83,0.822,0.967,0.907,39,446,7,8
2025-11-18 11:41:24,Italy_level_2_final,Ensemble (mean weight) top 6 models_TH_auto_not_equal_weight,Month+3,0.05,2005-01-01 00:00:00,2024-12-31 00:00:00,2022-01-01 00:00:00,0.656,0.331,0.87,0.452,0.911,0.829,47,351,95,7
2025-11-18 11:41:24,Italy_level_2_final,Ensemble (mean weight) top 6 models_TH_auto_not_equal_weight,Month+4,0.11,2005-01-01 00:00:00,2024-12-31 00:00:00,2022-01-01 00:00:00,0.556,0.246,0.811,0.333,0.856,0.758,43,315,132,10
2025-11-18 11:41:24,Italy_level_2_final,Ensemble (mean weight) top 6 models_TH_auto_not_equal_weight,Month+5,0.18,2005-01-01 00:00:00,2024-12-31 00:00:00,2022-01-01 00:00:00,0.623,0.444,0.692,0.49,0.815,0.796,36,403,45,16
2025-11-18 11:41:24,Italy_level_2_final,Ensemble (mean weight) top 6 models_TH_auto_not_equal_weight,Month+6,0.11,2005-01-01 00:00:00,2024-12-31 00:00:00,2022-01-01 00:00:00,0.465,0.178,0.78,0.23,0.797,0.69,39,270,180,11
2025-11-18 11:46:14,Italy_level_2_final,Ensemble (mean weight) top 7 models_TH_auto_not_equal_weight,Month+1,0.68,2005-01-01 00:00:00,2024-12-31 00:00:00,2022-01-01 00:00:00,0.948,0.917,0.957,0.93,0.995,0.974,44,450,4,2
2025-11-18 11:46:14,Italy_level_2_final,Ensemble (mean weight) top 7 models_TH_auto_not_equal_weight,Month+2,0.77,2005-01-01 00:00:00,2024-12-31 00:00:00,2022-01-01 00:00:00,0.847,0.833,0.851,0.826,0.967,0.917,40,445,8,7
2025-11-18 11:46:14,Italy_level_2_final,Ensemble (mean weight) top 7 models_TH_auto_not_equal_weight,Month+3,0.06,2005-01-01 00:00:00,2024-12-31 00:00:00,2022-01-01 00:00:00,0.679,0.407,0.815,0.506,0.912,0.836,44,382,64,10
2025-11-18 11:46:14,Italy_level_2_final,Ensemble (mean weight) top 7 models_TH_auto_not_equal_weight,Month+4,0.11,2005-01-01 00:00:00,2024-12-31 00:00:00,2022-01-01 00:00:00,0.6,0.304,0.792,0.398,0.856,0.789,42,351,96,11
2025-11-18 11:46:14,Italy_level_2_final,Ensemble (mean weight) top 7 models_TH_auto_not_equal_weight,Month+5,0.17,2005-01-01 00:00:00,2024-12-31 00:00:00,2022-01-01 00:00:00,0.623,0.653,0.615,0.593,0.816,0.789,32,431,17,20
2025-11-18 11:46:14,Italy_level_2_final,Ensemble (mean weight) top 7 models_TH_auto_not_equal_weight,Month+6,0.08,2005-01-01 00:00:00,2024-12-31 00:00:00,2022-01-01 00:00:00,0.5,0.2,0.8,0.272,0.805,0.722,40,290,160,10
2025-11-18 11:51:46,Italy_level_2_final,Ensemble (mean weight) top 8 models_TH_auto_not_equal_weight,Month+1,0.65,2005-01-01 00:00:00,2024-12-31 00:00:00,2022-01-01 00:00:00,0.948,0.917,0.957,0.93,0.995,0.974,44,450,4,2
2025-11-18 11:51:46,Italy_level_2_final,Ensemble (mean weight) top 8 models_TH_auto_not_equal_weight,Month+2,0.74,2005-01-01 00:00:00,2024-12-31 00:00:00,2022-01-01 00:00:00,0.847,0.833,0.851,0.826,0.962,0.917,40,445,8,7
2025-11-18 11:51:46,Italy_level_2_final,Ensemble (mean weight) top 8 models_TH_auto_not_equal_weight,Month+3,0.05,2005-01-01 00:00:00,2024-12-31 00:00:00,2022-01-01 00:00:00,0.542,0.204,0.926,0.303,0.904,0.744,50,251,195,4
2025-11-18 11:51:46,Italy_level_2_final,Ensemble (mean weight) top 8 models_TH_auto_not_equal_weight,Month+4,0.08,2005-01-01 00:00:00,2024-12-31 00:00:00,2022-01-01 00:00:00,0.574,0.273,0.792,0.361,0.842,0.771,42,335,112,11
2025-11-18 11:51:46,Italy_level_2_final,Ensemble (mean weight) top 8 models_TH_auto_not_equal_weight,Month+5,0.2,2005-01-01 00:00:00,2024-12-31 00:00:00,2022-01-01 00:00:00,0.603,0.459,0.654,0.485,0.819,0.782,34,408,40,18
2025-11-18 11:51:46,Italy_level_2_final,Ensemble (mean weight) top 8 models_TH_auto_not_equal_weight,Month+6,0.1,2005-01-01 00:00:00,2024-12-31 00:00:00,2022-01-01 00:00:00,0.541,0.298,0.68,0.359,0.794,0.751,34,370,80,16
2025-11-18 11:54:00,Italy_level_2_final,Ensemble (mean weight) top 3 model_TH_0.5_equal_weights,Month+1,0.5,2005-01-01 00:00:00,2024-12-31 00:00:00,2022-01-01 00:00:00,0.948,0.917,0.957,0.93,0.995,0.974,44,450,4,2
2025-11-18 11:54:00,Italy_level_2_final,Ensemble (mean weight) top 3 model_TH_0.5_equal_weights,Month+2,0.5,2005-01-01 00:00:00,2024-12-31 00:00:00,2022-01-01 00:00:00,0.847,0.833,0.851,0.826,0.965,0.917,40,445,8,7
2025-11-18 11:54:00,Italy_level_2_final,Ensemble (mean weight) top 3 model_TH_0.5_equal_weights,Month+3,0.5,2005-01-01 00:00:00,2024-12-31 00:00:00,2022-01-01 00:00:00,0.682,0.75,0.667,0.674,0.903,0.82,36,434,12,18
2025-11-18 11:54:00,Italy_level_2_final,Ensemble (mean weight) top 3 model_TH_0.5_equal_weights,Month+4,0.5,2005-01-01 00:00:00,2024-12-31 00:00:00,2022-01-01 00:00:00,0.635,0.688,0.623,0.616,0.839,0.795,33,432,15,20
2025-11-18 11:54:00,Italy_level_2_final,Ensemble (mean weight) top 3 model_TH_0.5_equal_weights,Month+5,0.5,2005-01-01 00:00:00,2024-12-31 00:00:00,2022-01-01 00:00:00,0.618,0.627,0.615,0.578,0.807,0.786,32,429,19,20
2025-11-18 11:54:00,Italy_level_2_final,Ensemble (mean weight) top 3 model_TH_0.5_equal_weights,Month+6,0.5,2005-01-01 00:00:00,2024-12-31 00:00:00,2022-01-01 00:00:00,0.581,0.517,0.6,0.504,0.794,0.769,30,422,28,20
2025-11-18 11:58:27,Italy_level_2_final,Ensemble (mean weight) top 4 model_TH_0.5_equal_weights,Month+1,0.5,2005-01-01 00:00:00,2024-12-31 00:00:00,2022-01-01 00:00:00,0.94,0.88,0.957,0.909,0.996,0.972,44,448,6,2
2025-11-18 11:58:27,Italy_level_2_final,Ensemble (mean weight) top 4 model_TH_0.5_equal_weights,Month+2,0.5,2005-01-01 00:00:00,2024-12-31 00:00:00,2022-01-01 00:00:00,0.84,0.8,0.851,0.806,0.962,0.914,40,443,10,7
2025-11-18 11:58:27,Italy_level_2_final,Ensemble (mean weight) top 4 model_TH_0.5_equal_weights,Month+3,0.5,2005-01-01 00:00:00,2024-12-31 00:00:00,2022-01-01 00:00:00,0.677,0.72,0.667,0.657,0.9,0.818,36,432,14,18
2025-11-18 11:58:27,Italy_level_2_final,Ensemble (mean weight) top 4 model_TH_0.5_equal_weights,Month+4,0.5,2005-01-01 00:00:00,2024-12-31 00:00:00,2022-01-01 00:00:00,0.646,0.667,0.642,0.614,0.843,0.802,34,430,17,19
2025-11-18 11:58:27,Italy_level_2_final,Ensemble (mean weight) top 4 model_TH_0.5_equal_weights,Month+5,0.5,2005-01-01 00:00:00,2024-12-31 00:00:00,2022-01-01 00:00:00,0.63,0.611,0.635,0.578,0.81,0.794,33,427,21,19
2025-11-18 11:58:27,Italy_level_2_final,Ensemble (mean weight) top 4 model_TH_0.5_equal_weights,Month+6,0.5,2005-01-01 00:00:00,2024-12-31 00:00:00,2022-01-01 00:00:00,0.57,0.476,0.6,0.476,0.797,0.763,30,417,33,20
2025-11-18 12:02:34,Italy_level_2_final,Ensemble (mean weight) top 5 model_TH_0.5_equal_weights,Month+1,0.5,2005-01-01 00:00:00,2024-12-31 00:00:00,2022-01-01 00:00:00,0.936,0.863,0.957,0.899,0.996,0.971,44,447,7,2
2025-11-18 12:02:34,Italy_level_2_final,Ensemble (mean weight) top 5 model_TH_0.5_equal_weights,Month+2,0.5,2005-01-01 00:00:00,2024-12-31 00:00:00,2022-01-01 00:00:00,0.819,0.78,0.83,0.784,0.957,0.903,39,442,11,8
2025-11-18 12:02:34,Italy_level_2_final,Ensemble (mean weight) top 5 model_TH_0.5_equal_weights,Month+3,0.5,2005-01-01 00:00:00,2024-12-31 00:00:00,2022-01-01 00:00:00,0.658,0.7,0.648,0.636,0.894,0.807,35,431,15,19
2025-11-18 12:02:34,Italy_level_2_final,Ensemble (mean weight) top 5 model_TH_0.5_equal_weights,Month+4,0.5,2005-01-01 00:00:00,2024-12-31 00:00:00,2022-01-01 00:00:00,0.646,0.667,0.642,0.614,0.843,0.802,34,430,17,19
2025-11-18 12:02:34,Italy_level_2_final,Ensemble (mean weight) top 5 model_TH_0.5_equal_weights,Month+5,0.5,2005-01-01 00:00:00,2024-12-31 00:00:00,2022-01-01 00:00:00,0.618,0.627,0.615,0.578,0.807,0.786,32,429,19,20
2025-11-18 12:02:34,Italy_level_2_final,Ensemble (mean weight) top 5 model_TH_0.5_equal_weights,Month+6,0.5,2005-01-01 00:00:00,2024-12-31 00:00:00,2022-01-01 00:00:00,0.578,0.569,0.58,0.526,0.796,0.766,29,428,22,21
2025-11-18 12:06:40,Italy_level_2_final,Ensemble (mean weight) top 6 model_TH_0.5_equal_weights,Month+1,0.5,2005-01-01 00:00:00,2024-12-31 00:00:00,2022-01-01 00:00:00,0.948,0.917,0.957,0.93,0.995,0.974,44,450,4,2
2025-11-18 12:06:40,Italy_level_2_final,Ensemble (mean weight) top 6 model_TH_0.5_equal_weights,Month+2,0.5,2005-01-01 00:00:00,2024-12-31 00:00:00,2022-01-01 00:00:00,0.847,0.833,0.851,0.826,0.961,0.917,40,445,8,7
2025-11-18 12:06:40,Italy_level_2_final,Ensemble (mean weight) top 6 model_TH_0.5_equal_weights,Month+3,0.5,2005-01-01 00:00:00,2024-12-31 00:00:00,2022-01-01 00:00:00,0.682,0.75,0.667,0.674,0.9,0.82,36,434,12,18
2025-11-18 12:06:40,Italy_level_2_final,Ensemble (mean weight) top 6 model_TH_0.5_equal_weights,Month+4,0.5,2005-01-01 00:00:00,2024-12-31 00:00:00,2022-01-01 00:00:00,0.635,0.688,0.623,0.616,0.838,0.795,33,432,15,20
2025-11-18 12:06:40,Italy_level_2_final,Ensemble (mean weight) top 6 model_TH_0.5_equal_weights,Month+5,0.5,2005-01-01 00:00:00,2024-12-31 00:00:00,2022-01-01 00:00:00,0.623,0.653,0.615,0.593,0.811,0.789,32,431,17,20
2025-11-18 12:06:40,Italy_level_2_final,Ensemble (mean weight) top 6 model_TH_0.5_equal_weights,Month+6,0.5,2005-01-01 00:00:00,2024-12-31 00:00:00,2022-01-01 00:00:00,0.585,0.604,0.58,0.548,0.803,0.769,29,431,19,21
2025-11-18 12:11:35,Italy_level_2_final,Ensemble (mean weight) top 7 model_TH_0.5_equal_weights,Month+1,0.5,2005-01-01 00:00:00,2024-12-31 00:00:00,2022-01-01 00:00:00,0.948,0.917,0.957,0.93,0.995,0.974,44,450,4,2
2025-11-18 12:11:35,Italy_level_2_final,Ensemble (mean weight) top 7 model_TH_0.5_equal_weights,Month+2,0.5,2005-01-01 00:00:00,2024-12-31 00:00:00,2022-01-01 00:00:00,0.847,0.833,0.851,0.826,0.961,0.917,40,445,8,7
2025-11-18 12:11:35,Italy_level_2_final,Ensemble (mean weight) top 7 model_TH_0.5_equal_weights,Month+3,0.5,2005-01-01 00:00:00,2024-12-31 00:00:00,2022-01-01 00:00:00,0.682,0.75,0.667,0.674,0.899,0.82,36,434,12,18
2025-11-18 12:11:35,Italy_level_2_final,Ensemble (mean weight) top 7 model_TH_0.5_equal_weights,Month+4,0.5,2005-01-01 00:00:00,2024-12-31 00:00:00,2022-01-01 00:00:00,0.635,0.688,0.623,0.616,0.837,0.795,33,432,15,20
2025-11-18 12:11:35,Italy_level_2_final,Ensemble (mean weight) top 7 model_TH_0.5_equal_weights,Month+5,0.5,2005-01-01 00:00:00,2024-12-31 00:00:00,2022-01-01 00:00:00,0.605,0.646,0.596,0.578,0.81,0.779,31,431,17,21
2025-11-18 12:11:35,Italy_level_2_final,Ensemble (mean weight) top 7 model_TH_0.5_equal_weights,Month+6,0.5,2005-01-01 00:00:00,2024-12-31 00:00:00,2022-01-01 00:00:00,0.587,0.617,0.58,0.555,0.801,0.77,29,432,18,21
2025-11-18 12:16:48,Italy_level_2_final,Ensemble (mean weight) top 8 model_TH_0.5_equal_weights,Month+1,0.5,2005-01-01 00:00:00,2024-12-31 00:00:00,2022-01-01 00:00:00,0.948,0.917,0.957,0.93,0.996,0.974,44,450,4,2
2025-11-18 12:16:48,Italy_level_2_final,Ensemble (mean weight) top 8 model_TH_0.5_equal_weights,Month+2,0.5,2005-01-01 00:00:00,2024-12-31 00:00:00,2022-01-01 00:00:00,0.847,0.833,0.851,0.826,0.964,0.917,40,445,8,7
2025-11-18 12:16:48,Italy_level_2_final,Ensemble (mean weight) top 8 model_TH_0.5_equal_weights,Month+3,0.5,2005-01-01 00:00:00,2024-12-31 00:00:00,2022-01-01 00:00:00,0.682,0.75,0.667,0.674,0.902,0.82,36,434,12,18
2025-11-18 12:16:48,Italy_level_2_final,Ensemble (mean weight) top 8 model_TH_0.5_equal_weights,Month+4,0.5,2005-01-01 00:00:00,2024-12-31 00:00:00,2022-01-01 00:00:00,0.635,0.688,0.623,0.616,0.837,0.795,33,432,15,20
2025-11-18 12:16:48,Italy_level_2_final,Ensemble (mean weight) top 8 model_TH_0.5_equal_weights,Month+5,0.5,2005-01-01 00:00:00,2024-12-31 00:00:00,2022-01-01 00:00:00,0.605,0.646,0.596,0.578,0.81,0.779,31,431,17,21
2025-11-18 12:16:48,Italy_level_2_final,Ensemble (mean weight) top 8 model_TH_0.5_equal_weights,Month+6,0.5,2005-01-01 00:00:00,2024-12-31 00:00:00,2022-01-01 00:00:00,0.587,0.617,0.58,0.555,0.801,0.77,29,432,18,21
2025-11-18 12:22:15,Italy_level_2_final,Ensemble (mean weight) top 3 models_TH_auto_equal_weight,Month+1,0.84,2005-01-01 00:00:00,2024-12-31 00:00:00,2022-01-01 00:00:00,0.948,0.917,0.957,0.93,0.995,0.974,44,450,4,2
2025-11-18 12:22:15,Italy_level_2_final,Ensemble (mean weight) top 3 models_TH_auto_equal_weight,Month+2,0.87,2005-01-01 00:00:00,2024-12-31 00:00:00,2022-01-01 00:00:00,0.851,0.851,0.851,0.836,0.966,0.918,40,446,7,7
2025-11-18 12:22:15,Italy_level_2_final,Ensemble (mean weight) top 3 models_TH_auto_equal_weight,Month+3,0.05,2005-01-01 00:00:00,2024-12-31 00:00:00,2022-01-01 00:00:00,0.695,0.4,0.852,0.514,0.901,0.849,46,377,69,8
2025-11-18 12:22:15,Italy_level_2_final,Ensemble (mean weight) top 3 models_TH_auto_equal_weight,Month+4,0.15,2005-01-01 00:00:00,2024-12-31 00:00:00,2022-01-01 00:00:00,0.653,0.481,0.717,0.528,0.83,0.813,38,406,41,15
2025-11-18 12:22:15,Italy_level_2_final,Ensemble (mean weight) top 3 models_TH_auto_equal_weight,Month+5,0.16,2005-01-01 00:00:00,2024-12-31 00:00:00,2022-01-01 00:00:00,0.586,0.364,0.692,0.423,0.807,0.776,36,385,63,16
2025-11-18 12:22:15,Italy_level_2_final,Ensemble (mean weight) top 3 models_TH_auto_equal_weight,Month+6,0.25,2005-01-01 00:00:00,2024-12-31 00:00:00,2022-01-01 00:00:00,0.569,0.395,0.64,0.432,0.794,0.766,32,401,49,18
2025-11-18 12:28:15,Italy_level_2_final,Ensemble (mean weight) top 4 models_TH_auto_equal_weight,Month+1,0.86,2005-01-01 00:00:00,2024-12-31 00:00:00,2022-01-01 00:00:00,0.948,0.917,0.957,0.93,0.995,0.974,44,450,4,2
2025-11-18 12:28:15,Italy_level_2_final,Ensemble (mean weight) top 4 models_TH_auto_equal_weight,Month+2,0.85,2005-01-01 00:00:00,2024-12-31 00:00:00,2022-01-01 00:00:00,0.847,0.833,0.851,0.826,0.965,0.917,40,445,8,7
2025-11-18 12:28:15,Italy_level_2_final,Ensemble (mean weight) top 4 models_TH_auto_equal_weight,Month+3,0.17,2005-01-01 00:00:00,2024-12-31 00:00:00,2022-01-01 00:00:00,0.699,0.619,0.722,0.625,0.901,0.834,39,422,24,15
2025-11-18 12:28:15,Italy_level_2_final,Ensemble (mean weight) top 4 models_TH_auto_equal_weight,Month+4,0.12,2005-01-01 00:00:00,2024-12-31 00:00:00,2022-01-01 00:00:00,0.573,0.292,0.755,0.371,0.836,0.769,40,350,97,13
2025-11-18 12:28:15,Italy_level_2_final,Ensemble (mean weight) top 4 models_TH_auto_equal_weight,Month+5,0.23,2005-01-01 00:00:00,2024-12-31 00:00:00,2022-01-01 00:00:00,0.61,0.414,0.692,0.466,0.806,0.789,36,397,51,16
2025-11-18 12:28:15,Italy_level_2_final,Ensemble (mean weight) top 4 models_TH_auto_equal_weight,Month+6,0.28,2005-01-01 00:00:00,2024-12-31 00:00:00,2022-01-01 00:00:00,0.575,0.379,0.66,0.427,0.792,0.77,33,396,54,17
2025-11-18 12:34:09,Italy_level_2_final,Ensemble (mean weight) top 5 models_TH_auto_equal_weight,Month+1,0.78,2005-01-01 00:00:00,2024-12-31 00:00:00,2022-01-01 00:00:00,0.948,0.917,0.957,0.93,0.996,0.974,44,450,4,2
2025-11-18 12:34:09,Italy_level_2_final,Ensemble (mean weight) top 5 models_TH_auto_equal_weight,Month+2,0.81,2005-01-01 00:00:00,2024-12-31 00:00:00,2022-01-01 00:00:00,0.847,0.833,0.851,0.826,0.967,0.917,40,445,8,7
2025-11-18 12:34:09,Italy_level_2_final,Ensemble (mean weight) top 5 models_TH_auto_equal_weight,Month+3,0.06,2005-01-01 00:00:00,2024-12-31 00:00:00,2022-01-01 00:00:00,0.68,0.377,0.852,0.492,0.905,0.841,46,370,76,8
2025-11-18 12:34:09,Italy_level_2_final,Ensemble (mean weight) top 5 models_TH_auto_equal_weight,Month+4,0.11,2005-01-01 00:00:00,2024-12-31 00:00:00,2022-01-01 00:00:00,0.604,0.336,0.755,0.418,0.836,0.789,40,368,79,13
2025-11-18 12:34:09,Italy_level_2_final,Ensemble (mean weight) top 5 models_TH_auto_equal_weight,Month+5,0.47,2005-01-01 00:00:00,2024-12-31 00:00:00,2022-01-01 00:00:00,0.591,0.652,0.577,0.572,0.805,0.771,30,432,16,22
2025-11-18 12:34:09,Italy_level_2_final,Ensemble (mean weight) top 5 models_TH_auto_equal_weight,Month+6,0.19,2005-01-01 00:00:00,2024-12-31 00:00:00,2022-01-01 00:00:00,0.55,0.312,0.68,0.373,0.793,0.757,34,375,75,16
2025-11-18 12:38:46,Italy_level_2_final,Ensemble (mean weight) top 6 models_TH_auto_equal_weight,Month+1,0.75,2005-01-01 00:00:00,2024-12-31 00:00:00,2022-01-01 00:00:00,0.948,0.917,0.957,0.93,0.996,0.974,44,450,4,2
2025-11-18 12:38:46,Italy_level_2_final,Ensemble (mean weight) top 6 models_TH_auto_equal_weight,Month+2,0.8,2005-01-01 00:00:00,2024-12-31 00:00:00,2022-01-01 00:00:00,0.847,0.833,0.851,0.826,0.967,0.917,40,445,8,7
2025-11-18 12:38:46,Italy_level_2_final,Ensemble (mean weight) top 6 models_TH_auto_equal_weight,Month+3,0.05,2005-01-01 00:00:00,2024-12-31 00:00:00,2022-01-01 00:00:00,0.646,0.318,0.87,0.438,0.908,0.822,47,345,101,7
2025-11-18 12:38:46,Italy_level_2_final,Ensemble (mean weight) top 6 models_TH_auto_equal_weight,Month+4,0.11,2005-01-01 00:00:00,2024-12-31 00:00:00,2022-01-01 00:00:00,0.606,0.339,0.755,0.421,0.845,0.79,40,369,78,13
2025-11-18 12:38:46,Italy_level_2_final,Ensemble (mean weight) top 6 models_TH_auto_equal_weight,Month+5,0.18,2005-01-01 00:00:00,2024-12-31 00:00:00,2022-01-01 00:00:00,0.608,0.409,0.692,0.462,0.811,0.788,36,396,52,16
2025-11-18 12:38:46,Italy_level_2_final,Ensemble (mean weight) top 6 models_TH_auto_equal_weight,Month+6,0.11,2005-01-01 00:00:00,2024-12-31 00:00:00,2022-01-01 00:00:00,0.526,0.228,0.78,0.308,0.794,0.743,39,318,132,11
2025-11-18 12:43:58,Italy_level_2_final,Ensemble (mean weight) top 7 models_TH_auto_equal_weight,Month+1,0.68,2005-01-01 00:00:00,2024-12-31 00:00:00,2022-01-01 00:00:00,0.948,0.917,0.957,0.93,0.995,0.974,44,450,4,2
2025-11-18 12:43:58,Italy_level_2_final,Ensemble (mean weight) top 7 models_TH_auto_equal_weight,Month+2,0.77,2005-01-01 00:00:00,2024-12-31 00:00:00,2022-01-01 00:00:00,0.847,0.833,0.851,0.826,0.967,0.917,40,445,8,7
2025-11-18 12:43:58,Italy_level_2_final,Ensemble (mean weight) top 7 models_TH_auto_equal_weight,Month+3,0.06,2005-01-01 00:00:00,2024-12-31 00:00:00,2022-01-01 00:00:00,0.701,0.429,0.833,0.533,0.908,0.849,45,386,60,9
2025-11-18 12:43:58,Italy_level_2_final,Ensemble (mean weight) top 7 models_TH_auto_equal_weight,Month+4,0.11,2005-01-01 00:00:00,2024-12-31 00:00:00,2022-01-01 00:00:00,0.625,0.413,0.717,0.474,0.841,0.798,38,393,54,15
2025-11-18 12:43:58,Italy_level_2_final,Ensemble (mean weight) top 7 models_TH_auto_equal_weight,Month+5,0.17,2005-01-01 00:00:00,2024-12-31 00:00:00,2022-01-01 00:00:00,0.625,0.45,0.692,0.495,0.813,0.797,36,404,44,16
2025-11-18 12:43:58,Italy_level_2_final,Ensemble (mean weight) top 7 models_TH_auto_equal_weight,Month+6,0.08,2005-01-01 00:00:00,2024-12-31 00:00:00,2022-01-01 00:00:00,0.51,0.214,0.78,0.288,0.798,0.731,39,307,143,11
2025-11-18 12:50:31,Italy_level_2_final,Ensemble (mean weight) top 8 models_TH_auto_equal_weight,Month+1,0.65,2005-01-01 00:00:00,2024-12-31 00:00:00,2022-01-01 00:00:00,0.948,0.917,0.957,0.93,0.995,0.974,44,450,4,2
2025-11-18 12:50:31,Italy_level_2_final,Ensemble (mean weight) top 8 models_TH_auto_equal_weight,Month+2,0.74,2005-01-01 00:00:00,2024-12-31 00:00:00,2022-01-01 00:00:00,0.847,0.833,0.851,0.826,0.962,0.917,40,445,8,7
2025-11-18 12:50:31,Italy_level_2_final,Ensemble (mean weight) top 8 models_TH_auto_equal_weight,Month+3,0.05,2005-01-01 00:00:00,2024-12-31 00:00:00,2022-01-01 00:00:00,0.699,0.392,0.87,0.514,0.908,0.853,47,373,73,7
2025-11-18 12:50:31,Italy_level_2_final,Ensemble (mean weight) top 8 models_TH_auto_equal_weight,Month+4,0.08,2005-01-01 00:00:00,2024-12-31 00:00:00,2022-01-01 00:00:00,0.593,0.32,0.755,0.401,0.844,0.782,40,362,85,13
2025-11-18 12:50:31,Italy_level_2_final,Ensemble (mean weight) top 8 models_TH_auto_equal_weight,Month+5,0.2,2005-01-01 00:00:00,2024-12-31 00:00:00,2022-01-01 00:00:00,0.605,0.466,0.654,0.49,0.812,0.783,34,409,39,18
2025-11-18 12:50:31,Italy_level_2_final,Ensemble (mean weight) top 8 models_TH_auto_equal_weight,Month+6,0.1,2005-01-01 00:00:00,2024-12-31 00:00:00,2022-01-01 00:00:00,0.532,0.242,0.76,0.32,0.796,0.748,38,331,119,12
2025-11-18 12:53:10,Italy_level_2_final,Ensemble (mean weight) top 3 models_TH_0.5_not_equal_weight,Month+1,0.5,2005-01-01 00:00:00,2024-12-31 00:00:00,2022-01-01 00:00:00,0.948,0.917,0.957,0.93,0.995,0.974,44,450,4,2
2025-11-18 12:53:10,Italy_level_2_final,Ensemble (mean weight) top 3 models_TH_0.5_not_equal_weight,Month+2,0.5,2005-01-01 00:00:00,2024-12-31 00:00:00,2022-01-01 00:00:00,0.847,0.833,0.851,0.826,0.965,0.917,40,445,8,7
2025-11-18 12:53:10,Italy_level_2_final,Ensemble (mean weight) top 3 models_TH_0.5_not_equal_weight,Month+3,0.5,2005-01-01 00:00:00,2024-12-31 00:00:00,2022-01-01 00:00:00,0.682,0.75,0.667,0.674,0.903,0.82,36,434,12,18
2025-11-18 12:53:10,Italy_level_2_final,Ensemble (mean weight) top 3 models_TH_0.5_not_equal_weight,Month+4,0.5,2005-01-01 00:00:00,2024-12-31 00:00:00,2022-01-01 00:00:00,0.635,0.688,0.623,0.616,0.833,0.795,33,432,15,20
2025-11-18 12:53:10,Italy_level_2_final,Ensemble (mean weight) top 3 models_TH_0.5_not_equal_weight,Month+5,0.5,2005-01-01 00:00:00,2024-12-31 00:00:00,2022-01-01 00:00:00,0.606,0.571,0.615,0.544,0.806,0.781,32,424,24,20
2025-11-18 12:53:10,Italy_level_2_final,Ensemble (mean weight) top 3 models_TH_0.5_not_equal_weight,Month+6,0.5,2005-01-01 00:00:00,2024-12-31 00:00:00,2022-01-01 00:00:00,0.556,0.538,0.56,0.498,0.799,0.753,28,426,24,22
2025-11-18 12:57:10,Italy_level_2_final,Ensemble (mean weight) top 4 models_TH_0.5_not_equal_weight,Month+1,0.5,2005-01-01 00:00:00,2024-12-31 00:00:00,2022-01-01 00:00:00,0.94,0.88,0.957,0.909,0.996,0.972,44,448,6,2
2025-11-18 12:57:10,Italy_level_2_final,Ensemble (mean weight) top 4 models_TH_0.5_not_equal_weight,Month+2,0.5,2005-01-01 00:00:00,2024-12-31 00:00:00,2022-01-01 00:00:00,0.84,0.8,0.851,0.806,0.962,0.914,40,443,10,7
2025-11-18 12:57:10,Italy_level_2_final,Ensemble (mean weight) top 4 models_TH_0.5_not_equal_weight,Month+3,0.5,2005-01-01 00:00:00,2024-12-31 00:00:00,2022-01-01 00:00:00,0.682,0.75,0.667,0.674,0.906,0.82,36,434,12,18
2025-11-18 12:57:10,Italy_level_2_final,Ensemble (mean weight) top 4 models_TH_0.5_not_equal_weight,Month+4,0.5,2005-01-01 00:00:00,2024-12-31 00:00:00,2022-01-01 00:00:00,0.635,0.688,0.623,0.616,0.836,0.795,33,432,15,20
2025-11-18 12:57:10,Italy_level_2_final,Ensemble (mean weight) top 4 models_TH_0.5_not_equal_weight,Month+5,0.5,2005-01-01 00:00:00,2024-12-31 00:00:00,2022-01-01 00:00:00,0.63,0.611,0.635,0.578,0.809,0.794,33,427,21,19
2025-11-18 12:57:10,Italy_level_2_final,Ensemble (mean weight) top 4 models_TH_0.5_not_equal_weight,Month+6,0.5,2005-01-01 00:00:00,2024-12-31 00:00:00,2022-01-01 00:00:00,0.584,0.526,0.6,0.51,0.799,0.77,30,423,27,20
2025-11-18 13:00:57,Italy_level_2_final,Ensemble (mean weight) top 5 models_TH_0.5_not_equal_weight,Month+1,0.5,2005-01-01 00:00:00,2024-12-31 00:00:00,2022-01-01 00:00:00,0.919,0.86,0.935,0.886,0.995,0.96,43,447,7,3
2025-11-18 13:00:57,Italy_level_2_final,Ensemble (mean weight) top 5 models_TH_0.5_not_equal_weight,Month+2,0.5,2005-01-01 00:00:00,2024-12-31 00:00:00,2022-01-01 00:00:00,0.819,0.78,0.83,0.784,0.947,0.903,39,442,11,8
2025-11-18 13:00:57,Italy_level_2_final,Ensemble (mean weight) top 5 models_TH_0.5_not_equal_weight,Month+3,0.5,2005-01-01 00:00:00,2024-12-31 00:00:00,2022-01-01 00:00:00,0.677,0.72,0.667,0.657,0.898,0.818,36,432,14,18
2025-11-18 13:00:57,Italy_level_2_final,Ensemble (mean weight) top 5 models_TH_0.5_not_equal_weight,Month+4,0.5,2005-01-01 00:00:00,2024-12-31 00:00:00,2022-01-01 00:00:00,0.618,0.681,0.604,0.601,0.839,0.785,32,432,15,21
2025-11-18 13:00:57,Italy_level_2_final,Ensemble (mean weight) top 5 models_TH_0.5_not_equal_weight,Month+5,0.5,2005-01-01 00:00:00,2024-12-31 00:00:00,2022-01-01 00:00:00,0.613,0.604,0.615,0.564,0.81,0.784,32,427,21,20
2025-11-18 13:00:57,Italy_level_2_final,Ensemble (mean weight) top 5 models_TH_0.5_not_equal_weight,Month+6,0.5,2005-01-01 00:00:00,2024-12-31 00:00:00,2022-01-01 00:00:00,0.582,0.592,0.58,0.54,0.797,0.768,29,430,20,21
2025-11-18 13:05:40,Italy_level_2_final,Ensemble (mean weight) top 6 models_TH_0.5_not_equal_weight,Month+1,0.5,2005-01-01 00:00:00,2024-12-31 00:00:00,2022-01-01 00:00:00,0.948,0.917,0.957,0.93,0.995,0.974,44,450,4,2
2025-11-18 13:05:40,Italy_level_2_final,Ensemble (mean weight) top 6 models_TH_0.5_not_equal_weight,Month+2,0.5,2005-01-01 00:00:00,2024-12-31 00:00:00,2022-01-01 00:00:00,0.847,0.833,0.851,0.826,0.96,0.917,40,445,8,7
2025-11-18 13:05:40,Italy_level_2_final,Ensemble (mean weight) top 6 models_TH_0.5_not_equal_weight,Month+3,0.5,2005-01-01 00:00:00,2024-12-31 00:00:00,2022-01-01 00:00:00,0.679,0.735,0.667,0.666,0.902,0.819,36,433,13,18
2025-11-18 13:05:40,Italy_level_2_final,Ensemble (mean weight) top 6 models_TH_0.5_not_equal_weight,Month+4,0.5,2005-01-01 00:00:00,2024-12-31 00:00:00,2022-01-01 00:00:00,0.62,0.696,0.604,0.61,0.835,0.786,32,433,14,21
2025-11-18 13:05:40,Italy_level_2_final,Ensemble (mean weight) top 6 models_TH_0.5_not_equal_weight,Month+5,0.5,2005-01-01 00:00:00,2024-12-31 00:00:00,2022-01-01 00:00:00,0.623,0.653,0.615,0.593,0.814,0.789,32,431,17,20
2025-11-18 13:05:40,Italy_level_2_final,Ensemble (mean weight) top 6 models_TH_0.5_not_equal_weight,Month+6,0.5,2005-01-01 00:00:00,2024-12-31 00:00:00,2022-01-01 00:00:00,0.565,0.583,0.56,0.525,0.805,0.758,28,430,20,22
2025-11-18 13:09:58,Italy_level_2_final,Ensemble (mean weight) top 7 models_TH_0.5_not_equal_weight,Month+1,0.5,2005-01-01 00:00:00,2024-12-31 00:00:00,2022-01-01 00:00:00,0.948,0.917,0.957,0.93,0.995,0.974,44,450,4,2
2025-11-18 13:09:58,Italy_level_2_final,Ensemble (mean weight) top 7 models_TH_0.5_not_equal_weight,Month+2,0.5,2005-01-01 00:00:00,2024-12-31 00:00:00,2022-01-01 00:00:00,0.847,0.833,0.851,0.826,0.962,0.917,40,445,8,7
2025-11-18 13:09:58,Italy_level_2_final,Ensemble (mean weight) top 7 models_TH_0.5_not_equal_weight,Month+3,0.5,2005-01-01 00:00:00,2024-12-31 00:00:00,2022-01-01 00:00:00,0.682,0.75,0.667,0.674,0.901,0.82,36,434,12,18
2025-11-18 13:09:58,Italy_level_2_final,Ensemble (mean weight) top 7 models_TH_0.5_not_equal_weight,Month+4,0.5,2005-01-01 00:00:00,2024-12-31 00:00:00,2022-01-01 00:00:00,0.635,0.688,0.623,0.616,0.839,0.795,33,432,15,20
2025-11-18 13:09:58,Italy_level_2_final,Ensemble (mean weight) top 7 models_TH_0.5_not_equal_weight,Month+5,0.5,2005-01-01 00:00:00,2024-12-31 00:00:00,2022-01-01 00:00:00,0.605,0.646,0.596,0.578,0.808,0.779,31,431,17,21
2025-11-18 13:09:58,Italy_level_2_final,Ensemble (mean weight) top 7 models_TH_0.5_not_equal_weight,Month+6,0.5,2005-01-01 00:00:00,2024-12-31 00:00:00,2022-01-01 00:00:00,0.598,0.588,0.6,0.548,0.793,0.777,30,429,21,20
2025-11-18 13:14:42,Italy_level_2_final,Ensemble (mean weight) top 8 models_TH_0.5_not_equal_weight,Month+1,0.5,2005-01-01 00:00:00,2024-12-31 00:00:00,2022-01-01 00:00:00,0.936,0.863,0.957,0.899,0.995,0.971,44,447,7,2
2025-11-18 13:14:42,Italy_level_2_final,Ensemble (mean weight) top 8 models_TH_0.5_not_equal_weight,Month+2,0.5,2005-01-01 00:00:00,2024-12-31 00:00:00,2022-01-01 00:00:00,0.847,0.833,0.851,0.826,0.967,0.917,40,445,8,7
2025-11-18 13:14:42,Italy_level_2_final,Ensemble (mean weight) top 8 models_TH_0.5_not_equal_weight,Month+3,0.5,2005-01-01 00:00:00,2024-12-31 00:00:00,2022-01-01 00:00:00,0.684,0.766,0.667,0.683,0.907,0.821,36,435,11,18
2025-11-18 13:14:42,Italy_level_2_final,Ensemble (mean weight) top 8 models_TH_0.5_not_equal_weight,Month+4,0.5,2005-01-01 00:00:00,2024-12-31 00:00:00,2022-01-01 00:00:00,0.637,0.702,0.623,0.624,0.836,0.796,33,433,14,20
2025-11-18 13:14:42,Italy_level_2_final,Ensemble (mean weight) top 8 models_TH_0.5_not_equal_weight,Month+5,0.5,2005-01-01 00:00:00,2024-12-31 00:00:00,2022-01-01 00:00:00,0.605,0.646,0.596,0.578,0.806,0.779,31,431,17,21
2025-11-18 13:14:42,Italy_level_2_final,Ensemble (mean weight) top 8 models_TH_0.5_not_equal_weight,Month+6,0.5,2005-01-01 00:00:00,2024-12-31 00:00:00,2022-01-01 00:00:00,0.556,0.628,0.54,0.54,0.794,0.752,27,434,16,23
