timestamp,data_id,model,month,thresholds,start_date,end_date,data_split_date,F2,Precision,Recall,MCC,AUC,BalancedAccuracy,TP,TN,FP,FN
2025-11-16 10:20:15,France_level_2_final,k-Nearest Neighbors,Month+1,0.5,2005-01-01,2024-12-31,2022-01-01,0.93,0.726,1.0,0.621,0.794,0.766,180,77,68,0
2025-11-16 10:20:15,France_level_2_final,k-Nearest Neighbors,Month+2,0.5,2005-01-01,2024-12-31,2022-01-01,0.909,0.688,0.988,0.567,0.768,0.743,170,76,77,2
2025-11-16 10:20:15,France_level_2_final,k-Nearest Neighbors,Month+3,0.5,2005-01-01,2024-12-31,2022-01-01,0.897,0.665,0.982,0.533,0.742,0.727,165,74,83,3
2025-11-16 10:20:15,France_level_2_final,k-Nearest Neighbors,Month+4,0.5,2005-01-01,2024-12-31,2022-01-01,0.879,0.649,0.964,0.486,0.713,0.707,161,71,87,6
2025-11-16 10:20:15,France_level_2_final,k-Nearest Neighbors,Month+5,0.5,2005-01-01,2024-12-31,2022-01-01,0.868,0.641,0.952,0.457,0.693,0.694,159,69,89,8
2025-11-16 10:20:15,France_level_2_final,k-Nearest Neighbors,Month+6,0.5,2005-01-01,2024-12-31,2022-01-01,0.853,0.633,0.935,0.417,0.677,0.677,157,66,91,11
2025-11-16 10:20:17,France_level_2_final,SVC (RBF Kernel),Month+1,0.5,2005-01-01 00:00:00,2024-12-31 00:00:00,2022-01-01 00:00:00,0.951,0.796,1.0,0.737,0.946,0.841,180,99,46,0
2025-11-16 10:20:17,France_level_2_final,SVC (RBF Kernel),Month+2,0.5,2005-01-01 00:00:00,2024-12-31 00:00:00,2022-01-01 00:00:00,0.929,0.749,0.988,0.67,0.928,0.808,170,96,57,2
2025-11-16 10:20:17,France_level_2_final,SVC (RBF Kernel),Month+3,0.5,2005-01-01 00:00:00,2024-12-31 00:00:00,2022-01-01 00:00:00,0.889,0.702,0.952,0.567,0.874,0.76,160,89,68,8
2025-11-16 10:20:17,France_level_2_final,SVC (RBF Kernel),Month+4,0.5,2005-01-01 00:00:00,2024-12-31 00:00:00,2022-01-01 00:00:00,0.841,0.657,0.904,0.444,0.809,0.702,151,79,79,16
2025-11-16 10:20:17,France_level_2_final,SVC (RBF Kernel),Month+5,0.5,2005-01-01 00:00:00,2024-12-31 00:00:00,2022-01-01 00:00:00,0.819,0.627,0.886,0.369,0.759,0.665,148,70,88,19
2025-11-16 10:20:17,France_level_2_final,SVC (RBF Kernel),Month+6,0.5,2005-01-01 00:00:00,2024-12-31 00:00:00,2022-01-01 00:00:00,0.809,0.62,0.875,0.339,0.706,0.651,147,67,90,21
2025-11-16 10:20:19,France_level_2_final,Logistic Regression,Month+1,0.5,2005-01-01 00:00:00,2024-12-31 00:00:00,2022-01-01 00:00:00,0.976,0.891,1.0,0.869,0.914,0.924,180,123,22,0
2025-11-16 10:20:19,France_level_2_final,Logistic Regression,Month+2,0.5,2005-01-01 00:00:00,2024-12-31 00:00:00,2022-01-01 00:00:00,0.95,0.821,0.988,0.775,0.873,0.873,170,116,37,2
2025-11-16 10:20:19,France_level_2_final,Logistic Regression,Month+3,0.5,2005-01-01 00:00:00,2024-12-31 00:00:00,2022-01-01 00:00:00,0.908,0.766,0.952,0.668,0.818,0.82,160,108,49,8
2025-11-16 10:20:19,France_level_2_final,Logistic Regression,Month+4,0.5,2005-01-01 00:00:00,2024-12-31 00:00:00,2022-01-01 00:00:00,0.865,0.737,0.904,0.582,0.756,0.781,151,104,54,16
2025-11-16 10:20:19,France_level_2_final,Logistic Regression,Month+5,0.5,2005-01-01 00:00:00,2024-12-31 00:00:00,2022-01-01 00:00:00,0.847,0.677,0.904,0.483,0.713,0.724,151,86,72,16
2025-11-16 10:20:19,France_level_2_final,Logistic Regression,Month+6,0.5,2005-01-01 00:00:00,2024-12-31 00:00:00,2022-01-01 00:00:00,0.849,0.643,0.923,0.428,0.673,0.687,155,71,86,13
2025-11-16 10:20:23,France_level_2_final,Linear SVM (Calibrated),Month+1,0.5,2005-01-01 00:00:00,2024-12-31 00:00:00,2022-01-01 00:00:00,0.973,0.895,0.994,0.868,0.944,0.925,179,124,21,1
2025-11-16 10:20:23,France_level_2_final,Linear SVM (Calibrated),Month+2,0.5,2005-01-01 00:00:00,2024-12-31 00:00:00,2022-01-01 00:00:00,0.946,0.84,0.977,0.788,0.9,0.884,168,121,32,4
2025-11-16 10:20:23,France_level_2_final,Linear SVM (Calibrated),Month+3,0.5,2005-01-01 00:00:00,2024-12-31 00:00:00,2022-01-01 00:00:00,0.901,0.789,0.935,0.684,0.841,0.834,157,115,42,11
2025-11-16 10:20:23,France_level_2_final,Linear SVM (Calibrated),Month+4,0.5,2005-01-01 00:00:00,2024-12-31 00:00:00,2022-01-01 00:00:00,0.843,0.737,0.874,0.558,0.769,0.773,146,106,52,21
2025-11-16 10:20:23,France_level_2_final,Linear SVM (Calibrated),Month+5,0.5,2005-01-01 00:00:00,2024-12-31 00:00:00,2022-01-01 00:00:00,0.793,0.683,0.826,0.434,0.72,0.711,138,94,64,29
2025-11-16 10:20:23,France_level_2_final,Linear SVM (Calibrated),Month+6,0.5,2005-01-01 00:00:00,2024-12-31 00:00:00,2022-01-01 00:00:00,0.761,0.644,0.798,0.34,0.671,0.663,134,83,74,34
2025-11-16 10:20:23,France_level_2_final,RidgeClassifier (Calibrated),Month+1,0.5,2005-01-01 00:00:00,2024-12-31 00:00:00,2022-01-01 00:00:00,0.978,0.9,1.0,0.881,0.945,0.931,180,125,20,0
2025-11-16 10:20:23,France_level_2_final,RidgeClassifier (Calibrated),Month+2,0.5,2005-01-01 00:00:00,2024-12-31 00:00:00,2022-01-01 00:00:00,0.957,0.85,0.988,0.813,0.914,0.896,170,123,30,2
2025-11-16 10:20:23,France_level_2_final,RidgeClassifier (Calibrated),Month+3,0.5,2005-01-01 00:00:00,2024-12-31 00:00:00,2022-01-01 00:00:00,0.917,0.8,0.952,0.717,0.857,0.849,160,117,40,8
2025-11-16 10:20:23,France_level_2_final,RidgeClassifier (Calibrated),Month+4,0.5,2005-01-01 00:00:00,2024-12-31 00:00:00,2022-01-01 00:00:00,0.864,0.75,0.898,0.598,0.79,0.791,150,108,50,17
2025-11-16 10:20:23,France_level_2_final,RidgeClassifier (Calibrated),Month+5,0.5,2005-01-01 00:00:00,2024-12-31 00:00:00,2022-01-01 00:00:00,0.805,0.693,0.838,0.46,0.734,0.723,140,96,62,27
2025-11-16 10:20:23,France_level_2_final,RidgeClassifier (Calibrated),Month+6,0.5,2005-01-01 00:00:00,2024-12-31 00:00:00,2022-01-01 00:00:00,0.753,0.644,0.786,0.332,0.676,0.66,132,84,73,36
2025-11-16 10:20:27,France_level_2_final,Random Forest,Month+1,0.5,2005-01-01 00:00:00,2024-12-31 00:00:00,2022-01-01 00:00:00,0.977,0.896,1.0,0.875,0.954,0.928,180,124,21,0
2025-11-16 10:20:27,France_level_2_final,Random Forest,Month+2,0.5,2005-01-01 00:00:00,2024-12-31 00:00:00,2022-01-01 00:00:00,0.94,0.787,0.988,0.727,0.91,0.844,170,107,46,2
2025-11-16 10:20:27,France_level_2_final,Random Forest,Month+3,0.5,2005-01-01 00:00:00,2024-12-31 00:00:00,2022-01-01 00:00:00,0.907,0.762,0.952,0.662,0.837,0.817,160,107,50,8
2025-11-16 10:20:27,France_level_2_final,Random Forest,Month+4,0.5,2005-01-01 00:00:00,2024-12-31 00:00:00,2022-01-01 00:00:00,0.855,0.718,0.898,0.547,0.774,0.762,150,99,59,17
2025-11-16 10:20:27,France_level_2_final,Random Forest,Month+5,0.5,2005-01-01 00:00:00,2024-12-31 00:00:00,2022-01-01 00:00:00,0.805,0.693,0.838,0.46,0.724,0.723,140,96,62,27
2025-11-16 10:20:27,France_level_2_final,Random Forest,Month+6,0.5,2005-01-01 00:00:00,2024-12-31 00:00:00,2022-01-01 00:00:00,0.745,0.647,0.774,0.331,0.662,0.661,130,86,71,38
2025-11-16 10:20:33,France_level_2_final,Balanced Random Forest,Month+1,0.5,2005-01-01 00:00:00,2024-12-31 00:00:00,2022-01-01 00:00:00,0.962,0.833,1.0,0.791,0.954,0.876,180,109,36,0
2025-11-16 10:20:33,France_level_2_final,Balanced Random Forest,Month+2,0.5,2005-01-01 00:00:00,2024-12-31 00:00:00,2022-01-01 00:00:00,0.938,0.78,0.988,0.717,0.903,0.837,170,105,48,2
2025-11-16 10:20:33,France_level_2_final,Balanced Random Forest,Month+3,0.5,2005-01-01 00:00:00,2024-12-31 00:00:00,2022-01-01 00:00:00,0.898,0.731,0.952,0.615,0.837,0.788,160,98,59,8
2025-11-16 10:20:33,France_level_2_final,Balanced Random Forest,Month+4,0.5,2005-01-01 00:00:00,2024-12-31 00:00:00,2022-01-01 00:00:00,0.849,0.698,0.898,0.514,0.775,0.743,150,93,65,17
2025-11-16 10:20:33,France_level_2_final,Balanced Random Forest,Month+5,0.5,2005-01-01 00:00:00,2024-12-31 00:00:00,2022-01-01 00:00:00,0.796,0.664,0.838,0.407,0.735,0.694,140,87,71,27
2025-11-16 10:20:33,France_level_2_final,Balanced Random Forest,Month+6,0.5,2005-01-01 00:00:00,2024-12-31 00:00:00,2022-01-01 00:00:00,0.747,0.623,0.786,0.29,0.676,0.638,132,77,80,36
2025-11-16 10:20:38,France_level_2_final,ExtraTrees,Month+1,0.5,2005-01-01 00:00:00,2024-12-31 00:00:00,2022-01-01 00:00:00,0.947,0.783,1.0,0.716,0.896,0.828,180,95,50,0
2025-11-16 10:20:38,France_level_2_final,ExtraTrees,Month+2,0.5,2005-01-01 00:00:00,2024-12-31 00:00:00,2022-01-01 00:00:00,0.935,0.769,0.988,0.701,0.854,0.828,170,102,51,2
2025-11-16 10:20:38,France_level_2_final,ExtraTrees,Month+3,0.5,2005-01-01 00:00:00,2024-12-31 00:00:00,2022-01-01 00:00:00,0.906,0.758,0.952,0.657,0.805,0.814,160,106,51,8
2025-11-16 10:20:38,France_level_2_final,ExtraTrees,Month+4,0.5,2005-01-01 00:00:00,2024-12-31 00:00:00,2022-01-01 00:00:00,0.854,0.714,0.898,0.542,0.763,0.759,150,98,60,17
2025-11-16 10:20:38,France_level_2_final,ExtraTrees,Month+5,0.5,2005-01-01 00:00:00,2024-12-31 00:00:00,2022-01-01 00:00:00,0.807,0.67,0.85,0.427,0.714,0.704,142,88,70,25
2025-11-16 10:20:38,France_level_2_final,ExtraTrees,Month+6,0.5,2005-01-01 00:00:00,2024-12-31 00:00:00,2022-01-01 00:00:00,0.741,0.618,0.78,0.277,0.67,0.632,131,76,81,37
2025-11-16 10:20:42,France_level_2_final,Gradient Boosting,Month+1,0.5,2005-01-01 00:00:00,2024-12-31 00:00:00,2022-01-01 00:00:00,0.989,0.947,1.0,0.939,0.952,0.966,180,135,10,0
2025-11-16 10:20:42,France_level_2_final,Gradient Boosting,Month+2,0.5,2005-01-01 00:00:00,2024-12-31 00:00:00,2022-01-01 00:00:00,0.968,0.895,0.988,0.869,0.905,0.929,170,133,20,2
2025-11-16 10:20:42,France_level_2_final,Gradient Boosting,Month+3,0.5,2005-01-01 00:00:00,2024-12-31 00:00:00,2022-01-01 00:00:00,0.922,0.816,0.952,0.739,0.849,0.862,160,121,36,8
2025-11-16 10:20:42,France_level_2_final,Gradient Boosting,Month+4,0.5,2005-01-01 00:00:00,2024-12-31 00:00:00,2022-01-01 00:00:00,0.87,0.773,0.898,0.631,0.795,0.81,150,114,44,17
2025-11-16 10:20:42,France_level_2_final,Gradient Boosting,Month+5,0.5,2005-01-01 00:00:00,2024-12-31 00:00:00,2022-01-01 00:00:00,0.816,0.737,0.838,0.529,0.734,0.761,140,108,50,27
2025-11-16 10:20:42,France_level_2_final,Gradient Boosting,Month+6,0.5,2005-01-01 00:00:00,2024-12-31 00:00:00,2022-01-01 00:00:00,0.753,0.681,0.774,0.391,0.67,0.693,130,96,61,38
2025-11-16 10:20:44,France_level_2_final,AdaBoost,Month+1,0.5,2005-01-01 00:00:00,2024-12-31 00:00:00,2022-01-01 00:00:00,0.983,0.918,1.0,0.904,0.952,0.945,180,129,16,0
2025-11-16 10:20:44,France_level_2_final,AdaBoost,Month+2,0.5,2005-01-01 00:00:00,2024-12-31 00:00:00,2022-01-01 00:00:00,0.964,0.876,0.988,0.846,0.926,0.916,170,129,24,2
2025-11-16 10:20:44,France_level_2_final,AdaBoost,Month+3,0.5,2005-01-01 00:00:00,2024-12-31 00:00:00,2022-01-01 00:00:00,0.926,0.833,0.952,0.761,0.89,0.874,160,125,32,8
2025-11-16 10:20:44,France_level_2_final,AdaBoost,Month+4,0.5,2005-01-01 00:00:00,2024-12-31 00:00:00,2022-01-01 00:00:00,0.87,0.773,0.898,0.631,0.834,0.81,150,114,44,17
2025-11-16 10:20:44,France_level_2_final,AdaBoost,Month+5,0.5,2005-01-01 00:00:00,2024-12-31 00:00:00,2022-01-01 00:00:00,0.854,0.73,0.892,0.563,0.779,0.772,149,103,55,18
2025-11-16 10:20:44,France_level_2_final,AdaBoost,Month+6,0.5,2005-01-01 00:00:00,2024-12-31 00:00:00,2022-01-01 00:00:00,0.839,0.676,0.893,0.466,0.712,0.717,150,85,72,18
2025-11-16 10:20:50,France_level_2_final,Hist Gradient Boosting,Month+1,0.5,2005-01-01 00:00:00,2024-12-31 00:00:00,2022-01-01 00:00:00,0.989,0.947,1.0,0.939,0.967,0.966,180,135,10,0
2025-11-16 10:20:50,France_level_2_final,Hist Gradient Boosting,Month+2,0.5,2005-01-01 00:00:00,2024-12-31 00:00:00,2022-01-01 00:00:00,0.968,0.895,0.988,0.869,0.927,0.929,170,133,20,2
2025-11-16 10:20:50,France_level_2_final,Hist Gradient Boosting,Month+3,0.5,2005-01-01 00:00:00,2024-12-31 00:00:00,2022-01-01 00:00:00,0.927,0.838,0.952,0.766,0.872,0.877,160,126,31,8
2025-11-16 10:20:50,France_level_2_final,Hist Gradient Boosting,Month+4,0.5,2005-01-01 00:00:00,2024-12-31 00:00:00,2022-01-01 00:00:00,0.873,0.785,0.898,0.649,0.802,0.819,150,117,41,17
2025-11-16 10:20:50,France_level_2_final,Hist Gradient Boosting,Month+5,0.5,2005-01-01 00:00:00,2024-12-31 00:00:00,2022-01-01 00:00:00,0.816,0.737,0.838,0.529,0.747,0.761,140,108,50,27
2025-11-16 10:20:50,France_level_2_final,Hist Gradient Boosting,Month+6,0.5,2005-01-01 00:00:00,2024-12-31 00:00:00,2022-01-01 00:00:00,0.759,0.686,0.78,0.404,0.716,0.699,131,97,60,37
2025-11-16 10:20:52,France_level_2_final,XGBoost,Month+1,0.5,2005-01-01 00:00:00,2024-12-31 00:00:00,2022-01-01 00:00:00,0.979,0.905,1.0,0.887,0.956,0.934,180,126,19,0
2025-11-16 10:20:52,France_level_2_final,XGBoost,Month+2,0.5,2005-01-01 00:00:00,2024-12-31 00:00:00,2022-01-01 00:00:00,0.947,0.81,0.988,0.759,0.91,0.863,170,113,40,2
2025-11-16 10:20:52,France_level_2_final,XGBoost,Month+3,0.5,2005-01-01 00:00:00,2024-12-31 00:00:00,2022-01-01 00:00:00,0.91,0.773,0.952,0.679,0.87,0.827,160,110,47,8
2025-11-16 10:20:52,France_level_2_final,XGBoost,Month+4,0.5,2005-01-01 00:00:00,2024-12-31 00:00:00,2022-01-01 00:00:00,0.86,0.735,0.898,0.575,0.803,0.778,150,104,54,17
2025-11-16 10:20:52,France_level_2_final,XGBoost,Month+5,0.5,2005-01-01 00:00:00,2024-12-31 00:00:00,2022-01-01 00:00:00,0.844,0.708,0.886,0.522,0.761,0.75,148,97,61,19
2025-11-16 10:20:52,France_level_2_final,XGBoost,Month+6,0.5,2005-01-01 00:00:00,2024-12-31 00:00:00,2022-01-01 00:00:00,0.847,0.676,0.905,0.476,0.694,0.72,152,84,73,16
2025-11-16 10:20:54,France_level_2_final,LightGBM,Month+1,0.5,2005-01-01 00:00:00,2024-12-31 00:00:00,2022-01-01 00:00:00,0.989,0.947,1.0,0.939,0.963,0.966,180,135,10,0
2025-11-16 10:20:54,France_level_2_final,LightGBM,Month+2,0.5,2005-01-01 00:00:00,2024-12-31 00:00:00,2022-01-01 00:00:00,0.965,0.881,0.988,0.852,0.914,0.919,170,130,23,2
2025-11-16 10:20:54,France_level_2_final,LightGBM,Month+3,0.5,2005-01-01 00:00:00,2024-12-31 00:00:00,2022-01-01 00:00:00,0.922,0.816,0.952,0.739,0.868,0.862,160,121,36,8
2025-11-16 10:20:54,France_level_2_final,LightGBM,Month+4,0.5,2005-01-01 00:00:00,2024-12-31 00:00:00,2022-01-01 00:00:00,0.869,0.769,0.898,0.626,0.822,0.807,150,113,45,17
2025-11-16 10:20:54,France_level_2_final,LightGBM,Month+5,0.5,2005-01-01 00:00:00,2024-12-31 00:00:00,2022-01-01 00:00:00,0.807,0.704,0.838,0.477,0.76,0.732,140,99,59,27
2025-11-16 10:20:54,France_level_2_final,LightGBM,Month+6,0.5,2005-01-01 00:00:00,2024-12-31 00:00:00,2022-01-01 00:00:00,0.75,0.667,0.774,0.367,0.716,0.68,130,92,65,38
2025-11-16 10:20:59,France_level_2_final,CatBoost,Month+1,0.5,2005-01-01 00:00:00,2024-12-31 00:00:00,2022-01-01 00:00:00,0.985,0.928,1.0,0.916,0.963,0.952,180,131,14,0
2025-11-16 10:20:59,France_level_2_final,CatBoost,Month+2,0.5,2005-01-01 00:00:00,2024-12-31 00:00:00,2022-01-01 00:00:00,0.953,0.833,0.988,0.791,0.907,0.883,170,119,34,2
2025-11-16 10:20:59,France_level_2_final,CatBoost,Month+3,0.5,2005-01-01 00:00:00,2024-12-31 00:00:00,2022-01-01 00:00:00,0.909,0.769,0.952,0.673,0.843,0.823,160,109,48,8
2025-11-16 10:20:59,France_level_2_final,CatBoost,Month+4,0.5,2005-01-01 00:00:00,2024-12-31 00:00:00,2022-01-01 00:00:00,0.858,0.728,0.898,0.564,0.793,0.772,150,102,56,17
2025-11-16 10:20:59,France_level_2_final,CatBoost,Month+5,0.5,2005-01-01 00:00:00,2024-12-31 00:00:00,2022-01-01 00:00:00,0.799,0.673,0.838,0.425,0.738,0.704,140,90,68,27
2025-11-16 10:20:59,France_level_2_final,CatBoost,Month+6,0.5,2005-01-01 00:00:00,2024-12-31 00:00:00,2022-01-01 00:00:00,0.777,0.639,0.821,0.344,0.676,0.662,138,79,78,30
2025-11-16 12:58:58,Greece_level_3_final,k-Nearest Neighbors,Month+1,0.5,2005-01-01 00:00:00,2024-12-31 00:00:00,2022-01-01 00:00:00,1.0,1.0,1.0,1.0,1.0,1.0,174,45,0,0
2025-11-16 12:58:58,Greece_level_3_final,k-Nearest Neighbors,Month+2,0.5,2005-01-01 00:00:00,2024-12-31 00:00:00,2022-01-01 00:00:00,1.0,1.0,1.0,1.0,1.0,1.0,174,45,0,0
2025-11-16 12:58:58,Greece_level_3_final,k-Nearest Neighbors,Month+3,0.5,2005-01-01 00:00:00,2024-12-31 00:00:00,2022-01-01 00:00:00,1.0,1.0,1.0,1.0,1.0,1.0,174,45,0,0
2025-11-16 12:58:58,Greece_level_3_final,k-Nearest Neighbors,Month+4,0.5,2005-01-01 00:00:00,2024-12-31 00:00:00,2022-01-01 00:00:00,0.982,1.0,0.977,0.947,1.0,0.989,170,45,0,4
2025-11-16 12:58:58,Greece_level_3_final,k-Nearest Neighbors,Month+5,0.5,2005-01-01 00:00:00,2024-12-31 00:00:00,2022-01-01 00:00:00,0.982,1.0,0.977,0.947,1.0,0.989,170,45,0,4
2025-11-16 12:58:58,Greece_level_3_final,k-Nearest Neighbors,Month+6,0.5,2005-01-01 00:00:00,2024-12-31 00:00:00,2022-01-01 00:00:00,0.986,1.0,0.983,0.96,1.0,0.991,171,45,0,3
2025-11-16 12:59:19,Greece_level_3_final,SVC (RBF Kernel),Month+1,0.5,2005-01-01 00:00:00,2024-12-31 00:00:00,2022-01-01 00:00:00,0.233,1.0,0.195,0.218,0.973,0.598,34,45,0,140
2025-11-16 12:59:19,Greece_level_3_final,SVC (RBF Kernel),Month+2,0.5,2005-01-01 00:00:00,2024-12-31 00:00:00,2022-01-01 00:00:00,0.099,1.0,0.08,0.133,0.937,0.54,14,45,0,160
2025-11-16 12:59:19,Greece_level_3_final,SVC (RBF Kernel),Month+3,0.5,2005-01-01 00:00:00,2024-12-31 00:00:00,2022-01-01 00:00:00,0.092,1.0,0.075,0.128,0.915,0.537,13,45,0,161
2025-11-16 12:59:19,Greece_level_3_final,SVC (RBF Kernel),Month+4,0.5,2005-01-01 00:00:00,2024-12-31 00:00:00,2022-01-01 00:00:00,0.133,0.95,0.109,0.122,0.927,0.543,19,44,1,155
2025-11-16 12:59:19,Greece_level_3_final,SVC (RBF Kernel),Month+5,0.5,2005-01-01 00:00:00,2024-12-31 00:00:00,2022-01-01 00:00:00,0.085,1.0,0.069,0.122,0.926,0.534,12,45,0,162
2025-11-16 12:59:19,Greece_level_3_final,SVC (RBF Kernel),Month+6,0.5,2005-01-01 00:00:00,2024-12-31 00:00:00,2022-01-01 00:00:00,0.05,0.875,0.04,0.039,0.917,0.509,7,44,1,167
2025-11-16 12:59:41,Greece_level_3_final,Logistic Regression,Month+1,0.5,2005-01-01 00:00:00,2024-12-31 00:00:00,2022-01-01 00:00:00,0.953,0.949,0.954,0.76,0.982,0.877,166,36,9,8
2025-11-16 12:59:41,Greece_level_3_final,Logistic Regression,Month+2,0.5,2005-01-01 00:00:00,2024-12-31 00:00:00,2022-01-01 00:00:00,0.987,0.961,0.994,0.886,0.996,0.919,173,38,7,1
2025-11-16 12:59:41,Greece_level_3_final,Logistic Regression,Month+3,0.5,2005-01-01 00:00:00,2024-12-31 00:00:00,2022-01-01 00:00:00,0.977,0.955,0.983,0.842,0.996,0.902,171,37,8,3
2025-11-16 12:59:41,Greece_level_3_final,Logistic Regression,Month+4,0.5,2005-01-01 00:00:00,2024-12-31 00:00:00,2022-01-01 00:00:00,0.975,0.966,0.977,0.858,0.99,0.922,170,39,6,4
2025-11-16 12:59:41,Greece_level_3_final,Logistic Regression,Month+5,0.5,2005-01-01 00:00:00,2024-12-31 00:00:00,2022-01-01 00:00:00,0.982,0.956,0.989,0.856,0.989,0.905,172,37,8,2
2025-11-16 12:59:41,Greece_level_3_final,Logistic Regression,Month+6,0.5,2005-01-01 00:00:00,2024-12-31 00:00:00,2022-01-01 00:00:00,0.982,0.935,0.994,0.812,0.996,0.864,173,33,12,1
2025-11-16 13:01:48,Greece_level_3_final,Linear SVM (Calibrated),Month+1,0.5,2005-01-01 00:00:00,2024-12-31 00:00:00,2022-01-01 00:00:00,0.65,1.0,0.598,0.484,0.946,0.799,104,45,0,70
2025-11-16 13:01:48,Greece_level_3_final,Linear SVM (Calibrated),Month+2,0.5,2005-01-01 00:00:00,2024-12-31 00:00:00,2022-01-01 00:00:00,0.589,1.0,0.534,0.437,0.99,0.767,93,45,0,81
2025-11-16 13:01:48,Greece_level_3_final,Linear SVM (Calibrated),Month+3,0.5,2005-01-01 00:00:00,2024-12-31 00:00:00,2022-01-01 00:00:00,0.628,1.0,0.575,0.466,0.997,0.787,100,45,0,74
2025-11-16 13:01:48,Greece_level_3_final,Linear SVM (Calibrated),Month+4,0.5,2005-01-01 00:00:00,2024-12-31 00:00:00,2022-01-01 00:00:00,0.475,1.0,0.42,0.36,1.0,0.71,73,45,0,101
2025-11-16 13:01:48,Greece_level_3_final,Linear SVM (Calibrated),Month+5,0.5,2005-01-01 00:00:00,2024-12-31 00:00:00,2022-01-01 00:00:00,0.173,1.0,0.144,0.183,1.0,0.572,25,45,0,149
2025-11-16 13:01:48,Greece_level_3_final,Linear SVM (Calibrated),Month+6,0.5,2005-01-01 00:00:00,2024-12-31 00:00:00,2022-01-01 00:00:00,0.126,1.0,0.103,0.152,0.999,0.552,18,45,0,156
2025-11-16 13:01:49,Greece_level_3_final,RidgeClassifier (Calibrated),Month+1,0.5,2005-01-01 00:00:00,2024-12-31 00:00:00,2022-01-01 00:00:00,0.958,1.0,0.948,0.889,1.0,0.974,165,45,0,9
2025-11-16 13:01:49,Greece_level_3_final,RidgeClassifier (Calibrated),Month+2,0.5,2005-01-01 00:00:00,2024-12-31 00:00:00,2022-01-01 00:00:00,0.891,1.0,0.868,0.758,1.0,0.934,151,45,0,23
2025-11-16 13:01:49,Greece_level_3_final,RidgeClassifier (Calibrated),Month+3,0.5,2005-01-01 00:00:00,2024-12-31 00:00:00,2022-01-01 00:00:00,0.761,1.0,0.718,0.586,0.974,0.859,125,45,0,49
2025-11-16 13:01:49,Greece_level_3_final,RidgeClassifier (Calibrated),Month+4,0.5,2005-01-01 00:00:00,2024-12-31 00:00:00,2022-01-01 00:00:00,0.672,1.0,0.621,0.502,1.0,0.81,108,45,0,66
2025-11-16 13:01:49,Greece_level_3_final,RidgeClassifier (Calibrated),Month+5,0.5,2005-01-01 00:00:00,2024-12-31 00:00:00,2022-01-01 00:00:00,0.521,1.0,0.466,0.39,1.0,0.733,81,45,0,93
2025-11-16 13:01:49,Greece_level_3_final,RidgeClassifier (Calibrated),Month+6,0.5,2005-01-01 00:00:00,2024-12-31 00:00:00,2022-01-01 00:00:00,0.561,1.0,0.506,0.417,1.0,0.753,88,45,0,86
2025-11-16 13:02:01,Greece_level_3_final,Random Forest,Month+1,0.5,2005-01-01 00:00:00,2024-12-31 00:00:00,2022-01-01 00:00:00,1.0,1.0,1.0,1.0,1.0,1.0,174,45,0,0
2025-11-16 13:02:01,Greece_level_3_final,Random Forest,Month+2,0.5,2005-01-01 00:00:00,2024-12-31 00:00:00,2022-01-01 00:00:00,1.0,1.0,1.0,1.0,1.0,1.0,174,45,0,0
2025-11-16 13:02:01,Greece_level_3_final,Random Forest,Month+3,0.5,2005-01-01 00:00:00,2024-12-31 00:00:00,2022-01-01 00:00:00,0.949,1.0,0.937,0.868,1.0,0.968,163,45,0,11
2025-11-16 13:02:01,Greece_level_3_final,Random Forest,Month+4,0.5,2005-01-01 00:00:00,2024-12-31 00:00:00,2022-01-01 00:00:00,0.891,1.0,0.868,0.758,1.0,0.934,151,45,0,23
2025-11-16 13:02:01,Greece_level_3_final,Random Forest,Month+5,0.5,2005-01-01 00:00:00,2024-12-31 00:00:00,2022-01-01 00:00:00,0.857,1.0,0.828,0.705,1.0,0.914,144,45,0,30
2025-11-16 13:02:01,Greece_level_3_final,Random Forest,Month+6,0.5,2005-01-01 00:00:00,2024-12-31 00:00:00,2022-01-01 00:00:00,0.906,1.0,0.885,0.783,1.0,0.943,154,45,0,20
2025-11-16 13:02:20,Greece_level_3_final,Balanced Random Forest,Month+1,0.5,2005-01-01 00:00:00,2024-12-31 00:00:00,2022-01-01 00:00:00,0.998,0.989,1.0,0.972,1.0,0.978,174,43,2,0
2025-11-16 13:02:20,Greece_level_3_final,Balanced Random Forest,Month+2,0.5,2005-01-01 00:00:00,2024-12-31 00:00:00,2022-01-01 00:00:00,0.995,0.978,1.0,0.944,1.0,0.956,174,41,4,0
2025-11-16 13:02:20,Greece_level_3_final,Balanced Random Forest,Month+3,0.5,2005-01-01 00:00:00,2024-12-31 00:00:00,2022-01-01 00:00:00,0.99,0.951,1.0,0.872,1.0,0.9,174,36,9,0
2025-11-16 13:02:20,Greece_level_3_final,Balanced Random Forest,Month+4,0.5,2005-01-01 00:00:00,2024-12-31 00:00:00,2022-01-01 00:00:00,0.993,0.967,1.0,0.915,1.0,0.933,174,39,6,0
2025-11-16 13:02:20,Greece_level_3_final,Balanced Random Forest,Month+5,0.5,2005-01-01 00:00:00,2024-12-31 00:00:00,2022-01-01 00:00:00,0.992,0.961,1.0,0.901,1.0,0.922,174,38,7,0
2025-11-16 13:02:20,Greece_level_3_final,Balanced Random Forest,Month+6,0.5,2005-01-01 00:00:00,2024-12-31 00:00:00,2022-01-01 00:00:00,0.992,0.961,1.0,0.901,1.0,0.922,174,38,7,0
2025-11-16 13:02:36,Greece_level_3_final,ExtraTrees,Month+1,0.5,2005-01-01 00:00:00,2024-12-31 00:00:00,2022-01-01 00:00:00,1.0,1.0,1.0,1.0,1.0,1.0,174,45,0,0
2025-11-16 13:02:36,Greece_level_3_final,ExtraTrees,Month+2,0.5,2005-01-01 00:00:00,2024-12-31 00:00:00,2022-01-01 00:00:00,1.0,1.0,1.0,1.0,1.0,1.0,174,45,0,0
2025-11-16 13:02:36,Greece_level_3_final,ExtraTrees,Month+3,0.5,2005-01-01 00:00:00,2024-12-31 00:00:00,2022-01-01 00:00:00,1.0,1.0,1.0,1.0,1.0,1.0,174,45,0,0
2025-11-16 13:02:36,Greece_level_3_final,ExtraTrees,Month+4,0.5,2005-01-01 00:00:00,2024-12-31 00:00:00,2022-01-01 00:00:00,0.995,1.0,0.994,0.986,1.0,0.997,173,45,0,1
2025-11-16 13:02:36,Greece_level_3_final,ExtraTrees,Month+5,0.5,2005-01-01 00:00:00,2024-12-31 00:00:00,2022-01-01 00:00:00,1.0,1.0,1.0,1.0,1.0,1.0,174,45,0,0
2025-11-16 13:02:36,Greece_level_3_final,ExtraTrees,Month+6,0.5,2005-01-01 00:00:00,2024-12-31 00:00:00,2022-01-01 00:00:00,1.0,1.0,1.0,1.0,1.0,1.0,174,45,0,0
2025-11-16 13:02:51,Greece_level_3_final,Gradient Boosting,Month+1,0.5,2005-01-01 00:00:00,2024-12-31 00:00:00,2022-01-01 00:00:00,0.958,1.0,0.948,0.889,1.0,0.974,165,45,0,9
2025-11-16 13:02:51,Greece_level_3_final,Gradient Boosting,Month+2,0.5,2005-01-01 00:00:00,2024-12-31 00:00:00,2022-01-01 00:00:00,1.0,1.0,1.0,1.0,1.0,1.0,174,45,0,0
2025-11-16 13:02:51,Greece_level_3_final,Gradient Boosting,Month+3,0.5,2005-01-01 00:00:00,2024-12-31 00:00:00,2022-01-01 00:00:00,0.999,0.994,1.0,0.986,1.0,0.989,174,44,1,0
2025-11-16 13:02:51,Greece_level_3_final,Gradient Boosting,Month+4,0.5,2005-01-01 00:00:00,2024-12-31 00:00:00,2022-01-01 00:00:00,0.977,1.0,0.971,0.935,1.0,0.986,169,45,0,5
2025-11-16 13:02:51,Greece_level_3_final,Gradient Boosting,Month+5,0.5,2005-01-01 00:00:00,2024-12-31 00:00:00,2022-01-01 00:00:00,0.939,1.0,0.925,0.847,0.999,0.963,161,45,0,13
2025-11-16 13:02:51,Greece_level_3_final,Gradient Boosting,Month+6,0.5,2005-01-01 00:00:00,2024-12-31 00:00:00,2022-01-01 00:00:00,0.986,1.0,0.983,0.96,1.0,0.991,171,45,0,3
2025-11-16 13:03:00,Greece_level_3_final,AdaBoost,Month+1,0.5,2005-01-01 00:00:00,2024-12-31 00:00:00,2022-01-01 00:00:00,0.906,1.0,0.885,0.783,0.999,0.943,154,45,0,20
2025-11-16 13:03:00,Greece_level_3_final,AdaBoost,Month+2,0.5,2005-01-01 00:00:00,2024-12-31 00:00:00,2022-01-01 00:00:00,0.901,1.0,0.879,0.774,0.997,0.94,153,45,0,21
2025-11-16 13:03:00,Greece_level_3_final,AdaBoost,Month+3,0.5,2005-01-01 00:00:00,2024-12-31 00:00:00,2022-01-01 00:00:00,0.877,1.0,0.851,0.734,0.98,0.925,148,45,0,26
2025-11-16 13:03:00,Greece_level_3_final,AdaBoost,Month+4,0.5,2005-01-01 00:00:00,2024-12-31 00:00:00,2022-01-01 00:00:00,0.918,0.987,0.902,0.777,0.972,0.929,157,43,2,17
2025-11-16 13:03:00,Greece_level_3_final,AdaBoost,Month+5,0.5,2005-01-01 00:00:00,2024-12-31 00:00:00,2022-01-01 00:00:00,0.822,1.0,0.787,0.657,0.973,0.894,137,45,0,37
2025-11-16 13:03:00,Greece_level_3_final,AdaBoost,Month+6,0.5,2005-01-01 00:00:00,2024-12-31 00:00:00,2022-01-01 00:00:00,0.789,0.978,0.753,0.569,0.865,0.843,131,42,3,43
2025-11-16 13:03:28,Greece_level_3_final,Hist Gradient Boosting,Month+1,0.5,2005-01-01 00:00:00,2024-12-31 00:00:00,2022-01-01 00:00:00,0.986,1.0,0.983,0.96,1.0,0.991,171,45,0,3
2025-11-16 13:03:28,Greece_level_3_final,Hist Gradient Boosting,Month+2,0.5,2005-01-01 00:00:00,2024-12-31 00:00:00,2022-01-01 00:00:00,0.901,1.0,0.879,0.774,1.0,0.94,153,45,0,21
2025-11-16 13:03:28,Greece_level_3_final,Hist Gradient Boosting,Month+3,0.5,2005-01-01 00:00:00,2024-12-31 00:00:00,2022-01-01 00:00:00,1.0,1.0,1.0,1.0,1.0,1.0,174,45,0,0
2025-11-16 13:03:28,Greece_level_3_final,Hist Gradient Boosting,Month+4,0.5,2005-01-01 00:00:00,2024-12-31 00:00:00,2022-01-01 00:00:00,1.0,1.0,1.0,1.0,1.0,1.0,174,45,0,0
2025-11-16 13:03:28,Greece_level_3_final,Hist Gradient Boosting,Month+5,0.5,2005-01-01 00:00:00,2024-12-31 00:00:00,2022-01-01 00:00:00,0.986,1.0,0.983,0.96,1.0,0.991,171,45,0,3
2025-11-16 13:03:28,Greece_level_3_final,Hist Gradient Boosting,Month+6,0.5,2005-01-01 00:00:00,2024-12-31 00:00:00,2022-01-01 00:00:00,0.999,0.994,1.0,0.986,1.0,0.989,174,44,1,0
2025-11-16 13:03:34,Greece_level_3_final,XGBoost,Month+1,0.5,2005-01-01 00:00:00,2024-12-31 00:00:00,2022-01-01 00:00:00,0.963,1.0,0.954,0.9,1.0,0.977,166,45,0,8
2025-11-16 13:03:34,Greece_level_3_final,XGBoost,Month+2,0.5,2005-01-01 00:00:00,2024-12-31 00:00:00,2022-01-01 00:00:00,0.991,1.0,0.989,0.973,1.0,0.994,172,45,0,2
2025-11-16 13:03:34,Greece_level_3_final,XGBoost,Month+3,0.5,2005-01-01 00:00:00,2024-12-31 00:00:00,2022-01-01 00:00:00,1.0,1.0,1.0,1.0,1.0,1.0,174,45,0,0
2025-11-16 13:03:34,Greece_level_3_final,XGBoost,Month+4,0.5,2005-01-01 00:00:00,2024-12-31 00:00:00,2022-01-01 00:00:00,1.0,1.0,1.0,1.0,1.0,1.0,174,45,0,0
2025-11-16 13:03:34,Greece_level_3_final,XGBoost,Month+5,0.5,2005-01-01 00:00:00,2024-12-31 00:00:00,2022-01-01 00:00:00,0.999,0.994,1.0,0.986,1.0,0.989,174,44,1,0
2025-11-16 13:03:34,Greece_level_3_final,XGBoost,Month+6,0.5,2005-01-01 00:00:00,2024-12-31 00:00:00,2022-01-01 00:00:00,1.0,1.0,1.0,1.0,1.0,1.0,174,45,0,0
2025-11-16 13:03:41,Greece_level_3_final,LightGBM,Month+1,0.5,2005-01-01 00:00:00,2024-12-31 00:00:00,2022-01-01 00:00:00,0.977,1.0,0.971,0.935,1.0,0.986,169,45,0,5
2025-11-16 13:03:41,Greece_level_3_final,LightGBM,Month+2,0.5,2005-01-01 00:00:00,2024-12-31 00:00:00,2022-01-01 00:00:00,1.0,1.0,1.0,1.0,1.0,1.0,174,45,0,0
2025-11-16 13:03:41,Greece_level_3_final,LightGBM,Month+3,0.5,2005-01-01 00:00:00,2024-12-31 00:00:00,2022-01-01 00:00:00,1.0,1.0,1.0,1.0,1.0,1.0,174,45,0,0
2025-11-16 13:03:41,Greece_level_3_final,LightGBM,Month+4,0.5,2005-01-01 00:00:00,2024-12-31 00:00:00,2022-01-01 00:00:00,1.0,1.0,1.0,1.0,1.0,1.0,174,45,0,0
2025-11-16 13:03:41,Greece_level_3_final,LightGBM,Month+5,0.5,2005-01-01 00:00:00,2024-12-31 00:00:00,2022-01-01 00:00:00,0.998,0.989,1.0,0.972,1.0,0.978,174,43,2,0
2025-11-16 13:03:41,Greece_level_3_final,LightGBM,Month+6,0.5,2005-01-01 00:00:00,2024-12-31 00:00:00,2022-01-01 00:00:00,0.998,0.989,1.0,0.972,1.0,0.978,174,43,2,0
2025-11-16 13:03:52,Greece_level_3_final,CatBoost,Month+1,0.5,2005-01-01 00:00:00,2024-12-31 00:00:00,2022-01-01 00:00:00,0.995,1.0,0.994,0.986,1.0,0.997,173,45,0,1
2025-11-16 13:03:52,Greece_level_3_final,CatBoost,Month+2,0.5,2005-01-01 00:00:00,2024-12-31 00:00:00,2022-01-01 00:00:00,0.972,1.0,0.966,0.923,0.998,0.983,168,45,0,6
2025-11-16 13:03:52,Greece_level_3_final,CatBoost,Month+3,0.5,2005-01-01 00:00:00,2024-12-31 00:00:00,2022-01-01 00:00:00,0.939,1.0,0.925,0.847,0.993,0.963,161,45,0,13
2025-11-16 13:03:52,Greece_level_3_final,CatBoost,Month+4,0.5,2005-01-01 00:00:00,2024-12-31 00:00:00,2022-01-01 00:00:00,0.929,0.994,0.914,0.812,0.994,0.946,159,44,1,15
2025-11-16 13:03:52,Greece_level_3_final,CatBoost,Month+5,0.5,2005-01-01 00:00:00,2024-12-31 00:00:00,2022-01-01 00:00:00,0.968,1.0,0.96,0.911,0.999,0.98,167,45,0,7
2025-11-16 13:03:52,Greece_level_3_final,CatBoost,Month+6,0.5,2005-01-01 00:00:00,2024-12-31 00:00:00,2022-01-01 00:00:00,0.915,1.0,0.897,0.8,0.997,0.948,156,45,0,18
2025-11-16 10:25:13,Italy_level_3_final,k-Nearest Neighbors,Month+1,0.5,2005-01-01 00:00:00,2024-12-31 00:00:00,2022-01-01 00:00:00,0.729,0.7,0.737,0.712,0.889,0.865,42,2578,18,15
2025-11-16 10:25:13,Italy_level_3_final,k-Nearest Neighbors,Month+2,0.5,2005-01-01 00:00:00,2024-12-31 00:00:00,2022-01-01 00:00:00,0.621,0.621,0.621,0.612,0.843,0.806,36,2573,22,22
2025-11-16 10:25:13,Italy_level_3_final,k-Nearest Neighbors,Month+3,0.5,2005-01-01 00:00:00,2024-12-31 00:00:00,2022-01-01 00:00:00,0.448,0.561,0.427,0.477,0.742,0.708,32,2553,25,43
2025-11-16 10:25:13,Italy_level_3_final,k-Nearest Neighbors,Month+4,0.5,2005-01-01 00:00:00,2024-12-31 00:00:00,2022-01-01 00:00:00,0.408,0.527,0.387,0.438,0.721,0.688,29,2552,26,46
2025-11-16 10:25:13,Italy_level_3_final,k-Nearest Neighbors,Month+5,0.5,2005-01-01 00:00:00,2024-12-31 00:00:00,2022-01-01 00:00:00,0.372,0.458,0.355,0.388,0.691,0.671,27,2545,32,49
2025-11-16 10:25:13,Italy_level_3_final,k-Nearest Neighbors,Month+6,0.5,2005-01-01 00:00:00,2024-12-31 00:00:00,2022-01-01 00:00:00,0.351,0.417,0.338,0.359,0.675,0.662,25,2544,35,49
2025-11-16 10:29:55,Italy_level_3_final,SVC (RBF Kernel),Month+1,0.5,2005-01-01 00:00:00,2024-12-31 00:00:00,2022-01-01 00:00:00,0.747,0.792,0.737,0.759,0.986,0.866,42,2585,11,15
2025-11-16 10:29:55,Italy_level_3_final,SVC (RBF Kernel),Month+2,0.5,2005-01-01 00:00:00,2024-12-31 00:00:00,2022-01-01 00:00:00,0.64,0.585,0.655,0.61,0.961,0.822,38,2568,27,20
2025-11-16 10:29:55,Italy_level_3_final,SVC (RBF Kernel),Month+3,0.5,2005-01-01 00:00:00,2024-12-31 00:00:00,2022-01-01 00:00:00,0.434,0.412,0.44,0.409,0.882,0.711,33,2531,47,42
2025-11-16 10:29:55,Italy_level_3_final,SVC (RBF Kernel),Month+4,0.5,2005-01-01 00:00:00,2024-12-31 00:00:00,2022-01-01 00:00:00,0.377,0.306,0.4,0.328,0.84,0.687,30,2510,68,45
2025-11-16 10:29:55,Italy_level_3_final,SVC (RBF Kernel),Month+5,0.5,2005-01-01 00:00:00,2024-12-31 00:00:00,2022-01-01 00:00:00,0.322,0.214,0.368,0.253,0.797,0.664,28,2474,103,48
2025-11-16 10:29:55,Italy_level_3_final,SVC (RBF Kernel),Month+6,0.5,2005-01-01 00:00:00,2024-12-31 00:00:00,2022-01-01 00:00:00,0.286,0.164,0.351,0.208,0.764,0.65,26,2446,133,48
2025-11-16 10:39:39,Italy_level_3_final,Logistic Regression,Month+1,0.5,2005-01-01 00:00:00,2024-12-31 00:00:00,2022-01-01 00:00:00,0.686,0.344,0.912,0.547,0.986,0.937,52,2497,99,5
2025-11-16 10:39:39,Italy_level_3_final,Logistic Regression,Month+2,0.5,2005-01-01 00:00:00,2024-12-31 00:00:00,2022-01-01 00:00:00,0.569,0.242,0.862,0.437,0.939,0.901,50,2438,157,8
2025-11-16 10:39:39,Italy_level_3_final,Logistic Regression,Month+3,0.5,2005-01-01 00:00:00,2024-12-31 00:00:00,2022-01-01 00:00:00,0.438,0.181,0.68,0.317,0.827,0.795,51,2347,231,24
2025-11-16 10:39:39,Italy_level_3_final,Logistic Regression,Month+4,0.5,2005-01-01 00:00:00,2024-12-31 00:00:00,2022-01-01 00:00:00,0.388,0.138,0.707,0.273,0.78,0.789,53,2248,330,22
2025-11-16 10:39:39,Italy_level_3_final,Logistic Regression,Month+5,0.5,2005-01-01 00:00:00,2024-12-31 00:00:00,2022-01-01 00:00:00,0.31,0.101,0.645,0.205,0.726,0.737,49,2139,438,27
2025-11-16 10:39:39,Italy_level_3_final,Logistic Regression,Month+6,0.5,2005-01-01 00:00:00,2024-12-31 00:00:00,2022-01-01 00:00:00,0.284,0.084,0.703,0.188,0.743,0.741,52,2011,568,22
2025-11-16 10:58:02,Italy_level_3_final,Linear SVM (Calibrated),Month+1,0.5,2005-01-01 00:00:00,2024-12-31 00:00:00,2022-01-01 00:00:00,0.675,0.804,0.649,0.717,0.983,0.823,37,2587,9,20
2025-11-16 10:58:02,Italy_level_3_final,Linear SVM (Calibrated),Month+2,0.5,2005-01-01 00:00:00,2024-12-31 00:00:00,2022-01-01 00:00:00,0.589,0.688,0.569,0.618,0.935,0.782,33,2580,15,25
2025-11-16 10:58:02,Italy_level_3_final,Linear SVM (Calibrated),Month+3,0.5,2005-01-01 00:00:00,2024-12-31 00:00:00,2022-01-01 00:00:00,0.351,0.571,0.32,0.416,0.81,0.657,24,2560,18,51
2025-11-16 10:58:02,Italy_level_3_final,Linear SVM (Calibrated),Month+4,0.5,2005-01-01 00:00:00,2024-12-31 00:00:00,2022-01-01 00:00:00,0.251,0.447,0.227,0.305,0.773,0.609,17,2557,21,58
2025-11-16 10:58:02,Italy_level_3_final,Linear SVM (Calibrated),Month+5,0.5,2005-01-01 00:00:00,2024-12-31 00:00:00,2022-01-01 00:00:00,0.162,0.306,0.145,0.195,0.726,0.568,11,2552,25,65
2025-11-16 10:58:02,Italy_level_3_final,Linear SVM (Calibrated),Month+6,0.5,2005-01-01 00:00:00,2024-12-31 00:00:00,2022-01-01 00:00:00,0.105,0.189,0.095,0.116,0.719,0.541,7,2549,30,67
2025-11-16 10:58:03,Italy_level_3_final,RidgeClassifier (Calibrated),Month+1,0.5,2005-01-01 00:00:00,2024-12-31 00:00:00,2022-01-01 00:00:00,0.804,0.793,0.807,0.796,0.965,0.901,46,2584,12,11
2025-11-16 10:58:03,Italy_level_3_final,RidgeClassifier (Calibrated),Month+2,0.5,2005-01-01 00:00:00,2024-12-31 00:00:00,2022-01-01 00:00:00,0.724,0.724,0.724,0.718,0.93,0.859,42,2579,16,16
2025-11-16 10:58:03,Italy_level_3_final,RidgeClassifier (Calibrated),Month+3,0.5,2005-01-01 00:00:00,2024-12-31 00:00:00,2022-01-01 00:00:00,0.503,0.621,0.48,0.534,0.785,0.736,36,2556,22,39
2025-11-16 10:58:03,Italy_level_3_final,RidgeClassifier (Calibrated),Month+4,0.5,2005-01-01 00:00:00,2024-12-31 00:00:00,2022-01-01 00:00:00,0.447,0.552,0.427,0.472,0.772,0.708,32,2552,26,43
2025-11-16 10:58:03,Italy_level_3_final,RidgeClassifier (Calibrated),Month+5,0.5,2005-01-01 00:00:00,2024-12-31 00:00:00,2022-01-01 00:00:00,0.361,0.464,0.342,0.383,0.742,0.665,26,2547,30,50
2025-11-16 10:58:03,Italy_level_3_final,RidgeClassifier (Calibrated),Month+6,0.5,2005-01-01 00:00:00,2024-12-31 00:00:00,2022-01-01 00:00:00,0.275,0.388,0.257,0.3,0.748,0.623,19,2549,30,55
2025-11-16 10:58:27,Italy_level_3_final,Random Forest,Month+1,0.5,2005-01-01 00:00:00,2024-12-31 00:00:00,2022-01-01 00:00:00,0.906,0.881,0.912,0.894,0.997,0.955,52,2589,7,5
2025-11-16 10:58:27,Italy_level_3_final,Random Forest,Month+2,0.5,2005-01-01 00:00:00,2024-12-31 00:00:00,2022-01-01 00:00:00,0.776,0.776,0.776,0.771,0.976,0.885,45,2582,13,13
2025-11-16 10:58:27,Italy_level_3_final,Random Forest,Month+3,0.5,2005-01-01 00:00:00,2024-12-31 00:00:00,2022-01-01 00:00:00,0.552,0.736,0.52,0.61,0.874,0.757,39,2564,14,36
2025-11-16 10:58:27,Italy_level_3_final,Random Forest,Month+4,0.5,2005-01-01 00:00:00,2024-12-31 00:00:00,2022-01-01 00:00:00,0.458,0.653,0.427,0.517,0.821,0.71,32,2561,17,43
2025-11-16 10:58:27,Italy_level_3_final,Random Forest,Month+5,0.5,2005-01-01 00:00:00,2024-12-31 00:00:00,2022-01-01 00:00:00,0.401,0.622,0.368,0.467,0.781,0.681,28,2560,17,48
2025-11-16 10:58:27,Italy_level_3_final,Random Forest,Month+6,0.5,2005-01-01 00:00:00,2024-12-31 00:00:00,2022-01-01 00:00:00,0.36,0.649,0.324,0.448,0.759,0.66,24,2566,13,50
2025-11-16 10:58:48,Italy_level_3_final,Balanced Random Forest,Month+1,0.5,2005-01-01 00:00:00,2024-12-31 00:00:00,2022-01-01 00:00:00,0.895,0.779,0.93,0.848,0.996,0.962,53,2581,15,4
2025-11-16 10:58:48,Italy_level_3_final,Balanced Random Forest,Month+2,0.5,2005-01-01 00:00:00,2024-12-31 00:00:00,2022-01-01 00:00:00,0.759,0.571,0.828,0.68,0.971,0.907,48,2559,36,10
2025-11-16 10:58:48,Italy_level_3_final,Balanced Random Forest,Month+3,0.5,2005-01-01 00:00:00,2024-12-31 00:00:00,2022-01-01 00:00:00,0.582,0.452,0.627,0.516,0.861,0.802,47,2521,57,28
2025-11-16 10:58:48,Italy_level_3_final,Balanced Random Forest,Month+4,0.5,2005-01-01 00:00:00,2024-12-31 00:00:00,2022-01-01 00:00:00,0.488,0.291,0.587,0.39,0.806,0.773,44,2471,107,31
2025-11-16 10:58:48,Italy_level_3_final,Balanced Random Forest,Month+5,0.5,2005-01-01 00:00:00,2024-12-31 00:00:00,2022-01-01 00:00:00,0.42,0.2,0.579,0.309,0.763,0.755,44,2401,176,32
2025-11-16 10:58:48,Italy_level_3_final,Balanced Random Forest,Month+6,0.5,2005-01-01 00:00:00,2024-12-31 00:00:00,2022-01-01 00:00:00,0.367,0.152,0.568,0.257,0.737,0.738,42,2345,234,32
2025-11-16 10:59:09,Italy_level_3_final,ExtraTrees,Month+1,0.5,2005-01-01 00:00:00,2024-12-31 00:00:00,2022-01-01 00:00:00,0.853,0.769,0.877,0.817,0.996,0.936,50,2581,15,7
2025-11-16 10:59:09,Italy_level_3_final,ExtraTrees,Month+2,0.5,2005-01-01 00:00:00,2024-12-31 00:00:00,2022-01-01 00:00:00,0.743,0.688,0.759,0.716,0.977,0.875,44,2575,20,14
2025-11-16 10:59:09,Italy_level_3_final,ExtraTrees,Month+3,0.5,2005-01-01 00:00:00,2024-12-31 00:00:00,2022-01-01 00:00:00,0.525,0.613,0.507,0.546,0.887,0.749,38,2554,24,37
2025-11-16 10:59:09,Italy_level_3_final,ExtraTrees,Month+4,0.5,2005-01-01 00:00:00,2024-12-31 00:00:00,2022-01-01 00:00:00,0.461,0.569,0.44,0.488,0.842,0.715,33,2553,25,42
2025-11-16 10:59:09,Italy_level_3_final,ExtraTrees,Month+5,0.5,2005-01-01 00:00:00,2024-12-31 00:00:00,2022-01-01 00:00:00,0.391,0.519,0.368,0.423,0.798,0.679,28,2551,26,48
2025-11-16 10:59:09,Italy_level_3_final,ExtraTrees,Month+6,0.5,2005-01-01 00:00:00,2024-12-31 00:00:00,2022-01-01 00:00:00,0.362,0.51,0.338,0.402,0.758,0.664,25,2555,24,49
2025-11-16 11:00:08,Italy_level_3_final,Gradient Boosting,Month+1,0.5,2005-01-01 00:00:00,2024-12-31 00:00:00,2022-01-01 00:00:00,0.892,0.879,0.895,0.884,0.996,0.946,51,2589,7,6
2025-11-16 11:00:08,Italy_level_3_final,Gradient Boosting,Month+2,0.5,2005-01-01 00:00:00,2024-12-31 00:00:00,2022-01-01 00:00:00,0.773,0.763,0.776,0.764,0.98,0.885,45,2581,14,13
2025-11-16 11:00:08,Italy_level_3_final,Gradient Boosting,Month+3,0.5,2005-01-01 00:00:00,2024-12-31 00:00:00,2022-01-01 00:00:00,0.546,0.684,0.52,0.586,0.859,0.757,39,2560,18,36
2025-11-16 11:00:08,Italy_level_3_final,Gradient Boosting,Month+4,0.5,2005-01-01 00:00:00,2024-12-31 00:00:00,2022-01-01 00:00:00,0.451,0.582,0.427,0.486,0.772,0.709,32,2555,23,43
2025-11-16 11:00:08,Italy_level_3_final,Gradient Boosting,Month+5,0.5,2005-01-01 00:00:00,2024-12-31 00:00:00,2022-01-01 00:00:00,0.398,0.583,0.368,0.451,0.709,0.68,28,2557,20,48
2025-11-16 11:00:08,Italy_level_3_final,Gradient Boosting,Month+6,0.5,2005-01-01 00:00:00,2024-12-31 00:00:00,2022-01-01 00:00:00,0.351,0.522,0.324,0.398,0.725,0.658,24,2557,22,50
2025-11-16 11:00:33,Italy_level_3_final,AdaBoost,Month+1,0.5,2005-01-01 00:00:00,2024-12-31 00:00:00,2022-01-01 00:00:00,0.906,0.881,0.912,0.894,0.995,0.955,52,2589,7,5
2025-11-16 11:00:33,Italy_level_3_final,AdaBoost,Month+2,0.5,2005-01-01 00:00:00,2024-12-31 00:00:00,2022-01-01 00:00:00,0.773,0.763,0.776,0.764,0.961,0.885,45,2581,14,13
2025-11-16 11:00:33,Italy_level_3_final,AdaBoost,Month+3,0.5,2005-01-01 00:00:00,2024-12-31 00:00:00,2022-01-01 00:00:00,0.457,0.64,0.427,0.512,0.868,0.71,32,2560,18,43
2025-11-16 11:00:33,Italy_level_3_final,AdaBoost,Month+4,0.5,2005-01-01 00:00:00,2024-12-31 00:00:00,2022-01-01 00:00:00,0.359,0.521,0.333,0.403,0.777,0.662,25,2555,23,50
2025-11-16 11:00:33,Italy_level_3_final,AdaBoost,Month+5,0.5,2005-01-01 00:00:00,2024-12-31 00:00:00,2022-01-01 00:00:00,0.258,0.4,0.237,0.292,0.717,0.613,18,2550,27,58
2025-11-16 11:00:33,Italy_level_3_final,AdaBoost,Month+6,0.5,2005-01-01 00:00:00,2024-12-31 00:00:00,2022-01-01 00:00:00,0.266,0.429,0.243,0.309,0.736,0.617,18,2555,24,56
2025-11-16 11:00:55,Italy_level_3_final,Hist Gradient Boosting,Month+1,0.5,2005-01-01 00:00:00,2024-12-31 00:00:00,2022-01-01 00:00:00,0.906,0.881,0.912,0.894,0.995,0.955,52,2589,7,5
2025-11-16 11:00:55,Italy_level_3_final,Hist Gradient Boosting,Month+2,0.5,2005-01-01 00:00:00,2024-12-31 00:00:00,2022-01-01 00:00:00,0.773,0.763,0.776,0.764,0.97,0.885,45,2581,14,13
2025-11-16 11:00:55,Italy_level_3_final,Hist Gradient Boosting,Month+3,0.5,2005-01-01 00:00:00,2024-12-31 00:00:00,2022-01-01 00:00:00,0.559,0.69,0.533,0.597,0.879,0.763,40,2560,18,35
2025-11-16 11:00:55,Italy_level_3_final,Hist Gradient Boosting,Month+4,0.5,2005-01-01 00:00:00,2024-12-31 00:00:00,2022-01-01 00:00:00,0.452,0.508,0.44,0.458,0.808,0.714,33,2546,32,42
2025-11-16 11:00:55,Italy_level_3_final,Hist Gradient Boosting,Month+5,0.5,2005-01-01 00:00:00,2024-12-31 00:00:00,2022-01-01 00:00:00,0.387,0.408,0.382,0.378,0.771,0.683,29,2535,42,47
2025-11-16 11:00:55,Italy_level_3_final,Hist Gradient Boosting,Month+6,0.5,2005-01-01 00:00:00,2024-12-31 00:00:00,2022-01-01 00:00:00,0.373,0.409,0.365,0.37,0.752,0.675,27,2540,39,47
2025-11-16 11:01:06,Italy_level_3_final,XGBoost,Month+1,0.5,2005-01-01 00:00:00,2024-12-31 00:00:00,2022-01-01 00:00:00,0.906,0.881,0.912,0.894,0.997,0.955,52,2589,7,5
2025-11-16 11:01:06,Italy_level_3_final,XGBoost,Month+2,0.5,2005-01-01 00:00:00,2024-12-31 00:00:00,2022-01-01 00:00:00,0.788,0.767,0.793,0.775,0.973,0.894,46,2581,14,12
2025-11-16 11:01:06,Italy_level_3_final,XGBoost,Month+3,0.5,2005-01-01 00:00:00,2024-12-31 00:00:00,2022-01-01 00:00:00,0.552,0.645,0.533,0.576,0.868,0.762,40,2556,22,35
2025-11-16 11:01:06,Italy_level_3_final,XGBoost,Month+4,0.5,2005-01-01 00:00:00,2024-12-31 00:00:00,2022-01-01 00:00:00,0.466,0.523,0.453,0.473,0.793,0.721,34,2547,31,41
2025-11-16 11:01:06,Italy_level_3_final,XGBoost,Month+5,0.5,2005-01-01 00:00:00,2024-12-31 00:00:00,2022-01-01 00:00:00,0.394,0.39,0.395,0.374,0.726,0.688,30,2530,47,46
2025-11-16 11:01:06,Italy_level_3_final,XGBoost,Month+6,0.5,2005-01-01 00:00:00,2024-12-31 00:00:00,2022-01-01 00:00:00,0.351,0.303,0.365,0.312,0.723,0.67,27,2517,62,47
2025-11-16 11:01:12,Italy_level_3_final,LightGBM,Month+1,0.5,2005-01-01 00:00:00,2024-12-31 00:00:00,2022-01-01 00:00:00,0.906,0.881,0.912,0.894,0.996,0.955,52,2589,7,5
2025-11-16 11:01:12,Italy_level_3_final,LightGBM,Month+2,0.5,2005-01-01 00:00:00,2024-12-31 00:00:00,2022-01-01 00:00:00,0.782,0.742,0.793,0.762,0.974,0.893,46,2579,16,12
2025-11-16 11:01:12,Italy_level_3_final,LightGBM,Month+3,0.5,2005-01-01 00:00:00,2024-12-31 00:00:00,2022-01-01 00:00:00,0.537,0.462,0.56,0.493,0.909,0.77,42,2529,49,33
2025-11-16 11:01:12,Italy_level_3_final,LightGBM,Month+4,0.5,2005-01-01 00:00:00,2024-12-31 00:00:00,2022-01-01 00:00:00,0.44,0.33,0.48,0.377,0.818,0.726,36,2505,73,39
2025-11-16 11:01:12,Italy_level_3_final,LightGBM,Month+5,0.5,2005-01-01 00:00:00,2024-12-31 00:00:00,2022-01-01 00:00:00,0.389,0.256,0.447,0.313,0.789,0.704,34,2478,99,42
2025-11-16 11:01:12,Italy_level_3_final,LightGBM,Month+6,0.5,2005-01-01 00:00:00,2024-12-31 00:00:00,2022-01-01 00:00:00,0.366,0.201,0.459,0.274,0.766,0.704,34,2444,135,40
2025-11-16 11:02:47,Italy_level_3_final,CatBoost,Month+1,0.5,2005-01-01 00:00:00,2024-12-31 00:00:00,2022-01-01 00:00:00,0.906,0.881,0.912,0.894,0.997,0.955,52,2589,7,5
2025-11-16 11:02:47,Italy_level_3_final,CatBoost,Month+2,0.5,2005-01-01 00:00:00,2024-12-31 00:00:00,2022-01-01 00:00:00,0.774,0.708,0.793,0.743,0.966,0.893,46,2576,19,12
2025-11-16 11:02:47,Italy_level_3_final,CatBoost,Month+3,0.5,2005-01-01 00:00:00,2024-12-31 00:00:00,2022-01-01 00:00:00,0.53,0.438,0.56,0.478,0.873,0.77,42,2524,54,33
2025-11-16 11:02:47,Italy_level_3_final,CatBoost,Month+4,0.5,2005-01-01 00:00:00,2024-12-31 00:00:00,2022-01-01 00:00:00,0.442,0.277,0.52,0.355,0.802,0.74,39,2476,102,36
2025-11-16 11:02:47,Italy_level_3_final,CatBoost,Month+5,0.5,2005-01-01 00:00:00,2024-12-31 00:00:00,2022-01-01 00:00:00,0.369,0.187,0.487,0.269,0.75,0.712,37,2416,161,39
2025-11-16 11:02:47,Italy_level_3_final,CatBoost,Month+6,0.5,2005-01-01 00:00:00,2024-12-31 00:00:00,2022-01-01 00:00:00,0.312,0.132,0.473,0.211,0.725,0.692,35,2349,230,39
2025-11-18 14:43:38,France_level_3_final,k-Nearest Neighbors,Month+1,0.5,2005-01-01,2024-12-31,2022-01-01,0.927,0.73,0.994,0.764,0.913,0.902,805,1268,297,5
2025-11-18 14:43:38,France_level_3_final,k-Nearest Neighbors,Month+2,0.5,2005-01-01,2024-12-31,2022-01-01,0.911,0.693,0.99,0.732,0.902,0.89,760,1270,337,8
2025-11-18 14:43:38,France_level_3_final,k-Nearest Neighbors,Month+3,0.5,2005-01-01,2024-12-31,2022-01-01,0.893,0.657,0.981,0.696,0.885,0.875,724,1259,378,14
2025-11-18 14:43:38,France_level_3_final,k-Nearest Neighbors,Month+4,0.5,2005-01-01,2024-12-31,2022-01-01,0.865,0.632,0.953,0.654,0.864,0.853,697,1238,406,34
2025-11-18 14:43:38,France_level_3_final,k-Nearest Neighbors,Month+5,0.5,2005-01-01,2024-12-31,2022-01-01,0.836,0.611,0.921,0.61,0.841,0.829,675,1212,430,58
2025-11-18 14:43:38,France_level_3_final,k-Nearest Neighbors,Month+6,0.5,2005-01-01,2024-12-31,2022-01-01,0.805,0.592,0.885,0.565,0.82,0.804,655,1183,452,85
2025-11-18 14:45:39,France_level_3_final,SVC (RBF Kernel),Month+1,0.5,2005-01-01 00:00:00,2024-12-31 00:00:00,2022-01-01 00:00:00,0.964,0.842,1.0,0.872,0.981,0.951,810,1413,152,0
2025-11-18 14:45:39,France_level_3_final,SVC (RBF Kernel),Month+2,0.5,2005-01-01 00:00:00,2024-12-31 00:00:00,2022-01-01 00:00:00,0.947,0.789,0.996,0.827,0.969,0.935,765,1403,204,3
2025-11-18 14:45:39,France_level_3_final,SVC (RBF Kernel),Month+3,0.5,2005-01-01 00:00:00,2024-12-31 00:00:00,2022-01-01 00:00:00,0.922,0.755,0.976,0.786,0.941,0.916,720,1403,234,18
2025-11-18 14:45:39,France_level_3_final,SVC (RBF Kernel),Month+4,0.5,2005-01-01 00:00:00,2024-12-31 00:00:00,2022-01-01 00:00:00,0.87,0.707,0.923,0.709,0.906,0.877,675,1364,280,56
2025-11-18 14:45:39,France_level_3_final,SVC (RBF Kernel),Month+5,0.5,2005-01-01 00:00:00,2024-12-31 00:00:00,2022-01-01 00:00:00,0.81,0.657,0.859,0.621,0.875,0.83,630,1313,329,103
2025-11-18 14:45:39,France_level_3_final,SVC (RBF Kernel),Month+6,0.5,2005-01-01 00:00:00,2024-12-31 00:00:00,2022-01-01 00:00:00,0.756,0.61,0.804,0.538,0.854,0.786,595,1255,380,145
2025-11-18 14:46:17,France_level_3_final,Logistic Regression,Month+1,0.5,2005-01-01 00:00:00,2024-12-31 00:00:00,2022-01-01 00:00:00,0.96,0.829,1.0,0.861,0.969,0.947,810,1398,167,0
2025-11-18 14:46:17,France_level_3_final,Logistic Regression,Month+2,0.5,2005-01-01 00:00:00,2024-12-31 00:00:00,2022-01-01 00:00:00,0.943,0.777,0.996,0.816,0.947,0.93,765,1388,219,3
2025-11-18 14:46:17,France_level_3_final,Logistic Regression,Month+3,0.5,2005-01-01 00:00:00,2024-12-31 00:00:00,2022-01-01 00:00:00,0.918,0.742,0.976,0.775,0.917,0.911,720,1387,250,18
2025-11-18 14:46:17,France_level_3_final,Logistic Regression,Month+4,0.5,2005-01-01 00:00:00,2024-12-31 00:00:00,2022-01-01 00:00:00,0.876,0.704,0.933,0.712,0.882,0.879,682,1357,287,49
2025-11-18 14:46:17,France_level_3_final,Logistic Regression,Month+5,0.5,2005-01-01 00:00:00,2024-12-31 00:00:00,2022-01-01 00:00:00,0.841,0.642,0.911,0.637,0.856,0.842,668,1269,373,65
2025-11-18 14:46:17,France_level_3_final,Logistic Regression,Month+6,0.5,2005-01-01 00:00:00,2024-12-31 00:00:00,2022-01-01 00:00:00,0.812,0.599,0.891,0.577,0.829,0.81,659,1194,441,81
2025-11-18 14:50:22,France_level_3_final,Linear SVM (Calibrated),Month+1,0.5,2005-01-01 00:00:00,2024-12-31 00:00:00,2022-01-01 00:00:00,0.974,0.88,1.0,0.905,0.971,0.965,810,1455,110,0
2025-11-18 14:50:22,France_level_3_final,Linear SVM (Calibrated),Month+2,0.5,2005-01-01 00:00:00,2024-12-31 00:00:00,2022-01-01 00:00:00,0.956,0.827,0.995,0.859,0.95,0.948,764,1447,160,4
2025-11-18 14:50:22,France_level_3_final,Linear SVM (Calibrated),Month+3,0.5,2005-01-01 00:00:00,2024-12-31 00:00:00,2022-01-01 00:00:00,0.928,0.778,0.974,0.806,0.916,0.925,719,1432,205,19
2025-11-18 14:50:22,France_level_3_final,Linear SVM (Calibrated),Month+4,0.5,2005-01-01 00:00:00,2024-12-31 00:00:00,2022-01-01 00:00:00,0.875,0.73,0.921,0.729,0.879,0.885,673,1395,249,58
2025-11-18 14:50:22,France_level_3_final,Linear SVM (Calibrated),Month+5,0.5,2005-01-01 00:00:00,2024-12-31 00:00:00,2022-01-01 00:00:00,0.821,0.684,0.865,0.65,0.848,0.843,634,1349,293,99
2025-11-18 14:50:22,France_level_3_final,Linear SVM (Calibrated),Month+6,0.5,2005-01-01 00:00:00,2024-12-31 00:00:00,2022-01-01 00:00:00,0.765,0.639,0.804,0.568,0.821,0.799,595,1299,336,145
2025-11-18 14:50:22,France_level_3_final,RidgeClassifier (Calibrated),Month+1,0.5,2005-01-01 00:00:00,2024-12-31 00:00:00,2022-01-01 00:00:00,0.978,0.9,1.0,0.921,0.979,0.971,810,1475,90,0
2025-11-18 14:50:22,France_level_3_final,RidgeClassifier (Calibrated),Month+2,0.5,2005-01-01 00:00:00,2024-12-31 00:00:00,2022-01-01 00:00:00,0.963,0.85,0.996,0.879,0.962,0.956,765,1472,135,3
2025-11-18 14:50:22,France_level_3_final,RidgeClassifier (Calibrated),Month+3,0.5,2005-01-01 00:00:00,2024-12-31 00:00:00,2022-01-01 00:00:00,0.935,0.8,0.976,0.826,0.931,0.933,720,1457,180,18
2025-11-18 14:50:22,France_level_3_final,RidgeClassifier (Calibrated),Month+4,0.5,2005-01-01 00:00:00,2024-12-31 00:00:00,2022-01-01 00:00:00,0.882,0.749,0.923,0.748,0.894,0.893,675,1418,226,56
2025-11-18 14:50:22,France_level_3_final,RidgeClassifier (Calibrated),Month+5,0.5,2005-01-01 00:00:00,2024-12-31 00:00:00,2022-01-01 00:00:00,0.821,0.698,0.859,0.66,0.854,0.847,630,1369,273,103
2025-11-18 14:50:22,France_level_3_final,RidgeClassifier (Calibrated),Month+6,0.5,2005-01-01 00:00:00,2024-12-31 00:00:00,2022-01-01 00:00:00,0.756,0.643,0.791,0.564,0.821,0.796,585,1310,325,155
2025-11-18 14:50:35,France_level_3_final,Random Forest,Month+1,0.5,2005-01-01 00:00:00,2024-12-31 00:00:00,2022-01-01 00:00:00,0.972,0.874,1.0,0.899,0.977,0.963,810,1448,117,0
2025-11-18 14:50:35,France_level_3_final,Random Forest,Month+2,0.5,2005-01-01 00:00:00,2024-12-31 00:00:00,2022-01-01 00:00:00,0.961,0.843,0.996,0.874,0.955,0.954,765,1465,142,3
2025-11-18 14:50:35,France_level_3_final,Random Forest,Month+3,0.5,2005-01-01 00:00:00,2024-12-31 00:00:00,2022-01-01 00:00:00,0.932,0.792,0.976,0.819,0.924,0.93,720,1448,189,18
2025-11-18 14:50:35,France_level_3_final,Random Forest,Month+4,0.5,2005-01-01 00:00:00,2024-12-31 00:00:00,2022-01-01 00:00:00,0.883,0.75,0.923,0.748,0.892,0.893,675,1419,225,56
2025-11-18 14:50:35,France_level_3_final,Random Forest,Month+5,0.5,2005-01-01 00:00:00,2024-12-31 00:00:00,2022-01-01 00:00:00,0.822,0.7,0.859,0.662,0.86,0.848,630,1372,270,103
2025-11-18 14:50:35,France_level_3_final,Random Forest,Month+6,0.5,2005-01-01 00:00:00,2024-12-31 00:00:00,2022-01-01 00:00:00,0.758,0.651,0.791,0.571,0.837,0.799,585,1321,314,155
2025-11-18 14:50:52,France_level_3_final,Balanced Random Forest,Month+1,0.5,2005-01-01 00:00:00,2024-12-31 00:00:00,2022-01-01 00:00:00,0.959,0.825,1.0,0.857,0.98,0.945,810,1393,172,0
2025-11-18 14:50:52,France_level_3_final,Balanced Random Forest,Month+2,0.5,2005-01-01 00:00:00,2024-12-31 00:00:00,2022-01-01 00:00:00,0.942,0.774,0.996,0.814,0.958,0.929,765,1384,223,3
2025-11-18 14:50:52,France_level_3_final,Balanced Random Forest,Month+3,0.5,2005-01-01 00:00:00,2024-12-31 00:00:00,2022-01-01 00:00:00,0.923,0.758,0.976,0.789,0.925,0.918,720,1407,230,18
2025-11-18 14:50:52,France_level_3_final,Balanced Random Forest,Month+4,0.5,2005-01-01 00:00:00,2024-12-31 00:00:00,2022-01-01 00:00:00,0.872,0.714,0.923,0.716,0.889,0.88,675,1374,270,56
2025-11-18 14:50:52,France_level_3_final,Balanced Random Forest,Month+5,0.5,2005-01-01 00:00:00,2024-12-31 00:00:00,2022-01-01 00:00:00,0.814,0.672,0.859,0.635,0.856,0.836,630,1334,308,103
2025-11-18 14:50:52,France_level_3_final,Balanced Random Forest,Month+6,0.5,2005-01-01 00:00:00,2024-12-31 00:00:00,2022-01-01 00:00:00,0.751,0.614,0.796,0.537,0.835,0.785,589,1264,371,151
2025-11-18 14:51:08,France_level_3_final,ExtraTrees,Month+1,0.5,2005-01-01 00:00:00,2024-12-31 00:00:00,2022-01-01 00:00:00,0.961,0.831,1.0,0.862,0.959,0.947,810,1400,165,0
2025-11-18 14:51:08,France_level_3_final,ExtraTrees,Month+2,0.5,2005-01-01 00:00:00,2024-12-31 00:00:00,2022-01-01 00:00:00,0.951,0.804,0.996,0.84,0.938,0.94,765,1421,186,3
2025-11-18 14:51:08,France_level_3_final,ExtraTrees,Month+3,0.5,2005-01-01 00:00:00,2024-12-31 00:00:00,2022-01-01 00:00:00,0.924,0.762,0.976,0.792,0.913,0.919,720,1412,225,18
2025-11-18 14:51:08,France_level_3_final,ExtraTrees,Month+4,0.5,2005-01-01 00:00:00,2024-12-31 00:00:00,2022-01-01 00:00:00,0.872,0.714,0.923,0.715,0.889,0.879,675,1373,271,56
2025-11-18 14:51:08,France_level_3_final,ExtraTrees,Month+5,0.5,2005-01-01 00:00:00,2024-12-31 00:00:00,2022-01-01 00:00:00,0.832,0.666,0.888,0.647,0.86,0.844,651,1315,327,82
2025-11-18 14:51:08,France_level_3_final,ExtraTrees,Month+6,0.5,2005-01-01 00:00:00,2024-12-31 00:00:00,2022-01-01 00:00:00,0.784,0.616,0.841,0.566,0.839,0.802,622,1248,387,118
2025-11-18 14:51:50,France_level_3_final,Gradient Boosting,Month+1,0.5,2005-01-01 00:00:00,2024-12-31 00:00:00,2022-01-01 00:00:00,0.987,0.94,1.0,0.953,0.983,0.983,810,1513,52,0
2025-11-18 14:51:50,France_level_3_final,Gradient Boosting,Month+2,0.5,2005-01-01 00:00:00,2024-12-31 00:00:00,2022-01-01 00:00:00,0.972,0.887,0.996,0.91,0.957,0.968,765,1510,97,3
2025-11-18 14:51:50,France_level_3_final,Gradient Boosting,Month+3,0.5,2005-01-01 00:00:00,2024-12-31 00:00:00,2022-01-01 00:00:00,0.939,0.815,0.976,0.839,0.93,0.938,720,1474,163,18
2025-11-18 14:51:50,France_level_3_final,Gradient Boosting,Month+4,0.5,2005-01-01 00:00:00,2024-12-31 00:00:00,2022-01-01 00:00:00,0.882,0.748,0.923,0.747,0.889,0.893,675,1417,227,56
2025-11-18 14:51:50,France_level_3_final,Gradient Boosting,Month+5,0.5,2005-01-01 00:00:00,2024-12-31 00:00:00,2022-01-01 00:00:00,0.821,0.69,0.862,0.654,0.853,0.845,632,1358,284,101
2025-11-18 14:51:50,France_level_3_final,Gradient Boosting,Month+6,0.5,2005-01-01 00:00:00,2024-12-31 00:00:00,2022-01-01 00:00:00,0.768,0.65,0.804,0.578,0.83,0.804,595,1314,321,145
2025-11-18 14:52:08,France_level_3_final,AdaBoost,Month+1,0.5,2005-01-01 00:00:00,2024-12-31 00:00:00,2022-01-01 00:00:00,0.983,0.927,0.999,0.942,0.979,0.979,809,1501,64,1
2025-11-18 14:52:08,France_level_3_final,AdaBoost,Month+2,0.5,2005-01-01 00:00:00,2024-12-31 00:00:00,2022-01-01 00:00:00,0.968,0.87,0.996,0.896,0.965,0.963,765,1493,114,3
2025-11-18 14:52:08,France_level_3_final,AdaBoost,Month+3,0.5,2005-01-01 00:00:00,2024-12-31 00:00:00,2022-01-01 00:00:00,0.936,0.812,0.973,0.834,0.939,0.936,718,1471,166,20
2025-11-18 14:52:08,France_level_3_final,AdaBoost,Month+4,0.5,2005-01-01 00:00:00,2024-12-31 00:00:00,2022-01-01 00:00:00,0.88,0.76,0.917,0.752,0.907,0.894,670,1432,212,61
2025-11-18 14:52:08,France_level_3_final,AdaBoost,Month+5,0.5,2005-01-01 00:00:00,2024-12-31 00:00:00,2022-01-01 00:00:00,0.832,0.725,0.864,0.687,0.871,0.859,633,1402,240,100
2025-11-18 14:52:08,France_level_3_final,AdaBoost,Month+6,0.5,2005-01-01 00:00:00,2024-12-31 00:00:00,2022-01-01 00:00:00,0.784,0.661,0.822,0.6,0.845,0.815,608,1323,312,132
2025-11-18 14:52:29,France_level_3_final,Hist Gradient Boosting,Month+1,0.5,2005-01-01 00:00:00,2024-12-31 00:00:00,2022-01-01 00:00:00,0.988,0.941,1.0,0.954,0.984,0.984,810,1514,51,0
2025-11-18 14:52:29,France_level_3_final,Hist Gradient Boosting,Month+2,0.5,2005-01-01 00:00:00,2024-12-31 00:00:00,2022-01-01 00:00:00,0.968,0.869,0.996,0.895,0.958,0.962,765,1492,115,3
2025-11-18 14:52:29,France_level_3_final,Hist Gradient Boosting,Month+3,0.5,2005-01-01 00:00:00,2024-12-31 00:00:00,2022-01-01 00:00:00,0.936,0.816,0.972,0.836,0.932,0.936,717,1475,162,21
2025-11-18 14:52:29,France_level_3_final,Hist Gradient Boosting,Month+4,0.5,2005-01-01 00:00:00,2024-12-31 00:00:00,2022-01-01 00:00:00,0.885,0.762,0.922,0.758,0.908,0.897,674,1434,210,57
2025-11-18 14:52:29,France_level_3_final,Hist Gradient Boosting,Month+5,0.5,2005-01-01 00:00:00,2024-12-31 00:00:00,2022-01-01 00:00:00,0.829,0.721,0.861,0.682,0.885,0.856,631,1398,244,102
2025-11-18 14:52:29,France_level_3_final,Hist Gradient Boosting,Month+6,0.5,2005-01-01 00:00:00,2024-12-31 00:00:00,2022-01-01 00:00:00,0.769,0.666,0.8,0.592,0.851,0.809,592,1338,297,148
2025-11-18 14:52:38,France_level_3_final,XGBoost,Month+1,0.5,2005-01-01 00:00:00,2024-12-31 00:00:00,2022-01-01 00:00:00,0.977,0.894,1.0,0.916,0.98,0.969,810,1469,96,0
2025-11-18 14:52:38,France_level_3_final,XGBoost,Month+2,0.5,2005-01-01 00:00:00,2024-12-31 00:00:00,2022-01-01 00:00:00,0.961,0.843,0.996,0.873,0.959,0.954,765,1464,143,3
2025-11-18 14:52:38,France_level_3_final,XGBoost,Month+3,0.5,2005-01-01 00:00:00,2024-12-31 00:00:00,2022-01-01 00:00:00,0.932,0.791,0.976,0.818,0.933,0.93,720,1447,190,18
2025-11-18 14:52:38,France_level_3_final,XGBoost,Month+4,0.5,2005-01-01 00:00:00,2024-12-31 00:00:00,2022-01-01 00:00:00,0.881,0.744,0.923,0.743,0.907,0.891,675,1412,232,56
2025-11-18 14:52:38,France_level_3_final,XGBoost,Month+5,0.5,2005-01-01 00:00:00,2024-12-31 00:00:00,2022-01-01 00:00:00,0.821,0.695,0.859,0.657,0.876,0.846,630,1366,276,103
2025-11-18 14:52:38,France_level_3_final,XGBoost,Month+6,0.5,2005-01-01 00:00:00,2024-12-31 00:00:00,2022-01-01 00:00:00,0.766,0.657,0.799,0.583,0.857,0.805,591,1327,308,149
2025-11-18 14:52:44,France_level_3_final,LightGBM,Month+1,0.5,2005-01-01 00:00:00,2024-12-31 00:00:00,2022-01-01 00:00:00,0.988,0.943,1.0,0.956,0.981,0.984,810,1516,49,0
2025-11-18 14:52:44,France_level_3_final,LightGBM,Month+2,0.5,2005-01-01 00:00:00,2024-12-31 00:00:00,2022-01-01 00:00:00,0.96,0.839,0.996,0.87,0.953,0.952,765,1460,147,3
2025-11-18 14:52:44,France_level_3_final,LightGBM,Month+3,0.5,2005-01-01 00:00:00,2024-12-31 00:00:00,2022-01-01 00:00:00,0.933,0.794,0.976,0.821,0.929,0.931,720,1450,187,18
2025-11-18 14:52:44,France_level_3_final,LightGBM,Month+4,0.5,2005-01-01 00:00:00,2024-12-31 00:00:00,2022-01-01 00:00:00,0.88,0.739,0.923,0.739,0.912,0.889,675,1406,238,56
2025-11-18 14:52:44,France_level_3_final,LightGBM,Month+5,0.5,2005-01-01 00:00:00,2024-12-31 00:00:00,2022-01-01 00:00:00,0.833,0.704,0.873,0.674,0.883,0.855,640,1373,269,93
2025-11-18 14:52:44,France_level_3_final,LightGBM,Month+6,0.5,2005-01-01 00:00:00,2024-12-31 00:00:00,2022-01-01 00:00:00,0.781,0.66,0.819,0.597,0.86,0.814,606,1323,312,134
2025-11-18 14:53:42,France_level_3_final,CatBoost,Month+1,0.500,2005-01-01 00:00:00,2024-12-31 00:00:00,2022-01-01 00:00:00,0.976,0.890,1.000,0.913,0.979,0.968,810,1465,100,0
2025-11-18 14:53:42,France_level_3_final,CatBoost,Month+2,0.500,2005-01-01 00:00:00,2024-12-31 00:00:00,2022-01-01 00:00:00,0.949,0.799,0.996,0.835,0.961,0.938,765,1414,193,3
2025-11-18 14:53:42,France_level_3_final,CatBoost,Month+3,0.500,2005-01-01 00:00:00,2024-12-31 00:00:00,2022-01-01 00:00:00,0.923,0.758,0.976,0.789,0.934,0.918,720,1407,230,18
2025-11-18 14:53:42,France_level_3_final,CatBoost,Month+4,0.500,2005-01-01 00:00:00,2024-12-31 00:00:00,2022-01-01 00:00:00,0.872,0.714,0.923,0.716,0.910,0.880,675,1374,270,56
2025-11-18 14:53:42,France_level_3_final,CatBoost,Month+5,0.500,2005-01-01 00:00:00,2024-12-31 00:00:00,2022-01-01 00:00:00,0.817,0.671,0.864,0.637,0.878,0.837,633,1332,310,100
2025-11-18 14:53:42,France_level_3_final,CatBoost,Month+6,0.500,2005-01-01 00:00:00,2024-12-31 00:00:00,2022-01-01 00:00:00,0.783,0.609,0.843,0.560,0.851,0.799,624,1235,400,116
2025-11-18 14:28:03,Italy_level_2_final,k-Nearest Neighbors,Month+1,0.5,2005-01-01,2024-12-31,2022-01-01,0.809,0.745,0.826,0.762,0.944,0.899,38,441,13,8
2025-11-18 14:28:03,Italy_level_2_final,k-Nearest Neighbors,Month+2,0.5,2005-01-01,2024-12-31,2022-01-01,0.735,0.7,0.745,0.692,0.902,0.856,35,438,15,12
2025-11-18 14:28:03,Italy_level_2_final,k-Nearest Neighbors,Month+3,0.5,2005-01-01,2024-12-31,2022-01-01,0.627,0.702,0.611,0.617,0.819,0.79,33,432,14,21
2025-11-18 14:28:03,Italy_level_2_final,k-Nearest Neighbors,Month+4,0.5,2005-01-01,2024-12-31,2022-01-01,0.598,0.66,0.585,0.579,0.791,0.775,31,431,16,22
2025-11-18 14:28:03,Italy_level_2_final,k-Nearest Neighbors,Month+5,0.5,2005-01-01,2024-12-31,2022-01-01,0.569,0.617,0.558,0.541,0.761,0.759,29,430,18,23
2025-11-18 14:28:03,Italy_level_2_final,k-Nearest Neighbors,Month+6,0.5,2005-01-01,2024-12-31,2022-01-01,0.547,0.574,0.54,0.509,0.741,0.748,27,430,20,23
2025-11-18 14:28:08,Italy_level_2_final,SVC (RBF Kernel),Month+1,0.5,2005-01-01 00:00:00,2024-12-31 00:00:00,2022-01-01 00:00:00,0.83,0.844,0.826,0.819,0.988,0.905,38,447,7,8
2025-11-18 14:28:08,Italy_level_2_final,SVC (RBF Kernel),Month+2,0.5,2005-01-01 00:00:00,2024-12-31 00:00:00,2022-01-01 00:00:00,0.748,0.761,0.745,0.727,0.951,0.86,35,442,11,12
2025-11-18 14:28:08,Italy_level_2_final,SVC (RBF Kernel),Month+3,0.5,2005-01-01 00:00:00,2024-12-31 00:00:00,2022-01-01 00:00:00,0.63,0.717,0.611,0.625,0.887,0.791,33,433,13,21
2025-11-18 14:28:08,Italy_level_2_final,SVC (RBF Kernel),Month+4,0.5,2005-01-01 00:00:00,2024-12-31 00:00:00,2022-01-01 00:00:00,0.601,0.674,0.585,0.587,0.862,0.776,31,432,15,22
2025-11-18 14:28:08,Italy_level_2_final,SVC (RBF Kernel),Month+5,0.5,2005-01-01 00:00:00,2024-12-31 00:00:00,2022-01-01 00:00:00,0.569,0.617,0.558,0.541,0.848,0.759,29,430,18,23
2025-11-18 14:28:08,Italy_level_2_final,SVC (RBF Kernel),Month+6,0.5,2005-01-01 00:00:00,2024-12-31 00:00:00,2022-01-01 00:00:00,0.56,0.56,0.56,0.511,0.835,0.756,28,428,22,22
2025-11-18 14:29:38,Italy_level_2_final,Logistic Regression,Month+1,0.5,2005-01-01 00:00:00,2024-12-31 00:00:00,2022-01-01 00:00:00,0.919,0.86,0.935,0.886,0.99,0.96,43,447,7,3
2025-11-18 14:29:38,Italy_level_2_final,Logistic Regression,Month+2,0.5,2005-01-01 00:00:00,2024-12-31 00:00:00,2022-01-01 00:00:00,0.826,0.741,0.851,0.771,0.932,0.91,40,439,14,7
2025-11-18 14:29:38,Italy_level_2_final,Logistic Regression,Month+3,0.5,2005-01-01 00:00:00,2024-12-31 00:00:00,2022-01-01 00:00:00,0.709,0.661,0.722,0.652,0.855,0.839,39,426,20,15
2025-11-18 14:29:38,Italy_level_2_final,Logistic Regression,Month+4,0.5,2005-01-01 00:00:00,2024-12-31 00:00:00,2022-01-01 00:00:00,0.686,0.585,0.717,0.601,0.848,0.828,38,420,27,15
2025-11-18 14:29:38,Italy_level_2_final,Logistic Regression,Month+5,0.5,2005-01-01 00:00:00,2024-12-31 00:00:00,2022-01-01 00:00:00,0.642,0.463,0.712,0.513,0.813,0.808,37,405,43,15
2025-11-18 14:29:38,Italy_level_2_final,Logistic Regression,Month+6,0.5,2005-01-01 00:00:00,2024-12-31 00:00:00,2022-01-01 00:00:00,0.587,0.357,0.7,0.423,0.803,0.78,35,387,63,15
2025-11-18 14:30:28,Italy_level_2_final,Linear SVM (Calibrated),Month+1,0.5,2005-01-01 00:00:00,2024-12-31 00:00:00,2022-01-01 00:00:00,0.905,0.875,0.913,0.883,0.99,0.95,42,448,6,4
2025-11-18 14:30:28,Italy_level_2_final,Linear SVM (Calibrated),Month+2,0.5,2005-01-01 00:00:00,2024-12-31 00:00:00,2022-01-01 00:00:00,0.826,0.812,0.83,0.802,0.931,0.905,39,444,9,8
2025-11-18 14:30:28,Italy_level_2_final,Linear SVM (Calibrated),Month+3,0.5,2005-01-01 00:00:00,2024-12-31 00:00:00,2022-01-01 00:00:00,0.663,0.729,0.648,0.652,0.83,0.81,35,433,13,19
2025-11-18 14:30:28,Italy_level_2_final,Linear SVM (Calibrated),Month+4,0.5,2005-01-01 00:00:00,2024-12-31 00:00:00,2022-01-01 00:00:00,0.598,0.66,0.585,0.579,0.817,0.775,31,431,16,22
2025-11-18 14:30:28,Italy_level_2_final,Linear SVM (Calibrated),Month+5,0.5,2005-01-01 00:00:00,2024-12-31 00:00:00,2022-01-01 00:00:00,0.536,0.614,0.519,0.519,0.783,0.741,27,431,17,25
2025-11-18 14:30:28,Italy_level_2_final,Linear SVM (Calibrated),Month+6,0.5,2005-01-01 00:00:00,2024-12-31 00:00:00,2022-01-01 00:00:00,0.473,0.535,0.46,0.445,0.798,0.708,23,430,20,27
2025-11-18 14:30:29,Italy_level_2_final,RidgeClassifier (Calibrated),Month+1,0.5,2005-01-01 00:00:00,2024-12-31 00:00:00,2022-01-01 00:00:00,0.901,0.857,0.913,0.873,0.992,0.949,42,447,7,4
2025-11-18 14:30:29,Italy_level_2_final,RidgeClassifier (Calibrated),Month+2,0.5,2005-01-01 00:00:00,2024-12-31 00:00:00,2022-01-01 00:00:00,0.805,0.792,0.809,0.779,0.926,0.893,38,443,10,9
2025-11-18 14:30:29,Italy_level_2_final,RidgeClassifier (Calibrated),Month+3,0.5,2005-01-01 00:00:00,2024-12-31 00:00:00,2022-01-01 00:00:00,0.663,0.729,0.648,0.652,0.814,0.81,35,433,13,19
2025-11-18 14:30:29,Italy_level_2_final,RidgeClassifier (Calibrated),Month+4,0.5,2005-01-01 00:00:00,2024-12-31 00:00:00,2022-01-01 00:00:00,0.615,0.667,0.604,0.594,0.809,0.784,32,431,16,21
2025-11-18 14:30:29,Italy_level_2_final,RidgeClassifier (Calibrated),Month+5,0.5,2005-01-01 00:00:00,2024-12-31 00:00:00,2022-01-01 00:00:00,0.569,0.617,0.558,0.541,0.786,0.759,29,430,18,23
2025-11-18 14:30:29,Italy_level_2_final,RidgeClassifier (Calibrated),Month+6,0.5,2005-01-01 00:00:00,2024-12-31 00:00:00,2022-01-01 00:00:00,0.567,0.596,0.56,0.532,0.783,0.759,28,431,19,22
2025-11-18 14:30:33,Italy_level_2_final,Random Forest,Month+1,0.5,2005-01-01 00:00:00,2024-12-31 00:00:00,2022-01-01 00:00:00,0.948,0.917,0.957,0.93,0.995,0.974,44,450,4,2
2025-11-18 14:30:33,Italy_level_2_final,Random Forest,Month+2,0.5,2005-01-01 00:00:00,2024-12-31 00:00:00,2022-01-01 00:00:00,0.851,0.851,0.851,0.836,0.955,0.918,40,446,7,7
2025-11-18 14:30:33,Italy_level_2_final,Random Forest,Month+3,0.5,2005-01-01 00:00:00,2024-12-31 00:00:00,2022-01-01 00:00:00,0.687,0.783,0.667,0.692,0.897,0.822,36,436,10,18
2025-11-18 14:30:33,Italy_level_2_final,Random Forest,Month+4,0.5,2005-01-01 00:00:00,2024-12-31 00:00:00,2022-01-01 00:00:00,0.625,0.727,0.604,0.627,0.848,0.788,32,435,12,21
2025-11-18 14:30:33,Italy_level_2_final,Random Forest,Month+5,0.5,2005-01-01 00:00:00,2024-12-31 00:00:00,2022-01-01 00:00:00,0.56,0.667,0.538,0.558,0.803,0.754,28,434,14,24
2025-11-18 14:30:33,Italy_level_2_final,Random Forest,Month+6,0.5,2005-01-01 00:00:00,2024-12-31 00:00:00,2022-01-01 00:00:00,0.56,0.659,0.54,0.556,0.775,0.754,27,436,14,23
2025-11-18 14:30:40,Italy_level_2_final,Balanced Random Forest,Month+1,0.5,2005-01-01 00:00:00,2024-12-31 00:00:00,2022-01-01 00:00:00,0.932,0.846,0.957,0.889,0.993,0.969,44,446,8,2
2025-11-18 14:30:40,Italy_level_2_final,Balanced Random Forest,Month+2,0.5,2005-01-01 00:00:00,2024-12-31 00:00:00,2022-01-01 00:00:00,0.826,0.741,0.851,0.771,0.961,0.91,40,439,14,7
2025-11-18 14:30:40,Italy_level_2_final,Balanced Random Forest,Month+3,0.5,2005-01-01 00:00:00,2024-12-31 00:00:00,2022-01-01 00:00:00,0.685,0.685,0.685,0.647,0.895,0.824,37,429,17,17
2025-11-18 14:30:40,Italy_level_2_final,Balanced Random Forest,Month+4,0.5,2005-01-01 00:00:00,2024-12-31 00:00:00,2022-01-01 00:00:00,0.667,0.621,0.679,0.606,0.851,0.815,36,425,22,17
2025-11-18 14:30:40,Italy_level_2_final,Balanced Random Forest,Month+5,0.5,2005-01-01 00:00:00,2024-12-31 00:00:00,2022-01-01 00:00:00,0.647,0.514,0.692,0.542,0.806,0.808,36,414,34,16
2025-11-18 14:30:40,Italy_level_2_final,Balanced Random Forest,Month+6,0.5,2005-01-01 00:00:00,2024-12-31 00:00:00,2022-01-01 00:00:00,0.585,0.402,0.66,0.447,0.785,0.776,33,401,49,17
2025-11-18 14:30:45,Italy_level_2_final,ExtraTrees,Month+1,0.5,2005-01-01 00:00:00,2024-12-31 00:00:00,2022-01-01 00:00:00,0.911,0.827,0.935,0.866,0.994,0.957,43,445,9,3
2025-11-18 14:30:45,Italy_level_2_final,ExtraTrees,Month+2,0.5,2005-01-01 00:00:00,2024-12-31 00:00:00,2022-01-01 00:00:00,0.816,0.765,0.83,0.775,0.965,0.902,39,441,12,8
2025-11-18 14:30:45,Italy_level_2_final,ExtraTrees,Month+3,0.5,2005-01-01 00:00:00,2024-12-31 00:00:00,2022-01-01 00:00:00,0.658,0.7,0.648,0.636,0.908,0.807,35,431,15,19
2025-11-18 14:30:45,Italy_level_2_final,ExtraTrees,Month+4,0.5,2005-01-01 00:00:00,2024-12-31 00:00:00,2022-01-01 00:00:00,0.632,0.673,0.623,0.608,0.865,0.793,33,431,16,20
2025-11-18 14:30:45,Italy_level_2_final,ExtraTrees,Month+5,0.5,2005-01-01 00:00:00,2024-12-31 00:00:00,2022-01-01 00:00:00,0.586,0.625,0.577,0.556,0.826,0.768,30,430,18,22
2025-11-18 14:30:45,Italy_level_2_final,ExtraTrees,Month+6,0.5,2005-01-01 00:00:00,2024-12-31 00:00:00,2022-01-01 00:00:00,0.547,0.574,0.54,0.509,0.794,0.748,27,430,20,23
2025-11-18 14:30:52,Italy_level_2_final,Gradient Boosting,Month+1,0.5,2005-01-01 00:00:00,2024-12-31 00:00:00,2022-01-01 00:00:00,0.948,0.917,0.957,0.93,0.994,0.974,44,450,4,2
2025-11-18 14:30:52,Italy_level_2_final,Gradient Boosting,Month+2,0.5,2005-01-01 00:00:00,2024-12-31 00:00:00,2022-01-01 00:00:00,0.847,0.833,0.851,0.826,0.976,0.917,40,445,8,7
2025-11-18 14:30:52,Italy_level_2_final,Gradient Boosting,Month+3,0.5,2005-01-01 00:00:00,2024-12-31 00:00:00,2022-01-01 00:00:00,0.682,0.75,0.667,0.674,0.913,0.82,36,434,12,18
2025-11-18 14:30:52,Italy_level_2_final,Gradient Boosting,Month+4,0.5,2005-01-01 00:00:00,2024-12-31 00:00:00,2022-01-01 00:00:00,0.623,0.711,0.604,0.618,0.824,0.787,32,434,13,21
2025-11-18 14:30:52,Italy_level_2_final,Gradient Boosting,Month+5,0.5,2005-01-01 00:00:00,2024-12-31 00:00:00,2022-01-01 00:00:00,0.573,0.644,0.558,0.557,0.788,0.761,29,432,16,23
2025-11-18 14:30:52,Italy_level_2_final,Gradient Boosting,Month+6,0.5,2005-01-01 00:00:00,2024-12-31 00:00:00,2022-01-01 00:00:00,0.556,0.628,0.54,0.54,0.793,0.752,27,434,16,23
2025-11-18 14:30:55,Italy_level_2_final,AdaBoost,Month+1,0.5,2005-01-01 00:00:00,2024-12-31 00:00:00,2022-01-01 00:00:00,0.948,0.917,0.957,0.93,0.995,0.974,44,450,4,2
2025-11-18 14:30:55,Italy_level_2_final,AdaBoost,Month+2,0.5,2005-01-01 00:00:00,2024-12-31 00:00:00,2022-01-01 00:00:00,0.847,0.833,0.851,0.826,0.967,0.917,40,445,8,7
2025-11-18 14:30:55,Italy_level_2_final,AdaBoost,Month+3,0.5,2005-01-01 00:00:00,2024-12-31 00:00:00,2022-01-01 00:00:00,0.665,0.745,0.648,0.661,0.886,0.811,35,434,12,19
2025-11-18 14:30:55,Italy_level_2_final,AdaBoost,Month+4,0.5,2005-01-01 00:00:00,2024-12-31 00:00:00,2022-01-01 00:00:00,0.62,0.696,0.604,0.61,0.813,0.786,32,433,14,21
2025-11-18 14:30:55,Italy_level_2_final,AdaBoost,Month+5,0.5,2005-01-01 00:00:00,2024-12-31 00:00:00,2022-01-01 00:00:00,0.595,0.682,0.577,0.588,0.79,0.773,30,434,14,22
2025-11-18 14:30:55,Italy_level_2_final,AdaBoost,Month+6,0.5,2005-01-01 00:00:00,2024-12-31 00:00:00,2022-01-01 00:00:00,0.521,0.625,0.5,0.516,0.797,0.733,25,435,15,25
2025-11-18 14:31:04,Italy_level_2_final,Hist Gradient Boosting,Month+1,0.5,2005-01-01 00:00:00,2024-12-31 00:00:00,2022-01-01 00:00:00,0.948,0.917,0.957,0.93,0.995,0.974,44,450,4,2
2025-11-18 14:31:04,Italy_level_2_final,Hist Gradient Boosting,Month+2,0.5,2005-01-01 00:00:00,2024-12-31 00:00:00,2022-01-01 00:00:00,0.847,0.833,0.851,0.826,0.961,0.917,40,445,8,7
2025-11-18 14:31:04,Italy_level_2_final,Hist Gradient Boosting,Month+3,0.5,2005-01-01 00:00:00,2024-12-31 00:00:00,2022-01-01 00:00:00,0.687,0.783,0.667,0.692,0.899,0.822,36,436,10,18
2025-11-18 14:31:04,Italy_level_2_final,Hist Gradient Boosting,Month+4,0.5,2005-01-01 00:00:00,2024-12-31 00:00:00,2022-01-01 00:00:00,0.64,0.717,0.623,0.632,0.824,0.797,33,434,13,20
2025-11-18 14:31:04,Italy_level_2_final,Hist Gradient Boosting,Month+5,0.5,2005-01-01 00:00:00,2024-12-31 00:00:00,2022-01-01 00:00:00,0.578,0.674,0.558,0.573,0.804,0.763,29,434,14,23
2025-11-18 14:31:04,Italy_level_2_final,Hist Gradient Boosting,Month+6,0.5,2005-01-01 00:00:00,2024-12-31 00:00:00,2022-01-01 00:00:00,0.558,0.643,0.54,0.548,0.791,0.753,27,435,15,23
2025-11-18 14:31:06,Italy_level_2_final,XGBoost,Month+1,0.5,2005-01-01 00:00:00,2024-12-31 00:00:00,2022-01-01 00:00:00,0.948,0.917,0.957,0.93,0.995,0.974,44,450,4,2
2025-11-18 14:31:06,Italy_level_2_final,XGBoost,Month+2,0.5,2005-01-01 00:00:00,2024-12-31 00:00:00,2022-01-01 00:00:00,0.847,0.833,0.851,0.826,0.972,0.917,40,445,8,7
2025-11-18 14:31:06,Italy_level_2_final,XGBoost,Month+3,0.5,2005-01-01 00:00:00,2024-12-31 00:00:00,2022-01-01 00:00:00,0.682,0.75,0.667,0.674,0.908,0.82,36,434,12,18
2025-11-18 14:31:06,Italy_level_2_final,XGBoost,Month+4,0.5,2005-01-01 00:00:00,2024-12-31 00:00:00,2022-01-01 00:00:00,0.637,0.702,0.623,0.624,0.829,0.796,33,433,14,20
2025-11-18 14:31:06,Italy_level_2_final,XGBoost,Month+5,0.5,2005-01-01 00:00:00,2024-12-31 00:00:00,2022-01-01 00:00:00,0.588,0.638,0.577,0.564,0.809,0.769,30,431,17,22
2025-11-18 14:31:06,Italy_level_2_final,XGBoost,Month+6,0.5,2005-01-01 00:00:00,2024-12-31 00:00:00,2022-01-01 00:00:00,0.553,0.528,0.56,0.492,0.798,0.752,28,425,25,22
2025-11-18 14:31:09,Italy_level_2_final,LightGBM,Month+1,0.5,2005-01-01 00:00:00,2024-12-31 00:00:00,2022-01-01 00:00:00,0.948,0.917,0.957,0.93,0.993,0.974,44,450,4,2
2025-11-18 14:31:09,Italy_level_2_final,LightGBM,Month+2,0.5,2005-01-01 00:00:00,2024-12-31 00:00:00,2022-01-01 00:00:00,0.847,0.833,0.851,0.826,0.957,0.917,40,445,8,7
2025-11-18 14:31:09,Italy_level_2_final,LightGBM,Month+3,0.5,2005-01-01 00:00:00,2024-12-31 00:00:00,2022-01-01 00:00:00,0.687,0.783,0.667,0.692,0.903,0.822,36,436,10,18
2025-11-18 14:31:09,Italy_level_2_final,LightGBM,Month+4,0.5,2005-01-01 00:00:00,2024-12-31 00:00:00,2022-01-01 00:00:00,0.623,0.711,0.604,0.618,0.827,0.787,32,434,13,21
2025-11-18 14:31:09,Italy_level_2_final,LightGBM,Month+5,0.5,2005-01-01 00:00:00,2024-12-31 00:00:00,2022-01-01 00:00:00,0.569,0.617,0.558,0.541,0.813,0.759,29,430,18,23
2025-11-18 14:31:09,Italy_level_2_final,LightGBM,Month+6,0.5,2005-01-01 00:00:00,2024-12-31 00:00:00,2022-01-01 00:00:00,0.547,0.574,0.54,0.509,0.812,0.748,27,430,20,23
2025-11-18 14:31:14,Italy_level_2_final,CatBoost,Month+1,0.500,2005-01-01 00:00:00,2024-12-31 00:00:00,2022-01-01 00:00:00,0.948,0.917,0.957,0.930,0.994,0.974,44,450,4,2
2025-11-18 14:31:14,Italy_level_2_final,CatBoost,Month+2,0.500,2005-01-01 00:00:00,2024-12-31 00:00:00,2022-01-01 00:00:00,0.847,0.833,0.851,0.826,0.957,0.917,40,445,8,7
2025-11-18 14:31:14,Italy_level_2_final,CatBoost,Month+3,0.500,2005-01-01 00:00:00,2024-12-31 00:00:00,2022-01-01 00:00:00,0.682,0.750,0.667,0.674,0.895,0.820,36,434,12,18
2025-11-18 14:31:14,Italy_level_2_final,CatBoost,Month+4,0.500,2005-01-01 00:00:00,2024-12-31 00:00:00,2022-01-01 00:00:00,0.635,0.688,0.623,0.616,0.833,0.795,33,432,15,20
2025-11-18 14:31:14,Italy_level_2_final,CatBoost,Month+5,0.500,2005-01-01 00:00:00,2024-12-31 00:00:00,2022-01-01 00:00:00,0.611,0.593,0.615,0.557,0.807,0.783,32,426,22,20
2025-11-18 14:31:14,Italy_level_2_final,CatBoost,Month+6,0.500,2005-01-01 00:00:00,2024-12-31 00:00:00,2022-01-01 00:00:00,0.575,0.492,0.600,0.487,0.797,0.766,30,419,31,20
2025-11-18 15:05:55,Greece_level_2_final,k-Nearest Neighbors,Month+1,0.5,2005-01-01,2024-12-31,2022-01-01,1.0,1.0,1.0,0.0,,0.5,108,0,0,0
2025-11-18 15:05:55,Greece_level_2_final,k-Nearest Neighbors,Month+2,0.5,2005-01-01,2024-12-31,2022-01-01,1.0,1.0,1.0,0.0,,0.5,108,0,0,0
2025-11-18 15:05:55,Greece_level_2_final,k-Nearest Neighbors,Month+3,0.5,2005-01-01,2024-12-31,2022-01-01,1.0,1.0,1.0,0.0,,0.5,108,0,0,0
2025-11-18 15:05:55,Greece_level_2_final,k-Nearest Neighbors,Month+4,0.5,2005-01-01,2024-12-31,2022-01-01,0.993,1.0,0.991,0.0,,0.5,107,0,0,1
2025-11-18 15:05:55,Greece_level_2_final,k-Nearest Neighbors,Month+5,0.5,2005-01-01,2024-12-31,2022-01-01,0.993,1.0,0.991,0.0,,0.5,107,0,0,1
2025-11-18 15:05:55,Greece_level_2_final,k-Nearest Neighbors,Month+6,0.5,2005-01-01,2024-12-31,2022-01-01,1.0,1.0,1.0,0.0,,0.5,108,0,0,0
2025-11-18 15:05:55,Greece_level_2_final,SVC (RBF Kernel),Month+1,0.5,2005-01-01 00:00:00,2024-12-31 00:00:00,2022-01-01 00:00:00,1.0,1.0,1.0,0.0,,0.5,108,0,0,0
2025-11-18 15:05:55,Greece_level_2_final,SVC (RBF Kernel),Month+2,0.5,2005-01-01 00:00:00,2024-12-31 00:00:00,2022-01-01 00:00:00,0.963,1.0,0.954,0.0,,0.5,103,0,0,5
2025-11-18 15:05:55,Greece_level_2_final,SVC (RBF Kernel),Month+3,0.5,2005-01-01 00:00:00,2024-12-31 00:00:00,2022-01-01 00:00:00,0.925,1.0,0.907,0.0,,0.5,98,0,0,10
2025-11-18 15:05:55,Greece_level_2_final,SVC (RBF Kernel),Month+4,0.5,2005-01-01 00:00:00,2024-12-31 00:00:00,2022-01-01 00:00:00,0.925,1.0,0.907,0.0,,0.5,98,0,0,10
2025-11-18 15:05:55,Greece_level_2_final,SVC (RBF Kernel),Month+5,0.5,2005-01-01 00:00:00,2024-12-31 00:00:00,2022-01-01 00:00:00,0.917,1.0,0.898,0.0,,0.5,97,0,0,11
2025-11-18 15:05:55,Greece_level_2_final,SVC (RBF Kernel),Month+6,0.5,2005-01-01 00:00:00,2024-12-31 00:00:00,2022-01-01 00:00:00,0.917,1.0,0.898,0.0,,0.5,97,0,0,11
2025-11-18 15:05:57,Greece_level_2_final,Logistic Regression,Month+1,0.5,2005-01-01 00:00:00,2024-12-31 00:00:00,2022-01-01 00:00:00,0.993,1.0,0.991,0.0,,0.5,107,0,0,1
2025-11-18 15:05:57,Greece_level_2_final,Logistic Regression,Month+2,0.5,2005-01-01 00:00:00,2024-12-31 00:00:00,2022-01-01 00:00:00,1.0,1.0,1.0,0.0,,0.5,108,0,0,0
2025-11-18 15:05:57,Greece_level_2_final,Logistic Regression,Month+3,0.5,2005-01-01 00:00:00,2024-12-31 00:00:00,2022-01-01 00:00:00,1.0,1.0,1.0,0.0,,0.5,108,0,0,0
2025-11-18 15:05:57,Greece_level_2_final,Logistic Regression,Month+4,0.5,2005-01-01 00:00:00,2024-12-31 00:00:00,2022-01-01 00:00:00,1.0,1.0,1.0,0.0,,0.5,108,0,0,0
2025-11-18 15:05:57,Greece_level_2_final,Logistic Regression,Month+5,0.5,2005-01-01 00:00:00,2024-12-31 00:00:00,2022-01-01 00:00:00,1.0,1.0,1.0,0.0,,0.5,108,0,0,0
2025-11-18 15:05:57,Greece_level_2_final,Logistic Regression,Month+6,0.5,2005-01-01 00:00:00,2024-12-31 00:00:00,2022-01-01 00:00:00,1.0,1.0,1.0,0.0,,0.5,108,0,0,0
2025-11-18 15:06:04,Greece_level_2_final,Linear SVM (Calibrated),Month+1,0.5,2005-01-01 00:00:00,2024-12-31 00:00:00,2022-01-01 00:00:00,0.838,1.0,0.806,0.0,,0.5,87,0,0,21
2025-11-18 15:06:04,Greece_level_2_final,Linear SVM (Calibrated),Month+2,0.5,2005-01-01 00:00:00,2024-12-31 00:00:00,2022-01-01 00:00:00,0.748,1.0,0.704,0.0,,0.5,76,0,0,32
2025-11-18 15:06:04,Greece_level_2_final,Linear SVM (Calibrated),Month+3,0.5,2005-01-01 00:00:00,2024-12-31 00:00:00,2022-01-01 00:00:00,0.748,1.0,0.704,0.0,,0.5,76,0,0,32
2025-11-18 15:06:04,Greece_level_2_final,Linear SVM (Calibrated),Month+4,0.5,2005-01-01 00:00:00,2024-12-31 00:00:00,2022-01-01 00:00:00,0.697,1.0,0.648,0.0,,0.5,70,0,0,38
2025-11-18 15:06:04,Greece_level_2_final,Linear SVM (Calibrated),Month+5,0.5,2005-01-01 00:00:00,2024-12-31 00:00:00,2022-01-01 00:00:00,0.537,1.0,0.481,0.0,,0.5,52,0,0,56
2025-11-18 15:06:04,Greece_level_2_final,Linear SVM (Calibrated),Month+6,0.5,2005-01-01 00:00:00,2024-12-31 00:00:00,2022-01-01 00:00:00,0.5,1.0,0.444,0.0,,0.5,48,0,0,60
2025-11-18 15:06:04,Greece_level_2_final,RidgeClassifier (Calibrated),Month+1,0.5,2005-01-01 00:00:00,2024-12-31 00:00:00,2022-01-01 00:00:00,0.993,1.0,0.991,0.0,,0.5,107,0,0,1
2025-11-18 15:06:04,Greece_level_2_final,RidgeClassifier (Calibrated),Month+2,0.5,2005-01-01 00:00:00,2024-12-31 00:00:00,2022-01-01 00:00:00,0.985,1.0,0.981,0.0,,0.5,106,0,0,2
2025-11-18 15:06:04,Greece_level_2_final,RidgeClassifier (Calibrated),Month+3,0.5,2005-01-01 00:00:00,2024-12-31 00:00:00,2022-01-01 00:00:00,0.985,1.0,0.981,0.0,,0.5,106,0,0,2
2025-11-18 15:06:04,Greece_level_2_final,RidgeClassifier (Calibrated),Month+4,0.5,2005-01-01 00:00:00,2024-12-31 00:00:00,2022-01-01 00:00:00,0.978,1.0,0.972,0.0,,0.5,105,0,0,3
2025-11-18 15:06:04,Greece_level_2_final,RidgeClassifier (Calibrated),Month+5,0.5,2005-01-01 00:00:00,2024-12-31 00:00:00,2022-01-01 00:00:00,0.955,1.0,0.944,0.0,,0.5,102,0,0,6
2025-11-18 15:06:04,Greece_level_2_final,RidgeClassifier (Calibrated),Month+6,0.5,2005-01-01 00:00:00,2024-12-31 00:00:00,2022-01-01 00:00:00,0.955,1.0,0.944,0.0,,0.5,102,0,0,6
2025-11-18 15:06:08,Greece_level_2_final,Random Forest,Month+1,0.5,2005-01-01 00:00:00,2024-12-31 00:00:00,2022-01-01 00:00:00,1.0,1.0,1.0,0.0,,0.5,108,0,0,0
2025-11-18 15:06:08,Greece_level_2_final,Random Forest,Month+2,0.5,2005-01-01 00:00:00,2024-12-31 00:00:00,2022-01-01 00:00:00,0.978,1.0,0.972,0.0,,0.5,105,0,0,3
2025-11-18 15:06:08,Greece_level_2_final,Random Forest,Month+3,0.5,2005-01-01 00:00:00,2024-12-31 00:00:00,2022-01-01 00:00:00,0.947,1.0,0.935,0.0,,0.5,101,0,0,7
2025-11-18 15:06:08,Greece_level_2_final,Random Forest,Month+4,0.5,2005-01-01 00:00:00,2024-12-31 00:00:00,2022-01-01 00:00:00,0.925,1.0,0.907,0.0,,0.5,98,0,0,10
2025-11-18 15:06:08,Greece_level_2_final,Random Forest,Month+5,0.5,2005-01-01 00:00:00,2024-12-31 00:00:00,2022-01-01 00:00:00,0.909,1.0,0.889,0.0,,0.5,96,0,0,12
2025-11-18 15:06:08,Greece_level_2_final,Random Forest,Month+6,0.5,2005-01-01 00:00:00,2024-12-31 00:00:00,2022-01-01 00:00:00,0.917,1.0,0.898,0.0,,0.5,97,0,0,11
2025-11-18 15:06:14,Greece_level_2_final,Balanced Random Forest,Month+1,0.5,2005-01-01 00:00:00,2024-12-31 00:00:00,2022-01-01 00:00:00,1.0,1.0,1.0,0.0,,0.5,108,0,0,0
2025-11-18 15:06:14,Greece_level_2_final,Balanced Random Forest,Month+2,0.5,2005-01-01 00:00:00,2024-12-31 00:00:00,2022-01-01 00:00:00,1.0,1.0,1.0,0.0,,0.5,108,0,0,0
2025-11-18 15:06:14,Greece_level_2_final,Balanced Random Forest,Month+3,0.5,2005-01-01 00:00:00,2024-12-31 00:00:00,2022-01-01 00:00:00,1.0,1.0,1.0,0.0,,0.5,108,0,0,0
2025-11-18 15:06:14,Greece_level_2_final,Balanced Random Forest,Month+4,0.5,2005-01-01 00:00:00,2024-12-31 00:00:00,2022-01-01 00:00:00,1.0,1.0,1.0,0.0,,0.5,108,0,0,0
2025-11-18 15:06:14,Greece_level_2_final,Balanced Random Forest,Month+5,0.5,2005-01-01 00:00:00,2024-12-31 00:00:00,2022-01-01 00:00:00,1.0,1.0,1.0,0.0,,0.5,108,0,0,0
2025-11-18 15:06:14,Greece_level_2_final,Balanced Random Forest,Month+6,0.5,2005-01-01 00:00:00,2024-12-31 00:00:00,2022-01-01 00:00:00,1.0,1.0,1.0,0.0,,0.5,108,0,0,0
2025-11-18 15:06:18,Greece_level_2_final,ExtraTrees,Month+1,0.5,2005-01-01 00:00:00,2024-12-31 00:00:00,2022-01-01 00:00:00,1.0,1.0,1.0,0.0,,0.5,108,0,0,0
2025-11-18 15:06:18,Greece_level_2_final,ExtraTrees,Month+2,0.5,2005-01-01 00:00:00,2024-12-31 00:00:00,2022-01-01 00:00:00,1.0,1.0,1.0,0.0,,0.5,108,0,0,0
2025-11-18 15:06:18,Greece_level_2_final,ExtraTrees,Month+3,0.5,2005-01-01 00:00:00,2024-12-31 00:00:00,2022-01-01 00:00:00,1.0,1.0,1.0,0.0,,0.5,108,0,0,0
2025-11-18 15:06:18,Greece_level_2_final,ExtraTrees,Month+4,0.5,2005-01-01 00:00:00,2024-12-31 00:00:00,2022-01-01 00:00:00,1.0,1.0,1.0,0.0,,0.5,108,0,0,0
2025-11-18 15:06:18,Greece_level_2_final,ExtraTrees,Month+5,0.5,2005-01-01 00:00:00,2024-12-31 00:00:00,2022-01-01 00:00:00,1.0,1.0,1.0,0.0,,0.5,108,0,0,0
2025-11-18 15:06:18,Greece_level_2_final,ExtraTrees,Month+6,0.5,2005-01-01 00:00:00,2024-12-31 00:00:00,2022-01-01 00:00:00,1.0,1.0,1.0,0.0,,0.5,108,0,0,0
2025-11-18 15:06:21,Greece_level_2_final,Gradient Boosting,Month+1,0.5,2005-01-01 00:00:00,2024-12-31 00:00:00,2022-01-01 00:00:00,0.955,1.0,0.944,0.0,,0.5,102,0,0,6
2025-11-18 15:06:21,Greece_level_2_final,Gradient Boosting,Month+2,0.5,2005-01-01 00:00:00,2024-12-31 00:00:00,2022-01-01 00:00:00,1.0,1.0,1.0,0.0,,0.5,108,0,0,0
2025-11-18 15:06:21,Greece_level_2_final,Gradient Boosting,Month+3,0.5,2005-01-01 00:00:00,2024-12-31 00:00:00,2022-01-01 00:00:00,1.0,1.0,1.0,0.0,,0.5,108,0,0,0
2025-11-18 15:06:21,Greece_level_2_final,Gradient Boosting,Month+4,0.5,2005-01-01 00:00:00,2024-12-31 00:00:00,2022-01-01 00:00:00,1.0,1.0,1.0,0.0,,0.5,108,0,0,0
2025-11-18 15:06:21,Greece_level_2_final,Gradient Boosting,Month+5,0.5,2005-01-01 00:00:00,2024-12-31 00:00:00,2022-01-01 00:00:00,1.0,1.0,1.0,0.0,,0.5,108,0,0,0
2025-11-18 15:06:21,Greece_level_2_final,Gradient Boosting,Month+6,0.5,2005-01-01 00:00:00,2024-12-31 00:00:00,2022-01-01 00:00:00,1.0,1.0,1.0,0.0,,0.5,108,0,0,0
2025-11-18 15:06:22,Greece_level_2_final,AdaBoost,Month+1,0.5,2005-01-01 00:00:00,2024-12-31 00:00:00,2022-01-01 00:00:00,0.978,1.0,0.972,0.0,,0.5,105,0,0,3
2025-11-18 15:06:22,Greece_level_2_final,AdaBoost,Month+2,0.5,2005-01-01 00:00:00,2024-12-31 00:00:00,2022-01-01 00:00:00,0.94,1.0,0.926,0.0,,0.5,100,0,0,8
2025-11-18 15:06:22,Greece_level_2_final,AdaBoost,Month+3,0.5,2005-01-01 00:00:00,2024-12-31 00:00:00,2022-01-01 00:00:00,0.909,1.0,0.889,0.0,,0.5,96,0,0,12
2025-11-18 15:06:22,Greece_level_2_final,AdaBoost,Month+4,0.5,2005-01-01 00:00:00,2024-12-31 00:00:00,2022-01-01 00:00:00,0.886,1.0,0.861,0.0,,0.5,93,0,0,15
2025-11-18 15:06:22,Greece_level_2_final,AdaBoost,Month+5,0.5,2005-01-01 00:00:00,2024-12-31 00:00:00,2022-01-01 00:00:00,0.932,1.0,0.917,0.0,,0.5,99,0,0,9
2025-11-18 15:06:22,Greece_level_2_final,AdaBoost,Month+6,0.5,2005-01-01 00:00:00,2024-12-31 00:00:00,2022-01-01 00:00:00,0.83,1.0,0.796,0.0,,0.5,86,0,0,22
2025-11-18 15:06:30,Greece_level_2_final,Hist Gradient Boosting,Month+1,0.5,2005-01-01 00:00:00,2024-12-31 00:00:00,2022-01-01 00:00:00,1.0,1.0,1.0,0.0,,0.5,108,0,0,0
2025-11-18 15:06:30,Greece_level_2_final,Hist Gradient Boosting,Month+2,0.5,2005-01-01 00:00:00,2024-12-31 00:00:00,2022-01-01 00:00:00,0.985,1.0,0.981,0.0,,0.5,106,0,0,2
2025-11-18 15:06:30,Greece_level_2_final,Hist Gradient Boosting,Month+3,0.5,2005-01-01 00:00:00,2024-12-31 00:00:00,2022-01-01 00:00:00,0.985,1.0,0.981,0.0,,0.5,106,0,0,2
2025-11-18 15:06:30,Greece_level_2_final,Hist Gradient Boosting,Month+4,0.5,2005-01-01 00:00:00,2024-12-31 00:00:00,2022-01-01 00:00:00,0.963,1.0,0.954,0.0,,0.5,103,0,0,5
2025-11-18 15:06:30,Greece_level_2_final,Hist Gradient Boosting,Month+5,0.5,2005-01-01 00:00:00,2024-12-31 00:00:00,2022-01-01 00:00:00,1.0,1.0,1.0,0.0,,0.5,108,0,0,0
2025-11-18 15:06:30,Greece_level_2_final,Hist Gradient Boosting,Month+6,0.5,2005-01-01 00:00:00,2024-12-31 00:00:00,2022-01-01 00:00:00,0.993,1.0,0.991,0.0,,0.5,107,0,0,1
2025-11-18 15:06:31,Greece_level_2_final,XGBoost,Month+1,0.5,2005-01-01 00:00:00,2024-12-31 00:00:00,2022-01-01 00:00:00,1.0,1.0,1.0,0.0,,0.5,108,0,0,0
2025-11-18 15:06:31,Greece_level_2_final,XGBoost,Month+2,0.5,2005-01-01 00:00:00,2024-12-31 00:00:00,2022-01-01 00:00:00,1.0,1.0,1.0,0.0,,0.5,108,0,0,0
2025-11-18 15:06:31,Greece_level_2_final,XGBoost,Month+3,0.5,2005-01-01 00:00:00,2024-12-31 00:00:00,2022-01-01 00:00:00,1.0,1.0,1.0,0.0,,0.5,108,0,0,0
2025-11-18 15:06:31,Greece_level_2_final,XGBoost,Month+4,0.5,2005-01-01 00:00:00,2024-12-31 00:00:00,2022-01-01 00:00:00,1.0,1.0,1.0,0.0,,0.5,108,0,0,0
2025-11-18 15:06:31,Greece_level_2_final,XGBoost,Month+5,0.5,2005-01-01 00:00:00,2024-12-31 00:00:00,2022-01-01 00:00:00,1.0,1.0,1.0,0.0,,0.5,108,0,0,0
2025-11-18 15:06:31,Greece_level_2_final,XGBoost,Month+6,0.5,2005-01-01 00:00:00,2024-12-31 00:00:00,2022-01-01 00:00:00,1.0,1.0,1.0,0.0,,0.5,108,0,0,0
2025-11-18 15:06:33,Greece_level_2_final,LightGBM,Month+1,0.5,2005-01-01 00:00:00,2024-12-31 00:00:00,2022-01-01 00:00:00,1.0,1.0,1.0,0.0,,0.5,108,0,0,0
2025-11-18 15:06:33,Greece_level_2_final,LightGBM,Month+2,0.5,2005-01-01 00:00:00,2024-12-31 00:00:00,2022-01-01 00:00:00,1.0,1.0,1.0,0.0,,0.5,108,0,0,0
2025-11-18 15:06:33,Greece_level_2_final,LightGBM,Month+3,0.5,2005-01-01 00:00:00,2024-12-31 00:00:00,2022-01-01 00:00:00,1.0,1.0,1.0,0.0,,0.5,108,0,0,0
2025-11-18 15:06:33,Greece_level_2_final,LightGBM,Month+4,0.5,2005-01-01 00:00:00,2024-12-31 00:00:00,2022-01-01 00:00:00,0.955,1.0,0.944,0.0,,0.5,102,0,0,6
2025-11-18 15:06:33,Greece_level_2_final,LightGBM,Month+5,0.5,2005-01-01 00:00:00,2024-12-31 00:00:00,2022-01-01 00:00:00,0.955,1.0,0.944,0.0,,0.5,102,0,0,6
2025-11-18 15:06:33,Greece_level_2_final,LightGBM,Month+6,0.5,2005-01-01 00:00:00,2024-12-31 00:00:00,2022-01-01 00:00:00,1.0,1.0,1.0,0.0,,0.5,108,0,0,0
2025-11-18 15:06:37,Greece_level_2_final,CatBoost,Month+1,0.500,2005-01-01 00:00:00,2024-12-31 00:00:00,2022-01-01 00:00:00,1.000,1.000,1.000,0.000,nan,0.500,108,0,0,0
2025-11-18 15:06:37,Greece_level_2_final,CatBoost,Month+2,0.500,2005-01-01 00:00:00,2024-12-31 00:00:00,2022-01-01 00:00:00,1.000,1.000,1.000,0.000,nan,0.500,108,0,0,0
2025-11-18 15:06:37,Greece_level_2_final,CatBoost,Month+3,0.500,2005-01-01 00:00:00,2024-12-31 00:00:00,2022-01-01 00:00:00,1.000,1.000,1.000,0.000,nan,0.500,108,0,0,0
2025-11-18 15:06:37,Greece_level_2_final,CatBoost,Month+4,0.500,2005-01-01 00:00:00,2024-12-31 00:00:00,2022-01-01 00:00:00,1.000,1.000,1.000,0.000,nan,0.500,108,0,0,0
2025-11-18 15:06:37,Greece_level_2_final,CatBoost,Month+5,0.500,2005-01-01 00:00:00,2024-12-31 00:00:00,2022-01-01 00:00:00,1.000,1.000,1.000,0.000,nan,0.500,108,0,0,0
2025-11-18 15:06:37,Greece_level_2_final,CatBoost,Month+6,0.500,2005-01-01 00:00:00,2024-12-31 00:00:00,2022-01-01 00:00:00,1.000,1.000,1.000,0.000,nan,0.500,108,0,0,0
16/11/2025 13:31,France_level_2_final,Ensemble (mean weight) top 3 models_TH_auto_not_equal_weight,Month+1,0.34,01/01/2005,31/12/2024,01/01/2022,0.945,0.776,1,0.705,0.934,0.821,180,93,52,0
16/11/2025 13:31,France_level_2_final,Ensemble (mean weight) top 3 models_TH_auto_not_equal_weight,Month+2,0.33,01/01/2005,31/12/2024,01/01/2022,0.929,0.749,0.988,0.67,0.909,0.808,170,96,57,2
16/11/2025 13:31,France_level_2_final,Ensemble (mean weight) top 3 models_TH_auto_not_equal_weight,Month+3,0.33,01/01/2005,31/12/2024,01/01/2022,0.894,0.717,0.952,0.593,0.823,0.776,160,94,63,8
16/11/2025 13:31,France_level_2_final,Ensemble (mean weight) top 3 models_TH_auto_not_equal_weight,Month+4,0.37,01/01/2005,31/12/2024,01/01/2022,0.853,0.711,0.898,0.536,0.767,0.756,150,97,61,17
16/11/2025 13:31,France_level_2_final,Ensemble (mean weight) top 3 models_TH_auto_not_equal_weight,Month+5,0.26,01/01/2005,31/12/2024,01/01/2022,0.86,0.641,0.94,0.445,0.719,0.692,157,70,88,10
16/11/2025 13:31,France_level_2_final,Ensemble (mean weight) top 3 models_TH_auto_not_equal_weight,Month+6,0.22,01/01/2005,31/12/2024,01/01/2022,0.867,0.629,0.958,0.432,0.668,0.677,161,62,95,7
16/11/2025 13:33,France_level_2_final,Ensemble (mean weight) top 4 models_TH_auto_not_equal_weight,Month+1,0.25,01/01/2005 00:00,31/12/2024 00:00,01/01/2022 00:00,0.951,0.796,1,0.737,0.941,0.841,180,99,46,0
16/11/2025 13:33,France_level_2_final,Ensemble (mean weight) top 4 models_TH_auto_not_equal_weight,Month+2,0.32,01/01/2005 00:00,31/12/2024 00:00,01/01/2022 00:00,0.932,0.759,0.988,0.685,0.904,0.818,170,99,54,2
16/11/2025 13:33,France_level_2_final,Ensemble (mean weight) top 4 models_TH_auto_not_equal_weight,Month+3,0.35,01/01/2005 00:00,31/12/2024 00:00,01/01/2022 00:00,0.898,0.731,0.952,0.615,0.83,0.788,160,98,59,8
16/11/2025 13:33,France_level_2_final,Ensemble (mean weight) top 4 models_TH_auto_not_equal_weight,Month+4,0.36,01/01/2005 00:00,31/12/2024 00:00,01/01/2022 00:00,0.851,0.704,0.898,0.525,0.773,0.75,150,95,63,17
16/11/2025 13:33,France_level_2_final,Ensemble (mean weight) top 4 models_TH_auto_not_equal_weight,Month+5,0.26,01/01/2005 00:00,31/12/2024 00:00,01/01/2022 00:00,0.864,0.642,0.946,0.453,0.725,0.695,158,70,88,9
16/11/2025 13:33,France_level_2_final,Ensemble (mean weight) top 4 models_TH_auto_not_equal_weight,Month+6,0.34,01/01/2005 00:00,31/12/2024 00:00,01/01/2022 00:00,0.829,0.632,0.899,0.383,0.667,0.669,151,69,88,17
16/11/2025 13:36,France_level_2_final,Ensemble (mean weight) top 5 models_TH_auto_not_equal_weight,Month+1,0.2,01/01/2005 00:00,31/12/2024 00:00,01/01/2022 00:00,0.951,0.796,1,0.737,0.951,0.841,180,99,46,0
16/11/2025 13:36,France_level_2_final,Ensemble (mean weight) top 5 models_TH_auto_not_equal_weight,Month+2,0.45,01/01/2005 00:00,31/12/2024 00:00,01/01/2022 00:00,0.947,0.81,0.988,0.759,0.904,0.863,170,113,40,2
16/11/2025 13:36,France_level_2_final,Ensemble (mean weight) top 5 models_TH_auto_not_equal_weight,Month+3,0.38,01/01/2005 00:00,31/12/2024 00:00,01/01/2022 00:00,0.902,0.744,0.952,0.636,0.837,0.801,160,102,55,8
16/11/2025 13:36,France_level_2_final,Ensemble (mean weight) top 5 models_TH_auto_not_equal_weight,Month+4,0.41,01/01/2005 00:00,31/12/2024 00:00,01/01/2022 00:00,0.846,0.685,0.898,0.492,0.779,0.731,150,89,69,17
16/11/2025 13:36,France_level_2_final,Ensemble (mean weight) top 5 models_TH_auto_not_equal_weight,Month+5,0.19,01/01/2005 00:00,31/12/2024 00:00,01/01/2022 00:00,0.861,0.655,0.934,0.469,0.73,0.708,156,76,82,11
16/11/2025 13:36,France_level_2_final,Ensemble (mean weight) top 5 models_TH_auto_not_equal_weight,Month+6,0.18,01/01/2005 00:00,31/12/2024 00:00,01/01/2022 00:00,0.868,0.621,0.964,0.419,0.674,0.667,162,58,99,6
17/11/2025 10:37,France_level_2_final,Ensemble (mean weight) top 3 model_TH_0.5_equal_weights,Month+1,0.5,01/01/2005,31/12/2024,01/01/2022,0.978,0.9,1,0.881,0.949,0.931,180,125,20,0
17/11/2025 10:37,France_level_2_final,Ensemble (mean weight) top 3 model_TH_0.5_equal_weights,Month+2,0.5,01/01/2005,31/12/2024,01/01/2022,0.951,0.825,0.988,0.78,0.896,0.877,170,117,36,2
17/11/2025 10:37,France_level_2_final,Ensemble (mean weight) top 3 model_TH_0.5_equal_weights,Month+3,0.5,01/01/2005,31/12/2024,01/01/2022,0.913,0.784,0.952,0.695,0.836,0.836,160,113,44,8
17/11/2025 10:37,France_level_2_final,Ensemble (mean weight) top 3 model_TH_0.5_equal_weights,Month+4,0.5,01/01/2005,31/12/2024,01/01/2022,0.86,0.735,0.898,0.575,0.789,0.778,150,104,54,17
17/11/2025 10:37,France_level_2_final,Ensemble (mean weight) top 3 model_TH_0.5_equal_weights,Month+5,0.5,01/01/2005,31/12/2024,01/01/2022,0.805,0.693,0.838,0.46,0.738,0.723,140,96,62,27
17/11/2025 10:37,France_level_2_final,Ensemble (mean weight) top 3 model_TH_0.5_equal_weights,Month+6,0.5,01/01/2005,31/12/2024,01/01/2022,0.75,0.652,0.78,0.343,0.693,0.667,131,87,70,37
17/11/2025 10:38,France_level_2_final,Ensemble (mean weight) top 4 model_TH_0.5_equal_weights,Month+1,0.5,01/01/2005 00:00,31/12/2024 00:00,01/01/2022 00:00,0.978,0.9,1,0.881,0.947,0.931,180,125,20,0
17/11/2025 10:38,France_level_2_final,Ensemble (mean weight) top 4 model_TH_0.5_equal_weights,Month+2,0.5,01/01/2005 00:00,31/12/2024 00:00,01/01/2022 00:00,0.953,0.833,0.988,0.791,0.897,0.883,170,119,34,2
17/11/2025 10:38,France_level_2_final,Ensemble (mean weight) top 4 model_TH_0.5_equal_weights,Month+3,0.5,01/01/2005 00:00,31/12/2024 00:00,01/01/2022 00:00,0.915,0.792,0.952,0.706,0.835,0.842,160,115,42,8
17/11/2025 10:38,France_level_2_final,Ensemble (mean weight) top 4 model_TH_0.5_equal_weights,Month+4,0.5,01/01/2005 00:00,31/12/2024 00:00,01/01/2022 00:00,0.864,0.75,0.898,0.598,0.789,0.791,150,108,50,17
17/11/2025 10:38,France_level_2_final,Ensemble (mean weight) top 4 model_TH_0.5_equal_weights,Month+5,0.5,01/01/2005 00:00,31/12/2024 00:00,01/01/2022 00:00,0.806,0.697,0.838,0.465,0.737,0.726,140,97,61,27
17/11/2025 10:38,France_level_2_final,Ensemble (mean weight) top 4 model_TH_0.5_equal_weights,Month+6,0.5,01/01/2005 00:00,31/12/2024 00:00,01/01/2022 00:00,0.745,0.65,0.774,0.337,0.69,0.664,130,87,70,38
17/11/2025 10:39,France_level_2_final,Ensemble (mean weight) top 5 model_TH_0.5_equal_weights,Month+1,0.5,01/01/2005 00:00,31/12/2024 00:00,01/01/2022 00:00,0.978,0.9,1,0.881,0.953,0.931,180,125,20,0
17/11/2025 10:39,France_level_2_final,Ensemble (mean weight) top 5 model_TH_0.5_equal_weights,Month+2,0.5,01/01/2005 00:00,31/12/2024 00:00,01/01/2022 00:00,0.954,0.837,0.988,0.796,0.898,0.886,170,120,33,2
17/11/2025 10:39,France_level_2_final,Ensemble (mean weight) top 5 model_TH_0.5_equal_weights,Month+3,0.5,01/01/2005 00:00,31/12/2024 00:00,01/01/2022 00:00,0.915,0.792,0.952,0.706,0.834,0.842,160,115,42,8
17/11/2025 10:39,France_level_2_final,Ensemble (mean weight) top 5 model_TH_0.5_equal_weights,Month+4,0.5,01/01/2005 00:00,31/12/2024 00:00,01/01/2022 00:00,0.864,0.75,0.898,0.598,0.788,0.791,150,108,50,17
17/11/2025 10:39,France_level_2_final,Ensemble (mean weight) top 5 model_TH_0.5_equal_weights,Month+5,0.5,01/01/2005 00:00,31/12/2024 00:00,01/01/2022 00:00,0.806,0.697,0.838,0.465,0.735,0.726,140,97,61,27
17/11/2025 10:39,France_level_2_final,Ensemble (mean weight) top 5 model_TH_0.5_equal_weights,Month+6,0.5,01/01/2005 00:00,31/12/2024 00:00,01/01/2022 00:00,0.745,0.65,0.774,0.337,0.683,0.664,130,87,70,38
16/11/2025 18:24,France_level_2_final,Ensemble (mean weight) top 3 models_TH_auto_equal_weight,Month+1,0.34,01/01/2005 00:00,31/12/2024 00:00,01/01/2022 00:00,0.942,0.766,1,0.69,0.923,0.81,180,90,55,0
16/11/2025 18:24,France_level_2_final,Ensemble (mean weight) top 3 models_TH_auto_equal_weight,Month+2,0.33,01/01/2005 00:00,31/12/2024 00:00,01/01/2022 00:00,0.923,0.73,0.988,0.639,0.886,0.788,170,90,63,2
16/11/2025 18:24,France_level_2_final,Ensemble (mean weight) top 3 models_TH_auto_equal_weight,Month+3,0.33,01/01/2005 00:00,31/12/2024 00:00,01/01/2022 00:00,0.894,0.717,0.952,0.593,0.821,0.776,160,94,63,8
16/11/2025 18:24,France_level_2_final,Ensemble (mean weight) top 3 models_TH_auto_equal_weight,Month+4,0.37,01/01/2005 00:00,31/12/2024 00:00,01/01/2022 00:00,0.847,0.691,0.898,0.503,0.766,0.737,150,91,67,17
16/11/2025 18:24,France_level_2_final,Ensemble (mean weight) top 3 models_TH_auto_equal_weight,Month+5,0.26,01/01/2005 00:00,31/12/2024 00:00,01/01/2022 00:00,0.86,0.641,0.94,0.445,0.719,0.692,157,70,88,10
16/11/2025 18:24,France_level_2_final,Ensemble (mean weight) top 3 models_TH_auto_equal_weight,Month+6,0.22,01/01/2005 00:00,31/12/2024 00:00,01/01/2022 00:00,0.866,0.635,0.952,0.439,0.668,0.683,160,65,92,8
16/11/2025 18:26,France_level_2_final,Ensemble (mean weight) top 4 models_TH_auto_equal_weight,Month+1,0.25,01/01/2005 00:00,31/12/2024 00:00,01/01/2022 00:00,0.951,0.796,1,0.737,0.941,0.841,180,99,46,0
16/11/2025 18:26,France_level_2_final,Ensemble (mean weight) top 4 models_TH_auto_equal_weight,Month+2,0.32,01/01/2005 00:00,31/12/2024 00:00,01/01/2022 00:00,0.934,0.766,0.988,0.696,0.895,0.824,170,101,52,2
16/11/2025 18:26,France_level_2_final,Ensemble (mean weight) top 4 models_TH_auto_equal_weight,Month+3,0.35,01/01/2005 00:00,31/12/2024 00:00,01/01/2022 00:00,0.898,0.731,0.952,0.615,0.825,0.788,160,98,59,8
16/11/2025 18:26,France_level_2_final,Ensemble (mean weight) top 4 models_TH_auto_equal_weight,Month+4,0.36,01/01/2005 00:00,31/12/2024 00:00,01/01/2022 00:00,0.856,0.706,0.904,0.533,0.772,0.753,151,95,63,16
16/11/2025 18:26,France_level_2_final,Ensemble (mean weight) top 4 models_TH_auto_equal_weight,Month+5,0.26,01/01/2005 00:00,31/12/2024 00:00,01/01/2022 00:00,0.856,0.642,0.934,0.441,0.723,0.692,156,71,87,11
16/11/2025 18:26,France_level_2_final,Ensemble (mean weight) top 4 models_TH_auto_equal_weight,Month+6,0.34,01/01/2005 00:00,31/12/2024 00:00,01/01/2022 00:00,0.824,0.63,0.893,0.375,0.665,0.666,150,69,88,18
16/11/2025 18:29,France_level_2_final,Ensemble (mean weight) top 5 models_TH_auto_equal_weight,Month+1,0.2,01/01/2005 00:00,31/12/2024 00:00,01/01/2022 00:00,0.964,0.841,1,0.802,0.951,0.883,180,111,34,0
16/11/2025 18:29,France_level_2_final,Ensemble (mean weight) top 5 models_TH_auto_equal_weight,Month+2,0.45,01/01/2005 00:00,31/12/2024 00:00,01/01/2022 00:00,0.949,0.817,0.988,0.77,0.903,0.87,170,115,38,2
16/11/2025 18:29,France_level_2_final,Ensemble (mean weight) top 5 models_TH_auto_equal_weight,Month+3,0.38,01/01/2005 00:00,31/12/2024 00:00,01/01/2022 00:00,0.905,0.755,0.952,0.652,0.832,0.811,160,105,52,8
16/11/2025 18:29,France_level_2_final,Ensemble (mean weight) top 5 models_TH_auto_equal_weight,Month+4,0.41,01/01/2005 00:00,31/12/2024 00:00,01/01/2022 00:00,0.854,0.714,0.898,0.542,0.776,0.759,150,98,60,17
16/11/2025 18:29,France_level_2_final,Ensemble (mean weight) top 5 models_TH_auto_equal_weight,Month+5,0.19,01/01/2005 00:00,31/12/2024 00:00,01/01/2022 00:00,0.856,0.654,0.928,0.46,0.727,0.705,155,76,82,12
16/11/2025 18:29,France_level_2_final,Ensemble (mean weight) top 5 models_TH_auto_equal_weight,Month+6,0.18,01/01/2005 00:00,31/12/2024 00:00,01/01/2022 00:00,0.871,0.639,0.958,0.453,0.67,0.689,161,66,91,7
16/11/2025 10:21,France_level_2_final,Ensemble (mean weight) top 3 models_TH_0.5_not_equal_weight,Month+1,0.5,01/01/2005 00:00,31/12/2024 00:00,01/01/2022 00:00,0.977,0.896,1,0.875,0.91,0.928,180,124,21,0
16/11/2025 10:21,France_level_2_final,Ensemble (mean weight) top 3 models_TH_0.5_not_equal_weight,Month+2,0.5,01/01/2005 00:00,31/12/2024 00:00,01/01/2022 00:00,0.95,0.821,0.988,0.775,0.887,0.873,170,116,37,2
16/11/2025 10:21,France_level_2_final,Ensemble (mean weight) top 3 models_TH_0.5_not_equal_weight,Month+3,0.5,01/01/2005 00:00,31/12/2024 00:00,01/01/2022 00:00,0.913,0.784,0.952,0.695,0.836,0.836,160,113,44,8
16/11/2025 10:21,France_level_2_final,Ensemble (mean weight) top 3 models_TH_0.5_not_equal_weight,Month+4,0.5,01/01/2005 00:00,31/12/2024 00:00,01/01/2022 00:00,0.855,0.718,0.898,0.547,0.78,0.762,150,99,59,17
16/11/2025 10:21,France_level_2_final,Ensemble (mean weight) top 3 models_TH_0.5_not_equal_weight,Month+5,0.5,01/01/2005 00:00,31/12/2024 00:00,01/01/2022 00:00,0.805,0.693,0.838,0.46,0.738,0.723,140,96,62,27
16/11/2025 10:21,France_level_2_final,Ensemble (mean weight) top 3 models_TH_0.5_not_equal_weight,Month+6,0.5,01/01/2005 00:00,31/12/2024 00:00,01/01/2022 00:00,0.749,0.649,0.78,0.337,0.689,0.664,131,86,71,37
16/11/2025 10:23,France_level_2_final,Ensemble (mean weight) top 4 models_TH_0.5_not_equal_weight,Month+1,0.5,01/01/2005 00:00,31/12/2024 00:00,01/01/2022 00:00,0.978,0.9,1,0.881,0.909,0.931,180,125,20,0
16/11/2025 10:23,France_level_2_final,Ensemble (mean weight) top 4 models_TH_0.5_not_equal_weight,Month+2,0.5,01/01/2005 00:00,31/12/2024 00:00,01/01/2022 00:00,0.947,0.81,0.988,0.759,0.87,0.863,170,113,40,2
16/11/2025 10:23,France_level_2_final,Ensemble (mean weight) top 4 models_TH_0.5_not_equal_weight,Month+3,0.5,01/01/2005 00:00,31/12/2024 00:00,01/01/2022 00:00,0.913,0.784,0.952,0.695,0.832,0.836,160,113,44,8
16/11/2025 10:23,France_level_2_final,Ensemble (mean weight) top 4 models_TH_0.5_not_equal_weight,Month+4,0.5,01/01/2005 00:00,31/12/2024 00:00,01/01/2022 00:00,0.854,0.714,0.898,0.542,0.772,0.759,150,98,60,17
16/11/2025 10:23,France_level_2_final,Ensemble (mean weight) top 4 models_TH_0.5_not_equal_weight,Month+5,0.5,01/01/2005 00:00,31/12/2024 00:00,01/01/2022 00:00,0.806,0.697,0.838,0.465,0.734,0.726,140,97,61,27
16/11/2025 10:23,France_level_2_final,Ensemble (mean weight) top 4 models_TH_0.5_not_equal_weight,Month+6,0.5,01/01/2005 00:00,31/12/2024 00:00,01/01/2022 00:00,0.744,0.644,0.774,0.325,0.683,0.658,130,85,72,38
16/11/2025 10:24,France_level_2_final,Ensemble (mean weight) top 5 models_TH_0.5_not_equal_weight,Month+1,0.5,01/01/2005 00:00,31/12/2024 00:00,01/01/2022 00:00,0.978,0.9,1,0.881,0.914,0.931,180,125,20,0
16/11/2025 10:24,France_level_2_final,Ensemble (mean weight) top 5 models_TH_0.5_not_equal_weight,Month+2,0.5,01/01/2005 00:00,31/12/2024 00:00,01/01/2022 00:00,0.947,0.81,0.988,0.759,0.871,0.863,170,113,40,2
16/11/2025 10:24,France_level_2_final,Ensemble (mean weight) top 5 models_TH_0.5_not_equal_weight,Month+3,0.5,01/01/2005 00:00,31/12/2024 00:00,01/01/2022 00:00,0.908,0.766,0.952,0.668,0.821,0.82,160,108,49,8
16/11/2025 10:24,France_level_2_final,Ensemble (mean weight) top 5 models_TH_0.5_not_equal_weight,Month+4,0.5,01/01/2005 00:00,31/12/2024 00:00,01/01/2022 00:00,0.864,0.75,0.898,0.598,0.788,0.791,150,108,50,17
16/11/2025 10:24,France_level_2_final,Ensemble (mean weight) top 5 models_TH_0.5_not_equal_weight,Month+5,0.5,01/01/2005 00:00,31/12/2024 00:00,01/01/2022 00:00,0.806,0.697,0.838,0.465,0.732,0.726,140,97,61,27
16/11/2025 10:24,France_level_2_final,Ensemble (mean weight) top 5 models_TH_0.5_not_equal_weight,Month+6,0.5,01/01/2005 00:00,31/12/2024 00:00,01/01/2022 00:00,0.751,0.624,0.792,0.297,0.681,0.641,133,77,80,35
17/11/2025 18:43,France_level_2_final,Ensemble (mean weight) top 6 models_TH_auto_not_equal_weight,Month+1,0.17,01/01/2005,31/12/2024,01/01/2022,0.95,0.793,1,0.732,0.951,0.838,180,98,47,0
17/11/2025 18:43,France_level_2_final,Ensemble (mean weight) top 6 models_TH_auto_not_equal_weight,Month+2,0.59,01/01/2005,31/12/2024,01/01/2022,0.955,0.842,0.988,0.802,0.904,0.89,170,121,32,2
17/11/2025 18:43,France_level_2_final,Ensemble (mean weight) top 6 models_TH_auto_not_equal_weight,Month+3,0.38,01/01/2005,31/12/2024,01/01/2022,0.902,0.744,0.952,0.636,0.832,0.801,160,102,55,8
17/11/2025 18:43,France_level_2_final,Ensemble (mean weight) top 6 models_TH_auto_not_equal_weight,Month+4,0.18,01/01/2005,31/12/2024,01/01/2022,0.861,0.681,0.922,0.507,0.776,0.733,154,86,72,13
17/11/2025 18:43,France_level_2_final,Ensemble (mean weight) top 6 models_TH_auto_not_equal_weight,Month+5,0.19,01/01/2005,31/12/2024,01/01/2022,0.854,0.658,0.922,0.463,0.725,0.708,154,78,80,13
17/11/2025 18:43,France_level_2_final,Ensemble (mean weight) top 6 models_TH_auto_not_equal_weight,Month+6,0.15,01/01/2005,31/12/2024,01/01/2022,0.866,0.624,0.958,0.421,0.684,0.67,161,60,97,7
17/11/2025 18:46,France_level_2_final,Ensemble (mean weight) top 7 models_TH_auto_not_equal_weight,Month+1,0.19,01/01/2005 00:00,31/12/2024 00:00,01/01/2022 00:00,0.953,0.804,1,0.748,0.951,0.848,180,101,44,0
17/11/2025 18:46,France_level_2_final,Ensemble (mean weight) top 7 models_TH_auto_not_equal_weight,Month+2,0.6,01/01/2005 00:00,31/12/2024 00:00,01/01/2022 00:00,0.953,0.833,0.988,0.791,0.905,0.883,170,119,34,2
17/11/2025 18:46,France_level_2_final,Ensemble (mean weight) top 7 models_TH_auto_not_equal_weight,Month+3,0.4,01/01/2005 00:00,31/12/2024 00:00,01/01/2022 00:00,0.902,0.744,0.952,0.636,0.834,0.801,160,102,55,8
17/11/2025 18:46,France_level_2_final,Ensemble (mean weight) top 7 models_TH_auto_not_equal_weight,Month+4,0.39,01/01/2005 00:00,31/12/2024 00:00,01/01/2022 00:00,0.853,0.711,0.898,0.536,0.772,0.756,150,97,61,17
17/11/2025 18:46,France_level_2_final,Ensemble (mean weight) top 7 models_TH_auto_not_equal_weight,Month+5,0.26,01/01/2005 00:00,31/12/2024 00:00,01/01/2022 00:00,0.811,0.668,0.856,0.429,0.732,0.703,143,87,71,24
17/11/2025 18:46,France_level_2_final,Ensemble (mean weight) top 7 models_TH_auto_not_equal_weight,Month+6,0.18,01/01/2005 00:00,31/12/2024 00:00,01/01/2022 00:00,0.868,0.621,0.964,0.419,0.679,0.667,162,58,99,6
17/11/2025 18:48,France_level_2_final,Ensemble (mean weight) top 8 models_TH_auto_not_equal_weight,Month+1,0.18,01/01/2005 00:00,31/12/2024 00:00,01/01/2022 00:00,0.951,0.796,1,0.737,0.951,0.841,180,99,46,0
17/11/2025 18:48,France_level_2_final,Ensemble (mean weight) top 8 models_TH_auto_not_equal_weight,Month+2,0.59,01/01/2005 00:00,31/12/2024 00:00,01/01/2022 00:00,0.955,0.842,0.988,0.802,0.905,0.89,170,121,32,2
17/11/2025 18:48,France_level_2_final,Ensemble (mean weight) top 8 models_TH_auto_not_equal_weight,Month+3,0.39,01/01/2005 00:00,31/12/2024 00:00,01/01/2022 00:00,0.904,0.751,0.952,0.646,0.834,0.807,160,104,53,8
17/11/2025 18:48,France_level_2_final,Ensemble (mean weight) top 8 models_TH_auto_not_equal_weight,Month+4,0.4,01/01/2005 00:00,31/12/2024 00:00,01/01/2022 00:00,0.852,0.708,0.898,0.531,0.777,0.753,150,96,62,17
17/11/2025 18:48,France_level_2_final,Ensemble (mean weight) top 8 models_TH_auto_not_equal_weight,Month+5,0.2,01/01/2005 00:00,31/12/2024 00:00,01/01/2022 00:00,0.831,0.677,0.88,0.464,0.733,0.719,147,88,70,20
17/11/2025 18:48,France_level_2_final,Ensemble (mean weight) top 8 models_TH_auto_not_equal_weight,Month+6,0.19,01/01/2005 00:00,31/12/2024 00:00,01/01/2022 00:00,0.869,0.634,0.958,0.443,0.668,0.683,161,64,93,7
17/11/2025 18:50,France_level_2_final,Ensemble (mean weight) top 6 model_TH_0.5_equal_weights,Month+1,0.5,01/01/2005 00:00,31/12/2024 00:00,01/01/2022 00:00,0.978,0.9,1,0.881,0.953,0.931,180,125,20,0
17/11/2025 18:50,France_level_2_final,Ensemble (mean weight) top 6 model_TH_0.5_equal_weights,Month+2,0.5,01/01/2005 00:00,31/12/2024 00:00,01/01/2022 00:00,0.955,0.842,0.988,0.802,0.9,0.89,170,121,32,2
17/11/2025 18:50,France_level_2_final,Ensemble (mean weight) top 6 model_TH_0.5_equal_weights,Month+3,0.5,01/01/2005 00:00,31/12/2024 00:00,01/01/2022 00:00,0.916,0.796,0.952,0.711,0.835,0.846,160,116,41,8
17/11/2025 18:50,France_level_2_final,Ensemble (mean weight) top 6 model_TH_0.5_equal_weights,Month+4,0.5,01/01/2005 00:00,31/12/2024 00:00,01/01/2022 00:00,0.864,0.75,0.898,0.598,0.788,0.791,150,108,50,17
17/11/2025 18:50,France_level_2_final,Ensemble (mean weight) top 6 model_TH_0.5_equal_weights,Month+5,0.5,01/01/2005 00:00,31/12/2024 00:00,01/01/2022 00:00,0.806,0.697,0.838,0.465,0.736,0.726,140,97,61,27
17/11/2025 18:50,France_level_2_final,Ensemble (mean weight) top 6 model_TH_0.5_equal_weights,Month+6,0.5,01/01/2005 00:00,31/12/2024 00:00,01/01/2022 00:00,0.746,0.653,0.774,0.343,0.688,0.667,130,88,69,38
17/11/2025 18:52,France_level_2_final,Ensemble (mean weight) top 7 model_TH_0.5_equal_weights,Month+1,0.5,01/01/2005 00:00,31/12/2024 00:00,01/01/2022 00:00,0.978,0.9,1,0.881,0.951,0.931,180,125,20,0
17/11/2025 18:52,France_level_2_final,Ensemble (mean weight) top 7 model_TH_0.5_equal_weights,Month+2,0.5,01/01/2005 00:00,31/12/2024 00:00,01/01/2022 00:00,0.954,0.837,0.988,0.796,0.901,0.886,170,120,33,2
17/11/2025 18:52,France_level_2_final,Ensemble (mean weight) top 7 model_TH_0.5_equal_weights,Month+3,0.5,01/01/2005 00:00,31/12/2024 00:00,01/01/2022 00:00,0.916,0.796,0.952,0.711,0.832,0.846,160,116,41,8
17/11/2025 18:52,France_level_2_final,Ensemble (mean weight) top 7 model_TH_0.5_equal_weights,Month+4,0.5,01/01/2005 00:00,31/12/2024 00:00,01/01/2022 00:00,0.864,0.75,0.898,0.598,0.78,0.791,150,108,50,17
17/11/2025 18:52,France_level_2_final,Ensemble (mean weight) top 7 model_TH_0.5_equal_weights,Month+5,0.5,01/01/2005 00:00,31/12/2024 00:00,01/01/2022 00:00,0.806,0.697,0.838,0.465,0.734,0.726,140,97,61,27
17/11/2025 18:52,France_level_2_final,Ensemble (mean weight) top 7 model_TH_0.5_equal_weights,Month+6,0.5,01/01/2005 00:00,31/12/2024 00:00,01/01/2022 00:00,0.745,0.65,0.774,0.337,0.683,0.664,130,87,70,38
17/11/2025 18:54,France_level_2_final,Ensemble (mean weight) top 8 model_TH_0.5_equal_weights,Month+1,0.5,01/01/2005 00:00,31/12/2024 00:00,01/01/2022 00:00,0.978,0.9,1,0.881,0.95,0.931,180,125,20,0
17/11/2025 18:54,France_level_2_final,Ensemble (mean weight) top 8 model_TH_0.5_equal_weights,Month+2,0.5,01/01/2005 00:00,31/12/2024 00:00,01/01/2022 00:00,0.954,0.837,0.988,0.796,0.904,0.886,170,120,33,2
17/11/2025 18:54,France_level_2_final,Ensemble (mean weight) top 8 model_TH_0.5_equal_weights,Month+3,0.5,01/01/2005 00:00,31/12/2024 00:00,01/01/2022 00:00,0.915,0.792,0.952,0.706,0.833,0.842,160,115,42,8
17/11/2025 18:54,France_level_2_final,Ensemble (mean weight) top 8 model_TH_0.5_equal_weights,Month+4,0.5,01/01/2005 00:00,31/12/2024 00:00,01/01/2022 00:00,0.864,0.75,0.898,0.598,0.776,0.791,150,108,50,17
17/11/2025 18:54,France_level_2_final,Ensemble (mean weight) top 8 model_TH_0.5_equal_weights,Month+5,0.5,01/01/2005 00:00,31/12/2024 00:00,01/01/2022 00:00,0.806,0.697,0.838,0.465,0.729,0.726,140,97,61,27
17/11/2025 18:54,France_level_2_final,Ensemble (mean weight) top 8 model_TH_0.5_equal_weights,Month+6,0.5,01/01/2005 00:00,31/12/2024 00:00,01/01/2022 00:00,0.745,0.65,0.774,0.337,0.676,0.664,130,87,70,38
17/11/2025 18:57,France_level_2_final,Ensemble (mean weight) top 6 models_TH_auto_equal_weight,Month+1,0.17,01/01/2005 00:00,31/12/2024 00:00,01/01/2022 00:00,0.965,0.845,1,0.808,0.951,0.886,180,112,33,0
17/11/2025 18:57,France_level_2_final,Ensemble (mean weight) top 6 models_TH_auto_equal_weight,Month+2,0.59,01/01/2005 00:00,31/12/2024 00:00,01/01/2022 00:00,0.955,0.842,0.988,0.802,0.903,0.89,170,121,32,2
17/11/2025 18:57,France_level_2_final,Ensemble (mean weight) top 6 models_TH_auto_equal_weight,Month+3,0.38,01/01/2005 00:00,31/12/2024 00:00,01/01/2022 00:00,0.912,0.78,0.952,0.689,0.833,0.833,160,112,45,8
17/11/2025 18:57,France_level_2_final,Ensemble (mean weight) top 6 models_TH_auto_equal_weight,Month+4,0.18,01/01/2005 00:00,31/12/2024 00:00,01/01/2022 00:00,0.855,0.702,0.904,0.527,0.777,0.75,151,94,64,16
17/11/2025 18:57,France_level_2_final,Ensemble (mean weight) top 6 models_TH_auto_equal_weight,Month+5,0.19,01/01/2005 00:00,31/12/2024 00:00,01/01/2022 00:00,0.847,0.664,0.91,0.463,0.728,0.711,152,81,77,15
17/11/2025 18:57,France_level_2_final,Ensemble (mean weight) top 6 models_TH_auto_equal_weight,Month+6,0.15,01/01/2005 00:00,31/12/2024 00:00,01/01/2022 00:00,0.869,0.634,0.958,0.443,0.674,0.683,161,64,93,7
17/11/2025 19:00,France_level_2_final,Ensemble (mean weight) top 7 models_TH_auto_equal_weight,Month+1,0.19,01/01/2005 00:00,31/12/2024 00:00,01/01/2022 00:00,0.966,0.849,1,0.813,0.951,0.89,180,113,32,0
17/11/2025 19:00,France_level_2_final,Ensemble (mean weight) top 7 models_TH_auto_equal_weight,Month+2,0.6,01/01/2005 00:00,31/12/2024 00:00,01/01/2022 00:00,0.955,0.842,0.988,0.802,0.904,0.89,170,121,32,2
17/11/2025 19:00,France_level_2_final,Ensemble (mean weight) top 7 models_TH_auto_equal_weight,Month+3,0.4,01/01/2005 00:00,31/12/2024 00:00,01/01/2022 00:00,0.911,0.777,0.952,0.684,0.833,0.83,160,111,46,8
17/11/2025 19:00,France_level_2_final,Ensemble (mean weight) top 7 models_TH_auto_equal_weight,Month+4,0.39,01/01/2005 00:00,31/12/2024 00:00,01/01/2022 00:00,0.856,0.721,0.898,0.553,0.777,0.766,150,100,58,17
17/11/2025 19:00,France_level_2_final,Ensemble (mean weight) top 7 models_TH_auto_equal_weight,Month+5,0.26,01/01/2005 00:00,31/12/2024 00:00,01/01/2022 00:00,0.824,0.67,0.874,0.445,0.729,0.709,146,86,72,21
17/11/2025 19:00,France_level_2_final,Ensemble (mean weight) top 7 models_TH_auto_equal_weight,Month+6,0.18,01/01/2005 00:00,31/12/2024 00:00,01/01/2022 00:00,0.871,0.639,0.958,0.453,0.676,0.689,161,66,91,7
17/11/2025 19:03,France_level_2_final,Ensemble (mean weight) top 8 models_TH_auto_equal_weight,Month+1,0.18,01/01/2005 00:00,31/12/2024 00:00,01/01/2022 00:00,0.967,0.853,1,0.819,0.95,0.893,180,114,31,0
17/11/2025 19:03,France_level_2_final,Ensemble (mean weight) top 8 models_TH_auto_equal_weight,Month+2,0.59,01/01/2005 00:00,31/12/2024 00:00,01/01/2022 00:00,0.955,0.842,0.988,0.802,0.904,0.89,170,121,32,2
17/11/2025 19:03,France_level_2_final,Ensemble (mean weight) top 8 models_TH_auto_equal_weight,Month+3,0.39,01/01/2005 00:00,31/12/2024 00:00,01/01/2022 00:00,0.911,0.777,0.952,0.684,0.833,0.83,160,111,46,8
17/11/2025 19:03,France_level_2_final,Ensemble (mean weight) top 8 models_TH_auto_equal_weight,Month+4,0.4,01/01/2005 00:00,31/12/2024 00:00,01/01/2022 00:00,0.86,0.735,0.898,0.575,0.776,0.778,150,104,54,17
17/11/2025 19:03,France_level_2_final,Ensemble (mean weight) top 8 models_TH_auto_equal_weight,Month+5,0.2,01/01/2005 00:00,31/12/2024 00:00,01/01/2022 00:00,0.842,0.673,0.898,0.47,0.729,0.718,150,85,73,17
17/11/2025 19:03,France_level_2_final,Ensemble (mean weight) top 8 models_TH_auto_equal_weight,Month+6,0.19,01/01/2005 00:00,31/12/2024 00:00,01/01/2022 00:00,0.871,0.648,0.952,0.466,0.676,0.699,160,70,87,8
17/11/2025 19:04,France_level_2_final,Ensemble (mean weight) top 6 models_TH_0.5_not_equal_weight,Month+1,0.5,01/01/2005 00:00,31/12/2024 00:00,01/01/2022 00:00,0.976,0.891,1,0.869,0.909,0.924,180,123,22,0
17/11/2025 19:04,France_level_2_final,Ensemble (mean weight) top 6 models_TH_0.5_not_equal_weight,Month+2,0.5,01/01/2005 00:00,31/12/2024 00:00,01/01/2022 00:00,0.945,0.806,0.988,0.754,0.863,0.86,170,112,41,2
17/11/2025 19:04,France_level_2_final,Ensemble (mean weight) top 6 models_TH_0.5_not_equal_weight,Month+3,0.5,01/01/2005 00:00,31/12/2024 00:00,01/01/2022 00:00,0.916,0.796,0.952,0.711,0.834,0.846,160,116,41,8
17/11/2025 19:04,France_level_2_final,Ensemble (mean weight) top 6 models_TH_0.5_not_equal_weight,Month+4,0.5,01/01/2005 00:00,31/12/2024 00:00,01/01/2022 00:00,0.871,0.777,0.898,0.637,0.801,0.813,150,115,43,17
17/11/2025 19:04,France_level_2_final,Ensemble (mean weight) top 6 models_TH_0.5_not_equal_weight,Month+5,0.5,01/01/2005 00:00,31/12/2024 00:00,01/01/2022 00:00,0.806,0.697,0.838,0.465,0.733,0.726,140,97,61,27
17/11/2025 19:04,France_level_2_final,Ensemble (mean weight) top 6 models_TH_0.5_not_equal_weight,Month+6,0.5,01/01/2005 00:00,31/12/2024 00:00,01/01/2022 00:00,0.749,0.645,0.78,0.331,0.681,0.661,131,85,72,37
17/11/2025 19:06,France_level_2_final,Ensemble (mean weight) top 7 models_TH_0.5_not_equal_weight,Month+1,0.5,01/01/2005 00:00,31/12/2024 00:00,01/01/2022 00:00,0.978,0.9,1,0.881,0.951,0.931,180,125,20,0
17/11/2025 19:06,France_level_2_final,Ensemble (mean weight) top 7 models_TH_0.5_not_equal_weight,Month+2,0.5,01/01/2005 00:00,31/12/2024 00:00,01/01/2022 00:00,0.949,0.817,0.988,0.77,0.906,0.87,170,115,38,2
17/11/2025 19:06,France_level_2_final,Ensemble (mean weight) top 7 models_TH_0.5_not_equal_weight,Month+3,0.5,01/01/2005 00:00,31/12/2024 00:00,01/01/2022 00:00,0.911,0.777,0.952,0.684,0.84,0.83,160,111,46,8
17/11/2025 19:06,France_level_2_final,Ensemble (mean weight) top 7 models_TH_0.5_not_equal_weight,Month+4,0.5,01/01/2005 00:00,31/12/2024 00:00,01/01/2022 00:00,0.86,0.735,0.898,0.575,0.787,0.778,150,104,54,17
17/11/2025 19:06,France_level_2_final,Ensemble (mean weight) top 7 models_TH_0.5_not_equal_weight,Month+5,0.5,01/01/2005 00:00,31/12/2024 00:00,01/01/2022 00:00,0.805,0.693,0.838,0.46,0.731,0.723,140,96,62,27
17/11/2025 19:06,France_level_2_final,Ensemble (mean weight) top 7 models_TH_0.5_not_equal_weight,Month+6,0.5,01/01/2005 00:00,31/12/2024 00:00,01/01/2022 00:00,0.745,0.647,0.774,0.331,0.674,0.661,130,86,71,38
17/11/2025 19:08,France_level_2_final,Ensemble (mean weight) top 8 models_TH_0.5_not_equal_weight,Month+1,0.5,01/01/2005 00:00,31/12/2024 00:00,01/01/2022 00:00,0.978,0.9,1,0.881,0.953,0.931,180,125,20,0
17/11/2025 19:08,France_level_2_final,Ensemble (mean weight) top 8 models_TH_0.5_not_equal_weight,Month+2,0.5,01/01/2005 00:00,31/12/2024 00:00,01/01/2022 00:00,0.952,0.829,0.988,0.786,0.906,0.88,170,118,35,2
17/11/2025 19:08,France_level_2_final,Ensemble (mean weight) top 8 models_TH_0.5_not_equal_weight,Month+3,0.5,01/01/2005 00:00,31/12/2024 00:00,01/01/2022 00:00,0.913,0.784,0.952,0.695,0.833,0.836,160,113,44,8
17/11/2025 19:08,France_level_2_final,Ensemble (mean weight) top 8 models_TH_0.5_not_equal_weight,Month+4,0.5,01/01/2005 00:00,31/12/2024 00:00,01/01/2022 00:00,0.864,0.75,0.898,0.598,0.778,0.791,150,108,50,17
17/11/2025 19:08,France_level_2_final,Ensemble (mean weight) top 8 models_TH_0.5_not_equal_weight,Month+5,0.5,01/01/2005 00:00,31/12/2024 00:00,01/01/2022 00:00,0.806,0.697,0.838,0.465,0.732,0.726,140,97,61,27
17/11/2025 19:08,France_level_2_final,Ensemble (mean weight) top 8 models_TH_0.5_not_equal_weight,Month+6,0.5,01/01/2005 00:00,31/12/2024 00:00,01/01/2022 00:00,0.745,0.647,0.774,0.331,0.67,0.661,130,86,71,38
16/11/2025 17:03,Greece_level_3_final,Ensemble (mean weight) top 3 models_TH_auto_not_equal_weight,Month+1,0.16,01/01/2005 00:00,31/12/2024 00:00,01/01/2022 00:00,0.999,0.994,1,0.986,1,0.989,174,44,1,0
16/11/2025 17:03,Greece_level_3_final,Ensemble (mean weight) top 3 models_TH_auto_not_equal_weight,Month+2,0.19,01/01/2005 00:00,31/12/2024 00:00,01/01/2022 00:00,0.998,0.989,1,0.972,1,0.978,174,43,2,0
16/11/2025 17:03,Greece_level_3_final,Ensemble (mean weight) top 3 models_TH_auto_not_equal_weight,Month+3,0.22,01/01/2005 00:00,31/12/2024 00:00,01/01/2022 00:00,0.998,0.989,1,0.972,1,0.978,174,43,2,0
16/11/2025 17:03,Greece_level_3_final,Ensemble (mean weight) top 3 models_TH_auto_not_equal_weight,Month+4,0.19,01/01/2005 00:00,31/12/2024 00:00,01/01/2022 00:00,0.992,0.961,1,0.901,1,0.922,174,38,7,0
16/11/2025 17:03,Greece_level_3_final,Ensemble (mean weight) top 3 models_TH_auto_not_equal_weight,Month+5,0.22,01/01/2005 00:00,31/12/2024 00:00,01/01/2022 00:00,0.998,0.989,1,0.972,1,0.978,174,43,2,0
16/11/2025 17:03,Greece_level_3_final,Ensemble (mean weight) top 3 models_TH_auto_not_equal_weight,Month+6,0.24,01/01/2005 00:00,31/12/2024 00:00,01/01/2022 00:00,1,1,1,1,1,1,174,45,0,0
16/11/2025 17:11,Greece_level_3_final,Ensemble (mean weight) top 4 models_TH_auto_not_equal_weight,Month+1,0.19,01/01/2005 00:00,31/12/2024 00:00,01/01/2022 00:00,0.999,0.994,1,0.986,1,0.989,174,44,1,0
16/11/2025 17:11,Greece_level_3_final,Ensemble (mean weight) top 4 models_TH_auto_not_equal_weight,Month+2,0.21,01/01/2005 00:00,31/12/2024 00:00,01/01/2022 00:00,0.997,0.983,1,0.958,1,0.967,174,42,3,0
16/11/2025 17:11,Greece_level_3_final,Ensemble (mean weight) top 4 models_TH_auto_not_equal_weight,Month+3,0.24,01/01/2005 00:00,31/12/2024 00:00,01/01/2022 00:00,0.998,0.989,1,0.972,1,0.978,174,43,2,0
16/11/2025 17:11,Greece_level_3_final,Ensemble (mean weight) top 4 models_TH_auto_not_equal_weight,Month+4,0.25,01/01/2005 00:00,31/12/2024 00:00,01/01/2022 00:00,0.998,0.989,1,0.972,1,0.978,174,43,2,0
16/11/2025 17:11,Greece_level_3_final,Ensemble (mean weight) top 4 models_TH_auto_not_equal_weight,Month+5,0.24,01/01/2005 00:00,31/12/2024 00:00,01/01/2022 00:00,0.998,0.989,1,0.972,1,0.978,174,43,2,0
16/11/2025 17:11,Greece_level_3_final,Ensemble (mean weight) top 4 models_TH_auto_not_equal_weight,Month+6,0.24,01/01/2005 00:00,31/12/2024 00:00,01/01/2022 00:00,1,1,1,1,1,1,174,45,0,0
16/11/2025 17:19,Greece_level_3_final,Ensemble (mean weight) top 5 models_TH_auto_not_equal_weight,Month+1,0.12,01/01/2005 00:00,31/12/2024 00:00,01/01/2022 00:00,0.998,0.989,1,0.972,1,0.978,174,43,2,0
16/11/2025 17:19,Greece_level_3_final,Ensemble (mean weight) top 5 models_TH_auto_not_equal_weight,Month+2,0.2,01/01/2005 00:00,31/12/2024 00:00,01/01/2022 00:00,0.995,0.978,1,0.944,1,0.956,174,41,4,0
16/11/2025 17:19,Greece_level_3_final,Ensemble (mean weight) top 5 models_TH_auto_not_equal_weight,Month+3,0.2,01/01/2005 00:00,31/12/2024 00:00,01/01/2022 00:00,0.995,0.978,1,0.944,1,0.956,174,41,4,0
16/11/2025 17:19,Greece_level_3_final,Ensemble (mean weight) top 5 models_TH_auto_not_equal_weight,Month+4,0.22,01/01/2005 00:00,31/12/2024 00:00,01/01/2022 00:00,1,1,1,1,1,1,174,45,0,0
16/11/2025 17:19,Greece_level_3_final,Ensemble (mean weight) top 5 models_TH_auto_not_equal_weight,Month+5,0.25,01/01/2005 00:00,31/12/2024 00:00,01/01/2022 00:00,0.998,0.989,1,0.972,1,0.978,174,43,2,0
16/11/2025 17:19,Greece_level_3_final,Ensemble (mean weight) top 5 models_TH_auto_not_equal_weight,Month+6,0.23,01/01/2005 00:00,31/12/2024 00:00,01/01/2022 00:00,0.998,0.989,1,0.972,1,0.978,174,43,2,0
17/11/2025 12:29,Greece_level_3_final,Ensemble (mean weight) top 3 model_TH_0.5_equal_weights,Month+1,0.5,01/01/2005 00:00,31/12/2024 00:00,01/01/2022 00:00,1,1,1,1,1,1,174,45,0,0
17/11/2025 12:29,Greece_level_3_final,Ensemble (mean weight) top 3 model_TH_0.5_equal_weights,Month+2,0.5,01/01/2005 00:00,31/12/2024 00:00,01/01/2022 00:00,0.999,0.994,1,0.986,1,0.989,174,44,1,0
17/11/2025 12:29,Greece_level_3_final,Ensemble (mean weight) top 3 model_TH_0.5_equal_weights,Month+3,0.5,01/01/2005 00:00,31/12/2024 00:00,01/01/2022 00:00,0.982,1,0.977,0.947,1,0.989,170,45,0,4
17/11/2025 12:29,Greece_level_3_final,Ensemble (mean weight) top 3 model_TH_0.5_equal_weights,Month+4,0.5,01/01/2005 00:00,31/12/2024 00:00,01/01/2022 00:00,0.949,1,0.937,0.868,1,0.968,163,45,0,11
17/11/2025 12:29,Greece_level_3_final,Ensemble (mean weight) top 3 model_TH_0.5_equal_weights,Month+5,0.5,01/01/2005 00:00,31/12/2024 00:00,01/01/2022 00:00,0.963,1,0.954,0.9,1,0.977,166,45,0,8
17/11/2025 12:29,Greece_level_3_final,Ensemble (mean weight) top 3 model_TH_0.5_equal_weights,Month+6,0.5,01/01/2005 00:00,31/12/2024 00:00,01/01/2022 00:00,0.896,1,0.874,0.766,0.998,0.937,152,45,0,22
17/11/2025 12:33,Greece_level_3_final,Ensemble (mean weight) top 4 model_TH_0.5_equal_weights,Month+1,0.5,01/01/2005 00:00,31/12/2024 00:00,01/01/2022 00:00,1,1,1,1,1,1,174,45,0,0
17/11/2025 12:33,Greece_level_3_final,Ensemble (mean weight) top 4 model_TH_0.5_equal_weights,Month+2,0.5,01/01/2005 00:00,31/12/2024 00:00,01/01/2022 00:00,1,1,1,1,1,1,174,45,0,0
17/11/2025 12:33,Greece_level_3_final,Ensemble (mean weight) top 4 model_TH_0.5_equal_weights,Month+3,0.5,01/01/2005 00:00,31/12/2024 00:00,01/01/2022 00:00,0.995,1,0.994,0.986,1,0.997,173,45,0,1
17/11/2025 12:33,Greece_level_3_final,Ensemble (mean weight) top 4 model_TH_0.5_equal_weights,Month+4,0.5,01/01/2005 00:00,31/12/2024 00:00,01/01/2022 00:00,0.991,1,0.989,0.973,1,0.994,172,45,0,2
17/11/2025 12:33,Greece_level_3_final,Ensemble (mean weight) top 4 model_TH_0.5_equal_weights,Month+5,0.5,01/01/2005 00:00,31/12/2024 00:00,01/01/2022 00:00,0.995,1,0.994,0.986,1,0.997,173,45,0,1
17/11/2025 12:33,Greece_level_3_final,Ensemble (mean weight) top 4 model_TH_0.5_equal_weights,Month+6,0.5,01/01/2005 00:00,31/12/2024 00:00,01/01/2022 00:00,0.949,1,0.937,0.868,1,0.968,163,45,0,11
17/11/2025 12:38,Greece_level_3_final,Ensemble (mean weight) top 5 model_TH_0.5_equal_weights,Month+1,0.5,01/01/2005 00:00,31/12/2024 00:00,01/01/2022 00:00,1,1,1,1,1,1,174,45,0,0
17/11/2025 12:38,Greece_level_3_final,Ensemble (mean weight) top 5 model_TH_0.5_equal_weights,Month+2,0.5,01/01/2005 00:00,31/12/2024 00:00,01/01/2022 00:00,1,1,1,1,1,1,174,45,0,0
17/11/2025 12:38,Greece_level_3_final,Ensemble (mean weight) top 5 model_TH_0.5_equal_weights,Month+3,0.5,01/01/2005 00:00,31/12/2024 00:00,01/01/2022 00:00,1,1,1,1,1,1,174,45,0,0
17/11/2025 12:38,Greece_level_3_final,Ensemble (mean weight) top 5 model_TH_0.5_equal_weights,Month+4,0.5,01/01/2005 00:00,31/12/2024 00:00,01/01/2022 00:00,1,1,1,1,1,1,174,45,0,0
17/11/2025 12:38,Greece_level_3_final,Ensemble (mean weight) top 5 model_TH_0.5_equal_weights,Month+5,0.5,01/01/2005 00:00,31/12/2024 00:00,01/01/2022 00:00,1,1,1,1,1,1,174,45,0,0
17/11/2025 12:38,Greece_level_3_final,Ensemble (mean weight) top 5 model_TH_0.5_equal_weights,Month+6,0.5,01/01/2005 00:00,31/12/2024 00:00,01/01/2022 00:00,1,1,1,1,1,1,174,45,0,0
16/11/2025 23:00,Greece_level_3_final,Ensemble (mean weight) top 3 models_TH_auto_equal_weight,Month+1,0.16,01/01/2005 00:00,31/12/2024 00:00,01/01/2022 00:00,0.999,0.994,1,0.986,1,0.989,174,44,1,0
16/11/2025 23:00,Greece_level_3_final,Ensemble (mean weight) top 3 models_TH_auto_equal_weight,Month+2,0.19,01/01/2005 00:00,31/12/2024 00:00,01/01/2022 00:00,0.998,0.989,1,0.972,1,0.978,174,43,2,0
16/11/2025 23:00,Greece_level_3_final,Ensemble (mean weight) top 3 models_TH_auto_equal_weight,Month+3,0.22,01/01/2005 00:00,31/12/2024 00:00,01/01/2022 00:00,0.998,0.989,1,0.972,1,0.978,174,43,2,0
16/11/2025 23:00,Greece_level_3_final,Ensemble (mean weight) top 3 models_TH_auto_equal_weight,Month+4,0.19,01/01/2005 00:00,31/12/2024 00:00,01/01/2022 00:00,0.997,0.983,1,0.958,1,0.967,174,42,3,0
16/11/2025 23:00,Greece_level_3_final,Ensemble (mean weight) top 3 models_TH_auto_equal_weight,Month+5,0.22,01/01/2005 00:00,31/12/2024 00:00,01/01/2022 00:00,0.998,0.989,1,0.972,1,0.978,174,43,2,0
16/11/2025 23:00,Greece_level_3_final,Ensemble (mean weight) top 3 models_TH_auto_equal_weight,Month+6,0.24,01/01/2005 00:00,31/12/2024 00:00,01/01/2022 00:00,1,1,1,1,1,1,174,45,0,0
16/11/2025 23:08,Greece_level_3_final,Ensemble (mean weight) top 4 models_TH_auto_equal_weight,Month+1,0.19,01/01/2005 00:00,31/12/2024 00:00,01/01/2022 00:00,0.999,0.994,1,0.986,1,0.989,174,44,1,0
16/11/2025 23:08,Greece_level_3_final,Ensemble (mean weight) top 4 models_TH_auto_equal_weight,Month+2,0.21,01/01/2005 00:00,31/12/2024 00:00,01/01/2022 00:00,0.998,0.989,1,0.972,1,0.978,174,43,2,0
16/11/2025 23:08,Greece_level_3_final,Ensemble (mean weight) top 4 models_TH_auto_equal_weight,Month+3,0.24,01/01/2005 00:00,31/12/2024 00:00,01/01/2022 00:00,0.998,0.989,1,0.972,1,0.978,174,43,2,0
16/11/2025 23:08,Greece_level_3_final,Ensemble (mean weight) top 4 models_TH_auto_equal_weight,Month+4,0.25,01/01/2005 00:00,31/12/2024 00:00,01/01/2022 00:00,1,1,1,1,1,1,174,45,0,0
16/11/2025 23:08,Greece_level_3_final,Ensemble (mean weight) top 4 models_TH_auto_equal_weight,Month+5,0.24,01/01/2005 00:00,31/12/2024 00:00,01/01/2022 00:00,0.998,0.989,1,0.972,1,0.978,174,43,2,0
16/11/2025 23:08,Greece_level_3_final,Ensemble (mean weight) top 4 models_TH_auto_equal_weight,Month+6,0.24,01/01/2005 00:00,31/12/2024 00:00,01/01/2022 00:00,1,1,1,1,1,1,174,45,0,0
16/11/2025 23:16,Greece_level_3_final,Ensemble (mean weight) top 5 models_TH_auto_equal_weight,Month+1,0.12,01/01/2005 00:00,31/12/2024 00:00,01/01/2022 00:00,0.998,0.989,1,0.972,1,0.978,174,43,2,0
16/11/2025 23:16,Greece_level_3_final,Ensemble (mean weight) top 5 models_TH_auto_equal_weight,Month+2,0.2,01/01/2005 00:00,31/12/2024 00:00,01/01/2022 00:00,0.998,0.989,1,0.972,1,0.978,174,43,2,0
16/11/2025 23:16,Greece_level_3_final,Ensemble (mean weight) top 5 models_TH_auto_equal_weight,Month+3,0.2,01/01/2005 00:00,31/12/2024 00:00,01/01/2022 00:00,0.998,0.989,1,0.972,1,0.978,174,43,2,0
16/11/2025 23:16,Greece_level_3_final,Ensemble (mean weight) top 5 models_TH_auto_equal_weight,Month+4,0.22,01/01/2005 00:00,31/12/2024 00:00,01/01/2022 00:00,1,1,1,1,1,1,174,45,0,0
16/11/2025 23:16,Greece_level_3_final,Ensemble (mean weight) top 5 models_TH_auto_equal_weight,Month+5,0.25,01/01/2005 00:00,31/12/2024 00:00,01/01/2022 00:00,0.997,0.983,1,0.958,1,0.967,174,42,3,0
16/11/2025 23:16,Greece_level_3_final,Ensemble (mean weight) top 5 models_TH_auto_equal_weight,Month+6,0.23,01/01/2005 00:00,31/12/2024 00:00,01/01/2022 00:00,0.998,0.989,1,0.972,1,0.978,174,43,2,0
16/11/2025 13:08,Greece_level_3_final,Ensemble (mean weight) top 3 models_TH_0.5_not_equal_weight,Month+1,0.5,01/01/2005 00:00,31/12/2024 00:00,01/01/2022 00:00,0.982,1,0.977,0.947,1,0.989,170,45,0,4
16/11/2025 13:08,Greece_level_3_final,Ensemble (mean weight) top 3 models_TH_0.5_not_equal_weight,Month+2,0.5,01/01/2005 00:00,31/12/2024 00:00,01/01/2022 00:00,0.999,0.994,1,0.986,1,0.989,174,44,1,0
16/11/2025 13:08,Greece_level_3_final,Ensemble (mean weight) top 3 models_TH_0.5_not_equal_weight,Month+3,0.5,01/01/2005 00:00,31/12/2024 00:00,01/01/2022 00:00,0.877,1,0.851,0.734,0.995,0.925,148,45,0,26
16/11/2025 13:08,Greece_level_3_final,Ensemble (mean weight) top 3 models_TH_0.5_not_equal_weight,Month+4,0.5,01/01/2005 00:00,31/12/2024 00:00,01/01/2022 00:00,0.714,1,0.667,0.54,0.99,0.833,116,45,0,58
16/11/2025 13:08,Greece_level_3_final,Ensemble (mean weight) top 3 models_TH_0.5_not_equal_weight,Month+5,0.5,01/01/2005 00:00,31/12/2024 00:00,01/01/2022 00:00,0.99,0.994,0.989,0.958,0.999,0.983,172,44,1,2
16/11/2025 13:08,Greece_level_3_final,Ensemble (mean weight) top 3 models_TH_0.5_not_equal_weight,Month+6,0.5,01/01/2005 00:00,31/12/2024 00:00,01/01/2022 00:00,0.665,0.991,0.615,0.479,0.975,0.796,107,44,1,67
16/11/2025 13:13,Greece_level_3_final,Ensemble (mean weight) top 4 models_TH_0.5_not_equal_weight,Month+1,0.5,01/01/2005 00:00,31/12/2024 00:00,01/01/2022 00:00,1,1,1,1,1,1,174,45,0,0
16/11/2025 13:13,Greece_level_3_final,Ensemble (mean weight) top 4 models_TH_0.5_not_equal_weight,Month+2,0.5,01/01/2005 00:00,31/12/2024 00:00,01/01/2022 00:00,1,1,1,1,1,1,174,45,0,0
16/11/2025 13:13,Greece_level_3_final,Ensemble (mean weight) top 4 models_TH_0.5_not_equal_weight,Month+3,0.5,01/01/2005 00:00,31/12/2024 00:00,01/01/2022 00:00,1,1,1,1,1,1,174,45,0,0
16/11/2025 13:13,Greece_level_3_final,Ensemble (mean weight) top 4 models_TH_0.5_not_equal_weight,Month+4,0.5,01/01/2005 00:00,31/12/2024 00:00,01/01/2022 00:00,1,1,1,1,1,1,174,45,0,0
16/11/2025 13:13,Greece_level_3_final,Ensemble (mean weight) top 4 models_TH_0.5_not_equal_weight,Month+5,0.5,01/01/2005 00:00,31/12/2024 00:00,01/01/2022 00:00,0.822,1,0.787,0.657,1,0.894,137,45,0,37
16/11/2025 13:13,Greece_level_3_final,Ensemble (mean weight) top 4 models_TH_0.5_not_equal_weight,Month+6,0.5,01/01/2005 00:00,31/12/2024 00:00,01/01/2022 00:00,0.982,1,0.977,0.947,1,0.989,170,45,0,4
16/11/2025 13:18,Greece_level_3_final,Ensemble (mean weight) top 5 models_TH_0.5_not_equal_weight,Month+1,0.5,01/01/2005 00:00,31/12/2024 00:00,01/01/2022 00:00,1,1,1,1,1,1,174,45,0,0
16/11/2025 13:18,Greece_level_3_final,Ensemble (mean weight) top 5 models_TH_0.5_not_equal_weight,Month+2,0.5,01/01/2005 00:00,31/12/2024 00:00,01/01/2022 00:00,0.986,1,0.983,0.96,1,0.991,171,45,0,3
16/11/2025 13:18,Greece_level_3_final,Ensemble (mean weight) top 5 models_TH_0.5_not_equal_weight,Month+3,0.5,01/01/2005 00:00,31/12/2024 00:00,01/01/2022 00:00,1,1,1,1,1,1,174,45,0,0
16/11/2025 13:18,Greece_level_3_final,Ensemble (mean weight) top 5 models_TH_0.5_not_equal_weight,Month+4,0.5,01/01/2005 00:00,31/12/2024 00:00,01/01/2022 00:00,1,1,1,1,1,1,174,45,0,0
16/11/2025 13:18,Greece_level_3_final,Ensemble (mean weight) top 5 models_TH_0.5_not_equal_weight,Month+5,0.5,01/01/2005 00:00,31/12/2024 00:00,01/01/2022 00:00,0.991,1,0.989,0.973,1,0.994,172,45,0,2
16/11/2025 13:18,Greece_level_3_final,Ensemble (mean weight) top 5 models_TH_0.5_not_equal_weight,Month+6,0.5,01/01/2005 00:00,31/12/2024 00:00,01/01/2022 00:00,1,1,1,1,1,1,174,45,0,0
18/11/2025 07:49,Greece_level_3_final,Ensemble (mean weight) top 6 models_TH_auto_not_equal_weight,Month+1,0.14,01/01/2005 00:00,31/12/2024 00:00,01/01/2022 00:00,0.999,0.994,1,0.986,1,0.989,174,44,1,0
18/11/2025 07:49,Greece_level_3_final,Ensemble (mean weight) top 6 models_TH_auto_not_equal_weight,Month+2,0.15,01/01/2005 00:00,31/12/2024 00:00,01/01/2022 00:00,0.998,0.989,1,0.972,1,0.978,174,43,2,0
18/11/2025 07:49,Greece_level_3_final,Ensemble (mean weight) top 6 models_TH_auto_not_equal_weight,Month+3,0.2,01/01/2005 00:00,31/12/2024 00:00,01/01/2022 00:00,0.999,0.994,1,0.986,1,0.989,174,44,1,0
18/11/2025 07:49,Greece_level_3_final,Ensemble (mean weight) top 6 models_TH_auto_not_equal_weight,Month+4,0.22,01/01/2005 00:00,31/12/2024 00:00,01/01/2022 00:00,0.999,0.994,1,0.986,1,0.989,174,44,1,0
18/11/2025 07:49,Greece_level_3_final,Ensemble (mean weight) top 6 models_TH_auto_not_equal_weight,Month+5,0.22,01/01/2005 00:00,31/12/2024 00:00,01/01/2022 00:00,0.999,0.994,1,0.986,1,0.989,174,44,1,0
18/11/2025 07:49,Greece_level_3_final,Ensemble (mean weight) top 6 models_TH_auto_not_equal_weight,Month+6,0.2,01/01/2005 00:00,31/12/2024 00:00,01/01/2022 00:00,0.998,0.989,1,0.972,1,0.978,174,43,2,0
18/11/2025 07:59,Greece_level_3_final,Ensemble (mean weight) top 7 models_TH_auto_not_equal_weight,Month+1,0.14,01/01/2005 00:00,31/12/2024 00:00,01/01/2022 00:00,0.998,0.989,1,0.972,1,0.978,174,43,2,0
18/11/2025 07:59,Greece_level_3_final,Ensemble (mean weight) top 7 models_TH_auto_not_equal_weight,Month+2,0.17,01/01/2005 00:00,31/12/2024 00:00,01/01/2022 00:00,0.998,0.989,1,0.972,1,0.978,174,43,2,0
18/11/2025 07:59,Greece_level_3_final,Ensemble (mean weight) top 7 models_TH_auto_not_equal_weight,Month+3,0.22,01/01/2005 00:00,31/12/2024 00:00,01/01/2022 00:00,0.998,0.989,1,0.972,1,0.978,174,43,2,0
18/11/2025 07:59,Greece_level_3_final,Ensemble (mean weight) top 7 models_TH_auto_not_equal_weight,Month+4,0.22,01/01/2005 00:00,31/12/2024 00:00,01/01/2022 00:00,0.994,0.972,1,0.93,1,0.944,174,40,5,0
18/11/2025 07:59,Greece_level_3_final,Ensemble (mean weight) top 7 models_TH_auto_not_equal_weight,Month+5,0.31,01/01/2005 00:00,31/12/2024 00:00,01/01/2022 00:00,0.999,0.994,1,0.986,1,0.989,174,44,1,0
18/11/2025 07:59,Greece_level_3_final,Ensemble (mean weight) top 7 models_TH_auto_not_equal_weight,Month+6,0.22,01/01/2005 00:00,31/12/2024 00:00,01/01/2022 00:00,0.998,0.989,1,0.972,1,0.978,174,43,2,0
18/11/2025 08:13,Greece_level_3_final,Ensemble (mean weight) top 8 models_TH_auto_not_equal_weight,Month+1,0.16,01/01/2005 00:00,31/12/2024 00:00,01/01/2022 00:00,0.998,0.989,1,0.972,1,0.978,174,43,2,0
18/11/2025 08:13,Greece_level_3_final,Ensemble (mean weight) top 8 models_TH_auto_not_equal_weight,Month+2,0.24,01/01/2005 00:00,31/12/2024 00:00,01/01/2022 00:00,0.999,0.994,1,0.986,1,0.989,174,44,1,0
18/11/2025 08:13,Greece_level_3_final,Ensemble (mean weight) top 8 models_TH_auto_not_equal_weight,Month+3,0.29,01/01/2005 00:00,31/12/2024 00:00,01/01/2022 00:00,0.999,0.994,1,0.986,1,0.989,174,44,1,0
18/11/2025 08:13,Greece_level_3_final,Ensemble (mean weight) top 8 models_TH_auto_not_equal_weight,Month+4,0.22,01/01/2005 00:00,31/12/2024 00:00,01/01/2022 00:00,0.993,0.967,1,0.915,1,0.933,174,39,6,0
18/11/2025 08:13,Greece_level_3_final,Ensemble (mean weight) top 8 models_TH_auto_not_equal_weight,Month+5,0.27,01/01/2005 00:00,31/12/2024 00:00,01/01/2022 00:00,0.999,0.994,1,0.986,1,0.989,174,44,1,0
18/11/2025 08:13,Greece_level_3_final,Ensemble (mean weight) top 8 models_TH_auto_not_equal_weight,Month+6,0.27,01/01/2005 00:00,31/12/2024 00:00,01/01/2022 00:00,1,1,1,1,1,1,174,45,0,0
18/11/2025 08:18,Greece_level_3_final,Ensemble (mean weight) top 6 model_TH_0.5_equal_weights,Month+1,0.5,01/01/2005 00:00,31/12/2024 00:00,01/01/2022 00:00,1,1,1,1,1,1,174,45,0,0
18/11/2025 08:18,Greece_level_3_final,Ensemble (mean weight) top 6 model_TH_0.5_equal_weights,Month+2,0.5,01/01/2005 00:00,31/12/2024 00:00,01/01/2022 00:00,1,1,1,1,1,1,174,45,0,0
18/11/2025 08:18,Greece_level_3_final,Ensemble (mean weight) top 6 model_TH_0.5_equal_weights,Month+3,0.5,01/01/2005 00:00,31/12/2024 00:00,01/01/2022 00:00,1,1,1,1,1,1,174,45,0,0
18/11/2025 08:18,Greece_level_3_final,Ensemble (mean weight) top 6 model_TH_0.5_equal_weights,Month+4,0.5,01/01/2005 00:00,31/12/2024 00:00,01/01/2022 00:00,1,1,1,1,1,1,174,45,0,0
18/11/2025 08:18,Greece_level_3_final,Ensemble (mean weight) top 6 model_TH_0.5_equal_weights,Month+5,0.5,01/01/2005 00:00,31/12/2024 00:00,01/01/2022 00:00,1,1,1,1,1,1,174,45,0,0
18/11/2025 08:18,Greece_level_3_final,Ensemble (mean weight) top 6 model_TH_0.5_equal_weights,Month+6,0.5,01/01/2005 00:00,31/12/2024 00:00,01/01/2022 00:00,1,1,1,1,1,1,174,45,0,0
18/11/2025 08:24,Greece_level_3_final,Ensemble (mean weight) top 7 model_TH_0.5_equal_weights,Month+1,0.5,01/01/2005 00:00,31/12/2024 00:00,01/01/2022 00:00,1,1,1,1,1,1,174,45,0,0
18/11/2025 08:24,Greece_level_3_final,Ensemble (mean weight) top 7 model_TH_0.5_equal_weights,Month+2,0.5,01/01/2005 00:00,31/12/2024 00:00,01/01/2022 00:00,1,1,1,1,1,1,174,45,0,0
18/11/2025 08:24,Greece_level_3_final,Ensemble (mean weight) top 7 model_TH_0.5_equal_weights,Month+3,0.5,01/01/2005 00:00,31/12/2024 00:00,01/01/2022 00:00,1,1,1,1,1,1,174,45,0,0
18/11/2025 08:24,Greece_level_3_final,Ensemble (mean weight) top 7 model_TH_0.5_equal_weights,Month+4,0.5,01/01/2005 00:00,31/12/2024 00:00,01/01/2022 00:00,1,1,1,1,1,1,174,45,0,0
18/11/2025 08:24,Greece_level_3_final,Ensemble (mean weight) top 7 model_TH_0.5_equal_weights,Month+5,0.5,01/01/2005 00:00,31/12/2024 00:00,01/01/2022 00:00,1,1,1,1,1,1,174,45,0,0
18/11/2025 08:24,Greece_level_3_final,Ensemble (mean weight) top 7 model_TH_0.5_equal_weights,Month+6,0.5,01/01/2005 00:00,31/12/2024 00:00,01/01/2022 00:00,1,1,1,1,1,1,174,45,0,0
18/11/2025 08:30,Greece_level_3_final,Ensemble (mean weight) top 8 model_TH_0.5_equal_weights,Month+1,0.5,01/01/2005 00:00,31/12/2024 00:00,01/01/2022 00:00,1,1,1,1,1,1,174,45,0,0
18/11/2025 08:30,Greece_level_3_final,Ensemble (mean weight) top 8 model_TH_0.5_equal_weights,Month+2,0.5,01/01/2005 00:00,31/12/2024 00:00,01/01/2022 00:00,1,1,1,1,1,1,174,45,0,0
18/11/2025 08:30,Greece_level_3_final,Ensemble (mean weight) top 8 model_TH_0.5_equal_weights,Month+3,0.5,01/01/2005 00:00,31/12/2024 00:00,01/01/2022 00:00,1,1,1,1,1,1,174,45,0,0
18/11/2025 08:30,Greece_level_3_final,Ensemble (mean weight) top 8 model_TH_0.5_equal_weights,Month+4,0.5,01/01/2005 00:00,31/12/2024 00:00,01/01/2022 00:00,1,1,1,1,1,1,174,45,0,0
18/11/2025 08:30,Greece_level_3_final,Ensemble (mean weight) top 8 model_TH_0.5_equal_weights,Month+5,0.5,01/01/2005 00:00,31/12/2024 00:00,01/01/2022 00:00,1,1,1,1,1,1,174,45,0,0
18/11/2025 08:30,Greece_level_3_final,Ensemble (mean weight) top 8 model_TH_0.5_equal_weights,Month+6,0.5,01/01/2005 00:00,31/12/2024 00:00,01/01/2022 00:00,1,1,1,1,1,1,174,45,0,0
18/11/2025 08:41,Greece_level_3_final,Ensemble (mean weight) top 6 models_TH_auto_equal_weight,Month+1,0.14,01/01/2005 00:00,31/12/2024 00:00,01/01/2022 00:00,0.999,0.994,1,0.986,1,0.989,174,44,1,0
18/11/2025 08:41,Greece_level_3_final,Ensemble (mean weight) top 6 models_TH_auto_equal_weight,Month+2,0.15,01/01/2005 00:00,31/12/2024 00:00,01/01/2022 00:00,0.999,0.994,1,0.986,1,0.989,174,44,1,0
18/11/2025 08:41,Greece_level_3_final,Ensemble (mean weight) top 6 models_TH_auto_equal_weight,Month+3,0.2,01/01/2005 00:00,31/12/2024 00:00,01/01/2022 00:00,0.999,0.994,1,0.986,1,0.989,174,44,1,0
18/11/2025 08:41,Greece_level_3_final,Ensemble (mean weight) top 6 models_TH_auto_equal_weight,Month+4,0.22,01/01/2005 00:00,31/12/2024 00:00,01/01/2022 00:00,1,1,1,1,1,1,174,45,0,0
18/11/2025 08:41,Greece_level_3_final,Ensemble (mean weight) top 6 models_TH_auto_equal_weight,Month+5,0.22,01/01/2005 00:00,31/12/2024 00:00,01/01/2022 00:00,0.997,0.983,1,0.958,1,0.967,174,42,3,0
18/11/2025 08:41,Greece_level_3_final,Ensemble (mean weight) top 6 models_TH_auto_equal_weight,Month+6,0.2,01/01/2005 00:00,31/12/2024 00:00,01/01/2022 00:00,0.998,0.989,1,0.972,1,0.978,174,43,2,0
18/11/2025 08:52,Greece_level_3_final,Ensemble (mean weight) top 7 models_TH_auto_equal_weight,Month+1,0.14,01/01/2005 00:00,31/12/2024 00:00,01/01/2022 00:00,0.999,0.994,1,0.986,1,0.989,174,44,1,0
18/11/2025 08:52,Greece_level_3_final,Ensemble (mean weight) top 7 models_TH_auto_equal_weight,Month+2,0.17,01/01/2005 00:00,31/12/2024 00:00,01/01/2022 00:00,0.999,0.994,1,0.986,1,0.989,174,44,1,0
18/11/2025 08:52,Greece_level_3_final,Ensemble (mean weight) top 7 models_TH_auto_equal_weight,Month+3,0.22,01/01/2005 00:00,31/12/2024 00:00,01/01/2022 00:00,0.999,0.994,1,0.986,1,0.989,174,44,1,0
18/11/2025 08:52,Greece_level_3_final,Ensemble (mean weight) top 7 models_TH_auto_equal_weight,Month+4,0.22,01/01/2005 00:00,31/12/2024 00:00,01/01/2022 00:00,1,1,1,1,1,1,174,45,0,0
18/11/2025 08:52,Greece_level_3_final,Ensemble (mean weight) top 7 models_TH_auto_equal_weight,Month+5,0.31,01/01/2005 00:00,31/12/2024 00:00,01/01/2022 00:00,0.999,0.994,1,0.986,1,0.989,174,44,1,0
18/11/2025 08:52,Greece_level_3_final,Ensemble (mean weight) top 7 models_TH_auto_equal_weight,Month+6,0.22,01/01/2005 00:00,31/12/2024 00:00,01/01/2022 00:00,0.998,0.989,1,0.972,1,0.978,174,43,2,0
18/11/2025 09:01,Greece_level_3_final,Ensemble (mean weight) top 8 models_TH_auto_equal_weight,Month+1,0.16,01/01/2005 00:00,31/12/2024 00:00,01/01/2022 00:00,0.999,0.994,1,0.986,1,0.989,174,44,1,0
18/11/2025 09:01,Greece_level_3_final,Ensemble (mean weight) top 8 models_TH_auto_equal_weight,Month+2,0.24,01/01/2005 00:00,31/12/2024 00:00,01/01/2022 00:00,0.999,0.994,1,0.986,1,0.989,174,44,1,0
18/11/2025 09:01,Greece_level_3_final,Ensemble (mean weight) top 8 models_TH_auto_equal_weight,Month+3,0.29,01/01/2005 00:00,31/12/2024 00:00,01/01/2022 00:00,0.999,0.994,1,0.986,1,0.989,174,44,1,0
18/11/2025 09:01,Greece_level_3_final,Ensemble (mean weight) top 8 models_TH_auto_equal_weight,Month+4,0.22,01/01/2005 00:00,31/12/2024 00:00,01/01/2022 00:00,1,1,1,1,1,1,174,45,0,0
18/11/2025 09:01,Greece_level_3_final,Ensemble (mean weight) top 8 models_TH_auto_equal_weight,Month+5,0.27,01/01/2005 00:00,31/12/2024 00:00,01/01/2022 00:00,0.999,0.994,1,0.986,1,0.989,174,44,1,0
18/11/2025 09:01,Greece_level_3_final,Ensemble (mean weight) top 8 models_TH_auto_equal_weight,Month+6,0.27,01/01/2005 00:00,31/12/2024 00:00,01/01/2022 00:00,0.998,0.989,1,0.972,1,0.978,174,43,2,0
18/11/2025 09:07,Greece_level_3_final,Ensemble (mean weight) top 6 models_TH_0.5_not_equal_weight,Month+1,0.5,01/01/2005 00:00,31/12/2024 00:00,01/01/2022 00:00,1,1,1,1,1,1,174,45,0,0
18/11/2025 09:07,Greece_level_3_final,Ensemble (mean weight) top 6 models_TH_0.5_not_equal_weight,Month+2,0.5,01/01/2005 00:00,31/12/2024 00:00,01/01/2022 00:00,0.968,1,0.96,0.911,1,0.98,167,45,0,7
18/11/2025 09:07,Greece_level_3_final,Ensemble (mean weight) top 6 models_TH_0.5_not_equal_weight,Month+3,0.5,01/01/2005 00:00,31/12/2024 00:00,01/01/2022 00:00,1,1,1,1,1,1,174,45,0,0
18/11/2025 09:07,Greece_level_3_final,Ensemble (mean weight) top 6 models_TH_0.5_not_equal_weight,Month+4,0.5,01/01/2005 00:00,31/12/2024 00:00,01/01/2022 00:00,1,1,1,1,1,1,174,45,0,0
18/11/2025 09:07,Greece_level_3_final,Ensemble (mean weight) top 6 models_TH_0.5_not_equal_weight,Month+5,0.5,01/01/2005 00:00,31/12/2024 00:00,01/01/2022 00:00,1,1,1,1,1,1,174,45,0,0
18/11/2025 09:07,Greece_level_3_final,Ensemble (mean weight) top 6 models_TH_0.5_not_equal_weight,Month+6,0.5,01/01/2005 00:00,31/12/2024 00:00,01/01/2022 00:00,1,1,1,1,1,1,174,45,0,0
18/11/2025 09:13,Greece_level_3_final,Ensemble (mean weight) top 7 models_TH_0.5_not_equal_weight,Month+1,0.5,01/01/2005 00:00,31/12/2024 00:00,01/01/2022 00:00,1,1,1,1,1,1,174,45,0,0
18/11/2025 09:13,Greece_level_3_final,Ensemble (mean weight) top 7 models_TH_0.5_not_equal_weight,Month+2,0.5,01/01/2005 00:00,31/12/2024 00:00,01/01/2022 00:00,1,1,1,1,1,1,174,45,0,0
18/11/2025 09:13,Greece_level_3_final,Ensemble (mean weight) top 7 models_TH_0.5_not_equal_weight,Month+3,0.5,01/01/2005 00:00,31/12/2024 00:00,01/01/2022 00:00,1,1,1,1,1,1,174,45,0,0
18/11/2025 09:13,Greece_level_3_final,Ensemble (mean weight) top 7 models_TH_0.5_not_equal_weight,Month+4,0.5,01/01/2005 00:00,31/12/2024 00:00,01/01/2022 00:00,1,1,1,1,1,1,174,45,0,0
18/11/2025 09:13,Greece_level_3_final,Ensemble (mean weight) top 7 models_TH_0.5_not_equal_weight,Month+5,0.5,01/01/2005 00:00,31/12/2024 00:00,01/01/2022 00:00,0.991,1,0.989,0.973,1,0.994,172,45,0,2
18/11/2025 09:13,Greece_level_3_final,Ensemble (mean weight) top 7 models_TH_0.5_not_equal_weight,Month+6,0.5,01/01/2005 00:00,31/12/2024 00:00,01/01/2022 00:00,0.935,1,0.92,0.837,1,0.96,160,45,0,14
18/11/2025 09:18,Greece_level_3_final,Ensemble (mean weight) top 8 models_TH_0.5_not_equal_weight,Month+1,0.5,01/01/2005 00:00,31/12/2024 00:00,01/01/2022 00:00,1,1,1,1,1,1,174,45,0,0
18/11/2025 09:18,Greece_level_3_final,Ensemble (mean weight) top 8 models_TH_0.5_not_equal_weight,Month+2,0.5,01/01/2005 00:00,31/12/2024 00:00,01/01/2022 00:00,1,1,1,1,1,1,174,45,0,0
18/11/2025 09:18,Greece_level_3_final,Ensemble (mean weight) top 8 models_TH_0.5_not_equal_weight,Month+3,0.5,01/01/2005 00:00,31/12/2024 00:00,01/01/2022 00:00,1,1,1,1,1,1,174,45,0,0
18/11/2025 09:18,Greece_level_3_final,Ensemble (mean weight) top 8 models_TH_0.5_not_equal_weight,Month+4,0.5,01/01/2005 00:00,31/12/2024 00:00,01/01/2022 00:00,1,1,1,1,1,1,174,45,0,0
18/11/2025 09:18,Greece_level_3_final,Ensemble (mean weight) top 8 models_TH_0.5_not_equal_weight,Month+5,0.5,01/01/2005 00:00,31/12/2024 00:00,01/01/2022 00:00,1,1,1,1,1,1,174,45,0,0
18/11/2025 09:18,Greece_level_3_final,Ensemble (mean weight) top 8 models_TH_0.5_not_equal_weight,Month+6,0.5,01/01/2005 00:00,31/12/2024 00:00,01/01/2022 00:00,1,1,1,1,1,1,174,45,0,0
16/11/2025 14:43,Italy_level_3_final,Ensemble (mean weight) top 3 models_TH_auto_not_equal_weight,Month+1,0.6,01/01/2005 00:00,31/12/2024 00:00,01/01/2022 00:00,0.906,0.881,0.912,0.894,0.997,0.955,52,2589,7,5
16/11/2025 14:43,Italy_level_3_final,Ensemble (mean weight) top 3 models_TH_auto_not_equal_weight,Month+2,0.17,01/01/2005 00:00,31/12/2024 00:00,01/01/2022 00:00,0.757,0.565,0.828,0.675,0.971,0.907,48,2558,37,10
16/11/2025 14:43,Italy_level_3_final,Ensemble (mean weight) top 3 models_TH_auto_not_equal_weight,Month+3,0.35,01/01/2005 00:00,31/12/2024 00:00,01/01/2022 00:00,0.453,0.256,0.56,0.353,0.873,0.756,42,2456,122,33
16/11/2025 14:43,Italy_level_3_final,Ensemble (mean weight) top 3 models_TH_auto_not_equal_weight,Month+4,0.51,01/01/2005 00:00,31/12/2024 00:00,01/01/2022 00:00,0.448,0.485,0.44,0.447,0.808,0.713,33,2543,35,42
16/11/2025 14:43,Italy_level_3_final,Ensemble (mean weight) top 3 models_TH_auto_not_equal_weight,Month+5,0.44,01/01/2005 00:00,31/12/2024 00:00,01/01/2022 00:00,0.405,0.32,0.434,0.351,0.767,0.704,33,2507,70,43
16/11/2025 14:43,Italy_level_3_final,Ensemble (mean weight) top 3 models_TH_auto_not_equal_weight,Month+6,0.23,01/01/2005 00:00,31/12/2024 00:00,01/01/2022 00:00,0.345,0.181,0.446,0.253,0.76,0.694,33,2430,149,41
16/11/2025 15:50,Italy_level_3_final,Ensemble (mean weight) top 4 models_TH_auto_not_equal_weight,Month+1,0.58,01/01/2005 00:00,31/12/2024 00:00,01/01/2022 00:00,0.906,0.881,0.912,0.894,0.997,0.955,52,2589,7,5
16/11/2025 15:50,Italy_level_3_final,Ensemble (mean weight) top 4 models_TH_auto_not_equal_weight,Month+2,0.24,01/01/2005 00:00,31/12/2024 00:00,01/01/2022 00:00,0.734,0.534,0.81,0.649,0.973,0.897,47,2554,41,11
16/11/2025 15:50,Italy_level_3_final,Ensemble (mean weight) top 4 models_TH_auto_not_equal_weight,Month+3,0.43,01/01/2005 00:00,31/12/2024 00:00,01/01/2022 00:00,0.526,0.456,0.547,0.483,0.893,0.764,41,2529,49,34
16/11/2025 15:50,Italy_level_3_final,Ensemble (mean weight) top 4 models_TH_auto_not_equal_weight,Month+4,0.5,01/01/2005 00:00,31/12/2024 00:00,01/01/2022 00:00,0.471,0.342,0.52,0.401,0.814,0.745,39,2503,75,36
16/11/2025 15:50,Italy_level_3_final,Ensemble (mean weight) top 4 models_TH_auto_not_equal_weight,Month+5,0.45,01/01/2005 00:00,31/12/2024 00:00,01/01/2022 00:00,0.391,0.243,0.461,0.308,0.778,0.709,35,2468,109,41
16/11/2025 15:50,Italy_level_3_final,Ensemble (mean weight) top 4 models_TH_auto_not_equal_weight,Month+6,0.22,01/01/2005 00:00,31/12/2024 00:00,01/01/2022 00:00,0.34,0.16,0.473,0.24,0.752,0.701,35,2395,184,39
16/11/2025 16:56,Italy_level_3_final,Ensemble (mean weight) top 5 models_TH_auto_not_equal_weight,Month+1,0.56,01/01/2005 00:00,31/12/2024 00:00,01/01/2022 00:00,0.906,0.881,0.912,0.894,0.997,0.955,52,2589,7,5
16/11/2025 16:56,Italy_level_3_final,Ensemble (mean weight) top 5 models_TH_auto_not_equal_weight,Month+2,0.21,01/01/2005 00:00,31/12/2024 00:00,01/01/2022 00:00,0.772,0.543,0.862,0.676,0.974,0.923,50,2553,42,8
16/11/2025 16:56,Italy_level_3_final,Ensemble (mean weight) top 5 models_TH_auto_not_equal_weight,Month+3,0.44,01/01/2005 00:00,31/12/2024 00:00,01/01/2022 00:00,0.556,0.538,0.56,0.536,0.895,0.773,42,2542,36,33
16/11/2025 16:56,Italy_level_3_final,Ensemble (mean weight) top 5 models_TH_auto_not_equal_weight,Month+4,0.5,01/01/2005 00:00,31/12/2024 00:00,01/01/2022 00:00,0.481,0.345,0.533,0.408,0.806,0.752,40,2502,76,35
16/11/2025 16:56,Italy_level_3_final,Ensemble (mean weight) top 5 models_TH_auto_not_equal_weight,Month+5,0.45,01/01/2005 00:00,31/12/2024 00:00,01/01/2022 00:00,0.4,0.303,0.434,0.34,0.753,0.702,33,2501,76,43
16/11/2025 16:56,Italy_level_3_final,Ensemble (mean weight) top 5 models_TH_auto_not_equal_weight,Month+6,0.39,01/01/2005 00:00,31/12/2024 00:00,01/01/2022 00:00,0.386,0.212,0.486,0.292,0.746,0.717,36,2445,134,38
17/11/2025 11:09,Italy_level_3_final,Ensemble (mean weight) top 3 model_TH_0.5_equal_weights,Month+1,0.5,01/01/2005 00:00,31/12/2024 00:00,01/01/2022 00:00,0.906,0.881,0.912,0.894,0.997,0.955,52,2589,7,5
17/11/2025 11:09,Italy_level_3_final,Ensemble (mean weight) top 3 model_TH_0.5_equal_weights,Month+2,0.5,01/01/2005 00:00,31/12/2024 00:00,01/01/2022 00:00,0.782,0.742,0.793,0.762,0.973,0.893,46,2579,16,12
17/11/2025 11:09,Italy_level_3_final,Ensemble (mean weight) top 3 model_TH_0.5_equal_weights,Month+3,0.5,01/01/2005 00:00,31/12/2024 00:00,01/01/2022 00:00,0.547,0.547,0.547,0.533,0.894,0.767,41,2544,34,34
17/11/2025 11:09,Italy_level_3_final,Ensemble (mean weight) top 3 model_TH_0.5_equal_weights,Month+4,0.5,01/01/2005 00:00,31/12/2024 00:00,01/01/2022 00:00,0.464,0.374,0.493,0.41,0.809,0.735,37,2516,62,38
17/11/2025 11:09,Italy_level_3_final,Ensemble (mean weight) top 3 model_TH_0.5_equal_weights,Month+5,0.5,01/01/2005 00:00,31/12/2024 00:00,01/01/2022 00:00,0.391,0.28,0.434,0.325,0.762,0.701,33,2492,85,43
17/11/2025 11:09,Italy_level_3_final,Ensemble (mean weight) top 3 model_TH_0.5_equal_weights,Month+6,0.5,01/01/2005 00:00,31/12/2024 00:00,01/01/2022 00:00,0.351,0.212,0.419,0.27,0.744,0.687,31,2464,115,43
17/11/2025 11:43,Italy_level_3_final,Ensemble (mean weight) top 4 model_TH_0.5_equal_weights,Month+1,0.5,01/01/2005 00:00,31/12/2024 00:00,01/01/2022 00:00,0.906,0.881,0.912,0.894,0.997,0.955,52,2589,7,5
17/11/2025 11:43,Italy_level_3_final,Ensemble (mean weight) top 4 model_TH_0.5_equal_weights,Month+2,0.5,01/01/2005 00:00,31/12/2024 00:00,01/01/2022 00:00,0.773,0.763,0.776,0.764,0.974,0.885,45,2581,14,13
17/11/2025 11:43,Italy_level_3_final,Ensemble (mean weight) top 4 model_TH_0.5_equal_weights,Month+3,0.5,01/01/2005 00:00,31/12/2024 00:00,01/01/2022 00:00,0.552,0.645,0.533,0.576,0.891,0.762,40,2556,22,35
17/11/2025 11:43,Italy_level_3_final,Ensemble (mean weight) top 4 model_TH_0.5_equal_weights,Month+4,0.5,01/01/2005 00:00,31/12/2024 00:00,01/01/2022 00:00,0.467,0.467,0.467,0.451,0.81,0.726,35,2538,40,40
17/11/2025 11:43,Italy_level_3_final,Ensemble (mean weight) top 4 model_TH_0.5_equal_weights,Month+5,0.5,01/01/2005 00:00,31/12/2024 00:00,01/01/2022 00:00,0.401,0.337,0.421,0.356,0.765,0.698,32,2514,63,44
17/11/2025 11:43,Italy_level_3_final,Ensemble (mean weight) top 4 model_TH_0.5_equal_weights,Month+6,0.5,01/01/2005 00:00,31/12/2024 00:00,01/01/2022 00:00,0.354,0.28,0.378,0.303,0.747,0.675,28,2507,72,46
17/11/2025 12:24,Italy_level_3_final,Ensemble (mean weight) top 5 model_TH_0.5_equal_weights,Month+1,0.5,01/01/2005 00:00,31/12/2024 00:00,01/01/2022 00:00,0.906,0.881,0.912,0.894,0.997,0.955,52,2589,7,5
17/11/2025 12:24,Italy_level_3_final,Ensemble (mean weight) top 5 model_TH_0.5_equal_weights,Month+2,0.5,01/01/2005 00:00,31/12/2024 00:00,01/01/2022 00:00,0.773,0.763,0.776,0.764,0.976,0.885,45,2581,14,13
17/11/2025 12:24,Italy_level_3_final,Ensemble (mean weight) top 5 model_TH_0.5_equal_weights,Month+3,0.5,01/01/2005 00:00,31/12/2024 00:00,01/01/2022 00:00,0.545,0.672,0.52,0.581,0.891,0.756,39,2559,19,36
17/11/2025 12:24,Italy_level_3_final,Ensemble (mean weight) top 5 model_TH_0.5_equal_weights,Month+4,0.5,01/01/2005 00:00,31/12/2024 00:00,01/01/2022 00:00,0.452,0.508,0.44,0.458,0.806,0.714,33,2546,32,42
17/11/2025 12:24,Italy_level_3_final,Ensemble (mean weight) top 5 model_TH_0.5_equal_weights,Month+5,0.5,01/01/2005 00:00,31/12/2024 00:00,01/01/2022 00:00,0.387,0.408,0.382,0.378,0.76,0.683,29,2535,42,47
17/11/2025 12:24,Italy_level_3_final,Ensemble (mean weight) top 5 model_TH_0.5_equal_weights,Month+6,0.5,01/01/2005 00:00,31/12/2024 00:00,01/01/2022 00:00,0.363,0.355,0.365,0.341,0.747,0.673,27,2530,49,47
16/11/2025 20:36,Italy_level_3_final,Ensemble (mean weight) top 3 models_TH_auto_equal_weight,Month+1,0.6,01/01/2005 00:00,31/12/2024 00:00,01/01/2022 00:00,0.906,0.881,0.912,0.894,0.997,0.955,52,2589,7,5
16/11/2025 20:36,Italy_level_3_final,Ensemble (mean weight) top 3 models_TH_auto_equal_weight,Month+2,0.17,01/01/2005 00:00,31/12/2024 00:00,01/01/2022 00:00,0.765,0.627,0.81,0.705,0.973,0.9,47,2567,28,11
16/11/2025 20:36,Italy_level_3_final,Ensemble (mean weight) top 3 models_TH_auto_equal_weight,Month+3,0.35,01/01/2005 00:00,31/12/2024 00:00,01/01/2022 00:00,0.539,0.512,0.547,0.515,0.894,0.766,41,2539,39,34
16/11/2025 20:36,Italy_level_3_final,Ensemble (mean weight) top 3 models_TH_auto_equal_weight,Month+4,0.51,01/01/2005 00:00,31/12/2024 00:00,01/01/2022 00:00,0.461,0.438,0.467,0.435,0.813,0.725,35,2533,45,40
16/11/2025 20:36,Italy_level_3_final,Ensemble (mean weight) top 3 models_TH_auto_equal_weight,Month+5,0.44,01/01/2005 00:00,31/12/2024 00:00,01/01/2022 00:00,0.403,0.314,0.434,0.348,0.772,0.703,33,2505,72,43
16/11/2025 20:36,Italy_level_3_final,Ensemble (mean weight) top 3 models_TH_auto_equal_weight,Month+6,0.23,01/01/2005 00:00,31/12/2024 00:00,01/01/2022 00:00,0.333,0.142,0.5,0.229,0.752,0.707,37,2356,223,37
16/11/2025 21:40,Italy_level_3_final,Ensemble (mean weight) top 4 models_TH_auto_equal_weight,Month+1,0.58,01/01/2005 00:00,31/12/2024 00:00,01/01/2022 00:00,0.906,0.881,0.912,0.894,0.997,0.955,52,2589,7,5
16/11/2025 21:40,Italy_level_3_final,Ensemble (mean weight) top 4 models_TH_auto_equal_weight,Month+2,0.24,01/01/2005 00:00,31/12/2024 00:00,01/01/2022 00:00,0.773,0.653,0.81,0.721,0.973,0.9,47,2570,25,11
16/11/2025 21:40,Italy_level_3_final,Ensemble (mean weight) top 4 models_TH_auto_equal_weight,Month+3,0.43,01/01/2005 00:00,31/12/2024 00:00,01/01/2022 00:00,0.548,0.554,0.547,0.537,0.891,0.767,41,2545,33,34
16/11/2025 21:40,Italy_level_3_final,Ensemble (mean weight) top 4 models_TH_auto_equal_weight,Month+4,0.5,01/01/2005 00:00,31/12/2024 00:00,01/01/2022 00:00,0.468,0.424,0.48,0.434,0.814,0.73,36,2529,49,39
16/11/2025 21:40,Italy_level_3_final,Ensemble (mean weight) top 4 models_TH_auto_equal_weight,Month+5,0.45,01/01/2005 00:00,31/12/2024 00:00,01/01/2022 00:00,0.404,0.291,0.447,0.337,0.772,0.708,34,2494,83,42
16/11/2025 21:40,Italy_level_3_final,Ensemble (mean weight) top 4 models_TH_auto_equal_weight,Month+6,0.22,01/01/2005 00:00,31/12/2024 00:00,01/01/2022 00:00,0.323,0.121,0.554,0.217,0.75,0.719,41,2282,297,33
16/11/2025 22:45,Italy_level_3_final,Ensemble (mean weight) top 5 models_TH_auto_equal_weight,Month+1,0.56,01/01/2005 00:00,31/12/2024 00:00,01/01/2022 00:00,0.906,0.881,0.912,0.894,0.997,0.955,52,2589,7,5
16/11/2025 22:45,Italy_level_3_final,Ensemble (mean weight) top 5 models_TH_auto_equal_weight,Month+2,0.21,01/01/2005 00:00,31/12/2024 00:00,01/01/2022 00:00,0.758,0.603,0.81,0.691,0.974,0.899,47,2564,31,11
16/11/2025 22:45,Italy_level_3_final,Ensemble (mean weight) top 5 models_TH_auto_equal_weight,Month+3,0.44,01/01/2005 00:00,31/12/2024 00:00,01/01/2022 00:00,0.557,0.603,0.547,0.562,0.888,0.768,41,2551,27,34
16/11/2025 22:45,Italy_level_3_final,Ensemble (mean weight) top 5 models_TH_auto_equal_weight,Month+4,0.5,01/01/2005 00:00,31/12/2024 00:00,01/01/2022 00:00,0.475,0.456,0.48,0.452,0.811,0.732,36,2535,43,39
16/11/2025 22:45,Italy_level_3_final,Ensemble (mean weight) top 5 models_TH_auto_equal_weight,Month+5,0.45,01/01/2005 00:00,31/12/2024 00:00,01/01/2022 00:00,0.411,0.309,0.447,0.35,0.765,0.709,34,2501,76,42
16/11/2025 22:45,Italy_level_3_final,Ensemble (mean weight) top 5 models_TH_auto_equal_weight,Month+6,0.39,01/01/2005 00:00,31/12/2024 00:00,01/01/2022 00:00,0.38,0.212,0.473,0.288,0.746,0.711,35,2449,130,39
16/11/2025 11:40,Italy_level_3_final,Ensemble (mean weight) top 3 models_TH_0.5_not_equal_weight,Month+1,0.5,01/01/2005 00:00,31/12/2024 00:00,01/01/2022 00:00,0.906,0.881,0.912,0.894,0.997,0.955,52,2589,7,5
16/11/2025 11:40,Italy_level_3_final,Ensemble (mean weight) top 3 models_TH_0.5_not_equal_weight,Month+2,0.5,01/01/2005 00:00,31/12/2024 00:00,01/01/2022 00:00,0.782,0.742,0.793,0.762,0.976,0.893,46,2579,16,12
16/11/2025 11:40,Italy_level_3_final,Ensemble (mean weight) top 3 models_TH_0.5_not_equal_weight,Month+3,0.5,01/01/2005 00:00,31/12/2024 00:00,01/01/2022 00:00,0.535,0.494,0.547,0.505,0.907,0.765,41,2536,42,34
16/11/2025 11:40,Italy_level_3_final,Ensemble (mean weight) top 3 models_TH_0.5_not_equal_weight,Month+4,0.5,01/01/2005 00:00,31/12/2024 00:00,01/01/2022 00:00,0.47,0.486,0.467,0.461,0.802,0.726,35,2541,37,40
16/11/2025 11:40,Italy_level_3_final,Ensemble (mean weight) top 3 models_TH_0.5_not_equal_weight,Month+5,0.5,01/01/2005 00:00,31/12/2024 00:00,01/01/2022 00:00,0.395,0.317,0.421,0.344,0.762,0.697,32,2508,69,44
16/11/2025 11:40,Italy_level_3_final,Ensemble (mean weight) top 3 models_TH_0.5_not_equal_weight,Month+6,0.5,01/01/2005 00:00,31/12/2024 00:00,01/01/2022 00:00,0.348,0.24,0.392,0.281,0.747,0.678,29,2487,92,45
16/11/2025 12:18,Italy_level_3_final,Ensemble (mean weight) top 4 models_TH_0.5_not_equal_weight,Month+1,0.5,01/01/2005 00:00,31/12/2024 00:00,01/01/2022 00:00,0.906,0.881,0.912,0.894,0.997,0.955,52,2589,7,5
16/11/2025 12:18,Italy_level_3_final,Ensemble (mean weight) top 4 models_TH_0.5_not_equal_weight,Month+2,0.5,01/01/2005 00:00,31/12/2024 00:00,01/01/2022 00:00,0.773,0.763,0.776,0.764,0.973,0.885,45,2581,14,13
16/11/2025 12:18,Italy_level_3_final,Ensemble (mean weight) top 4 models_TH_0.5_not_equal_weight,Month+3,0.5,01/01/2005 00:00,31/12/2024 00:00,01/01/2022 00:00,0.545,0.672,0.52,0.581,0.875,0.756,39,2559,19,36
16/11/2025 12:18,Italy_level_3_final,Ensemble (mean weight) top 4 models_TH_0.5_not_equal_weight,Month+4,0.5,01/01/2005 00:00,31/12/2024 00:00,01/01/2022 00:00,0.448,0.485,0.44,0.447,0.808,0.713,33,2543,35,42
16/11/2025 12:18,Italy_level_3_final,Ensemble (mean weight) top 4 models_TH_0.5_not_equal_weight,Month+5,0.5,01/01/2005 00:00,31/12/2024 00:00,01/01/2022 00:00,0.382,0.382,0.382,0.363,0.754,0.682,29,2530,47,47
16/11/2025 12:18,Italy_level_3_final,Ensemble (mean weight) top 4 models_TH_0.5_not_equal_weight,Month+6,0.5,01/01/2005 00:00,31/12/2024 00:00,01/01/2022 00:00,0.346,0.287,0.365,0.302,0.745,0.669,27,2512,67,47
16/11/2025 12:58,Italy_level_3_final,Ensemble (mean weight) top 5 models_TH_0.5_not_equal_weight,Month+1,0.5,01/01/2005 00:00,31/12/2024 00:00,01/01/2022 00:00,0.906,0.881,0.912,0.894,0.997,0.955,52,2589,7,5
16/11/2025 12:58,Italy_level_3_final,Ensemble (mean weight) top 5 models_TH_0.5_not_equal_weight,Month+2,0.5,01/01/2005 00:00,31/12/2024 00:00,01/01/2022 00:00,0.773,0.763,0.776,0.764,0.977,0.885,45,2581,14,13
16/11/2025 12:58,Italy_level_3_final,Ensemble (mean weight) top 5 models_TH_0.5_not_equal_weight,Month+3,0.5,01/01/2005 00:00,31/12/2024 00:00,01/01/2022 00:00,0.546,0.684,0.52,0.586,0.88,0.757,39,2560,18,36
16/11/2025 12:58,Italy_level_3_final,Ensemble (mean weight) top 5 models_TH_0.5_not_equal_weight,Month+4,0.5,01/01/2005 00:00,31/12/2024 00:00,01/01/2022 00:00,0.463,0.589,0.44,0.497,0.794,0.716,33,2555,23,42
16/11/2025 12:58,Italy_level_3_final,Ensemble (mean weight) top 5 models_TH_0.5_not_equal_weight,Month+5,0.5,01/01/2005 00:00,31/12/2024 00:00,01/01/2022 00:00,0.388,0.414,0.382,0.381,0.764,0.683,29,2536,41,47
16/11/2025 12:58,Italy_level_3_final,Ensemble (mean weight) top 5 models_TH_0.5_not_equal_weight,Month+6,0.5,01/01/2005 00:00,31/12/2024 00:00,01/01/2022 00:00,0.373,0.409,0.365,0.37,0.752,0.675,27,2540,39,47
17/11/2025 20:08,Italy_level_3_final,Ensemble (mean weight) top 6 models_TH_auto_not_equal_weight,Month+1,0.5,01/01/2005 00:00,31/12/2024 00:00,01/01/2022 00:00,0.906,0.881,0.912,0.894,0.997,0.955,52,2589,7,5
17/11/2025 20:08,Italy_level_3_final,Ensemble (mean weight) top 6 models_TH_auto_not_equal_weight,Month+2,0.16,01/01/2005 00:00,31/12/2024 00:00,01/01/2022 00:00,0.789,0.712,0.81,0.754,0.975,0.902,47,2576,19,11
17/11/2025 20:08,Italy_level_3_final,Ensemble (mean weight) top 6 models_TH_auto_not_equal_weight,Month+3,0.29,01/01/2005 00:00,31/12/2024 00:00,01/01/2022 00:00,0.545,0.597,0.533,0.552,0.883,0.761,40,2551,27,35
17/11/2025 20:08,Italy_level_3_final,Ensemble (mean weight) top 6 models_TH_auto_not_equal_weight,Month+4,0.44,01/01/2005 00:00,31/12/2024 00:00,01/01/2022 00:00,0.463,0.589,0.44,0.497,0.82,0.716,33,2555,23,42
17/11/2025 20:08,Italy_level_3_final,Ensemble (mean weight) top 6 models_TH_auto_not_equal_weight,Month+5,0.35,01/01/2005 00:00,31/12/2024 00:00,01/01/2022 00:00,0.384,0.345,0.395,0.349,0.774,0.686,30,2520,57,46
17/11/2025 20:08,Italy_level_3_final,Ensemble (mean weight) top 6 models_TH_auto_not_equal_weight,Month+6,0.36,01/01/2005 00:00,31/12/2024 00:00,01/01/2022 00:00,0.338,0.218,0.392,0.265,0.749,0.676,29,2475,104,45
17/11/2025 21:21,Italy_level_3_final,Ensemble (mean weight) top 7 models_TH_auto_not_equal_weight,Month+1,0.49,01/01/2005 00:00,31/12/2024 00:00,01/01/2022 00:00,0.906,0.881,0.912,0.894,0.997,0.955,52,2589,7,5
17/11/2025 21:21,Italy_level_3_final,Ensemble (mean weight) top 7 models_TH_auto_not_equal_weight,Month+2,0.16,01/01/2005 00:00,31/12/2024 00:00,01/01/2022 00:00,0.756,0.595,0.81,0.687,0.978,0.899,47,2563,32,11
17/11/2025 21:21,Italy_level_3_final,Ensemble (mean weight) top 7 models_TH_auto_not_equal_weight,Month+3,0.35,01/01/2005 00:00,31/12/2024 00:00,01/01/2022 00:00,0.557,0.678,0.533,0.591,0.896,0.763,40,2559,19,35
17/11/2025 21:21,Italy_level_3_final,Ensemble (mean weight) top 7 models_TH_auto_not_equal_weight,Month+4,0.44,01/01/2005 00:00,31/12/2024 00:00,01/01/2022 00:00,0.463,0.589,0.44,0.497,0.826,0.716,33,2555,23,42
17/11/2025 21:21,Italy_level_3_final,Ensemble (mean weight) top 7 models_TH_auto_not_equal_weight,Month+5,0.28,01/01/2005 00:00,31/12/2024 00:00,01/01/2022 00:00,0.396,0.24,0.474,0.31,0.789,0.715,36,2463,114,40
17/11/2025 21:21,Italy_level_3_final,Ensemble (mean weight) top 7 models_TH_auto_not_equal_weight,Month+6,0.2,01/01/2005 00:00,31/12/2024 00:00,01/01/2022 00:00,0.284,0.095,0.568,0.182,0.756,0.706,42,2177,402,32
17/11/2025 22:33,Italy_level_3_final,Ensemble (mean weight) top 8 models_TH_auto_not_equal_weight,Month+1,0.32,01/01/2005 00:00,31/12/2024 00:00,01/01/2022 00:00,0.9,0.852,0.912,0.879,0.997,0.954,52,2587,9,5
17/11/2025 22:33,Italy_level_3_final,Ensemble (mean weight) top 8 models_TH_auto_not_equal_weight,Month+2,0.29,01/01/2005 00:00,31/12/2024 00:00,01/01/2022 00:00,0.768,0.738,0.776,0.751,0.979,0.885,45,2579,16,13
17/11/2025 22:33,Italy_level_3_final,Ensemble (mean weight) top 8 models_TH_auto_not_equal_weight,Month+3,0.39,01/01/2005 00:00,31/12/2024 00:00,01/01/2022 00:00,0.545,0.672,0.52,0.581,0.885,0.756,39,2559,19,36
17/11/2025 22:33,Italy_level_3_final,Ensemble (mean weight) top 8 models_TH_auto_not_equal_weight,Month+4,0.3,01/01/2005 00:00,31/12/2024 00:00,01/01/2022 00:00,0.474,0.45,0.48,0.449,0.817,0.731,36,2534,44,39
17/11/2025 22:33,Italy_level_3_final,Ensemble (mean weight) top 8 models_TH_auto_not_equal_weight,Month+5,0.29,01/01/2005 00:00,31/12/2024 00:00,01/01/2022 00:00,0.404,0.317,0.434,0.35,0.783,0.703,33,2506,71,43
17/11/2025 22:33,Italy_level_3_final,Ensemble (mean weight) top 8 models_TH_auto_not_equal_weight,Month+6,0.33,01/01/2005 00:00,31/12/2024 00:00,01/01/2022 00:00,0.384,0.231,0.459,0.299,0.758,0.708,34,2466,113,40
17/11/2025 23:10,Italy_level_3_final,Ensemble (mean weight) top 6 model_TH_0.5_equal_weights,Month+1,0.5,01/01/2005 00:00,31/12/2024 00:00,01/01/2022 00:00,0.906,0.881,0.912,0.894,0.997,0.955,52,2589,7,5
17/11/2025 23:10,Italy_level_3_final,Ensemble (mean weight) top 6 model_TH_0.5_equal_weights,Month+2,0.5,01/01/2005 00:00,31/12/2024 00:00,01/01/2022 00:00,0.773,0.763,0.776,0.764,0.975,0.885,45,2581,14,13
17/11/2025 23:10,Italy_level_3_final,Ensemble (mean weight) top 6 model_TH_0.5_equal_weights,Month+3,0.5,01/01/2005 00:00,31/12/2024 00:00,01/01/2022 00:00,0.545,0.672,0.52,0.581,0.888,0.756,39,2559,19,36
17/11/2025 23:10,Italy_level_3_final,Ensemble (mean weight) top 6 model_TH_0.5_equal_weights,Month+4,0.5,01/01/2005 00:00,31/12/2024 00:00,01/01/2022 00:00,0.462,0.579,0.44,0.492,0.805,0.715,33,2554,24,42
17/11/2025 23:10,Italy_level_3_final,Ensemble (mean weight) top 6 model_TH_0.5_equal_weights,Month+5,0.5,01/01/2005 00:00,31/12/2024 00:00,01/01/2022 00:00,0.404,0.527,0.382,0.435,0.762,0.686,29,2551,26,47
17/11/2025 23:10,Italy_level_3_final,Ensemble (mean weight) top 6 model_TH_0.5_equal_weights,Month+6,0.5,01/01/2005 00:00,31/12/2024 00:00,01/01/2022 00:00,0.381,0.466,0.365,0.397,0.75,0.676,27,2548,31,47
18/11/2025 00:01,Italy_level_3_final,Ensemble (mean weight) top 7 model_TH_0.5_equal_weights,Month+1,0.5,01/01/2005 00:00,31/12/2024 00:00,01/01/2022 00:00,0.906,0.881,0.912,0.894,0.997,0.955,52,2589,7,5
18/11/2025 00:01,Italy_level_3_final,Ensemble (mean weight) top 7 model_TH_0.5_equal_weights,Month+2,0.5,01/01/2005 00:00,31/12/2024 00:00,01/01/2022 00:00,0.776,0.776,0.776,0.771,0.971,0.885,45,2582,13,13
18/11/2025 00:01,Italy_level_3_final,Ensemble (mean weight) top 7 model_TH_0.5_equal_weights,Month+3,0.5,01/01/2005 00:00,31/12/2024 00:00,01/01/2022 00:00,0.546,0.684,0.52,0.586,0.878,0.757,39,2560,18,36
18/11/2025 00:01,Italy_level_3_final,Ensemble (mean weight) top 7 model_TH_0.5_equal_weights,Month+4,0.5,01/01/2005 00:00,31/12/2024 00:00,01/01/2022 00:00,0.461,0.569,0.44,0.488,0.797,0.715,33,2553,25,42
18/11/2025 00:01,Italy_level_3_final,Ensemble (mean weight) top 7 model_TH_0.5_equal_weights,Month+5,0.5,01/01/2005 00:00,31/12/2024 00:00,01/01/2022 00:00,0.398,0.483,0.382,0.415,0.752,0.685,29,2546,31,47
18/11/2025 00:01,Italy_level_3_final,Ensemble (mean weight) top 7 model_TH_0.5_equal_weights,Month+6,0.5,01/01/2005 00:00,31/12/2024 00:00,01/01/2022 00:00,0.383,0.4,0.378,0.372,0.749,0.681,28,2537,42,46
18/11/2025 00:59,Italy_level_3_final,Ensemble (mean weight) top 8 model_TH_0.5_equal_weights,Month+1,0.5,01/01/2005 00:00,31/12/2024 00:00,01/01/2022 00:00,0.906,0.881,0.912,0.894,0.997,0.955,52,2589,7,5
18/11/2025 00:59,Italy_level_3_final,Ensemble (mean weight) top 8 model_TH_0.5_equal_weights,Month+2,0.5,01/01/2005 00:00,31/12/2024 00:00,01/01/2022 00:00,0.776,0.776,0.776,0.771,0.971,0.885,45,2582,13,13
18/11/2025 00:59,Italy_level_3_final,Ensemble (mean weight) top 8 model_TH_0.5_equal_weights,Month+3,0.5,01/01/2005 00:00,31/12/2024 00:00,01/01/2022 00:00,0.546,0.684,0.52,0.586,0.877,0.757,39,2560,18,36
18/11/2025 00:59,Italy_level_3_final,Ensemble (mean weight) top 8 model_TH_0.5_equal_weights,Month+4,0.5,01/01/2005 00:00,31/12/2024 00:00,01/01/2022 00:00,0.46,0.559,0.44,0.483,0.8,0.715,33,2552,26,42
18/11/2025 00:59,Italy_level_3_final,Ensemble (mean weight) top 8 model_TH_0.5_equal_weights,Month+5,0.5,01/01/2005 00:00,31/12/2024 00:00,01/01/2022 00:00,0.393,0.446,0.382,0.397,0.754,0.684,29,2541,36,47
18/11/2025 00:59,Italy_level_3_final,Ensemble (mean weight) top 8 model_TH_0.5_equal_weights,Month+6,0.5,01/01/2005 00:00,31/12/2024 00:00,01/01/2022 00:00,0.376,0.368,0.378,0.355,0.746,0.68,28,2531,48,46
18/11/2025 02:20,Italy_level_3_final,Ensemble (mean weight) top 6 models_TH_auto_equal_weight,Month+1,0.5,01/01/2005 00:00,31/12/2024 00:00,01/01/2022 00:00,0.906,0.881,0.912,0.894,0.997,0.955,52,2589,7,5
18/11/2025 02:20,Italy_level_3_final,Ensemble (mean weight) top 6 models_TH_auto_equal_weight,Month+2,0.16,01/01/2005 00:00,31/12/2024 00:00,01/01/2022 00:00,0.775,0.583,0.845,0.694,0.977,0.916,49,2560,35,9
18/11/2025 02:20,Italy_level_3_final,Ensemble (mean weight) top 6 models_TH_auto_equal_weight,Month+3,0.29,01/01/2005 00:00,31/12/2024 00:00,01/01/2022 00:00,0.547,0.5,0.56,0.515,0.888,0.772,42,2536,42,33
18/11/2025 02:20,Italy_level_3_final,Ensemble (mean weight) top 6 models_TH_auto_equal_weight,Month+4,0.44,01/01/2005 00:00,31/12/2024 00:00,01/01/2022 00:00,0.468,0.473,0.467,0.454,0.815,0.726,35,2539,39,40
18/11/2025 02:20,Italy_level_3_final,Ensemble (mean weight) top 6 models_TH_auto_equal_weight,Month+5,0.35,01/01/2005 00:00,31/12/2024 00:00,01/01/2022 00:00,0.407,0.278,0.461,0.333,0.772,0.713,35,2486,91,41
18/11/2025 02:20,Italy_level_3_final,Ensemble (mean weight) top 6 models_TH_auto_equal_weight,Month+6,0.36,01/01/2005 00:00,31/12/2024 00:00,01/01/2022 00:00,0.364,0.224,0.432,0.284,0.75,0.695,32,2468,111,42
18/11/2025 03:41,Italy_level_3_final,Ensemble (mean weight) top 7 models_TH_auto_equal_weight,Month+1,0.49,01/01/2005 00:00,31/12/2024 00:00,01/01/2022 00:00,0.906,0.881,0.912,0.894,0.997,0.955,52,2589,7,5
18/11/2025 03:41,Italy_level_3_final,Ensemble (mean weight) top 7 models_TH_auto_equal_weight,Month+2,0.16,01/01/2005 00:00,31/12/2024 00:00,01/01/2022 00:00,0.775,0.583,0.845,0.694,0.978,0.916,49,2560,35,9
18/11/2025 03:41,Italy_level_3_final,Ensemble (mean weight) top 7 models_TH_auto_equal_weight,Month+3,0.35,01/01/2005 00:00,31/12/2024 00:00,01/01/2022 00:00,0.552,0.645,0.533,0.576,0.89,0.762,40,2556,22,35
18/11/2025 03:41,Italy_level_3_final,Ensemble (mean weight) top 7 models_TH_auto_equal_weight,Month+4,0.44,01/01/2005 00:00,31/12/2024 00:00,01/01/2022 00:00,0.45,0.493,0.44,0.451,0.822,0.713,33,2544,34,42
18/11/2025 03:41,Italy_level_3_final,Ensemble (mean weight) top 7 models_TH_auto_equal_weight,Month+5,0.28,01/01/2005 00:00,31/12/2024 00:00,01/01/2022 00:00,0.398,0.243,0.474,0.313,0.779,0.715,36,2465,112,40
18/11/2025 03:41,Italy_level_3_final,Ensemble (mean weight) top 7 models_TH_auto_equal_weight,Month+6,0.2,01/01/2005 00:00,31/12/2024 00:00,01/01/2022 00:00,0.345,0.141,0.541,0.238,0.753,0.723,40,2335,244,34
18/11/2025 05:03,Italy_level_3_final,Ensemble (mean weight) top 8 models_TH_auto_equal_weight,Month+1,0.32,01/01/2005 00:00,31/12/2024 00:00,01/01/2022 00:00,0.906,0.881,0.912,0.894,0.997,0.955,52,2589,7,5
18/11/2025 05:03,Italy_level_3_final,Ensemble (mean weight) top 8 models_TH_auto_equal_weight,Month+2,0.29,01/01/2005 00:00,31/12/2024 00:00,01/01/2022 00:00,0.788,0.767,0.793,0.775,0.979,0.894,46,2581,14,12
18/11/2025 05:03,Italy_level_3_final,Ensemble (mean weight) top 8 models_TH_auto_equal_weight,Month+3,0.39,01/01/2005 00:00,31/12/2024 00:00,01/01/2022 00:00,0.556,0.667,0.533,0.586,0.889,0.763,40,2558,20,35
18/11/2025 05:03,Italy_level_3_final,Ensemble (mean weight) top 8 models_TH_auto_equal_weight,Month+4,0.3,01/01/2005 00:00,31/12/2024 00:00,01/01/2022 00:00,0.483,0.446,0.493,0.453,0.82,0.738,37,2532,46,38
18/11/2025 05:03,Italy_level_3_final,Ensemble (mean weight) top 8 models_TH_auto_equal_weight,Month+5,0.29,01/01/2005 00:00,31/12/2024 00:00,01/01/2022 00:00,0.406,0.296,0.447,0.341,0.776,0.708,34,2496,81,42
18/11/2025 05:03,Italy_level_3_final,Ensemble (mean weight) top 8 models_TH_auto_equal_weight,Month+6,0.33,01/01/2005 00:00,31/12/2024 00:00,01/01/2022 00:00,0.345,0.255,0.378,0.286,0.753,0.673,28,2497,82,46
18/11/2025 05:45,Italy_level_3_final,Ensemble (mean weight) top 6 models_TH_0.5_not_equal_weight,Month+1,0.5,01/01/2005 00:00,31/12/2024 00:00,01/01/2022 00:00,0.906,0.881,0.912,0.894,0.997,0.955,52,2589,7,5
18/11/2025 05:45,Italy_level_3_final,Ensemble (mean weight) top 6 models_TH_0.5_not_equal_weight,Month+2,0.5,01/01/2005 00:00,31/12/2024 00:00,01/01/2022 00:00,0.776,0.776,0.776,0.771,0.976,0.885,45,2582,13,13
18/11/2025 05:45,Italy_level_3_final,Ensemble (mean weight) top 6 models_TH_0.5_not_equal_weight,Month+3,0.5,01/01/2005 00:00,31/12/2024 00:00,01/01/2022 00:00,0.546,0.684,0.52,0.586,0.859,0.757,39,2560,18,36
18/11/2025 05:45,Italy_level_3_final,Ensemble (mean weight) top 6 models_TH_0.5_not_equal_weight,Month+4,0.5,01/01/2005 00:00,31/12/2024 00:00,01/01/2022 00:00,0.452,0.593,0.427,0.491,0.776,0.709,32,2556,22,43
18/11/2025 05:45,Italy_level_3_final,Ensemble (mean weight) top 6 models_TH_0.5_not_equal_weight,Month+5,0.5,01/01/2005 00:00,31/12/2024 00:00,01/01/2022 00:00,0.393,0.538,0.368,0.432,0.751,0.68,28,2553,24,48
18/11/2025 05:45,Italy_level_3_final,Ensemble (mean weight) top 6 models_TH_0.5_not_equal_weight,Month+6,0.5,01/01/2005 00:00,31/12/2024 00:00,01/01/2022 00:00,0.377,0.531,0.351,0.419,0.756,0.671,26,2556,23,48
18/11/2025 06:43,Italy_level_3_final,Ensemble (mean weight) top 7 models_TH_0.5_not_equal_weight,Month+1,0.5,01/01/2005 00:00,31/12/2024 00:00,01/01/2022 00:00,0.906,0.881,0.912,0.894,0.997,0.955,52,2589,7,5
18/11/2025 06:43,Italy_level_3_final,Ensemble (mean weight) top 7 models_TH_0.5_not_equal_weight,Month+2,0.5,01/01/2005 00:00,31/12/2024 00:00,01/01/2022 00:00,0.753,0.733,0.759,0.74,0.949,0.876,44,2579,16,14
18/11/2025 06:43,Italy_level_3_final,Ensemble (mean weight) top 7 models_TH_0.5_not_equal_weight,Month+3,0.5,01/01/2005 00:00,31/12/2024 00:00,01/01/2022 00:00,0.543,0.661,0.52,0.576,0.877,0.756,39,2558,20,36
18/11/2025 06:43,Italy_level_3_final,Ensemble (mean weight) top 7 models_TH_0.5_not_equal_weight,Month+4,0.5,01/01/2005 00:00,31/12/2024 00:00,01/01/2022 00:00,0.433,0.407,0.44,0.406,0.783,0.711,33,2530,48,42
18/11/2025 06:43,Italy_level_3_final,Ensemble (mean weight) top 7 models_TH_0.5_not_equal_weight,Month+5,0.5,01/01/2005 00:00,31/12/2024 00:00,01/01/2022 00:00,0.398,0.483,0.382,0.415,0.736,0.685,29,2546,31,47
18/11/2025 06:43,Italy_level_3_final,Ensemble (mean weight) top 7 models_TH_0.5_not_equal_weight,Month+6,0.5,01/01/2005 00:00,31/12/2024 00:00,01/01/2022 00:00,0.384,0.406,0.378,0.375,0.759,0.681,28,2538,41,46
18/11/2025 07:39,Italy_level_3_final,Ensemble (mean weight) top 8 models_TH_0.5_not_equal_weight,Month+1,0.5,01/01/2005 00:00,31/12/2024 00:00,01/01/2022 00:00,0.909,0.897,0.912,0.902,0.997,0.955,52,2590,6,5
18/11/2025 07:39,Italy_level_3_final,Ensemble (mean weight) top 8 models_TH_0.5_not_equal_weight,Month+2,0.5,01/01/2005 00:00,31/12/2024 00:00,01/01/2022 00:00,0.753,0.733,0.759,0.74,0.955,0.876,44,2579,16,14
18/11/2025 07:39,Italy_level_3_final,Ensemble (mean weight) top 8 models_TH_0.5_not_equal_weight,Month+3,0.5,01/01/2005 00:00,31/12/2024 00:00,01/01/2022 00:00,0.54,0.639,0.52,0.566,0.861,0.756,39,2556,22,36
18/11/2025 07:39,Italy_level_3_final,Ensemble (mean weight) top 8 models_TH_0.5_not_equal_weight,Month+4,0.5,01/01/2005 00:00,31/12/2024 00:00,01/01/2022 00:00,0.455,0.524,0.44,0.466,0.787,0.714,33,2548,30,42
18/11/2025 07:39,Italy_level_3_final,Ensemble (mean weight) top 8 models_TH_0.5_not_equal_weight,Month+5,0.5,01/01/2005 00:00,31/12/2024 00:00,01/01/2022 00:00,0.402,0.509,0.382,0.426,0.739,0.685,29,2549,28,47
18/11/2025 07:39,Italy_level_3_final,Ensemble (mean weight) top 8 models_TH_0.5_not_equal_weight,Month+6,0.5,01/01/2005 00:00,31/12/2024 00:00,01/01/2022 00:00,0.382,0.474,0.365,0.401,0.746,0.677,27,2549,30,47
2025-11-18 00:35:36,France_level_3_final,Ensemble (mean weight) top 3 models_TH_auto_not_equal_weight,Month+1,0.25,2005-01-01 00:00:00,2024-12-31 00:00:00,2022-01-01 00:00:00,0.941,0.762,1.0,0.799,0.972,0.919,810,1312,253,0
2025-11-18 00:35:36,France_level_3_final,Ensemble (mean weight) top 3 models_TH_auto_not_equal_weight,Month+2,0.23,2005-01-01 00:00:00,2024-12-31 00:00:00,2022-01-01 00:00:00,0.929,0.733,0.996,0.775,0.951,0.911,765,1328,279,3
2025-11-18 00:35:36,France_level_3_final,Ensemble (mean weight) top 3 models_TH_auto_not_equal_weight,Month+3,0.25,2005-01-01 00:00:00,2024-12-31 00:00:00,2022-01-01 00:00:00,0.912,0.723,0.976,0.757,0.921,0.904,720,1361,276,18
2025-11-18 00:35:36,France_level_3_final,Ensemble (mean weight) top 3 models_TH_auto_not_equal_weight,Month+4,0.21,2005-01-01 00:00:00,2024-12-31 00:00:00,2022-01-01 00:00:00,0.861,0.65,0.937,0.662,0.888,0.856,685,1275,369,46
2025-11-18 00:35:36,France_level_3_final,Ensemble (mean weight) top 3 models_TH_auto_not_equal_weight,Month+5,0.2,2005-01-01 00:00:00,2024-12-31 00:00:00,2022-01-01 00:00:00,0.838,0.64,0.909,0.633,0.86,0.84,666,1267,375,67
2025-11-18 00:35:36,France_level_3_final,Ensemble (mean weight) top 3 models_TH_auto_not_equal_weight,Month+6,0.19,2005-01-01 00:00:00,2024-12-31 00:00:00,2022-01-01 00:00:00,0.791,0.589,0.865,0.55,0.837,0.796,640,1188,447,100
2025-11-18 01:01:44,France_level_3_final,Ensemble (mean weight) top 4 models_TH_auto_not_equal_weight,Month+1,0.22,2005-01-01 00:00:00,2024-12-31 00:00:00,2022-01-01 00:00:00,0.935,0.741,1.0,0.779,0.975,0.91,810,1282,283,0
2025-11-18 01:01:44,France_level_3_final,Ensemble (mean weight) top 4 models_TH_auto_not_equal_weight,Month+2,0.22,2005-01-01 00:00:00,2024-12-31 00:00:00,2022-01-01 00:00:00,0.916,0.692,0.996,0.736,0.948,0.892,765,1267,340,3
2025-11-18 01:01:44,France_level_3_final,Ensemble (mean weight) top 4 models_TH_auto_not_equal_weight,Month+3,0.23,2005-01-01 00:00:00,2024-12-31 00:00:00,2022-01-01 00:00:00,0.892,0.653,0.981,0.692,0.916,0.873,724,1253,384,14
2025-11-18 01:01:44,France_level_3_final,Ensemble (mean weight) top 4 models_TH_auto_not_equal_weight,Month+4,0.25,2005-01-01 00:00:00,2024-12-31 00:00:00,2022-01-01 00:00:00,0.864,0.627,0.953,0.649,0.887,0.851,697,1230,414,34
2025-11-18 01:01:44,France_level_3_final,Ensemble (mean weight) top 4 models_TH_auto_not_equal_weight,Month+5,0.21,2005-01-01 00:00:00,2024-12-31 00:00:00,2022-01-01 00:00:00,0.835,0.601,0.925,0.602,0.856,0.825,678,1192,450,55
2025-11-18 01:01:44,France_level_3_final,Ensemble (mean weight) top 4 models_TH_auto_not_equal_weight,Month+6,0.19,2005-01-01 00:00:00,2024-12-31 00:00:00,2022-01-01 00:00:00,0.813,0.585,0.9,0.567,0.835,0.806,666,1163,472,74
2025-11-18 01:31:14,France_level_3_final,Ensemble (mean weight) top 5 models_TH_auto_not_equal_weight,Month+1,0.14,2005-01-01 00:00:00,2024-12-31 00:00:00,2022-01-01 00:00:00,0.939,0.753,1.0,0.791,0.976,0.915,810,1300,265,0
2025-11-18 01:31:14,France_level_3_final,Ensemble (mean weight) top 5 models_TH_auto_not_equal_weight,Month+2,0.21,2005-01-01 00:00:00,2024-12-31 00:00:00,2022-01-01 00:00:00,0.917,0.695,0.996,0.738,0.946,0.894,765,1271,336,3
2025-11-18 01:31:14,France_level_3_final,Ensemble (mean weight) top 5 models_TH_auto_not_equal_weight,Month+3,0.19,2005-01-01 00:00:00,2024-12-31 00:00:00,2022-01-01 00:00:00,0.889,0.647,0.981,0.686,0.916,0.87,724,1242,395,14
2025-11-18 01:31:14,France_level_3_final,Ensemble (mean weight) top 5 models_TH_auto_not_equal_weight,Month+4,0.26,2005-01-01 00:00:00,2024-12-31 00:00:00,2022-01-01 00:00:00,0.864,0.627,0.953,0.649,0.89,0.851,697,1230,414,34
2025-11-18 01:31:14,France_level_3_final,Ensemble (mean weight) top 5 models_TH_auto_not_equal_weight,Month+5,0.21,2005-01-01 00:00:00,2024-12-31 00:00:00,2022-01-01 00:00:00,0.835,0.602,0.925,0.603,0.86,0.826,678,1193,449,55
2025-11-18 01:31:14,France_level_3_final,Ensemble (mean weight) top 5 models_TH_auto_not_equal_weight,Month+6,0.17,2005-01-01 00:00:00,2024-12-31 00:00:00,2022-01-01 00:00:00,0.815,0.587,0.903,0.57,0.838,0.808,668,1165,470,72
2025-11-18 02:10:15,France_level_3_final,Ensemble (mean weight) top 6 models_TH_auto_not_equal_weight,Month+1,0.15,2005-01-01 00:00:00,2024-12-31 00:00:00,2022-01-01 00:00:00,0.938,0.751,1.0,0.788,0.976,0.914,810,1296,269,0
2025-11-18 02:10:15,France_level_3_final,Ensemble (mean weight) top 6 models_TH_auto_not_equal_weight,Month+2,0.16,2005-01-01 00:00:00,2024-12-31 00:00:00,2022-01-01 00:00:00,0.914,0.687,0.996,0.731,0.946,0.89,765,1259,348,3
2025-11-18 02:10:15,France_level_3_final,Ensemble (mean weight) top 6 models_TH_auto_not_equal_weight,Month+3,0.21,2005-01-01 00:00:00,2024-12-31 00:00:00,2022-01-01 00:00:00,0.89,0.649,0.981,0.688,0.915,0.871,724,1245,392,14
2025-11-18 02:10:15,France_level_3_final,Ensemble (mean weight) top 6 models_TH_auto_not_equal_weight,Month+4,0.22,2005-01-01 00:00:00,2024-12-31 00:00:00,2022-01-01 00:00:00,0.862,0.623,0.953,0.645,0.899,0.849,697,1223,421,34
2025-11-18 02:10:15,France_level_3_final,Ensemble (mean weight) top 6 models_TH_auto_not_equal_weight,Month+5,0.17,2005-01-01 00:00:00,2024-12-31 00:00:00,2022-01-01 00:00:00,0.839,0.609,0.926,0.612,0.863,0.83,679,1206,436,54
2025-11-18 02:10:15,France_level_3_final,Ensemble (mean weight) top 6 models_TH_auto_not_equal_weight,Month+6,0.17,2005-01-01 00:00:00,2024-12-31 00:00:00,2022-01-01 00:00:00,0.818,0.594,0.904,0.579,0.842,0.812,669,1177,458,71
2025-11-18 02:45:39,France_level_3_final,Ensemble (mean weight) top 7 models_TH_auto_not_equal_weight,Month+1,0.19,2005-01-01 00:00:00,2024-12-31 00:00:00,2022-01-01 00:00:00,0.938,0.752,1.0,0.79,0.975,0.915,810,1298,267,0
2025-11-18 02:45:39,France_level_3_final,Ensemble (mean weight) top 7 models_TH_auto_not_equal_weight,Month+2,0.14,2005-01-01 00:00:00,2024-12-31 00:00:00,2022-01-01 00:00:00,0.915,0.69,0.996,0.734,0.947,0.891,765,1264,343,3
2025-11-18 02:45:39,France_level_3_final,Ensemble (mean weight) top 7 models_TH_auto_not_equal_weight,Month+3,0.2,2005-01-01 00:00:00,2024-12-31 00:00:00,2022-01-01 00:00:00,0.89,0.649,0.981,0.688,0.918,0.871,724,1246,391,14
2025-11-18 02:45:39,France_level_3_final,Ensemble (mean weight) top 7 models_TH_auto_not_equal_weight,Month+4,0.16,2005-01-01 00:00:00,2024-12-31 00:00:00,2022-01-01 00:00:00,0.864,0.619,0.959,0.643,0.899,0.848,701,1212,432,30
2025-11-18 02:45:39,France_level_3_final,Ensemble (mean weight) top 7 models_TH_auto_not_equal_weight,Month+5,0.19,2005-01-01 00:00:00,2024-12-31 00:00:00,2022-01-01 00:00:00,0.836,0.602,0.926,0.604,0.86,0.826,679,1193,449,54
2025-11-18 02:45:39,France_level_3_final,Ensemble (mean weight) top 7 models_TH_auto_not_equal_weight,Month+6,0.2,2005-01-01 00:00:00,2024-12-31 00:00:00,2022-01-01 00:00:00,0.829,0.62,0.905,0.609,0.845,0.827,670,1225,410,70
2025-11-18 03:34:23,France_level_3_final,Ensemble (mean weight) top 8 models_TH_auto_not_equal_weight,Month+1,0.18,2005-01-01 00:00:00,2024-12-31 00:00:00,2022-01-01 00:00:00,0.932,0.733,1.0,0.771,0.972,0.906,810,1270,295,0
2025-11-18 03:34:23,France_level_3_final,Ensemble (mean weight) top 8 models_TH_auto_not_equal_weight,Month+2,0.22,2005-01-01 00:00:00,2024-12-31 00:00:00,2022-01-01 00:00:00,0.916,0.692,0.996,0.736,0.947,0.892,765,1267,340,3
2025-11-18 03:34:23,France_level_3_final,Ensemble (mean weight) top 8 models_TH_auto_not_equal_weight,Month+3,0.2,2005-01-01 00:00:00,2024-12-31 00:00:00,2022-01-01 00:00:00,0.891,0.651,0.981,0.69,0.919,0.872,724,1249,388,14
2025-11-18 03:34:23,France_level_3_final,Ensemble (mean weight) top 8 models_TH_auto_not_equal_weight,Month+4,0.21,2005-01-01 00:00:00,2024-12-31 00:00:00,2022-01-01 00:00:00,0.863,0.625,0.953,0.647,0.896,0.85,697,1226,418,34
2025-11-18 03:34:23,France_level_3_final,Ensemble (mean weight) top 8 models_TH_auto_not_equal_weight,Month+5,0.17,2005-01-01 00:00:00,2024-12-31 00:00:00,2022-01-01 00:00:00,0.837,0.606,0.925,0.608,0.867,0.828,678,1202,440,55
2025-11-18 03:34:23,France_level_3_final,Ensemble (mean weight) top 8 models_TH_auto_not_equal_weight,Month+6,0.18,2005-01-01 00:00:00,2024-12-31 00:00:00,2022-01-01 00:00:00,0.82,0.583,0.912,0.572,0.836,0.809,675,1153,482,65
2025-11-18 03:52:37,France_level_3_final,Ensemble (mean weight) top 3 model_TH_0.5_equal_weights,Month+1,0.5,2005-01-01 00:00:00,2024-12-31 00:00:00,2022-01-01 00:00:00,0.985,0.928,1.0,0.944,0.98,0.98,810,1502,63,0
2025-11-18 03:52:37,France_level_3_final,Ensemble (mean weight) top 3 model_TH_0.5_equal_weights,Month+2,0.5,2005-01-01 00:00:00,2024-12-31 00:00:00,2022-01-01 00:00:00,0.96,0.838,0.996,0.869,0.954,0.952,765,1459,148,3
2025-11-18 03:52:37,France_level_3_final,Ensemble (mean weight) top 3 model_TH_0.5_equal_weights,Month+3,0.5,2005-01-01 00:00:00,2024-12-31 00:00:00,2022-01-01 00:00:00,0.935,0.803,0.976,0.828,0.925,0.934,720,1460,177,18
2025-11-18 03:52:37,France_level_3_final,Ensemble (mean weight) top 3 model_TH_0.5_equal_weights,Month+4,0.5,2005-01-01 00:00:00,2024-12-31 00:00:00,2022-01-01 00:00:00,0.881,0.746,0.923,0.745,0.897,0.892,675,1414,230,56
2025-11-18 03:52:37,France_level_3_final,Ensemble (mean weight) top 3 model_TH_0.5_equal_weights,Month+5,0.5,2005-01-01 00:00:00,2024-12-31 00:00:00,2022-01-01 00:00:00,0.827,0.715,0.861,0.676,0.87,0.854,631,1390,252,102
2025-11-18 03:52:37,France_level_3_final,Ensemble (mean weight) top 3 model_TH_0.5_equal_weights,Month+6,0.5,2005-01-01 00:00:00,2024-12-31 00:00:00,2022-01-01 00:00:00,0.77,0.664,0.803,0.591,0.848,0.809,594,1334,301,146
2025-11-18 04:07:12,France_level_3_final,Ensemble (mean weight) top 4 model_TH_0.5_equal_weights,Month+1,0.5,2005-01-01 00:00:00,2024-12-31 00:00:00,2022-01-01 00:00:00,0.983,0.922,1.0,0.939,0.978,0.978,810,1496,69,0
2025-11-18 04:07:12,France_level_3_final,Ensemble (mean weight) top 4 model_TH_0.5_equal_weights,Month+2,0.5,2005-01-01 00:00:00,2024-12-31 00:00:00,2022-01-01 00:00:00,0.96,0.838,0.996,0.869,0.953,0.952,765,1459,148,3
2025-11-18 04:07:12,France_level_3_final,Ensemble (mean weight) top 4 model_TH_0.5_equal_weights,Month+3,0.5,2005-01-01 00:00:00,2024-12-31 00:00:00,2022-01-01 00:00:00,0.934,0.797,0.976,0.824,0.923,0.932,720,1454,183,18
2025-11-18 04:07:12,France_level_3_final,Ensemble (mean weight) top 4 model_TH_0.5_equal_weights,Month+4,0.5,2005-01-01 00:00:00,2024-12-31 00:00:00,2022-01-01 00:00:00,0.882,0.748,0.923,0.746,0.894,0.892,675,1416,228,56
2025-11-18 04:07:12,France_level_3_final,Ensemble (mean weight) top 4 model_TH_0.5_equal_weights,Month+5,0.5,2005-01-01 00:00:00,2024-12-31 00:00:00,2022-01-01 00:00:00,0.826,0.715,0.859,0.676,0.867,0.853,630,1391,251,103
2025-11-18 04:07:12,France_level_3_final,Ensemble (mean weight) top 4 model_TH_0.5_equal_weights,Month+6,0.5,2005-01-01 00:00:00,2024-12-31 00:00:00,2022-01-01 00:00:00,0.767,0.666,0.797,0.59,0.844,0.808,590,1339,296,150
2025-11-18 04:34:46,France_level_3_final,Ensemble (mean weight) top 5 model_TH_0.5_equal_weights,Month+1,0.5,2005-01-01 00:00:00,2024-12-31 00:00:00,2022-01-01 00:00:00,0.978,0.9,1.0,0.921,0.977,0.971,810,1475,90,0
2025-11-18 04:34:46,France_level_3_final,Ensemble (mean weight) top 5 model_TH_0.5_equal_weights,Month+2,0.5,2005-01-01 00:00:00,2024-12-31 00:00:00,2022-01-01 00:00:00,0.958,0.832,0.996,0.864,0.952,0.95,765,1452,155,3
2025-11-18 04:34:46,France_level_3_final,Ensemble (mean weight) top 5 model_TH_0.5_equal_weights,Month+3,0.5,2005-01-01 00:00:00,2024-12-31 00:00:00,2022-01-01 00:00:00,0.932,0.79,0.976,0.817,0.921,0.929,720,1446,191,18
2025-11-18 04:34:46,France_level_3_final,Ensemble (mean weight) top 5 model_TH_0.5_equal_weights,Month+4,0.5,2005-01-01 00:00:00,2024-12-31 00:00:00,2022-01-01 00:00:00,0.879,0.737,0.923,0.737,0.895,0.888,675,1403,241,56
2025-11-18 04:34:46,France_level_3_final,Ensemble (mean weight) top 5 model_TH_0.5_equal_weights,Month+5,0.5,2005-01-01 00:00:00,2024-12-31 00:00:00,2022-01-01 00:00:00,0.823,0.704,0.859,0.665,0.866,0.849,630,1377,265,103
2025-11-18 04:34:46,France_level_3_final,Ensemble (mean weight) top 5 model_TH_0.5_equal_weights,Month+6,0.5,2005-01-01 00:00:00,2024-12-31 00:00:00,2022-01-01 00:00:00,0.763,0.663,0.793,0.585,0.843,0.805,587,1336,299,153
2025-11-18 04:55:37,France_level_3_final,Ensemble (mean weight) top 6 model_TH_0.5_equal_weights,Month+1,0.5,2005-01-01 00:00:00,2024-12-31 00:00:00,2022-01-01 00:00:00,0.978,0.899,1.0,0.92,0.977,0.971,810,1474,91,0
2025-11-18 04:55:37,France_level_3_final,Ensemble (mean weight) top 6 model_TH_0.5_equal_weights,Month+2,0.5,2005-01-01 00:00:00,2024-12-31 00:00:00,2022-01-01 00:00:00,0.958,0.831,0.996,0.863,0.953,0.95,765,1451,156,3
2025-11-18 04:55:37,France_level_3_final,Ensemble (mean weight) top 6 model_TH_0.5_equal_weights,Month+3,0.5,2005-01-01 00:00:00,2024-12-31 00:00:00,2022-01-01 00:00:00,0.93,0.785,0.976,0.813,0.922,0.928,720,1440,197,18
2025-11-18 04:55:37,France_level_3_final,Ensemble (mean weight) top 6 model_TH_0.5_equal_weights,Month+4,0.5,2005-01-01 00:00:00,2024-12-31 00:00:00,2022-01-01 00:00:00,0.878,0.735,0.923,0.735,0.897,0.888,675,1401,243,56
2025-11-18 04:55:37,France_level_3_final,Ensemble (mean weight) top 6 model_TH_0.5_equal_weights,Month+5,0.5,2005-01-01 00:00:00,2024-12-31 00:00:00,2022-01-01 00:00:00,0.822,0.7,0.859,0.662,0.867,0.848,630,1372,270,103
2025-11-18 04:55:37,France_level_3_final,Ensemble (mean weight) top 6 model_TH_0.5_equal_weights,Month+6,0.5,2005-01-01 00:00:00,2024-12-31 00:00:00,2022-01-01 00:00:00,0.766,0.655,0.8,0.581,0.843,0.805,592,1323,312,148
2025-11-18 05:16:02,France_level_3_final,Ensemble (mean weight) top 7 model_TH_0.5_equal_weights,Month+1,0.5,2005-01-01 00:00:00,2024-12-31 00:00:00,2022-01-01 00:00:00,0.978,0.9,1.0,0.921,0.977,0.971,810,1475,90,0
2025-11-18 05:16:02,France_level_3_final,Ensemble (mean weight) top 7 model_TH_0.5_equal_weights,Month+2,0.5,2005-01-01 00:00:00,2024-12-31 00:00:00,2022-01-01 00:00:00,0.959,0.834,0.996,0.866,0.953,0.951,765,1455,152,3
2025-11-18 05:16:02,France_level_3_final,Ensemble (mean weight) top 7 model_TH_0.5_equal_weights,Month+3,0.5,2005-01-01 00:00:00,2024-12-31 00:00:00,2022-01-01 00:00:00,0.931,0.787,0.976,0.814,0.922,0.928,720,1442,195,18
2025-11-18 05:16:02,France_level_3_final,Ensemble (mean weight) top 7 model_TH_0.5_equal_weights,Month+4,0.5,2005-01-01 00:00:00,2024-12-31 00:00:00,2022-01-01 00:00:00,0.879,0.736,0.923,0.736,0.896,0.888,675,1402,242,56
2025-11-18 05:16:02,France_level_3_final,Ensemble (mean weight) top 7 model_TH_0.5_equal_weights,Month+5,0.5,2005-01-01 00:00:00,2024-12-31 00:00:00,2022-01-01 00:00:00,0.822,0.699,0.859,0.661,0.867,0.847,630,1371,271,103
2025-11-18 05:16:02,France_level_3_final,Ensemble (mean weight) top 7 model_TH_0.5_equal_weights,Month+6,0.5,2005-01-01 00:00:00,2024-12-31 00:00:00,2022-01-01 00:00:00,0.766,0.656,0.8,0.582,0.844,0.805,592,1324,311,148
2025-11-18 05:44:46,France_level_3_final,Ensemble (mean weight) top 8 model_TH_0.5_equal_weights,Month+1,0.5,2005-01-01 00:00:00,2024-12-31 00:00:00,2022-01-01 00:00:00,0.978,0.897,1.0,0.919,0.979,0.97,810,1472,93,0
2025-11-18 05:44:46,France_level_3_final,Ensemble (mean weight) top 8 model_TH_0.5_equal_weights,Month+2,0.5,2005-01-01 00:00:00,2024-12-31 00:00:00,2022-01-01 00:00:00,0.956,0.825,0.996,0.858,0.957,0.948,765,1445,162,3
2025-11-18 05:44:46,France_level_3_final,Ensemble (mean weight) top 8 model_TH_0.5_equal_weights,Month+3,0.5,2005-01-01 00:00:00,2024-12-31 00:00:00,2022-01-01 00:00:00,0.929,0.78,0.976,0.809,0.924,0.926,720,1434,203,18
2025-11-18 05:44:46,France_level_3_final,Ensemble (mean weight) top 8 model_TH_0.5_equal_weights,Month+4,0.5,2005-01-01 00:00:00,2024-12-31 00:00:00,2022-01-01 00:00:00,0.878,0.735,0.923,0.735,0.898,0.888,675,1401,243,56
2025-11-18 05:44:46,France_level_3_final,Ensemble (mean weight) top 8 model_TH_0.5_equal_weights,Month+5,0.5,2005-01-01 00:00:00,2024-12-31 00:00:00,2022-01-01 00:00:00,0.82,0.694,0.859,0.656,0.867,0.845,630,1364,278,103
2025-11-18 05:44:46,France_level_3_final,Ensemble (mean weight) top 8 model_TH_0.5_equal_weights,Month+6,0.5,2005-01-01 00:00:00,2024-12-31 00:00:00,2022-01-01 00:00:00,0.759,0.644,0.795,0.567,0.844,0.798,588,1310,325,152
2025-11-18 06:22:35,France_level_3_final,Ensemble (mean weight) top 3 models_TH_auto_equal_weight,Month+1,0.25,2005-01-01 00:00:00,2024-12-31 00:00:00,2022-01-01 00:00:00,0.938,0.751,1.0,0.788,0.969,0.914,810,1296,269,0
2025-11-18 06:22:35,France_level_3_final,Ensemble (mean weight) top 3 models_TH_auto_equal_weight,Month+2,0.23,2005-01-01 00:00:00,2024-12-31 00:00:00,2022-01-01 00:00:00,0.928,0.728,0.996,0.77,0.949,0.909,765,1321,286,3
2025-11-18 06:22:35,France_level_3_final,Ensemble (mean weight) top 3 models_TH_auto_equal_weight,Month+3,0.25,2005-01-01 00:00:00,2024-12-31 00:00:00,2022-01-01 00:00:00,0.908,0.712,0.976,0.747,0.919,0.899,720,1346,291,18
2025-11-18 06:22:35,France_level_3_final,Ensemble (mean weight) top 3 models_TH_auto_equal_weight,Month+4,0.21,2005-01-01 00:00:00,2024-12-31 00:00:00,2022-01-01 00:00:00,0.876,0.67,0.949,0.69,0.891,0.871,694,1302,342,37
2025-11-18 06:22:35,France_level_3_final,Ensemble (mean weight) top 3 models_TH_auto_equal_weight,Month+5,0.2,2005-01-01 00:00:00,2024-12-31 00:00:00,2022-01-01 00:00:00,0.835,0.602,0.925,0.603,0.86,0.826,678,1193,449,55
2025-11-18 06:22:35,France_level_3_final,Ensemble (mean weight) top 3 models_TH_auto_equal_weight,Month+6,0.19,2005-01-01 00:00:00,2024-12-31 00:00:00,2022-01-01 00:00:00,0.81,0.585,0.896,0.564,0.838,0.804,663,1164,471,77
2025-11-18 06:52:01,France_level_3_final,Ensemble (mean weight) top 4 models_TH_auto_equal_weight,Month+1,0.22,2005-01-01 00:00:00,2024-12-31 00:00:00,2022-01-01 00:00:00,0.931,0.729,1.0,0.767,0.963,0.904,810,1264,301,0
2025-11-18 06:52:01,France_level_3_final,Ensemble (mean weight) top 4 models_TH_auto_equal_weight,Month+2,0.22,2005-01-01 00:00:00,2024-12-31 00:00:00,2022-01-01 00:00:00,0.916,0.694,0.996,0.738,0.944,0.893,765,1270,337,3
2025-11-18 06:52:01,France_level_3_final,Ensemble (mean weight) top 4 models_TH_auto_equal_weight,Month+3,0.23,2005-01-01 00:00:00,2024-12-31 00:00:00,2022-01-01 00:00:00,0.891,0.654,0.98,0.692,0.915,0.873,723,1255,382,15
2025-11-18 06:52:01,France_level_3_final,Ensemble (mean weight) top 4 models_TH_auto_equal_weight,Month+4,0.25,2005-01-01 00:00:00,2024-12-31 00:00:00,2022-01-01 00:00:00,0.864,0.627,0.953,0.649,0.889,0.851,697,1230,414,34
2025-11-18 06:52:01,France_level_3_final,Ensemble (mean weight) top 4 models_TH_auto_equal_weight,Month+5,0.21,2005-01-01 00:00:00,2024-12-31 00:00:00,2022-01-01 00:00:00,0.836,0.603,0.925,0.604,0.857,0.826,678,1195,447,55
2025-11-18 06:52:01,France_level_3_final,Ensemble (mean weight) top 4 models_TH_auto_equal_weight,Month+6,0.19,2005-01-01 00:00:00,2024-12-31 00:00:00,2022-01-01 00:00:00,0.814,0.587,0.901,0.57,0.836,0.807,667,1166,469,73
2025-11-18 07:24:58,France_level_3_final,Ensemble (mean weight) top 5 models_TH_auto_equal_weight,Month+1,0.14,2005-01-01 00:00:00,2024-12-31 00:00:00,2022-01-01 00:00:00,0.935,0.741,1.0,0.779,0.974,0.91,810,1282,283,0
2025-11-18 07:24:58,France_level_3_final,Ensemble (mean weight) top 5 models_TH_auto_equal_weight,Month+2,0.21,2005-01-01 00:00:00,2024-12-31 00:00:00,2022-01-01 00:00:00,0.921,0.708,0.996,0.751,0.95,0.9,765,1291,316,3
2025-11-18 07:24:58,France_level_3_final,Ensemble (mean weight) top 5 models_TH_auto_equal_weight,Month+3,0.19,2005-01-01 00:00:00,2024-12-31 00:00:00,2022-01-01 00:00:00,0.891,0.662,0.976,0.697,0.919,0.875,720,1269,368,18
2025-11-18 07:24:58,France_level_3_final,Ensemble (mean weight) top 5 models_TH_auto_equal_weight,Month+4,0.26,2005-01-01 00:00:00,2024-12-31 00:00:00,2022-01-01 00:00:00,0.863,0.638,0.947,0.656,0.893,0.854,692,1251,393,39
2025-11-18 07:24:58,France_level_3_final,Ensemble (mean weight) top 5 models_TH_auto_equal_weight,Month+5,0.21,2005-01-01 00:00:00,2024-12-31 00:00:00,2022-01-01 00:00:00,0.836,0.605,0.925,0.606,0.861,0.828,678,1199,443,55
2025-11-18 07:24:58,France_level_3_final,Ensemble (mean weight) top 5 models_TH_auto_equal_weight,Month+6,0.17,2005-01-01 00:00:00,2024-12-31 00:00:00,2022-01-01 00:00:00,0.816,0.588,0.904,0.572,0.84,0.809,669,1166,469,71
2025-11-18 07:57:04,France_level_3_final,Ensemble (mean weight) top 6 models_TH_auto_equal_weight,Month+1,0.15,2005-01-01 00:00:00,2024-12-31 00:00:00,2022-01-01 00:00:00,0.938,0.753,1.0,0.79,0.976,0.915,810,1299,266,0
2025-11-18 07:57:04,France_level_3_final,Ensemble (mean weight) top 6 models_TH_auto_equal_weight,Month+2,0.16,2005-01-01 00:00:00,2024-12-31 00:00:00,2022-01-01 00:00:00,0.922,0.71,0.996,0.753,0.951,0.901,765,1294,313,3
2025-11-18 07:57:04,France_level_3_final,Ensemble (mean weight) top 6 models_TH_auto_equal_weight,Month+3,0.21,2005-01-01 00:00:00,2024-12-31 00:00:00,2022-01-01 00:00:00,0.894,0.671,0.976,0.707,0.92,0.88,720,1284,353,18
2025-11-18 07:57:04,France_level_3_final,Ensemble (mean weight) top 6 models_TH_auto_equal_weight,Month+4,0.22,2005-01-01 00:00:00,2024-12-31 00:00:00,2022-01-01 00:00:00,0.862,0.641,0.944,0.657,0.894,0.854,690,1257,387,41
2025-11-18 07:57:04,France_level_3_final,Ensemble (mean weight) top 6 models_TH_auto_equal_weight,Month+5,0.17,2005-01-01 00:00:00,2024-12-31 00:00:00,2022-01-01 00:00:00,0.84,0.612,0.926,0.615,0.863,0.832,679,1211,431,54
2025-11-18 07:57:04,France_level_3_final,Ensemble (mean weight) top 6 models_TH_auto_equal_weight,Month+6,0.17,2005-01-01 00:00:00,2024-12-31 00:00:00,2022-01-01 00:00:00,0.816,0.592,0.901,0.575,0.841,0.81,667,1175,460,73
2025-11-18 08:34:08,France_level_3_final,Ensemble (mean weight) top 7 models_TH_auto_equal_weight,Month+1,0.19,2005-01-01 00:00:00,2024-12-31 00:00:00,2022-01-01 00:00:00,0.939,0.756,1.0,0.793,0.976,0.916,810,1303,262,0
2025-11-18 08:34:08,France_level_3_final,Ensemble (mean weight) top 7 models_TH_auto_equal_weight,Month+2,0.14,2005-01-01 00:00:00,2024-12-31 00:00:00,2022-01-01 00:00:00,0.921,0.708,0.996,0.751,0.953,0.9,765,1291,316,3
2025-11-18 08:34:08,France_level_3_final,Ensemble (mean weight) top 7 models_TH_auto_equal_weight,Month+3,0.2,2005-01-01 00:00:00,2024-12-31 00:00:00,2022-01-01 00:00:00,0.894,0.67,0.976,0.705,0.921,0.879,720,1282,355,18
2025-11-18 08:34:08,France_level_3_final,Ensemble (mean weight) top 7 models_TH_auto_equal_weight,Month+4,0.16,2005-01-01 00:00:00,2024-12-31 00:00:00,2022-01-01 00:00:00,0.864,0.631,0.952,0.652,0.896,0.852,696,1237,407,35
2025-11-18 08:34:08,France_level_3_final,Ensemble (mean weight) top 7 models_TH_auto_equal_weight,Month+5,0.19,2005-01-01 00:00:00,2024-12-31 00:00:00,2022-01-01 00:00:00,0.839,0.612,0.925,0.615,0.865,0.832,678,1213,429,55
2025-11-18 08:34:08,France_level_3_final,Ensemble (mean weight) top 7 models_TH_auto_equal_weight,Month+6,0.2,2005-01-01 00:00:00,2024-12-31 00:00:00,2022-01-01 00:00:00,0.815,0.591,0.9,0.574,0.841,0.809,666,1175,460,74
2025-11-18 09:15:37,France_level_3_final,Ensemble (mean weight) top 8 models_TH_auto_equal_weight,Month+1,0.18,2005-01-01 00:00:00,2024-12-31 00:00:00,2022-01-01 00:00:00,0.941,0.761,1.0,0.799,0.978,0.919,810,1311,254,0
2025-11-18 09:15:37,France_level_3_final,Ensemble (mean weight) top 8 models_TH_auto_equal_weight,Month+2,0.22,2005-01-01 00:00:00,2024-12-31 00:00:00,2022-01-01 00:00:00,0.926,0.722,0.996,0.765,0.956,0.906,765,1312,295,3
2025-11-18 09:15:37,France_level_3_final,Ensemble (mean weight) top 8 models_TH_auto_equal_weight,Month+3,0.2,2005-01-01 00:00:00,2024-12-31 00:00:00,2022-01-01 00:00:00,0.895,0.672,0.976,0.707,0.924,0.88,720,1285,352,18
2025-11-18 09:15:37,France_level_3_final,Ensemble (mean weight) top 8 models_TH_auto_equal_weight,Month+4,0.21,2005-01-01 00:00:00,2024-12-31 00:00:00,2022-01-01 00:00:00,0.861,0.64,0.943,0.656,0.897,0.854,689,1257,387,42
2025-11-18 09:15:37,France_level_3_final,Ensemble (mean weight) top 8 models_TH_auto_equal_weight,Month+5,0.17,2005-01-01 00:00:00,2024-12-31 00:00:00,2022-01-01 00:00:00,0.838,0.609,0.925,0.61,0.865,0.83,678,1206,436,55
2025-11-18 09:15:37,France_level_3_final,Ensemble (mean weight) top 8 models_TH_auto_equal_weight,Month+6,0.18,2005-01-01 00:00:00,2024-12-31 00:00:00,2022-01-01 00:00:00,0.816,0.591,0.901,0.574,0.842,0.809,667,1173,462,73
2025-11-18 09:29:17,France_level_3_final,Ensemble (mean weight) top 3 models_TH_0.5_not_equal_weight,Month+1,0.5,2005-01-01 00:00:00,2024-12-31 00:00:00,2022-01-01 00:00:00,0.988,0.941,1.0,0.954,0.984,0.984,810,1514,51,0
2025-11-18 09:29:17,France_level_3_final,Ensemble (mean weight) top 3 models_TH_0.5_not_equal_weight,Month+2,0.5,2005-01-01 00:00:00,2024-12-31 00:00:00,2022-01-01 00:00:00,0.951,0.807,0.996,0.843,0.954,0.941,765,1424,183,3
2025-11-18 09:29:17,France_level_3_final,Ensemble (mean weight) top 3 models_TH_0.5_not_equal_weight,Month+3,0.5,2005-01-01 00:00:00,2024-12-31 00:00:00,2022-01-01 00:00:00,0.932,0.791,0.976,0.818,0.924,0.93,720,1447,190,18
2025-11-18 09:29:17,France_level_3_final,Ensemble (mean weight) top 3 models_TH_0.5_not_equal_weight,Month+4,0.5,2005-01-01 00:00:00,2024-12-31 00:00:00,2022-01-01 00:00:00,0.879,0.736,0.923,0.736,0.891,0.888,675,1402,242,56
2025-11-18 09:29:17,France_level_3_final,Ensemble (mean weight) top 3 models_TH_0.5_not_equal_weight,Month+5,0.5,2005-01-01 00:00:00,2024-12-31 00:00:00,2022-01-01 00:00:00,0.814,0.672,0.859,0.635,0.856,0.836,630,1334,308,103
2025-11-18 09:29:17,France_level_3_final,Ensemble (mean weight) top 3 models_TH_0.5_not_equal_weight,Month+6,0.5,2005-01-01 00:00:00,2024-12-31 00:00:00,2022-01-01 00:00:00,0.776,0.656,0.814,0.591,0.847,0.81,602,1320,315,138
2025-11-18 09:43:00,France_level_3_final,Ensemble (mean weight) top 4 models_TH_0.5_not_equal_weight,Month+1,0.5,2005-01-01 00:00:00,2024-12-31 00:00:00,2022-01-01 00:00:00,0.968,0.86,1.0,0.887,0.977,0.958,810,1433,132,0
2025-11-18 09:43:00,France_level_3_final,Ensemble (mean weight) top 4 models_TH_0.5_not_equal_weight,Month+2,0.5,2005-01-01 00:00:00,2024-12-31 00:00:00,2022-01-01 00:00:00,0.962,0.844,0.996,0.875,0.952,0.954,765,1466,141,3
2025-11-18 09:43:00,France_level_3_final,Ensemble (mean weight) top 4 models_TH_0.5_not_equal_weight,Month+3,0.5,2005-01-01 00:00:00,2024-12-31 00:00:00,2022-01-01 00:00:00,0.934,0.799,0.976,0.825,0.924,0.933,720,1456,181,18
2025-11-18 09:43:00,France_level_3_final,Ensemble (mean weight) top 4 models_TH_0.5_not_equal_weight,Month+4,0.5,2005-01-01 00:00:00,2024-12-31 00:00:00,2022-01-01 00:00:00,0.88,0.739,0.923,0.739,0.912,0.889,675,1406,238,56
2025-11-18 09:43:00,France_level_3_final,Ensemble (mean weight) top 4 models_TH_0.5_not_equal_weight,Month+5,0.5,2005-01-01 00:00:00,2024-12-31 00:00:00,2022-01-01 00:00:00,0.833,0.704,0.873,0.674,0.883,0.855,640,1373,269,93
2025-11-18 09:43:00,France_level_3_final,Ensemble (mean weight) top 4 models_TH_0.5_not_equal_weight,Month+6,0.5,2005-01-01 00:00:00,2024-12-31 00:00:00,2022-01-01 00:00:00,0.772,0.666,0.804,0.594,0.849,0.811,595,1336,299,145
2025-11-18 09:57:52,France_level_3_final,Ensemble (mean weight) top 5 models_TH_0.5_not_equal_weight,Month+1,0.5,2005-01-01 00:00:00,2024-12-31 00:00:00,2022-01-01 00:00:00,0.984,0.927,1.0,0.943,0.977,0.98,810,1501,64,0
2025-11-18 09:57:52,France_level_3_final,Ensemble (mean weight) top 5 models_TH_0.5_not_equal_weight,Month+2,0.5,2005-01-01 00:00:00,2024-12-31 00:00:00,2022-01-01 00:00:00,0.963,0.852,0.996,0.881,0.952,0.957,765,1474,133,3
2025-11-18 09:57:52,France_level_3_final,Ensemble (mean weight) top 5 models_TH_0.5_not_equal_weight,Month+3,0.5,2005-01-01 00:00:00,2024-12-31 00:00:00,2022-01-01 00:00:00,0.935,0.801,0.976,0.827,0.924,0.933,720,1458,179,18
2025-11-18 09:57:52,France_level_3_final,Ensemble (mean weight) top 5 models_TH_0.5_not_equal_weight,Month+4,0.5,2005-01-01 00:00:00,2024-12-31 00:00:00,2022-01-01 00:00:00,0.882,0.749,0.923,0.748,0.897,0.893,675,1418,226,56
2025-11-18 09:57:52,France_level_3_final,Ensemble (mean weight) top 5 models_TH_0.5_not_equal_weight,Month+5,0.5,2005-01-01 00:00:00,2024-12-31 00:00:00,2022-01-01 00:00:00,0.831,0.71,0.868,0.676,0.877,0.855,636,1382,260,97
2025-11-18 09:57:52,France_level_3_final,Ensemble (mean weight) top 5 models_TH_0.5_not_equal_weight,Month+6,0.5,2005-01-01 00:00:00,2024-12-31 00:00:00,2022-01-01 00:00:00,0.781,0.66,0.819,0.597,0.86,0.814,606,1323,312,134
2025-11-18 10:14:43,France_level_3_final,Ensemble (mean weight) top 6 models_TH_0.5_not_equal_weight,Month+1,0.5,2005-01-01 00:00:00,2024-12-31 00:00:00,2022-01-01 00:00:00,0.986,0.934,1.0,0.949,0.979,0.982,810,1508,57,0
2025-11-18 10:14:43,France_level_3_final,Ensemble (mean weight) top 6 models_TH_0.5_not_equal_weight,Month+2,0.5,2005-01-01 00:00:00,2024-12-31 00:00:00,2022-01-01 00:00:00,0.963,0.849,0.996,0.879,0.954,0.956,765,1471,136,3
2025-11-18 10:14:43,France_level_3_final,Ensemble (mean weight) top 6 models_TH_0.5_not_equal_weight,Month+3,0.5,2005-01-01 00:00:00,2024-12-31 00:00:00,2022-01-01 00:00:00,0.934,0.796,0.976,0.823,0.924,0.932,720,1453,184,18
2025-11-18 10:14:43,France_level_3_final,Ensemble (mean weight) top 6 models_TH_0.5_not_equal_weight,Month+4,0.5,2005-01-01 00:00:00,2024-12-31 00:00:00,2022-01-01 00:00:00,0.883,0.75,0.923,0.748,0.897,0.893,675,1419,225,56
2025-11-18 10:14:43,France_level_3_final,Ensemble (mean weight) top 6 models_TH_0.5_not_equal_weight,Month+5,0.5,2005-01-01 00:00:00,2024-12-31 00:00:00,2022-01-01 00:00:00,0.83,0.713,0.866,0.678,0.877,0.855,635,1386,256,98
2025-11-18 10:14:43,France_level_3_final,Ensemble (mean weight) top 6 models_TH_0.5_not_equal_weight,Month+6,0.5,2005-01-01 00:00:00,2024-12-31 00:00:00,2022-01-01 00:00:00,0.769,0.66,0.801,0.587,0.844,0.807,593,1330,305,147
2025-11-18 10:32:32,France_level_3_final,Ensemble (mean weight) top 7 models_TH_0.5_not_equal_weight,Month+1,0.5,2005-01-01 00:00:00,2024-12-31 00:00:00,2022-01-01 00:00:00,0.984,0.924,1.0,0.94,0.978,0.979,810,1498,67,0
2025-11-18 10:32:32,France_level_3_final,Ensemble (mean weight) top 7 models_TH_0.5_not_equal_weight,Month+2,0.5,2005-01-01 00:00:00,2024-12-31 00:00:00,2022-01-01 00:00:00,0.964,0.854,0.996,0.883,0.956,0.957,765,1476,131,3
2025-11-18 10:32:32,France_level_3_final,Ensemble (mean weight) top 7 models_TH_0.5_not_equal_weight,Month+3,0.5,2005-01-01 00:00:00,2024-12-31 00:00:00,2022-01-01 00:00:00,0.934,0.797,0.976,0.824,0.924,0.932,720,1454,183,18
2025-11-18 10:32:32,France_level_3_final,Ensemble (mean weight) top 7 models_TH_0.5_not_equal_weight,Month+4,0.5,2005-01-01 00:00:00,2024-12-31 00:00:00,2022-01-01 00:00:00,0.884,0.755,0.923,0.753,0.898,0.895,675,1425,219,56
2025-11-18 10:32:32,France_level_3_final,Ensemble (mean weight) top 7 models_TH_0.5_not_equal_weight,Month+5,0.5,2005-01-01 00:00:00,2024-12-31 00:00:00,2022-01-01 00:00:00,0.821,0.695,0.859,0.657,0.862,0.845,630,1365,277,103
2025-11-18 10:32:32,France_level_3_final,Ensemble (mean weight) top 7 models_TH_0.5_not_equal_weight,Month+6,0.5,2005-01-01 00:00:00,2024-12-31 00:00:00,2022-01-01 00:00:00,0.761,0.646,0.797,0.57,0.845,0.8,590,1311,324,150
2025-11-18 10:53:58,France_level_3_final,Ensemble (mean weight) top 8 models_TH_0.5_not_equal_weight,Month+1,0.5,2005-01-01 00:00:00,2024-12-31 00:00:00,2022-01-01 00:00:00,0.977,0.896,1.0,0.918,0.972,0.97,810,1471,94,0
2025-11-18 10:53:58,France_level_3_final,Ensemble (mean weight) top 8 models_TH_0.5_not_equal_weight,Month+2,0.5,2005-01-01 00:00:00,2024-12-31 00:00:00,2022-01-01 00:00:00,0.951,0.805,0.996,0.841,0.959,0.94,765,1422,185,3
2025-11-18 10:53:58,France_level_3_final,Ensemble (mean weight) top 8 models_TH_0.5_not_equal_weight,Month+3,0.5,2005-01-01 00:00:00,2024-12-31 00:00:00,2022-01-01 00:00:00,0.931,0.786,0.976,0.814,0.925,0.928,720,1441,196,18
2025-11-18 10:53:58,France_level_3_final,Ensemble (mean weight) top 8 models_TH_0.5_not_equal_weight,Month+4,0.5,2005-01-01 00:00:00,2024-12-31 00:00:00,2022-01-01 00:00:00,0.88,0.739,0.923,0.739,0.899,0.889,675,1406,238,56
2025-11-18 10:53:58,France_level_3_final,Ensemble (mean weight) top 8 models_TH_0.5_not_equal_weight,Month+5,0.5,2005-01-01 00:00:00,2024-12-31 00:00:00,2022-01-01 00:00:00,0.825,0.706,0.861,0.668,0.87,0.85,631,1379,263,102
2025-11-18 10:53:58,France_level_3_final,Ensemble (mean weight) top 8 models_TH_0.5_not_equal_weight,Month+6,0.5,2005-01-01 00:00:00,2024-12-31 00:00:00,2022-01-01 00:00:00,0.764,0.645,0.801,0.572,0.846,0.801,593,1309,326,147
2025-11-18 13:18:01,Greece_level_2_final,Ensemble (mean weight) top 3 models_TH_auto_not_equal_weight,Month+1,0.11,2005-01-01 00:00:00,2024-12-31 00:00:00,2022-01-01 00:00:00,1.0,1.0,1.0,0.0,,0.5,108,0,0,0
2025-11-18 13:18:01,Greece_level_2_final,Ensemble (mean weight) top 3 models_TH_auto_not_equal_weight,Month+2,0.12,2005-01-01 00:00:00,2024-12-31 00:00:00,2022-01-01 00:00:00,1.0,1.0,1.0,0.0,,0.5,108,0,0,0
2025-11-18 13:18:01,Greece_level_2_final,Ensemble (mean weight) top 3 models_TH_auto_not_equal_weight,Month+3,0.12,2005-01-01 00:00:00,2024-12-31 00:00:00,2022-01-01 00:00:00,1.0,1.0,1.0,0.0,,0.5,108,0,0,0
2025-11-18 13:18:01,Greece_level_2_final,Ensemble (mean weight) top 3 models_TH_auto_not_equal_weight,Month+4,0.12,2005-01-01 00:00:00,2024-12-31 00:00:00,2022-01-01 00:00:00,1.0,1.0,1.0,0.0,,0.5,108,0,0,0
2025-11-18 13:18:01,Greece_level_2_final,Ensemble (mean weight) top 3 models_TH_auto_not_equal_weight,Month+5,0.13,2005-01-01 00:00:00,2024-12-31 00:00:00,2022-01-01 00:00:00,1.0,1.0,1.0,0.0,,0.5,108,0,0,0
2025-11-18 13:18:01,Greece_level_2_final,Ensemble (mean weight) top 3 models_TH_auto_not_equal_weight,Month+6,0.13,2005-01-01 00:00:00,2024-12-31 00:00:00,2022-01-01 00:00:00,1.0,1.0,1.0,0.0,,0.5,108,0,0,0
2025-11-18 13:19:47,Greece_level_2_final,Ensemble (mean weight) top 4 models_TH_auto_not_equal_weight,Month+1,0.1,2005-01-01 00:00:00,2024-12-31 00:00:00,2022-01-01 00:00:00,1.0,1.0,1.0,0.0,,0.5,108,0,0,0
2025-11-18 13:19:47,Greece_level_2_final,Ensemble (mean weight) top 4 models_TH_auto_not_equal_weight,Month+2,0.11,2005-01-01 00:00:00,2024-12-31 00:00:00,2022-01-01 00:00:00,1.0,1.0,1.0,0.0,,0.5,108,0,0,0
2025-11-18 13:19:47,Greece_level_2_final,Ensemble (mean weight) top 4 models_TH_auto_not_equal_weight,Month+3,0.12,2005-01-01 00:00:00,2024-12-31 00:00:00,2022-01-01 00:00:00,1.0,1.0,1.0,0.0,,0.5,108,0,0,0
2025-11-18 13:19:47,Greece_level_2_final,Ensemble (mean weight) top 4 models_TH_auto_not_equal_weight,Month+4,0.13,2005-01-01 00:00:00,2024-12-31 00:00:00,2022-01-01 00:00:00,1.0,1.0,1.0,0.0,,0.5,108,0,0,0
2025-11-18 13:19:47,Greece_level_2_final,Ensemble (mean weight) top 4 models_TH_auto_not_equal_weight,Month+5,0.13,2005-01-01 00:00:00,2024-12-31 00:00:00,2022-01-01 00:00:00,1.0,1.0,1.0,0.0,,0.5,108,0,0,0
2025-11-18 13:19:47,Greece_level_2_final,Ensemble (mean weight) top 4 models_TH_auto_not_equal_weight,Month+6,0.13,2005-01-01 00:00:00,2024-12-31 00:00:00,2022-01-01 00:00:00,1.0,1.0,1.0,0.0,,0.5,108,0,0,0
2025-11-18 13:21:38,Greece_level_2_final,Ensemble (mean weight) top 5 models_TH_auto_not_equal_weight,Month+1,0.09,2005-01-01 00:00:00,2024-12-31 00:00:00,2022-01-01 00:00:00,1.0,1.0,1.0,0.0,,0.5,108,0,0,0
2025-11-18 13:21:38,Greece_level_2_final,Ensemble (mean weight) top 5 models_TH_auto_not_equal_weight,Month+2,0.12,2005-01-01 00:00:00,2024-12-31 00:00:00,2022-01-01 00:00:00,1.0,1.0,1.0,0.0,,0.5,108,0,0,0
2025-11-18 13:21:38,Greece_level_2_final,Ensemble (mean weight) top 5 models_TH_auto_not_equal_weight,Month+3,0.12,2005-01-01 00:00:00,2024-12-31 00:00:00,2022-01-01 00:00:00,1.0,1.0,1.0,0.0,,0.5,108,0,0,0
2025-11-18 13:21:38,Greece_level_2_final,Ensemble (mean weight) top 5 models_TH_auto_not_equal_weight,Month+4,0.11,2005-01-01 00:00:00,2024-12-31 00:00:00,2022-01-01 00:00:00,1.0,1.0,1.0,0.0,,0.5,108,0,0,0
2025-11-18 13:21:38,Greece_level_2_final,Ensemble (mean weight) top 5 models_TH_auto_not_equal_weight,Month+5,0.12,2005-01-01 00:00:00,2024-12-31 00:00:00,2022-01-01 00:00:00,1.0,1.0,1.0,0.0,,0.5,108,0,0,0
2025-11-18 13:21:38,Greece_level_2_final,Ensemble (mean weight) top 5 models_TH_auto_not_equal_weight,Month+6,0.12,2005-01-01 00:00:00,2024-12-31 00:00:00,2022-01-01 00:00:00,1.0,1.0,1.0,0.0,,0.5,108,0,0,0
2025-11-18 13:23:37,Greece_level_2_final,Ensemble (mean weight) top 6 models_TH_auto_not_equal_weight,Month+1,0.12,2005-01-01 00:00:00,2024-12-31 00:00:00,2022-01-01 00:00:00,1.0,1.0,1.0,0.0,,0.5,108,0,0,0
2025-11-18 13:23:37,Greece_level_2_final,Ensemble (mean weight) top 6 models_TH_auto_not_equal_weight,Month+2,0.14,2005-01-01 00:00:00,2024-12-31 00:00:00,2022-01-01 00:00:00,1.0,1.0,1.0,0.0,,0.5,108,0,0,0
2025-11-18 13:23:37,Greece_level_2_final,Ensemble (mean weight) top 6 models_TH_auto_not_equal_weight,Month+3,0.14,2005-01-01 00:00:00,2024-12-31 00:00:00,2022-01-01 00:00:00,1.0,1.0,1.0,0.0,,0.5,108,0,0,0
2025-11-18 13:23:37,Greece_level_2_final,Ensemble (mean weight) top 6 models_TH_auto_not_equal_weight,Month+4,0.14,2005-01-01 00:00:00,2024-12-31 00:00:00,2022-01-01 00:00:00,1.0,1.0,1.0,0.0,,0.5,108,0,0,0
2025-11-18 13:23:37,Greece_level_2_final,Ensemble (mean weight) top 6 models_TH_auto_not_equal_weight,Month+5,0.16,2005-01-01 00:00:00,2024-12-31 00:00:00,2022-01-01 00:00:00,1.0,1.0,1.0,0.0,,0.5,108,0,0,0
2025-11-18 13:23:37,Greece_level_2_final,Ensemble (mean weight) top 6 models_TH_auto_not_equal_weight,Month+6,0.21,2005-01-01 00:00:00,2024-12-31 00:00:00,2022-01-01 00:00:00,1.0,1.0,1.0,0.0,,0.5,108,0,0,0
2025-11-18 13:25:51,Greece_level_2_final,Ensemble (mean weight) top 7 models_TH_auto_not_equal_weight,Month+1,0.1,2005-01-01 00:00:00,2024-12-31 00:00:00,2022-01-01 00:00:00,1.0,1.0,1.0,0.0,,0.5,108,0,0,0
2025-11-18 13:25:51,Greece_level_2_final,Ensemble (mean weight) top 7 models_TH_auto_not_equal_weight,Month+2,0.12,2005-01-01 00:00:00,2024-12-31 00:00:00,2022-01-01 00:00:00,1.0,1.0,1.0,0.0,,0.5,108,0,0,0
2025-11-18 13:25:51,Greece_level_2_final,Ensemble (mean weight) top 7 models_TH_auto_not_equal_weight,Month+3,0.12,2005-01-01 00:00:00,2024-12-31 00:00:00,2022-01-01 00:00:00,1.0,1.0,1.0,0.0,,0.5,108,0,0,0
2025-11-18 13:25:51,Greece_level_2_final,Ensemble (mean weight) top 7 models_TH_auto_not_equal_weight,Month+4,0.11,2005-01-01 00:00:00,2024-12-31 00:00:00,2022-01-01 00:00:00,1.0,1.0,1.0,0.0,,0.5,108,0,0,0
2025-11-18 13:25:51,Greece_level_2_final,Ensemble (mean weight) top 7 models_TH_auto_not_equal_weight,Month+5,0.11,2005-01-01 00:00:00,2024-12-31 00:00:00,2022-01-01 00:00:00,1.0,1.0,1.0,0.0,,0.5,108,0,0,0
2025-11-18 13:25:51,Greece_level_2_final,Ensemble (mean weight) top 7 models_TH_auto_not_equal_weight,Month+6,0.14,2005-01-01 00:00:00,2024-12-31 00:00:00,2022-01-01 00:00:00,1.0,1.0,1.0,0.0,,0.5,108,0,0,0
2025-11-18 13:28:07,Greece_level_2_final,Ensemble (mean weight) top 8 models_TH_auto_not_equal_weight,Month+1,0.09,2005-01-01 00:00:00,2024-12-31 00:00:00,2022-01-01 00:00:00,1.0,1.0,1.0,0.0,,0.5,108,0,0,0
2025-11-18 13:28:07,Greece_level_2_final,Ensemble (mean weight) top 8 models_TH_auto_not_equal_weight,Month+2,0.11,2005-01-01 00:00:00,2024-12-31 00:00:00,2022-01-01 00:00:00,1.0,1.0,1.0,0.0,,0.5,108,0,0,0
2025-11-18 13:28:07,Greece_level_2_final,Ensemble (mean weight) top 8 models_TH_auto_not_equal_weight,Month+3,0.11,2005-01-01 00:00:00,2024-12-31 00:00:00,2022-01-01 00:00:00,1.0,1.0,1.0,0.0,,0.5,108,0,0,0
2025-11-18 13:28:07,Greece_level_2_final,Ensemble (mean weight) top 8 models_TH_auto_not_equal_weight,Month+4,0.16,2005-01-01 00:00:00,2024-12-31 00:00:00,2022-01-01 00:00:00,1.0,1.0,1.0,0.0,,0.5,108,0,0,0
2025-11-18 13:28:07,Greece_level_2_final,Ensemble (mean weight) top 8 models_TH_auto_not_equal_weight,Month+5,0.11,2005-01-01 00:00:00,2024-12-31 00:00:00,2022-01-01 00:00:00,1.0,1.0,1.0,0.0,,0.5,108,0,0,0
2025-11-18 13:28:07,Greece_level_2_final,Ensemble (mean weight) top 8 models_TH_auto_not_equal_weight,Month+6,0.14,2005-01-01 00:00:00,2024-12-31 00:00:00,2022-01-01 00:00:00,1.0,1.0,1.0,0.0,,0.5,108,0,0,0
2025-11-18 13:29:04,Greece_level_2_final,Ensemble (mean weight) top 3 model_TH_0.5_equal_weights,Month+1,0.5,2005-01-01 00:00:00,2024-12-31 00:00:00,2022-01-01 00:00:00,1.0,1.0,1.0,0.0,,0.5,108,0,0,0
2025-11-18 13:29:04,Greece_level_2_final,Ensemble (mean weight) top 3 model_TH_0.5_equal_weights,Month+2,0.5,2005-01-01 00:00:00,2024-12-31 00:00:00,2022-01-01 00:00:00,1.0,1.0,1.0,0.0,,0.5,108,0,0,0
2025-11-18 13:29:04,Greece_level_2_final,Ensemble (mean weight) top 3 model_TH_0.5_equal_weights,Month+3,0.5,2005-01-01 00:00:00,2024-12-31 00:00:00,2022-01-01 00:00:00,1.0,1.0,1.0,0.0,,0.5,108,0,0,0
2025-11-18 13:29:04,Greece_level_2_final,Ensemble (mean weight) top 3 model_TH_0.5_equal_weights,Month+4,0.5,2005-01-01 00:00:00,2024-12-31 00:00:00,2022-01-01 00:00:00,1.0,1.0,1.0,0.0,,0.5,108,0,0,0
2025-11-18 13:29:04,Greece_level_2_final,Ensemble (mean weight) top 3 model_TH_0.5_equal_weights,Month+5,0.5,2005-01-01 00:00:00,2024-12-31 00:00:00,2022-01-01 00:00:00,1.0,1.0,1.0,0.0,,0.5,108,0,0,0
2025-11-18 13:29:04,Greece_level_2_final,Ensemble (mean weight) top 3 model_TH_0.5_equal_weights,Month+6,0.5,2005-01-01 00:00:00,2024-12-31 00:00:00,2022-01-01 00:00:00,1.0,1.0,1.0,0.0,,0.5,108,0,0,0
2025-11-18 13:30:07,Greece_level_2_final,Ensemble (mean weight) top 4 model_TH_0.5_equal_weights,Month+1,0.5,2005-01-01 00:00:00,2024-12-31 00:00:00,2022-01-01 00:00:00,1.0,1.0,1.0,0.0,,0.5,108,0,0,0
2025-11-18 13:30:07,Greece_level_2_final,Ensemble (mean weight) top 4 model_TH_0.5_equal_weights,Month+2,0.5,2005-01-01 00:00:00,2024-12-31 00:00:00,2022-01-01 00:00:00,1.0,1.0,1.0,0.0,,0.5,108,0,0,0
2025-11-18 13:30:07,Greece_level_2_final,Ensemble (mean weight) top 4 model_TH_0.5_equal_weights,Month+3,0.5,2005-01-01 00:00:00,2024-12-31 00:00:00,2022-01-01 00:00:00,1.0,1.0,1.0,0.0,,0.5,108,0,0,0
2025-11-18 13:30:07,Greece_level_2_final,Ensemble (mean weight) top 4 model_TH_0.5_equal_weights,Month+4,0.5,2005-01-01 00:00:00,2024-12-31 00:00:00,2022-01-01 00:00:00,1.0,1.0,1.0,0.0,,0.5,108,0,0,0
2025-11-18 13:30:07,Greece_level_2_final,Ensemble (mean weight) top 4 model_TH_0.5_equal_weights,Month+5,0.5,2005-01-01 00:00:00,2024-12-31 00:00:00,2022-01-01 00:00:00,0.97,1.0,0.963,0.0,,0.5,104,0,0,4
2025-11-18 13:30:07,Greece_level_2_final,Ensemble (mean weight) top 4 model_TH_0.5_equal_weights,Month+6,0.5,2005-01-01 00:00:00,2024-12-31 00:00:00,2022-01-01 00:00:00,1.0,1.0,1.0,0.0,,0.5,108,0,0,0
2025-11-18 13:31:13,Greece_level_2_final,Ensemble (mean weight) top 5 model_TH_0.5_equal_weights,Month+1,0.5,2005-01-01 00:00:00,2024-12-31 00:00:00,2022-01-01 00:00:00,1.0,1.0,1.0,0.0,,0.5,108,0,0,0
2025-11-18 13:31:13,Greece_level_2_final,Ensemble (mean weight) top 5 model_TH_0.5_equal_weights,Month+2,0.5,2005-01-01 00:00:00,2024-12-31 00:00:00,2022-01-01 00:00:00,1.0,1.0,1.0,0.0,,0.5,108,0,0,0
2025-11-18 13:31:13,Greece_level_2_final,Ensemble (mean weight) top 5 model_TH_0.5_equal_weights,Month+3,0.5,2005-01-01 00:00:00,2024-12-31 00:00:00,2022-01-01 00:00:00,1.0,1.0,1.0,0.0,,0.5,108,0,0,0
2025-11-18 13:31:13,Greece_level_2_final,Ensemble (mean weight) top 5 model_TH_0.5_equal_weights,Month+4,0.5,2005-01-01 00:00:00,2024-12-31 00:00:00,2022-01-01 00:00:00,1.0,1.0,1.0,0.0,,0.5,108,0,0,0
2025-11-18 13:31:13,Greece_level_2_final,Ensemble (mean weight) top 5 model_TH_0.5_equal_weights,Month+5,0.5,2005-01-01 00:00:00,2024-12-31 00:00:00,2022-01-01 00:00:00,0.978,1.0,0.972,0.0,,0.5,105,0,0,3
2025-11-18 13:31:13,Greece_level_2_final,Ensemble (mean weight) top 5 model_TH_0.5_equal_weights,Month+6,0.5,2005-01-01 00:00:00,2024-12-31 00:00:00,2022-01-01 00:00:00,1.0,1.0,1.0,0.0,,0.5,108,0,0,0
2025-11-18 13:32:22,Greece_level_2_final,Ensemble (mean weight) top 6 model_TH_0.5_equal_weights,Month+1,0.5,2005-01-01 00:00:00,2024-12-31 00:00:00,2022-01-01 00:00:00,1.0,1.0,1.0,0.0,,0.5,108,0,0,0
2025-11-18 13:32:22,Greece_level_2_final,Ensemble (mean weight) top 6 model_TH_0.5_equal_weights,Month+2,0.5,2005-01-01 00:00:00,2024-12-31 00:00:00,2022-01-01 00:00:00,1.0,1.0,1.0,0.0,,0.5,108,0,0,0
2025-11-18 13:32:22,Greece_level_2_final,Ensemble (mean weight) top 6 model_TH_0.5_equal_weights,Month+3,0.5,2005-01-01 00:00:00,2024-12-31 00:00:00,2022-01-01 00:00:00,1.0,1.0,1.0,0.0,,0.5,108,0,0,0
2025-11-18 13:32:22,Greece_level_2_final,Ensemble (mean weight) top 6 model_TH_0.5_equal_weights,Month+4,0.5,2005-01-01 00:00:00,2024-12-31 00:00:00,2022-01-01 00:00:00,1.0,1.0,1.0,0.0,,0.5,108,0,0,0
2025-11-18 13:32:22,Greece_level_2_final,Ensemble (mean weight) top 6 model_TH_0.5_equal_weights,Month+5,0.5,2005-01-01 00:00:00,2024-12-31 00:00:00,2022-01-01 00:00:00,1.0,1.0,1.0,0.0,,0.5,108,0,0,0
2025-11-18 13:32:22,Greece_level_2_final,Ensemble (mean weight) top 6 model_TH_0.5_equal_weights,Month+6,0.5,2005-01-01 00:00:00,2024-12-31 00:00:00,2022-01-01 00:00:00,1.0,1.0,1.0,0.0,,0.5,108,0,0,0
2025-11-18 13:33:45,Greece_level_2_final,Ensemble (mean weight) top 7 model_TH_0.5_equal_weights,Month+1,0.5,2005-01-01 00:00:00,2024-12-31 00:00:00,2022-01-01 00:00:00,1.0,1.0,1.0,0.0,,0.5,108,0,0,0
2025-11-18 13:33:45,Greece_level_2_final,Ensemble (mean weight) top 7 model_TH_0.5_equal_weights,Month+2,0.5,2005-01-01 00:00:00,2024-12-31 00:00:00,2022-01-01 00:00:00,1.0,1.0,1.0,0.0,,0.5,108,0,0,0
2025-11-18 13:33:45,Greece_level_2_final,Ensemble (mean weight) top 7 model_TH_0.5_equal_weights,Month+3,0.5,2005-01-01 00:00:00,2024-12-31 00:00:00,2022-01-01 00:00:00,1.0,1.0,1.0,0.0,,0.5,108,0,0,0
2025-11-18 13:33:45,Greece_level_2_final,Ensemble (mean weight) top 7 model_TH_0.5_equal_weights,Month+4,0.5,2005-01-01 00:00:00,2024-12-31 00:00:00,2022-01-01 00:00:00,1.0,1.0,1.0,0.0,,0.5,108,0,0,0
2025-11-18 13:33:45,Greece_level_2_final,Ensemble (mean weight) top 7 model_TH_0.5_equal_weights,Month+5,0.5,2005-01-01 00:00:00,2024-12-31 00:00:00,2022-01-01 00:00:00,1.0,1.0,1.0,0.0,,0.5,108,0,0,0
2025-11-18 13:33:45,Greece_level_2_final,Ensemble (mean weight) top 7 model_TH_0.5_equal_weights,Month+6,0.5,2005-01-01 00:00:00,2024-12-31 00:00:00,2022-01-01 00:00:00,1.0,1.0,1.0,0.0,,0.5,108,0,0,0
2025-11-18 13:35:21,Greece_level_2_final,Ensemble (mean weight) top 8 model_TH_0.5_equal_weights,Month+1,0.5,2005-01-01 00:00:00,2024-12-31 00:00:00,2022-01-01 00:00:00,1.0,1.0,1.0,0.0,,0.5,108,0,0,0
2025-11-18 13:35:21,Greece_level_2_final,Ensemble (mean weight) top 8 model_TH_0.5_equal_weights,Month+2,0.5,2005-01-01 00:00:00,2024-12-31 00:00:00,2022-01-01 00:00:00,1.0,1.0,1.0,0.0,,0.5,108,0,0,0
2025-11-18 13:35:21,Greece_level_2_final,Ensemble (mean weight) top 8 model_TH_0.5_equal_weights,Month+3,0.5,2005-01-01 00:00:00,2024-12-31 00:00:00,2022-01-01 00:00:00,1.0,1.0,1.0,0.0,,0.5,108,0,0,0
2025-11-18 13:35:21,Greece_level_2_final,Ensemble (mean weight) top 8 model_TH_0.5_equal_weights,Month+4,0.5,2005-01-01 00:00:00,2024-12-31 00:00:00,2022-01-01 00:00:00,1.0,1.0,1.0,0.0,,0.5,108,0,0,0
2025-11-18 13:35:21,Greece_level_2_final,Ensemble (mean weight) top 8 model_TH_0.5_equal_weights,Month+5,0.5,2005-01-01 00:00:00,2024-12-31 00:00:00,2022-01-01 00:00:00,1.0,1.0,1.0,0.0,,0.5,108,0,0,0
2025-11-18 13:35:21,Greece_level_2_final,Ensemble (mean weight) top 8 model_TH_0.5_equal_weights,Month+6,0.5,2005-01-01 00:00:00,2024-12-31 00:00:00,2022-01-01 00:00:00,1.0,1.0,1.0,0.0,,0.5,108,0,0,0
2025-11-18 13:37:08,Greece_level_2_final,Ensemble (mean weight) top 3 models_TH_auto_equal_weight,Month+1,0.11,2005-01-01 00:00:00,2024-12-31 00:00:00,2022-01-01 00:00:00,1.0,1.0,1.0,0.0,,0.5,108,0,0,0
2025-11-18 13:37:08,Greece_level_2_final,Ensemble (mean weight) top 3 models_TH_auto_equal_weight,Month+2,0.12,2005-01-01 00:00:00,2024-12-31 00:00:00,2022-01-01 00:00:00,1.0,1.0,1.0,0.0,,0.5,108,0,0,0
2025-11-18 13:37:08,Greece_level_2_final,Ensemble (mean weight) top 3 models_TH_auto_equal_weight,Month+3,0.12,2005-01-01 00:00:00,2024-12-31 00:00:00,2022-01-01 00:00:00,1.0,1.0,1.0,0.0,,0.5,108,0,0,0
2025-11-18 13:37:08,Greece_level_2_final,Ensemble (mean weight) top 3 models_TH_auto_equal_weight,Month+4,0.12,2005-01-01 00:00:00,2024-12-31 00:00:00,2022-01-01 00:00:00,1.0,1.0,1.0,0.0,,0.5,108,0,0,0
2025-11-18 13:37:08,Greece_level_2_final,Ensemble (mean weight) top 3 models_TH_auto_equal_weight,Month+5,0.13,2005-01-01 00:00:00,2024-12-31 00:00:00,2022-01-01 00:00:00,1.0,1.0,1.0,0.0,,0.5,108,0,0,0
2025-11-18 13:37:08,Greece_level_2_final,Ensemble (mean weight) top 3 models_TH_auto_equal_weight,Month+6,0.13,2005-01-01 00:00:00,2024-12-31 00:00:00,2022-01-01 00:00:00,1.0,1.0,1.0,0.0,,0.5,108,0,0,0
2025-11-18 13:38:57,Greece_level_2_final,Ensemble (mean weight) top 4 models_TH_auto_equal_weight,Month+1,0.1,2005-01-01 00:00:00,2024-12-31 00:00:00,2022-01-01 00:00:00,1.0,1.0,1.0,0.0,,0.5,108,0,0,0
2025-11-18 13:38:57,Greece_level_2_final,Ensemble (mean weight) top 4 models_TH_auto_equal_weight,Month+2,0.11,2005-01-01 00:00:00,2024-12-31 00:00:00,2022-01-01 00:00:00,1.0,1.0,1.0,0.0,,0.5,108,0,0,0
2025-11-18 13:38:57,Greece_level_2_final,Ensemble (mean weight) top 4 models_TH_auto_equal_weight,Month+3,0.12,2005-01-01 00:00:00,2024-12-31 00:00:00,2022-01-01 00:00:00,1.0,1.0,1.0,0.0,,0.5,108,0,0,0
2025-11-18 13:38:57,Greece_level_2_final,Ensemble (mean weight) top 4 models_TH_auto_equal_weight,Month+4,0.13,2005-01-01 00:00:00,2024-12-31 00:00:00,2022-01-01 00:00:00,1.0,1.0,1.0,0.0,,0.5,108,0,0,0
2025-11-18 13:38:57,Greece_level_2_final,Ensemble (mean weight) top 4 models_TH_auto_equal_weight,Month+5,0.13,2005-01-01 00:00:00,2024-12-31 00:00:00,2022-01-01 00:00:00,1.0,1.0,1.0,0.0,,0.5,108,0,0,0
2025-11-18 13:38:57,Greece_level_2_final,Ensemble (mean weight) top 4 models_TH_auto_equal_weight,Month+6,0.13,2005-01-01 00:00:00,2024-12-31 00:00:00,2022-01-01 00:00:00,1.0,1.0,1.0,0.0,,0.5,108,0,0,0
2025-11-18 13:40:47,Greece_level_2_final,Ensemble (mean weight) top 5 models_TH_auto_equal_weight,Month+1,0.09,2005-01-01 00:00:00,2024-12-31 00:00:00,2022-01-01 00:00:00,1.0,1.0,1.0,0.0,,0.5,108,0,0,0
2025-11-18 13:40:47,Greece_level_2_final,Ensemble (mean weight) top 5 models_TH_auto_equal_weight,Month+2,0.12,2005-01-01 00:00:00,2024-12-31 00:00:00,2022-01-01 00:00:00,1.0,1.0,1.0,0.0,,0.5,108,0,0,0
2025-11-18 13:40:47,Greece_level_2_final,Ensemble (mean weight) top 5 models_TH_auto_equal_weight,Month+3,0.12,2005-01-01 00:00:00,2024-12-31 00:00:00,2022-01-01 00:00:00,1.0,1.0,1.0,0.0,,0.5,108,0,0,0
2025-11-18 13:40:47,Greece_level_2_final,Ensemble (mean weight) top 5 models_TH_auto_equal_weight,Month+4,0.11,2005-01-01 00:00:00,2024-12-31 00:00:00,2022-01-01 00:00:00,1.0,1.0,1.0,0.0,,0.5,108,0,0,0
2025-11-18 13:40:47,Greece_level_2_final,Ensemble (mean weight) top 5 models_TH_auto_equal_weight,Month+5,0.12,2005-01-01 00:00:00,2024-12-31 00:00:00,2022-01-01 00:00:00,1.0,1.0,1.0,0.0,,0.5,108,0,0,0
2025-11-18 13:40:47,Greece_level_2_final,Ensemble (mean weight) top 5 models_TH_auto_equal_weight,Month+6,0.12,2005-01-01 00:00:00,2024-12-31 00:00:00,2022-01-01 00:00:00,1.0,1.0,1.0,0.0,,0.5,108,0,0,0
2025-11-18 13:42:46,Greece_level_2_final,Ensemble (mean weight) top 6 models_TH_auto_equal_weight,Month+1,0.12,2005-01-01 00:00:00,2024-12-31 00:00:00,2022-01-01 00:00:00,1.0,1.0,1.0,0.0,,0.5,108,0,0,0
2025-11-18 13:42:46,Greece_level_2_final,Ensemble (mean weight) top 6 models_TH_auto_equal_weight,Month+2,0.14,2005-01-01 00:00:00,2024-12-31 00:00:00,2022-01-01 00:00:00,1.0,1.0,1.0,0.0,,0.5,108,0,0,0
2025-11-18 13:42:46,Greece_level_2_final,Ensemble (mean weight) top 6 models_TH_auto_equal_weight,Month+3,0.14,2005-01-01 00:00:00,2024-12-31 00:00:00,2022-01-01 00:00:00,1.0,1.0,1.0,0.0,,0.5,108,0,0,0
2025-11-18 13:42:46,Greece_level_2_final,Ensemble (mean weight) top 6 models_TH_auto_equal_weight,Month+4,0.14,2005-01-01 00:00:00,2024-12-31 00:00:00,2022-01-01 00:00:00,1.0,1.0,1.0,0.0,,0.5,108,0,0,0
2025-11-18 13:42:46,Greece_level_2_final,Ensemble (mean weight) top 6 models_TH_auto_equal_weight,Month+5,0.16,2005-01-01 00:00:00,2024-12-31 00:00:00,2022-01-01 00:00:00,1.0,1.0,1.0,0.0,,0.5,108,0,0,0
2025-11-18 13:42:46,Greece_level_2_final,Ensemble (mean weight) top 6 models_TH_auto_equal_weight,Month+6,0.21,2005-01-01 00:00:00,2024-12-31 00:00:00,2022-01-01 00:00:00,1.0,1.0,1.0,0.0,,0.5,108,0,0,0
2025-11-18 13:45:02,Greece_level_2_final,Ensemble (mean weight) top 7 models_TH_auto_equal_weight,Month+1,0.1,2005-01-01 00:00:00,2024-12-31 00:00:00,2022-01-01 00:00:00,1.0,1.0,1.0,0.0,,0.5,108,0,0,0
2025-11-18 13:45:02,Greece_level_2_final,Ensemble (mean weight) top 7 models_TH_auto_equal_weight,Month+2,0.12,2005-01-01 00:00:00,2024-12-31 00:00:00,2022-01-01 00:00:00,1.0,1.0,1.0,0.0,,0.5,108,0,0,0
2025-11-18 13:45:02,Greece_level_2_final,Ensemble (mean weight) top 7 models_TH_auto_equal_weight,Month+3,0.12,2005-01-01 00:00:00,2024-12-31 00:00:00,2022-01-01 00:00:00,1.0,1.0,1.0,0.0,,0.5,108,0,0,0
2025-11-18 13:45:02,Greece_level_2_final,Ensemble (mean weight) top 7 models_TH_auto_equal_weight,Month+4,0.11,2005-01-01 00:00:00,2024-12-31 00:00:00,2022-01-01 00:00:00,1.0,1.0,1.0,0.0,,0.5,108,0,0,0
2025-11-18 13:45:02,Greece_level_2_final,Ensemble (mean weight) top 7 models_TH_auto_equal_weight,Month+5,0.11,2005-01-01 00:00:00,2024-12-31 00:00:00,2022-01-01 00:00:00,1.0,1.0,1.0,0.0,,0.5,108,0,0,0
2025-11-18 13:45:02,Greece_level_2_final,Ensemble (mean weight) top 7 models_TH_auto_equal_weight,Month+6,0.14,2005-01-01 00:00:00,2024-12-31 00:00:00,2022-01-01 00:00:00,1.0,1.0,1.0,0.0,,0.5,108,0,0,0
2025-11-18 13:47:16,Greece_level_2_final,Ensemble (mean weight) top 8 models_TH_auto_equal_weight,Month+1,0.09,2005-01-01 00:00:00,2024-12-31 00:00:00,2022-01-01 00:00:00,1.0,1.0,1.0,0.0,,0.5,108,0,0,0
2025-11-18 13:47:16,Greece_level_2_final,Ensemble (mean weight) top 8 models_TH_auto_equal_weight,Month+2,0.11,2005-01-01 00:00:00,2024-12-31 00:00:00,2022-01-01 00:00:00,1.0,1.0,1.0,0.0,,0.5,108,0,0,0
2025-11-18 13:47:16,Greece_level_2_final,Ensemble (mean weight) top 8 models_TH_auto_equal_weight,Month+3,0.11,2005-01-01 00:00:00,2024-12-31 00:00:00,2022-01-01 00:00:00,1.0,1.0,1.0,0.0,,0.5,108,0,0,0
2025-11-18 13:47:16,Greece_level_2_final,Ensemble (mean weight) top 8 models_TH_auto_equal_weight,Month+4,0.16,2005-01-01 00:00:00,2024-12-31 00:00:00,2022-01-01 00:00:00,1.0,1.0,1.0,0.0,,0.5,108,0,0,0
2025-11-18 13:47:16,Greece_level_2_final,Ensemble (mean weight) top 8 models_TH_auto_equal_weight,Month+5,0.11,2005-01-01 00:00:00,2024-12-31 00:00:00,2022-01-01 00:00:00,1.0,1.0,1.0,0.0,,0.5,108,0,0,0
2025-11-18 13:47:16,Greece_level_2_final,Ensemble (mean weight) top 8 models_TH_auto_equal_weight,Month+6,0.14,2005-01-01 00:00:00,2024-12-31 00:00:00,2022-01-01 00:00:00,1.0,1.0,1.0,0.0,,0.5,108,0,0,0
2025-11-18 13:48:15,Greece_level_2_final,Ensemble (mean weight) top 3 models_TH_0.5_not_equal_weight,Month+1,0.5,2005-01-01 00:00:00,2024-12-31 00:00:00,2022-01-01 00:00:00,1.0,1.0,1.0,0.0,,0.5,108,0,0,0
2025-11-18 13:48:15,Greece_level_2_final,Ensemble (mean weight) top 3 models_TH_0.5_not_equal_weight,Month+2,0.5,2005-01-01 00:00:00,2024-12-31 00:00:00,2022-01-01 00:00:00,1.0,1.0,1.0,0.0,,0.5,108,0,0,0
2025-11-18 13:48:15,Greece_level_2_final,Ensemble (mean weight) top 3 models_TH_0.5_not_equal_weight,Month+3,0.5,2005-01-01 00:00:00,2024-12-31 00:00:00,2022-01-01 00:00:00,1.0,1.0,1.0,0.0,,0.5,108,0,0,0
2025-11-18 13:48:15,Greece_level_2_final,Ensemble (mean weight) top 3 models_TH_0.5_not_equal_weight,Month+4,0.5,2005-01-01 00:00:00,2024-12-31 00:00:00,2022-01-01 00:00:00,1.0,1.0,1.0,0.0,,0.5,108,0,0,0
2025-11-18 13:48:15,Greece_level_2_final,Ensemble (mean weight) top 3 models_TH_0.5_not_equal_weight,Month+5,0.5,2005-01-01 00:00:00,2024-12-31 00:00:00,2022-01-01 00:00:00,1.0,1.0,1.0,0.0,,0.5,108,0,0,0
2025-11-18 13:48:15,Greece_level_2_final,Ensemble (mean weight) top 3 models_TH_0.5_not_equal_weight,Month+6,0.5,2005-01-01 00:00:00,2024-12-31 00:00:00,2022-01-01 00:00:00,1.0,1.0,1.0,0.0,,0.5,108,0,0,0
2025-11-18 13:49:18,Greece_level_2_final,Ensemble (mean weight) top 4 models_TH_0.5_not_equal_weight,Month+1,0.5,2005-01-01 00:00:00,2024-12-31 00:00:00,2022-01-01 00:00:00,1.0,1.0,1.0,0.0,,0.5,108,0,0,0
2025-11-18 13:49:18,Greece_level_2_final,Ensemble (mean weight) top 4 models_TH_0.5_not_equal_weight,Month+2,0.5,2005-01-01 00:00:00,2024-12-31 00:00:00,2022-01-01 00:00:00,1.0,1.0,1.0,0.0,,0.5,108,0,0,0
2025-11-18 13:49:18,Greece_level_2_final,Ensemble (mean weight) top 4 models_TH_0.5_not_equal_weight,Month+3,0.5,2005-01-01 00:00:00,2024-12-31 00:00:00,2022-01-01 00:00:00,1.0,1.0,1.0,0.0,,0.5,108,0,0,0
2025-11-18 13:49:18,Greece_level_2_final,Ensemble (mean weight) top 4 models_TH_0.5_not_equal_weight,Month+4,0.5,2005-01-01 00:00:00,2024-12-31 00:00:00,2022-01-01 00:00:00,1.0,1.0,1.0,0.0,,0.5,108,0,0,0
2025-11-18 13:49:18,Greece_level_2_final,Ensemble (mean weight) top 4 models_TH_0.5_not_equal_weight,Month+5,0.5,2005-01-01 00:00:00,2024-12-31 00:00:00,2022-01-01 00:00:00,1.0,1.0,1.0,0.0,,0.5,108,0,0,0
2025-11-18 13:49:18,Greece_level_2_final,Ensemble (mean weight) top 4 models_TH_0.5_not_equal_weight,Month+6,0.5,2005-01-01 00:00:00,2024-12-31 00:00:00,2022-01-01 00:00:00,1.0,1.0,1.0,0.0,,0.5,108,0,0,0
2025-11-18 13:50:29,Greece_level_2_final,Ensemble (mean weight) top 5 models_TH_0.5_not_equal_weight,Month+1,0.5,2005-01-01 00:00:00,2024-12-31 00:00:00,2022-01-01 00:00:00,1.0,1.0,1.0,0.0,,0.5,108,0,0,0
2025-11-18 13:50:29,Greece_level_2_final,Ensemble (mean weight) top 5 models_TH_0.5_not_equal_weight,Month+2,0.5,2005-01-01 00:00:00,2024-12-31 00:00:00,2022-01-01 00:00:00,1.0,1.0,1.0,0.0,,0.5,108,0,0,0
2025-11-18 13:50:29,Greece_level_2_final,Ensemble (mean weight) top 5 models_TH_0.5_not_equal_weight,Month+3,0.5,2005-01-01 00:00:00,2024-12-31 00:00:00,2022-01-01 00:00:00,1.0,1.0,1.0,0.0,,0.5,108,0,0,0
2025-11-18 13:50:29,Greece_level_2_final,Ensemble (mean weight) top 5 models_TH_0.5_not_equal_weight,Month+4,0.5,2005-01-01 00:00:00,2024-12-31 00:00:00,2022-01-01 00:00:00,0.985,1.0,0.981,0.0,,0.5,106,0,0,2
2025-11-18 13:50:29,Greece_level_2_final,Ensemble (mean weight) top 5 models_TH_0.5_not_equal_weight,Month+5,0.5,2005-01-01 00:00:00,2024-12-31 00:00:00,2022-01-01 00:00:00,0.963,1.0,0.954,0.0,,0.5,103,0,0,5
2025-11-18 13:50:29,Greece_level_2_final,Ensemble (mean weight) top 5 models_TH_0.5_not_equal_weight,Month+6,0.5,2005-01-01 00:00:00,2024-12-31 00:00:00,2022-01-01 00:00:00,1.0,1.0,1.0,0.0,,0.5,108,0,0,0
2025-11-18 13:51:42,Greece_level_2_final,Ensemble (mean weight) top 6 models_TH_0.5_not_equal_weight,Month+1,0.5,2005-01-01 00:00:00,2024-12-31 00:00:00,2022-01-01 00:00:00,1.0,1.0,1.0,0.0,,0.5,108,0,0,0
2025-11-18 13:51:42,Greece_level_2_final,Ensemble (mean weight) top 6 models_TH_0.5_not_equal_weight,Month+2,0.5,2005-01-01 00:00:00,2024-12-31 00:00:00,2022-01-01 00:00:00,1.0,1.0,1.0,0.0,,0.5,108,0,0,0
2025-11-18 13:51:42,Greece_level_2_final,Ensemble (mean weight) top 6 models_TH_0.5_not_equal_weight,Month+3,0.5,2005-01-01 00:00:00,2024-12-31 00:00:00,2022-01-01 00:00:00,1.0,1.0,1.0,0.0,,0.5,108,0,0,0
2025-11-18 13:51:42,Greece_level_2_final,Ensemble (mean weight) top 6 models_TH_0.5_not_equal_weight,Month+4,0.5,2005-01-01 00:00:00,2024-12-31 00:00:00,2022-01-01 00:00:00,1.0,1.0,1.0,0.0,,0.5,108,0,0,0
2025-11-18 13:51:42,Greece_level_2_final,Ensemble (mean weight) top 6 models_TH_0.5_not_equal_weight,Month+5,0.5,2005-01-01 00:00:00,2024-12-31 00:00:00,2022-01-01 00:00:00,1.0,1.0,1.0,0.0,,0.5,108,0,0,0
2025-11-18 13:51:42,Greece_level_2_final,Ensemble (mean weight) top 6 models_TH_0.5_not_equal_weight,Month+6,0.5,2005-01-01 00:00:00,2024-12-31 00:00:00,2022-01-01 00:00:00,1.0,1.0,1.0,0.0,,0.5,108,0,0,0
2025-11-18 13:53:04,Greece_level_2_final,Ensemble (mean weight) top 7 models_TH_0.5_not_equal_weight,Month+1,0.5,2005-01-01 00:00:00,2024-12-31 00:00:00,2022-01-01 00:00:00,1.0,1.0,1.0,0.0,,0.5,108,0,0,0
2025-11-18 13:53:04,Greece_level_2_final,Ensemble (mean weight) top 7 models_TH_0.5_not_equal_weight,Month+2,0.5,2005-01-01 00:00:00,2024-12-31 00:00:00,2022-01-01 00:00:00,1.0,1.0,1.0,0.0,,0.5,108,0,0,0
2025-11-18 13:53:04,Greece_level_2_final,Ensemble (mean weight) top 7 models_TH_0.5_not_equal_weight,Month+3,0.5,2005-01-01 00:00:00,2024-12-31 00:00:00,2022-01-01 00:00:00,1.0,1.0,1.0,0.0,,0.5,108,0,0,0
2025-11-18 13:53:04,Greece_level_2_final,Ensemble (mean weight) top 7 models_TH_0.5_not_equal_weight,Month+4,0.5,2005-01-01 00:00:00,2024-12-31 00:00:00,2022-01-01 00:00:00,1.0,1.0,1.0,0.0,,0.5,108,0,0,0
2025-11-18 13:53:04,Greece_level_2_final,Ensemble (mean weight) top 7 models_TH_0.5_not_equal_weight,Month+5,0.5,2005-01-01 00:00:00,2024-12-31 00:00:00,2022-01-01 00:00:00,1.0,1.0,1.0,0.0,,0.5,108,0,0,0
2025-11-18 13:53:04,Greece_level_2_final,Ensemble (mean weight) top 7 models_TH_0.5_not_equal_weight,Month+6,0.5,2005-01-01 00:00:00,2024-12-31 00:00:00,2022-01-01 00:00:00,1.0,1.0,1.0,0.0,,0.5,108,0,0,0
2025-11-18 13:54:37,Greece_level_2_final,Ensemble (mean weight) top 8 models_TH_0.5_not_equal_weight,Month+1,0.500,2005-01-01 00:00:00,2024-12-31 00:00:00,2022-01-01 00:00:00,1.000,1.000,1.000,0.000,nan,0.500,108,0,0,0
2025-11-18 13:54:37,Greece_level_2_final,Ensemble (mean weight) top 8 models_TH_0.5_not_equal_weight,Month+2,0.500,2005-01-01 00:00:00,2024-12-31 00:00:00,2022-01-01 00:00:00,1.000,1.000,1.000,0.000,nan,0.500,108,0,0,0
2025-11-18 13:54:37,Greece_level_2_final,Ensemble (mean weight) top 8 models_TH_0.5_not_equal_weight,Month+3,0.500,2005-01-01 00:00:00,2024-12-31 00:00:00,2022-01-01 00:00:00,1.000,1.000,1.000,0.000,nan,0.500,108,0,0,0
2025-11-18 13:54:37,Greece_level_2_final,Ensemble (mean weight) top 8 models_TH_0.5_not_equal_weight,Month+4,0.500,2005-01-01 00:00:00,2024-12-31 00:00:00,2022-01-01 00:00:00,1.000,1.000,1.000,0.000,nan,0.500,108,0,0,0
2025-11-18 13:54:37,Greece_level_2_final,Ensemble (mean weight) top 8 models_TH_0.5_not_equal_weight,Month+5,0.500,2005-01-01 00:00:00,2024-12-31 00:00:00,2022-01-01 00:00:00,1.000,1.000,1.000,0.000,nan,0.500,108,0,0,0
2025-11-18 13:54:37,Greece_level_2_final,Ensemble (mean weight) top 8 models_TH_0.5_not_equal_weight,Month+6,0.500,2005-01-01 00:00:00,2024-12-31 00:00:00,2022-01-01 00:00:00,1.000,1.000,1.000,0.000,nan,0.500,108,0,0,0
2025-11-18 11:25:45,Italy_level_2_final,Ensemble (mean weight) top 3 models_TH_auto_not_equal_weight,Month+1,0.84,2005-01-01 00:00:00,2024-12-31 00:00:00,2022-01-01 00:00:00,0.948,0.917,0.957,0.93,0.995,0.974,44,450,4,2
2025-11-18 11:25:45,Italy_level_2_final,Ensemble (mean weight) top 3 models_TH_auto_not_equal_weight,Month+2,0.87,2005-01-01 00:00:00,2024-12-31 00:00:00,2022-01-01 00:00:00,0.851,0.851,0.851,0.836,0.967,0.918,40,446,7,7
2025-11-18 11:25:45,Italy_level_2_final,Ensemble (mean weight) top 3 models_TH_auto_not_equal_weight,Month+3,0.05,2005-01-01 00:00:00,2024-12-31 00:00:00,2022-01-01 00:00:00,0.661,0.376,0.815,0.477,0.904,0.826,44,373,73,10
2025-11-18 11:25:45,Italy_level_2_final,Ensemble (mean weight) top 3 models_TH_auto_not_equal_weight,Month+4,0.15,2005-01-01 00:00:00,2024-12-31 00:00:00,2022-01-01 00:00:00,0.641,0.574,0.66,0.566,0.826,0.801,35,421,26,18
2025-11-18 11:25:45,Italy_level_2_final,Ensemble (mean weight) top 3 models_TH_auto_not_equal_weight,Month+5,0.16,2005-01-01 00:00:00,2024-12-31 00:00:00,2022-01-01 00:00:00,0.515,0.228,0.75,0.293,0.808,0.728,39,316,132,13
2025-11-18 11:25:45,Italy_level_2_final,Ensemble (mean weight) top 3 models_TH_auto_not_equal_weight,Month+6,0.25,2005-01-01 00:00:00,2024-12-31 00:00:00,2022-01-01 00:00:00,0.556,0.429,0.6,0.442,0.792,0.756,30,410,40,20
2025-11-18 11:30:19,Italy_level_2_final,Ensemble (mean weight) top 4 models_TH_auto_not_equal_weight,Month+1,0.86,2005-01-01 00:00:00,2024-12-31 00:00:00,2022-01-01 00:00:00,0.948,0.917,0.957,0.93,0.995,0.974,44,450,4,2
2025-11-18 11:30:19,Italy_level_2_final,Ensemble (mean weight) top 4 models_TH_auto_not_equal_weight,Month+2,0.85,2005-01-01 00:00:00,2024-12-31 00:00:00,2022-01-01 00:00:00,0.851,0.851,0.851,0.836,0.964,0.918,40,446,7,7
2025-11-18 11:30:19,Italy_level_2_final,Ensemble (mean weight) top 4 models_TH_auto_not_equal_weight,Month+3,0.17,2005-01-01 00:00:00,2024-12-31 00:00:00,2022-01-01 00:00:00,0.674,0.706,0.667,0.649,0.901,0.817,36,431,15,18
2025-11-18 11:30:19,Italy_level_2_final,Ensemble (mean weight) top 4 models_TH_auto_not_equal_weight,Month+4,0.12,2005-01-01 00:00:00,2024-12-31 00:00:00,2022-01-01 00:00:00,0.604,0.336,0.755,0.418,0.838,0.789,40,368,79,13
2025-11-18 11:30:19,Italy_level_2_final,Ensemble (mean weight) top 4 models_TH_auto_not_equal_weight,Month+5,0.23,2005-01-01 00:00:00,2024-12-31 00:00:00,2022-01-01 00:00:00,0.551,0.267,0.75,0.343,0.807,0.756,39,341,107,13
2025-11-18 11:30:19,Italy_level_2_final,Ensemble (mean weight) top 4 models_TH_auto_not_equal_weight,Month+6,0.28,2005-01-01 00:00:00,2024-12-31 00:00:00,2022-01-01 00:00:00,0.538,0.293,0.68,0.354,0.787,0.749,34,368,82,16
2025-11-18 11:35:24,Italy_level_2_final,Ensemble (mean weight) top 5 models_TH_auto_not_equal_weight,Month+1,0.78,2005-01-01 00:00:00,2024-12-31 00:00:00,2022-01-01 00:00:00,0.948,0.917,0.957,0.93,0.996,0.974,44,450,4,2
2025-11-18 11:35:24,Italy_level_2_final,Ensemble (mean weight) top 5 models_TH_auto_not_equal_weight,Month+2,0.81,2005-01-01 00:00:00,2024-12-31 00:00:00,2022-01-01 00:00:00,0.847,0.833,0.851,0.826,0.969,0.917,40,445,8,7
2025-11-18 11:35:24,Italy_level_2_final,Ensemble (mean weight) top 5 models_TH_auto_not_equal_weight,Month+3,0.06,2005-01-01 00:00:00,2024-12-31 00:00:00,2022-01-01 00:00:00,0.698,0.467,0.796,0.55,0.912,0.843,43,397,49,11
2025-11-18 11:35:24,Italy_level_2_final,Ensemble (mean weight) top 5 models_TH_auto_not_equal_weight,Month+4,0.11,2005-01-01 00:00:00,2024-12-31 00:00:00,2022-01-01 00:00:00,0.601,0.318,0.774,0.406,0.842,0.788,41,359,88,12
2025-11-18 11:35:24,Italy_level_2_final,Ensemble (mean weight) top 5 models_TH_auto_not_equal_weight,Month+5,0.47,2005-01-01 00:00:00,2024-12-31 00:00:00,2022-01-01 00:00:00,0.573,0.644,0.558,0.557,0.799,0.761,29,432,16,23
2025-11-18 11:35:24,Italy_level_2_final,Ensemble (mean weight) top 5 models_TH_auto_not_equal_weight,Month+6,0.19,2005-01-01 00:00:00,2024-12-31 00:00:00,2022-01-01 00:00:00,0.543,0.245,0.78,0.331,0.785,0.757,39,330,120,11
2025-11-18 11:41:24,Italy_level_2_final,Ensemble (mean weight) top 6 models_TH_auto_not_equal_weight,Month+1,0.75,2005-01-01 00:00:00,2024-12-31 00:00:00,2022-01-01 00:00:00,0.948,0.917,0.957,0.93,0.996,0.974,44,450,4,2
2025-11-18 11:41:24,Italy_level_2_final,Ensemble (mean weight) top 6 models_TH_auto_not_equal_weight,Month+2,0.8,2005-01-01 00:00:00,2024-12-31 00:00:00,2022-01-01 00:00:00,0.833,0.848,0.83,0.822,0.967,0.907,39,446,7,8
2025-11-18 11:41:24,Italy_level_2_final,Ensemble (mean weight) top 6 models_TH_auto_not_equal_weight,Month+3,0.05,2005-01-01 00:00:00,2024-12-31 00:00:00,2022-01-01 00:00:00,0.656,0.331,0.87,0.452,0.911,0.829,47,351,95,7
2025-11-18 11:41:24,Italy_level_2_final,Ensemble (mean weight) top 6 models_TH_auto_not_equal_weight,Month+4,0.11,2005-01-01 00:00:00,2024-12-31 00:00:00,2022-01-01 00:00:00,0.556,0.246,0.811,0.333,0.856,0.758,43,315,132,10
2025-11-18 11:41:24,Italy_level_2_final,Ensemble (mean weight) top 6 models_TH_auto_not_equal_weight,Month+5,0.18,2005-01-01 00:00:00,2024-12-31 00:00:00,2022-01-01 00:00:00,0.623,0.444,0.692,0.49,0.815,0.796,36,403,45,16
2025-11-18 11:41:24,Italy_level_2_final,Ensemble (mean weight) top 6 models_TH_auto_not_equal_weight,Month+6,0.11,2005-01-01 00:00:00,2024-12-31 00:00:00,2022-01-01 00:00:00,0.465,0.178,0.78,0.23,0.797,0.69,39,270,180,11
2025-11-18 11:46:14,Italy_level_2_final,Ensemble (mean weight) top 7 models_TH_auto_not_equal_weight,Month+1,0.68,2005-01-01 00:00:00,2024-12-31 00:00:00,2022-01-01 00:00:00,0.948,0.917,0.957,0.93,0.995,0.974,44,450,4,2
2025-11-18 11:46:14,Italy_level_2_final,Ensemble (mean weight) top 7 models_TH_auto_not_equal_weight,Month+2,0.77,2005-01-01 00:00:00,2024-12-31 00:00:00,2022-01-01 00:00:00,0.847,0.833,0.851,0.826,0.967,0.917,40,445,8,7
2025-11-18 11:46:14,Italy_level_2_final,Ensemble (mean weight) top 7 models_TH_auto_not_equal_weight,Month+3,0.06,2005-01-01 00:00:00,2024-12-31 00:00:00,2022-01-01 00:00:00,0.679,0.407,0.815,0.506,0.912,0.836,44,382,64,10
2025-11-18 11:46:14,Italy_level_2_final,Ensemble (mean weight) top 7 models_TH_auto_not_equal_weight,Month+4,0.11,2005-01-01 00:00:00,2024-12-31 00:00:00,2022-01-01 00:00:00,0.6,0.304,0.792,0.398,0.856,0.789,42,351,96,11
2025-11-18 11:46:14,Italy_level_2_final,Ensemble (mean weight) top 7 models_TH_auto_not_equal_weight,Month+5,0.17,2005-01-01 00:00:00,2024-12-31 00:00:00,2022-01-01 00:00:00,0.623,0.653,0.615,0.593,0.816,0.789,32,431,17,20
2025-11-18 11:46:14,Italy_level_2_final,Ensemble (mean weight) top 7 models_TH_auto_not_equal_weight,Month+6,0.08,2005-01-01 00:00:00,2024-12-31 00:00:00,2022-01-01 00:00:00,0.5,0.2,0.8,0.272,0.805,0.722,40,290,160,10
2025-11-18 11:51:46,Italy_level_2_final,Ensemble (mean weight) top 8 models_TH_auto_not_equal_weight,Month+1,0.65,2005-01-01 00:00:00,2024-12-31 00:00:00,2022-01-01 00:00:00,0.948,0.917,0.957,0.93,0.995,0.974,44,450,4,2
2025-11-18 11:51:46,Italy_level_2_final,Ensemble (mean weight) top 8 models_TH_auto_not_equal_weight,Month+2,0.74,2005-01-01 00:00:00,2024-12-31 00:00:00,2022-01-01 00:00:00,0.847,0.833,0.851,0.826,0.962,0.917,40,445,8,7
2025-11-18 11:51:46,Italy_level_2_final,Ensemble (mean weight) top 8 models_TH_auto_not_equal_weight,Month+3,0.05,2005-01-01 00:00:00,2024-12-31 00:00:00,2022-01-01 00:00:00,0.542,0.204,0.926,0.303,0.904,0.744,50,251,195,4
2025-11-18 11:51:46,Italy_level_2_final,Ensemble (mean weight) top 8 models_TH_auto_not_equal_weight,Month+4,0.08,2005-01-01 00:00:00,2024-12-31 00:00:00,2022-01-01 00:00:00,0.574,0.273,0.792,0.361,0.842,0.771,42,335,112,11
2025-11-18 11:51:46,Italy_level_2_final,Ensemble (mean weight) top 8 models_TH_auto_not_equal_weight,Month+5,0.2,2005-01-01 00:00:00,2024-12-31 00:00:00,2022-01-01 00:00:00,0.603,0.459,0.654,0.485,0.819,0.782,34,408,40,18
2025-11-18 11:51:46,Italy_level_2_final,Ensemble (mean weight) top 8 models_TH_auto_not_equal_weight,Month+6,0.1,2005-01-01 00:00:00,2024-12-31 00:00:00,2022-01-01 00:00:00,0.541,0.298,0.68,0.359,0.794,0.751,34,370,80,16
2025-11-18 11:54:00,Italy_level_2_final,Ensemble (mean weight) top 3 model_TH_0.5_equal_weights,Month+1,0.5,2005-01-01 00:00:00,2024-12-31 00:00:00,2022-01-01 00:00:00,0.948,0.917,0.957,0.93,0.995,0.974,44,450,4,2
2025-11-18 11:54:00,Italy_level_2_final,Ensemble (mean weight) top 3 model_TH_0.5_equal_weights,Month+2,0.5,2005-01-01 00:00:00,2024-12-31 00:00:00,2022-01-01 00:00:00,0.847,0.833,0.851,0.826,0.965,0.917,40,445,8,7
2025-11-18 11:54:00,Italy_level_2_final,Ensemble (mean weight) top 3 model_TH_0.5_equal_weights,Month+3,0.5,2005-01-01 00:00:00,2024-12-31 00:00:00,2022-01-01 00:00:00,0.682,0.75,0.667,0.674,0.903,0.82,36,434,12,18
2025-11-18 11:54:00,Italy_level_2_final,Ensemble (mean weight) top 3 model_TH_0.5_equal_weights,Month+4,0.5,2005-01-01 00:00:00,2024-12-31 00:00:00,2022-01-01 00:00:00,0.635,0.688,0.623,0.616,0.839,0.795,33,432,15,20
2025-11-18 11:54:00,Italy_level_2_final,Ensemble (mean weight) top 3 model_TH_0.5_equal_weights,Month+5,0.5,2005-01-01 00:00:00,2024-12-31 00:00:00,2022-01-01 00:00:00,0.618,0.627,0.615,0.578,0.807,0.786,32,429,19,20
2025-11-18 11:54:00,Italy_level_2_final,Ensemble (mean weight) top 3 model_TH_0.5_equal_weights,Month+6,0.5,2005-01-01 00:00:00,2024-12-31 00:00:00,2022-01-01 00:00:00,0.581,0.517,0.6,0.504,0.794,0.769,30,422,28,20
2025-11-18 11:58:27,Italy_level_2_final,Ensemble (mean weight) top 4 model_TH_0.5_equal_weights,Month+1,0.5,2005-01-01 00:00:00,2024-12-31 00:00:00,2022-01-01 00:00:00,0.94,0.88,0.957,0.909,0.996,0.972,44,448,6,2
2025-11-18 11:58:27,Italy_level_2_final,Ensemble (mean weight) top 4 model_TH_0.5_equal_weights,Month+2,0.5,2005-01-01 00:00:00,2024-12-31 00:00:00,2022-01-01 00:00:00,0.84,0.8,0.851,0.806,0.962,0.914,40,443,10,7
2025-11-18 11:58:27,Italy_level_2_final,Ensemble (mean weight) top 4 model_TH_0.5_equal_weights,Month+3,0.5,2005-01-01 00:00:00,2024-12-31 00:00:00,2022-01-01 00:00:00,0.677,0.72,0.667,0.657,0.9,0.818,36,432,14,18
2025-11-18 11:58:27,Italy_level_2_final,Ensemble (mean weight) top 4 model_TH_0.5_equal_weights,Month+4,0.5,2005-01-01 00:00:00,2024-12-31 00:00:00,2022-01-01 00:00:00,0.646,0.667,0.642,0.614,0.843,0.802,34,430,17,19
2025-11-18 11:58:27,Italy_level_2_final,Ensemble (mean weight) top 4 model_TH_0.5_equal_weights,Month+5,0.5,2005-01-01 00:00:00,2024-12-31 00:00:00,2022-01-01 00:00:00,0.63,0.611,0.635,0.578,0.81,0.794,33,427,21,19
2025-11-18 11:58:27,Italy_level_2_final,Ensemble (mean weight) top 4 model_TH_0.5_equal_weights,Month+6,0.5,2005-01-01 00:00:00,2024-12-31 00:00:00,2022-01-01 00:00:00,0.57,0.476,0.6,0.476,0.797,0.763,30,417,33,20
2025-11-18 12:02:34,Italy_level_2_final,Ensemble (mean weight) top 5 model_TH_0.5_equal_weights,Month+1,0.5,2005-01-01 00:00:00,2024-12-31 00:00:00,2022-01-01 00:00:00,0.936,0.863,0.957,0.899,0.996,0.971,44,447,7,2
2025-11-18 12:02:34,Italy_level_2_final,Ensemble (mean weight) top 5 model_TH_0.5_equal_weights,Month+2,0.5,2005-01-01 00:00:00,2024-12-31 00:00:00,2022-01-01 00:00:00,0.819,0.78,0.83,0.784,0.957,0.903,39,442,11,8
2025-11-18 12:02:34,Italy_level_2_final,Ensemble (mean weight) top 5 model_TH_0.5_equal_weights,Month+3,0.5,2005-01-01 00:00:00,2024-12-31 00:00:00,2022-01-01 00:00:00,0.658,0.7,0.648,0.636,0.894,0.807,35,431,15,19
2025-11-18 12:02:34,Italy_level_2_final,Ensemble (mean weight) top 5 model_TH_0.5_equal_weights,Month+4,0.5,2005-01-01 00:00:00,2024-12-31 00:00:00,2022-01-01 00:00:00,0.646,0.667,0.642,0.614,0.843,0.802,34,430,17,19
2025-11-18 12:02:34,Italy_level_2_final,Ensemble (mean weight) top 5 model_TH_0.5_equal_weights,Month+5,0.5,2005-01-01 00:00:00,2024-12-31 00:00:00,2022-01-01 00:00:00,0.618,0.627,0.615,0.578,0.807,0.786,32,429,19,20
2025-11-18 12:02:34,Italy_level_2_final,Ensemble (mean weight) top 5 model_TH_0.5_equal_weights,Month+6,0.5,2005-01-01 00:00:00,2024-12-31 00:00:00,2022-01-01 00:00:00,0.578,0.569,0.58,0.526,0.796,0.766,29,428,22,21
2025-11-18 12:06:40,Italy_level_2_final,Ensemble (mean weight) top 6 model_TH_0.5_equal_weights,Month+1,0.5,2005-01-01 00:00:00,2024-12-31 00:00:00,2022-01-01 00:00:00,0.948,0.917,0.957,0.93,0.995,0.974,44,450,4,2
2025-11-18 12:06:40,Italy_level_2_final,Ensemble (mean weight) top 6 model_TH_0.5_equal_weights,Month+2,0.5,2005-01-01 00:00:00,2024-12-31 00:00:00,2022-01-01 00:00:00,0.847,0.833,0.851,0.826,0.961,0.917,40,445,8,7
2025-11-18 12:06:40,Italy_level_2_final,Ensemble (mean weight) top 6 model_TH_0.5_equal_weights,Month+3,0.5,2005-01-01 00:00:00,2024-12-31 00:00:00,2022-01-01 00:00:00,0.682,0.75,0.667,0.674,0.9,0.82,36,434,12,18
2025-11-18 12:06:40,Italy_level_2_final,Ensemble (mean weight) top 6 model_TH_0.5_equal_weights,Month+4,0.5,2005-01-01 00:00:00,2024-12-31 00:00:00,2022-01-01 00:00:00,0.635,0.688,0.623,0.616,0.838,0.795,33,432,15,20
2025-11-18 12:06:40,Italy_level_2_final,Ensemble (mean weight) top 6 model_TH_0.5_equal_weights,Month+5,0.5,2005-01-01 00:00:00,2024-12-31 00:00:00,2022-01-01 00:00:00,0.623,0.653,0.615,0.593,0.811,0.789,32,431,17,20
2025-11-18 12:06:40,Italy_level_2_final,Ensemble (mean weight) top 6 model_TH_0.5_equal_weights,Month+6,0.5,2005-01-01 00:00:00,2024-12-31 00:00:00,2022-01-01 00:00:00,0.585,0.604,0.58,0.548,0.803,0.769,29,431,19,21
2025-11-18 12:11:35,Italy_level_2_final,Ensemble (mean weight) top 7 model_TH_0.5_equal_weights,Month+1,0.5,2005-01-01 00:00:00,2024-12-31 00:00:00,2022-01-01 00:00:00,0.948,0.917,0.957,0.93,0.995,0.974,44,450,4,2
2025-11-18 12:11:35,Italy_level_2_final,Ensemble (mean weight) top 7 model_TH_0.5_equal_weights,Month+2,0.5,2005-01-01 00:00:00,2024-12-31 00:00:00,2022-01-01 00:00:00,0.847,0.833,0.851,0.826,0.961,0.917,40,445,8,7
2025-11-18 12:11:35,Italy_level_2_final,Ensemble (mean weight) top 7 model_TH_0.5_equal_weights,Month+3,0.5,2005-01-01 00:00:00,2024-12-31 00:00:00,2022-01-01 00:00:00,0.682,0.75,0.667,0.674,0.899,0.82,36,434,12,18
2025-11-18 12:11:35,Italy_level_2_final,Ensemble (mean weight) top 7 model_TH_0.5_equal_weights,Month+4,0.5,2005-01-01 00:00:00,2024-12-31 00:00:00,2022-01-01 00:00:00,0.635,0.688,0.623,0.616,0.837,0.795,33,432,15,20
2025-11-18 12:11:35,Italy_level_2_final,Ensemble (mean weight) top 7 model_TH_0.5_equal_weights,Month+5,0.5,2005-01-01 00:00:00,2024-12-31 00:00:00,2022-01-01 00:00:00,0.605,0.646,0.596,0.578,0.81,0.779,31,431,17,21
2025-11-18 12:11:35,Italy_level_2_final,Ensemble (mean weight) top 7 model_TH_0.5_equal_weights,Month+6,0.5,2005-01-01 00:00:00,2024-12-31 00:00:00,2022-01-01 00:00:00,0.587,0.617,0.58,0.555,0.801,0.77,29,432,18,21
2025-11-18 12:16:48,Italy_level_2_final,Ensemble (mean weight) top 8 model_TH_0.5_equal_weights,Month+1,0.5,2005-01-01 00:00:00,2024-12-31 00:00:00,2022-01-01 00:00:00,0.948,0.917,0.957,0.93,0.996,0.974,44,450,4,2
2025-11-18 12:16:48,Italy_level_2_final,Ensemble (mean weight) top 8 model_TH_0.5_equal_weights,Month+2,0.5,2005-01-01 00:00:00,2024-12-31 00:00:00,2022-01-01 00:00:00,0.847,0.833,0.851,0.826,0.964,0.917,40,445,8,7
2025-11-18 12:16:48,Italy_level_2_final,Ensemble (mean weight) top 8 model_TH_0.5_equal_weights,Month+3,0.5,2005-01-01 00:00:00,2024-12-31 00:00:00,2022-01-01 00:00:00,0.682,0.75,0.667,0.674,0.902,0.82,36,434,12,18
2025-11-18 12:16:48,Italy_level_2_final,Ensemble (mean weight) top 8 model_TH_0.5_equal_weights,Month+4,0.5,2005-01-01 00:00:00,2024-12-31 00:00:00,2022-01-01 00:00:00,0.635,0.688,0.623,0.616,0.837,0.795,33,432,15,20
2025-11-18 12:16:48,Italy_level_2_final,Ensemble (mean weight) top 8 model_TH_0.5_equal_weights,Month+5,0.5,2005-01-01 00:00:00,2024-12-31 00:00:00,2022-01-01 00:00:00,0.605,0.646,0.596,0.578,0.81,0.779,31,431,17,21
2025-11-18 12:16:48,Italy_level_2_final,Ensemble (mean weight) top 8 model_TH_0.5_equal_weights,Month+6,0.5,2005-01-01 00:00:00,2024-12-31 00:00:00,2022-01-01 00:00:00,0.587,0.617,0.58,0.555,0.801,0.77,29,432,18,21
2025-11-18 12:22:15,Italy_level_2_final,Ensemble (mean weight) top 3 models_TH_auto_equal_weight,Month+1,0.84,2005-01-01 00:00:00,2024-12-31 00:00:00,2022-01-01 00:00:00,0.948,0.917,0.957,0.93,0.995,0.974,44,450,4,2
2025-11-18 12:22:15,Italy_level_2_final,Ensemble (mean weight) top 3 models_TH_auto_equal_weight,Month+2,0.87,2005-01-01 00:00:00,2024-12-31 00:00:00,2022-01-01 00:00:00,0.851,0.851,0.851,0.836,0.966,0.918,40,446,7,7
2025-11-18 12:22:15,Italy_level_2_final,Ensemble (mean weight) top 3 models_TH_auto_equal_weight,Month+3,0.05,2005-01-01 00:00:00,2024-12-31 00:00:00,2022-01-01 00:00:00,0.695,0.4,0.852,0.514,0.901,0.849,46,377,69,8
2025-11-18 12:22:15,Italy_level_2_final,Ensemble (mean weight) top 3 models_TH_auto_equal_weight,Month+4,0.15,2005-01-01 00:00:00,2024-12-31 00:00:00,2022-01-01 00:00:00,0.653,0.481,0.717,0.528,0.83,0.813,38,406,41,15
2025-11-18 12:22:15,Italy_level_2_final,Ensemble (mean weight) top 3 models_TH_auto_equal_weight,Month+5,0.16,2005-01-01 00:00:00,2024-12-31 00:00:00,2022-01-01 00:00:00,0.586,0.364,0.692,0.423,0.807,0.776,36,385,63,16
2025-11-18 12:22:15,Italy_level_2_final,Ensemble (mean weight) top 3 models_TH_auto_equal_weight,Month+6,0.25,2005-01-01 00:00:00,2024-12-31 00:00:00,2022-01-01 00:00:00,0.569,0.395,0.64,0.432,0.794,0.766,32,401,49,18
2025-11-18 12:28:15,Italy_level_2_final,Ensemble (mean weight) top 4 models_TH_auto_equal_weight,Month+1,0.86,2005-01-01 00:00:00,2024-12-31 00:00:00,2022-01-01 00:00:00,0.948,0.917,0.957,0.93,0.995,0.974,44,450,4,2
2025-11-18 12:28:15,Italy_level_2_final,Ensemble (mean weight) top 4 models_TH_auto_equal_weight,Month+2,0.85,2005-01-01 00:00:00,2024-12-31 00:00:00,2022-01-01 00:00:00,0.847,0.833,0.851,0.826,0.965,0.917,40,445,8,7
2025-11-18 12:28:15,Italy_level_2_final,Ensemble (mean weight) top 4 models_TH_auto_equal_weight,Month+3,0.17,2005-01-01 00:00:00,2024-12-31 00:00:00,2022-01-01 00:00:00,0.699,0.619,0.722,0.625,0.901,0.834,39,422,24,15
2025-11-18 12:28:15,Italy_level_2_final,Ensemble (mean weight) top 4 models_TH_auto_equal_weight,Month+4,0.12,2005-01-01 00:00:00,2024-12-31 00:00:00,2022-01-01 00:00:00,0.573,0.292,0.755,0.371,0.836,0.769,40,350,97,13
2025-11-18 12:28:15,Italy_level_2_final,Ensemble (mean weight) top 4 models_TH_auto_equal_weight,Month+5,0.23,2005-01-01 00:00:00,2024-12-31 00:00:00,2022-01-01 00:00:00,0.61,0.414,0.692,0.466,0.806,0.789,36,397,51,16
2025-11-18 12:28:15,Italy_level_2_final,Ensemble (mean weight) top 4 models_TH_auto_equal_weight,Month+6,0.28,2005-01-01 00:00:00,2024-12-31 00:00:00,2022-01-01 00:00:00,0.575,0.379,0.66,0.427,0.792,0.77,33,396,54,17
2025-11-18 12:34:09,Italy_level_2_final,Ensemble (mean weight) top 5 models_TH_auto_equal_weight,Month+1,0.78,2005-01-01 00:00:00,2024-12-31 00:00:00,2022-01-01 00:00:00,0.948,0.917,0.957,0.93,0.996,0.974,44,450,4,2
2025-11-18 12:34:09,Italy_level_2_final,Ensemble (mean weight) top 5 models_TH_auto_equal_weight,Month+2,0.81,2005-01-01 00:00:00,2024-12-31 00:00:00,2022-01-01 00:00:00,0.847,0.833,0.851,0.826,0.967,0.917,40,445,8,7
2025-11-18 12:34:09,Italy_level_2_final,Ensemble (mean weight) top 5 models_TH_auto_equal_weight,Month+3,0.06,2005-01-01 00:00:00,2024-12-31 00:00:00,2022-01-01 00:00:00,0.68,0.377,0.852,0.492,0.905,0.841,46,370,76,8
2025-11-18 12:34:09,Italy_level_2_final,Ensemble (mean weight) top 5 models_TH_auto_equal_weight,Month+4,0.11,2005-01-01 00:00:00,2024-12-31 00:00:00,2022-01-01 00:00:00,0.604,0.336,0.755,0.418,0.836,0.789,40,368,79,13
2025-11-18 12:34:09,Italy_level_2_final,Ensemble (mean weight) top 5 models_TH_auto_equal_weight,Month+5,0.47,2005-01-01 00:00:00,2024-12-31 00:00:00,2022-01-01 00:00:00,0.591,0.652,0.577,0.572,0.805,0.771,30,432,16,22
2025-11-18 12:34:09,Italy_level_2_final,Ensemble (mean weight) top 5 models_TH_auto_equal_weight,Month+6,0.19,2005-01-01 00:00:00,2024-12-31 00:00:00,2022-01-01 00:00:00,0.55,0.312,0.68,0.373,0.793,0.757,34,375,75,16
2025-11-18 12:38:46,Italy_level_2_final,Ensemble (mean weight) top 6 models_TH_auto_equal_weight,Month+1,0.75,2005-01-01 00:00:00,2024-12-31 00:00:00,2022-01-01 00:00:00,0.948,0.917,0.957,0.93,0.996,0.974,44,450,4,2
2025-11-18 12:38:46,Italy_level_2_final,Ensemble (mean weight) top 6 models_TH_auto_equal_weight,Month+2,0.8,2005-01-01 00:00:00,2024-12-31 00:00:00,2022-01-01 00:00:00,0.847,0.833,0.851,0.826,0.967,0.917,40,445,8,7
2025-11-18 12:38:46,Italy_level_2_final,Ensemble (mean weight) top 6 models_TH_auto_equal_weight,Month+3,0.05,2005-01-01 00:00:00,2024-12-31 00:00:00,2022-01-01 00:00:00,0.646,0.318,0.87,0.438,0.908,0.822,47,345,101,7
2025-11-18 12:38:46,Italy_level_2_final,Ensemble (mean weight) top 6 models_TH_auto_equal_weight,Month+4,0.11,2005-01-01 00:00:00,2024-12-31 00:00:00,2022-01-01 00:00:00,0.606,0.339,0.755,0.421,0.845,0.79,40,369,78,13
2025-11-18 12:38:46,Italy_level_2_final,Ensemble (mean weight) top 6 models_TH_auto_equal_weight,Month+5,0.18,2005-01-01 00:00:00,2024-12-31 00:00:00,2022-01-01 00:00:00,0.608,0.409,0.692,0.462,0.811,0.788,36,396,52,16
2025-11-18 12:38:46,Italy_level_2_final,Ensemble (mean weight) top 6 models_TH_auto_equal_weight,Month+6,0.11,2005-01-01 00:00:00,2024-12-31 00:00:00,2022-01-01 00:00:00,0.526,0.228,0.78,0.308,0.794,0.743,39,318,132,11
2025-11-18 12:43:58,Italy_level_2_final,Ensemble (mean weight) top 7 models_TH_auto_equal_weight,Month+1,0.68,2005-01-01 00:00:00,2024-12-31 00:00:00,2022-01-01 00:00:00,0.948,0.917,0.957,0.93,0.995,0.974,44,450,4,2
2025-11-18 12:43:58,Italy_level_2_final,Ensemble (mean weight) top 7 models_TH_auto_equal_weight,Month+2,0.77,2005-01-01 00:00:00,2024-12-31 00:00:00,2022-01-01 00:00:00,0.847,0.833,0.851,0.826,0.967,0.917,40,445,8,7
2025-11-18 12:43:58,Italy_level_2_final,Ensemble (mean weight) top 7 models_TH_auto_equal_weight,Month+3,0.06,2005-01-01 00:00:00,2024-12-31 00:00:00,2022-01-01 00:00:00,0.701,0.429,0.833,0.533,0.908,0.849,45,386,60,9
2025-11-18 12:43:58,Italy_level_2_final,Ensemble (mean weight) top 7 models_TH_auto_equal_weight,Month+4,0.11,2005-01-01 00:00:00,2024-12-31 00:00:00,2022-01-01 00:00:00,0.625,0.413,0.717,0.474,0.841,0.798,38,393,54,15
2025-11-18 12:43:58,Italy_level_2_final,Ensemble (mean weight) top 7 models_TH_auto_equal_weight,Month+5,0.17,2005-01-01 00:00:00,2024-12-31 00:00:00,2022-01-01 00:00:00,0.625,0.45,0.692,0.495,0.813,0.797,36,404,44,16
2025-11-18 12:43:58,Italy_level_2_final,Ensemble (mean weight) top 7 models_TH_auto_equal_weight,Month+6,0.08,2005-01-01 00:00:00,2024-12-31 00:00:00,2022-01-01 00:00:00,0.51,0.214,0.78,0.288,0.798,0.731,39,307,143,11
2025-11-18 12:50:31,Italy_level_2_final,Ensemble (mean weight) top 8 models_TH_auto_equal_weight,Month+1,0.65,2005-01-01 00:00:00,2024-12-31 00:00:00,2022-01-01 00:00:00,0.948,0.917,0.957,0.93,0.995,0.974,44,450,4,2
2025-11-18 12:50:31,Italy_level_2_final,Ensemble (mean weight) top 8 models_TH_auto_equal_weight,Month+2,0.74,2005-01-01 00:00:00,2024-12-31 00:00:00,2022-01-01 00:00:00,0.847,0.833,0.851,0.826,0.962,0.917,40,445,8,7
2025-11-18 12:50:31,Italy_level_2_final,Ensemble (mean weight) top 8 models_TH_auto_equal_weight,Month+3,0.05,2005-01-01 00:00:00,2024-12-31 00:00:00,2022-01-01 00:00:00,0.699,0.392,0.87,0.514,0.908,0.853,47,373,73,7
2025-11-18 12:50:31,Italy_level_2_final,Ensemble (mean weight) top 8 models_TH_auto_equal_weight,Month+4,0.08,2005-01-01 00:00:00,2024-12-31 00:00:00,2022-01-01 00:00:00,0.593,0.32,0.755,0.401,0.844,0.782,40,362,85,13
2025-11-18 12:50:31,Italy_level_2_final,Ensemble (mean weight) top 8 models_TH_auto_equal_weight,Month+5,0.2,2005-01-01 00:00:00,2024-12-31 00:00:00,2022-01-01 00:00:00,0.605,0.466,0.654,0.49,0.812,0.783,34,409,39,18
2025-11-18 12:50:31,Italy_level_2_final,Ensemble (mean weight) top 8 models_TH_auto_equal_weight,Month+6,0.1,2005-01-01 00:00:00,2024-12-31 00:00:00,2022-01-01 00:00:00,0.532,0.242,0.76,0.32,0.796,0.748,38,331,119,12
2025-11-18 12:53:10,Italy_level_2_final,Ensemble (mean weight) top 3 models_TH_0.5_not_equal_weight,Month+1,0.5,2005-01-01 00:00:00,2024-12-31 00:00:00,2022-01-01 00:00:00,0.948,0.917,0.957,0.93,0.995,0.974,44,450,4,2
2025-11-18 12:53:10,Italy_level_2_final,Ensemble (mean weight) top 3 models_TH_0.5_not_equal_weight,Month+2,0.5,2005-01-01 00:00:00,2024-12-31 00:00:00,2022-01-01 00:00:00,0.847,0.833,0.851,0.826,0.965,0.917,40,445,8,7
2025-11-18 12:53:10,Italy_level_2_final,Ensemble (mean weight) top 3 models_TH_0.5_not_equal_weight,Month+3,0.5,2005-01-01 00:00:00,2024-12-31 00:00:00,2022-01-01 00:00:00,0.682,0.75,0.667,0.674,0.903,0.82,36,434,12,18
2025-11-18 12:53:10,Italy_level_2_final,Ensemble (mean weight) top 3 models_TH_0.5_not_equal_weight,Month+4,0.5,2005-01-01 00:00:00,2024-12-31 00:00:00,2022-01-01 00:00:00,0.635,0.688,0.623,0.616,0.833,0.795,33,432,15,20
2025-11-18 12:53:10,Italy_level_2_final,Ensemble (mean weight) top 3 models_TH_0.5_not_equal_weight,Month+5,0.5,2005-01-01 00:00:00,2024-12-31 00:00:00,2022-01-01 00:00:00,0.606,0.571,0.615,0.544,0.806,0.781,32,424,24,20
2025-11-18 12:53:10,Italy_level_2_final,Ensemble (mean weight) top 3 models_TH_0.5_not_equal_weight,Month+6,0.5,2005-01-01 00:00:00,2024-12-31 00:00:00,2022-01-01 00:00:00,0.556,0.538,0.56,0.498,0.799,0.753,28,426,24,22
2025-11-18 12:57:10,Italy_level_2_final,Ensemble (mean weight) top 4 models_TH_0.5_not_equal_weight,Month+1,0.5,2005-01-01 00:00:00,2024-12-31 00:00:00,2022-01-01 00:00:00,0.94,0.88,0.957,0.909,0.996,0.972,44,448,6,2
2025-11-18 12:57:10,Italy_level_2_final,Ensemble (mean weight) top 4 models_TH_0.5_not_equal_weight,Month+2,0.5,2005-01-01 00:00:00,2024-12-31 00:00:00,2022-01-01 00:00:00,0.84,0.8,0.851,0.806,0.962,0.914,40,443,10,7
2025-11-18 12:57:10,Italy_level_2_final,Ensemble (mean weight) top 4 models_TH_0.5_not_equal_weight,Month+3,0.5,2005-01-01 00:00:00,2024-12-31 00:00:00,2022-01-01 00:00:00,0.682,0.75,0.667,0.674,0.906,0.82,36,434,12,18
2025-11-18 12:57:10,Italy_level_2_final,Ensemble (mean weight) top 4 models_TH_0.5_not_equal_weight,Month+4,0.5,2005-01-01 00:00:00,2024-12-31 00:00:00,2022-01-01 00:00:00,0.635,0.688,0.623,0.616,0.836,0.795,33,432,15,20
2025-11-18 12:57:10,Italy_level_2_final,Ensemble (mean weight) top 4 models_TH_0.5_not_equal_weight,Month+5,0.5,2005-01-01 00:00:00,2024-12-31 00:00:00,2022-01-01 00:00:00,0.63,0.611,0.635,0.578,0.809,0.794,33,427,21,19
2025-11-18 12:57:10,Italy_level_2_final,Ensemble (mean weight) top 4 models_TH_0.5_not_equal_weight,Month+6,0.5,2005-01-01 00:00:00,2024-12-31 00:00:00,2022-01-01 00:00:00,0.584,0.526,0.6,0.51,0.799,0.77,30,423,27,20
2025-11-18 13:00:57,Italy_level_2_final,Ensemble (mean weight) top 5 models_TH_0.5_not_equal_weight,Month+1,0.5,2005-01-01 00:00:00,2024-12-31 00:00:00,2022-01-01 00:00:00,0.919,0.86,0.935,0.886,0.995,0.96,43,447,7,3
2025-11-18 13:00:57,Italy_level_2_final,Ensemble (mean weight) top 5 models_TH_0.5_not_equal_weight,Month+2,0.5,2005-01-01 00:00:00,2024-12-31 00:00:00,2022-01-01 00:00:00,0.819,0.78,0.83,0.784,0.947,0.903,39,442,11,8
2025-11-18 13:00:57,Italy_level_2_final,Ensemble (mean weight) top 5 models_TH_0.5_not_equal_weight,Month+3,0.5,2005-01-01 00:00:00,2024-12-31 00:00:00,2022-01-01 00:00:00,0.677,0.72,0.667,0.657,0.898,0.818,36,432,14,18
2025-11-18 13:00:57,Italy_level_2_final,Ensemble (mean weight) top 5 models_TH_0.5_not_equal_weight,Month+4,0.5,2005-01-01 00:00:00,2024-12-31 00:00:00,2022-01-01 00:00:00,0.618,0.681,0.604,0.601,0.839,0.785,32,432,15,21
2025-11-18 13:00:57,Italy_level_2_final,Ensemble (mean weight) top 5 models_TH_0.5_not_equal_weight,Month+5,0.5,2005-01-01 00:00:00,2024-12-31 00:00:00,2022-01-01 00:00:00,0.613,0.604,0.615,0.564,0.81,0.784,32,427,21,20
2025-11-18 13:00:57,Italy_level_2_final,Ensemble (mean weight) top 5 models_TH_0.5_not_equal_weight,Month+6,0.5,2005-01-01 00:00:00,2024-12-31 00:00:00,2022-01-01 00:00:00,0.582,0.592,0.58,0.54,0.797,0.768,29,430,20,21
2025-11-18 13:05:40,Italy_level_2_final,Ensemble (mean weight) top 6 models_TH_0.5_not_equal_weight,Month+1,0.5,2005-01-01 00:00:00,2024-12-31 00:00:00,2022-01-01 00:00:00,0.948,0.917,0.957,0.93,0.995,0.974,44,450,4,2
2025-11-18 13:05:40,Italy_level_2_final,Ensemble (mean weight) top 6 models_TH_0.5_not_equal_weight,Month+2,0.5,2005-01-01 00:00:00,2024-12-31 00:00:00,2022-01-01 00:00:00,0.847,0.833,0.851,0.826,0.96,0.917,40,445,8,7
2025-11-18 13:05:40,Italy_level_2_final,Ensemble (mean weight) top 6 models_TH_0.5_not_equal_weight,Month+3,0.5,2005-01-01 00:00:00,2024-12-31 00:00:00,2022-01-01 00:00:00,0.679,0.735,0.667,0.666,0.902,0.819,36,433,13,18
2025-11-18 13:05:40,Italy_level_2_final,Ensemble (mean weight) top 6 models_TH_0.5_not_equal_weight,Month+4,0.5,2005-01-01 00:00:00,2024-12-31 00:00:00,2022-01-01 00:00:00,0.62,0.696,0.604,0.61,0.835,0.786,32,433,14,21
2025-11-18 13:05:40,Italy_level_2_final,Ensemble (mean weight) top 6 models_TH_0.5_not_equal_weight,Month+5,0.5,2005-01-01 00:00:00,2024-12-31 00:00:00,2022-01-01 00:00:00,0.623,0.653,0.615,0.593,0.814,0.789,32,431,17,20
2025-11-18 13:05:40,Italy_level_2_final,Ensemble (mean weight) top 6 models_TH_0.5_not_equal_weight,Month+6,0.5,2005-01-01 00:00:00,2024-12-31 00:00:00,2022-01-01 00:00:00,0.565,0.583,0.56,0.525,0.805,0.758,28,430,20,22
2025-11-18 13:09:58,Italy_level_2_final,Ensemble (mean weight) top 7 models_TH_0.5_not_equal_weight,Month+1,0.5,2005-01-01 00:00:00,2024-12-31 00:00:00,2022-01-01 00:00:00,0.948,0.917,0.957,0.93,0.995,0.974,44,450,4,2
2025-11-18 13:09:58,Italy_level_2_final,Ensemble (mean weight) top 7 models_TH_0.5_not_equal_weight,Month+2,0.5,2005-01-01 00:00:00,2024-12-31 00:00:00,2022-01-01 00:00:00,0.847,0.833,0.851,0.826,0.962,0.917,40,445,8,7
2025-11-18 13:09:58,Italy_level_2_final,Ensemble (mean weight) top 7 models_TH_0.5_not_equal_weight,Month+3,0.5,2005-01-01 00:00:00,2024-12-31 00:00:00,2022-01-01 00:00:00,0.682,0.75,0.667,0.674,0.901,0.82,36,434,12,18
2025-11-18 13:09:58,Italy_level_2_final,Ensemble (mean weight) top 7 models_TH_0.5_not_equal_weight,Month+4,0.5,2005-01-01 00:00:00,2024-12-31 00:00:00,2022-01-01 00:00:00,0.635,0.688,0.623,0.616,0.839,0.795,33,432,15,20
2025-11-18 13:09:58,Italy_level_2_final,Ensemble (mean weight) top 7 models_TH_0.5_not_equal_weight,Month+5,0.5,2005-01-01 00:00:00,2024-12-31 00:00:00,2022-01-01 00:00:00,0.605,0.646,0.596,0.578,0.808,0.779,31,431,17,21
2025-11-18 13:09:58,Italy_level_2_final,Ensemble (mean weight) top 7 models_TH_0.5_not_equal_weight,Month+6,0.5,2005-01-01 00:00:00,2024-12-31 00:00:00,2022-01-01 00:00:00,0.598,0.588,0.6,0.548,0.793,0.777,30,429,21,20
2025-11-18 13:14:42,Italy_level_2_final,Ensemble (mean weight) top 8 models_TH_0.5_not_equal_weight,Month+1,0.5,2005-01-01 00:00:00,2024-12-31 00:00:00,2022-01-01 00:00:00,0.936,0.863,0.957,0.899,0.995,0.971,44,447,7,2
2025-11-18 13:14:42,Italy_level_2_final,Ensemble (mean weight) top 8 models_TH_0.5_not_equal_weight,Month+2,0.5,2005-01-01 00:00:00,2024-12-31 00:00:00,2022-01-01 00:00:00,0.847,0.833,0.851,0.826,0.967,0.917,40,445,8,7
2025-11-18 13:14:42,Italy_level_2_final,Ensemble (mean weight) top 8 models_TH_0.5_not_equal_weight,Month+3,0.5,2005-01-01 00:00:00,2024-12-31 00:00:00,2022-01-01 00:00:00,0.684,0.766,0.667,0.683,0.907,0.821,36,435,11,18
2025-11-18 13:14:42,Italy_level_2_final,Ensemble (mean weight) top 8 models_TH_0.5_not_equal_weight,Month+4,0.5,2005-01-01 00:00:00,2024-12-31 00:00:00,2022-01-01 00:00:00,0.637,0.702,0.623,0.624,0.836,0.796,33,433,14,20
2025-11-18 13:14:42,Italy_level_2_final,Ensemble (mean weight) top 8 models_TH_0.5_not_equal_weight,Month+5,0.5,2005-01-01 00:00:00,2024-12-31 00:00:00,2022-01-01 00:00:00,0.605,0.646,0.596,0.578,0.806,0.779,31,431,17,21
2025-11-18 13:14:42,Italy_level_2_final,Ensemble (mean weight) top 8 models_TH_0.5_not_equal_weight,Month+6,0.5,2005-01-01 00:00:00,2024-12-31 00:00:00,2022-01-01 00:00:00,0.556,0.628,0.54,0.54,0.794,0.752,27,434,16,23