time,area_name,lat,lon,rr,hu,qq,tg,tx,tn,fg
2000-01-01,baden_wurttemberg,48.545232464511855,9.032213865282086,740.04193,87.166664,37.329857,-0.03503748,2.5852492,-2.646901,3.499552
2000-02-01,baden_wurttemberg,48.545232464511855,9.032213865282086,1600.2621,82.03684,64.69495,3.5983393,7.5135565,0.2991171,4.027845
2000-03-01,baden_wurttemberg,48.545232464511855,9.032213865282086,1240.7839,78.71524,102.16017,5.094177,9.174347,1.7956594,4.05003
2000-04-01,baden_wurttemberg,48.545232464511855,9.032213865282086,637.76337,72.76985,174.31822,9.690946,15.334992,4.5544353,2.860597
2000-05-01,baden_wurttemberg,48.545232464511855,9.032213865282086,1537.1936,74.37276,225.35814,14.317307,20.195171,8.9875,2.7726789
2000-06-01,baden_wurttemberg,48.545232464511855,9.032213865282086,576.7734,65.58782,269.92822,17.465406,23.490316,11.022218,2.5905952
2000-07-01,baden_wurttemberg,48.545232464511855,9.032213865282086,2211.8323,77.94906,200.7062,15.26721,20.27711,11.063484,3.0201292
2000-08-01,baden_wurttemberg,48.545232464511855,9.032213865282086,1107.9324,75.15634,209.29993,18.157093,24.239983,13.009219,2.1955438
2000-09-01,baden_wurttemberg,48.545232464511855,9.032213865282086,1397.8533,82.45403,138.86543,13.985772,19.354769,9.945272,2.5470285
2000-10-01,baden_wurttemberg,48.545232464511855,9.032213865282086,922.6614,85.1869,66.02062,9.908346,13.864047,6.9953594,2.6810615
2000-11-01,baden_wurttemberg,48.545232464511855,9.032213865282086,1013.38,84.21339,45.852325,5.4981933,9.09727,2.6018605,3.0265028
2000-12-01,baden_wurttemberg,48.545232464511855,9.032213865282086,601.71936,84.906456,32.02363,3.4718535,6.4725323,0.8901763,3.2011395
2001-01-01,baden_wurttemberg,48.545232464511855,9.032213865282086,1155.5935,84.23026,41.558517,1.2113007,4.3499374,-1.6991957,3.0647569
2001-02-01,baden_wurttemberg,48.545232464511855,9.032213865282086,1011.5572,79.67544,68.65257,2.5711653,6.6425476,-0.7916212,3.4183855
2001-03-01,baden_wurttemberg,48.545232464511855,9.032213865282086,2497.0322,84.8376,84.00345,5.9705772,9.521233,2.9529476,3.7204487
2001-04-01,baden_wurttemberg,48.545232464511855,9.032213865282086,1414.7834,77.77345,149.48697,6.607429,11.198665,2.692828,3.233593
2001-05-01,baden_wurttemberg,48.545232464511855,9.032213865282086,835.75806,69.85906,241.80615,14.9510355,20.42466,9.2893095,3.109685
2001-06-01,baden_wurttemberg,48.545232464511855,9.032213865282086,1578.9233,73.142044,226.2963,14.511308,19.652325,9.393932,2.928492
2001-07-01,baden_wurttemberg,48.545232464511855,9.032213865282086,990.0581,69.52676,244.06308,18.373045,24.084839,12.730847,2.9107757
2001-08-01,baden_wurttemberg,48.545232464511855,9.032213865282086,850.11615,71.87256,213.38387,18.747868,24.996752,13.433344,2.5874276
2001-09-01,baden_wurttemberg,48.545232464511855,9.032213865282086,1999.0935,84.68566,106.671394,10.993666,15.110951,7.872105,3.363344
2001-10-01,baden_wurttemberg,48.545232464511855,9.032213865282086,962.2548,84.40412,94.88523,12.435125,17.869532,8.583931,2.516028
2001-11-01,baden_wurttemberg,48.545232464511855,9.032213865282086,1541.4734,87.3991,44.784344,2.4388146,5.5999446,-0.3623116,3.2126448
2001-12-01,baden_wurttemberg,48.545232464511855,9.032213865282086,1306.1807,84.95956,33.157463,-0.8104305,2.008622,-3.8088634,4.0953975
2002-01-01,baden_wurttemberg,48.545232464511855,9.032213865282086,423.9516,84.213425,42.998573,-0.065774955,3.4235868,-3.4704435,3.3898723
2002-02-01,baden_wurttemberg,48.545232464511855,9.032213865282086,1811.3179,79.9499,57.989117,4.788884,8.402438,1.5669377,5.4034986
2002-03-01,baden_wurttemberg,48.545232464511855,9.032213865282086,1325.942,74.30172,129.34111,5.72177,11.247309,1.0582145,3.4646955
2002-04-01,baden_wurttemberg,48.545232464511855,9.032213865282086,776.29333,69.71548,179.54317,8.132209,13.46384,3.125783,3.5689783
2002-05-01,baden_wurttemberg,48.545232464511855,9.032213865282086,1781.5292,76.141624,201.7826,12.751863,17.876701,7.9417343,2.6781275
2002-06-01,baden_wurttemberg,48.545232464511855,9.032213865282086,1020.8767,68.59056,253.92798,18.269718,23.90913,12.386163,2.7147324
2002-07-01,baden_wurttemberg,48.545232464511855,9.032213865282086,1630.3323,74.77049,205.20306,17.390652,22.556368,12.524117,2.6597102
2002-08-01,baden_wurttemberg,48.545232464511855,9.032213865282086,1608.1678,80.185486,184.79475,17.436901,22.783604,13.126542,2.1643832
2002-09-01,baden_wurttemberg,48.545232464511855,9.032213865282086,1309.5533,79.98367,138.62968,12.1771555,17.327818,8.1197815,2.5624728
2002-10-01,baden_wurttemberg,48.545232464511855,9.032213865282086,1813.3452,83.47097,76.09745,8.955862,13.191426,5.331801,3.4232893
2002-11-01,baden_wurttemberg,48.545232464511855,9.032213865282086,2234.2769,89.58372,36.20814,6.311577,9.062177,3.8986459,2.875286
2002-12-01,baden_wurttemberg,48.545232464511855,9.032213865282086,1028.142,88.5364,25.386723,2.5982575,4.891223,0.46434432,3.171116
2003-01-01,baden_wurttemberg,48.545232464511855,9.032213865282086,1383.7194,86.62109,36.774715,-0.74194825,2.0631378,-3.3369918,3.651716
2003-02-01,baden_wurttemberg,48.545232464511855,9.032213865282086,454.07498,78.60606,84.67193,-2.124711,2.32421,-6.0639377,3.0771303
2003-03-01,baden_wurttemberg,48.545232464511855,9.032213865282086,331.28064,68.201546,146.12302,6.128234,12.513531,0.9140022,3.0347815
2003-04-01,baden_wurttemberg,48.545232464511855,9.032213865282086,580.3334,63.95374,197.05194,8.487609,14.465866,2.530642,3.402892
2003-05-01,baden_wurttemberg,48.545232464511855,9.032213865282086,1161.8032,74.35843,209.15138,14.070219,19.481897,8.914011,3.0407941
2003-06-01,baden_wurttemberg,48.545232464511855,9.032213865282086,673.2001,66.34891,277.57986,20.841356,27.499483,14.522751,2.5200565
2003-07-01,baden_wurttemberg,48.545232464511855,9.032213865282086,1044.1259,65.97336,245.06505,19.07156,25.257362,13.191915,2.7643163
2003-08-01,baden_wurttemberg,48.545232464511855,9.032213865282086,564.56775,58.777706,240.96744,21.816425,29.428299,15.030627,2.3798087
2003-09-01,baden_wurttemberg,48.545232464511855,9.032213865282086,464.18332,68.85983,165.55658,13.651079,20.72999,7.7644095,2.63489
2003-10-01,baden_wurttemberg,48.545232464511855,9.032213865282086,1532.8291,80.993675,81.07592,6.0544662,10.455471,2.3383894,3.4969685
2003-11-01,baden_wurttemberg,48.545232464511855,9.032213865282086,698.87665,85.81666,49.126743,5.3514876,9.333051,2.1103277,2.8264172
2003-12-01,baden_wurttemberg,48.545232464511855,9.032213865282086,604.14514,84.476074,35.13714,0.8240112,4.044206,-2.2180178,3.487829
2004-01-01,baden_wurttemberg,48.545232464511855,9.032213865282086,2071.4614,85.81626,33.021454,0.05394149,2.5956953,-2.6933968,3.743377
2004-02-01,baden_wurttemberg,48.545232464511855,9.032213865282086,496.0207,77.60491,70.36448,1.7179565,5.5840845,-1.6945982,3.5643399
2004-03-01,baden_wurttemberg,48.545232464511855,9.032213865282086,493.60645,75.23364,123.072914,3.5889902,8.48129,-0.83355814,3.126059
2004-04-01,baden_wurttemberg,48.545232464511855,9.032213865282086,539.76,69.73105,185.43016,9.0130415,14.728594,3.2897265,3.2149765
2004-05-01,baden_wurttemberg,48.545232464511855,9.032213865282086,1124.0356,71.240814,217.9733,11.263305,16.675682,5.609217,2.8030443
2004-06-01,baden_wurttemberg,48.545232464511855,9.032213865282086,868.6034,70.34058,229.64644,15.621962,21.205328,9.819318,2.7994509
2004-07-01,baden_wurttemberg,48.545232464511855,9.032213865282086,1205.8613,71.63919,224.22745,17.224953,22.985928,11.908771,2.7850623
2004-08-01,baden_wurttemberg,48.545232464511855,9.032213865282086,1648.8291,74.59024,193.26118,17.922579,23.831205,13.01153,2.9715486
2004-09-01,baden_wurttemberg,48.545232464511855,9.032213865282086,826.26,76.602615,146.81178,14.020297,19.439846,9.07729,3.1268163
2004-10-01,baden_wurttemberg,48.545232464511855,9.032213865282086,1588.9872,85.64981,78.07622,10.26825,14.712348,6.5803437,2.777116
2004-11-01,baden_wurttemberg,48.545232464511855,9.032213865282086,605.1533,87.815605,38.15496,3.6192362,6.2038984,0.98276126,3.177937
2004-12-01,baden_wurttemberg,48.545232464511855,9.032213865282086,917.3839,88.99867,29.6961,-0.04321607,2.4135725,-2.6247613,2.9711084
2005-01-01,baden_wurttemberg,48.545232464511855,9.032213865282086,906.4354,82.67721,43.366093,0.60449886,3.870275,-2.7451944,3.8203194
2005-02-01,baden_wurttemberg,48.545232464511855,9.032213865282086,1206.6107,85.53002,60.481976,-1.8483438,1.2553048,-5.0233655,3.2012224
2005-03-01,baden_wurttemberg,48.545232464511855,9.032213865282086,843.1,77.917786,122.13983,3.8444598,8.913575,-1.1857674,3.0067515
2005-04-01,baden_wurttemberg,48.545232464511855,9.032213865282086,1340.14,73.53373,160.39604,9.025872,14.167242,3.9669597,2.8370247
2005-05-01,baden_wurttemberg,48.545232464511855,9.032213865282086,1292.5,72.13472,221.60945,12.882874,18.654251,7.108068,2.8276744
2005-06-01,baden_wurttemberg,48.545232464511855,9.032213865282086,794.00665,65.942986,258.67737,17.371704,23.453506,10.943037,2.5251079
2005-07-01,baden_wurttemberg,48.545232464511855,9.032213865282086,1519.6871,73.34623,214.46123,17.721312,23.348038,12.47346,2.8215446
2005-08-01,baden_wurttemberg,48.545232464511855,9.032213865282086,1278.8582,76.8769,185.6607,15.618153,21.006685,10.77861,2.6689198
2005-09-01,baden_wurttemberg,48.545232464511855,9.032213865282086,826.1867,77.94456,149.68132,14.841674,20.47934,9.913544,2.4210634
2005-10-01,baden_wurttemberg,48.545232464511855,9.032213865282086,693.6742,84.00241,95.116806,10.691406,16.105808,6.3363814,2.5175145
2005-11-01,baden_wurttemberg,48.545232464511855,9.032213865282086,570.9267,85.98712,48.242947,3.2650113,6.831996,-0.15262249,2.6700644
2005-12-01,baden_wurttemberg,48.545232464511855,9.032213865282086,953.51294,88.01307,28.954088,-0.3855146,1.7894934,-2.9810328,3.2166045
2006-01-01,baden_wurttemberg,48.545232464511855,9.032213865282086,361.79034,83.974594,46.328735,-2.7229714,0.64472616,-6.0365844,2.7932467
2006-02-01,baden_wurttemberg,48.545232464511855,9.032213865282086,818.6929,83.74086,56.688454,-0.70801157,2.45046,-3.7213645,3.2156343
2006-03-01,baden_wurttemberg,48.545232464511855,9.032213865282086,1728.5098,80.79344,104.308395,1.997471,5.9925237,-1.9091028,3.7777336
2006-04-01,baden_wurttemberg,48.545232464511855,9.032213865282086,1294.0466,75.060295,159.18721,8.001086,12.80044,3.284827,2.9655983
2006-05-01,baden_wurttemberg,48.545232464511855,9.032213865282086,1643.2709,70.481,208.7544,12.965963,18.182257,7.717167,3.5425384
2006-06-01,baden_wurttemberg,48.545232464511855,9.032213865282086,716.56335,68.23296,266.01434,16.983889,23.116053,10.588206,2.4994085
2006-07-01,baden_wurttemberg,48.545232464511855,9.032213865282086,936.24194,64.279396,276.47134,21.84225,28.705158,15.202697,2.493426
2006-08-01,baden_wurttemberg,48.545232464511855,9.032213865282086,2405.858,80.52269,158.66519,14.488333,19.375927,10.676562,2.9891193
2006-09-01,baden_wurttemberg,48.545232464511855,9.032213865282086,908.52997,79.06721,155.44785,16.50717,22.23086,11.523385,2.4194674
2006-10-01,baden_wurttemberg,48.545232464511855,9.032213865282086,1120.4839,83.242615,93.736534,11.937788,17.039476,7.5271797,2.7469
2006-11-01,baden_wurttemberg,48.545232464511855,9.032213865282086,605.82666,83.66688,49.725037,6.525247,10.625638,2.51401,3.1270525
2006-12-01,baden_wurttemberg,48.545232464511855,9.032213865282086,675.7,83.71529,39.281696,3.039703,6.5697093,-0.0792393,3.1868846
2007-01-01,baden_wurttemberg,48.545232464511855,9.032213865282086,1126.242,83.01268,34.278847,4.103902,6.6712766,1.0128454,4.742671
2007-02-01,baden_wurttemberg,48.545232464511855,9.032213865282086,1480.3071,83.642334,67.23181,4.2544003,8.248019,0.6298073,3.3574774
2007-03-01,baden_wurttemberg,48.545232464511855,9.032213865282086,1050.5516,76.76636,126.51373,5.204621,10.183542,0.63804877,3.3815305
2007-04-01,baden_wurttemberg,48.545232464511855,9.032213865282086,47.280003,59.637745,246.65518,12.260606,19.738714,4.5656853,2.6440985
2007-05-01,baden_wurttemberg,48.545232464511855,9.032213865282086,2180.2065,69.82521,218.70284,14.186214,19.690407,8.449207,3.4830313
2007-06-01,baden_wurttemberg,48.545232464511855,9.032213865282086,1831.5701,76.02055,228.00444,16.940083,22.401756,11.87472,2.8955286
2007-07-01,baden_wurttemberg,48.545232464511855,9.032213865282086,1581.929,73.550766,220.11508,17.063486,22.578106,11.930376,3.2483563
2007-08-01,baden_wurttemberg,48.545232464511855,9.032213865282086,1406.6451,76.35341,188.90262,16.567513,21.992685,11.536108,2.3961942
2007-09-01,baden_wurttemberg,48.545232464511855,9.032213865282086,994.86005,80.81359,137.18861,11.865277,17.25938,6.737993,2.4894145
2007-10-01,baden_wurttemberg,48.545232464511855,9.032213865282086,171.00645,83.61587,92.58454,8.230881,13.098769,4.0438185,2.4213
2007-11-01,baden_wurttemberg,48.545232464511855,9.032213865282086,1273.1433,86.846275,41.07659,2.6201267,5.6450853,-0.29867673,3.5476682
2007-12-01,baden_wurttemberg,48.545232464511855,9.032213865282086,1161.4548,84.45688,32.726707,0.39180717,3.248603,-2.316937,3.5614808
2008-01-01,baden_wurttemberg,48.545232464511855,9.032213865282086,871.7871,79.9607,43.73106,2.845315,6.320357,-0.62318826,3.5622303
2008-02-01,baden_wurttemberg,48.545232464511855,9.032213865282086,718.8034,73.63483,88.712425,3.269655,8.680687,-1.5940264,3.4831755
2008-03-01,baden_wurttemberg,48.545232464511855,9.032213865282086,1404.5903,76.17142,104.018906,3.9133608,7.759101,-0.10699995,4.475902
2008-04-01,baden_wurttemberg,48.545232464511855,9.032213865282086,1554.76,76.97422,147.51837,7.405563,12.130074,3.0056505,3.0589657
2008-05-01,baden_wurttemberg,48.545232464511855,9.032213865282086,648.3645,66.116035,237.30879,14.774289,20.80222,8.754865,2.9393291
2008-06-01,baden_wurttemberg,48.545232464511855,9.032213865282086,1107.5066,74.04005,223.47868,16.900671,22.526503,11.611085,2.477078
2008-07-01,baden_wurttemberg,48.545232464511855,9.032213865282086,1119.4741,70.99079,225.48964,17.71253,23.751322,12.054319,2.7826264
2008-08-01,baden_wurttemberg,48.545232464511855,9.032213865282086,1483.9872,75.20314,195.02888,17.080057,22.834713,11.851787,2.7477996
2008-09-01,baden_wurttemberg,48.545232464511855,9.032213865282086,863.17334,80.65587,125.81558,11.743327,16.798538,7.2457314,2.7664688
2008-10-01,baden_wurttemberg,48.545232464511855,9.032213865282086,1371.1936,84.62684,77.23323,8.880452,13.509562,4.849146,2.7295904
2008-11-01,baden_wurttemberg,48.545232464511855,9.032213865282086,524.1667,85.55307,45.842323,4.0619397,7.8484783,0.55784804,2.9501586
2008-12-01,baden_wurttemberg,48.545232464511855,9.032213865282086,914.6226,87.25425,29.885372,0.17273217,2.4037042,-2.2279017,3.3233104
2009-01-01,baden_wurttemberg,48.545232464511855,9.032213865282086,463.05164,84.358864,45.696846,-2.8052588,0.8716152,-6.128956,2.6510572
2009-02-01,baden_wurttemberg,48.545232464511855,9.032213865282086,927.73926,84.10634,58.433804,-0.21774668,3.213181,-3.625642,3.115118
2009-03-01,baden_wurttemberg,48.545232464511855,9.032213865282086,1356.2097,79.2395,97.65776,3.5710473,7.393764,-0.21408553,3.631494
2009-04-01,baden_wurttemberg,48.545232464511855,9.032213865282086,434.62,68.57439,190.99379,11.187103,17.416859,4.9447737,2.7540247
2009-05-01,baden_wurttemberg,48.545232464511855,9.032213865282086,1567.5226,73.68806,225.30399,14.232202,20.417536,8.233436,2.7805364
2009-06-01,baden_wurttemberg,48.545232464511855,9.032213865282086,1302.6833,73.803894,232.19426,15.376644,20.781605,9.923578,2.799648
2009-07-01,baden_wurttemberg,48.545232464511855,9.032213865282086,1988.6904,74.72972,220.587,17.665588,23.474598,12.331378,2.867597
2009-08-01,baden_wurttemberg,48.545232464511855,9.032213865282086,624.74194,72.69191,220.08662,18.706808,25.326458,12.456846,2.3080826
2009-09-01,baden_wurttemberg,48.545232464511855,9.032213865282086,452.50665,79.331215,149.45969,14.594716,20.462805,9.5181675,2.4474425
2009-10-01,baden_wurttemberg,48.545232464511855,9.032213865282086,1013.42896,83.50087,79.876816,8.416772,12.745682,4.3234386,2.6960554
2009-11-01,baden_wurttemberg,48.545232464511855,9.032213865282086,1335.5166,84.47388,43.703564,6.663497,10.513487,3.006635,3.310248
2009-12-01,baden_wurttemberg,48.545232464511855,9.032213865282086,1453.9678,87.0236,28.897749,0.46686274,3.5617037,-2.683661,3.2348468
2010-01-01,baden_wurttemberg,48.545232464511855,9.032213865282086,735.0258,89.95749,30.80225,-2.838732,-0.62108254,-5.3693132,2.9389184
2010-02-01,baden_wurttemberg,48.545232464511855,9.032213865282086,905.225,83.8867,58.250248,0.11368436,3.4085824,-3.0203173,3.480461
2010-03-01,baden_wurttemberg,48.545232464511855,9.032213865282086,707.7,73.45743,123.87142,3.781321,8.616507,-0.70413804,3.9330158
2010-04-01,baden_wurttemberg,48.545232464511855,9.032213865282086,324.05,67.5558,200.01807,8.787735,14.923513,2.3791194,3.0048587
2010-05-01,baden_wurttemberg,48.545232464511855,9.032213865282086,1776.487,82.2397,159.05528,10.614108,14.934547,6.6317043,3.0479975
2010-06-01,baden_wurttemberg,48.545232464511855,9.032213865282086,1002.6867,74.26394,225.71852,16.399582,21.89609,10.866259,2.65921
2010-07-01,baden_wurttemberg,48.545232464511855,9.032213865282086,1517.3582,71.370255,248.10248,19.5629,25.893362,13.333163,2.4548993
2010-08-01,baden_wurttemberg,48.545232464511855,9.032213865282086,1991.6484,80.22628,170.35881,16.31506,21.23586,11.622331,3.0518036
2010-09-01,baden_wurttemberg,48.545232464511855,9.032213865282086,886.9733,81.84785,143.00798,12.016643,17.442715,7.0177145,2.5084822
2010-10-01,baden_wurttemberg,48.545232464511855,9.032213865282086,596.542,85.02614,88.24253,7.7364197,12.661881,3.3822477,2.7676973
2010-11-01,baden_wurttemberg,48.545232464511855,9.032213865282086,1338.3833,87.236946,40.59178,4.715061,7.525067,1.8291231,3.5796387
2010-12-01,baden_wurttemberg,48.545232464511855,9.032213865282086,1915.7742,90.12199,26.130833,-2.3268528,0.28625205,-5.3370323,3.1109302
2011-01-01,baden_wurttemberg,48.545232464511855,9.032213865282086,1036.1484,88.26961,36.18492,0.44835782,3.1911619,-2.5316224,3.2199697
2011-02-01,baden_wurttemberg,48.545232464511855,9.032213865282086,290.34644,84.16686,63.198257,1.8418953,5.5278563,-1.5598936,2.8432083
2011-03-01,baden_wurttemberg,48.545232464511855,9.032213865282086,358.06775,70.85886,139.73286,5.6593637,11.406561,0.28148162,3.3884614
2011-04-01,baden_wurttemberg,48.545232464511855,9.032213865282086,368.45667,65.5305,221.34203,11.461139,18.368229,4.400538,2.8054516
2011-05-01,baden_wurttemberg,48.545232464511855,9.032213865282086,664.1355,63.50991,258.08124,14.155063,21.186377,6.765477,2.7104712
2011-06-01,baden_wurttemberg,48.545232464511855,9.032213865282086,1248.8534,74.72353,210.88109,16.313614,21.668596,11.12085,2.9613853
2011-07-01,baden_wurttemberg,48.545232464511855,9.032213865282086,1873.2192,76.04515,209.2048,15.645227,21.386457,10.367592,2.7110598
2011-08-01,baden_wurttemberg,48.545232464511855,9.032213865282086,1126.9291,75.87085,213.30772,18.201372,24.592237,12.446562,2.6164567
2011-09-01,baden_wurttemberg,48.545232464511855,9.032213865282086,746.57007,78.8102,160.05829,15.4701605,21.8187,9.964724,2.5954819
2011-10-01,baden_wurttemberg,48.545232464511855,9.032213865282086,823.1355,83.90667,99.69468,8.857427,14.331493,4.293061,2.9696045
2011-11-01,baden_wurttemberg,48.545232464511855,9.032213865282086,11.446667,89.31804,54.903645,4.376228,8.9479065,0.8303837,2.3452673
2011-12-01,baden_wurttemberg,48.545232464511855,9.032213865282086,2449.5388,87.33484,25.487772,3.4016323,6.17375,0.6575949,4.611354
2012-01-01,baden_wurttemberg,48.545232464511855,9.032213865282086,1573.687,87.254684,35.80998,1.635108,4.3828254,-1.0512611,4.179017
2012-02-01,baden_wurttemberg,48.545232464511855,9.032213865282086,315.01724,79.76381,75.92013,-3.7829623,0.09145391,-7.590023,3.3948169
2012-03-01,baden_wurttemberg,48.545232464511855,9.032213865282086,218.91937,72.39483,149.20953,6.963445,13.229131,1.1656061,2.6632416
2012-04-01,baden_wurttemberg,48.545232464511855,9.032213865282086,855.94666,72.31901,159.6879,8.103546,13.310531,2.5912905,3.24422
2012-05-01,baden_wurttemberg,48.545232464511855,9.032213865282086,873.2129,69.95033,243.38252,14.1545515,20.350624,7.83036,2.9764836
2012-06-01,baden_wurttemberg,48.545232464511855,9.032213865282086,1741.2734,75.97104,226.708,16.49195,22.210022,10.9482765,2.8728008
2012-07-01,baden_wurttemberg,48.545232464511855,9.032213865282086,1365.571,75.86876,218.55687,17.348494,22.633543,12.293897,3.0090714
2012-08-01,baden_wurttemberg,48.545232464511855,9.032213865282086,1114.4742,71.40257,219.62813,18.92978,25.278614,12.713642,2.5945437
2012-09-01,baden_wurttemberg,48.545232464511855,9.032213865282086,924.76996,78.98201,150.47589,13.586163,19.880095,7.9089603,2.568297
2012-10-01,baden_wurttemberg,48.545232464511855,9.032213865282086,1088.4935,86.23098,83.34216,8.63914,13.614284,4.092818,2.7342143
2012-11-01,baden_wurttemberg,48.545232464511855,9.032213865282086,1685.3367,89.239624,42.845036,5.1859107,8.418159,2.1047218,2.7906563
2012-12-01,baden_wurttemberg,48.545232464511855,9.032213865282086,1876.6709,87.985596,30.584396,1.5492145,4.433621,-1.6744155,3.8450406
2013-01-01,baden_wurttemberg,48.545232464511855,9.032213865282086,721.1355,88.91515,30.42566,0.33254614,2.4812114,-1.9559264,3.2823257
2013-02-01,baden_wurttemberg,48.545232464511855,9.032213865282086,1195.6643,87.04722,50.92193,-1.6544154,0.9474991,-4.610439,3.175138
2013-03-01,baden_wurttemberg,48.545232464511855,9.032213865282086,612.8613,80.05364,102.10525,1.4967966,5.650366,-2.2954254,3.0334058
2013-04-01,baden_wurttemberg,48.545232464511855,9.032213865282086,1020.7833,75.52107,145.97534,8.337519,12.958468,4.0895247,3.250848
2013-05-01,baden_wurttemberg,48.545232464511855,9.032213865282086,2073.1807,82.12783,168.1988,10.643628,15.234263,6.3810287,3.177219
2013-06-01,baden_wurttemberg,48.545232464511855,9.032213865282086,1136.1968,75.08012,225.04514,15.650015,21.06265,10.204591,2.845103
2013-07-01,baden_wurttemberg,48.545232464511855,9.032213865282086,968.93225,68.31784,269.5002,19.863934,26.3114,13.2683115,2.7057936
2013-08-01,baden_wurttemberg,48.545232464511855,9.032213865282086,1016.4968,74.86991,210.63002,17.585686,23.840204,11.665003,2.2860456
2013-09-01,baden_wurttemberg,48.545232464511855,9.032213865282086,1505.0634,83.15171,131.84784,13.65927,18.572073,9.228957,2.914991
2013-10-01,baden_wurttemberg,48.545232464511855,9.032213865282086,1467.1936,86.14143,79.54239,10.481879,15.13835,6.593312,2.8429375
2013-11-01,baden_wurttemberg,48.545232464511855,9.032213865282086,1307.9501,88.47315,38.04256,3.8611653,6.310348,1.168331,3.3355498
2013-12-01,baden_wurttemberg,48.545232464511855,9.032213865282086,711.8323,85.74404,38.367664,2.3178716,6.0661974,-0.90377706,3.037958
2014-01-01,baden_wurttemberg,48.545232464511855,9.032213865282086,750.0774,88.14493,37.604202,2.8146565,5.9279814,-0.2068687,2.939678
2014-02-01,baden_wurttemberg,48.545232464511855,9.032213865282086,828.6536,82.27491,69.43912,3.7744026,8.112498,-0.17398,3.2600434
2014-03-01,baden_wurttemberg,48.545232464511855,9.032213865282086,221.10968,71.71796,147.74156,6.8109694,13.240805,0.8475611,2.920057
2014-04-01,baden_wurttemberg,48.545232464511855,9.032213865282086,703.6167,72.431984,173.7586,10.484947,16.281378,4.844878,2.6504347
2014-05-01,baden_wurttemberg,48.545232464511855,9.032213865282086,1012.7646,74.32164,212.78207,12.164791,17.626982,6.7716103,3.1462631
2014-06-01,baden_wurttemberg,48.545232464511855,9.032213865282086,657.32336,65.69242,267.25797,16.928844,23.500412,9.920356,2.626128
2014-07-01,baden_wurttemberg,48.545232464511855,9.032213865282086,2687.1194,77.74103,204.00299,18.121244,23.587303,13.1097,2.6645327
2014-08-01,baden_wurttemberg,48.545232464511855,9.032213865282086,1631.3129,80.15023,179.46751,15.660471,20.889925,11.0301485,2.6971793
2014-09-01,baden_wurttemberg,48.545232464511855,9.032213865282086,941.87,86.34807,134.17387,14.388697,19.744757,9.968863,2.1804464
2014-10-01,baden_wurttemberg,48.545232464511855,9.032213865282086,952.5968,88.572914,84.8207,11.739803,16.47905,7.720753,2.5259173
2014-11-01,baden_wurttemberg,48.545232464511855,9.032213865282086,807.08,90.94831,44.07845,6.2151446,9.560613,3.449452,2.4379404
2014-12-01,baden_wurttemberg,48.545232464511855,9.032213865282086,985.13226,87.77543,22.94351,2.6025896,4.7672286,-0.047218323,3.6956992
2015-01-01,baden_wurttemberg,48.545232464511855,9.032213865282086,1486.2743,87.03473,33.286045,1.6243757,4.366188,-1.0298731,3.7937906
2015-02-01,baden_wurttemberg,48.545232464511855,9.032213865282086,453.69644,85.57856,66.574165,-0.688191,2.98216,-4.199362,2.9107275
2015-03-01,baden_wurttemberg,48.545232464511855,9.032213865282086,756.58386,74.74718,130.89641,5.207431,10.804587,-0.11447786,3.551837
2015-04-01,baden_wurttemberg,48.545232464511855,9.032213865282086,858.80664,66.75644,207.04843,8.861865,15.157636,2.1612458,3.0972216
2015-05-01,baden_wurttemberg,48.545232464511855,9.032213865282086,1278.0839,73.64191,206.77629,13.120502,18.483295,7.5086045,2.8469408
2015-06-01,baden_wurttemberg,48.545232464511855,9.032213865282086,1168.6667,74.19668,225.5962,16.700563,22.287453,11.034334,2.7404232
2015-07-01,baden_wurttemberg,48.545232464511855,9.032213865282086,495.80322,63.375618,255.21576,20.807304,27.378798,13.712327,3.0129657
2015-08-01,baden_wurttemberg,48.545232464511855,9.032213865282086,737.5968,70.102325,213.04253,19.954237,26.832888,13.609931,2.494747
2015-09-01,baden_wurttemberg,48.545232464511855,9.032213865282086,682.48,77.226654,135.91876,12.589033,18.040112,7.6390953,2.9837914
2015-10-01,baden_wurttemberg,48.545232464511855,9.032213865282086,415.50647,86.67064,75.66077,8.395441,12.464423,4.614802,2.3606594
2015-11-01,baden_wurttemberg,48.545232464511855,9.032213865282086,1443.5367,83.10238,52.796047,7.0432367,11.219026,3.0944536,3.7830365
2015-12-01,baden_wurttemberg,48.545232464511855,9.032213865282086,380.35162,87.36161,40.655216,5.2136083,9.537853,1.1694014,2.7539675
2016-01-01,baden_wurttemberg,48.545232464511855,9.032213865282086,1730.9839,88.36648,37.555813,1.8112724,4.9281597,-1.4631335,3.499148
2016-02-01,baden_wurttemberg,48.545232464511855,9.032213865282086,1413.8622,84.44427,52.28156,3.3603141,6.557129,0.3878412,4.4169707
2016-03-01,baden_wurttemberg,48.545232464511855,9.032213865282086,758.14197,80.31203,112.18004,3.7296085,8.291665,-0.3268597,3.3854418
2016-04-01,baden_wurttemberg,48.545232464511855,9.032213865282086,1419.0466,78.41405,160.28372,7.8396707,12.921807,2.9693675,2.9565992
2016-05-01,baden_wurttemberg,48.545232464511855,9.032213865282086,1713.242,75.382515,200.73235,12.592865,18.05913,7.2051983,2.9821362
2016-06-01,baden_wurttemberg,48.545232464511855,9.032213865282086,2180.5732,81.13365,188.05348,16.327448,21.5125,11.599347,2.5693967
2016-07-01,baden_wurttemberg,48.545232464511855,9.032213865282086,972.9936,74.03555,214.35393,18.795664,24.561317,12.892203,2.4105752
2016-08-01,baden_wurttemberg,48.545232464511855,9.032213865282086,644.3613,73.57063,216.82904,18.149488,24.691038,11.891971,2.4245625
2016-09-01,baden_wurttemberg,48.545232464511855,9.032213865282086,595.70667,76.10946,157.61836,16.27887,22.7858,10.486357,2.2725885
2016-10-01,baden_wurttemberg,48.545232464511855,9.032213865282086,832.5646,87.66317,75.042984,8.0849905,12.481643,4.1711435,2.5165296
2016-11-01,baden_wurttemberg,48.545232464511855,9.032213865282086,1064.0333,87.776436,41.041782,3.8835123,7.3139567,0.52494264,3.09254
2016-12-01,baden_wurttemberg,48.545232464511855,9.032213865282086,68.148384,87.84902,38.84246,0.8092866,4.558544,-2.4730072,2.4837754
2017-01-01,baden_wurttemberg,48.545232464511855,9.032213865282086,604.89355,85.60429,44.37374,-3.5876646,0.005240081,-7.2243953,3.1415746
2017-02-01,baden_wurttemberg,48.545232464511855,9.032213865282086,700.76074,82.71838,68.30308,3.427656,7.684392,-0.34568855,3.400021
2017-03-01,baden_wurttemberg,48.545232464511855,9.032213865282086,957.6871,74.244934,134.07495,7.421768,12.991173,2.1783915,3.740432
2017-04-01,baden_wurttemberg,48.545232464511855,9.032213865282086,808.07336,71.431435,179.10683,7.479683,13.1860895,1.6841629,2.8491447
2017-05-01,baden_wurttemberg,48.545232464511855,9.032213865282086,1142.3613,73.855865,229.6105,13.927276,19.937069,7.6825795,2.6086218
2017-06-01,baden_wurttemberg,48.545232464511855,9.032213865282086,1156.68,68.38773,260.91992,18.629786,24.88051,11.981213,2.9788015
2017-07-01,baden_wurttemberg,48.545232464511855,9.032213865282086,1818.7,74.374855,205.39323,18.592316,24.391434,13.149794,2.9778087
2017-08-01,baden_wurttemberg,48.545232464511855,9.032213865282086,1320.9839,76.880806,201.46562,18.440727,24.575157,12.894737,2.4235852
2017-09-01,baden_wurttemberg,48.545232464511855,9.032213865282086,935.73334,82.45547,131.33449,12.255567,17.846586,7.6098804,2.5687966
2017-10-01,baden_wurttemberg,48.545232464511855,9.032213865282086,901.0548,83.84331,91.420105,10.403899,15.769009,5.739216,2.9648933
2017-11-01,baden_wurttemberg,48.545232464511855,9.032213865282086,1723.2034,88.044235,38.51907,4.215503,7.352566,1.2330908,3.248534
2017-12-01,baden_wurttemberg,48.545232464511855,9.032213865282086,1285.3613,87.060936,27.474268,1.5691447,4.0768814,-0.93799317,3.8929598
2018-01-01,baden_wurttemberg,48.545232464511855,9.032213865282086,2169.4324,86.39522,34.65829,4.2807684,7.0844274,1.682967,4.197631
2018-02-01,baden_wurttemberg,48.545232464511855,9.032213865282086,526.1929,80.04319,67.75158,-2.1515222,0.7331129,-4.901334,3.4315348
2018-03-01,baden_wurttemberg,48.545232464511855,9.032213865282086,608.5065,78.79505,104.93308,3.1870742,7.6731143,-1.0493196,3.3660412
2018-04-01,baden_wurttemberg,48.545232464511855,9.032213865282086,364.84332,65.87965,209.20541,12.544152,19.399664,5.3861866,3.151096
2018-05-01,baden_wurttemberg,48.545232464511855,9.032213865282086,1312.9839,74.10149,224.68439,15.223891,21.145576,9.455666,2.7577665
2018-06-01,baden_wurttemberg,48.545232464511855,9.032213865282086,833.7667,72.497345,232.41837,17.702194,23.693195,11.611187,2.4610488
2018-07-01,baden_wurttemberg,48.545232464511855,9.032213865282086,669.2226,64.84831,237.40309,20.101706,26.94174,13.276595,2.2992408
2018-08-01,baden_wurttemberg,48.545232464511855,9.032213865282086,708.11615,66.62179,219.64552,19.990698,26.983248,13.478251,2.5307405
2018-09-01,baden_wurttemberg,48.545232464511855,9.032213865282086,671.82336,72.37049,169.78822,15.198785,22.384666,8.766103,2.4288955
2018-10-01,baden_wurttemberg,48.545232464511855,9.032213865282086,421.8258,79.202705,102.55341,10.365864,16.533457,5.0155125,2.7487679
2018-11-01,baden_wurttemberg,48.545232464511855,9.032213865282086,282.62,87.38506,50.142952,4.887031,8.731008,1.4706293,2.638845
2018-12-01,baden_wurttemberg,48.545232464511855,9.032213865282086,1885.5225,88.23586,27.116505,3.1316288,5.6930757,0.53646433,3.7865298
2019-01-01,baden_wurttemberg,48.545232464511855,9.032213865282086,1318.629,86.85913,33.702404,-0.3857922,1.9327532,-3.1243098,3.8284028
2019-02-01,baden_wurttemberg,48.545232464511855,9.032213865282086,388.6286,74.101166,93.17632,3.4167001,9.738515,-1.8362566,2.8905854
2019-03-01,baden_wurttemberg,48.545232464511855,9.032213865282086,1169.6257,72.12359,130.30171,6.360128,11.47086,1.4369617,4.498697
2019-04-01,baden_wurttemberg,48.545232464511855,9.032213865282086,702.35333,70.92841,175.46915,8.98839,14.761577,3.1568441,3.0698645
2019-05-01,baden_wurttemberg,48.545232464511855,9.032213865282086,1651.9968,75.83219,196.8708,10.392845,15.734498,4.9233274,2.9333
2019-06-01,baden_wurttemberg,48.545232464511855,9.032213865282086,1092.1367,70.26822,220.33885,19.049877,25.676634,12.020224,2.5924253
2019-07-01,baden_wurttemberg,48.545232464511855,9.032213865282086,1060.9161,66.768196,222.82587,19.41276,25.86632,12.880187,2.5176144
2019-08-01,baden_wurttemberg,48.545232464511855,9.032213865282086,1219.1582,74.78447,209.91673,18.555351,25.016617,12.529858,2.262846
2019-09-01,baden_wurttemberg,48.545232464511855,9.032213865282086,822.3633,75.72952,154.43968,14.015154,19.730967,8.38452,2.6992676
2019-10-01,baden_wurttemberg,48.545232464511855,9.032213865282086,1434.1581,86.19979,81.328735,10.91232,15.603767,6.75908,2.9836667
2019-11-01,baden_wurttemberg,48.545232464511855,9.032213865282086,895.63666,88.6664,40.21783,4.616934,7.8017344,1.6502938,2.87794
2019-12-01,baden_wurttemberg,48.545232464511855,9.032213865282086,1140.6484,86.22218,36.701122,2.9958973,6.5368505,-0.30334133,3.4331162
2020-01-01,baden_wurttemberg,48.545232464511855,9.032213865282086,449.20966,85.528564,47.08972,2.5309126,6.355176,-1.095018,2.9891057
2020-02-01,baden_wurttemberg,48.545232464511855,9.032213865282086,2266.8171,77.07898,70.7684,5.1526165,9.591418,1.2601756,5.082501
2020-03-01,baden_wurttemberg,48.545232464511855,9.032213865282086,879.25806,71.78621,139.14967,5.1632524,10.305921,0.2571268,4.063601
2020-04-01,baden_wurttemberg,48.545232464511855,9.032213865282086,193.47665,56.56597,240.03108,11.20995,18.69869,3.369659,2.9433043
2020-05-01,baden_wurttemberg,48.545232464511855,9.032213865282086,723.0322,67.39248,230.78477,12.39695,18.595188,5.475896,2.8337896
2020-06-01,baden_wurttemberg,48.545232464511855,9.032213865282086,1424.6702,75.36303,212.06923,15.986448,21.284887,10.748772,2.8450308
2020-07-01,baden_wurttemberg,48.545232464511855,9.032213865282086,510.6613,62.999027,252.43234,18.799131,25.330883,11.471986,2.6608763
2020-08-01,baden_wurttemberg,48.545232464511855,9.032213865282086,1525.2355,70.46805,205.67337,19.454872,25.621244,13.393711,2.4834516
2020-09-01,baden_wurttemberg,48.545232464511855,9.032213865282086,695.15,75.608635,162.9141,15.139399,21.481781,9.359075,2.3975303
2020-10-01,baden_wurttemberg,48.545232464511855,9.032213865282086,1174.2936,84.88376,75.41876,9.342144,13.384719,5.671654,3.055408
2020-11-01,baden_wurttemberg,48.545232464511855,9.032213865282086,391.69333,85.96064,57.777752,5.4939966,10.041537,1.6598752,2.504552
2020-12-01,baden_wurttemberg,48.545232464511855,9.032213865282086,1030.2,89.40083,26.001726,2.3909123,4.9326763,-0.23688748,2.8244574
2021-01-01,baden_wurttemberg,48.545232464511855,9.032213865282086,1556.1677,87.05413,38.550114,0.15778919,2.4639347,-2.5695903,3.490589
2021-02-01,baden_wurttemberg,48.545232464511855,9.032213865282086,835.0321,79.15098,87.00639,3.0496464,8.199392,-1.5748479,3.1337986
2021-03-01,baden_wurttemberg,48.545232464511855,9.032213865282086,720.1935,71.72821,138.16902,4.5563884,10.027946,-0.48821527,3.143745
2021-04-01,baden_wurttemberg,48.545232464511855,9.032213865282086,425.59,66.33947,198.03357,6.206224,12.144729,0.027562022,3.0072837
2021-05-01,baden_wurttemberg,48.545232464511855,9.032213865282086,1687.8645,73.89872,194.93024,10.114501,15.232174,5.0914755,3.7666924
2021-06-01,baden_wurttemberg,48.545232464511855,9.032213865282086,2283.5303,74.23335,261.65594,18.567236,24.67102,12.62404,2.4441292
2021-07-01,baden_wurttemberg,48.545232464511855,9.032213865282086,1956.5775,79.4398,222.10045,17.533577,23.069052,12.463892,2.5170112
2021-08-01,baden_wurttemberg,48.545232464511855,9.032213865282086,1173.742,80.67953,186.69806,16.231604,21.36076,11.629324,2.5849879
2021-09-01,baden_wurttemberg,48.545232464511855,9.032213865282086,441.4,79.229034,172.76163,14.9781885,21.362045,9.175157,2.1644921
2021-10-01,baden_wurttemberg,48.545232464511855,9.032213865282086,666.2645,83.46624,102.04561,8.72632,14.39983,3.8606894,2.5311995
2021-11-01,baden_wurttemberg,48.545232464511855,9.032213865282086,552.12665,89.33232,48.080776,3.1843677,6.246909,0.44526276,2.7453232
2021-12-01,baden_wurttemberg,48.545232464511855,9.032213865282086,1242.9001,89.10544,29.678844,2.7256384,5.410987,0.033441093,3.1855793
2022-01-01,baden_wurttemberg,48.545232464511855,9.032213865282086,837.9516,85.516716,44.768867,1.3030503,4.482028,-1.8250906,3.5696757
2022-02-01,baden_wurttemberg,48.545232464511855,9.032213865282086,1033.3464,77.034386,77.43979,3.9651752,8.024771,0.13504812,4.919531
2022-03-01,baden_wurttemberg,48.545232464511855,9.032213865282086,322.47418,60.763912,154.3174,5.4668207,12.231184,-0.80316126,2.9066129
2022-04-01,baden_wurttemberg,48.545232464511855,9.032213865282086,1298.5067,71.110664,167.89952,7.8428655,13.116941,2.4414032,3.6063533
2022-05-01,baden_wurttemberg,48.545232464511855,9.032213865282086,653.6742,69.29683,236.78964,14.882753,21.150204,8.151895,2.7040465
2022-06-01,baden_wurttemberg,48.545232464511855,9.032213865282086,1295.0033,68.78691,258.6825,18.790806,25.402674,11.745247,2.5107472
2022-07-01,baden_wurttemberg,48.545232464511855,9.032213865282086,388.95807,59.76891,271.34344,20.041973,27.103552,12.395254,2.581964
2022-08-01,baden_wurttemberg,48.545232464511855,9.032213865282086,1105.242,62.52304,196.36243,20.277235,27.258142,13.263061,2.6428516
2022-09-01,baden_wurttemberg,48.545232464511855,9.032213865282086,1491.2367,79.97047,123.13054,13.281248,18.647581,8.612558,2.7948248
2022-10-01,baden_wurttemberg,48.545232464511855,9.032213865282086,1194.0677,85.48994,87.08462,13.009,18.387192,8.421033,2.4415193
2022-11-01,baden_wurttemberg,48.545232464511855,9.032213865282086,1114.4467,88.1673,51.38783,6.375379,10.089112,2.6334372,2.7097123
2022-12-01,baden_wurttemberg,48.545232464511855,9.032213865282086,942.2774,87.67206,30.135782,1.919928,4.5823216,-1.0192498,2.9699945
2023-01-01,baden_wurttemberg,48.545232464511855,9.032213865282086,726.68713,84.54164,31.561138,2.7300718,5.1533384,-0.107912995,3.9120276
2023-02-01,baden_wurttemberg,48.545232464511855,9.032213865282086,367.4107,79.395676,76.73239,2.8452988,7.13023,-0.9385556,3.6145282
2023-03-01,baden_wurttemberg,48.545232464511855,9.032213865282086,1400.1355,74.72598,105.75004,6.2244344,10.872876,1.7280278,3.901215
2023-04-01,baden_wurttemberg,48.545232464511855,9.032213865282086,1268.6633,76.466934,149.19046,7.523616,12.1964855,3.007913,3.2454116
2023-05-01,baden_wurttemberg,48.545232464511855,9.032213865282086,775.0646,73.680275,211.8024,13.330199,18.76126,7.9941325,2.96793
2023-06-01,baden_wurttemberg,48.545232464511855,9.032213865282086,532.7367,59.33711,278.22626,19.055487,25.847742,11.55294,2.8018055
2023-07-01,baden_wurttemberg,48.545232464511855,9.032213865282086,1464.3162,66.785446,230.3252,19.23371,25.466047,12.892202,3.1328533
2023-08-01,baden_wurttemberg,48.545232464511855,9.032213865282086,1745.8,77.12099,161.74208,18.781916,24.537863,13.7030525,2.7625782
2023-09-01,baden_wurttemberg,48.545232464511855,9.032213865282086,396.41333,74.94533,163.11703,17.368427,24.440199,11.026129,2.2721052
2023-10-01,baden_wurttemberg,48.545232464511855,9.032213865282086,1188.0646,78.74608,88.435265,11.992068,17.701872,6.7702327,2.8678873
2023-11-01,baden_wurttemberg,48.545232464511855,9.032213865282086,2637.9568,85.806175,41.359764,5.3871264,8.263634,2.3975945,4.128675
2023-12-01,baden_wurttemberg,48.545232464511855,9.032213865282086,1572.6774,85.20857,29.46084,3.8678145,6.7399893,1.0100555,4.0375443
2024-01-01,baden_wurttemberg,48.545232464511855,9.032213865282086,1136.229,82.72671,41.02685,1.3171163,5.0825877,-2.3432496,3.6645453
2024-02-01,baden_wurttemberg,48.545232464511855,9.032213865282086,1089.6414,81.9082,62.735367,6.526418,10.111596,2.9269204,3.6393192
2024-03-01,baden_wurttemberg,48.545232464511855,9.032213865282086,954.6096,79.44196,113.38305,7.398625,12.415975,2.761973,3.04473
2024-04-01,baden_wurttemberg,48.545232464511855,9.032213865282086,1019.0133,72.44856,166.59706,9.443272,15.036171,3.9685774,3.3591774
2024-05-01,baden_wurttemberg,48.545232464511855,9.032213865282086,2443.0547,77.4131,204.0886,13.629853,18.981018,8.491763,2.7360291
2024-06-01,baden_wurttemberg,48.545232464511855,9.032213865282086,1607.6366,76.255104,222.38217,17.070114,22.539467,11.79018,2.7533643
2024-07-01,baden_wurttemberg,48.545232464511855,9.032213865282086,1212.7871,74.73604,238.54126,19.09455,25.283894,13.216845,2.385367
2024-08-01,baden_wurttemberg,48.545232464511855,9.032213865282086,759.10004,73.44618,226.71043,20.228315,26.763763,13.901744,2.2468088
2024-09-01,baden_wurttemberg,48.545232464511855,9.032213865282086,1687.31,80.95846,134.7686,14.440039,19.48611,10.091869,2.9818773
2024-10-01,baden_wurttemberg,48.545232464511855,9.032213865282086,1040.8259,88.62405,71.374344,11.145989,15.471934,7.2679157,2.487713
2024-11-01,baden_wurttemberg,48.545232464511855,9.032213865282086,887.3534,86.44464,44.634106,4.7714596,7.984897,1.5423076,3.0280087
2024-12-01,baden_wurttemberg,48.545232464511855,9.032213865282086,846.8033,86.85267,31.460615,1.6560856,4.5797048,-1.2136278,3.2291617
2000-01-01,bayern,48.94392554478301,11.404414511159498,1591.6323,86.80701,37.555454,-1.3637413,1.3859044,-4.2971535,2.9796999
2000-02-01,bayern,48.94392554478301,11.404414511159498,2583.852,83.16373,65.26382,2.8184018,6.630341,-0.44761202,3.3296938
2000-03-01,bayern,48.94392554478301,11.404414511159498,3572.758,80.31528,99.69793,4.5154986,8.586414,1.1797897,3.6203732
2000-04-01,bayern,48.94392554478301,11.404414511159498,994.29333,72.92773,178.55336,9.68975,15.629162,4.1885867,2.489912
2000-05-01,bayern,48.94392554478301,11.404414511159498,2710.729,72.1559,234.05283,14.35782,20.543837,8.603593,2.2556353
2000-06-01,bayern,48.94392554478301,11.404414511159498,1620.6433,65.70814,265.68097,17.285202,23.588314,10.544032,2.2956464
2000-07-01,bayern,48.94392554478301,11.404414511159498,4292.8193,78.14799,189.11559,15.052012,20.096012,10.830041,2.6087656
2000-08-01,bayern,48.94392554478301,11.404414511159498,2471.9807,74.39711,209.01494,17.92008,24.177546,12.476358,1.8434756
2000-09-01,bayern,48.94392554478301,11.404414511159498,2832.4834,83.19665,134.51007,13.295036,18.56451,9.233475,2.1445482
2000-10-01,bayern,48.94392554478301,11.404414511159498,2137.1355,86.449524,65.20333,9.756573,13.58373,6.7612715,2.141759
2000-11-01,bayern,48.94392554478301,11.404414511159498,1433.9966,85.79426,46.182392,4.756876,8.486445,1.6424103,2.329325
2000-12-01,bayern,48.94392554478301,11.404414511159498,1249.4902,86.417305,30.942291,1.7091501,4.519015,-0.7734922,2.5494204
2001-01-01,bayern,48.94392554478301,11.404414511159498,1887.9612,85.618324,40.702682,-0.6012348,2.4674315,-3.4316618,2.3682356
2001-02-01,bayern,48.94392554478301,11.404414511159498,1908.8214,80.87835,70.10668,1.5963502,5.6060815,-1.8244193,2.8612957
2001-03-01,bayern,48.94392554478301,11.404414511159498,4165.007,83.50059,90.67654,5.176236,9.098748,1.9188449,2.9727504
2001-04-01,bayern,48.94392554478301,11.404414511159498,2468.9702,77.4033,154.59488,6.435163,11.297256,2.2647882,2.750156
2001-05-01,bayern,48.94392554478301,11.404414511159498,1309.4033,67.8623,244.20737,14.870468,20.736923,8.749456,2.691559
2001-06-01,bayern,48.94392554478301,11.404414511159498,3585.5632,74.49688,216.01706,14.128027,19.216675,9.0472555,2.4612641
2001-07-01,bayern,48.94392554478301,11.404414511159498,1922.1323,70.62852,238.35551,17.873053,23.787231,11.977664,2.3289704
2001-08-01,bayern,48.94392554478301,11.404414511159498,2476.3647,73.58181,204.29428,18.297604,24.460104,12.843781,2.0456986
2001-09-01,bayern,48.94392554478301,11.404414511159498,3939.0637,85.65115,98.308075,10.745573,14.615238,7.7380056,2.6871367
2001-10-01,bayern,48.94392554478301,11.404414511159498,1281.6483,85.13421,92.956024,11.710799,16.994598,7.6812277,1.9981629
2001-11-01,bayern,48.94392554478301,11.404414511159498,2970.6567,88.38982,41.669056,1.9513701,4.921924,-0.69158095,2.3964703
2001-12-01,bayern,48.94392554478301,11.404414511159498,2675.271,86.337296,29.64576,-1.9992049,0.8616449,-5.1369023,3.2239995
2002-01-01,bayern,48.94392554478301,11.404414511159498,843.3161,84.5746,42.003128,-1.1634722,2.1936812,-4.522095,2.7570868
2002-02-01,bayern,48.94392554478301,11.404414511159498,3369.1106,80.36082,62.707283,4.1905794,8.138916,0.71382105,4.3484764
2002-03-01,bayern,48.94392554478301,11.404414511159498,2660.313,75.47821,127.90643,4.9026747,10.60649,0.19698365,2.7884815
2002-04-01,bayern,48.94392554478301,11.404414511159498,1231.2434,71.13985,172.8659,7.6486325,12.940896,2.6078963,2.8517942
2002-05-01,bayern,48.94392554478301,11.404414511159498,2543.1226,75.18224,210.773,13.4709635,18.876331,8.278851,2.4217138
2002-06-01,bayern,48.94392554478301,11.404414511159498,2510.3533,70.334015,250.56885,17.888826,23.695272,11.914648,2.3969007
2002-07-01,bayern,48.94392554478301,11.404414511159498,3331.5195,76.00585,210.07964,17.426357,22.904282,12.403442,2.371541
2002-08-01,bayern,48.94392554478301,11.404414511159498,4387.545,80.13101,185.79845,17.708988,23.1349,13.209407,1.9708762
2002-09-01,bayern,48.94392554478301,11.404414511159498,2936.5967,80.84783,136.77505,11.708704,17.047691,7.302119,2.1224284
2002-10-01,bayern,48.94392554478301,11.404414511159498,3474.6807,84.47777,74.890465,8.089329,12.08623,4.4874177,2.9435685
2002-11-01,bayern,48.94392554478301,11.404414511159498,4025.153,88.75028,36.045254,5.4202456,8.426339,2.804981,2.5122054
2002-12-01,bayern,48.94392554478301,11.404414511159498,2378.3547,88.68804,26.154108,0.68567026,3.0798168,-1.5576173,2.7251215
2003-01-01,bayern,48.94392554478301,11.404414511159498,2500.2034,86.83338,35.71429,-1.5129055,1.3536173,-4.320079,3.0487816
2003-02-01,bayern,48.94392554478301,11.404414511159498,963.1858,81.071785,86.96593,-3.58928,1.3576669,-8.08387,2.406457
2003-03-01,bayern,48.94392554478301,11.404414511159498,623.7612,72.235535,136.97623,4.839763,11.012902,-0.23553075,2.4584382
2003-04-01,bayern,48.94392554478301,11.404414511159498,857.70667,65.21862,196.59819,7.946117,14.079624,1.8019258,3.0993829
2003-05-01,bayern,48.94392554478301,11.404414511159498,2273.8967,72.75683,221.06293,14.457483,20.219933,8.930753,2.7464476
2003-06-01,bayern,48.94392554478301,11.404414511159498,1731.4934,66.36317,276.11407,20.279182,26.73507,13.655105,2.30617
2003-07-01,bayern,48.94392554478301,11.404414511159498,2246.6677,68.07254,240.96475,18.719921,25.079443,12.740881,2.4933925
2003-08-01,bayern,48.94392554478301,11.404414511159498,1055.1322,60.981834,237.14026,21.26234,28.692434,14.265723,2.2080994
2003-09-01,bayern,48.94392554478301,11.404414511159498,1239.4467,73.13051,158.39154,13.111999,19.982435,7.3124013,2.16775
2003-10-01,bayern,48.94392554478301,11.404414511159498,2742.4968,81.70565,80.35952,5.442998,9.893874,1.6187677,2.8909807
2003-11-01,bayern,48.94392554478301,11.404414511159498,984.6167,87.03311,46.996002,4.4158506,8.127172,1.3701376,2.4424064
2003-12-01,bayern,48.94392554478301,11.404414511159498,1423.4098,84.72349,33.794884,0.10193288,3.4444945,-2.912423,2.936732
2004-01-01,bayern,48.94392554478301,11.404414511159498,3598.9226,86.10402,34.40693,-1.3543762,1.2728072,-4.261336,3.0438595
2004-02-01,bayern,48.94392554478301,11.404414511159498,1340.4242,79.16083,65.36917,1.2887205,4.842289,-1.9218178,3.2772212
2004-03-01,bayern,48.94392554478301,11.404414511159498,1230.542,77.17536,123.29649,2.8095715,7.6440473,-1.5251377,2.7740166
2004-04-01,bayern,48.94392554478301,11.404414511159498,1236.6934,71.594604,189.4714,8.847727,14.604358,3.1572454,2.654608
2004-05-01,bayern,48.94392554478301,11.404414511159498,2386.513,73.49479,207.4445,10.973255,16.245523,5.555966,2.5527537
2004-06-01,bayern,48.94392554478301,11.404414511159498,2566.2168,73.048645,220.92928,15.229316,20.695093,9.657622,2.4421127
2004-07-01,bayern,48.94392554478301,11.404414511159498,2954.2517,74.7025,218.67882,17.019045,22.696012,11.882824,2.4462895
2004-08-01,bayern,48.94392554478301,11.404414511159498,2413.371,73.539894,199.19377,17.956886,23.86497,12.918717,2.4782183
2004-09-01,bayern,48.94392554478301,11.404414511159498,2304.5366,76.9627,148.93787,13.475996,19.171219,8.5566,2.5842428
2004-10-01,bayern,48.94392554478301,11.404414511159498,1750.4581,85.02747,82.91086,9.694069,14.438503,5.833273,2.275592
2004-11-01,bayern,48.94392554478301,11.404414511159498,1766.61,88.057465,35.266167,3.1214633,5.7161984,0.59447396,2.956502
2004-12-01,bayern,48.94392554478301,11.404414511159498,1180.187,88.88544,30.609812,-0.83225495,1.689587,-3.2625952,2.3793166
2005-01-01,bayern,48.94392554478301,11.404414511159498,2154.974,83.69348,41.32976,-0.18669492,3.068268,-3.3779576,3.423426
2005-02-01,bayern,48.94392554478301,11.404414511159498,2516.718,85.1185,64.631325,-3.0317073,0.49700314,-6.3287697,2.9058006
2005-03-01,bayern,48.94392554478301,11.404414511159498,1255.4225,78.42398,122.531494,2.4714947,7.5548024,-2.4476297,2.7290952
2005-04-01,bayern,48.94392554478301,11.404414511159498,2548.1667,73.2559,169.98543,8.806995,14.106938,3.4672678,2.517101
2005-05-01,bayern,48.94392554478301,11.404414511159498,2505.4937,72.988,228.72371,12.710607,18.513659,6.753877,2.601467
2005-06-01,bayern,48.94392554478301,11.404414511159498,1837.2101,68.46558,244.57274,16.742311,22.488836,10.57815,2.3608966
2005-07-01,bayern,48.94392554478301,11.404414511159498,3512.7612,74.69298,212.48947,17.612799,23.336237,12.320494,2.5706582
2005-08-01,bayern,48.94392554478301,11.404414511159498,3775.0,79.29629,175.94266,15.337271,20.47912,10.655853,2.3892446
2005-09-01,bayern,48.94392554478301,11.404414511159498,1780.8367,80.062935,149.12483,14.332677,20.043716,9.467675,2.1527255
2005-10-01,bayern,48.94392554478301,11.404414511159498,979.1387,83.42621,98.770805,9.792676,15.259831,5.327599,2.316665
2005-11-01,bayern,48.94392554478301,11.404414511159498,1286.04,89.15729,40.84333,2.3433187,5.2797284,-0.5937935,2.2812347
2005-12-01,bayern,48.94392554478301,11.404414511159498,1928.5581,89.65389,28.594933,-1.2337991,0.98790413,-3.804233,2.7526295
2006-01-01,bayern,48.94392554478301,11.404414511159498,904.5484,85.73833,45.76195,-3.9988418,-0.56411016,-7.33607,2.3037486
2006-02-01,bayern,48.94392554478301,11.404414511159498,1778.6749,85.0027,62.821228,-1.7335422,1.5808618,-4.986599,2.8636405
2006-03-01,bayern,48.94392554478301,11.404414511159498,2962.2065,81.794395,106.40376,1.0932027,5.1738315,-2.9134667,3.1337018
2006-04-01,bayern,48.94392554478301,11.404414511159498,2609.4,77.42542,158.95091,7.839493,12.732594,3.2954428,2.6587806
2006-05-01,bayern,48.94392554478301,11.404414511159498,3419.6836,70.93921,216.2218,12.644898,18.006853,7.2181377,3.1878815
2006-06-01,bayern,48.94392554478301,11.404414511159498,2088.0732,70.45871,256.78055,16.673248,22.706459,10.348923,2.2418149
2006-07-01,bayern,48.94392554478301,11.404414511159498,1611.7,66.61748,275.7986,21.242334,28.055956,14.458431,2.1314166
2006-08-01,bayern,48.94392554478301,11.404414511159498,4266.0483,81.53756,157.02902,14.391787,19.2714,10.460875,2.7563157
2006-09-01,bayern,48.94392554478301,11.404414511159498,1030.25,77.587944,163.39125,16.004026,22.13502,10.459495,2.2572114
2006-10-01,bayern,48.94392554478301,11.404414511159498,1427.0935,83.42143,94.94992,11.123374,16.580217,6.495203,2.3398364
2006-11-01,bayern,48.94392554478301,11.404414511159498,1383.34,85.811584,46.64391,5.463643,9.167521,1.8624735,2.9369657
2006-12-01,bayern,48.94392554478301,11.404414511159498,1165.9355,87.05336,36.779366,2.1785154,5.427728,-0.7673538,2.3585467
2007-01-01,bayern,48.94392554478301,11.404414511159498,2408.8936,83.71518,34.240242,3.511231,6.178427,0.42526028,4.3874407
2007-02-01,bayern,48.94392554478301,11.404414511159498,2285.018,84.79549,68.074524,3.5949428,7.461718,0.16173007,2.9240735
2007-03-01,bayern,48.94392554478301,11.404414511159498,1533.229,76.49123,128.12697,5.12313,10.325633,0.3190386,3.1916428
2007-04-01,bayern,48.94392554478301,11.404414511159498,222.56668,60.95076,240.8078,11.342908,18.7724,3.5207298,2.5850768
2007-05-01,bayern,48.94392554478301,11.404414511159498,4516.026,69.67035,227.18062,13.959631,19.844593,7.7492156,3.1033688
2007-06-01,bayern,48.94392554478301,11.404414511159498,3043.79,74.469284,236.16586,17.207926,22.93545,11.793398,2.639231
2007-07-01,bayern,48.94392554478301,11.404414511159498,3925.9033,74.24809,221.76016,17.169653,22.846043,11.864442,3.0018601
2007-08-01,bayern,48.94392554478301,11.404414511159498,2629.7903,77.69119,189.20093,16.370983,21.928547,11.139447,2.0772893
2007-09-01,bayern,48.94392554478301,11.404414511159498,3428.8599,83.22408,126.70637,11.469594,16.544004,6.883289,2.425703
2007-10-01,bayern,48.94392554478301,11.404414511159498,644.3226,86.028305,85.74897,7.5083556,12.274518,3.36579,1.9595777
2007-11-01,bayern,48.94392554478301,11.404414511159498,2892.2666,89.52944,37.063976,1.7031095,4.386538,-0.85796577,3.062023
2007-12-01,bayern,48.94392554478301,11.404414511159498,1772.226,86.96964,30.390965,-0.17173827,2.346408,-2.6660526,2.7500467
2008-01-01,bayern,48.94392554478301,11.404414511159498,1363.4645,83.15307,41.26517,1.9708731,5.2103715,-1.2070934,2.9720283
2008-02-01,bayern,48.94392554478301,11.404414511159498,1418.3103,78.00758,86.85702,2.5743437,7.6891503,-1.9905595,2.637471
2008-03-01,bayern,48.94392554478301,11.404414511159498,2721.387,78.12111,108.2084,3.4605658,7.475137,-0.49317223,3.8471804
2008-04-01,bayern,48.94392554478301,11.404414511159498,3052.6335,78.52084,156.14453,7.3549175,12.269991,2.5942516,2.7430007
2008-05-01,bayern,48.94392554478301,11.404414511159498,959.2516,68.93737,238.19536,14.256892,20.246973,8.046606,2.5142212
2008-06-01,bayern,48.94392554478301,11.404414511159498,2120.6167,73.63082,230.07713,17.017876,22.662418,11.401825,2.2585373
2008-07-01,bayern,48.94392554478301,11.404414511159498,2951.3872,72.8974,217.49837,17.522934,23.563736,11.999869,2.5094767
2008-08-01,bayern,48.94392554478301,11.404414511159498,2585.4355,75.50478,196.18898,17.019077,22.999002,11.551945,2.382754
2008-09-01,bayern,48.94392554478301,11.404414511159498,1836.6968,81.84785,122.113144,11.615509,16.472845,7.210759,2.2064939
2008-10-01,bayern,48.94392554478301,11.404414511159498,1808.2872,87.079575,78.31786,8.312173,12.873661,4.218866,2.185345
2008-11-01,bayern,48.94392554478301,11.404414511159498,1293.93,87.0796,43.991272,3.820558,7.48107,0.39161322,2.5657814
2008-12-01,bayern,48.94392554478301,11.404414511159498,1646.9677,87.829475,30.211298,0.0512732,2.4716132,-2.268302,2.7672617
2009-01-01,bayern,48.94392554478301,11.404414511159498,785.2065,86.47812,42.178665,-3.9724977,-0.38381478,-7.299124,2.0429485
2009-02-01,bayern,48.94392554478301,11.404414511159498,2109.593,86.32743,56.86789,-1.000117,2.0467448,-4.1885877,2.9270475
2009-03-01,bayern,48.94392554478301,11.404414511159498,2577.7646,82.44659,92.96611,3.1165264,6.718274,-0.25430995,3.2469642
2009-04-01,bayern,48.94392554478301,11.404414511159498,1316.7733,67.91087,206.5071,11.438233,18.022425,4.7387257,2.553641
2009-05-01,bayern,48.94392554478301,11.404414511159498,2826.4001,75.57409,219.7321,13.712257,19.442055,7.8687396,2.589925
2009-06-01,bayern,48.94392554478301,11.404414511159498,3532.7202,75.78347,209.63683,14.859051,20.00707,9.694817,2.6251614
2009-07-01,bayern,48.94392554478301,11.404414511159498,3512.284,76.74242,216.28825,17.513851,23.302948,12.134094,2.5042536
2009-08-01,bayern,48.94392554478301,11.404414511159498,1547.371,74.223625,215.50467,18.359219,24.818106,12.07886,2.1192596
2009-09-01,bayern,48.94392554478301,11.404414511159498,1342.7034,80.73785,146.62817,14.431695,20.211473,9.316269,2.128293
2009-10-01,bayern,48.94392554478301,11.404414511159498,2082.0518,85.670784,74.47859,7.6659946,11.619169,3.9355335,2.4916508
2009-11-01,bayern,48.94392554478301,11.404414511159498,2118.8333,86.281784,43.74652,5.9238644,9.550881,2.499802,2.7505524
2009-12-01,bayern,48.94392554478301,11.404414511159498,2424.0647,88.081825,28.02757,-0.46925768,2.3620918,-3.4993734,2.768561
2010-01-01,bayern,48.94392554478301,11.404414511159498,1380.4968,89.766815,30.471222,-3.7790983,-1.6552613,-6.3804245,2.5698242
2010-02-01,bayern,48.94392554478301,11.404414511159498,1332.4822,84.05062,61.080612,-1.106276,2.2273417,-4.267243,2.7955682
2010-03-01,bayern,48.94392554478301,11.404414511159498,1305.358,75.11496,122.4892,3.2982686,8.1986265,-1.3263805,3.475128
2010-04-01,bayern,48.94392554478301,11.404414511159498,723.26,68.13244,197.92589,8.195915,14.385864,1.6997895,2.597771
2010-05-01,bayern,48.94392554478301,11.404414511159498,3577.9194,82.92256,156.15749,10.736619,14.925426,6.814792,2.759824
2010-06-01,bayern,48.94392554478301,11.404414511159498,2765.3635,74.71538,222.27106,16.207655,21.463476,10.7309,2.407006
2010-07-01,bayern,48.94392554478301,11.404414511159498,3535.1292,71.51259,245.74274,19.439545,25.73694,12.990081,2.258909
2010-08-01,bayern,48.94392554478301,11.404414511159498,5072.752,81.99825,163.77461,16.065989,21.059008,11.430333,2.6557684
2010-09-01,bayern,48.94392554478301,11.404414511159498,1514.9501,83.0868,134.49219,11.44016,16.729439,6.560528,2.2422488
2010-10-01,bayern,48.94392554478301,11.404414511159498,964.0355,85.0228,84.46356,7.098713,11.812698,2.890157,2.3982108
2010-11-01,bayern,48.94392554478301,11.404414511159498,2225.2466,87.769745,39.386967,4.366317,7.1791563,1.4841042,2.9910219
2010-12-01,bayern,48.94392554478301,11.404414511159498,2975.4355,90.19357,26.853256,-3.7318873,-0.9162791,-7.042187,2.7789571
2011-01-01,bayern,48.94392554478301,11.404414511159498,1935.513,88.96988,36.53611,-0.5364453,2.2280276,-3.5134614,2.6260107
2011-02-01,bayern,48.94392554478301,11.404414511159498,716.575,82.75068,66.43804,0.042257387,3.7635043,-3.2749994,2.5883648
2011-03-01,bayern,48.94392554478301,11.404414511159498,880.03864,71.84014,138.90338,4.7865033,10.719063,-0.77628565,2.7270973
2011-04-01,bayern,48.94392554478301,11.404414511159498,720.13666,66.296364,208.15155,10.877692,17.576189,3.9039092,2.8054712
2011-05-01,bayern,48.94392554478301,11.404414511159498,2167.039,65.27906,253.01192,13.593455,20.570948,6.183321,2.5305893
2011-06-01,bayern,48.94392554478301,11.404414511159498,3096.2097,76.74295,210.03244,16.100422,21.506939,10.966283,2.6522532
2011-07-01,bayern,48.94392554478301,11.404414511159498,3957.526,78.32345,199.37434,15.54891,21.00276,10.533951,2.6666396
2011-08-01,bayern,48.94392554478301,11.404414511159498,2382.3838,77.19328,204.37756,18.005909,24.356623,12.3107815,2.3315942
2011-09-01,bayern,48.94392554478301,11.404414511159498,2048.6,81.50642,152.15767,14.809764,20.920677,9.37707,2.176384
2011-10-01,bayern,48.94392554478301,11.404414511159498,1771.5614,84.17686,96.63362,8.233966,13.582087,3.5413933,2.5744853
2011-11-01,bayern,48.94392554478301,11.404414511159498,8.726666,88.55699,52.27886,3.1448514,7.4480686,-0.22849752,2.0952716
2011-12-01,bayern,48.94392554478301,11.404414511159498,3603.132,87.92574,25.299438,2.5250707,5.217446,0.015669897,3.755222
2012-01-01,bayern,48.94392554478301,11.404414511159498,3288.7097,86.81023,36.44912,0.60799754,3.3953397,-2.1189659,3.7764404
2012-02-01,bayern,48.94392554478301,11.404414511159498,843.11035,81.1322,71.53446,-4.5600967,-0.839203,-8.339223,3.0126188
2012-03-01,bayern,48.94392554478301,11.404414511159498,494.76453,75.90553,138.4565,6.0976624,11.851869,0.64964575,2.431482
2012-04-01,bayern,48.94392554478301,11.404414511159498,1429.3467,71.24625,168.64337,8.107763,13.460012,2.5587199,2.8311186
2012-05-01,bayern,48.94392554478301,11.404414511159498,1796.1292,67.879524,244.10692,14.049837,20.454466,7.4224033,2.6189377
2012-06-01,bayern,48.94392554478301,11.404414511159498,3451.5767,76.10503,221.38516,16.411394,22.159655,10.645661,2.6005547
2012-07-01,bayern,48.94392554478301,11.404414511159498,2502.5388,76.02887,210.39851,17.482674,22.890667,12.189829,2.6922748
2012-08-01,bayern,48.94392554478301,11.404414511159498,3101.6484,71.83844,213.71796,18.416813,24.906296,12.076994,2.296254
2012-09-01,bayern,48.94392554478301,11.404414511159498,1805.9635,80.13695,145.41557,13.277676,19.384123,7.4809794,2.154421
2012-10-01,bayern,48.94392554478301,11.404414511159498,1717.684,86.44277,81.22764,7.825493,12.418095,3.5661993,2.3238237
2012-11-01,bayern,48.94392554478301,11.404414511159498,2072.7065,89.28398,40.014996,4.3278046,7.3334146,1.5600723,2.386554
2012-12-01,bayern,48.94392554478301,11.404414511159498,3112.0227,88.44334,29.829706,0.41608772,3.0823293,-2.5524945,3.033169
2013-01-01,bayern,48.94392554478301,11.404414511159498,2191.555,88.88391,29.273653,-0.4533318,1.7184653,-2.8577738,2.8431258
2013-02-01,bayern,48.94392554478301,11.404414511159498,2120.7715,87.80442,50.872795,-1.9481133,0.6540217,-4.6779613,2.6732473
2013-03-01,bayern,48.94392554478301,11.404414511159498,1070.6483,78.44154,108.05599,0.7140886,4.999505,-3.0965924,2.8599086
2013-04-01,bayern,48.94392554478301,11.404414511159498,1230.4233,76.12937,147.03214,8.156364,13.044022,3.4963565,2.769871
2013-05-01,bayern,48.94392554478301,11.404414511159498,4428.9287,82.11661,168.77069,11.087541,15.761688,6.7617927,2.742867
2013-06-01,bayern,48.94392554478301,11.404414511159498,3877.8235,77.4791,215.26007,15.310237,20.544046,10.067833,2.4786546
2013-07-01,bayern,48.94392554478301,11.404414511159498,863.0613,67.29109,266.15128,19.601274,26.23355,12.718887,2.2949255
2013-08-01,bayern,48.94392554478301,11.404414511159498,2539.9517,74.08304,203.65503,17.551836,23.900555,11.415432,2.0619113
2013-09-01,bayern,48.94392554478301,11.404414511159498,3056.5466,83.221375,122.86809,12.86146,17.48493,8.456924,2.5135562
2013-10-01,bayern,48.94392554478301,11.404414511159498,1906.6743,85.71258,82.52491,9.480053,14.247874,5.126622,2.3944852
2013-11-01,bayern,48.94392554478301,11.404414511159498,2140.4268,89.44578,36.00642,3.4753792,6.111226,0.71910024,2.7213333
2013-12-01,bayern,48.94392554478301,11.404414511159498,587.2258,87.39263,34.509842,1.5207789,4.7723866,-1.3222997,2.629213
2014-01-01,bayern,48.94392554478301,11.404414511159498,1294.642,89.803474,34.84265,1.682301,4.5954394,-1.1627276,2.3517663
2014-02-01,bayern,48.94392554478301,11.404414511159498,709.8286,82.266106,72.88829,2.9772162,7.488841,-1.1279807,2.5924244
2014-03-01,bayern,48.94392554478301,11.404414511159498,668.2065,73.26958,140.92126,6.3678284,12.856142,0.3634107,2.589693
2014-04-01,bayern,48.94392554478301,11.404414511159498,1112.5934,75.10371,169.88477,10.080195,15.871422,4.377297,2.4819505
2014-05-01,bayern,48.94392554478301,11.404414511159498,2923.613,76.48869,200.29462,11.889424,17.14713,6.621566,2.799964
2014-06-01,bayern,48.94392554478301,11.404414511159498,1226.7467,67.09391,256.96576,16.351816,22.843473,9.298432,2.3403912
2014-07-01,bayern,48.94392554478301,11.404414511159498,3979.6646,75.89383,214.08553,18.31277,24.089668,12.782289,2.3344715
2014-08-01,bayern,48.94392554478301,11.404414511159498,3388.5742,80.096,173.55008,15.530459,20.90471,10.536612,2.3079884
2014-09-01,bayern,48.94392554478301,11.404414511159498,2090.8032,86.870674,124.19032,14.017982,19.112223,9.658249,2.0038269
2014-10-01,bayern,48.94392554478301,11.404414511159498,2233.1775,89.38716,80.0538,10.892161,15.265421,6.9854364,2.151276
2014-11-01,bayern,48.94392554478301,11.404414511159498,901.6367,90.432816,40.780125,5.4562383,8.5581875,2.621379,2.3030972
2014-12-01,bayern,48.94392554478301,11.404414511159498,1814.0646,87.5117,23.272614,2.0744479,4.2686815,-0.53455704,3.1495266
2015-01-01,bayern,48.94392554478301,11.404414511159498,2430.2,87.23296,32.580532,1.0762507,3.6476336,-1.5055519,3.314408
2015-02-01,bayern,48.94392554478301,11.404414511159498,534.9322,86.107376,69.06253,-1.2490742,2.3403082,-4.725045,2.5129297
2015-03-01,bayern,48.94392554478301,11.404414511159498,1590.0935,75.50857,123.063446,4.5970087,9.909746,-0.36347917,3.116202
2015-04-01,bayern,48.94392554478301,11.404414511159498,1489.2533,68.64309,198.99864,8.113193,14.422019,1.5914743,2.8689446
2015-05-01,bayern,48.94392554478301,11.404414511159498,2627.5356,74.815025,195.93306,12.706907,17.882906,7.219544,2.4685378
2015-06-01,bayern,48.94392554478301,11.404414511159498,2546.9534,74.15692,214.2168,16.398912,21.859386,10.90672,2.5127301
2015-07-01,bayern,48.94392554478301,11.404414511159498,1192.8613,65.40029,245.84511,20.373827,26.902548,13.454568,2.6997168
2015-08-01,bayern,48.94392554478301,11.404414511159498,1531.6033,68.113945,214.35399,20.243666,27.349773,13.459828,2.2258558
2015-09-01,bayern,48.94392554478301,11.404414511159498,1377.3033,78.30925,128.933,12.51656,18.012648,7.5849385,2.5199597
2015-10-01,bayern,48.94392554478301,11.404414511159498,1516.571,87.0434,74.013245,7.9039526,11.975767,4.0468006,2.0321372
2015-11-01,bayern,48.94392554478301,11.404414511159498,2724.19,83.590004,49.974514,6.495621,10.761363,2.482481,3.22121
2015-12-01,bayern,48.94392554478301,11.404414511159498,884.40967,88.15888,36.690926,4.3818974,8.097011,0.8597373,2.3570821
2016-01-01,bayern,48.94392554478301,11.404414511159498,2732.5356,88.69735,36.026306,0.3795033,3.3499222,-2.7500906,2.7969615
2016-02-01,bayern,48.94392554478301,11.404414511159498,2432.307,84.29608,56.324543,3.0410023,6.5117674,-0.17387982,3.6743226
2016-03-01,bayern,48.94392554478301,11.404414511159498,1276.8517,80.92426,106.74736,3.4532816,7.775211,-0.38773373,2.8279517
2016-04-01,bayern,48.94392554478301,11.404414511159498,1680.73,75.705025,165.45874,7.8282685,13.310479,2.5044131,2.6462178
2016-05-01,bayern,48.94392554478301,11.404414511159498,2980.4773,73.603485,204.3983,12.712967,18.233828,7.194052,2.9017375
2016-06-01,bayern,48.94392554478301,11.404414511159498,3806.8,80.32119,198.41373,16.364443,21.791975,11.530881,2.221723
2016-07-01,bayern,48.94392554478301,11.404414511159498,3027.1194,75.782585,209.03044,18.46176,24.263586,12.829165,2.274355
2016-08-01,bayern,48.94392554478301,11.404414511159498,1887.771,75.56338,207.76753,17.48304,23.835966,11.390521,2.1545544
2016-09-01,bayern,48.94392554478301,11.404414511159498,2027.16,77.950356,159.38248,15.931831,22.387066,10.322694,2.0561113
2016-10-01,bayern,48.94392554478301,11.404414511159498,1368.6838,88.70601,67.51624,7.835327,11.881754,4.065983,2.0961583
2016-11-01,bayern,48.94392554478301,11.404414511159498,1965.9434,88.24064,41.303997,3.147364,6.5192366,-0.15010034,2.5222216
2016-12-01,bayern,48.94392554478301,11.404414511159498,349.5742,87.92651,33.483128,0.23084533,3.1343532,-2.634129,2.4055936
2017-01-01,bayern,48.94392554478301,11.404414511159498,1276.4679,85.79219,43.92968,-4.8477826,-1.0285965,-8.720323,2.711685
2017-02-01,bayern,48.94392554478301,11.404414511159498,1211.875,82.437454,69.38169,2.4631777,6.4959917,-0.97364515,2.9582524
2017-03-01,bayern,48.94392554478301,11.404414511159498,1849.2773,74.98193,127.48822,6.729891,11.954071,1.6552807,3.2386549
2017-04-01,bayern,48.94392554478301,11.404414511159498,2007.4133,73.61842,159.1794,7.060896,12.208735,1.8133483,2.8197994
2017-05-01,bayern,48.94392554478301,11.404414511159498,2153.5745,73.222946,230.34245,13.739153,19.944595,7.2383475,2.4450705
2017-06-01,bayern,48.94392554478301,11.404414511159498,2363.5232,68.28984,252.70714,18.204054,24.432407,11.449718,2.7037234
2017-07-01,bayern,48.94392554478301,11.404414511159498,3775.9775,75.14208,209.52815,18.21946,24.029282,12.734535,2.6768987
2017-08-01,bayern,48.94392554478301,11.404414511159498,3126.6355,77.46238,205.15486,18.265167,24.471922,12.517529,2.206994
2017-09-01,bayern,48.94392554478301,11.404414511159498,2115.0767,85.05807,120.43972,11.641095,16.892704,7.2012777,2.1576047
2017-10-01,bayern,48.94392554478301,11.404414511159498,2104.9226,85.36496,84.002045,10.057259,14.733605,5.9880376,2.8711817
2017-11-01,bayern,48.94392554478301,11.404414511159498,2451.9133,88.730804,36.131912,3.743752,6.5467267,1.0409765,2.7910483
2017-12-01,bayern,48.94392554478301,11.404414511159498,2299.5808,88.01838,27.847788,0.9023812,3.3856494,-1.5311251,3.2549143
2018-01-01,bayern,48.94392554478301,11.404414511159498,3110.0127,87.293236,34.379654,3.1328638,5.992922,0.42581496,3.438591
2018-02-01,bayern,48.94392554478301,11.404414511159498,830.4679,81.517136,72.18483,-2.9654534,0.114567064,-5.975225,2.7807302
2018-03-01,bayern,48.94392554478301,11.404414511159498,1253.8323,79.18002,107.25349,2.2635396,6.660326,-1.8566655,3.0626779
2018-04-01,bayern,48.94392554478301,11.404414511159498,705.7167,66.00765,212.35175,12.521365,19.422821,5.517434,2.8365731
2018-05-01,bayern,48.94392554478301,11.404414511159498,1993.8353,70.94106,234.00703,15.71148,22.012115,9.723211,2.6845887
2018-06-01,bayern,48.94392554478301,11.404414511159498,2190.3035,72.40871,220.32333,17.447834,23.278627,11.701621,2.3557272
2018-07-01,bayern,48.94392554478301,11.404414511159498,1620.6743,66.261314,236.31451,19.456457,26.339073,12.630045,2.1090932
2018-08-01,bayern,48.94392554478301,11.404414511159498,1510.4258,66.76749,218.79054,19.946901,26.908318,13.19418,2.2279491
2018-09-01,bayern,48.94392554478301,11.404414511159498,1876.4468,75.52165,162.65031,14.686021,21.468266,8.754147,2.192765
2018-10-01,bayern,48.94392554478301,11.404414511159498,1016.21936,79.72926,99.55575,10.111508,16.348305,4.77489,2.4867148
2018-11-01,bayern,48.94392554478301,11.404414511159498,553.11664,87.32931,46.557205,4.3367295,7.821318,1.1488758,2.4512832
2018-12-01,bayern,48.94392554478301,11.404414511159498,3613.642,88.532364,25.29691,2.3152153,4.785813,-0.17521898,3.3909855
2019-01-01,bayern,48.94392554478301,11.404414511159498,2827.326,86.40242,34.147675,-0.9998481,1.4193561,-3.643083,3.6137235
2019-02-01,bayern,48.94392554478301,11.404414511159498,1018.7358,77.55051,88.2266,2.004315,7.7900543,-2.8308861,2.4636166
2019-03-01,bayern,48.94392554478301,11.404414511159498,1957.6227,74.58796,122.95282,5.9010444,10.921366,1.2056599,3.8705263
2019-04-01,bayern,48.94392554478301,11.404414511159498,882.15674,65.16142,189.59418,9.459399,15.606403,3.2587733,3.1163926
2019-05-01,bayern,48.94392554478301,11.404414511159498,3500.2195,76.14507,188.77878,10.240289,15.378085,4.9584475,2.6609063
2019-06-01,bayern,48.94392554478301,11.404414511159498,1460.7267,67.7999,236.60089,19.620562,26.523262,12.262096,2.4487758
2019-07-01,bayern,48.94392554478301,11.404414511159498,2173.071,67.3105,219.49928,19.079826,25.536186,12.674389,2.3207095
2019-08-01,bayern,48.94392554478301,11.404414511159498,2525.9194,76.231636,198.35417,18.468737,24.664251,12.754101,2.083187
2019-09-01,bayern,48.94392554478301,11.404414511159498,1700.4867,77.537186,144.6737,13.568544,19.209444,8.046117,2.3590152
2019-10-01,bayern,48.94392554478301,11.404414511159498,2168.916,85.57918,84.77851,10.199381,15.083045,5.7642665,2.537968
2019-11-01,bayern,48.94392554478301,11.404414511159498,1390.79,89.22088,38.936714,4.43537,7.514464,1.4047923,2.4837084
2019-12-01,bayern,48.94392554478301,11.404414511159498,1623.9065,86.41035,34.58816,2.2592914,5.6149464,-0.9500063,2.7672422
2020-01-01,bayern,48.94392554478301,11.404414511159498,821.65485,86.662254,44.725376,1.3773464,4.916195,-1.9584004,2.4633446
2020-02-01,bayern,48.94392554478301,11.404414511159498,3791.8174,78.575485,67.50766,4.2599216,8.369665,0.5295987,4.4346304
2020-03-01,bayern,48.94392554478301,11.404414511159498,1331.4806,71.509636,137.10986,4.611592,9.680224,-0.36965284,3.60252
2020-04-01,bayern,48.94392554478301,11.404414511159498,673.99335,57.35381,234.9087,10.320899,17.856073,2.413308,2.698506
2020-05-01,bayern,48.94392554478301,11.404414511159498,1550.4291,69.6117,220.8113,11.596015,17.691309,5.044021,2.4783387
2020-06-01,bayern,48.94392554478301,11.404414511159498,4074.94,76.6976,213.06204,15.831056,21.040087,10.6762905,2.5252922
2020-07-01,bayern,48.94392554478301,11.404414511159498,1889.6742,68.05444,252.13245,18.094143,24.44249,11.394661,2.3251586
2020-08-01,bayern,48.94392554478301,11.404414511159498,3581.2163,73.54159,203.40846,18.965477,25.065807,13.1756935,2.299594
2020-09-01,bayern,48.94392554478301,11.404414511159498,1720.6135,78.44172,160.0629,14.439095,20.68777,8.760025,2.0232036
2020-10-01,bayern,48.94392554478301,11.404414511159498,2167.003,86.38526,75.253525,8.916596,12.894774,5.24254,2.5678384
2020-11-01,bayern,48.94392554478301,11.404414511159498,567.3467,87.49884,52.905846,4.317076,8.192729,0.92873544,2.0876803
2020-12-01,bayern,48.94392554478301,11.404414511159498,1350.3032,89.018105,27.434237,1.2983541,3.7647586,-1.1220344,2.4365795
2021-01-01,bayern,48.94392554478301,11.404414511159498,2288.2095,86.75612,39.099937,-0.75821996,1.7492961,-3.5449672,2.8872006
2021-02-01,bayern,48.94392554478301,11.404414511159498,1470.0679,81.59224,88.11847,1.4982982,6.5604434,-3.0278168,2.5133681
2021-03-01,bayern,48.94392554478301,11.404414511159498,1186.6387,73.08126,131.5258,3.8110087,9.27258,-1.1127433,2.7525249
2021-04-01,bayern,48.94392554478301,11.404414511159498,851.37665,68.522675,188.04825,5.8009124,11.605971,0.037454452,2.750269
2021-05-01,bayern,48.94392554478301,11.404414511159498,3457.3357,74.778206,198.94041,10.070028,15.197459,4.949691,3.2649095
2021-06-01,bayern,48.94392554478301,11.404414511159498,3599.4336,71.924255,271.45538,18.599007,24.960014,12.363514,2.1898525
2021-07-01,bayern,48.94392554478301,11.404414511159498,4006.4,79.304596,228.17474,17.600618,23.146101,12.4527025,2.2625983
2021-08-01,bayern,48.94392554478301,11.404414511159498,3746.1226,81.234566,183.13208,15.956876,21.23048,11.475055,2.2797017
2021-09-01,bayern,48.94392554478301,11.404414511159498,1031.3467,79.7695,169.53197,14.665166,20.876545,9.144014,1.8378015
2021-10-01,bayern,48.94392554478301,11.404414511159498,863.35486,83.72349,102.1588,8.1051655,13.392755,3.4292989,2.206811
2021-11-01,bayern,48.94392554478301,11.404414511159498,1417.6733,89.82137,50.444595,3.0641844,5.8318353,0.55520374,2.328817
2021-12-01,bayern,48.94392554478301,11.404414511159498,2241.5483,89.77677,28.473305,1.6511883,4.16843,-0.79347503,2.5683975
2022-01-01,bayern,48.94392554478301,11.404414511159498,1697.113,86.23876,39.818058,1.0733861,3.6572194,-1.6227632,3.2231505
2022-02-01,bayern,48.94392554478301,11.404414511159498,1752.9249,77.12367,75.66959,3.255665,7.2781324,-0.59344536,4.3529634
2022-03-01,bayern,48.94392554478301,11.404414511159498,496.72906,60.77911,140.27417,4.422482,11.154877,-1.8006384,2.488079
2022-04-01,bayern,48.94392554478301,11.404414511159498,1990.4934,72.13882,142.98007,7.107113,12.484763,1.7675066,3.219669
2022-05-01,bayern,48.94392554478301,11.404414511159498,1761.2711,71.321724,234.67216,14.551831,20.646418,8.214724,2.3915048
2022-06-01,bayern,48.94392554478301,11.404414511159498,2332.02,68.81016,262.88907,18.694412,25.2367,11.76699,2.2906234
2022-07-01,bayern,48.94392554478301,11.404414511159498,1213.3708,62.73508,256.0778,19.379602,26.250015,12.077124,2.3569102
2022-08-01,bayern,48.94392554478301,11.404414511159498,2211.4937,66.39141,170.13956,19.604013,26.294899,12.992486,2.281564
2022-09-01,bayern,48.94392554478301,11.404414511159498,3470.7002,82.09658,115.10076,12.576433,17.824799,8.02302,2.354915
2022-10-01,bayern,48.94392554478301,11.404414511159498,1919.6451,86.69027,83.99438,11.961596,17.342651,7.267203,1.996447
2022-11-01,bayern,48.94392554478301,11.404414511159498,1818.22,89.0201,53.077126,5.3188877,9.13793,1.709336,2.1366534
2022-12-01,bayern,48.94392554478301,11.404414511159498,1783.2386,87.84982,29.851244,1.1164769,3.7986746,-1.7480425,2.5318966
2023-01-01,bayern,48.94392554478301,11.404414511159498,1133.1322,84.77988,31.209509,2.2193651,4.717685,-0.61203814,3.1279128
2023-02-01,bayern,48.94392554478301,11.404414511159498,1513.4786,81.0643,74.46429,1.8833023,5.8160577,-1.760218,3.1870944
2023-03-01,bayern,48.94392554478301,11.404414511159498,2287.8386,76.96728,104.809166,5.449931,10.174266,1.1080835,3.3945422
2023-04-01,bayern,48.94392554478301,11.404414511159498,2448.4402,76.892525,143.88843,6.8839574,11.458281,2.3618581,2.8434687
2023-05-01,bayern,48.94392554478301,11.404414511159498,1884.6902,71.423706,211.58496,13.100842,18.609453,7.4835343,2.68874
2023-06-01,bayern,48.94392554478301,11.404414511159498,1105.1534,62.376614,269.19177,18.246735,24.970963,11.052772,2.4808114
2023-07-01,bayern,48.94392554478301,11.404414511159498,2796.8098,67.18909,229.79878,19.155182,25.505213,12.842939,2.6533933
2023-08-01,bayern,48.94392554478301,11.404414511159498,4925.781,78.40351,153.94765,18.392698,24.009954,13.436523,2.4057276
2023-09-01,bayern,48.94392554478301,11.404414511159498,721.3633,77.66198,151.15977,16.621134,23.534636,10.460248,1.9536847
2023-10-01,bayern,48.94392554478301,11.404414511159498,1795.9453,80.70232,85.52037,11.476215,16.9215,6.490999,2.4392967
2023-11-01,bayern,48.94392554478301,11.404414511159498,4561.5405,85.99426,47.751247,4.7136273,7.732045,1.7220995,3.4666824
2023-12-01,bayern,48.94392554478301,11.404414511159498,3349.9128,85.858376,29.295568,2.8041341,5.5847974,-0.17686124,3.5076356
2024-01-01,bayern,48.94392554478301,11.404414511159498,2317.1548,82.260666,41.415928,0.41882798,4.0293155,-3.1877725,3.2095742
2024-02-01,bayern,48.94392554478301,11.404414511159498,2011.662,82.37389,60.826115,6.115344,9.648866,2.673363,3.200154
2024-03-01,bayern,48.94392554478301,11.404414511159498,1268.6548,77.565674,117.60159,7.1454573,12.548429,2.1283004,2.7732174
2024-04-01,bayern,48.94392554478301,11.404414511159498,1938.9834,72.05178,174.38704,9.550682,15.298089,3.9905367,3.0040963
2024-05-01,bayern,48.94392554478301,11.404414511159498,4356.074,75.552826,216.37245,14.029231,19.461761,8.766252,2.605589
2024-06-01,bayern,48.94392554478301,11.404414511159498,3299.94,76.04888,228.42545,17.207064,22.761044,11.856065,2.4720228
2024-07-01,bayern,48.94392554478301,11.404414511159498,2821.058,75.37551,235.85016,19.072489,25.151848,13.263586,2.157304
2024-08-01,bayern,48.94392554478301,11.404414511159498,2195.858,75.63206,219.84486,19.968649,26.364874,13.90534,2.0297432
2024-09-01,bayern,48.94392554478301,11.404414511159498,4454.93,79.80207,142.55206,14.472638,19.62218,10.016169,2.7734923
2024-10-01,bayern,48.94392554478301,11.404414511159498,1711.9097,89.04676,73.31254,10.602204,14.479168,6.990063,2.2500184
2024-11-01,bayern,48.94392554478301,11.404414511159498,1361.7966,86.781395,44.154167,3.8923776,6.995213,1.0840657,2.601325
2024-12-01,bayern,48.94392554478301,11.404414511159498,1547.9614,88.03761,31.622988,0.96561223,3.4725974,-1.4252012,2.7509925
2000-01-01,berlin,52.48321692319644,13.399888269908896,17.748388,82.70612,27.82258,1.567043,3.9369085,-1.3363978,4.7991934
2000-02-01,berlin,52.48321692319644,13.399888269908896,21.789656,80.913605,52.804596,4.4067245,7.541523,1.5921264,4.963247
2000-03-01,berlin,52.48321692319644,13.399888269908896,32.474194,78.45231,78.33602,5.594435,8.996479,2.5536559,5.008387
2000-04-01,berlin,52.48321692319644,13.399888269908896,14.176666,67.34262,172.75276,12.100833,17.387388,6.5272217,3.5580828
2000-05-01,berlin,52.48321692319644,13.399888269908896,10.441936,56.494007,245.35754,16.656237,22.440804,10.162526,3.1779835
2000-06-01,berlin,52.48321692319644,13.399888269908896,10.416667,59.33134,227.6639,18.644056,23.937529,12.872695,4.0238338
2000-07-01,berlin,52.48321692319644,13.399888269908896,21.058064,72.099884,152.6559,16.984274,21.15664,13.26699,3.811801
2000-08-01,berlin,52.48321692319644,13.399888269908896,33.425808,70.143005,193.86559,18.484652,23.844086,13.5457535,2.7103493
2000-09-01,berlin,52.48321692319644,13.399888269908896,24.11,78.74528,117.73889,14.325695,18.668612,10.4510565,3.4604445
2000-10-01,berlin,52.48321692319644,13.399888269908896,9.241936,81.852104,63.75,12.166316,15.796184,9.129838,3.4542205
2000-11-01,berlin,52.48321692319644,13.399888269908896,9.440001,82.52987,38.25833,6.8500557,10.022639,3.9753609,3.4615
2000-12-01,berlin,52.48321692319644,13.399888269908896,16.216127,86.16848,23.830645,3.1439247,5.3527684,0.7982257,3.7575
2001-01-01,berlin,52.48321692319644,13.399888269908896,14.522581,87.35783,24.97043,1.1413441,3.2825,-1.4360752,3.389247
2001-02-01,berlin,52.48321692319644,13.399888269908896,16.035713,80.89138,51.81548,1.9405355,5.334137,-1.5523511,4.1789584
2001-03-01,berlin,52.48321692319644,13.399888269908896,20.16129,79.04312,84.57795,3.3694623,6.593038,0.47782254,3.8765051
2001-04-01,berlin,52.48321692319644,13.399888269908896,13.323334,73.1809,136.31944,8.412277,13.055638,4.0950274,3.7838056
2001-05-01,berlin,52.48321692319644,13.399888269908896,14.903226,64.08049,237.62634,15.263789,20.526129,9.502688,3.6684945
2001-06-01,berlin,52.48321692319644,13.399888269908896,22.82,74.22132,198.60555,15.22036,20.144915,10.389,3.7975273
2001-07-01,berlin,52.48321692319644,13.399888269908896,23.06129,65.867226,220.00537,20.277554,25.414703,14.502392,3.9854572
2001-08-01,berlin,52.48321692319644,13.399888269908896,17.387096,72.19085,178.63171,19.632578,24.982445,14.838979,3.3801613
2001-09-01,berlin,52.48321692319644,13.399888269908896,52.97667,84.894325,90.40277,12.952222,16.446695,10.151834,3.9042776
2001-10-01,berlin,52.48321692319644,13.399888269908896,14.7612915,84.962074,69.22043,12.9702425,16.8357,9.597634,3.5398655
2001-11-01,berlin,52.48321692319644,13.399888269908896,16.240002,85.50033,29.980555,4.426,6.9550824,1.3559445,4.129139
2001-12-01,berlin,52.48321692319644,13.399888269908896,20.16129,85.71227,17.14785,0.09241933,2.0473924,-2.050833,4.5119624
2002-01-01,berlin,52.48321692319644,13.399888269908896,14.393549,82.443474,28.911291,2.1894355,4.7627683,-0.6602687,4.678683
2002-02-01,berlin,52.48321692319644,13.399888269908896,36.08214,76.4782,57.345234,5.501905,9.122352,2.0242262,5.6130652
2002-03-01,berlin,52.48321692319644,13.399888269908896,16.254839,74.740715,92.075264,5.653387,9.520968,2.2251344,4.1133604
2002-04-01,berlin,52.48321692319644,13.399888269908896,18.463333,69.969635,143.575,8.955972,13.390582,4.3107777,3.320583
2002-05-01,berlin,52.48321692319644,13.399888269908896,25.206453,72.95402,193.18819,15.887015,20.580564,11.309085,3.0972311
2002-06-01,berlin,52.48321692319644,13.399888269908896,14.393333,69.18978,210.56946,18.031334,22.595083,12.9204445,3.858472
2002-07-01,berlin,52.48321692319644,13.399888269908896,23.403225,71.465836,180.9301,19.447607,24.336721,14.687955,3.6238441
2002-08-01,berlin,52.48321692319644,13.399888269908896,47.59355,72.85494,185.68817,21.078466,26.39508,16.333736,2.607957
2002-09-01,berlin,52.48321692319644,13.399888269908896,16.113335,73.84891,131.7,14.933389,19.840055,10.306305,3.3162498
2002-10-01,berlin,52.48321692319644,13.399888269908896,39.74839,83.08014,66.93548,8.302742,12.090806,4.863575,5.3923926
2002-11-01,berlin,52.48321692319644,13.399888269908896,20.733334,87.12726,31.166666,4.365805,7.113416,1.5560278,4.415806
2002-12-01,berlin,52.48321692319644,13.399888269908896,4.9193554,82.68079,21.62903,-1.7797312,0.20580648,-3.7653763,4.9896235
2003-01-01,berlin,52.48321692319644,13.399888269908896,24.241936,87.0532,23.258064,-0.0582258,2.566075,-3.02586,4.914274
2003-02-01,berlin,52.48321692319644,13.399888269908896,2.3785715,78.53353,65.08036,-1.5382143,2.30247,-4.987024,3.0134223
2003-03-01,berlin,52.48321692319644,13.399888269908896,7.9064517,71.93372,112.59139,4.7505646,9.811586,0.053467732,4.343736
2003-04-01,berlin,52.48321692319644,13.399888269908896,8.756667,59.101665,180.22221,9.375889,14.723999,3.4061387,5.4828053
2003-05-01,berlin,52.48321692319644,13.399888269908896,11.225806,62.923244,224.96236,15.810483,21.350296,9.771424,4.3459406
2003-06-01,berlin,52.48321692319644,13.399888269908896,17.843334,59.161373,258.69724,19.87486,25.409388,13.580277,3.7785833
2003-07-01,berlin,52.48321692319644,13.399888269908896,20.087097,67.598305,210.3844,20.433199,25.801992,15.4748125,3.3454568
2003-08-01,berlin,52.48321692319644,13.399888269908896,9.32258,60.542847,212.67204,20.720806,26.844328,14.713898,3.5136557
2003-09-01,berlin,52.48321692319644,13.399888269908896,14.726666,71.035866,142.4611,15.105695,21.20247,9.597305,3.0324442
2003-10-01,berlin,52.48321692319644,13.399888269908896,19.106453,80.2049,74.241936,6.390887,10.803548,2.2366667,3.4265592
2003-11-01,berlin,52.48321692319644,13.399888269908896,14.106667,85.84084,35.2,6.4558334,9.531722,3.6258888,3.6983883
2003-12-01,berlin,52.48321692319644,13.399888269908896,15.6548395,80.35347,24.225807,2.8355913,5.6199994,0.03567201,4.5630374
2004-01-01,berlin,52.48321692319644,13.399888269908896,27.583874,84.1771,25.387094,-0.9701343,1.4297581,-3.6036022,3.675
2004-02-01,berlin,52.48321692319644,13.399888269908896,20.044828,78.616356,48.08908,3.0779598,5.954741,0.14873563,4.5559483
2004-03-01,berlin,52.48321692319644,13.399888269908896,5.9096775,72.17718,98.991936,5.489059,9.377606,1.6009946,4.3258333
2004-04-01,berlin,52.48321692319644,13.399888269908896,8.443333,66.4747,167.56944,10.470639,15.811889,5.0302777,3.4174442
2004-05-01,berlin,52.48321692319644,13.399888269908896,13.0,70.79483,185.29301,13.18301,17.774622,8.122527,3.6914246
2004-06-01,berlin,52.48321692319644,13.399888269908896,23.94,70.97846,203.47778,16.214832,21.126778,11.154166,3.7753887
2004-07-01,berlin,52.48321692319644,13.399888269908896,34.332256,71.71842,207.28764,18.037312,23.124731,12.944972,3.583226
2004-08-01,berlin,52.48321692319644,13.399888269908896,25.745161,68.18632,197.06721,20.069462,25.362795,14.863602,3.4058063
2004-09-01,berlin,52.48321692319644,13.399888269908896,13.110001,71.91219,139.17778,14.837583,20.027058,9.797889,3.8556385
2004-10-01,berlin,52.48321692319644,13.399888269908896,8.63871,79.87539,74.916664,10.4933605,14.790429,6.3575263,3.485215
2004-11-01,berlin,52.48321692319644,13.399888269908896,25.113335,86.64373,30.355555,4.913361,7.4383607,2.1559722,4.173389
2004-12-01,berlin,52.48321692319644,13.399888269908896,11.380646,86.5026,19.626345,2.509516,4.6940055,0.06868277,3.9410484
2005-01-01,berlin,52.48321692319644,13.399888269908896,20.774193,82.840546,25.155914,3.2216396,5.4523926,0.82857513,5.384355
2005-02-01,berlin,52.48321692319644,13.399888269908896,19.00357,81.28122,47.726185,-0.116517864,2.412351,-2.9473217,4.1254163
2005-03-01,berlin,52.48321692319644,13.399888269908896,6.8451614,72.19011,102.997314,3.7872045,7.759435,-0.25922045,4.277231
2005-04-01,berlin,52.48321692319644,13.399888269908896,5.9400005,60.5229,185.98055,10.432971,16.246778,4.3597503,3.4066107
2005-05-01,berlin,52.48321692319644,13.399888269908896,36.05484,70.67069,209.05914,14.07871,19.162472,9.060483,3.4880104
2005-06-01,berlin,52.48321692319644,13.399888269908896,15.163334,65.56136,231.48613,17.129807,22.469751,10.980611,4.0361943
2005-07-01,berlin,52.48321692319644,13.399888269908896,61.545162,73.25266,200.25269,19.340967,24.127901,14.941209,4.118199
2005-08-01,berlin,52.48321692319644,13.399888269908896,22.158066,75.01531,173.50806,17.095322,21.879463,12.484032,4.020188
2005-09-01,berlin,52.48321692319644,13.399888269908896,20.746666,75.79311,145.64723,16.05175,21.535942,10.758723,3.4328334
2005-10-01,berlin,52.48321692319644,13.399888269908896,13.341936,79.94334,88.395164,11.644893,16.593924,7.5047307,4.5510755
2005-11-01,berlin,52.48321692319644,13.399888269908896,9.086666,86.729164,35.844444,4.997444,7.818527,1.999389,4.29275
2005-12-01,berlin,52.48321692319644,13.399888269908896,20.835484,88.93528,19.661291,1.561183,3.8270428,-0.9720161,5.2911553
2006-01-01,berlin,52.48321692319644,13.399888269908896,8.022581,83.0297,32.14516,-3.5351343,-0.61134404,-6.6300797,3.6498659
2006-02-01,berlin,52.48321692319644,13.399888269908896,17.067858,83.437706,42.842266,0.16169645,2.676637,-2.527321,4.3896728
2006-03-01,berlin,52.48321692319644,13.399888269908896,17.122581,78.86225,89.41398,1.7714785,5.376371,-1.8651346,4.4209943
2006-04-01,berlin,52.48321692319644,13.399888269908896,15.959999,73.2785,144.53612,9.32125,13.899445,4.7415276,3.4905555
2006-05-01,berlin,52.48321692319644,13.399888269908896,20.345161,64.88003,223.27422,14.457957,19.789675,8.767957,3.9843013
2006-06-01,berlin,52.48321692319644,13.399888269908896,7.95,64.34027,239.99445,18.640806,24.001501,12.574471,2.8572223
2006-07-01,berlin,52.48321692319644,13.399888269908896,20.8,55.764355,274.83603,24.073654,30.32879,17.158468,2.8180914
2006-08-01,berlin,52.48321692319644,13.399888269908896,34.60645,75.97802,153.8871,17.533468,22.221613,13.687608,3.522527
2006-09-01,berlin,52.48321692319644,13.399888269908896,6.3933334,69.63782,150.28612,18.180834,23.947805,12.814445,3.694194
2006-10-01,berlin,52.48321692319644,13.399888269908896,10.658064,80.30019,71.747314,12.539678,17.046316,8.496989,3.5955646
2006-11-01,berlin,52.48321692319644,13.399888269908896,14.8,83.64329,35.716663,7.77075,11.02211,4.52375,4.436389
2006-12-01,berlin,52.48321692319644,13.399888269908896,12.5,83.96178,21.803762,5.7506986,7.9881186,3.356828,4.290645
2007-01-01,berlin,52.48321692319644,13.399888269908896,35.94516,79.95525,26.231184,5.5284133,7.945994,2.695161,6.446882
2007-02-01,berlin,52.48321692319644,13.399888269908896,22.182144,82.804924,45.532734,3.682738,6.3928866,1.0474405,4.259732
2007-03-01,berlin,52.48321692319644,13.399888269908896,21.406452,72.47947,114.70431,7.708118,12.255994,3.3806717,4.334032
2007-04-01,berlin,52.48321692319644,13.399888269908896,0.15333334,58.24016,201.79167,12.127721,18.086971,5.70725,3.9385555
2007-05-01,berlin,52.48321692319644,13.399888269908896,56.558067,68.418976,225.0,15.946156,21.632393,10.118682,4.099597
2007-06-01,berlin,52.48321692319644,13.399888269908896,46.61667,72.40186,213.70833,19.178473,24.410582,14.220584,3.45325
2007-07-01,berlin,52.48321692319644,13.399888269908896,42.35484,73.05327,190.02422,18.608385,23.350294,13.9425,3.9363978
2007-08-01,berlin,52.48321692319644,13.399888269908896,35.890324,74.35834,183.5457,18.43508,23.678467,13.16949,3.1424732
2007-09-01,berlin,52.48321692319644,13.399888269908896,31.276665,78.91938,117.93333,13.6185,17.99011,9.397362,3.8510554
2007-10-01,berlin,52.48321692319644,13.399888269908896,1.7741935,81.99505,69.29839,8.705887,12.503253,4.847769,2.80914
2007-11-01,berlin,52.48321692319644,13.399888269908896,21.676666,86.94486,29.372223,4.072944,6.5281944,1.370361,4.3416667
2007-12-01,berlin,52.48321692319644,13.399888269908896,11.6967745,85.328705,18.287636,2.4760215,4.3928223,0.3734946,3.8848116
2008-01-01,berlin,52.48321692319644,13.399888269908896,40.383873,83.536415,25.459677,3.9136293,6.4100266,0.8909678,4.8845963
2008-02-01,berlin,52.48321692319644,13.399888269908896,7.8206897,77.49151,56.22414,5.0169253,8.369339,1.6717815,4.3719254
2008-03-01,berlin,52.48321692319644,13.399888269908896,25.925806,76.869835,97.90322,4.937151,8.845215,1.3528495,5.129973
2008-04-01,berlin,52.48321692319644,13.399888269908896,26.880001,75.834236,138.90279,8.932194,13.164307,4.64,3.3355
2008-05-01,berlin,52.48321692319644,13.399888269908896,2.6258063,60.60913,249.45699,15.751987,21.78234,9.132366,3.0683062
2008-06-01,berlin,52.48321692319644,13.399888269908896,12.663334,57.311802,255.10834,18.898165,24.659668,12.326362,3.726083
2008-07-01,berlin,52.48321692319644,13.399888269908896,14.712903,66.88386,210.43819,19.747526,25.383736,14.1701355,3.5202415
2008-08-01,berlin,52.48321692319644,13.399888269908896,19.509678,70.979485,168.50807,18.771772,23.78234,13.698708,3.9127147
2008-09-01,berlin,52.48321692319644,13.399888269908896,23.623333,77.06574,114.40278,13.735443,18.189554,9.522916,3.6074445
2008-10-01,berlin,52.48321692319644,13.399888269908896,28.109678,84.31327,67.80108,9.777096,13.806747,5.980564,4.7510753
2008-11-01,berlin,52.48321692319644,13.399888269908896,12.346667,85.57428,25.983332,5.915583,8.217,3.2813053,5.6196113
2008-12-01,berlin,52.48321692319644,13.399888269908896,13.709679,87.30164,18.766129,1.9101076,3.6812637,-0.19956987,4.700322
2009-01-01,berlin,52.48321692319644,13.399888269908896,7.348387,86.88357,26.841398,-1.9403225,0.8258333,-5.364704,3.9466665
2009-02-01,berlin,52.48321692319644,13.399888269908896,20.014286,84.87295,38.633926,0.87375003,3.0406845,-1.2900594,5.0428567
2009-03-01,berlin,52.48321692319644,13.399888269908896,16.800001,78.25827,83.66935,5.375887,8.874086,1.9370966,4.845941
2009-04-01,berlin,52.48321692319644,13.399888269908896,0.96000004,58.186127,212.76111,13.417443,19.989248,6.697861,3.4956388
2009-05-01,berlin,52.48321692319644,13.399888269908896,34.20968,65.94202,229.5,14.394328,20.17207,8.279193,3.5026882
2009-06-01,berlin,52.48321692319644,13.399888269908896,28.756666,71.037254,200.76111,15.706444,20.56711,10.937332,4.0490003
2009-07-01,berlin,52.48321692319644,13.399888269908896,23.300001,69.09615,219.8925,19.584112,25.007498,14.442929,4.1248116
2009-08-01,berlin,52.48321692319644,13.399888269908896,10.206451,62.297115,211.16667,20.135592,26.372366,13.590295,3.9252422
2009-09-01,berlin,52.48321692319644,13.399888269908896,13.696667,71.816956,139.70833,15.723666,21.293444,10.319917,4.1164446
2009-10-01,berlin,52.48321692319644,13.399888269908896,31.229034,84.40074,58.73387,8.078387,11.153306,4.992043,4.7441936
2009-11-01,berlin,52.48321692319644,13.399888269908896,27.816666,83.010864,32.752777,7.7198615,10.4745,5.1306944,5.2665277
2009-12-01,berlin,52.48321692319644,13.399888269908896,24.390322,88.45536,20.021505,0.09413978,1.9639248,-2.1765053,4.2037635
2010-01-01,berlin,52.48321692319644,13.399888269908896,9.980645,85.61094,20.62903,-4.7971773,-2.786398,-7.3756447,4.850161
2010-02-01,berlin,52.48321692319644,13.399888269908896,10.467857,81.93215,46.169643,-0.055357132,2.5092556,-2.6230948,4.751012
2010-03-01,berlin,52.48321692319644,13.399888269908896,14.8032255,74.40952,98.80106,5.06164,9.198602,0.71532255,5.2230916
2010-04-01,berlin,52.48321692319644,13.399888269908896,5.2300005,63.187042,179.39722,9.560223,15.238639,3.5728886,4.6104164
2010-05-01,berlin,52.48321692319644,13.399888269908896,31.580648,77.26157,148.89516,11.477391,15.194058,7.311505,4.1887903
2010-06-01,berlin,52.48321692319644,13.399888269908896,1.32,63.19954,250.49724,18.001999,23.554945,11.390611,3.7705834
2010-07-01,berlin,52.48321692319644,13.399888269908896,21.293549,57.74356,247.27959,22.750269,28.791746,16.062122,3.6436021
2010-08-01,berlin,52.48321692319644,13.399888269908896,45.422585,76.195564,153.19086,18.572876,23.07567,14.464381,3.9497852
2010-09-01,berlin,52.48321692319644,13.399888269908896,35.753334,79.61375,117.07223,13.312028,17.6675,9.109834,4.473111
2010-10-01,berlin,52.48321692319644,13.399888269908896,8.374193,79.14273,78.36291,8.149059,12.320267,4.193521,5.2459674
2010-11-01,berlin,52.48321692319644,13.399888269908896,38.8,86.29996,23.775,5.100389,7.1721115,2.8024168,4.956639
2010-12-01,berlin,52.48321692319644,13.399888269908896,25.641935,88.51529,16.935484,-4.3974195,-2.0832796,-7.643844,5.0212636
2011-01-01,berlin,52.48321692319644,13.399888269908896,13.925806,86.628746,23.7957,1.49543,3.7888978,-0.91561824,4.5353494
2011-02-01,berlin,52.48321692319644,13.399888269908896,9.942858,71.615685,57.458332,-0.15485114,2.8296425,-3.1470537,5.777202
2011-03-01,berlin,52.48321692319644,13.399888269908896,6.1838713,67.87433,119.19892,5.032957,10.349999,-0.099677406,4.426801
2011-04-01,berlin,52.48321692319644,13.399888269908896,13.456667,61.835373,184.37776,12.875833,18.544361,7.2868056,4.937778
2011-05-01,berlin,52.48321692319644,13.399888269908896,9.132258,58.826244,239.30646,15.108844,21.670725,8.344543,4.318629
2011-06-01,berlin,52.48321692319644,13.399888269908896,24.296665,64.19459,240.43611,18.568083,24.29461,12.824944,4.2529445
2011-07-01,berlin,52.48321692319644,13.399888269908896,77.67742,73.4721,178.01343,17.772203,21.938654,13.647096,5.0306993
2011-08-01,berlin,52.48321692319644,13.399888269908896,29.074192,74.57693,171.70699,18.615562,23.48446,13.907688,3.3307254
2011-09-01,berlin,52.48321692319644,13.399888269908896,23.91,76.227615,137.66667,15.815026,21.11986,10.657223,2.9095278
2011-10-01,berlin,52.48321692319644,13.399888269908896,13.996775,81.751625,84.338715,10.115887,15.167258,5.7417207,3.4530106
2011-11-01,berlin,52.48321692319644,13.399888269908896,0.0,86.492584,43.18611,4.5598054,8.563638,1.2226944,3.083861
2011-12-01,berlin,52.48321692319644,13.399888269908896,27.83226,83.65741,18.534945,4.672258,6.788897,2.231774,5.1564784
2012-01-01,berlin,52.48321692319644,13.399888269908896,22.487095,82.68991,27.107529,1.9455376,4.1514783,-0.44239244,4.936801
2012-02-01,berlin,52.48321692319644,13.399888269908896,13.4758625,79.36964,55.09195,-1.7433333,1.5327587,-5.663161,4.0904307
2012-03-01,berlin,52.48321692319644,13.399888269908896,3.1290321,70.51772,111.20699,7.49301,12.324704,2.839328,4.108871
2012-04-01,berlin,52.48321692319644,13.399888269908896,10.740001,64.79258,158.20277,9.536388,14.781444,4.0615277,3.6949441
2012-05-01,berlin,52.48321692319644,13.399888269908896,13.980645,61.925415,227.07257,15.619999,21.262177,9.371774,3.6252415
2012-06-01,berlin,52.48321692319644,13.399888269908896,32.510002,70.15913,194.28333,16.339832,21.207972,11.0569725,3.5189168
2012-07-01,berlin,52.48321692319644,13.399888269908896,46.593548,73.94735,208.11829,18.742474,23.798788,13.793064,3.0980647
2012-08-01,berlin,52.48321692319644,13.399888269908896,19.341936,72.19617,195.12634,18.892525,24.398306,13.525215,2.9327686
2012-09-01,berlin,52.48321692319644,13.399888269908896,11.21,73.39759,135.54167,14.85511,20.376,9.491166,3.2148054
2012-10-01,berlin,52.48321692319644,13.399888269908896,11.97742,81.808266,74.34946,9.291318,14.128143,4.849381,3.2108333
2012-11-01,berlin,52.48321692319644,13.399888269908896,18.923332,87.427925,29.094446,5.599528,8.027805,2.9813607,3.4045832
2012-12-01,berlin,52.48321692319644,13.399888269908896,16.16129,87.40366,19.14516,0.751344,3.0589514,-1.7076882,3.679516
2013-01-01,berlin,52.48321692319644,13.399888269908896,23.290321,86.605,19.548388,0.13295703,1.9875001,-2.154597,3.904597
2013-02-01,berlin,52.48321692319644,13.399888269908896,14.185715,85.94445,36.30655,0.2827679,2.09872,-1.69625,3.5007439
2013-03-01,berlin,52.48321692319644,13.399888269908896,10.787096,74.06422,102.92742,-0.72260743,2.9612095,-4.3022313,3.9259675
2013-04-01,berlin,52.48321692319644,13.399888269908896,9.216667,66.98124,148.18056,9.1461115,13.730361,4.291111,3.4401665
2013-05-01,berlin,52.48321692319644,13.399888269908896,32.867744,71.840485,184.5672,14.249354,19.37008,8.847016,3.3208063
2013-06-01,berlin,52.48321692319644,13.399888269908896,27.526669,68.244545,223.13335,17.672388,22.799973,12.088084,3.5989723
2013-07-01,berlin,52.48321692319644,13.399888269908896,13.980644,64.28274,244.45967,20.899488,26.688871,14.792015,2.938817
2013-08-01,berlin,52.48321692319644,13.399888269908896,21.580647,69.02557,196.77419,19.150269,25.038656,13.628818,2.941559
2013-09-01,berlin,52.48321692319644,13.399888269908896,25.736666,81.539764,107.02222,13.324443,17.61011,9.240277,3.4451942
2013-10-01,berlin,52.48321692319644,13.399888269908896,23.103226,80.784325,69.83602,11.266209,15.596802,6.7421765,3.4799192
2013-11-01,berlin,52.48321692319644,13.399888269908896,21.116669,87.6691,28.513891,5.506388,7.9544716,2.7297497,3.5337775
2013-12-01,berlin,52.48321692319644,13.399888269908896,15.590323,84.009766,21.077957,4.3298926,6.745645,2.0908334,4.1192737
2014-01-01,berlin,52.48321692319644,13.399888269908896,11.890323,86.66134,24.75,0.6434141,2.9369354,-1.9320968,4.159758
2014-02-01,berlin,52.48321692319644,13.399888269908896,3.5928571,76.250725,65.02381,5.1107736,9.510447,1.091012,3.6781251
2014-03-01,berlin,52.48321692319644,13.399888269908896,7.467742,74.04284,112.72312,7.752285,13.188521,2.5931451,3.4567204
2014-04-01,berlin,52.48321692319644,13.399888269908896,10.51,70.93506,166.8611,11.93364,17.314775,6.783444,3.450611
2014-05-01,berlin,52.48321692319644,13.399888269908896,33.170967,71.305275,196.57796,13.624005,18.71914,8.329919,3.68164
2014-06-01,berlin,52.48321692319644,13.399888269908896,19.95,67.33291,216.69167,17.176445,22.643442,11.328416,3.1826668
2014-07-01,berlin,52.48321692319644,13.399888269908896,31.045162,68.394875,228.66399,21.511343,27.61688,15.989597,2.9809678
2014-08-01,berlin,52.48321692319644,13.399888269908896,13.041935,70.76182,184.57259,17.579489,23.14785,12.262607,3.2126343
2014-09-01,berlin,52.48321692319644,13.399888269908896,11.586668,79.01354,121.63889,16.143139,20.853056,11.732917,3.1441386
2014-10-01,berlin,52.48321692319644,13.399888269908896,14.251613,85.51757,69.31989,12.501129,16.304462,8.939973,2.827715
2014-11-01,berlin,52.48321692319644,13.399888269908896,2.16,88.05756,33.30278,6.9353614,9.359722,4.565639,3.342611
2014-12-01,berlin,52.48321692319644,13.399888269908896,20.141937,87.45441,17.212366,2.8019354,4.920806,0.20161287,4.528441
2015-01-01,berlin,52.48321692319644,13.399888269908896,28.309677,86.276634,22.680107,3.0815055,5.1039515,0.84666663,4.869059
2015-02-01,berlin,52.48321692319644,13.399888269908896,3.0107143,82.37641,62.205353,1.8119345,5.630833,-1.6972618,3.5683033
2015-03-01,berlin,52.48321692319644,13.399888269908896,15.806452,74.12136,101.55914,6.070188,10.384192,1.7554837,4.2277956
2015-04-01,berlin,52.48321692319644,13.399888269908896,8.79,65.619835,183.90833,9.27925,15.077667,3.139333,4.0126667
2015-05-01,berlin,52.48321692319644,13.399888269908896,6.625807,64.01476,215.73119,13.3511305,19.215698,6.396479,3.6043546
2015-06-01,berlin,52.48321692319644,13.399888269908896,18.013334,64.15008,209.84444,16.832277,22.16072,11.254582,3.4631665
2015-07-01,berlin,52.48321692319644,13.399888269908896,25.903229,64.68478,223.53227,19.963762,25.565508,14.250321,3.9636562
2015-08-01,berlin,52.48321692319644,13.399888269908896,11.751614,62.480927,211.13441,22.082474,29.128927,15.467929,3.1447046
2015-09-01,berlin,52.48321692319644,13.399888269908896,12.846667,77.50863,131.24167,14.205556,19.964304,9.180166,3.4300554
2015-10-01,berlin,52.48321692319644,13.399888269908896,24.529034,82.73791,69.93817,8.561451,12.589274,4.938441,2.8730106
2015-11-01,berlin,52.48321692319644,13.399888269908896,28.886665,85.10614,34.09444,7.7343884,11.023723,4.3914723,4.306583
2015-12-01,berlin,52.48321692319644,13.399888269908896,9.629032,83.18755,23.319893,7.1374726,9.605699,4.2340055,4.4102693
2016-01-01,berlin,52.48321692319644,13.399888269908896,15.82258,84.90611,26.38172,-0.1478763,2.3881452,-3.0949192,3.9053495
2016-02-01,berlin,52.48321692319644,13.399888269908896,18.334484,81.50535,51.57184,4.0083046,7.106954,1.0407759,4.5845685
2016-03-01,berlin,52.48321692319644,13.399888269908896,9.312903,79.01627,88.325264,4.8651614,8.745108,1.1417742,3.3502417
2016-04-01,berlin,52.48321692319644,13.399888269908896,13.626667,66.85313,168.54723,9.0593605,14.077805,3.7897499,3.611472
2016-05-01,berlin,52.48321692319644,13.399888269908896,9.751614,63.1391,230.61829,15.9312105,21.598923,9.890216,3.7491398
2016-06-01,berlin,52.48321692319644,13.399888269908896,25.63,67.570564,214.49165,19.195833,24.716333,13.366471,2.9992778
2016-07-01,berlin,52.48321692319644,13.399888269908896,19.509678,66.98245,202.16667,19.9968,25.415884,14.635403,3.4496233
2016-08-01,berlin,52.48321692319644,13.399888269908896,14.341936,71.54461,183.23119,18.466558,24.276505,12.897716,3.1317205
2016-09-01,berlin,52.48321692319644,13.399888269908896,5.0566664,68.23548,151.59999,17.967278,24.456247,11.91061,2.8799164
2016-10-01,berlin,52.48321692319644,13.399888269908896,16.17742,88.67652,46.594086,8.797204,11.423898,5.7823386,3.2222579
2016-11-01,berlin,52.48321692319644,13.399888269908896,15.02,86.86967,33.502777,3.8834717,7.125639,0.6373889,3.3491108
2016-12-01,berlin,52.48321692319644,13.399888269908896,18.306452,87.65716,21.489248,2.983387,5.355457,0.12575269,3.905242
2017-01-01,berlin,52.48321692319644,13.399888269908896,14.754839,86.59911,27.932795,-1.0120162,1.3116398,-3.514677,3.5509408
2017-02-01,berlin,52.48321692319644,13.399888269908896,12.242858,78.98048,46.69643,2.148512,5.1719346,-0.86255956,4.1940475
2017-03-01,berlin,52.48321692319644,13.399888269908896,18.9,74.05049,104.075264,7.4790325,12.033763,2.8740323,3.6932528
2017-04-01,berlin,52.48321692319644,13.399888269908896,9.700001,71.07034,146.05556,8.318694,13.041446,3.6429443,4.330444
2017-05-01,berlin,52.48321692319644,13.399888269908896,11.070968,68.26421,213.98924,15.14191,20.74086,9.143252,3.477043
2017-06-01,berlin,52.48321692319644,13.399888269908896,75.63333,67.84082,218.71944,18.322584,23.903389,12.501027,3.8398888
2017-07-01,berlin,52.48321692319644,13.399888269908896,60.600002,74.23966,196.08601,18.766075,23.77543,14.122337,3.2273655
2017-08-01,berlin,52.48321692319644,13.399888269908896,23.57742,73.16554,188.90056,18.952688,24.198792,13.64801,3.1805375
2017-09-01,berlin,52.48321692319644,13.399888269908896,12.1866665,79.43415,117.86111,13.8510275,18.721277,9.448277,3.3555002
2017-10-01,berlin,52.48321692319644,13.399888269908896,32.112904,84.52679,62.360218,11.607957,15.058198,8.3443,4.3563437
2017-11-01,berlin,52.48321692319644,13.399888269908896,27.023335,87.506836,28.572222,5.9201107,8.402694,3.0739164,3.826472
2017-12-01,berlin,52.48321692319644,13.399888269908896,15.170968,85.09964,18.712364,3.6241398,5.7791133,1.1773925,4.61793
2018-01-01,berlin,52.48321692319644,13.399888269908896,25.14516,83.61584,22.27688,3.4967473,5.605968,1.1940054,4.4855647
2018-02-01,berlin,52.48321692319644,13.399888269908896,0.9928572,73.64305,69.56845,-1.0484524,2.6137798,-4.49875,3.1187794
2018-03-01,berlin,52.48321692319644,13.399888269908896,17.267742,73.55555,96.094086,1.730887,5.6549187,-2.1611292,4.053199
2018-04-01,berlin,52.48321692319644,13.399888269908896,14.876667,66.8131,190.78056,13.586749,19.719612,7.112278,3.802111
2018-05-01,berlin,52.48321692319644,13.399888269908896,7.319355,58.38037,240.20699,17.803171,24.10199,10.72387,3.6572847
2018-06-01,berlin,52.48321692319644,13.399888269908896,11.490001,63.144062,203.43054,19.231749,25.170275,13.754916,3.6623056
2018-07-01,berlin,52.48321692319644,13.399888269908896,23.896774,59.915134,231.95967,21.424759,27.651827,14.685322,3.1065319
2018-08-01,berlin,52.48321692319644,13.399888269908896,2.3064516,58.28539,210.15593,21.414436,27.779974,14.709193,3.368145
2018-09-01,berlin,52.48321692319644,13.399888269908896,8.34,66.0046,144.89722,16.42861,22.877832,10.576055,3.2787502
2018-10-01,berlin,52.48321692319644,13.399888269908896,6.116129,74.58416,83.82796,11.060323,16.613466,5.6781716,3.7754838
2018-11-01,berlin,52.48321692319644,13.399888269908896,6.76,84.359085,36.269444,5.407417,8.398889,2.4758055,3.3046389
2018-12-01,berlin,52.48321692319644,13.399888269908896,17.696774,86.90067,15.873656,4.593629,6.694758,2.5765324,4.359919
2019-01-01,berlin,52.48321692319644,13.399888269908896,18.41613,83.974556,26.053762,1.520215,3.7704298,-0.80981183,4.6469088
2019-02-01,berlin,52.48321692319644,13.399888269908896,8.514286,73.28324,65.08035,4.7076187,9.299315,0.41654763,3.7824404
2019-03-01,berlin,52.48321692319644,13.399888269908896,24.003227,76.46927,87.17472,7.119086,10.923818,3.2147312,4.9207253
2019-04-01,berlin,52.48321692319644,13.399888269908896,3.5733335,56.767548,198.69444,11.212888,17.001444,5.262194,3.9712503
2019-05-01,berlin,52.48321692319644,13.399888269908896,12.612904,65.36898,200.24194,12.965404,18.089085,7.2814517,3.8514786
2019-06-01,berlin,52.48321692319644,13.399888269908896,28.766666,57.417084,232.05554,22.591444,29.235334,15.47961,3.3973608
2019-07-01,berlin,52.48321692319644,13.399888269908896,21.119354,63.453777,199.35484,19.892178,25.236475,14.459839,3.5773656
2019-08-01,berlin,52.48321692319644,13.399888269908896,11.080645,63.20811,197.5672,21.014864,27.205969,14.993199,2.8717203
2019-09-01,berlin,52.48321692319644,13.399888269908896,22.42,72.27471,128.00835,15.152249,20.264915,9.91525,3.547139
2019-10-01,berlin,52.48321692319644,13.399888269908896,19.903225,83.00894,75.70968,11.457256,15.7777405,7.3555107,3.3120697
2019-11-01,berlin,52.48321692319644,13.399888269908896,15.403334,88.76914,30.563889,6.4528885,9.134805,3.542389,3.4579723
2019-12-01,berlin,52.48321692319644,13.399888269908896,10.7290325,84.39405,23.349463,4.375564,6.7841663,1.4839786,3.7896776
2020-01-01,berlin,52.48321692319644,13.399888269908896,12.958065,84.10583,29.0,4.3673654,7.1353493,1.2460752,4.092097
2020-02-01,berlin,52.48321692319644,13.399888269908896,32.986206,78.121826,50.813217,6.051695,8.888162,3.2346551,5.511437
2020-03-01,berlin,52.48321692319644,13.399888269908896,11.019356,67.21363,123.00806,5.632796,10.306666,0.87551075,4.0539784
2020-04-01,berlin,52.48321692319644,13.399888269908896,6.1633334,53.414165,225.9139,10.827362,17.413305,3.7570832,3.6225834
2020-05-01,berlin,52.48321692319644,13.399888269908896,12.103226,63.912384,230.72581,12.635135,18.38836,6.347903,3.6180375
2020-06-01,berlin,52.48321692319644,13.399888269908896,18.793333,64.247955,246.67778,19.199862,25.023054,13.272611,3.3204443
2020-07-01,berlin,52.48321692319644,13.399888269908896,16.748386,65.70545,234.67204,18.730886,24.157442,12.939651,3.2871504
2020-08-01,berlin,52.48321692319644,13.399888269908896,17.396774,61.41683,209.76613,21.870913,27.988653,15.82422,3.0228224
2020-09-01,berlin,52.48321692319644,13.399888269908896,20.66,71.32159,157.33888,15.942332,21.837027,10.178945,2.7878888
2020-10-01,berlin,52.48321692319644,13.399888269908896,24.245163,84.9099,70.69086,11.259112,14.479085,8.070537,3.5031722
2020-11-01,berlin,52.48321692319644,13.399888269908896,6.3199997,85.31698,39.630554,7.052666,9.928498,4.0364995,3.288861
2020-12-01,berlin,52.48321692319644,13.399888269908896,7.812903,85.60358,22.040323,3.405215,5.775107,1.0153494,3.5841935
2021-01-01,berlin,52.48321692319644,13.399888269908896,17.154839,86.23519,25.086021,1.1388172,3.1495159,-1.0204031,3.6288173
2021-02-01,berlin,52.48321692319644,13.399888269908896,13.121429,80.64028,72.01786,1.0528573,5.1391068,-3.056488,3.436369
2021-03-01,berlin,52.48321692319644,13.399888269908896,12.254839,72.35392,114.20699,5.3726883,10.36707,0.679543,3.7598655
2021-04-01,berlin,52.48321692319644,13.399888269908896,10.42,65.790825,175.53056,7.004722,12.124222,2.0151944,4.3558335
2021-05-01,berlin,52.48321692319644,13.399888269908896,20.94516,69.98198,212.7715,12.300296,17.20258,7.382957,4.1744623
2021-06-01,berlin,52.48321692319644,13.399888269908896,28.876667,58.874115,282.16388,21.150915,27.039694,14.35139,3.0190833
2021-07-01,berlin,52.48321692319644,13.399888269908896,24.867743,70.168205,229.16667,20.697042,25.76336,15.694678,3.1543818
2021-08-01,berlin,52.48321692319644,13.399888269908896,29.72258,73.84399,182.28764,17.73903,22.67938,13.241719,3.3598385
2021-09-01,berlin,52.48321692319644,13.399888269908896,13.066667,79.421295,138.425,15.878636,20.523195,11.59211,3.0441387
2021-10-01,berlin,52.48321692319644,13.399888269908896,7.870968,78.4432,89.47043,10.678009,15.338548,6.383844,3.4986289
2021-11-01,berlin,52.48321692319644,13.399888269908896,24.793335,87.31571,39.33611,6.3259716,8.638167,3.804472,3.5930834
2021-12-01,berlin,52.48321692319644,13.399888269908896,16.390322,87.4764,18.30914,2.1551075,4.2641397,-0.26712367,3.6287096
2022-01-01,berlin,52.48321692319644,13.399888269908896,11.129032,84.95626,23.309141,3.6525543,5.5718284,1.2169892,4.7127957
2022-02-01,berlin,52.48321692319644,13.399888269908896,23.967857,78.15139,63.23512,5.1646132,8.50994,1.9140774,6.123274
2022-03-01,berlin,52.48321692319644,13.399888269908896,0.36451614,59.9008,153.67473,5.534838,11.413629,-0.059946198,3.2998114
2022-04-01,berlin,52.48321692319644,13.399888269908896,11.413334,65.27912,172.97502,8.674666,13.742833,3.4475555,4.2108054
2022-05-01,berlin,52.48321692319644,13.399888269908896,11.625807,61.725353,224.67204,15.565376,21.113144,9.324596,3.5962906
2022-06-01,berlin,52.48321692319644,13.399888269908896,9.793334,59.312298,264.21945,20.206415,26.613806,13.297444,3.2005274
2022-07-01,berlin,52.48321692319644,13.399888269908896,11.293549,58.155804,229.5457,20.054274,26.138412,13.605779,3.5271504
2022-08-01,berlin,52.48321692319644,13.399888269908896,19.732258,64.83599,168.62097,21.5343,27.60465,15.859676,2.7660484
2022-09-01,berlin,52.48321692319644,13.399888269908896,17.596668,75.46222,123.30555,13.887555,18.997416,9.663806,3.1674442
2022-10-01,berlin,52.48321692319644,13.399888269908896,10.664516,83.351265,82.513435,12.748413,17.96535,7.8558064,3.002957
2022-11-01,berlin,52.48321692319644,13.399888269908896,3.5833335,86.87022,46.14722,5.839195,9.036555,2.7692223,3.3918056
2022-12-01,berlin,52.48321692319644,13.399888269908896,18.345161,86.9245,17.290323,1.8411559,3.86086,-0.5124999,3.5612633
2023-01-01,berlin,52.48321692319644,13.399888269908896,23.661291,83.38872,20.623657,4.5020967,6.615107,1.8291937,4.26707
2023-02-01,berlin,52.48321692319644,13.399888269908896,19.507145,81.48425,54.041668,3.3314285,6.7772026,-0.11586311,4.2056546
2023-03-01,berlin,52.48321692319644,13.399888269908896,28.325808,77.52212,93.4328,5.936209,10.065887,2.2744892,4.0196776
2023-04-01,berlin,52.48321692319644,13.399888269908896,19.286667,72.915054,157.30556,8.263749,12.874862,3.4439723,3.7484722
2023-05-01,berlin,52.48321692319644,13.399888269908896,4.7193546,60.368656,242.57527,14.253952,20.078333,7.7833877,3.7925537
2023-06-01,berlin,52.48321692319644,13.399888269908896,41.083332,61.516037,251.56389,19.437971,25.289194,13.470833,3.198889
2023-07-01,berlin,52.48321692319644,13.399888269908896,28.258064,64.02038,221.20428,19.874084,25.568146,13.844086,3.5745966
2023-08-01,berlin,52.48321692319644,13.399888269908896,21.483871,75.17472,149.44893,19.459383,24.4086,14.874461,3.073414
2023-09-01,berlin,52.48321692319644,13.399888269908896,5.5,73.908455,135.74165,18.282057,25.011637,12.107999,2.6805553
2023-10-01,berlin,52.48321692319644,13.399888269908896,39.164516,83.94936,63.013443,12.020081,15.781774,8.657473,3.6175263
2023-11-01,berlin,52.48321692319644,13.399888269908896,26.883335,85.06411,41.097225,5.8231387,8.523277,2.8639996,4.0864997
2023-12-01,berlin,52.48321692319644,13.399888269908896,45.03871,87.66306,16.900537,3.952715,5.729355,1.5394893,4.5544353
2024-01-01,berlin,52.48321692319644,13.399888269908896,17.525806,81.87313,28.32527,1.6334139,4.4475536,-1.4982527,4.7061825
2024-02-01,berlin,52.48321692319644,13.399888269908896,29.934483,83.713486,44.6523,6.9766955,10.131522,3.7977874,4.5702586
2024-03-01,berlin,52.48321692319644,13.399888269908896,12.958065,75.64935,108.38709,8.155753,13.153603,3.137849,3.5448387
2024-04-01,berlin,52.48321692319644,13.399888269908896,11.353333,69.35629,164.19167,11.508083,16.653082,6.2400556,3.7760277
2024-05-01,berlin,52.48321692319644,13.399888269908896,18.483871,64.16742,233.85216,17.346693,23.118225,11.42172,3.5177686
2024-06-01,berlin,52.48321692319644,13.399888269908896,20.64,69.33886,231.4139,18.185331,23.674917,12.323387,3.337972
2024-07-01,berlin,52.48321692319644,13.399888269908896,37.78387,69.48027,228.43279,19.976316,25.560484,14.153682,3.0327685
2024-08-01,berlin,52.48321692319644,13.399888269908896,11.867743,65.726265,212.9355,21.150429,27.160673,14.8311,3.1431987
2024-09-01,berlin,52.48321692319644,13.399888269908896,15.263333,69.45527,144.68889,17.28686,22.982498,12.17025,4.1238055
2024-10-01,berlin,52.48321692319644,13.399888269908896,10.793549,84.96258,71.54032,11.412849,15.635026,7.44457,3.3730376
2024-11-01,berlin,52.48321692319644,13.399888269908896,22.303333,86.13987,29.005556,5.368889,7.7976384,2.7548332,3.6077776
2024-12-01,berlin,52.48321692319644,13.399888269908896,14.358065,87.73989,17.838709,3.9618816,5.877983,1.796801,3.974624
2000-01-01,brandenburg,52.47131216140487,13.407541331108893,571.18066,85.01736,28.198675,1.1431464,3.5680783,-1.7934514,4.4082074
2000-02-01,brandenburg,52.47131216140487,13.407541331108893,662.169,83.10969,52.48868,4.0970387,7.3002467,1.2509875,4.5210304
2000-03-01,brandenburg,52.47131216140487,13.407541331108893,968.9645,81.98112,80.06385,5.046964,8.718749,2.024767,4.503708
2000-04-01,brandenburg,52.47131216140487,13.407541331108893,317.37335,72.10153,174.64812,11.25176,17.125187,5.613105,3.1790495
2000-05-01,brandenburg,52.47131216140487,13.407541331108893,317.3613,61.910465,247.78024,15.697745,22.247221,8.773262,2.7333987
2000-06-01,brandenburg,52.47131216140487,13.407541331108893,432.15668,63.54983,229.95273,17.855154,23.610807,11.727394,3.318811
2000-07-01,brandenburg,52.47131216140487,13.407541331108893,754.1968,76.42466,153.08958,16.42521,20.789001,12.51864,3.1146667
2000-08-01,brandenburg,52.47131216140487,13.407541331108893,734.86774,73.32306,195.41331,17.883118,23.935513,12.4798,2.313903
2000-09-01,brandenburg,52.47131216140487,13.407541331108893,702.3433,81.67955,117.86265,13.802259,18.641407,9.739062,2.9662216
2000-10-01,brandenburg,52.47131216140487,13.407541331108893,330.36774,84.36479,64.18611,11.660177,15.705565,8.414006,3.110899
2000-11-01,brandenburg,52.47131216140487,13.407541331108893,348.21002,85.54386,38.295895,6.355575,9.729091,3.3492315,3.252141
2000-12-01,brandenburg,52.47131216140487,13.407541331108893,435.16455,88.47131,23.571217,2.7909894,5.1909866,0.36881885,3.4948437
2001-01-01,brandenburg,52.47131216140487,13.407541331108893,414.20966,89.70625,25.513401,0.7057403,2.9571016,-1.7791529,3.0834432
2001-02-01,brandenburg,52.47131216140487,13.407541331108893,515.97144,83.53077,52.703114,1.4770548,5.1947794,-2.086935,3.77063
2001-03-01,brandenburg,52.47131216140487,13.407541331108893,711.83545,82.37014,85.500824,2.9362726,6.5031753,-0.19376178,3.5281024
2001-04-01,brandenburg,52.47131216140487,13.407541331108893,519.3667,78.15442,137.01608,7.8000507,12.721416,3.265322,3.3788905
2001-05-01,brandenburg,52.47131216140487,13.407541331108893,470.9097,67.979774,239.26385,14.522841,20.23195,8.1833935,3.132387
2001-06-01,brandenburg,52.47131216140487,13.407541331108893,755.48334,77.13093,199.2741,14.789067,19.885296,9.701462,2.8817496
2001-07-01,brandenburg,52.47131216140487,13.407541331108893,641.0484,69.607635,221.5742,19.556448,25.1493,13.39049,2.6925087
2001-08-01,brandenburg,52.47131216140487,13.407541331108893,563.7065,74.158806,180.30225,19.156092,24.981688,13.933965,3.0229585
2001-09-01,brandenburg,52.47131216140487,13.407541331108893,1616.2935,86.89065,90.13137,12.607813,16.345205,9.593183,3.1580033
2001-10-01,brandenburg,52.47131216140487,13.407541331108893,347.81613,86.35957,69.24128,12.595484,16.782938,9.049789,3.1059551
2001-11-01,brandenburg,52.47131216140487,13.407541331108893,497.15668,87.77724,30.709059,4.0131416,6.743945,0.99174607,3.602328
2001-12-01,brandenburg,52.47131216140487,13.407541331108893,686.229,88.15376,17.636477,-0.30140775,1.7563987,-2.5290067,3.993196
2002-01-01,brandenburg,52.47131216140487,13.407541331108893,491.05164,84.64212,28.859636,1.6869222,4.3695846,-1.3537353,4.0536427
2002-02-01,brandenburg,52.47131216140487,13.407541331108893,1123.6107,80.640205,57.131687,4.9827876,8.788082,1.4813489,4.9565234
2002-03-01,brandenburg,52.47131216140487,13.407541331108893,489.54196,78.738976,93.89975,5.144447,9.273812,1.5082307,3.6571546
2002-04-01,brandenburg,52.47131216140487,13.407541331108893,659.3933,74.83198,146.72511,8.276543,13.099578,3.3669863,3.0068092
2002-05-01,brandenburg,52.47131216140487,13.407541331108893,726.2871,76.92497,197.57576,15.208724,20.18494,10.362828,2.6088214
2002-06-01,brandenburg,52.47131216140487,13.407541331108893,614.11,74.06929,214.57452,17.386145,22.328655,12.011746,3.1405299
2002-07-01,brandenburg,52.47131216140487,13.407541331108893,864.813,74.27905,186.33252,18.928284,24.069025,13.711585,3.0201197
2002-08-01,brandenburg,52.47131216140487,13.407541331108893,1474.5033,76.87679,187.75063,20.39679,26.250816,15.262675,2.1466143
2002-09-01,brandenburg,52.47131216140487,13.407541331108893,501.36667,77.86259,132.18153,14.149249,19.751034,9.141548,2.5177155
2002-10-01,brandenburg,52.47131216140487,13.407541331108893,1019.7548,84.62682,66.35839,7.9252644,11.845336,4.381634,3.821433
2002-11-01,brandenburg,52.47131216140487,13.407541331108893,920.2267,89.36616,31.00017,3.9668307,6.782983,1.1296376,3.02724
2002-12-01,brandenburg,52.47131216140487,13.407541331108893,241.35805,84.91674,22.08933,-2.210258,-0.037110005,-4.429599,3.5851498
2003-01-01,brandenburg,52.47131216140487,13.407541331108893,638.5065,88.27748,24.113731,-0.6832548,2.1016393,-3.8195193,3.5881536
2003-02-01,brandenburg,52.47131216140487,13.407541331108893,90.600006,81.61523,64.84918,-2.2635524,1.8376942,-6.0687995,2.6153057
2003-03-01,brandenburg,52.47131216140487,13.407541331108893,286.93872,76.47075,112.82821,4.109942,9.357046,-0.5328701,3.126473
2003-04-01,brandenburg,52.47131216140487,13.407541331108893,245.67001,63.88657,180.55196,8.633436,14.406927,2.343112,3.921877
2003-05-01,brandenburg,52.47131216140487,13.407541331108893,264.20966,66.480644,227.63539,15.203489,21.132387,8.737562,3.020952
2003-06-01,brandenburg,52.47131216140487,13.407541331108893,502.21335,62.874428,259.66116,19.299706,25.340347,12.218662,2.9447854
2003-07-01,brandenburg,52.47131216140487,13.407541331108893,775.40967,70.68048,211.53226,19.804173,25.539404,14.3353615,2.7087014
2003-08-01,brandenburg,52.47131216140487,13.407541331108893,274.39032,63.732273,213.63863,20.05536,26.596325,13.40769,2.769464
2003-09-01,brandenburg,52.47131216140487,13.407541331108893,577.25336,74.533264,142.67538,14.566309,20.975748,8.828248,2.505113
2003-10-01,brandenburg,52.47131216140487,13.407541331108893,509.40002,83.83147,74.03515,5.827456,10.564726,1.5708842,2.836052
2003-11-01,brandenburg,52.47131216140487,13.407541331108893,382.27338,88.3517,35.161625,6.0133753,9.172802,3.1236231,3.3299198
2003-12-01,brandenburg,52.47131216140487,13.407541331108893,489.02582,84.09963,24.337385,2.2214177,5.0661254,-0.69029444,4.068202
2004-01-01,brandenburg,52.47131216140487,13.407541331108893,807.1355,86.9516,25.761953,-1.5469024,1.0095195,-4.3356557,3.292359
2004-02-01,brandenburg,52.47131216140487,13.407541331108893,567.57587,82.076744,47.63793,2.5293121,5.4566545,-0.43248457,4.0044975
2004-03-01,brandenburg,52.47131216140487,13.407541331108893,285.50967,76.91238,99.68702,4.8243003,8.914796,0.81077003,3.8414564
2004-04-01,brandenburg,52.47131216140487,13.407541331108893,308.61002,71.25647,170.69058,9.661521,15.337425,3.8336122,3.0364368
2004-05-01,brandenburg,52.47131216140487,13.407541331108893,533.9194,74.4195,191.21223,12.569672,17.583927,7.176275,3.0549228
2004-06-01,brandenburg,52.47131216140487,13.407541331108893,776.31,74.22032,206.30283,15.59521,20.818485,10.0491495,3.122945
2004-07-01,brandenburg,52.47131216140487,13.407541331108893,1230.913,74.98886,208.6627,17.36741,22.938787,11.901094,2.9069505
2004-08-01,brandenburg,52.47131216140487,13.407541331108893,697.9,71.51978,198.19556,19.232334,25.185556,13.280832,2.88036
2004-09-01,brandenburg,52.47131216140487,13.407541331108893,425.25668,74.24546,139.31317,14.1864805,19.901186,8.633057,3.3379357
2004-10-01,brandenburg,52.47131216140487,13.407541331108893,339.14517,81.62014,75.05194,9.973196,14.517796,5.572492,3.1754808
2004-11-01,brandenburg,52.47131216140487,13.407541331108893,839.7467,88.223526,30.415384,4.417864,7.087451,1.5287051,3.716587
2004-12-01,brandenburg,52.47131216140487,13.407541331108893,387.50644,87.927444,20.168404,2.0623913,4.3171363,-0.33284697,3.661948
2005-01-01,brandenburg,52.47131216140487,13.407541331108893,659.24835,84.22013,25.79785,2.6977477,5.1011324,-0.06427295,4.850008
2005-02-01,brandenburg,52.47131216140487,13.407541331108893,614.97864,83.66557,48.042397,-0.6547408,2.0566823,-3.7150347,3.7632725
2005-03-01,brandenburg,52.47131216140487,13.407541331108893,257.2129,75.17047,104.56898,3.0911345,7.347839,-1.2948502,3.8062356
2005-04-01,brandenburg,52.47131216140487,13.407541331108893,181.19,64.13991,186.64812,9.486141,15.906626,2.7780135,3.0942955
2005-05-01,brandenburg,52.47131216140487,13.407541331108893,1013.8194,73.630806,210.75244,13.377862,18.823061,7.8646693,3.0004475
2005-06-01,brandenburg,52.47131216140487,13.407541331108893,401.33002,68.52889,233.17982,16.286407,22.190931,9.530086,3.059347
2005-07-01,brandenburg,52.47131216140487,13.407541331108893,1766.7773,74.964615,204.6312,18.74431,24.164177,13.839456,2.8777568
2005-08-01,brandenburg,52.47131216140487,13.407541331108893,714.88715,76.70975,176.43597,16.49455,21.807867,11.291259,2.792105
2005-09-01,brandenburg,52.47131216140487,13.407541331108893,579.4867,77.57627,145.61983,15.389555,21.545898,9.456422,2.349742
2005-10-01,brandenburg,52.47131216140487,13.407541331108893,329.31934,81.48038,89.05153,10.974072,16.379923,6.3053064,3.0322654
2005-11-01,brandenburg,52.47131216140487,13.407541331108893,361.71002,88.54521,35.63667,4.3093505,7.322512,1.1042802,3.0772052
2005-12-01,brandenburg,52.47131216140487,13.407541331108893,753.7645,90.447,19.616625,1.0371646,3.3654928,-1.6631655,3.8028607
2006-01-01,brandenburg,52.47131216140487,13.407541331108893,237.62582,85.44375,32.832424,-4.030632,-0.902512,-7.259265,2.8736882
2006-02-01,brandenburg,52.47131216140487,13.407541331108893,550.3965,86.1665,43.327293,-0.43246156,2.217683,-3.4090633,3.1815107
2006-03-01,brandenburg,52.47131216140487,13.407541331108893,559.5742,81.4639,90.53267,1.1178627,4.8565373,-2.878737,3.2228003
2006-04-01,brandenburg,52.47131216140487,13.407541331108893,467.60004,75.119835,145.85564,8.6486225,13.639573,3.8135579,3.101334
2006-05-01,brandenburg,52.47131216140487,13.407541331108893,583.86127,67.56312,225.25443,13.590392,19.41097,7.3560095,3.4894638
2006-06-01,brandenburg,52.47131216140487,13.407541331108893,442.9,68.34421,241.27248,17.697409,23.5728,10.999979,2.3783426
2006-07-01,brandenburg,52.47131216140487,13.407541331108893,363.94193,57.32613,277.5651,23.173027,30.257534,15.100482,2.3351371
2006-08-01,brandenburg,52.47131216140487,13.407541331108893,1020.0677,76.81388,154.53789,17.028095,22.063526,12.681752,3.0188215
2006-09-01,brandenburg,52.47131216140487,13.407541331108893,205.84001,70.50054,150.69693,17.59201,23.814445,11.668757,3.203542
2006-10-01,brandenburg,52.47131216140487,13.407541331108893,411.26453,81.80316,71.90802,12.109399,16.821857,7.664148,3.1171536
2006-11-01,brandenburg,52.47131216140487,13.407541331108893,482.24332,85.047714,35.526154,7.281818,10.673267,3.7943993,4.0096135
2006-12-01,brandenburg,52.47131216140487,13.407541331108893,356.21936,85.014885,22.315964,5.3259544,7.644403,2.8059752,3.8811655
2007-01-01,brandenburg,52.47131216140487,13.407541331108893,995.0807,81.19298,26.554094,5.1316223,7.731146,2.0894208,5.866842
2007-02-01,brandenburg,52.47131216140487,13.407541331108893,750.92145,84.996666,44.973717,3.178617,6.073418,0.3347042,3.9161797
2007-03-01,brandenburg,52.47131216140487,13.407541331108893,675.6516,74.98912,115.23416,6.9818616,11.860031,2.2300463,3.9543116
2007-04-01,brandenburg,52.47131216140487,13.407541331108893,5.8100004,60.797718,205.0141,11.087951,17.803385,3.6587172,3.3886197
2007-05-01,brandenburg,52.47131216140487,13.407541331108893,1519.5742,69.87284,227.65576,15.175022,21.28909,8.692755,3.0757856
2007-06-01,brandenburg,52.47131216140487,13.407541331108893,1271.1467,74.08151,215.91093,18.450321,24.003508,12.975497,2.8854911
2007-07-01,brandenburg,52.47131216140487,13.407541331108893,1400.1001,74.019714,193.59015,18.155787,23.275116,13.125696,3.336999
2007-08-01,brandenburg,52.47131216140487,13.407541331108893,871.24194,75.73245,185.49123,17.940279,23.451818,12.337599,2.6746163
2007-09-01,brandenburg,52.47131216140487,13.407541331108893,996.9634,79.7539,118.22718,13.316852,17.92001,8.91398,3.3539839
2007-10-01,brandenburg,52.47131216140487,13.407541331108893,151.89032,83.89411,69.70323,8.251449,12.407317,4.0548735,2.323052
2007-11-01,brandenburg,52.47131216140487,13.407541331108893,682.0366,88.11408,29.692822,3.6949434,6.2444882,0.9386999,3.8747778
2007-12-01,brandenburg,52.47131216140487,13.407541331108893,404.01935,86.37075,18.75484,2.089072,4.023022,-0.0011538335,3.4418807
2008-01-01,brandenburg,52.47131216140487,13.407541331108893,1045.1226,84.214806,26.332754,3.583374,6.085988,0.6468296,4.534191
2008-02-01,brandenburg,52.47131216140487,13.407541331108893,319.88965,79.46265,55.52458,4.4723525,7.946021,0.97590894,3.8665915
2008-03-01,brandenburg,52.47131216140487,13.407541331108893,778.8258,77.84634,98.66758,4.5182242,8.644895,0.77979976,4.6034293
2008-04-01,brandenburg,52.47131216140487,13.407541331108893,948.8333,77.9342,140.68146,8.308239,12.795153,3.684542,3.0224369
2008-05-01,brandenburg,52.47131216140487,13.407541331108893,155.49678,64.33593,251.26334,14.753205,21.236887,7.5329866,2.5837972
2008-06-01,brandenburg,52.47131216140487,13.407541331108893,475.74332,60.810722,256.83273,17.949688,24.356228,10.737325,3.0510855
2008-07-01,brandenburg,52.47131216140487,13.407541331108893,701.7258,68.997345,215.99924,19.007072,24.975681,13.013387,2.9203994
2008-08-01,brandenburg,52.47131216140487,13.407541331108893,805.1033,72.08443,170.02324,18.205282,23.467031,12.895255,3.3442333
2008-09-01,brandenburg,52.47131216140487,13.407541331108893,640.88666,79.29405,114.58197,13.254223,18.07179,8.808769,2.6418588
2008-10-01,brandenburg,52.47131216140487,13.407541331108893,838.7226,85.672195,68.23681,9.4306555,13.569368,5.5338078,3.2374506
2008-11-01,brandenburg,52.47131216140487,13.407541331108893,358.95,86.76799,26.952478,5.4978313,7.865173,2.7809796,4.0140676
2008-12-01,brandenburg,52.47131216140487,13.407541331108893,468.37744,89.09068,19.568901,1.629813,3.5113375,-0.5188478,3.321512
2009-01-01,brandenburg,52.47131216140487,13.407541331108893,250.8355,88.170456,27.39884,-2.4165382,0.42104214,-6.0183663,2.8443274
2009-02-01,brandenburg,52.47131216140487,13.407541331108893,546.9143,87.33786,38.79652,0.46033606,2.7074964,-1.8682545,3.6556299
2009-03-01,brandenburg,52.47131216140487,13.407541331108893,557.3323,81.467545,83.98031,4.936798,8.587974,1.2731107,3.786497
2009-04-01,brandenburg,52.47131216140487,13.407541331108893,57.13,63.48185,216.4423,12.469802,19.557026,5.131195,3.1652784
2009-05-01,brandenburg,52.47131216140487,13.407541331108893,901.04193,69.494865,229.34326,13.758441,19.986216,7.007686,3.1798577
2009-06-01,brandenburg,52.47131216140487,13.407541331108893,855.06006,75.03417,201.19487,15.133923,20.386835,10.055221,3.4497948
2009-07-01,brandenburg,52.47131216140487,13.407541331108893,963.68713,73.1619,221.27774,19.026987,24.828426,13.421799,3.1559708
2009-08-01,brandenburg,52.47131216140487,13.407541331108893,404.50967,66.939,212.71861,19.33568,25.994413,12.356181,2.8925219
2009-09-01,brandenburg,52.47131216140487,13.407541331108893,392.04,75.13024,140.06949,15.122776,21.191223,9.279017,2.9272838
2009-10-01,brandenburg,52.47131216140487,13.407541331108893,1016.45483,86.37251,58.157486,7.762675,11.043469,4.4355764,3.34913
2009-11-01,brandenburg,52.47131216140487,13.407541331108893,887.3067,84.90003,32.690857,7.3281417,10.151209,4.5483766,3.9438777
2009-12-01,brandenburg,52.47131216140487,13.407541331108893,676.2871,89.48002,20.171547,-0.19631845,1.8634748,-2.6720653,3.1776216
2010-01-01,brandenburg,52.47131216140487,13.407541331108893,411.91293,87.9537,21.94756,-5.2508645,-3.039286,-8.271232,3.4340527
2010-02-01,brandenburg,52.47131216140487,13.407541331108893,373.95715,84.92912,46.133152,-0.6559743,2.0422142,-3.6567085,3.4195175
2010-03-01,brandenburg,52.47131216140487,13.407541331108893,512.9193,78.120674,100.201744,4.5314226,8.877067,0.10763938,3.8149602
2010-04-01,brandenburg,52.47131216140487,13.407541331108893,185.25,67.57773,181.55794,8.851476,14.995133,2.5032954,3.4350085
2010-05-01,brandenburg,52.47131216140487,13.407541331108893,1255.6677,80.21105,150.587,11.091417,15.043054,6.7747726,3.0346336
2010-06-01,brandenburg,52.47131216140487,13.407541331108893,165.55,68.51783,251.64197,17.025663,23.015543,9.84596,2.7476468
2010-07-01,brandenburg,52.47131216140487,13.407541331108893,752.7935,62.682392,248.62863,21.809435,28.375465,14.469146,2.6147492
2010-08-01,brandenburg,52.47131216140487,13.407541331108893,1885.342,79.67357,154.51654,18.022715,22.879843,13.605794,2.9002578
2010-09-01,brandenburg,52.47131216140487,13.407541331108893,1309.1134,82.417404,118.54924,12.927976,17.585241,8.598191,3.1580453
2010-10-01,brandenburg,52.47131216140487,13.407541331108893,239.33226,82.166985,79.462944,7.795823,12.242786,3.6296756,3.4578485
2010-11-01,brandenburg,52.47131216140487,13.407541331108893,1333.03,88.602356,24.599316,4.818859,6.998995,2.3540137,3.5567744
2010-12-01,brandenburg,52.47131216140487,13.407541331108893,856.1194,90.38407,17.425062,-4.724937,-2.2299984,-8.198087,3.6503887
2011-01-01,brandenburg,52.47131216140487,13.407541331108893,447.9484,89.389915,24.272951,1.0895212,3.4216268,-1.4028212,3.2232854
2011-02-01,brandenburg,52.47131216140487,13.407541331108893,338.375,75.70623,57.565563,-0.47255495,2.690541,-3.6542225,4.2330756
2011-03-01,brandenburg,52.47131216140487,13.407541331108893,254.98065,73.20156,120.46642,4.366001,10.03297,-0.8629355,3.2546477
2011-04-01,brandenburg,52.47131216140487,13.407541331108893,326.77002,66.50067,185.50308,12.075556,18.164589,5.906468,3.5681083
2011-05-01,brandenburg,52.47131216140487,13.407541331108893,415.90326,63.75324,242.62976,14.388052,21.270939,7.138233,3.161474
2011-06-01,brandenburg,52.47131216140487,13.407541331108893,757.8334,68.40939,242.08359,17.911499,24.085009,11.600153,3.1914766
2011-07-01,brandenburg,52.47131216140487,13.407541331108893,2554.8484,76.32067,179.46098,17.34956,21.86505,12.850062,3.5342455
2011-08-01,brandenburg,52.47131216140487,13.407541331108893,795.0259,77.807526,173.59546,18.257166,23.478989,13.168837,3.0663712
2011-09-01,brandenburg,52.47131216140487,13.407541331108893,862.86,79.705574,138.83,15.363349,21.041254,10.0346365,2.740076
2011-10-01,brandenburg,52.47131216140487,13.407541331108893,446.37097,84.410416,84.072296,9.717388,14.837678,5.240355,3.198144
2011-11-01,brandenburg,52.47131216140487,13.407541331108893,10.393333,88.82312,43.35709,4.0204515,8.0962105,0.45506066,2.9046605
2011-12-01,brandenburg,52.47131216140487,13.407541331108893,872.91614,85.72726,19.009926,4.391061,6.548686,1.9892315,4.906879
2012-01-01,brandenburg,52.47131216140487,13.407541331108893,925.5548,85.14866,27.65881,1.6347154,3.8463197,-0.77635646,4.5225677
2012-02-01,brandenburg,52.47131216140487,13.407541331108893,415.34143,82.223526,55.469673,-2.3632686,1.1684412,-6.4646993,3.713036
2012-03-01,brandenburg,52.47131216140487,13.407541331108893,130.04839,74.58551,112.592224,6.940356,11.998344,2.0808253,3.7456367
2012-04-01,brandenburg,52.47131216140487,13.407541331108893,364.41998,69.36807,160.43349,8.875635,14.310383,3.1710827,3.427211
2012-05-01,brandenburg,52.47131216140487,13.407541331108893,452.20645,65.032906,229.59471,14.993637,21.073761,8.236918,3.2080476
2012-06-01,brandenburg,52.47131216140487,13.407541331108893,1026.8634,73.50804,195.30289,15.852146,21.021414,10.208374,3.1164331
2012-07-01,brandenburg,52.47131216140487,13.407541331108893,1324.0452,75.965935,210.89049,18.359573,23.856548,13.128371,2.8493135
2012-08-01,brandenburg,52.47131216140487,13.407541331108893,498.4129,73.96525,195.82068,18.454876,24.455694,12.535993,2.555617
2012-09-01,brandenburg,52.47131216140487,13.407541331108893,430.57,75.69543,135.22086,14.455476,20.221127,8.924031,2.9323254
2012-10-01,brandenburg,52.47131216140487,13.407541331108893,460.68387,84.05562,74.23548,8.894204,13.7283745,4.535732,2.947536
2012-11-01,brandenburg,52.47131216140487,13.407541331108893,654.7467,88.46974,29.330854,5.23226,7.86482,2.4272292,3.1598434
2012-12-01,brandenburg,52.47131216140487,13.407541331108893,596.51294,88.34733,19.698181,0.38748306,2.7958426,-2.3279893,3.5337453
2013-01-01,brandenburg,52.47131216140487,13.407541331108893,772.7516,88.22908,20.025806,-0.2019115,1.7526997,-2.626412,3.4700284
2013-02-01,brandenburg,52.47131216140487,13.407541331108893,522.2321,89.26871,35.907967,-0.13699175,1.7864413,-2.2073133,3.019303
2013-03-01,brandenburg,52.47131216140487,13.407541331108893,358.31937,77.03231,103.013565,-1.208024,2.7330992,-5.1662393,3.4188817
2013-04-01,brandenburg,52.47131216140487,13.407541331108893,248.1,71.29266,150.04417,8.537865,13.427529,3.4488084,3.1362512
2013-05-01,brandenburg,52.47131216140487,13.407541331108893,1133.2612,75.25346,186.41406,13.718489,18.958075,8.193543,2.9739082
2013-06-01,brandenburg,52.47131216140487,13.407541331108893,1125.1201,73.15595,223.16232,16.997076,22.320438,11.163725,3.116411
2013-07-01,brandenburg,52.47131216140487,13.407541331108893,447.29034,68.87941,247.87436,20.092697,26.447836,13.343865,2.536459
2013-08-01,brandenburg,52.47131216140487,13.407541331108893,569.5742,71.396225,198.58041,18.678429,24.987873,12.676953,2.570774
2013-09-01,brandenburg,52.47131216140487,13.407541331108893,714.7667,82.501205,108.4024,13.102946,17.65481,8.816451,3.0046737
2013-10-01,brandenburg,52.47131216140487,13.407541331108893,719.3419,82.677956,70.918945,10.964827,15.383581,6.415541,3.2035022
2013-11-01,brandenburg,52.47131216140487,13.407541331108893,659.2867,88.80401,28.88504,5.1865835,7.817283,2.3387375,3.2995384
2013-12-01,brandenburg,52.47131216140487,13.407541331108893,411.30966,85.11415,21.40207,3.9893086,6.410163,1.581291,4.0537047
2014-01-01,brandenburg,52.47131216140487,13.407541331108893,415.08386,87.627686,24.891731,0.41727126,2.79709,-2.2434087,3.8161244
2014-02-01,brandenburg,52.47131216140487,13.407541331108893,171.73572,79.596176,65.01767,4.587537,8.972497,0.6373452,3.573117
2014-03-01,brandenburg,52.47131216140487,13.407541331108893,217.89032,77.59677,112.86138,7.0266194,12.84217,1.6769835,3.207985
2014-04-01,brandenburg,52.47131216140487,13.407541331108893,407.4267,74.848366,167.57,11.191281,16.927372,5.5784106,3.0266407
2014-05-01,brandenburg,52.47131216140487,13.407541331108893,1012.4936,74.58185,197.34035,13.124616,18.446695,7.6199117,3.2069304
2014-06-01,brandenburg,52.47131216140487,13.407541331108893,693.0366,71.74868,219.80461,16.413118,22.252747,10.169697,2.731165
2014-07-01,brandenburg,52.47131216140487,13.407541331108893,1055.4226,71.54413,231.74054,20.83371,27.321331,14.894015,2.5800328
2014-08-01,brandenburg,52.47131216140487,13.407541331108893,844.2936,75.2614,184.04071,16.910582,22.681059,11.461403,2.8144853
2014-09-01,brandenburg,52.47131216140487,13.407541331108893,506.15335,82.425575,123.19291,15.65922,20.510546,11.221304,2.649322
2014-10-01,brandenburg,52.47131216140487,13.407541331108893,534.65485,87.94845,69.15459,12.030679,16.160345,8.25273,2.6117733
2014-11-01,brandenburg,52.47131216140487,13.407541331108893,78.91334,89.11193,32.73795,6.538392,9.110945,3.989783,3.0339556
2014-12-01,brandenburg,52.47131216140487,13.407541331108893,600.1645,87.55011,17.419603,2.5578594,4.72316,-0.06125807,4.207716
2015-01-01,brandenburg,52.47131216140487,13.407541331108893,866.5968,86.771835,22.933002,2.7464101,4.8448052,0.41325557,4.426061
2015-02-01,brandenburg,52.47131216140487,13.407541331108893,117.57143,83.923035,61.61291,1.3754368,5.283515,-2.1373992,3.290409
2015-03-01,brandenburg,52.47131216140487,13.407541331108893,482.1871,76.11494,102.53887,5.566478,10.108703,1.0197527,3.8221073
2015-04-01,brandenburg,52.47131216140487,13.407541331108893,320.56668,68.68085,184.58563,8.599958,14.683854,2.1195126,3.5558681
2015-05-01,brandenburg,52.47131216140487,13.407541331108893,304.43228,68.044426,215.77634,12.636938,18.707464,5.2956085,3.0972698
2015-06-01,brandenburg,52.47131216140487,13.407541331108893,598.4167,68.63391,212.44896,16.08985,21.896387,9.813983,2.8956718
2015-07-01,brandenburg,52.47131216140487,13.407541331108893,962.12585,67.85612,226.01794,19.417458,25.411583,13.174514,3.3282652
2015-08-01,brandenburg,52.47131216140487,13.407541331108893,630.8226,66.06307,213.81596,21.268145,28.426188,14.244069,2.67675
2015-09-01,brandenburg,52.47131216140487,13.407541331108893,545.59,80.30932,132.41539,13.729597,19.555382,8.604639,2.946468
2015-10-01,brandenburg,52.47131216140487,13.407541331108893,693.4194,84.58409,70.27188,8.116838,12.321198,4.270326,2.4149742
2015-11-01,brandenburg,52.47131216140487,13.407541331108893,985.8367,86.204765,34.042137,7.3097,10.658331,3.906153,3.9642453
2015-12-01,brandenburg,52.47131216140487,13.407541331108893,347.7613,84.482666,23.800251,6.7530274,9.333893,3.7295291,4.1734715
2016-01-01,brandenburg,52.47131216140487,13.407541331108893,510.9774,85.8777,26.493715,-0.49984366,2.1290612,-3.6562471,3.527895
2016-02-01,brandenburg,52.47131216140487,13.407541331108893,621.10693,83.11012,51.420605,3.6155899,6.8978066,0.5043916,4.16763
2016-03-01,brandenburg,52.47131216140487,13.407541331108893,360.8581,82.0148,87.97022,4.382006,8.46921,0.43957156,2.9764795
2016-04-01,brandenburg,52.47131216140487,13.407541331108893,379.45,71.05247,167.49556,8.387975,13.804376,2.7022297,3.159971
2016-05-01,brandenburg,52.47131216140487,13.407541331108893,439.90326,66.40702,231.88362,15.267789,21.331831,8.721345,3.1535606
2016-06-01,brandenburg,52.47131216140487,13.407541331108893,1017.88,71.520454,216.57729,18.521078,24.38771,12.367275,2.5513563
2016-07-01,brandenburg,52.47131216140487,13.407541331108893,678.90326,70.54209,203.99852,19.332481,25.153345,13.526538,2.8311067
2016-08-01,brandenburg,52.47131216140487,13.407541331108893,428.9645,73.10368,184.6234,17.993896,24.142849,11.931753,2.7155035
2016-09-01,brandenburg,52.47131216140487,13.407541331108893,228.65666,70.450775,151.92633,17.369379,24.197746,10.811496,2.413599
2016-10-01,brandenburg,52.47131216140487,13.407541331108893,685.8258,89.36162,47.147064,8.55997,11.404959,5.4395547,2.7251074
2016-11-01,brandenburg,52.47131216140487,13.407541331108893,508.22333,87.58792,33.842308,3.5378819,6.806414,0.38918456,3.026248
2016-12-01,brandenburg,52.47131216140487,13.407541331108893,560.18066,88.10537,22.075602,2.6913075,5.1704125,-0.100459866,3.503756
2017-01-01,brandenburg,52.47131216140487,13.407541331108893,472.94843,87.28961,28.559721,-1.5072423,0.92668396,-4.1742115,3.159427
2017-02-01,brandenburg,52.47131216140487,13.407541331108893,488.58575,80.76905,47.13709,1.8795247,4.994803,-1.0981429,3.7057436
2017-03-01,brandenburg,52.47131216140487,13.407541331108893,593.7387,76.74243,104.63573,6.9553976,11.811068,2.221081,3.317314
2017-04-01,brandenburg,52.47131216140487,13.407541331108893,354.82,73.54866,145.54941,7.79372,12.70212,2.9530632,3.6916983
2017-05-01,brandenburg,52.47131216140487,13.407541331108893,481.3742,71.34981,216.98065,14.572485,20.303541,8.237617,2.9001753
2017-06-01,brandenburg,52.47131216140487,13.407541331108893,1626.0,70.59569,221.75076,17.831959,23.646284,11.604904,3.2452185
2017-07-01,brandenburg,52.47131216140487,13.407541331108893,1625.8743,76.1036,198.40413,18.37056,23.774912,13.218662,2.7167866
2017-08-01,brandenburg,52.47131216140487,13.407541331108893,780.4194,74.976715,190.78618,18.49849,24.10282,12.8039665,2.7479172
2017-09-01,brandenburg,52.47131216140487,13.407541331108893,405.35333,80.97418,116.71676,13.507109,18.563263,9.011447,2.8727777
2017-10-01,brandenburg,52.47131216140487,13.407541331108893,972.25165,85.172676,63.24392,11.468134,14.984412,8.216253,3.8802142
2017-11-01,brandenburg,52.47131216140487,13.407541331108893,800.39,88.50234,28.713161,5.612242,8.130392,2.6999092,3.4614067
2017-12-01,brandenburg,52.47131216140487,13.407541331108893,499.94193,86.08169,19.061043,3.334827,5.50711,0.8913697,4.2027984
2018-01-01,brandenburg,52.47131216140487,13.407541331108893,766.37744,84.921684,22.728619,3.2367656,5.410904,0.79635316,4.0131197
2018-02-01,brandenburg,52.47131216140487,13.407541331108893,48.664288,78.292206,68.63956,-1.6967884,2.0604386,-5.242965,2.6519568
2018-03-01,brandenburg,52.47131216140487,13.407541331108893,565.4484,75.849304,96.507034,1.3471886,5.4829965,-2.728659,3.5170891
2018-04-01,brandenburg,52.47131216140487,13.407541331108893,422.54333,70.142166,192.44307,12.838512,19.18518,6.078053,3.3447895
2018-05-01,brandenburg,52.47131216140487,13.407541331108893,238.92581,61.70045,242.50587,17.12374,23.750742,9.432321,2.9662127
2018-06-01,brandenburg,52.47131216140487,13.407541331108893,408.7,65.37492,207.14256,18.774523,24.840118,12.820876,3.0556707
2018-07-01,brandenburg,52.47131216140487,13.407541331108893,658.69354,61.79439,234.1182,20.876598,27.726837,13.511164,2.6004622
2018-08-01,brandenburg,52.47131216140487,13.407541331108893,273.2613,60.54029,211.3756,20.886444,27.662575,13.643955,2.8531427
2018-09-01,brandenburg,52.47131216140487,13.407541331108893,317.33,67.54146,145.56761,15.918872,22.54229,9.79205,2.8518674
2018-10-01,brandenburg,52.47131216140487,13.407541331108893,224.48065,75.57783,84.69892,10.767989,16.484802,5.163935,3.305033
2018-11-01,brandenburg,52.47131216140487,13.407541331108893,183.41333,85.30916,36.293503,5.012215,8.275276,1.845329,2.9251308
2018-12-01,brandenburg,52.47131216140487,13.407541331108893,666.8258,87.61123,16.097021,4.252673,6.3816633,2.2177641,3.8915977
2019-01-01,brandenburg,52.47131216140487,13.407541331108893,666.54193,85.060905,26.118694,1.134608,3.3924103,-1.3548601,4.0884695
2019-02-01,brandenburg,52.47131216140487,13.407541331108893,316.88928,75.748474,64.50779,4.1579976,8.864428,-0.013270143,3.4788635
2019-03-01,brandenburg,52.47131216140487,13.407541331108893,688.40967,77.404434,88.52341,6.7816257,10.790765,2.6563523,4.4663267
2019-04-01,brandenburg,52.47131216140487,13.407541331108893,167.32,60.194702,200.75188,10.444949,16.891134,3.7388666,3.3561075
2019-05-01,brandenburg,52.47131216140487,13.407541331108893,458.78705,68.684,200.03357,12.251682,17.76168,5.90609,3.242774
2019-06-01,brandenburg,52.47131216140487,13.407541331108893,697.55664,60.203026,237.71503,21.910627,28.95532,13.988702,2.9434547
2019-07-01,brandenburg,52.47131216140487,13.407541331108893,598.4291,65.30283,205.07344,19.348034,25.228338,13.325608,3.0307577
2019-08-01,brandenburg,52.47131216140487,13.407541331108893,296.74518,65.29359,198.6163,20.40931,27.152998,13.6225815,2.606439
2019-09-01,brandenburg,52.47131216140487,13.407541331108893,704.2467,72.94895,127.59948,14.684072,20.189638,9.142661,3.1838317
2019-10-01,brandenburg,52.47131216140487,13.407541331108893,661.2516,83.811134,75.72572,10.995465,15.630316,6.6851287,3.0152462
2019-11-01,brandenburg,52.47131216140487,13.407541331108893,530.9367,89.00004,30.958033,6.0486946,8.845916,3.0980632,3.1433136
2019-12-01,brandenburg,52.47131216140487,13.407541331108893,395.40646,85.01999,23.435898,4.0195146,6.5829325,1.0786774,3.5834694
2020-01-01,brandenburg,52.47131216140487,13.407541331108893,418.79358,85.08153,29.527378,4.0295286,6.7752905,0.88629776,3.856068
2020-02-01,brandenburg,52.47131216140487,13.407541331108893,999.7173,78.78664,50.660034,5.7755494,8.814382,2.8269486,5.186516
2020-03-01,brandenburg,52.47131216140487,13.407541331108893,385.62903,70.0031,124.25624,5.075496,10.00588,-0.009177829,3.5676613
2020-04-01,brandenburg,52.47131216140487,13.407541331108893,136.16333,56.50925,226.50145,10.067857,17.056787,2.312955,3.1440341
2020-05-01,brandenburg,52.47131216140487,13.407541331108893,398.6129,65.56392,232.66005,12.13429,18.132166,5.3488464,3.1005862
2020-06-01,brandenburg,52.47131216140487,13.407541331108893,746.9634,68.25052,243.26033,18.428738,24.506325,12.044839,2.810734
2020-07-01,brandenburg,52.47131216140487,13.407541331108893,528.81934,67.93856,234.89075,18.153858,24.168018,11.709637,2.8513103
2020-08-01,brandenburg,52.47131216140487,13.407541331108893,705.30005,65.58057,209.71175,21.041872,27.534685,14.447401,2.6370041
2020-09-01,brandenburg,52.47131216140487,13.407541331108893,714.86334,74.456,156.15189,15.201685,21.678778,8.870346,2.4242675
2020-10-01,brandenburg,52.47131216140487,13.407541331108893,824.071,85.71734,69.55542,10.964517,14.371587,7.5767365,3.1581173
2020-11-01,brandenburg,52.47131216140487,13.407541331108893,125.20667,86.829445,39.21735,6.715094,9.622939,3.6279104,3.0410287
2020-12-01,brandenburg,52.47131216140487,13.407541331108893,312.8968,87.26284,22.47899,3.0546682,5.602235,0.5616129,3.2897139
2021-01-01,brandenburg,52.47131216140487,13.407541331108893,624.629,87.898895,25.697187,0.65096277,2.6856089,-1.5757022,3.1197188
2021-02-01,brandenburg,52.47131216140487,13.407541331108893,486.1286,82.51944,71.79689,0.39266482,4.7854953,-4.0272274,3.0028763
2021-03-01,brandenburg,52.47131216140487,13.407541331108893,404.5871,75.653175,114.72374,4.8627763,10.005103,0.087051295,3.319186
2021-04-01,brandenburg,52.47131216140487,13.407541331108893,360.59003,69.69409,175.19539,6.38813,11.816334,1.0744282,3.6202116
2021-05-01,brandenburg,52.47131216140487,13.407541331108893,792.0065,72.95267,210.74551,11.885419,17.035257,6.664895,3.5668237
2021-06-01,brandenburg,52.47131216140487,13.407541331108893,991.73663,64.41092,279.69324,20.320827,26.629152,13.028775,2.4842358
2021-07-01,brandenburg,52.47131216140487,13.407541331108893,752.2838,73.052795,231.16286,20.169971,25.562027,14.687295,2.7034645
2021-08-01,brandenburg,52.47131216140487,13.407541331108893,1180.8774,76.39384,183.74269,17.212936,22.471785,12.277447,2.87458
2021-09-01,brandenburg,52.47131216140487,13.407541331108893,300.85666,81.06579,139.46794,15.517657,20.499796,10.928078,2.561647
2021-10-01,brandenburg,52.47131216140487,13.407541331108893,325.04193,79.81669,91.091644,10.230798,15.170165,5.5889306,3.1892712
2021-11-01,brandenburg,52.47131216140487,13.407541331108893,754.87335,88.289635,40.529915,5.9021316,8.264591,3.3054442,3.2568128
2021-12-01,brandenburg,52.47131216140487,13.407541331108893,490.3194,88.49878,18.518528,1.6930834,3.912851,-0.92063695,3.282592
2022-01-01,brandenburg,52.47131216140487,13.407541331108893,433.76776,85.676865,23.988503,3.323429,5.3454113,0.79991895,4.2534904
2022-02-01,brandenburg,52.47131216140487,13.407541331108893,858.0357,79.2332,64.154305,4.816993,8.289695,1.5317802,5.257487
2022-03-01,brandenburg,52.47131216140487,13.407541331108893,19.258066,63.837517,153.1851,4.6614146,11.129164,-1.4452125,2.8036807
2022-04-01,brandenburg,52.47131216140487,13.407541331108893,400.50668,67.5112,174.28719,7.955485,13.4806,2.196511,3.6536007
2022-05-01,brandenburg,52.47131216140487,13.407541331108893,335.24515,63.516685,225.84303,14.868737,21.058508,7.7999225,3.0615127
2022-06-01,brandenburg,52.47131216140487,13.407541331108893,438.93335,62.78204,264.5552,19.416853,26.211432,11.830434,2.6662676
2022-07-01,brandenburg,52.47131216140487,13.407541331108893,394.6355,61.106712,232.69504,19.428236,26.124704,12.098378,2.9225185
2022-08-01,brandenburg,52.47131216140487,13.407541331108893,689.5581,68.032555,167.61348,20.85315,27.445543,14.150531,2.239699
2022-09-01,brandenburg,52.47131216140487,13.407541331108893,704.9034,77.108925,121.1883,13.460212,18.967756,8.707611,2.6073196
2022-10-01,brandenburg,52.47131216140487,13.407541331108893,308.10645,83.91278,82.939865,12.416555,17.7345,7.4692883,2.6548033
2022-11-01,brandenburg,52.47131216140487,13.407541331108893,243.51334,87.22074,46.742046,5.547906,8.838756,2.2302752,2.9905093
2022-12-01,brandenburg,52.47131216140487,13.407541331108893,619.4387,88.11769,17.812654,1.4661596,3.5945375,-1.0764292,3.1129868
2023-01-01,brandenburg,52.47131216140487,13.407541331108893,775.12585,84.99772,21.168404,4.071942,6.2317553,1.477588,3.8542027
2023-02-01,brandenburg,52.47131216140487,13.407541331108893,582.01074,83.2129,53.8511,2.872996,6.4104185,-0.79266936,3.6261427
2023-03-01,brandenburg,52.47131216140487,13.407541331108893,884.3452,79.25368,93.06717,5.5122867,9.736278,1.7569551,3.6265852
2023-04-01,brandenburg,52.47131216140487,13.407541331108893,624.5367,75.36137,155.43666,7.7248716,12.502101,2.558187,3.1302452
2023-05-01,brandenburg,52.47131216140487,13.407541331108893,153.56451,63.160156,243.56328,13.541641,19.776354,6.3120384,2.9737632
2023-06-01,brandenburg,52.47131216140487,13.407541331108893,983.5233,64.96737,253.38187,18.71728,25.189903,11.746409,2.5379171
2023-07-01,brandenburg,52.47131216140487,13.407541331108893,638.68066,65.67003,222.24167,19.358599,25.681026,12.641322,3.0824022
2023-08-01,brandenburg,52.47131216140487,13.407541331108893,854.7129,76.23783,149.85071,19.077263,24.451374,14.05661,2.654961
2023-09-01,brandenburg,52.47131216140487,13.407541331108893,187.52335,73.83585,138.55342,17.879616,25.017931,11.165019,2.3273203
2023-10-01,brandenburg,52.47131216140487,13.407541331108893,1176.8613,83.838524,65.51017,11.773262,15.667157,8.224898,3.2232184
2023-11-01,brandenburg,52.47131216140487,13.407541331108893,893.18335,85.014435,41.193333,5.5663066,8.295329,2.5416083,3.6956394
2023-12-01,brandenburg,52.47131216140487,13.407541331108893,1226.042,87.07217,17.355335,3.7166867,5.6086993,1.227536,4.179846
2024-01-01,brandenburg,52.47131216140487,13.407541331108893,585.68384,82.47233,29.088585,1.2442902,4.1024027,-1.9638783,4.2019114
2024-02-01,brandenburg,52.47131216140487,13.407541331108893,968.4655,84.254745,44.56127,6.590978,9.72964,3.3179195,4.065586
2024-03-01,brandenburg,52.47131216140487,13.407541331108893,353.79675,77.329575,107.892715,7.6383977,12.774782,2.3621588,3.049128
2024-04-01,brandenburg,52.47131216140487,13.407541331108893,443.04337,71.451294,164.00752,10.9813,16.34878,5.463223,3.3112333
2024-05-01,brandenburg,52.47131216140487,13.407541331108893,641.9,66.36944,236.39363,16.779871,22.773392,10.507769,2.8782132
2024-06-01,brandenburg,52.47131216140487,13.407541331108893,836.57007,70.771324,232.99532,17.742573,23.554167,11.441054,2.7884572
2024-07-01,brandenburg,52.47131216140487,13.407541331108893,1114.4774,71.289085,231.15443,19.533478,25.561678,13.239207,2.563926
2024-08-01,brandenburg,52.47131216140487,13.407541331108893,459.84515,67.7384,212.43358,20.573751,27.054909,13.604288,2.6087377
2024-09-01,brandenburg,52.47131216140487,13.407541331108893,678.89,71.35634,144.8365,16.823595,22.657408,11.457857,3.262652
2024-10-01,brandenburg,52.47131216140487,13.407541331108893,429.1194,84.964806,72.13383,11.048062,15.435302,6.8731728,2.8751209
2024-11-01,brandenburg,52.47131216140487,13.407541331108893,644.48,86.477425,29.415554,5.131389,7.5630445,2.4794753,3.2569656
2024-12-01,brandenburg,52.47131216140487,13.407541331108893,444.32904,87.822624,18.33962,3.7366574,5.6799197,1.5254813,3.640665
2000-01-01,bremen,53.08988358409538,8.78988828466225,8.032258,87.16892,24.083872,3.361161,5.545096,0.52825797,5.0205164
2000-02-01,bremen,53.08988358409538,8.78988828466225,10.717241,85.37275,51.11724,4.829379,7.824759,2.0029655,5.321172
2000-03-01,bremen,53.08988358409538,8.78988828466225,18.887096,84.772896,71.767746,5.9726453,8.7709675,3.1172261,5.2005806
2000-04-01,bremen,53.08988358409538,8.78988828466225,6.286667,74.84347,154.04,10.354134,15.149465,5.396333,3.6595333
2000-05-01,bremen,53.08988358409538,8.78988828466225,6.6774197,67.00185,230.63228,15.028773,20.567804,9.100451,3.652645
2000-06-01,bremen,53.08988358409538,8.78988828466225,7.306667,71.82234,210.82666,16.259731,21.2096,11.059932,4.040933
2000-07-01,bremen,53.08988358409538,8.78988828466225,15.258066,80.288925,153.3871,15.581805,19.542065,11.729032,3.6101289
2000-08-01,bremen,53.08988358409538,8.78988828466225,10.922581,77.617584,179.3613,16.963161,21.98103,12.154516,2.781161
2000-09-01,bremen,53.08988358409538,8.78988828466225,13.356667,84.22702,102.56,14.2054,18.397932,10.714867,3.4127998
2000-10-01,bremen,53.08988358409538,8.78988828466225,7.370968,85.11293,60.580647,10.9342575,14.682385,7.5686445,4.118516
2000-11-01,bremen,53.08988358409538,8.78988828466225,4.8166666,85.44372,31.226665,7.1758666,10.020599,4.297533,4.497333
2000-12-01,bremen,53.08988358409538,8.78988828466225,8.264517,87.37449,20.787098,3.9467099,6.0998063,1.4565164,4.438516
2001-01-01,bremen,53.08988358409538,8.78988828466225,8.451613,89.527245,21.593548,1.8361934,3.7729676,-0.5576129,3.4826446
2001-02-01,bremen,53.08988358409538,8.78988828466225,10.339286,85.10825,48.81429,2.8921432,5.8664994,-0.09285708,4.3751426
2001-03-01,bremen,53.08988358409538,8.78988828466225,8.274194,83.30256,77.37419,3.4668384,6.6449676,0.6412903,4.384
2001-04-01,bremen,53.08988358409538,8.78988828466225,12.026667,79.93583,135.85333,7.7038665,12.07,3.2118669,4.0914664
2001-05-01,bremen,53.08988358409538,8.78988828466225,8.151613,73.14087,237.69678,13.523743,19.101095,7.469355,3.7152905
2001-06-01,bremen,53.08988358409538,8.78988828466225,17.326668,80.221756,198.33333,13.927866,18.874264,8.8976,3.5133336
2001-07-01,bremen,53.08988358409538,8.78988828466225,11.670968,76.79144,223.29678,18.59032,23.758514,13.315226,3.3530324
2001-08-01,bremen,53.08988358409538,8.78988828466225,12.067742,76.16063,179.92258,18.409613,23.386517,13.203677,3.4480643
2001-09-01,bremen,53.08988358409538,8.78988828466225,31.75,87.635185,91.293335,12.4892,16.1824,9.1678,3.6566665
2001-10-01,bremen,53.08988358409538,8.78988828466225,5.0064516,84.944275,63.374195,13.190645,16.762386,10.091742,4.0778704
2001-11-01,bremen,53.08988358409538,8.78988828466225,10.41,88.53279,29.320002,5.751,8.418266,2.4770668,3.751533
2001-12-01,bremen,53.08988358409538,8.78988828466225,15.23871,89.38304,18.793549,1.3335483,4.0063224,-1.6748387,4.1079993
2002-01-01,bremen,53.08988358409538,8.78988828466225,9.664516,86.44249,22.303226,3.5870323,5.822645,0.9938065,4.859613
2002-02-01,bremen,53.08988358409538,8.78988828466225,16.710714,79.203186,53.89286,5.866357,9.259644,2.7024283,6.071286
2002-03-01,bremen,53.08988358409538,8.78988828466225,5.5483866,76.93642,100.283875,5.8715477,10.171483,1.5424516,4.5334196
2002-04-01,bremen,53.08988358409538,8.78988828466225,12.756666,74.25658,145.25333,8.576001,13.1066,3.7419333,3.7880669
2002-05-01,bremen,53.08988358409538,8.78988828466225,7.2000003,78.50069,186.43872,13.864774,18.306255,9.126257,3.4768386
2002-06-01,bremen,53.08988358409538,8.78988828466225,14.876667,76.02763,208.58667,16.652466,21.312399,11.687334,3.7126663
2002-07-01,bremen,53.08988358409538,8.78988828466225,26.719355,77.56761,179.23871,17.694775,22.215548,13.287869,3.7718062
2002-08-01,bremen,53.08988358409538,8.78988828466225,20.809677,78.89579,178.67097,19.800066,24.876453,15.322192,2.6207097
2002-09-01,bremen,53.08988358409538,8.78988828466225,5.68,78.53276,130.01334,14.618268,19.399332,10.267799,3.0378003
2002-10-01,bremen,53.08988358409538,8.78988828466225,22.574196,83.617226,65.78064,8.02942,12.128065,4.17258,4.4240646
2002-11-01,bremen,53.08988358409538,8.78988828466225,14.230001,90.0316,27.213333,5.212533,7.6236663,2.3743331,3.4070663
2002-12-01,bremen,53.08988358409538,8.78988828466225,11.903227,86.521286,18.845163,-0.3492903,1.6522579,-2.5080643,4.142516
2003-01-01,bremen,53.08988358409538,8.78988828466225,13.435483,87.404854,21.95484,0.93335485,3.5038064,-2.2454839,4.524129
2003-02-01,bremen,53.08988358409538,8.78988828466225,3.0392854,81.96737,65.578575,-0.63621426,3.0802143,-4.0686426,3.6177857
2003-03-01,bremen,53.08988358409538,8.78988828466225,4.319355,78.4328,112.16775,5.5415487,10.658581,0.62232256,3.5952904
2003-04-01,bremen,53.08988358409538,8.78988828466225,9.693334,65.177444,176.90666,9.138133,14.734533,2.6032665,4.4857335
2003-05-01,bremen,53.08988358409538,8.78988828466225,13.719356,76.17236,204.3871,13.220644,18.400194,7.4461927,3.4912255
2003-06-01,bremen,53.08988358409538,8.78988828466225,5.386667,71.49495,239.60666,18.071798,23.75433,11.586665,3.5446668
2003-07-01,bremen,53.08988358409538,8.78988828466225,11.819355,73.56321,217.14839,19.05755,24.33458,13.446515,3.5254192
2003-08-01,bremen,53.08988358409538,8.78988828466225,4.4451613,67.35714,197.00644,19.641613,25.562515,13.413806,3.5645804
2003-09-01,bremen,53.08988358409538,8.78988828466225,9.696667,78.26837,141.53333,13.885933,20.084467,7.6876,2.8144
2003-10-01,bremen,53.08988358409538,8.78988828466225,8.225806,84.48517,77.83226,5.9818707,10.916129,0.7529677,3.4604516
2003-11-01,bremen,53.08988358409538,8.78988828466225,2.69,87.68491,31.433334,7.0568666,9.779134,4.1327333,4.0874
2003-12-01,bremen,53.08988358409538,8.78988828466225,12.319355,87.40935,21.619354,3.1075482,5.9023223,-0.3747097,4.425548
2004-01-01,bremen,53.08988358409538,8.78988828466225,15.661291,87.89618,20.52258,1.7540646,3.9615483,-0.45890322,4.158193
2004-02-01,bremen,53.08988358409538,8.78988828466225,9.975862,82.76964,47.531036,3.923448,6.921379,1.0416553,4.8166895
2004-03-01,bremen,53.08988358409538,8.78988828466225,5.0774193,77.58769,97.283875,5.165612,9.306064,0.84754837,4.5451612
2004-04-01,bremen,53.08988358409538,8.78988828466225,7.0733333,71.804016,164.00667,9.959401,15.204733,4.483733,3.7346
2004-05-01,bremen,53.08988358409538,8.78988828466225,8.493548,76.45647,187.09033,11.84129,16.648129,6.3585806,3.5956128
2004-06-01,bremen,53.08988358409538,8.78988828466225,12.683333,77.171715,192.10666,15.180733,20.378666,10.118532,3.9154
2004-07-01,bremen,53.08988358409538,8.78988828466225,15.480646,80.02544,192.86452,16.421095,21.514967,11.437677,3.6068387
2004-08-01,bremen,53.08988358409538,8.78988828466225,12.580646,75.620865,184.9742,18.844902,23.80419,13.690903,3.677161
2004-09-01,bremen,53.08988358409538,8.78988828466225,14.890001,77.74044,133.38,14.575198,19.627468,9.6298,4.0818667
2004-10-01,bremen,53.08988358409538,8.78988828466225,5.1193547,83.9593,68.70968,10.2989025,14.064,6.4438066,3.9770966
2004-11-01,bremen,53.08988358409538,8.78988828466225,15.436667,90.01927,31.366665,5.0801997,8.174601,1.6800667,3.6470666
2004-12-01,bremen,53.08988358409538,8.78988828466225,5.193548,90.68668,18.99355,2.9265163,5.0269675,0.46019354,3.8992257
2005-01-01,bremen,53.08988358409538,8.78988828466225,11.006452,85.295265,25.94839,3.976129,6.2226458,1.5212903,5.721162
2005-02-01,bremen,53.08988358409538,8.78988828466225,8.9,84.9592,45.74286,0.95364296,3.5095,-1.5639999,4.2803564
2005-03-01,bremen,53.08988358409538,8.78988828466225,8.4096775,80.530914,94.00645,4.293419,7.942968,0.019612571,4.4552903
2005-04-01,bremen,53.08988358409538,8.78988828466225,5.0,69.5721,168.87334,9.853132,15.237866,4.105133,3.7799332
2005-05-01,bremen,53.08988358409538,8.78988828466225,16.203226,77.24505,202.79355,12.314646,17.278708,6.5770326,3.540774
2005-06-01,bremen,53.08988358409538,8.78988828466225,8.25,73.84032,226.71333,15.4474,20.6168,9.437666,3.4860668
2005-07-01,bremen,53.08988358409538,8.78988828466225,18.61613,78.34684,190.01936,18.067291,23.036194,13.097742,3.4663873
2005-08-01,bremen,53.08988358409538,8.78988828466225,12.506452,82.0992,155.54839,15.650968,20.23787,11.213289,3.4784513
2005-09-01,bremen,53.08988358409538,8.78988828466225,8.103333,78.97803,138.9,15.351465,21.11613,10.015599,2.9536
2005-10-01,bremen,53.08988358409538,8.78988828466225,6.6290326,85.224045,87.25161,11.7131605,17.053741,6.9562583,3.4353542
2005-11-01,bremen,53.08988358409538,8.78988828466225,10.35,89.8977,31.313334,5.6461997,8.413866,2.3918664,3.6520667
2005-12-01,bremen,53.08988358409538,8.78988828466225,11.525806,90.74162,19.858067,2.868129,4.8462577,0.27761286,4.267161
2006-01-01,bremen,53.08988358409538,8.78988828466225,3.6129034,87.511826,26.941935,-0.7690322,1.8924515,-3.8198063,3.552774
2006-02-01,bremen,53.08988358409538,8.78988828466225,5.6035714,87.43577,37.671425,1.0871427,3.5049286,-1.6105,3.795786
2006-03-01,bremen,53.08988358409538,8.78988828466225,10.112904,83.25466,90.04516,1.7154194,5.2698064,-2.22129,4.224064
2006-04-01,bremen,53.08988358409538,8.78988828466225,12.17,80.50917,133.24667,7.9385996,12.596666,3.2052665,3.9766
2006-05-01,bremen,53.08988358409538,8.78988828466225,10.651613,71.14418,207.99356,13.4014845,18.636967,7.734515,4.4524517
2006-06-01,bremen,53.08988358409538,8.78988828466225,4.28,71.97628,228.85332,16.372799,21.727467,10.2300005,3.2556
2006-07-01,bremen,53.08988358409538,8.78988828466225,5.403226,63.290794,265.29034,21.953548,28.710773,14.432968,3.0124514
2006-08-01,bremen,53.08988358409538,8.78988828466225,24.23226,82.981125,151.30322,16.188385,21.384129,11.839999,3.4615479
2006-09-01,bremen,53.08988358409538,8.78988828466225,2.9500003,76.322296,136.79333,17.369333,22.840267,12.287533,3.442733
2006-10-01,bremen,53.08988358409538,8.78988828466225,7.9419355,85.03038,63.967743,12.928386,16.602451,9.209742,3.9081292
2006-11-01,bremen,53.08988358409538,8.78988828466225,11.193334,87.304405,29.84,7.898866,11.043401,4.1089334,4.4572663
2006-12-01,bremen,53.08988358409538,8.78988828466225,8.332258,86.9084,17.374195,6.3146453,8.469999,3.9673545,4.4784517
2007-01-01,bremen,53.08988358409538,8.78988828466225,20.341934,84.98367,22.225805,5.8116775,8.211549,2.9795485,6.4425154
2007-02-01,bremen,53.08988358409538,8.78988828466225,13.700001,89.59921,37.514286,4.155572,6.7260714,1.6047857,4.2667146
2007-03-01,bremen,53.08988358409538,8.78988828466225,7.641936,78.34924,111.51613,7.2760634,12.047291,2.7666452,4.752129
2007-04-01,bremen,53.08988358409538,8.78988828466225,0.35000002,66.312645,193.25333,11.979533,17.968332,5.2385335,3.9492002
2007-05-01,bremen,53.08988358409538,8.78988828466225,18.503227,75.51139,202.68387,13.612839,18.609097,7.879354,3.6724517
2007-06-01,bremen,53.08988358409538,8.78988828466225,10.906667,78.297874,197.08,17.688267,22.6276,12.768932,3.3847332
2007-07-01,bremen,53.08988358409538,8.78988828466225,19.63871,79.790115,189.50322,17.034388,22.006968,12.3600645,3.8692906
2007-08-01,bremen,53.08988358409538,8.78988828466225,6.403226,79.61776,172.85161,17.100386,21.914194,11.880386,3.4704514
2007-09-01,bremen,53.08988358409538,8.78988828466225,14.5,83.97606,108.48,13.442798,17.597734,9.3312,4.057067
2007-10-01,bremen,53.08988358409538,8.78988828466225,8.732258,85.32441,67.89032,9.073743,13.142064,4.535226,2.780387
2007-11-01,bremen,53.08988358409538,8.78988828466225,14.046667,88.405685,29.64,5.5537996,8.0546665,2.9535332,4.2691994
2007-12-01,bremen,53.08988358409538,8.78988828466225,10.512904,87.18655,17.929031,3.3810322,5.2419353,1.250129,4.15471
2008-01-01,bremen,53.08988358409538,8.78988828466225,19.780647,85.663315,19.025806,5.1851616,7.469677,2.4590323,5.4140644
2008-02-01,bremen,53.08988358409538,8.78988828466225,8.131035,81.77635,53.255177,4.5426207,8.402414,0.6877241,4.0965514
2008-03-01,bremen,53.08988358409538,8.78988828466225,12.145161,80.2476,91.14839,4.974516,8.43587,1.434129,5.5648384
2008-04-01,bremen,53.08988358409538,8.78988828466225,7.0433335,77.698296,148.9,7.8372664,12.6284,2.8827333,3.6771336
2008-05-01,bremen,53.08988358409538,8.78988828466225,1.8129033,63.86084,250.95483,14.902582,20.659998,8.011484,3.4108384
2008-06-01,bremen,53.08988358409538,8.78988828466225,6.76,69.34589,240.66,16.670065,22.691868,10.120466,3.5544667
2008-07-01,bremen,53.08988358409538,8.78988828466225,18.21613,75.81848,201.20645,18.347355,23.709095,13.047934,3.7698064
2008-08-01,bremen,53.08988358409538,8.78988828466225,20.570969,80.16653,155.93547,17.33258,21.886065,13.02316,3.848516
2008-09-01,bremen,53.08988358409538,8.78988828466225,5.1833334,80.59502,115.31999,13.355266,18.236599,8.7096,3.4434667
2008-10-01,bremen,53.08988358409538,8.78988828466225,10.741936,87.53468,63.387096,9.683742,13.392064,6.184645,3.7127094
2008-11-01,bremen,53.08988358409538,8.78988828466225,8.653334,89.83423,25.38,6.090133,8.391866,3.5111337,4.190933
2008-12-01,bremen,53.08988358409538,8.78988828466225,1.7129033,89.818954,19.819355,2.066129,4.1043863,-0.384129,3.4832256
2009-01-01,bremen,53.08988358409538,8.78988828466225,6.248387,86.74504,26.258066,0.16787097,2.6365807,-2.8497417,3.5572903
2009-02-01,bremen,53.08988358409538,8.78988828466225,9.435715,89.02618,35.72857,2.2421427,4.626143,-0.34107146,3.8482857
2009-03-01,bremen,53.08988358409538,8.78988828466225,9.77742,83.263565,83.60645,5.4916124,9.03258,1.6665161,4.087742
2009-04-01,bremen,53.08988358409538,8.78988828466225,3.1066668,68.88461,197.81332,12.706202,18.956467,6.258666,3.4333332
2009-05-01,bremen,53.08988358409538,8.78988828466225,6.3548384,69.373024,227.17416,13.549936,19.158129,7.6881285,4.060516
2009-06-01,bremen,53.08988358409538,8.78988828466225,11.496666,74.36439,215.06668,14.761266,19.784533,9.578,3.9565334
2009-07-01,bremen,53.08988358409538,8.78988828466225,17.083872,75.48549,215.29033,18.116322,23.387484,12.73942,3.5537415
2009-08-01,bremen,53.08988358409538,8.78988828466225,2.6903226,69.94949,196.12903,18.701353,24.649612,12.34329,3.221419
2009-09-01,bremen,53.08988358409538,8.78988828466225,5.1366673,76.320145,127.22666,14.948532,20.557465,9.804067,3.6373997
2009-10-01,bremen,53.08988358409538,8.78988828466225,12.422581,83.501884,64.86452,8.743355,12.119935,4.7773542,3.890258
2009-11-01,bremen,53.08988358409538,8.78988828466225,17.096666,85.314064,24.0,8.753799,11.027599,5.9658666,4.391533
2009-12-01,bremen,53.08988358409538,8.78988828466225,10.183872,88.36941,18.825806,1.128387,3.2660644,-1.5720646,3.739613
2010-01-01,bremen,53.08988358409538,8.78988828466225,5.6645164,86.954445,19.35484,-2.7050319,-0.82574195,-5.1171613,3.977871
2010-02-01,bremen,53.08988358409538,8.78988828466225,10.214286,85.35781,36.93572,-0.29478556,2.0326428,-2.862,4.150786
2010-03-01,bremen,53.08988358409538,8.78988828466225,12.829033,79.110634,96.451614,5.166387,9.077291,0.95793533,4.1317415
2010-04-01,bremen,53.08988358409538,8.78988828466225,3.5166667,68.27956,179.78,9.1226,14.561066,3.6796002,4.033666
2010-05-01,bremen,53.08988358409538,8.78988828466225,9.696774,75.88717,168.47098,10.19271,14.43942,5.312322,3.8759353
2010-06-01,bremen,53.08988358409538,8.78988828466225,2.81,72.22926,243.89331,16.0956,21.885199,9.273199,3.2025998
2010-07-01,bremen,53.08988358409538,8.78988828466225,9.2290325,64.65075,242.59355,20.987352,27.363998,14.227549,3.209935
2010-08-01,bremen,53.08988358409538,8.78988828466225,19.2,80.74469,149.90967,16.93871,21.787807,12.360193,3.4200644
2010-09-01,bremen,53.08988358409538,8.78988828466225,13.326666,84.28957,108.746666,13.2316,17.235533,9.150467,3.636933
2010-10-01,bremen,53.08988358409538,8.78988828466225,7.496774,87.10934,70.658066,9.435613,13.149225,5.608387,3.9418063
2010-11-01,bremen,53.08988358409538,8.78988828466225,10.273334,90.2437,23.326666,4.855133,6.8972,2.1834667,3.8086
2010-12-01,bremen,53.08988358409538,8.78988828466225,8.535484,90.42594,17.154839,-3.3896775,-1.1118709,-6.5286455,3.7310321
2011-01-01,bremen,53.08988358409538,8.78988828466225,6.854839,90.06344,22.309677,2.2619355,4.3947096,-0.09309683,3.6138065
2011-02-01,bremen,53.08988358409538,8.78988828466225,7.507143,80.50453,45.57857,2.0016427,4.534285,-0.37107143,5.1774282
2011-03-01,bremen,53.08988358409538,8.78988828466225,0.91935486,78.220474,111.812904,4.6476774,9.663355,-0.41374192,3.3899999
2011-04-01,bremen,53.08988358409538,8.78988828466225,2.9933333,67.11471,191.26001,12.208066,18.419067,5.7098,3.8607993
2011-05-01,bremen,53.08988358409538,8.78988828466225,5.3774195,65.50499,224.75484,13.845871,19.593868,7.433613,4.048645
2011-06-01,bremen,53.08988358409538,8.78988828466225,12.213333,74.56779,220.39334,16.492,21.786734,10.535334,3.552333
2011-07-01,bremen,53.08988358409538,8.78988828466225,9.332258,77.02063,166.24516,16.400904,20.657417,12.256259,4.1119356
2011-08-01,bremen,53.08988358409538,8.78988828466225,22.358067,81.74513,154.88387,17.222775,22.155224,12.797031,3.5484517
2011-09-01,bremen,53.08988358409538,8.78988828466225,8.9,81.08093,121.92666,15.2982,20.295467,10.3082,3.4117332
2011-10-01,bremen,53.08988358409538,8.78988828466225,12.296775,84.37964,77.32903,10.186582,15.018901,5.6159353,3.672258
2011-11-01,bremen,53.08988358409538,8.78988828466225,0.20333335,89.04414,33.84,5.555133,8.566465,2.8308,3.5825334
2011-12-01,bremen,53.08988358409538,8.78988828466225,24.358063,88.523026,16.961292,5.1005807,7.4592257,2.779161,5.5936775
2012-01-01,bremen,53.08988358409538,8.78988828466225,18.448387,87.82417,25.56129,3.2038066,5.5360003,0.66025794,5.249484
2012-02-01,bremen,53.08988358409538,8.78988828466225,2.6896553,83.40342,50.489655,0.19186187,3.0446897,-3.3884826,4.3768277
2012-03-01,bremen,53.08988358409538,8.78988828466225,1.9451613,81.67702,100.18065,7.409613,11.661548,3.2643867,4.1071615
2012-04-01,bremen,53.08988358409538,8.78988828466225,4.6900005,75.07744,140.60666,8.129534,12.5262,3.4326668,4.0220666
2012-05-01,bremen,53.08988358409538,8.78988828466225,8.758064,69.36854,210.34839,14.220324,19.428967,8.531355,3.7587743
2012-06-01,bremen,53.08988358409538,8.78988828466225,10.110001,76.350235,185.24667,14.717465,19.265999,9.425867,3.713533
2012-07-01,bremen,53.08988358409538,8.78988828466225,13.422581,76.30022,203.67097,17.276001,22.700321,11.788646,3.516774
2012-08-01,bremen,53.08988358409538,8.78988828466225,5.703226,73.41771,187.7742,18.384708,24.04458,12.595742,3.0903869
2012-09-01,bremen,53.08988358409538,8.78988828466225,6.963333,79.71044,117.15334,13.674601,18.656666,8.619132,3.4246
2012-10-01,bremen,53.08988358409538,8.78988828466225,11.567741,85.45895,68.47097,9.536451,13.603546,5.728903,3.4604516
2012-11-01,bremen,53.08988358409538,8.78988828466225,5.4433336,88.531815,28.893332,5.841067,8.625999,2.5716,3.6367328
2012-12-01,bremen,53.08988358409538,8.78988828466225,13.851613,88.87386,16.529032,2.8516128,5.25129,0.23161292,4.3173547
2013-01-01,bremen,53.08988358409538,8.78988828466225,9.096774,88.39485,18.8,1.0165161,2.906387,-1.6108387,4.4208384
2013-02-01,bremen,53.08988358409538,8.78988828466225,7.3285713,85.587845,38.592857,0.6680714,2.8021426,-1.6649287,3.8184285
2013-03-01,bremen,53.08988358409538,8.78988828466225,2.5935483,77.534225,100.09677,0.04141933,3.559161,-3.4672256,4.640516
2013-04-01,bremen,53.08988358409538,8.78988828466225,4.4900002,73.226425,155.14001,7.9250665,12.966133,2.2973332,3.9916
2013-05-01,bremen,53.08988358409538,8.78988828466225,16.425806,79.83926,175.18063,12.236645,16.7,7.7214193,3.5163872
2013-06-01,bremen,53.08988358409538,8.78988828466225,16.513332,76.02708,213.13998,15.368067,20.03033,10.2808,4.1026
2013-07-01,bremen,53.08988358409538,8.78988828466225,6.093549,74.71422,237.48389,18.96471,24.63929,12.74129,2.8328388
2013-08-01,bremen,53.08988358409538,8.78988828466225,7.896774,73.16748,189.29678,18.252064,23.863935,12.015677,3.0856128
2013-09-01,bremen,53.08988358409538,8.78988828466225,9.346666,84.72396,105.92,13.771868,18.102268,9.7123995,3.4068666
2013-10-01,bremen,53.08988358409538,8.78988828466225,8.070968,83.74388,67.22581,11.551097,15.432001,7.4842577,4.1473546
2013-11-01,bremen,53.08988358409538,8.78988828466225,12.256666,89.87392,30.320002,5.9574666,8.4572,3.2724,3.8220665
2013-12-01,bremen,53.08988358409538,8.78988828466225,8.880646,87.1801,17.703226,5.119484,7.500516,2.1947742,4.800774
2014-01-01,bremen,53.08988358409538,8.78988828466225,5.919355,88.335846,23.064516,2.6070967,4.898581,0.039935578,4.9334836
2014-02-01,bremen,53.08988358409538,8.78988828466225,5.4428573,82.46219,54.764282,5.411071,9.060358,1.689357,4.744857
2014-03-01,bremen,53.08988358409538,8.78988828466225,4.2290325,79.68652,114.21936,7.387548,12.951355,2.0571613,3.8367095
2014-04-01,bremen,53.08988358409538,8.78988828466225,8.733334,78.69403,157.91335,11.5208,16.924534,6.2038,3.8089333
2014-05-01,bremen,53.08988358409538,8.78988828466225,15.783872,77.37587,189.98709,12.852709,17.446127,7.8069024,3.866645
2014-06-01,bremen,53.08988358409538,8.78988828466225,10.233334,76.657295,214.98666,15.6582,20.769796,10.198733,3.5269332
2014-07-01,bremen,53.08988358409538,8.78988828466225,13.606451,73.576515,227.0516,20.229807,25.736517,14.7174835,3.3419354
2014-08-01,bremen,53.08988358409538,8.78988828466225,8.509678,76.77571,178.7871,16.32187,21.785934,11.093355,3.7123222
2014-09-01,bremen,53.08988358409538,8.78988828466225,3.2633333,81.71333,125.01333,16.067734,21.13853,11.233466,3.1171997
2014-10-01,bremen,53.08988358409538,8.78988828466225,9.551613,86.15394,63.825806,12.877096,16.542582,9.129999,3.416774
2014-11-01,bremen,53.08988358409538,8.78988828466225,3.6666667,88.27614,32.48,7.3275995,9.879468,4.4617333,3.7395332
2014-12-01,bremen,53.08988358409538,8.78988828466225,15.838709,88.78018,16.28387,3.7066453,5.7580643,1.2481936,5.2225156
2015-01-01,bremen,53.08988358409538,8.78988828466225,13.63871,88.29968,21.516129,3.136774,5.3541284,0.75632256,5.2267737
2015-02-01,bremen,53.08988358409538,8.78988828466225,6.0214286,86.27663,52.471428,2.5880713,5.4047136,-0.31385714,4.197072
2015-03-01,bremen,53.08988358409538,8.78988828466225,12.277419,79.014786,97.43226,5.9006453,10.206065,1.8412902,4.6900644
2015-04-01,bremen,53.08988358409538,8.78988828466225,5.38,74.45934,183.8,8.284599,14.069865,2.3957334,4.0667996
2015-05-01,bremen,53.08988358409538,8.78988828466225,6.458065,72.784386,198.27097,11.645288,17.01826,5.5564513,4.2704515
2015-06-01,bremen,53.08988358409538,8.78988828466225,5.5266666,71.574646,212.28667,15.178531,20.53753,8.876399,3.7636666
2015-07-01,bremen,53.08988358409538,8.78988828466225,16.261292,75.28926,208.09033,18.269934,23.52658,13.086514,4.1430964
2015-08-01,bremen,53.08988358409538,8.78988828466225,17.564516,76.68443,191.98064,19.025677,24.438969,13.50329,3.0829673
2015-09-01,bremen,53.08988358409538,8.78988828466225,10.443333,85.24724,118.71999,13.3838,17.935865,8.8668,3.56
2015-10-01,bremen,53.08988358409538,8.78988828466225,7.422581,88.165115,65.21935,9.261935,12.583483,5.7278705,2.875677
2015-11-01,bremen,53.08988358409538,8.78988828466225,19.90667,88.24172,30.546667,8.513266,11.2234,5.4846,5.031933
2015-12-01,bremen,53.08988358409538,8.78988828466225,6.7064514,85.1029,19.406452,8.585871,10.99,6.0770965,5.174
2016-01-01,bremen,53.08988358409538,8.78988828466225,10.661289,88.59987,23.870968,1.4710968,3.8430321,-1.3264515,4.665225
2016-02-01,bremen,53.08988358409538,8.78988828466225,15.9896555,84.96149,51.37931,3.533931,6.691724,0.3311724,4.9713097
2016-03-01,bremen,53.08988358409538,8.78988828466225,6.7096777,82.69185,91.05807,4.7589674,8.516903,0.89077413,3.9849029
2016-04-01,bremen,53.08988358409538,8.78988828466225,9.809999,76.296974,160.33333,8.0414,12.7428,3.3323333,4.038533
2016-05-01,bremen,53.08988358409538,8.78988828466225,5.9580646,70.56047,222.03227,14.523161,19.781158,8.859613,3.9550965
2016-06-01,bremen,53.08988358409538,8.78988828466225,16.77,78.70274,201.68,17.410532,22.528202,12.323199,3.2852
2016-07-01,bremen,53.08988358409538,8.78988828466225,6.519355,77.552345,200.28386,18.440323,23.485872,13.379225,3.468258
2016-08-01,bremen,53.08988358409538,8.78988828466225,4.1741934,78.563805,178.54837,17.446453,23.029938,11.758838,3.3698068
2016-09-01,bremen,53.08988358409538,8.78988828466225,4.613333,74.91,147.50667,17.5256,23.705334,11.529933,2.9188666
2016-10-01,bremen,53.08988358409538,8.78988828466225,2.667742,87.73354,53.870964,9.378064,12.650064,5.8605165,3.248064
2016-11-01,bremen,53.08988358409538,8.78988828466225,6.753333,87.64314,31.573334,4.3467326,7.373866,0.7611332,3.5434666
2016-12-01,bremen,53.08988358409538,8.78988828466225,5.2580643,89.54467,19.0,4.1838064,6.742709,1.2850965,3.9896126
2017-01-01,bremen,53.08988358409538,8.78988828466225,11.406452,89.29378,27.206451,0.017354865,2.4775481,-2.5440001,3.507032
2017-02-01,bremen,53.08988358409538,8.78988828466225,8.278572,83.73103,39.835712,3.327643,6.2074285,0.63078564,4.9241424
2017-03-01,bremen,53.08988358409538,8.78988828466225,10.0161295,79.349106,105.33549,7.654193,12.06587,3.2129033,4.1548386
2017-04-01,bremen,53.08988358409538,8.78988828466225,4.82,76.645454,151.3,7.663133,12.376999,2.2299335,4.3479996
2017-05-01,bremen,53.08988358409538,8.78988828466225,4.6419353,73.08816,210.62581,14.404322,19.6909,8.623807,3.7408385
2017-06-01,bremen,53.08988358409538,8.78988828466225,21.743334,74.49396,210.14668,17.166933,22.4368,11.286401,3.7935996
2017-07-01,bremen,53.08988358409538,8.78988828466225,12.448387,78.93453,188.2129,17.51142,22.522966,12.665161,3.3890967
2017-08-01,bremen,53.08988358409538,8.78988828466225,13.032258,79.26354,171.75484,17.033676,22.248646,11.554451,3.2190323
2017-09-01,bremen,53.08988358409538,8.78988828466225,13.710001,86.313835,110.96,13.599867,17.839533,9.279933,3.2451332
2017-10-01,bremen,53.08988358409538,8.78988828466225,12.36129,87.10396,60.32258,12.08058,15.363614,8.674258,4.784194
2017-11-01,bremen,53.08988358409538,8.78988828466225,11.513334,90.18783,26.706665,6.2112665,8.9672,3.454867,3.977
2017-12-01,bremen,53.08988358409538,8.78988828466225,13.403227,89.90765,14.690323,4.1048384,5.87658,2.2572904,5.0227747
2018-01-01,bremen,53.08988358409538,8.78988828466225,15.425807,87.81027,20.548388,4.0363226,6.311935,1.5268387,4.9085155
2018-02-01,bremen,53.08988358409538,8.78988828466225,1.425,80.758514,66.72143,-0.6949286,2.7479997,-3.808143,3.7102857
2018-03-01,bremen,53.08988358409538,8.78988828466225,5.3645163,76.61003,92.922585,2.9544518,7.040774,-1.156645,4.5740643
2018-04-01,bremen,53.08988358409538,8.78988828466225,12.646666,74.460945,165.32668,12.065267,17.525133,5.810134,4.0327997
2018-05-01,bremen,53.08988358409538,8.78988828466225,0.63225806,61.586617,240.85161,17.236967,23.42045,9.877742,3.7909675
2018-06-01,bremen,53.08988358409538,8.78988828466225,4.1466665,70.42047,189.14667,17.961199,23.136396,12.527066,3.9182663
2018-07-01,bremen,53.08988358409538,8.78988828466225,5.354839,64.58661,237.83871,20.39942,27.050903,12.873611,3.444516
2018-08-01,bremen,53.08988358409538,8.78988828466225,9.254839,69.502396,192.85161,19.39561,25.515352,13.1534195,3.4450321
2018-09-01,bremen,53.08988358409538,8.78988828466225,5.54,74.19082,136.76001,15.177734,21.250732,9.304266,3.4856668
2018-10-01,bremen,53.08988358409538,8.78988828466225,4.4548388,80.67043,82.4129,11.466902,16.585613,6.273612,3.6893547
2018-11-01,bremen,53.08988358409538,8.78988828466225,3.1433337,86.26166,34.739998,6.0790668,8.916866,2.8968668,3.6955998
2018-12-01,bremen,53.08988358409538,8.78988828466225,10.61613,88.54148,15.154839,5.5849676,7.469354,3.293871,4.4990964
2019-01-01,bremen,53.08988358409538,8.78988828466225,11.512903,86.16193,22.99355,2.3980644,4.7092257,-0.41554838,4.747097
2019-02-01,bremen,53.08988358409538,8.78988828466225,4.7785716,79.38268,60.18571,5.2265,9.78,0.9107143,3.8532147
2019-03-01,bremen,53.08988358409538,8.78988828466225,12.641935,80.96681,83.65161,7.244516,10.806645,3.3670323,5.4548388
2019-04-01,bremen,53.08988358409538,8.78988828466225,5.5666666,65.904625,192.35333,10.191267,15.7456,4.3873997,4.1071334
2019-05-01,bremen,53.08988358409538,8.78988828466225,5.1096773,72.96749,195.47098,11.508064,16.597418,5.4666452,4.032516
2019-06-01,bremen,53.08988358409538,8.78988828466225,8.2733345,68.82076,221.34,19.427599,25.511534,12.707466,3.6613336
2019-07-01,bremen,53.08988358409538,8.78988828466225,5.0451612,69.03312,195.0516,18.816452,24.19342,13.567419,3.825742
2019-08-01,bremen,53.08988358409538,8.78988828466225,11.835484,71.993225,191.47098,19.269741,25.498386,13.363484,3.208516
2019-09-01,bremen,53.08988358409538,8.78988828466225,13.35,80.03943,119.95333,14.224666,19.389668,9.027933,3.5870667
2019-10-01,bremen,53.08988358409538,8.78988828466225,14.325807,86.65225,65.103226,11.23284,15.174515,7.914258,3.774903
2019-11-01,bremen,53.08988358409538,8.78988828466225,11.43,90.8058,27.673334,5.7859335,8.306532,2.8596663,3.4871335
2019-12-01,bremen,53.08988358409538,8.78988828466225,5.693548,86.96474,20.92258,5.1703873,7.5425158,2.2065806,4.148903
2020-01-01,bremen,53.08988358409538,8.78988828466225,6.9290323,89.05351,23.141935,5.2938704,7.8794847,2.1456127,4.587484
2020-02-01,bremen,53.08988358409538,8.78988828466225,21.768967,83.13344,46.068962,6.1624136,8.95669,3.035793,6.3182073
2020-03-01,bremen,53.08988358409538,8.78988828466225,7.587097,71.10378,123.21936,6.160516,10.449033,1.6665806,4.7423224
2020-04-01,bremen,53.08988358409538,8.78988828466225,1.5233334,62.96818,222.41333,10.194667,16.446133,3.6191335,4.0604
2020-05-01,bremen,53.08988358409538,8.78988828466225,3.0709677,69.24873,235.96774,12.107614,17.759806,5.7295485,3.7107742
2020-06-01,bremen,53.08988358409538,8.78988828466225,6.9300003,70.97759,252.06665,17.926401,23.322132,12.384334,3.5321999
2020-07-01,bremen,53.08988358409538,8.78988828466225,9.622581,76.112656,209.30966,16.653421,21.796385,10.90871,3.35871
2020-08-01,bremen,53.08988358409538,8.78988828466225,10.267742,71.548904,205.72258,20.47845,26.422968,14.638128,3.2279353
2020-09-01,bremen,53.08988358409538,8.78988828466225,4.68,79.02553,145.70667,14.521199,20.237734,8.85,2.9351335
2020-10-01,bremen,53.08988358409538,8.78988828466225,10.0161295,84.754265,63.74839,11.083291,14.465805,7.650064,4.096968
2020-11-01,bremen,53.08988358409538,8.78988828466225,3.88,87.450874,37.760002,7.7450666,10.796801,4.3389997,3.8773334
2020-12-01,bremen,53.08988358409538,8.78988828466225,9.648388,89.99009,17.967741,4.653806,6.619549,2.386516,3.7252898
2021-01-01,bremen,53.08988358409538,8.78988828466225,10.529032,87.97145,25.167744,1.8973548,4.1242585,-0.2414194,3.8848386
2021-02-01,bremen,53.08988358409538,8.78988828466225,7.5392857,80.107056,69.25,2.1917856,5.919286,-1.6576426,3.834214
2021-03-01,bremen,53.08988358409538,8.78988828466225,10.006453,79.04991,108.30322,5.5818067,10.108516,1.1874193,4.2015486
2021-04-01,bremen,53.08988358409538,8.78988828466225,7.4100003,71.08069,179.91333,6.4640665,11.136,1.3829999,4.2376666
2021-05-01,bremen,53.08988358409538,8.78988828466225,11.219355,77.427444,191.2,10.874258,15.638064,6.1151605,4.1449676
2021-06-01,bremen,53.08988358409538,8.78988828466225,13.083333,73.604164,263.12665,18.739798,23.830067,12.740667,3.0497334
2021-07-01,bremen,53.08988358409538,8.78988828466225,10.629032,76.83247,218.05806,18.919611,24.084904,13.868647,3.304645
2021-08-01,bremen,53.08988358409538,8.78988828466225,12.754839,81.07555,172.50322,16.647161,21.503094,12.298257,3.6103225
2021-09-01,bremen,53.08988358409538,8.78988828466225,7.003333,82.42836,132.33334,15.459933,20.383266,10.598132,2.9530666
2021-10-01,bremen,53.08988358409538,8.78988828466225,9.041935,82.833206,77.922585,10.978193,14.986387,6.8839355,3.920323
2021-11-01,bremen,53.08988358409538,8.78988828466225,4.686667,88.52835,32.54667,6.811933,8.973534,4.3691335,3.6876664
2021-12-01,bremen,53.08988358409538,8.78988828466225,11.374193,89.947525,16.75484,3.4816773,5.832,0.79974186,3.795161
2022-01-01,bremen,53.08988358409538,8.78988828466225,7.932258,87.26112,21.270967,4.8090963,7.002646,2.5790322,4.729032
2022-02-01,bremen,53.08988358409538,8.78988828466225,18.857143,80.79049,53.657143,5.6775002,8.807787,2.3216429,6.3711424
2022-03-01,bremen,53.08988358409538,8.78988828466225,2.0709677,67.231544,147.31613,5.8292255,11.534645,-0.0007742286,3.3064513
2022-04-01,bremen,53.08988358409538,8.78988828466225,6.56,69.24373,179.52,8.403867,13.462,3.1029332,4.6712666
2022-05-01,bremen,53.08988358409538,8.78988828466225,6.5387096,69.924126,218.56775,13.831999,19.666775,7.4090967,3.6385803
2022-06-01,bremen,53.08988358409538,8.78988828466225,6.8800006,69.0345,252.26665,17.298199,23.2314,10.148533,3.4273334
2022-07-01,bremen,53.08988358409538,8.78988828466225,7.212903,69.645676,222.17422,18.265743,24.254513,12.140968,3.6531613
2022-08-01,bremen,53.08988358409538,8.78988828466225,2.564516,66.11015,189.24516,20.59142,27.120129,13.381869,3.0897417
2022-09-01,bremen,53.08988358409538,8.78988828466225,17.11,78.19838,118.96666,13.916733,18.944998,8.961267,3.2305999
2022-10-01,bremen,53.08988358409538,8.78988828466225,3.1903229,85.055305,80.14839,12.67729,17.484905,8.111677,3.2146454
2022-11-01,bremen,53.08988358409538,8.78988828466225,6.69,85.171104,37.826668,7.166133,10.2708,3.982933,3.9154
2022-12-01,bremen,53.08988358409538,8.78988828466225,13.0,88.79876,16.748386,2.5079353,5.0245805,-0.34122592,3.3656776
2023-01-01,bremen,53.08988358409538,8.78988828466225,12.851614,85.49895,20.296774,5.122967,7.215677,2.5401287,4.8729672
2023-02-01,bremen,53.08988358409538,8.78988828466225,6.8785715,84.15366,53.55714,4.6947856,7.8994994,1.1177143,3.9898567
2023-03-01,bremen,53.08988358409538,8.78988828466225,13.670968,81.28801,89.25807,6.0420003,9.576516,2.6350968,4.3871613
2023-04-01,bremen,53.08988358409538,8.78988828466225,6.95,72.15099,166.86667,8.419333,13.3398,3.4495997,4.2077994
2023-05-01,bremen,53.08988358409538,8.78988828466225,4.4322577,70.95227,228.23227,13.068515,18.235096,7.513097,3.798581
2023-06-01,bremen,53.08988358409538,8.78988828466225,13.206667,65.03627,269.87335,18.925665,25.1892,12.218599,3.5470665
2023-07-01,bremen,53.08988358409538,8.78988828466225,27.64516,77.07295,201.69678,17.82284,22.826256,13.032709,3.9107742
2023-08-01,bremen,53.08988358409538,8.78988828466225,12.106451,82.06382,154.27097,17.73013,22.721546,12.740129,3.151484
2023-09-01,bremen,53.08988358409538,8.78988828466225,4.9433336,82.31706,140.01334,17.360065,23.587397,11.532866,2.7432668
2023-10-01,bremen,53.08988358409538,8.78988828466225,24.212902,86.96714,58.045166,11.919741,15.099546,8.846387,4.055806
2023-11-01,bremen,53.08988358409538,8.78988828466225,19.77,87.63299,31.7,6.5475335,9.0078,3.396733,4.5273337
2023-12-01,bremen,53.08988358409538,8.78988828466225,24.903225,88.71964,13.954839,5.1465807,6.909097,3.0670323,5.0852256
2024-01-01,bremen,53.08988358409538,8.78988828466225,13.558065,83.37766,25.99355,2.7759354,5.303032,0.26025808,5.214387
2024-02-01,bremen,53.08988358409538,8.78988828466225,15.224138,86.71853,36.613792,7.054207,9.628758,4.291241,4.8599997
2024-03-01,bremen,53.08988358409538,8.78988828466225,7.0580645,79.90213,91.3871,8.079548,11.948645,4.273935,3.8323867
2024-04-01,bremen,53.08988358409538,8.78988828466225,11.283333,76.76436,146.28667,10.517133,14.825467,6.071132,4.0666
2024-05-01,bremen,53.08988358409538,8.78988828466225,15.567742,71.44747,229.16772,16.352064,21.662449,10.655226,3.429613
2024-06-01,bremen,53.08988358409538,8.78988828466225,18.766668,76.209816,215.56001,16.058332,21.071934,10.528934,3.4676666
2024-07-01,bremen,53.08988358409538,8.78988828466225,10.17742,74.89957,219.40645,18.414192,23.84019,12.766256,3.5363228
2024-08-01,bremen,53.08988358409538,8.78988828466225,9.574194,74.47266,198.73549,19.205032,24.642385,13.391678,3.2270966
2024-09-01,bremen,53.08988358409538,8.78988828466225,17.180002,78.4765,137.78665,15.884,20.922535,11.379733,3.4817328
2024-10-01,bremen,53.08988358409538,8.78988828466225,8.451612,86.602776,68.3871,11.221999,15.5286455,6.836194,3.2440002
2024-11-01,bremen,53.08988358409538,8.78988828466225,10.766667,87.84966,26.593334,6.2124662,8.625199,3.4098668,3.765267
2024-12-01,bremen,53.08988358409538,8.78988828466225,8.467743,88.743416,13.296774,4.9852257,6.9757423,2.6372902,4.5816774
2000-01-01,hamburg,53.54079267071755,10.031706462506248,20.412903,83.411766,24.246332,3.3136652,5.2014666,1.0067742,4.932082
2000-02-01,hamburg,53.54079267071755,10.031706462506248,30.900002,81.82858,48.26332,4.8962073,7.561723,2.323511,4.9044194
2000-03-01,hamburg,53.54079267071755,10.031706462506248,36.325806,83.15225,76.34605,5.344809,8.17346,2.7268915,4.688915
2000-04-01,hamburg,53.54079267071755,10.031706462506248,8.860001,71.960724,154.26666,10.372122,15.192121,5.567151,3.5046968
2000-05-01,hamburg,53.54079267071755,10.031706462506248,12.458065,65.22427,239.30498,14.71651,20.644047,8.69217,3.3764808
2000-06-01,hamburg,53.54079267071755,10.031706462506248,23.356668,69.95466,211.09697,16.203333,20.949451,11.504818,3.695909
2000-07-01,hamburg,53.54079267071755,10.031706462506248,19.029034,77.468414,156.95308,15.680203,19.637154,12.189237,3.2890909
2000-08-01,hamburg,53.54079267071755,10.031706462506248,27.664516,75.97603,177.02052,16.898241,21.95387,12.2214365,2.705865
2000-09-01,hamburg,53.54079267071755,10.031706462506248,22.933336,83.81989,102.94546,13.949757,17.693666,10.580455,3.3117273
2000-10-01,hamburg,53.54079267071755,10.031706462506248,14.422581,84.59211,60.434017,11.102668,14.734368,7.881496,3.773812
2000-11-01,hamburg,53.54079267071755,10.031706462506248,10.063334,85.18619,30.433332,7.183545,9.607605,4.709758,4.171515
2000-12-01,hamburg,53.54079267071755,10.031706462506248,17.664516,87.230644,19.096773,3.7745452,5.7696476,1.5380352,4.0567155
2001-01-01,hamburg,53.54079267071755,10.031706462506248,14.248386,90.02259,20.175953,1.4763927,3.2818766,-0.5300586,3.2627563
2001-02-01,hamburg,53.54079267071755,10.031706462506248,20.007143,84.68067,49.53247,2.1544807,5.274318,-0.8248052,4.206136
2001-03-01,hamburg,53.54079267071755,10.031706462506248,17.796774,80.60417,82.57771,3.1658943,6.3317595,0.1480938,4.266686
2001-04-01,hamburg,53.54079267071755,10.031706462506248,24.043333,78.13525,134.01212,7.6441817,11.875,3.698485,3.651818
2001-05-01,hamburg,53.54079267071755,10.031706462506248,14.877419,69.833916,240.65985,13.738239,19.158417,7.6595016,3.2779472
2001-06-01,hamburg,53.54079267071755,10.031706462506248,44.283333,77.44479,198.77272,14.268545,18.729332,9.585394,3.2649088
2001-07-01,hamburg,53.54079267071755,10.031706462506248,22.419355,74.8709,224.7947,18.87252,23.735718,14.032229,3.0739295
2001-08-01,hamburg,53.54079267071755,10.031706462506248,39.522583,77.93116,179.19354,18.502815,23.31073,14.023957,3.1946626
2001-09-01,hamburg,53.54079267071755,10.031706462506248,72.17667,88.58862,91.41515,12.71912,16.136242,9.904486,3.1610906
2001-10-01,hamburg,53.54079267071755,10.031706462506248,14.519354,86.64029,61.42522,12.832727,16.11648,9.896452,3.8332255
2001-11-01,hamburg,53.54079267071755,10.031706462506248,22.393335,87.84133,28.830303,5.305122,7.9523335,2.1546059,3.4100301
2001-12-01,hamburg,53.54079267071755,10.031706462506248,33.822582,89.70696,17.41349,0.8185337,3.0853372,-1.647566,3.6281817
2002-01-01,hamburg,53.54079267071755,10.031706462506248,23.229033,86.53706,20.401758,3.6116128,5.6609387,1.2501174,4.5802927
2002-02-01,hamburg,53.54079267071755,10.031706462506248,52.335712,80.12857,53.172073,5.5959744,8.7424345,2.6324675,5.3787336
2002-03-01,hamburg,53.54079267071755,10.031706462506248,19.067741,78.59329,97.501465,5.4960704,9.446099,1.7130498,3.9418478
2002-04-01,hamburg,53.54079267071755,10.031706462506248,21.310001,76.443344,143.83636,8.449424,12.55106,4.3463635,3.3679392
2002-05-01,hamburg,53.54079267071755,10.031706462506248,25.090322,79.12126,190.64516,14.201232,18.518064,9.868005,3.2434897
2002-06-01,hamburg,53.54079267071755,10.031706462506248,34.61,76.63355,214.9212,16.946999,21.237665,12.710575,3.548
2002-07-01,hamburg,53.54079267071755,10.031706462506248,58.70968,80.70173,181.75954,17.692432,21.89135,13.632374,3.4351904
2002-08-01,hamburg,53.54079267071755,10.031706462506248,36.82258,80.9472,184.92668,20.09302,25.118298,15.830322,2.5042229
2002-09-01,hamburg,53.54079267071755,10.031706462506248,7.9000006,80.64138,132.85757,14.703818,19.550333,10.328243,2.5408785
2002-10-01,hamburg,53.54079267071755,10.031706462506248,44.329037,85.907265,64.692085,8.000352,11.54132,4.6329613,3.7276542
2002-11-01,hamburg,53.54079267071755,10.031706462506248,30.496666,91.02903,25.82121,4.7290297,6.719272,2.459121,3.277212
2002-12-01,hamburg,53.54079267071755,10.031706462506248,9.877419,85.45368,18.372435,-0.67234606,1.2671554,-2.689355,3.9305277
2003-01-01,hamburg,53.54079267071755,10.031706462506248,23.070969,89.30181,20.325514,0.6367448,3.0118182,-2.3310556,4.0902934
2003-02-01,hamburg,53.54079267071755,10.031706462506248,3.2928572,82.85359,61.383114,-0.7826299,2.7506819,-3.9905195,3.430714
2003-03-01,hamburg,53.54079267071755,10.031706462506248,11.412904,78.42736,112.08504,5.140352,10.041642,0.74199414,3.6141055
2003-04-01,hamburg,53.54079267071755,10.031706462506248,19.886665,67.06775,177.28183,9.068455,14.442786,3.2682426,4.197273
2003-05-01,hamburg,53.54079267071755,10.031706462506248,25.796776,75.321625,212.73901,13.596481,18.667038,8.276598,3.4560118
2003-06-01,hamburg,53.54079267071755,10.031706462506248,15.830001,72.266975,241.65456,18.13397,23.626305,12.000757,3.5494545
2003-07-01,hamburg,53.54079267071755,10.031706462506248,17.070969,73.25874,216.77711,19.614134,24.714985,14.6087675,3.4573898
2003-08-01,hamburg,53.54079267071755,10.031706462506248,15.241936,70.61977,198.07916,19.4861,25.092377,13.981553,3.3059824
2003-09-01,hamburg,53.54079267071755,10.031706462506248,20.356667,78.93352,143.59091,14.240879,20.121847,9.015091,2.5819395
2003-10-01,hamburg,53.54079267071755,10.031706462506248,16.703226,85.16884,77.140755,5.8812604,10.572228,1.5585338,2.8320527
2003-11-01,hamburg,53.54079267071755,10.031706462506248,12.323334,88.49025,29.439392,7.1843934,9.718758,4.861667,3.8221514
2003-12-01,hamburg,53.54079267071755,10.031706462506248,21.790323,85.66106,20.416424,3.2951028,5.828738,0.52870965,4.186686
2004-01-01,hamburg,53.54079267071755,10.031706462506248,33.42258,88.18758,19.958944,0.7084164,2.5331964,-1.3665689,3.6531084
2004-02-01,hamburg,53.54079267071755,10.031706462506248,27.706898,83.04617,48.47649,3.4603448,6.4697804,0.8590596,4.0310345
2004-03-01,hamburg,53.54079267071755,10.031706462506248,15.106451,78.33616,96.325516,5.032434,8.741348,1.3527273,4.082639
2004-04-01,hamburg,53.54079267071755,10.031706462506248,12.27,72.49624,166.98183,9.891575,14.95603,4.8703938,3.352212
2004-05-01,hamburg,53.54079267071755,10.031706462506248,12.806452,75.51555,193.77126,12.28909,16.732786,8.010998,3.4119647
2004-06-01,hamburg,53.54079267071755,10.031706462506248,35.606667,77.65698,194.49698,15.085059,19.53,11.053363,3.5280912
2004-07-01,hamburg,53.54079267071755,10.031706462506248,40.47742,80.15906,191.95308,16.422258,21.023432,12.4127865,3.1474779
2004-08-01,hamburg,53.54079267071755,10.031706462506248,20.535482,75.06268,188.16714,19.004223,23.937683,14.340499,3.1927857
2004-09-01,hamburg,53.54079267071755,10.031706462506248,33.18667,78.15528,133.4182,14.35697,19.296425,9.929696,3.4213936
2004-10-01,hamburg,53.54079267071755,10.031706462506248,13.203226,83.42008,66.454544,10.407888,13.6841345,7.310938,3.7045748
2004-11-01,hamburg,53.54079267071755,10.031706462506248,32.663334,88.151985,31.036364,5.246576,8.177001,2.2058182,3.2549393
2004-12-01,hamburg,53.54079267071755,10.031706462506248,11.55484,89.28228,18.099707,3.436452,5.3447213,1.2534016,3.7761285
2005-01-01,hamburg,53.54079267071755,10.031706462506248,23.712904,84.40654,24.718475,3.9824927,6.185777,1.5264224,5.140968
2005-02-01,hamburg,53.54079267071755,10.031706462506248,18.546429,83.4107,44.98052,0.63373375,3.0546432,-1.647305,3.8513956
2005-03-01,hamburg,53.54079267071755,10.031706462506248,15.816128,78.92582,97.76833,3.8828735,7.5504394,0.06803523,3.9602346
2005-04-01,hamburg,53.54079267071755,10.031706462506248,13.16,68.080086,171.93637,9.538727,14.919697,3.9887578,3.5989096
2005-05-01,hamburg,53.54079267071755,10.031706462506248,20.796774,73.872314,203.94429,12.957242,18.01343,7.848622,3.296422
2005-06-01,hamburg,53.54079267071755,10.031706462506248,18.26,71.730095,230.77577,15.954031,21.224213,10.253788,3.1882422
2005-07-01,hamburg,53.54079267071755,10.031706462506248,56.13871,76.96902,195.04985,18.456305,23.159441,13.973078,2.9096482
2005-08-01,hamburg,53.54079267071755,10.031706462506248,19.50645,81.11221,161.22287,16.198885,20.646833,12.2047205,2.961525
2005-09-01,hamburg,53.54079267071755,10.031706462506248,16.426666,79.41735,137.57274,15.31609,20.99803,10.109757,2.7342122
2005-10-01,hamburg,53.54079267071755,10.031706462506248,17.25484,84.4678,86.45161,11.536245,16.50132,7.116598,3.0926688
2005-11-01,hamburg,53.54079267071755,10.031706462506248,18.89,89.47808,30.942425,5.4529996,7.9670596,2.721151,3.159424
2005-12-01,hamburg,53.54079267071755,10.031706462506248,22.14516,90.36373,19.249268,2.4202638,4.388123,-0.22507332,3.4928734
2006-01-01,hamburg,53.54079267071755,10.031706462506248,7.9354835,87.12248,26.09091,-1.3653371,1.0090909,-4.1568913,3.1897652
2006-02-01,hamburg,53.54079267071755,10.031706462506248,17.182144,85.4071,37.87013,1.1916233,3.4499674,-1.110552,3.2456818
2006-03-01,hamburg,53.54079267071755,10.031706462506248,26.90968,82.700195,87.325516,1.1885338,4.620088,-2.5264807,3.825572
2006-04-01,hamburg,53.54079267071755,10.031706462506248,24.196669,79.70586,129.28183,8.127789,12.367606,4.369,3.8277574
2006-05-01,hamburg,53.54079267071755,10.031706462506248,23.545162,70.389305,212.70088,13.627155,18.706215,8.474194,4.2248974
2006-06-01,hamburg,53.54079267071755,10.031706462506248,12.166667,70.772484,228.88788,17.080212,22.252241,11.226515,2.956394
2006-07-01,hamburg,53.54079267071755,10.031706462506248,9.622581,62.864513,268.42523,22.622961,28.98003,15.460703,2.8001173
2006-08-01,hamburg,53.54079267071755,10.031706462506248,49.80323,81.66131,155.95308,16.903284,21.665894,13.181524,3.2055717
2006-09-01,hamburg,53.54079267071755,10.031706462506248,11.446667,76.83843,138.0091,17.507423,22.469088,13.124302,3.474909
2006-10-01,hamburg,53.54079267071755,10.031706462506248,18.841936,85.0672,61.771263,12.931701,16.406744,9.686599,3.9201467
2006-11-01,hamburg,53.54079267071755,10.031706462506248,25.900002,85.60848,28.645454,8.123606,10.971182,4.896061,4.454151
2006-12-01,hamburg,53.54079267071755,10.031706462506248,15.832258,85.06629,16.900293,6.763724,8.589209,4.6245747,4.7098236
2007-01-01,hamburg,53.54079267071755,10.031706462506248,45.906452,84.946434,21.486803,5.658035,8.02,3.0115836,6.163226
2007-02-01,hamburg,53.54079267071755,10.031706462506248,30.046429,87.90401,37.327923,3.8826945,6.166721,1.4508439,4.350552
2007-03-01,hamburg,53.54079267071755,10.031706462506248,18.670967,77.340294,112.07625,7.324927,11.861026,3.122346,4.616012
2007-04-01,hamburg,53.54079267071755,10.031706462506248,0.3466667,66.198135,193.6788,11.386151,17.274302,5.1397276,3.9183633
2007-05-01,hamburg,53.54079267071755,10.031706462506248,39.351616,73.77657,208.0,13.651612,18.947477,7.8812604,3.4220526
2007-06-01,hamburg,53.54079267071755,10.031706462506248,62.346664,78.22937,197.80908,17.227453,21.970335,12.684454,3.394
2007-07-01,hamburg,53.54079267071755,10.031706462506248,55.096767,79.89448,189.42816,16.97484,21.506245,12.685278,3.6506743
2007-08-01,hamburg,53.54079267071755,10.031706462506248,23.696774,79.03909,174.92375,17.37563,21.879972,12.835923,3.2070673
2007-09-01,hamburg,53.54079267071755,10.031706462506248,29.34,81.85562,111.0303,13.640243,17.42879,10.190576,4.145636
2007-10-01,hamburg,53.54079267071755,10.031706462506248,13.53871,83.559044,67.258064,8.982609,12.913987,4.7799997,2.654076
2007-11-01,hamburg,53.54079267071755,10.031706462506248,26.776667,86.73008,29.636364,4.9996357,7.600485,2.172879,3.9846365
2007-12-01,hamburg,53.54079267071755,10.031706462506248,29.335484,88.06371,16.099707,3.345601,5.0807037,1.2959824,3.8592377
2008-01-01,hamburg,53.54079267071755,10.031706462506248,38.164516,84.58181,18.583578,4.912933,6.9738407,2.339619,5.4420233
2008-02-01,hamburg,53.54079267071755,10.031706462506248,18.824139,81.39444,50.062695,4.7046394,8.05022,1.4821942,4.367711
2008-03-01,hamburg,53.54079267071755,10.031706462506248,32.125805,78.296135,93.59531,4.837918,8.25871,1.5057184,5.1006155
2008-04-01,hamburg,53.54079267071755,10.031706462506248,14.493334,76.727776,148.4182,7.983909,12.661485,3.277485,3.4491515
2008-05-01,hamburg,53.54079267071755,10.031706462506248,3.8645163,61.917603,261.9912,14.523987,20.812813,7.314897,2.9868033
2008-06-01,hamburg,53.54079267071755,10.031706462506248,17.603333,65.488594,247.11818,16.84412,22.882998,10.748788,3.5449998
2008-07-01,hamburg,53.54079267071755,10.031706462506248,49.632256,73.6372,211.18182,18.436892,23.726246,13.413461,3.5525513
2008-08-01,hamburg,53.54079267071755,10.031706462506248,32.664516,78.211555,155.34018,17.384134,21.760643,13.28651,3.7459528
2008-09-01,hamburg,53.54079267071755,10.031706462506248,11.426666,79.486946,115.19697,13.636484,18.096516,9.072575,3.2082121
2008-10-01,hamburg,53.54079267071755,10.031706462506248,33.274193,85.5289,61.17009,9.970234,13.432287,6.3941936,3.8649855
2008-11-01,hamburg,53.54079267071755,10.031706462506248,20.796669,87.430626,24.427275,6.323576,8.565787,3.839273,4.2068787
2008-12-01,hamburg,53.54079267071755,10.031706462506248,8.36129,89.80305,18.328445,2.5240762,4.257214,0.5925221,3.3168914
2009-01-01,hamburg,53.54079267071755,10.031706462506248,12.03871,85.23391,24.369501,0.3388563,2.751877,-2.6121407,3.477507
2009-02-01,hamburg,53.54079267071755,10.031706462506248,18.339287,87.28989,36.39935,1.6994805,4.0140576,-0.8080519,3.555974
2009-03-01,hamburg,53.54079267071755,10.031706462506248,26.606453,82.837135,82.54253,5.295249,8.535923,1.6757184,3.9130797
2009-04-01,hamburg,53.54079267071755,10.031706462506248,8.873333,66.16281,205.3788,12.367636,19.024546,6.2322125,3.4191515
2009-05-01,hamburg,53.54079267071755,10.031706462506248,17.690323,69.12369,233.17007,13.195454,18.6373,7.436217,3.8868325
2009-06-01,hamburg,53.54079267071755,10.031706462506248,22.713333,73.73264,216.1394,14.358484,19.220545,9.267484,3.7912729
2009-07-01,hamburg,53.54079267071755,10.031706462506248,39.406452,74.19473,214.8651,18.376978,23.530615,13.333197,3.4375954
2009-08-01,hamburg,53.54079267071755,10.031706462506248,13.332258,69.97271,197.3255,18.684896,24.405718,12.888708,3.2892962
2009-09-01,hamburg,53.54079267071755,10.031706462506248,11.676666,76.35344,129.21213,14.912787,20.19127,9.869879,3.4071212
2009-10-01,hamburg,53.54079267071755,10.031706462506248,26.687096,83.5668,63.929615,8.258739,11.452374,4.78129,3.704692
2009-11-01,hamburg,53.54079267071755,10.031706462506248,39.743332,85.05243,22.475758,8.564181,10.456031,6.4661818,4.6262727
2009-12-01,hamburg,53.54079267071755,10.031706462506248,25.751614,88.96866,17.762463,0.810821,2.814809,-2.0305278,3.4926977
2010-01-01,hamburg,53.54079267071755,10.031706462506248,12.132259,86.02709,19.422287,-3.2468328,-1.2226392,-5.853431,3.9371843
2010-02-01,hamburg,53.54079267071755,10.031706462506248,17.964287,86.75827,36.71753,-0.5522402,1.659513,-3.2813637,3.9657793
2010-03-01,hamburg,53.54079267071755,10.031706462506248,31.235483,80.75345,96.66275,4.8113194,8.639707,0.5546042,4.043871
2010-04-01,hamburg,53.54079267071755,10.031706462506248,5.8733335,69.98958,178.93939,8.893151,14.182606,3.5406363,3.9722724
2010-05-01,hamburg,53.54079267071755,10.031706462506248,28.93871,77.78356,166.19647,9.980381,14.216657,5.6387978,3.6603518
2010-06-01,hamburg,53.54079267071755,10.031706462506248,15.349999,73.35447,246.3303,15.79397,21.413727,9.424455,2.997576
2010-07-01,hamburg,53.54079267071755,10.031706462506248,8.980645,64.48078,243.94722,21.155687,27.26006,14.572168,3.165689
2010-08-01,hamburg,53.54079267071755,10.031706462506248,51.141937,80.79969,147.59825,17.15701,21.576654,13.137216,3.1237829
2010-09-01,hamburg,53.54079267071755,10.031706462506248,38.383335,83.36176,109.487885,13.224,17.140032,9.41294,3.6412423
2010-10-01,hamburg,53.54079267071755,10.031706462506248,15.277418,85.17644,71.23754,9.308211,12.881231,5.5976243,4.0479474
2010-11-01,hamburg,53.54079267071755,10.031706462506248,32.71,89.547485,22.954546,4.714667,6.828424,2.1484244,3.6093938
2010-12-01,hamburg,53.54079267071755,10.031706462506248,16.161291,89.96722,16.897362,-3.5322287,-1.1537243,-6.2845745,3.552903
2011-01-01,hamburg,53.54079267071755,10.031706462506248,17.283873,89.25272,21.844576,2.0536363,3.8853958,-0.026627589,3.4884164
2011-02-01,hamburg,53.54079267071755,10.031706462506248,28.589285,76.61812,46.159092,1.2764611,3.6587012,-1.0827597,5.184448
2011-03-01,hamburg,53.54079267071755,10.031706462506248,4.722581,76.94097,109.859245,4.440616,9.072375,-0.061700907,3.5195014
2011-04-01,hamburg,53.54079267071755,10.031706462506248,3.9300003,67.03299,191.04243,11.860516,17.801727,5.539545,3.89703
2011-05-01,hamburg,53.54079267071755,10.031706462506248,11.993548,65.851776,228.59239,13.764135,19.46217,7.7332554,3.9259238
2011-06-01,hamburg,53.54079267071755,10.031706462506248,30.77333,73.82038,228.33638,16.678394,22.183788,10.872817,3.5026665
2011-07-01,hamburg,53.54079267071755,10.031706462506248,34.577423,78.80513,167.83871,16.776129,20.776716,12.650763,4.0899415
2011-08-01,hamburg,53.54079267071755,10.031706462506248,46.52903,82.38167,154.31671,17.189882,21.4322,13.323313,3.6445456
2011-09-01,hamburg,53.54079267071755,10.031706462506248,14.969999,81.55667,122.8303,15.253485,20.085636,10.8641815,3.4860306
2011-10-01,hamburg,53.54079267071755,10.031706462506248,15.780646,84.51534,76.44868,10.175454,14.541261,5.734018,3.7846334
2011-11-01,hamburg,53.54079267071755,10.031706462506248,2.1833334,89.85073,30.906061,5.453545,7.8513336,2.9614851,3.7321208
2011-12-01,hamburg,53.54079267071755,10.031706462506248,54.825806,89.61184,15.970675,4.800821,6.937742,2.6440175,5.260527
2012-01-01,hamburg,53.54079267071755,10.031706462506248,39.37742,86.95073,25.170088,2.6819649,4.828093,0.19387098,4.770176
2012-02-01,hamburg,53.54079267071755,10.031706462506248,9.4965515,83.069,49.75862,-0.08956116,2.9328527,-3.6972723,4.067868
2012-03-01,hamburg,53.54079267071755,10.031706462506248,3.1645162,79.37673,102.0,7.181114,11.506539,3.3206155,4.3264804
2012-04-01,hamburg,53.54079267071755,10.031706462506248,13.56,74.62107,143.05759,7.8737874,12.290302,3.295727,3.7973635
2012-05-01,hamburg,53.54079267071755,10.031706462506248,14.722581,68.5859,216.72142,13.847565,19.157595,8.001143,3.6380646
2012-06-01,hamburg,53.54079267071755,10.031706462506248,25.356667,75.784294,186.53029,14.659728,19.292543,9.966302,3.8013334
2012-07-01,hamburg,53.54079267071755,10.031706462506248,36.729034,77.27179,204.43109,17.228914,22.182726,12.371524,3.378211
2012-08-01,hamburg,53.54079267071755,10.031706462506248,18.041935,75.781586,185.95601,17.989235,23.17651,12.859618,3.0375953
2012-09-01,hamburg,53.54079267071755,10.031706462506248,22.643333,81.38348,115.91515,13.700576,18.02621,9.451485,3.4550605
2012-10-01,hamburg,53.54079267071755,10.031706462506248,22.232258,85.532646,66.94721,9.522228,13.321671,6.0822573,3.4886217
2012-11-01,hamburg,53.54079267071755,10.031706462506248,12.213333,88.15079,27.630302,5.8859696,8.183091,3.1620302,3.8345454
2012-12-01,hamburg,53.54079267071755,10.031706462506248,27.845161,89.8998,15.976541,1.6500878,4.2264805,-1.2706745,4.049355
2013-01-01,hamburg,53.54079267071755,10.031706462506248,24.35484,87.93629,18.170088,1.2134017,3.0839295,-1.2302345,4.082815
2013-02-01,hamburg,53.54079267071755,10.031706462506248,12.157143,86.073616,37.493507,0.5462662,2.4919157,-1.5842857,3.643669
2013-03-01,hamburg,53.54079267071755,10.031706462506248,6.8451614,76.76879,101.8475,-0.37542522,2.9924636,-4.0155716,4.274809
2013-04-01,hamburg,53.54079267071755,10.031706462506248,10.223333,71.768486,156.91212,7.6977277,12.535395,2.3953028,3.7093637
2013-05-01,hamburg,53.54079267071755,10.031706462506248,53.687096,77.31803,182.8915,12.677743,17.176071,8.274956,3.2281523
2013-06-01,hamburg,53.54079267071755,10.031706462506248,25.48,75.21627,219.07574,15.402726,20.422907,10.082091,3.7654846
2013-07-01,hamburg,53.54079267071755,10.031706462506248,11.45484,72.063354,243.09384,19.054573,25.000206,13.169794,2.8230207
2013-08-01,hamburg,53.54079267071755,10.031706462506248,12.780645,72.47014,192.52788,18.0756,23.548124,12.168094,3.0141935
2013-09-01,hamburg,53.54079267071755,10.031706462506248,25.333332,83.12724,108.17273,13.449332,17.644878,9.452455,3.300515
2013-10-01,hamburg,53.54079267071755,10.031706462506248,25.764517,82.105095,65.97361,11.410146,14.957126,7.502464,4.245982
2013-11-01,hamburg,53.54079267071755,10.031706462506248,25.466665,87.69117,30.036364,5.7671814,8.367182,3.0097878,3.64303
2013-12-01,hamburg,53.54079267071755,10.031706462506248,22.754837,85.64279,16.2522,5.2574778,7.4109387,2.5292962,4.8785043
2014-01-01,hamburg,53.54079267071755,10.031706462506248,15.535484,87.56068,21.10264,1.682698,3.793695,-0.56997067,4.993138
2014-02-01,hamburg,53.54079267071755,10.031706462506248,12.907143,80.72654,54.253246,5.297143,8.746493,1.6168832,4.691039
2014-03-01,hamburg,53.54079267071755,10.031706462506248,6.4967747,78.34677,111.27273,7.3460994,12.619414,2.4887977,3.7940178
2014-04-01,hamburg,53.54079267071755,10.031706462506248,21.933334,78.17637,159.86363,10.814181,15.946425,5.9011517,3.824576
2014-05-01,hamburg,53.54079267071755,10.031706462506248,31.435486,75.949135,193.19942,12.749297,17.597595,7.6685915,3.7758944
2014-06-01,hamburg,53.54079267071755,10.031706462506248,21.403334,73.51785,217.92726,15.956909,21.171726,10.487909,3.4405456
2014-07-01,hamburg,53.54079267071755,10.031706462506248,25.806454,72.47212,234.75075,20.489443,26.066683,14.987624,3.4191496
2014-08-01,hamburg,53.54079267071755,10.031706462506248,17.887096,76.27552,181.00293,16.471935,21.55777,11.39217,3.655689
2014-09-01,hamburg,53.54079267071755,10.031706462506248,9.93,81.63529,129.24545,15.947271,20.984362,11.161546,3.1104243
2014-10-01,hamburg,53.54079267071755,10.031706462506248,18.612904,85.22521,62.325512,12.968005,16.414427,9.63214,3.5687096
2014-11-01,hamburg,53.54079267071755,10.031706462506248,8.656667,88.6424,29.827272,7.0729995,9.524969,4.6856666,3.8054848
2014-12-01,hamburg,53.54079267071755,10.031706462506248,44.26129,89.49192,15.771261,3.4035485,5.341496,1.0302345,4.868622
2015-01-01,hamburg,53.54079267071755,10.031706462506248,35.474194,88.144646,20.90909,3.1799705,5.158768,1.0034897,4.9474187
2015-02-01,hamburg,53.54079267071755,10.031706462506248,9.282143,86.435844,50.448055,2.308149,5.0074673,-0.33025977,4.129091
2015-03-01,hamburg,53.54079267071755,10.031706462506248,26.49355,77.16383,96.73606,5.918768,9.883576,2.1276248,4.4921412
2015-04-01,hamburg,53.54079267071755,10.031706462506248,8.983334,71.39832,183.60304,8.295333,14.000788,2.5879695,3.9433029
2015-05-01,hamburg,53.54079267071755,10.031706462506248,16.567743,72.67141,198.28151,11.443782,16.64475,5.9067445,4.089091
2015-06-01,hamburg,53.54079267071755,10.031706462506248,11.5633335,70.247345,214.9212,14.996424,20.307274,8.904636,3.6361513
2015-07-01,hamburg,53.54079267071755,10.031706462506248,37.119354,73.66004,211.0352,17.942522,23.18815,12.605308,3.9433725
2015-08-01,hamburg,53.54079267071755,10.031706462506248,35.851612,75.68458,196.02345,18.909296,24.353107,13.410293,2.9763343
2015-09-01,hamburg,53.54079267071755,10.031706462506248,31.663334,82.781204,122.25757,13.409271,17.770908,9.188546,3.4556968
2015-10-01,hamburg,53.54079267071755,10.031706462506248,15.877419,86.55582,65.8827,9.088651,12.691174,5.6003513,2.8727858
2015-11-01,hamburg,53.54079267071755,10.031706462506248,46.913334,86.81889,29.387878,8.160575,10.709878,5.6514845,4.758394
2015-12-01,hamburg,53.54079267071755,10.031706462506248,14.296774,84.062126,18.697948,7.9913497,10.15393,5.4680347,5.333812
2016-01-01,hamburg,53.54079267071755,10.031706462506248,18.832258,87.369354,22.876833,0.94736063,3.1059823,-1.9068328,4.475279
2016-02-01,hamburg,53.54079267071755,10.031706462506248,38.748276,85.46421,49.946712,3.4104698,6.3447337,0.59206903,4.561128
2016-03-01,hamburg,53.54079267071755,10.031706462506248,11.858064,82.85171,89.73608,4.5633726,8.331525,0.8335777,3.8066566
2016-04-01,hamburg,53.54079267071755,10.031706462506248,19.036667,75.72555,157.80302,7.821758,12.397454,3.4661818,3.8818178
2016-05-01,hamburg,53.54079267071755,10.031706462506248,15.0,70.1846,225.97362,14.5378,19.870352,9.041877,3.8114958
2016-06-01,hamburg,53.54079267071755,10.031706462506248,45.423332,76.923454,204.35757,17.41903,22.419456,12.436878,3.321697
2016-07-01,hamburg,53.54079267071755,10.031706462506248,25.648388,77.952995,198.2522,18.258913,22.866596,14.0339575,3.3651907
2016-08-01,hamburg,53.54079267071755,10.031706462506248,15.490323,79.15156,178.84164,17.230705,22.418182,12.287215,3.3862464
2016-09-01,hamburg,53.54079267071755,10.031706462506248,12.256667,77.39207,146.25151,17.327301,22.806849,12.163303,2.8625152
2016-10-01,hamburg,53.54079267071755,10.031706462506248,8.309677,88.08242,51.190613,9.22255,12.079883,6.0387387,3.1042814
2016-11-01,hamburg,53.54079267071755,10.031706462506248,16.336666,86.818756,31.184847,3.9369392,7.1208177,0.26569697,3.3904848
2016-12-01,hamburg,53.54079267071755,10.031706462506248,20.303226,87.47969,17.65396,4.3562756,6.7080646,1.8734016,4.023372
2017-01-01,hamburg,53.54079267071755,10.031706462506248,22.551615,86.92487,25.536657,0.4332258,2.655132,-1.9052787,3.4670084
2017-02-01,hamburg,53.54079267071755,10.031706462506248,20.614285,82.88424,40.386364,2.7521753,5.3423696,0.36288956,4.602078
2017-03-01,hamburg,53.54079267071755,10.031706462506248,23.683872,77.91989,103.1173,7.1619353,11.658828,2.9028738,3.8648386
2017-04-01,hamburg,53.54079267071755,10.031706462506248,18.460001,75.10862,150.65758,7.4666057,11.886303,3.0810304,4.245
2017-05-01,hamburg,53.54079267071755,10.031706462506248,28.051613,73.181854,213.68622,14.046274,19.248564,8.861907,3.8568914
2017-06-01,hamburg,53.54079267071755,10.031706462506248,48.02667,75.538,213.46362,16.666668,21.50309,11.619363,3.8798788
2017-07-01,hamburg,53.54079267071755,10.031706462506248,39.34516,79.56923,186.74194,17.063665,21.53736,12.43472,3.1612313
2017-08-01,hamburg,53.54079267071755,10.031706462506248,20.741936,79.03208,175.37828,17.086098,22.03839,11.822962,3.2381523
2017-09-01,hamburg,53.54079267071755,10.031706462506248,23.279999,84.76749,110.88486,13.79,18.106968,10.140243,3.290515
2017-10-01,hamburg,53.54079267071755,10.031706462506248,40.219357,86.338715,59.064514,11.949942,14.939883,9.05349,4.3539586
2017-11-01,hamburg,53.54079267071755,10.031706462506248,30.176666,89.61765,26.49394,6.152151,8.647819,3.5697877,3.8126364
2017-12-01,hamburg,53.54079267071755,10.031706462506248,26.780645,88.757805,14.920821,4.0415835,5.6102934,2.3012023,4.727419
2018-01-01,hamburg,53.54079267071755,10.031706462506248,36.77742,86.83264,19.607038,3.5172434,5.428328,1.1723754,4.5547504
2018-02-01,hamburg,53.54079267071755,10.031706462506248,6.471429,80.37576,63.21753,-0.9408117,2.37487,-4.1780844,3.301201
2018-03-01,hamburg,53.54079267071755,10.031706462506248,16.803226,77.26722,90.43988,2.003431,5.601407,-1.4148388,4.2823167
2018-04-01,hamburg,53.54079267071755,10.031706462506248,17.566666,73.90236,167.45758,11.47703,16.697332,5.846394,3.8865454
2018-05-01,hamburg,53.54079267071755,10.031706462506248,2.351613,62.388676,240.02345,16.875923,23.25006,10.147918,3.8723166
2018-06-01,hamburg,53.54079267071755,10.031706462506248,19.369999,70.036835,193.2394,17.67621,22.700304,12.631454,3.6695151
2018-07-01,hamburg,53.54079267071755,10.031706462506248,13.129032,65.39898,232.43695,20.067625,26.510382,13.213928,3.3050148
2018-08-01,hamburg,53.54079267071755,10.031706462506248,14.812903,67.515335,193.17303,19.358446,25.234133,13.322989,3.387742
2018-09-01,hamburg,53.54079267071755,10.031706462506248,6.3966665,72.21041,136.88484,15.235999,21.080605,9.709091,3.5159996
2018-10-01,hamburg,53.54079267071755,10.031706462506248,11.258064,77.88557,81.19061,11.34692,16.202435,6.5496187,3.7229617
2018-11-01,hamburg,53.54079267071755,10.031706462506248,6.8166666,84.31934,32.39394,5.874939,8.657758,2.887545,3.7492423
2018-12-01,hamburg,53.54079267071755,10.031706462506248,31.54516,87.34661,14.445748,5.360909,6.9985623,3.3694136,4.273138
2019-01-01,hamburg,53.54079267071755,10.031706462506248,21.374193,84.16524,22.771263,2.1218474,4.2549267,-0.60563046,4.440117
2019-02-01,hamburg,53.54079267071755,10.031706462506248,11.453571,76.5416,57.918827,5.2402596,9.432694,1.1232468,3.9513636
2019-03-01,hamburg,53.54079267071755,10.031706462506248,28.732258,79.08082,82.862175,7.017683,10.264017,3.8348386,5.124956
2019-04-01,hamburg,53.54079267071755,10.031706462506248,6.706667,64.853325,195.8485,9.911636,15.651758,4.1842422,4.071788
2019-05-01,hamburg,53.54079267071755,10.031706462506248,22.177422,72.457535,195.88853,11.187946,16.100676,5.6706157,3.9687388
2019-06-01,hamburg,53.54079267071755,10.031706462506248,24.286667,68.94807,220.17577,19.13797,25.161848,12.894576,3.5708785
2019-07-01,hamburg,53.54079267071755,10.031706462506248,17.567741,71.639145,197.18475,18.088533,23.144722,13.285542,3.7375662
2019-08-01,hamburg,53.54079267071755,10.031706462506248,19.96129,72.803665,190.96187,18.996452,24.689178,13.585102,3.030117
2019-09-01,hamburg,53.54079267071755,10.031706462506248,31.93,78.67464,118.0394,14.283151,18.689394,9.94906,3.5623336
2019-10-01,hamburg,53.54079267071755,10.031706462506248,34.2,85.14782,64.21114,10.743636,14.608886,7.494017,3.6522875
2019-11-01,hamburg,53.54079267071755,10.031706462506248,23.09333,89.14766,25.842424,5.878818,8.306302,3.2277575,3.5256667
2019-12-01,hamburg,53.54079267071755,10.031706462506248,16.725805,84.71173,19.979473,4.924487,7.121202,2.0935776,4.1754837
2020-01-01,hamburg,53.54079267071755,10.031706462506248,24.022583,86.74262,22.005867,5.28437,7.6157765,2.276246,4.661554
2020-02-01,hamburg,53.54079267071755,10.031706462506248,51.675865,80.92212,45.322887,5.8557363,8.57326,2.8146393,5.4986515
2020-03-01,hamburg,53.54079267071755,10.031706462506248,16.790323,69.00959,122.48974,5.6568623,10.023606,0.865132,3.8836656
2020-04-01,hamburg,53.54079267071755,10.031706462506248,5.193333,62.137386,220.88184,9.648001,15.868938,3.2278788,3.5984545
2020-05-01,hamburg,53.54079267071755,10.031706462506248,8.677419,68.42862,234.27565,11.752786,17.246773,5.7981815,3.4544282
2020-06-01,hamburg,53.54079267071755,10.031706462506248,21.66,69.72546,252.24547,17.642668,23.17827,11.836758,3.1026666
2020-07-01,hamburg,53.54079267071755,10.031706462506248,28.019354,75.27934,207.94135,16.233723,21.058414,11.044898,3.3206162
2020-08-01,hamburg,53.54079267071755,10.031706462506248,14.525806,69.12652,210.4223,20.33645,26.496862,14.460732,2.7933137
2020-09-01,hamburg,53.54079267071755,10.031706462506248,13.110001,77.531975,145.60909,14.5281515,20.269365,8.861909,2.8234847
2020-10-01,hamburg,53.54079267071755,10.031706462506248,22.735483,84.50495,65.12023,11.063491,14.347156,8.01865,3.5962462
2020-11-01,hamburg,53.54079267071755,10.031706462506248,5.3933334,87.37469,35.336365,7.6117873,10.228363,4.715394,3.7216058
2020-12-01,hamburg,53.54079267071755,10.031706462506248,21.532257,89.80357,16.7478,4.0904694,5.759912,2.073783,3.2929323
2021-01-01,hamburg,53.54079267071755,10.031706462506248,23.606453,87.8682,24.219942,1.6805866,3.821554,-0.3644575,3.6281815
2021-02-01,hamburg,53.54079267071755,10.031706462506248,10.014286,78.53071,67.987015,2.030162,5.7356815,-1.4545454,3.483214
2021-03-01,hamburg,53.54079267071755,10.031706462506248,20.987097,77.639984,107.841644,5.2984753,10.045044,0.4060704,3.785865
2021-04-01,hamburg,53.54079267071755,10.031706462506248,12.556666,70.620705,180.75757,6.2220607,11.048819,1.3318181,3.820788
2021-05-01,hamburg,53.54079267071755,10.031706462506248,34.838707,78.65644,189.37245,10.8080635,15.199795,6.5843396,3.4729912
2021-06-01,hamburg,53.54079267071755,10.031706462506248,19.886667,71.35904,264.3697,19.0403,24.473877,12.841544,2.6592727
2021-07-01,hamburg,53.54079267071755,10.031706462506248,19.538712,75.46685,223.27272,19.338564,24.334898,14.620001,2.9809973
2021-08-01,hamburg,53.54079267071755,10.031706462506248,36.380646,82.44583,173.65395,16.434927,20.976362,12.370586,3.3452196
2021-09-01,hamburg,53.54079267071755,10.031706462506248,20.636667,83.49199,130.71213,15.402121,19.703272,11.1082115,2.981485
2021-10-01,hamburg,53.54079267071755,10.031706462506248,22.516129,83.133354,79.34897,11.028768,14.804428,7.0193844,3.8980062
2021-11-01,hamburg,53.54079267071755,10.031706462506248,19.983334,89.4903,30.978788,6.8365755,8.950395,4.5240912,3.677394
2021-12-01,hamburg,53.54079267071755,10.031706462506248,19.367743,89.46128,15.829911,2.8165102,5.0163927,0.32158357,3.8121698
2022-01-01,hamburg,53.54079267071755,10.031706462506248,18.796776,86.714645,20.627565,4.804281,6.668474,2.8380058,4.765982
2022-02-01,hamburg,53.54079267071755,10.031706462506248,59.15,81.52525,52.275974,5.435552,8.520779,2.2046752,5.9014616
2022-03-01,hamburg,53.54079267071755,10.031706462506248,5.0387096,68.46758,146.89442,5.319296,10.949735,-0.17123166,3.3954253
2022-04-01,hamburg,53.54079267071755,10.031706462506248,18.470001,70.3839,182.5091,7.94809,12.844605,2.7539392,4.349636
2022-05-01,hamburg,53.54079267071755,10.031706462506248,18.351612,71.58293,216.5777,13.463079,19.085424,7.5076823,3.3851614
2022-06-01,hamburg,53.54079267071755,10.031706462506248,16.84,71.38205,252.88184,17.25894,23.142574,10.678031,2.956697
2022-07-01,hamburg,53.54079267071755,10.031706462506248,16.525806,69.94661,223.83282,18.08695,24.02346,12.119765,3.382698
2022-08-01,hamburg,53.54079267071755,10.031706462506248,9.222581,69.86323,184.61876,20.127214,26.55026,13.524633,2.5542815
2022-09-01,hamburg,53.54079267071755,10.031706462506248,39.913334,78.71846,117.242424,13.632394,18.39003,9.28606,2.9977572
2022-10-01,hamburg,53.54079267071755,10.031706462506248,16.522581,84.29841,79.310844,12.884485,17.129765,8.789677,3.25566
2022-11-01,hamburg,53.54079267071755,10.031706462506248,7.0733333,85.520905,35.369694,6.863454,9.380151,3.8348787,3.5685759
2022-12-01,hamburg,53.54079267071755,10.031706462506248,27.741938,88.760086,15.900293,2.2749267,4.7062755,-0.39929616,3.105777
2023-01-01,hamburg,53.54079267071755,10.031706462506248,31.654839,85.88333,19.390028,4.9536657,6.9374776,2.5812905,4.4254837
2023-02-01,hamburg,53.54079267071755,10.031706462506248,21.232141,84.31566,51.51948,4.251753,7.2858763,1.2066559,3.8759737
2023-03-01,hamburg,53.54079267071755,10.031706462506248,29.803226,81.047874,89.99707,5.791466,9.457419,2.3604105,3.970645
2023-04-01,hamburg,53.54079267071755,10.031706462506248,15.120001,73.44317,166.93637,7.876333,12.653213,3.014939,3.6695452
2023-05-01,hamburg,53.54079267071755,10.031706462506248,6.5516133,68.30915,232.3871,12.8803215,18.41076,7.1135774,3.194927
2023-06-01,hamburg,53.54079267071755,10.031706462506248,22.646667,65.68208,270.70303,18.505848,24.958,11.622818,2.814818
2023-07-01,hamburg,53.54079267071755,10.031706462506248,47.922577,76.46812,203.6745,17.648827,22.544222,13.110763,3.1416717
2023-08-01,hamburg,53.54079267071755,10.031706462506248,30.487099,81.28059,151.64223,17.619825,22.318563,13.019119,2.6804984
2023-09-01,hamburg,53.54079267071755,10.031706462506248,10.41,78.74289,140.54848,17.45794,23.484697,11.605029,2.3973334
2023-10-01,hamburg,53.54079267071755,10.031706462506248,56.470966,88.00982,57.812317,11.4137535,14.85176,8.375748,3.4634018
2023-11-01,hamburg,53.54079267071755,10.031706462506248,30.503334,87.27953,30.506062,6.104545,8.45806,3.3339694,3.6738482
2023-12-01,hamburg,53.54079267071755,10.031706462506248,50.012905,89.29403,13.2522,4.565249,6.221935,2.4020822,4.161613
2024-01-01,hamburg,53.54079267071755,10.031706462506248,30.729033,84.39246,24.835777,2.5190322,4.910997,0.003929585,4.3014665
2024-02-01,hamburg,53.54079267071755,10.031706462506248,32.92759,86.48329,36.545456,6.5630403,9.036645,4.051473,4.0995607
2024-03-01,hamburg,53.54079267071755,10.031706462506248,10.125807,80.09733,92.143684,7.738153,11.914516,3.8875074,3.0636656
2024-04-01,hamburg,53.54079267071755,10.031706462506248,29.64,77.514336,144.90607,10.178909,14.606666,5.672272,3.3373635
2024-05-01,hamburg,53.54079267071755,10.031706462506248,35.135483,70.77566,236.5953,16.246626,21.629559,10.8764515,2.8121703
2024-06-01,hamburg,53.54079267071755,10.031706462506248,31.949999,75.950836,218.30302,16.197725,20.988121,11.1774845,2.9663332
2024-07-01,hamburg,53.54079267071755,10.031706462506248,27.261292,75.59069,219.73021,18.272932,23.390675,13.028915,2.8039293
2024-08-01,hamburg,53.54079267071755,10.031706462506248,22.93871,75.98633,196.36363,18.92264,24.20733,13.219911,2.6182992
2024-09-01,hamburg,53.54079267071755,10.031706462506248,37.760002,78.37733,139.19394,15.875241,21.22909,11.173999,2.9431214
2024-10-01,hamburg,53.54079267071755,10.031706462506248,21.287098,87.044235,68.35777,10.911172,14.877829,6.8887973,2.8351023
2024-11-01,hamburg,53.54079267071755,10.031706462506248,38.95,88.72013,25.01515,6.107515,8.224061,3.5864542,3.317242
2024-12-01,hamburg,53.54079267071755,10.031706462506248,17.158064,89.25371,12.463343,4.9741054,6.8243694,2.9230204,4.0158353
2000-01-01,hessen,50.60432805217064,9.033962357955216,428.93225,86.96142,27.182318,1.209816,3.4400141,-1.4067706,3.5756044
2000-02-01,hessen,50.60432805217064,9.033962357955216,799.60693,83.98441,57.059006,3.694761,7.112806,0.6537305,4.1335797
2000-03-01,hessen,50.60432805217064,9.033962357955216,634.8258,81.05946,82.27371,5.7378263,9.268,2.836172,3.971612
2000-04-01,hessen,50.60432805217064,9.033962357955216,332.44,72.688095,165.92567,9.968975,15.517657,4.796964,2.954601
2000-05-01,hessen,50.60432805217064,9.033962357955216,443.09027,72.40063,217.00598,14.589357,20.575615,8.94662,2.7501674
2000-06-01,hessen,50.60432805217064,9.033962357955216,413.87,67.2919,247.69716,16.876602,22.956787,10.502004,2.668552
2000-07-01,hessen,50.60432805217064,9.033962357955216,1238.3452,82.66721,159.20811,14.740543,19.34021,11.094153,2.9172733
2000-08-01,hessen,50.60432805217064,9.033962357955216,521.25806,76.45472,202.15208,17.480566,23.75137,12.288507,2.2166033
2000-09-01,hessen,50.60432805217064,9.033962357955216,762.4767,85.390144,110.285805,13.902037,18.66978,10.443005,2.5355012
2000-10-01,hessen,50.60432805217064,9.033962357955216,505.1129,86.78619,64.44098,9.9710245,13.726004,6.980324,3.1626654
2000-11-01,hessen,50.60432805217064,9.033962357955216,557.25665,87.525986,33.908394,5.9994407,8.675808,3.3399405,3.5420258
2000-12-01,hessen,50.60432805217064,9.033962357955216,470.7581,87.54346,24.421387,2.9403882,5.313417,0.65655077,3.4102833
2001-01-01,hessen,50.60432805217064,9.033962357955216,682.6742,87.34562,32.237637,0.894577,3.6941743,-1.9649247,3.0531335
2001-02-01,hessen,50.60432805217064,9.033962357955216,576.34644,81.95955,55.736908,2.8341043,6.43809,-0.41248018,3.4253662
2001-03-01,hessen,50.60432805217064,9.033962357955216,950.3484,85.5646,72.218765,4.5814943,7.904081,1.6058996,3.3349545
2001-04-01,hessen,50.60432805217064,9.033962357955216,628.87,78.19307,138.4495,7.1220455,11.75796,3.0211701,3.3695788
2001-05-01,hessen,50.60432805217064,9.033962357955216,210.23227,68.44931,233.38435,14.764273,20.495909,8.846272,3.2286952
2001-06-01,hessen,50.60432805217064,9.033962357955216,679.69666,74.87963,203.7595,14.425964,19.636036,9.373774,2.6718912
2001-07-01,hessen,50.60432805217064,9.033962357955216,464.0064,70.55922,226.7019,18.674118,24.388454,13.003108,2.8239377
2001-08-01,hessen,50.60432805217064,9.033962357955216,412.4484,73.72979,194.21027,18.462975,24.544693,13.171383,2.6159735
2001-09-01,hessen,50.60432805217064,9.033962357955216,1049.7167,86.64257,89.99309,11.538827,15.413824,8.550091,3.3191383
2001-10-01,hessen,50.60432805217064,9.033962357955216,414.80322,87.73128,74.87801,12.091003,16.685366,8.508957,2.8198912
2001-11-01,hessen,50.60432805217064,9.033962357955216,922.32336,88.42611,34.085926,3.716347,6.703705,0.90147406,2.774216
2001-12-01,hessen,50.60432805217064,9.033962357955216,549.9968,87.24951,21.891516,0.04350418,2.5562723,-2.8065302,3.6777298
2002-01-01,hessen,50.60432805217064,9.033962357955216,425.40643,86.69888,30.930227,0.6610669,3.0743906,-2.1170502,3.722514
2002-02-01,hessen,50.60432805217064,9.033962357955216,1331.6,79.86036,54.217194,5.1964564,8.511881,2.1173663,5.2240567
2002-03-01,hessen,50.60432805217064,9.033962357955216,469.54193,75.57593,106.540504,5.4824047,10.533445,1.1266391,3.252566
2002-04-01,hessen,50.60432805217064,9.033962357955216,489.72,71.83818,159.97705,8.20463,13.329489,3.4253874,3.3571022
2002-05-01,hessen,50.60432805217064,9.033962357955216,775.31934,78.29508,186.39607,13.257682,18.133236,8.710837,2.6818314
2002-06-01,hessen,50.60432805217064,9.033962357955216,448.69336,71.69793,222.45988,17.492018,22.79322,12.054653,2.8051567
2002-07-01,hessen,50.60432805217064,9.033962357955216,1010.78064,76.83437,180.12115,17.221275,22.39793,12.690099,2.878933
2002-08-01,hessen,50.60432805217064,9.033962357955216,587.5935,79.94643,172.684,18.401049,23.92321,14.1522045,2.146067
2002-09-01,hessen,50.60432805217064,9.033962357955216,386.47333,79.17365,131.60359,12.537089,18.085619,8.13854,2.4604976
2002-10-01,hessen,50.60432805217064,9.033962357955216,1019.47095,84.46986,63.11111,8.475329,12.022509,5.232165,3.5053654
2002-11-01,hessen,50.60432805217064,9.033962357955216,853.67,89.73803,29.707901,6.472323,8.956569,4.023938,2.871733
2002-12-01,hessen,50.60432805217064,9.033962357955216,738.8097,88.126175,20.67981,1.2853321,3.7941303,-0.8754851,3.0718505
2003-01-01,hessen,50.60432805217064,9.033962357955216,695.2226,85.40738,28.779928,0.010211485,2.6537623,-2.7447968,3.6857452
2003-02-01,hessen,50.60432805217064,9.033962357955216,209.71786,78.5461,75.37024,-1.4791428,3.13691,-5.636464,2.9017355
2003-03-01,hessen,50.60432805217064,9.033962357955216,232.12581,73.191444,125.154945,6.2178016,12.039017,1.500644,2.847842
2003-04-01,hessen,50.60432805217064,9.033962357955216,265.12665,63.733738,185.63432,8.763192,14.770798,2.7727294,3.4624605
2003-05-01,hessen,50.60432805217064,9.033962357955216,617.1936,73.64314,201.53082,14.01407,19.484638,8.7967415,2.9514217
2003-06-01,hessen,50.60432805217064,9.033962357955216,449.95334,67.77037,263.02643,19.47254,25.96705,13.010004,2.5592763
2003-07-01,hessen,50.60432805217064,9.033962357955216,554.5646,69.83663,224.789,18.924652,24.936953,13.3478565,2.696695
2003-08-01,hessen,50.60432805217064,9.033962357955216,209.8613,61.450455,224.60347,20.914112,28.229858,14.072589,2.4998267
2003-09-01,hessen,50.60432805217064,9.033962357955216,367.90332,74.97108,149.80482,13.409795,20.401943,7.809522,2.4532878
2003-10-01,hessen,50.60432805217064,9.033962357955216,463.12256,83.52726,70.937874,6.01997,10.109086,2.492939,3.1902328
2003-11-01,hessen,50.60432805217064,9.033962357955216,369.49335,87.681305,39.194443,6.0606713,9.2612295,3.1935604,3.2025652
2003-12-01,hessen,50.60432805217064,9.033962357955216,501.17743,85.2693,27.295103,1.5827574,4.5387297,-1.2303631,3.6654215
2004-01-01,hessen,50.60432805217064,9.033962357955216,794.49036,85.01973,24.767624,0.59723413,2.8195877,-1.8821445,3.8356988
2004-02-01,hessen,50.60432805217064,9.033962357955216,379.5207,80.222336,51.868965,2.694097,5.7547727,-0.050526176,3.8624303
2004-03-01,hessen,50.60432805217064,9.033962357955216,289.8387,76.62151,109.13632,4.1854057,8.769543,0.07545519,3.4447036
2004-04-01,hessen,50.60432805217064,9.033962357955216,330.29333,72.07443,173.82753,9.573898,15.271083,4.1988354,3.047437
2004-05-01,hessen,50.60432805217064,9.033962357955216,781.4613,74.47636,192.69629,11.355009,16.523695,6.0540943,2.7519965
2004-06-01,hessen,50.60432805217064,9.033962357955216,432.97,73.53909,213.42567,15.416873,20.997318,9.961446,2.95229
2004-07-01,hessen,50.60432805217064,9.033962357955216,835.6613,76.635666,203.80405,16.686722,22.25203,11.832576,2.8075027
2004-08-01,hessen,50.60432805217064,9.033962357955216,892.94196,75.13076,185.58482,18.29896,24.038033,13.480162,3.0256834
2004-09-01,hessen,50.60432805217064,9.033962357955216,535.05334,77.19368,138.39246,13.826358,19.300987,8.914995,3.1693716
2004-10-01,hessen,50.60432805217064,9.033962357955216,393.04517,84.8792,75.659966,9.758823,14.145641,5.7705936,2.942106
2004-11-01,hessen,50.60432805217064,9.033962357955216,627.68335,89.44338,31.26247,4.0876627,6.7119145,1.5297629,3.2089875
2004-12-01,hessen,50.60432805217064,9.033962357955216,344.7742,89.81439,23.67981,0.14101553,2.5394397,-2.3052807,2.9125016
2005-01-01,hessen,50.60432805217064,9.033962357955216,568.4193,84.811195,31.464993,1.9506977,4.5028396,-0.6089809,4.2824025
2005-02-01,hessen,50.60432805217064,9.033962357955216,568.1036,83.4056,51.6328,-0.9143174,2.0550978,-3.8395925,3.3904533
2005-03-01,hessen,50.60432805217064,9.033962357955216,330.45483,76.448204,102.634766,4.640824,9.219614,0.21009676,3.1422617
2005-04-01,hessen,50.60432805217064,9.033962357955216,749.2133,72.8391,159.60532,9.601002,15.118108,4.113386,2.7637875
2005-05-01,hessen,50.60432805217064,9.033962357955216,677.9677,73.96914,207.27898,12.609111,18.336187,6.897488,2.8817933
2005-06-01,hessen,50.60432805217064,9.033962357955216,469.25336,68.86506,239.90692,16.52836,22.546394,10.078302,2.539354
2005-07-01,hessen,50.60432805217064,9.033962357955216,600.59033,73.43713,208.86499,17.990297,23.882523,12.431666,2.8086941
2005-08-01,hessen,50.60432805217064,9.033962357955216,571.6936,77.5695,172.7098,15.829091,21.415596,11.025022,2.7366045
2005-09-01,hessen,50.60432805217064,9.033962357955216,469.86667,77.025505,146.47284,15.044227,21.243795,9.710093,2.3813035
2005-10-01,hessen,50.60432805217064,9.033962357955216,309.2613,84.894684,90.52127,11.004211,16.076725,6.9429235,2.801202
2005-11-01,hessen,50.60432805217064,9.033962357955216,399.43,88.9668,36.11136,4.405585,7.094846,1.6053063,3.050042
2005-12-01,hessen,50.60432805217064,9.033962357955216,531.7839,89.616905,20.92724,0.9631481,2.999491,-1.479326,3.3240738
2006-01-01,hessen,50.60432805217064,9.033962357955216,190.22258,85.897156,37.15926,-2.141271,0.7411469,-5.212131,2.7784874
2006-02-01,hessen,50.60432805217064,9.033962357955216,510.46786,86.61661,44.384926,-0.26763493,2.3599496,-2.8738334,3.3109457
2006-03-01,hessen,50.60432805217064,9.033962357955216,715.74194,81.44735,97.07801,1.8012437,5.7749414,-1.9714539,3.534737
2006-04-01,hessen,50.60432805217064,9.033962357955216,450.65,75.37164,146.17851,8.000372,12.889657,3.0487652,3.0624862
2006-05-01,hessen,50.60432805217064,9.033962357955216,929.37744,71.69238,205.62413,12.977561,18.315939,7.412945,3.4352078
2006-06-01,hessen,50.60432805217064,9.033962357955216,376.09332,70.311584,250.39717,16.630302,22.748156,10.048812,2.4321194
2006-07-01,hessen,50.60432805217064,9.033962357955216,561.0968,66.463844,267.27133,21.79882,28.93698,15.049261,2.3772342
2006-08-01,hessen,50.60432805217064,9.033962357955216,975.4291,81.547005,149.66344,15.023839,20.045063,11.03056,2.859013
2006-09-01,hessen,50.60432805217064,9.033962357955216,158.66333,77.013725,150.6021,16.76909,23.001045,11.254836,2.4318247
2006-10-01,hessen,50.60432805217064,9.033962357955216,570.14197,85.06059,77.81327,12.086958,16.300335,8.282478,3.0984085
2006-11-01,hessen,50.60432805217064,9.033962357955216,487.09003,86.48103,36.12136,7.0539455,10.116586,3.6637545,3.5900505
2006-12-01,hessen,50.60432805217064,9.033962357955216,403.34515,87.1373,24.650537,4.0858397,6.5654035,1.5404731,3.5301003
2007-01-01,hessen,50.60432805217064,9.033962357955216,783.071,82.85311,25.96093,4.6319923,6.98521,1.7698052,5.0647264
2007-02-01,hessen,50.60432805217064,9.033962357955216,728.58215,86.68213,47.386906,4.295376,7.2927074,1.328385,3.215431
2007-03-01,hessen,50.60432805217064,9.033962357955216,553.29034,75.90445,116.22963,6.0268817,11.047074,1.1714909,3.5323477
2007-04-01,hessen,50.60432805217064,9.033962357955216,9.156668,60.78028,225.76717,11.918917,19.046097,4.2828655,2.8102233
2007-05-01,hessen,50.60432805217064,9.033962357955216,1102.5193,72.00949,205.54887,14.143623,19.568583,8.339057,3.3357918
2007-06-01,hessen,50.60432805217064,9.033962357955216,963.88336,77.0048,208.67703,17.231905,22.618212,12.314162,2.9676666
2007-07-01,hessen,50.60432805217064,9.033962357955216,875.90967,75.391556,199.6362,16.807766,22.02938,11.734149,3.2558088
2007-08-01,hessen,50.60432805217064,9.033962357955216,859.37427,76.97095,182.44385,16.348675,21.770649,11.107627,2.5459952
2007-09-01,hessen,50.60432805217064,9.033962357955216,871.06665,82.29352,117.30629,12.145088,17.046673,7.667902,2.8656888
2007-10-01,hessen,50.60432805217064,9.033962357955216,112.9871,85.17157,76.55903,8.227768,12.766399,4.225534,2.3265576
2007-11-01,hessen,50.60432805217064,9.033962357955216,750.4767,88.00505,26.95222,3.676432,6.0125527,1.3142284,3.3515816
2007-12-01,hessen,50.60432805217064,9.033962357955216,560.12585,86.77731,23.5589,1.2656106,3.340326,-0.9117789,3.548369
2008-01-01,hessen,50.60432805217064,9.033962357955216,445.41934,84.16319,28.712067,3.7667801,6.101961,0.9563238,4.04754
2008-02-01,hessen,50.60432805217064,9.033962357955216,508.54483,80.402954,68.549805,3.189876,7.7135615,-0.8214521,3.1785092
2008-03-01,hessen,50.60432805217064,9.033962357955216,712.7936,78.19909,93.09893,4.221466,8.014374,0.55798686,4.311061
2008-04-01,hessen,50.60432805217064,9.033962357955216,618.3534,78.208694,134.43173,7.262063,11.908911,2.9062147,3.0464444
2008-05-01,hessen,50.60432805217064,9.033962357955216,346.47742,66.80906,230.25209,15.055908,21.067085,8.9833765,2.7861338
2008-06-01,hessen,50.60432805217064,9.033962357955216,548.61334,69.639854,235.14172,16.900528,22.90902,11.006489,2.6312554
2008-07-01,hessen,50.60432805217064,9.033962357955216,457.28067,70.21924,209.67921,17.957708,24.233868,12.107777,2.8724215
2008-08-01,hessen,50.60432805217064,9.033962357955216,536.6194,73.49335,171.44086,17.283949,22.658215,12.354068,3.0544407
2008-09-01,hessen,50.60432805217064,9.033962357955216,519.4067,79.56411,113.04457,12.03712,16.917421,7.4465847,2.7894604
2008-10-01,hessen,50.60432805217064,9.033962357955216,591.8323,87.34254,65.183754,8.590426,12.621761,4.8340487,2.7793953
2008-11-01,hessen,50.60432805217064,9.033962357955216,324.26666,87.62747,30.84136,4.9448876,7.765371,1.8381815,3.3113775
2008-12-01,hessen,50.60432805217064,9.033962357955216,396.03873,88.78704,23.598207,0.5797574,2.8325663,-1.8001063,3.068448
2009-01-01,hessen,50.60432805217064,9.033962357955216,321.37744,84.38961,37.266666,-2.9666238,0.5004755,-6.508572,2.7835243
2009-02-01,hessen,50.60432805217064,9.033962357955216,603.54645,86.07144,43.454365,0.7337857,3.6888652,-2.2064905,3.2298808
2009-03-01,hessen,50.60432805217064,9.033962357955216,640.6581,80.1818,87.54994,4.2516723,8.241187,0.31950894,3.4986153
2009-04-01,hessen,50.60432805217064,9.033962357955216,310.75665,69.37228,187.22838,12.131666,18.183964,6.089265,2.8166912
2009-05-01,hessen,50.60432805217064,9.033962357955216,575.2936,73.354256,208.91684,13.691188,19.299612,7.7517614,3.0259223
2009-06-01,hessen,50.60432805217064,9.033962357955216,659.0367,74.58521,208.76852,14.785544,20.161125,9.369166,2.983816
2009-07-01,hessen,50.60432805217064,9.033962357955216,779.63226,74.525986,210.44708,17.819252,23.493893,12.5670805,2.9800189
2009-08-01,hessen,50.60432805217064,9.033962357955216,334.66452,71.26354,208.02544,18.30286,24.9991,11.841498,2.4241397
2009-09-01,hessen,50.60432805217064,9.033962357955216,429.89667,80.25255,128.66223,14.379621,19.859735,9.603694,2.675827
2009-10-01,hessen,50.60432805217064,9.033962357955216,526.69354,85.16622,65.99463,8.175825,12.09823,4.0790405,3.015136
2009-11-01,hessen,50.60432805217064,9.033962357955216,877.88336,86.16813,31.16432,7.427595,9.864484,4.9662237,3.9827008
2009-12-01,hessen,50.60432805217064,9.033962357955216,774.96454,88.17883,22.062365,0.46717083,3.0693893,-2.4278026,3.3516438
2010-01-01,hessen,50.60432805217064,9.033962357955216,399.5968,88.811386,22.504658,-3.3963249,-1.3387324,-5.9694147,3.0111861
2010-02-01,hessen,50.60432805217064,9.033962357955216,511.36072,86.381485,44.190212,-0.23179762,2.7478824,-3.3923955,3.5226653
2010-03-01,hessen,50.60432805217064,9.033962357955216,434.3968,75.1992,106.58889,4.3485694,8.911645,0.021911621,3.9019666
2010-04-01,hessen,50.60432805217064,9.033962357955216,136.06,65.50932,188.35532,8.969415,14.947703,2.7080643,3.202032
2010-05-01,hessen,50.60432805217064,9.033962357955216,863.5742,78.983665,152.2742,10.312801,14.731645,6.0162625,2.9730072
2010-06-01,hessen,50.60432805217064,9.033962357955216,504.56,68.78463,248.55853,16.540825,22.87432,10.040265,2.8109124
2010-07-01,hessen,50.60432805217064,9.033962357955216,531.40967,67.45989,244.57477,20.05039,26.585117,13.383589,2.5330503
2010-08-01,hessen,50.60432805217064,9.033962357955216,1256.2323,80.21381,154.0209,16.322104,21.300669,11.814576,3.1326835
2010-09-01,hessen,50.60432805217064,9.033962357955216,543.1,82.89341,118.62778,12.116762,16.781912,7.878869,2.789037
2010-10-01,hessen,50.60432805217064,9.033962357955216,240.13226,83.04881,79.04958,8.064772,12.709109,3.9317582,3.1037383
2010-11-01,hessen,50.60432805217064,9.033962357955216,680.29004,87.766754,26.82605,5.110527,7.240971,2.968268,3.7508419
2010-12-01,hessen,50.60432805217064,9.033962357955216,732.61615,89.195435,18.843132,-3.5419378,-1.2220538,-6.657405,3.2774923
2011-01-01,hessen,50.60432805217064,9.033962357955216,566.36774,88.317345,28.811708,1.2103094,3.6298268,-1.357295,3.340394
2011-02-01,hessen,50.60432805217064,9.033962357955216,281.65356,83.14555,51.69868,1.3636693,4.4321885,-1.5202738,3.4449258
2011-03-01,hessen,50.60432805217064,9.033962357955216,95.719345,69.99155,130.04672,5.5656667,11.26275,0.2858136,3.2552903
2011-04-01,hessen,50.60432805217064,9.033962357955216,204.92667,64.63093,199.97742,11.966143,18.584187,5.302606,3.0831122
2011-05-01,hessen,50.60432805217064,9.033962357955216,171.34517,60.49426,247.64719,13.985142,21.09584,6.461108,3.0794995
2011-06-01,hessen,50.60432805217064,9.033962357955216,853.9933,73.23946,213.49088,16.340054,22.012402,10.950553,3.2276418
2011-07-01,hessen,50.60432805217064,9.033962357955216,573.7064,75.59985,179.37442,15.747329,20.94846,11.05857,3.1384227
2011-08-01,hessen,50.60432805217064,9.033962357955216,895.5258,77.90012,178.9037,17.547367,23.351593,12.453647,2.9609425
2011-09-01,hessen,50.60432805217064,9.033962357955216,416.46002,80.048676,141.72543,15.101522,20.987503,9.8733015,2.8479927
2011-10-01,hessen,50.60432805217064,9.033962357955216,395.92905,84.13819,86.41159,9.199119,14.47146,4.516986,3.095283
2011-11-01,hessen,50.60432805217064,9.033962357955216,8.296667,88.60844,45.124325,4.368194,8.497391,0.98391116,2.6145763
2011-12-01,hessen,50.60432805217064,9.033962357955216,1129.3613,88.76519,18.635603,3.6672902,6.0258946,1.2781339,4.8037705
2012-01-01,hessen,50.60432805217064,9.033962357955216,892.14197,87.238495,29.260931,2.0487418,4.5908337,-0.4562963,4.288358
2012-02-01,hessen,50.60432805217064,9.033962357955216,136.7793,80.03927,61.01418,-2.3487089,1.2268492,-5.887119,3.6738172
2012-03-01,hessen,50.60432805217064,9.033962357955216,111.17097,75.01578,120.49044,7.324614,12.466841,2.2269654,3.0222628
2012-04-01,hessen,50.60432805217064,9.033962357955216,369.67664,72.49611,150.45851,8.125134,13.206522,3.2647345,3.5139396
2012-05-01,hessen,50.60432805217064,9.033962357955216,539.33875,71.563805,224.22818,14.422463,20.260124,8.347329,3.0543642
2012-06-01,hessen,50.60432805217064,9.033962357955216,917.49335,79.65658,189.81802,15.062666,20.090372,10.215858,3.0117939
2012-07-01,hessen,50.60432805217064,9.033962357955216,956.62585,77.51302,204.95963,17.07654,22.385489,11.930025,3.0368626
2012-08-01,hessen,50.60432805217064,9.033962357955216,358.05484,71.496635,202.43932,18.472773,24.587759,12.500984,2.7533298
2012-09-01,hessen,50.60432805217064,9.033962357955216,328.93665,78.65409,138.95593,13.125065,19.255932,7.5470395,2.7644777
2012-10-01,hessen,50.60432805217064,9.033962357955216,527.9645,85.96879,76.099045,8.32145,12.995283,3.9424372,3.1340237
2012-11-01,hessen,50.60432805217064,9.033962357955216,418.32333,89.261055,30.113455,4.96319,7.5160356,2.1884742,3.2179158
2012-12-01,hessen,50.60432805217064,9.033962357955216,926.6613,89.17415,20.704659,2.1681802,4.2988424,-0.31901196,3.9537823
2013-01-01,hessen,50.60432805217064,9.033962357955216,429.14194,88.49958,21.452688,0.18300354,1.9917921,-2.064393,3.6159859
2013-02-01,hessen,50.60432805217064,9.033962357955216,421.5357,85.33359,39.501987,-0.70621294,1.4876865,-2.992717,3.3745475
2013-03-01,hessen,50.60432805217064,9.033962357955216,276.46454,76.296875,96.20682,0.36373952,4.491596,-3.3468184,3.5031612
2013-04-01,hessen,50.60432805217064,9.033962357955216,499.64337,71.56145,144.3226,8.296476,13.240691,3.7912135,3.4942641
2013-05-01,hessen,50.60432805217064,9.033962357955216,1233.9163,81.74441,160.35327,11.318804,15.981377,6.9841895,3.2082698
2013-06-01,hessen,50.60432805217064,9.033962357955216,541.06,75.19293,214.10593,15.6549425,21.04832,9.9777565,3.239857
2013-07-01,hessen,50.60432805217064,9.033962357955216,305.3645,70.84562,250.82738,19.572475,25.976236,13.266714,2.6409786
2013-08-01,hessen,50.60432805217064,9.033962357955216,442.42258,71.384735,192.43346,17.786558,24.205534,11.6259775,2.5315864
2013-09-01,hessen,50.60432805217064,9.033962357955216,627.6034,82.36491,113.16419,13.294172,17.960724,9.077859,3.046374
2013-10-01,hessen,50.60432805217064,9.033962357955216,953.6516,85.420555,69.65233,10.458999,14.161535,6.8825793,3.3250713
2013-11-01,hessen,50.60432805217064,9.033962357955216,703.25336,89.589775,29.995064,4.229079,6.7665725,1.5437322,3.402206
2013-12-01,hessen,50.60432805217064,9.033962357955216,369.93872,87.42412,25.394625,3.6116664,6.111381,1.0585232,3.830307
2014-01-01,hessen,50.60432805217064,9.033962357955216,388.86453,89.20287,29.684587,3.056472,5.4602795,0.4653154,3.249706
2014-02-01,hessen,50.60432805217064,9.033962357955216,339.32855,83.09493,56.17302,4.3552513,7.9146504,0.85821295,3.9447737
2014-03-01,hessen,50.60432805217064,9.033962357955216,96.77742,73.478195,127.718994,7.1149225,13.269275,1.5655245,3.0429401
2014-04-01,hessen,50.60432805217064,9.033962357955216,371.27002,73.840904,160.51988,11.235412,16.815668,5.728327,2.8537445
2014-05-01,hessen,50.60432805217064,9.033962357955216,795.9613,76.44532,195.22055,12.297984,17.703783,6.8748274,3.1944816
2014-06-01,hessen,50.60432805217064,9.033962357955216,405.56332,72.083145,234.47754,15.837255,21.87661,9.594596,2.7438617
2014-07-01,hessen,50.60432805217064,9.033962357955216,1296.9323,75.02427,214.42485,19.114845,25.015581,13.681178,2.6454287
2014-08-01,hessen,50.60432805217064,9.033962357955216,921.1323,80.31696,172.21555,15.515213,20.848894,10.700867,2.8790107
2014-09-01,hessen,50.60432805217064,9.033962357955216,322.69336,86.28667,114.618385,14.691872,19.419708,10.594306,2.4728308
2014-10-01,hessen,50.60432805217064,9.033962357955216,568.98065,89.56576,70.21111,11.632909,15.646333,8.097438,2.6824408
2014-11-01,hessen,50.60432805217064,9.033962357955216,320.6067,91.20291,34.265182,6.3467827,8.779812,3.843237,2.73759
2014-12-01,hessen,50.60432805217064,9.033962357955216,606.59357,89.82996,16.559378,2.5381753,4.3944817,0.3885281,4.166951
2015-01-01,hessen,50.60432805217064,9.033962357955216,674.5613,88.725365,23.918997,1.8343943,4.045036,-0.6761589,4.196364
2015-02-01,hessen,50.60432805217064,9.033962357955216,221.21072,85.25683,56.91693,0.8436706,3.8293836,-2.0504007,3.2399485
2015-03-01,hessen,50.60432805217064,9.033962357955216,405.3613,78.74028,109.19474,4.9908004,9.949552,0.39821744,3.6806974
2015-04-01,hessen,50.60432805217064,9.033962357955216,328.77667,67.28954,191.94014,8.664174,14.942277,2.09909,3.2797453
2015-05-01,hessen,50.60432805217064,9.033962357955216,177.62257,68.964325,207.28519,12.499088,18.416643,6.099309,3.1050632
2015-06-01,hessen,50.60432805217064,9.033962357955216,398.75,68.849266,218.39049,15.983058,21.734583,9.895468,3.1460073
2015-07-01,hessen,50.60432805217064,9.033962357955216,544.51935,67.36049,230.91614,19.735664,26.098763,13.478351,3.3344874
2015-08-01,hessen,50.60432805217064,9.033962357955216,612.12256,70.343346,199.54051,19.84907,26.26679,13.904676,2.8897693
2015-09-01,hessen,50.60432805217064,9.033962357955216,553.97003,82.27587,119.08001,12.623088,17.493435,8.341046,3.1270308
2015-10-01,hessen,50.60432805217064,9.033962357955216,264.30322,87.22154,65.23978,8.334544,12.140982,4.7962537,2.4858017
2015-11-01,hessen,50.60432805217064,9.033962357955216,836.6133,87.204445,37.143703,7.317643,10.514027,4.2668395,4.120111
2015-12-01,hessen,50.60432805217064,9.033962357955216,343.19357,89.588776,26.801912,6.4558516,9.202698,3.4210894,3.5369244
2016-01-01,hessen,50.60432805217064,9.033962357955216,631.89355,89.03034,28.158304,1.6561625,4.186868,-1.1909056,3.5475066
2016-02-01,hessen,50.60432805217064,9.033962357955216,720.88965,84.67241,47.121967,3.1777828,6.008573,0.30355427,4.3473816
2016-03-01,hessen,50.60432805217064,9.033962357955216,542.0871,81.29039,89.65951,3.9337919,7.660478,0.5040633,3.501484
2016-04-01,hessen,50.60432805217064,9.033962357955216,447.22333,74.19803,159.44049,7.76216,13.231198,2.466874,3.2879283
2016-05-01,hessen,50.60432805217064,9.033962357955216,559.5613,71.62208,206.90477,13.44825,19.011732,7.7700086,3.1569772
2016-06-01,hessen,50.60432805217064,9.033962357955216,906.36,81.29548,188.45854,16.658363,22.02431,11.660017,2.6384444
2016-07-01,hessen,50.60432805217064,9.033962357955216,486.29678,75.193756,201.97838,18.505224,24.151598,13.094224,2.744645
2016-08-01,hessen,50.60432805217064,9.033962357955216,277.85486,74.29741,195.83286,17.754522,24.08415,11.765562,2.726638
2016-09-01,hessen,50.60432805217064,9.033962357955216,279.16,75.32296,148.17012,16.92558,23.285906,11.271208,2.4674072
2016-10-01,hessen,50.60432805217064,9.033962357955216,468.79678,88.994225,56.931896,8.355956,11.956591,5.049523,2.5937586
2016-11-01,hessen,50.60432805217064,9.033962357955216,509.16333,86.91949,33.59716,3.8273604,6.7961617,0.7417296,3.166874
2016-12-01,hessen,50.60432805217064,9.033962357955216,123.14194,89.42583,25.95018,1.4872783,3.9040582,-1.0190059,2.9417944
2017-01-01,hessen,50.60432805217064,9.033962357955216,294.3839,84.81137,34.786617,-2.4450095,0.7497706,-5.6227107,3.1776128
2017-02-01,hessen,50.60432805217064,9.033962357955216,388.73218,83.254944,52.3582,3.4119842,6.8688188,-0.020152112,3.7185013
2017-03-01,hessen,50.60432805217064,9.033962357955216,445.8968,74.269104,115.759384,7.495196,12.700489,2.5079737,3.692032
2017-04-01,hessen,50.60432805217064,9.033962357955216,169.05334,69.406555,161.48001,7.5058975,12.981209,1.7669654,3.1181898
2017-05-01,hessen,50.60432805217064,9.033962357955216,625.83545,74.95004,213.2196,14.186915,20.012985,8.216313,2.6237824
2017-06-01,hessen,50.60432805217064,9.033962357955216,561.1233,71.76297,237.47186,17.78795,23.775286,11.62621,3.060379
2017-07-01,hessen,50.60432805217064,9.033962357955216,1391.3967,76.92851,195.55232,18.192173,23.721634,12.972854,2.962786
2017-08-01,hessen,50.60432805217064,9.033962357955216,858.8903,78.75753,182.23106,17.540535,23.056503,12.396246,2.6403117
2017-09-01,hessen,50.60432805217064,9.033962357955216,536.87,84.805305,116.11617,12.578633,17.714678,8.419194,2.8052444
2017-10-01,hessen,50.60432805217064,9.033962357955216,452.87097,86.788925,68.79188,10.861613,14.743439,7.319878,3.5612807
2017-11-01,hessen,50.60432805217064,9.033962357955216,769.65,89.92141,29.762346,4.918517,7.454748,2.175685,3.2788591
2017-12-01,hessen,50.60432805217064,9.033962357955216,800.39355,89.13841,17.850538,2.7110312,4.640192,0.82311106,4.074087
2018-01-01,hessen,50.60432805217064,9.033962357955216,907.72906,88.281784,23.302988,4.0994563,6.3711433,1.9208649,4.264435
2018-02-01,hessen,50.60432805217064,9.033962357955216,122.76429,78.06689,71.2582,-1.9457248,1.2720344,-5.0732512,3.5561335
2018-03-01,hessen,50.60432805217064,9.033962357955216,468.50323,78.89663,96.91493,2.8655446,7.1062555,-1.2686272,3.6459305
2018-04-01,hessen,50.60432805217064,9.033962357955216,442.7667,69.17089,188.50125,12.662484,19.045002,6.1290736,3.1720333
2018-05-01,hessen,50.60432805217064,9.033962357955216,521.65485,68.77081,238.09366,15.897295,22.291779,9.51797,3.0022163
2018-06-01,hessen,50.60432805217064,9.033962357955216,271.24,71.703995,205.75815,17.880354,23.542261,12.384947,2.866116
2018-07-01,hessen,50.60432805217064,9.033962357955216,206.04517,58.212997,239.32664,20.800486,28.110575,13.379508,2.575454
2018-08-01,hessen,50.60432805217064,9.033962357955216,227.61612,62.603065,210.4294,19.967478,27.015945,13.124296,2.919013
2018-09-01,hessen,50.60432805217064,9.033962357955216,387.13336,70.778366,148.88235,14.624763,21.760166,8.267326,2.7002397
2018-10-01,hessen,50.60432805217064,9.033962357955216,145.46774,81.401146,88.01279,10.389957,16.076338,5.3952017,2.9772437
2018-11-01,hessen,50.60432805217064,9.033962357955216,217.82,86.51151,40.79284,5.394018,8.498509,2.3511493,3.0577343
2018-12-01,hessen,50.60432805217064,9.033962357955216,926.7065,87.85155,19.364037,3.7150702,5.871487,1.43265,3.8571117
2019-01-01,hessen,50.60432805217064,9.033962357955216,633.5871,86.45921,26.805374,0.51842296,2.7970693,-2.0189593,4.021969
2019-02-01,hessen,50.60432805217064,9.033962357955216,224.33572,76.99951,73.85568,3.9096715,9.345989,-0.67852116,3.0341456
2019-03-01,hessen,50.60432805217064,9.033962357955216,616.30646,76.950745,101.29151,6.604776,11.154409,2.149173,4.469013
2019-04-01,hessen,50.60432805217064,9.033962357955216,272.9167,67.26127,185.0348,9.768347,15.463126,3.8470974,3.3619814
2019-05-01,hessen,50.60432805217064,9.033962357955216,854.2097,74.878555,192.56201,10.882162,16.083336,5.502484,3.0313525
2019-06-01,hessen,50.60432805217064,9.033962357955216,444.59998,68.57983,228.75555,19.431406,26.17993,12.206692,2.8597023
2019-07-01,hessen,50.60432805217064,9.033962357955216,390.47742,66.31777,210.30226,18.861263,25.150124,12.342424,2.595006
2019-08-01,hessen,50.60432805217064,9.033962357955216,502.88068,70.990685,200.49962,18.903038,25.479225,12.948983,2.510674
2019-09-01,hessen,50.60432805217064,9.033962357955216,434.46335,75.43093,132.93208,13.707062,19.436672,8.226838,2.924559
2019-10-01,hessen,50.60432805217064,9.033962357955216,695.1516,86.47598,67.36619,10.729702,14.574944,7.154064,3.4033356
2019-11-01,hessen,50.60432805217064,9.033962357955216,523.2767,90.17342,31.110369,4.9014773,7.484939,2.2246037,3.1974542
2019-12-01,hessen,50.60432805217064,9.033962357955216,622.9678,87.318985,25.77073,3.3514075,6.0661764,0.5315232,3.4865732
2020-01-01,hessen,50.60432805217064,9.033962357955216,395.06775,87.55149,31.612543,3.1786106,5.755854,0.34706452,3.460037
2020-02-01,hessen,50.60432805217064,9.033962357955216,1106.4414,80.294914,52.774715,5.043787,8.110982,1.7485236,5.314501
2020-03-01,hessen,50.60432805217064,9.033962357955216,489.71613,69.65966,130.09808,5.623908,10.373376,0.8575089,4.1918926
2020-04-01,hessen,50.60432805217064,9.033962357955216,155.91333,57.361336,233.46704,10.77746,18.073452,3.2173173,3.1123123
2020-05-01,hessen,50.60432805217064,9.033962357955216,310.46774,65.915596,243.8331,11.970729,18.177095,5.0517707,2.9347932
2020-06-01,hessen,50.60432805217064,9.033962357955216,737.03,72.71276,228.82913,16.649317,22.201931,10.808471,2.8357923
2020-07-01,hessen,50.60432805217064,9.033962357955216,236.79034,64.90745,240.19629,17.922955,24.267904,11.229743,2.8392496
2020-08-01,hessen,50.60432805217064,9.033962357955216,583.4581,68.34301,203.28662,20.006989,26.14291,14.25612,2.7441885
2020-09-01,hessen,50.60432805217064,9.033962357955216,239.09,70.93957,159.15852,14.876026,21.464308,8.707945,2.5243752
2020-10-01,hessen,50.60432805217064,9.033962357955216,617.6581,85.05131,63.39474,10.070911,13.265706,6.809298,3.694112
2020-11-01,hessen,50.60432805217064,9.033962357955216,173.29666,87.02578,47.518764,5.7438946,9.178975,2.1831295,2.8644617
2020-12-01,hessen,50.60432805217064,9.033962357955216,606.2451,90.25019,19.725807,3.1401792,5.081383,1.0456296,3.103172
2021-01-01,hessen,50.60432805217064,9.033962357955216,715.86456,87.083725,27.56332,0.7541971,2.7770104,-1.2611374,3.4802315
2021-02-01,hessen,50.60432805217064,9.033962357955216,544.8822,81.98353,76.190216,1.4517182,6.1499987,-2.9530597,3.060574
2021-03-01,hessen,50.60432805217064,9.033962357955216,339.19354,73.67027,126.09832,4.933494,10.170508,0.14000957,3.3781395
2021-04-01,hessen,50.60432805217064,9.033962357955216,372.5,69.64148,183.80753,5.9072075,11.442221,0.5478778,3.2691343
2021-05-01,hessen,50.60432805217064,9.033962357955216,668.6968,74.21946,200.5859,10.495262,15.597555,5.4808025,3.6852496
2021-06-01,hessen,50.60432805217064,9.033962357955216,771.88,73.28048,258.85135,19.012886,24.971243,13.154367,2.4628494
2021-07-01,hessen,50.60432805217064,9.033962357955216,838.9226,78.76811,215.11038,17.625048,22.968964,12.667903,2.641135
2021-08-01,hessen,50.60432805217064,9.033962357955216,730.1581,80.94248,177.64874,16.110062,21.381824,11.473207,2.7678971
2021-09-01,hessen,50.60432805217064,9.033962357955216,236.19667,80.7056,157.2031,14.973399,20.862755,9.738456,2.2305384
2021-10-01,hessen,50.60432805217064,9.033962357955216,348.24518,85.692726,91.42593,9.040902,13.770188,4.683431,2.9616368
2021-11-01,hessen,50.60432805217064,9.033962357955216,327.07333,89.715454,42.78259,4.409138,6.8068533,1.9688865,2.7380335
2021-12-01,hessen,50.60432805217064,9.033962357955216,434.82257,89.88949,20.811588,2.9665244,5.33235,0.59328675,3.045754
2022-01-01,hessen,50.60432805217064,9.033962357955216,634.26776,87.615944,27.988293,2.6557455,4.6400595,0.6303453,3.5815868
2022-02-01,hessen,50.60432805217064,9.033962357955216,783.1643,79.58444,63.344315,4.327578,7.9126987,0.84702647,5.124196
2022-03-01,hessen,50.60432805217064,9.033962357955216,150.96774,61.99971,161.51184,5.379699,11.842884,-0.55796766,2.7923605
2022-04-01,hessen,50.60432805217064,9.033962357955216,571.06006,69.59161,174.04875,7.976022,13.016653,2.8635073,3.70381
2022-05-01,hessen,50.60432805217064,9.033962357955216,317.3387,67.339584,234.20348,14.729437,21.0403,8.234688,2.867349
2022-06-01,hessen,50.60432805217064,9.033962357955216,345.9167,65.82128,262.2063,18.390709,25.1199,11.0802355,2.6546702
2022-07-01,hessen,50.60432805217064,9.033962357955216,260.80646,60.21588,248.94757,19.369846,26.350348,12.255349,2.7291255
2022-08-01,hessen,50.60432805217064,9.033962357955216,107.22258,58.028667,169.24326,20.872786,27.91886,13.597202,2.5809858
2022-09-01,hessen,50.60432805217064,9.033962357955216,1068.4734,77.87113,106.71111,13.390312,18.946272,8.711836,2.7040591
2022-10-01,hessen,50.60432805217064,9.033962357955216,546.0322,86.22629,76.28769,12.092951,17.191725,7.4118576,2.5680563
2022-11-01,hessen,50.60432805217064,9.033962357955216,496.53668,87.40716,47.798393,6.7222366,10.001857,3.3832295,2.8648036
2022-12-01,hessen,50.60432805217064,9.033962357955216,543.3323,88.319084,22.160095,1.8313166,4.173515,-0.7699701,3.2845328
2023-01-01,hessen,50.60432805217064,9.033962357955216,715.2742,86.12803,22.314816,3.496155,5.466019,1.2515113,4.2443724
2023-02-01,hessen,50.60432805217064,9.033962357955216,374.22858,82.62555,61.169186,3.4002287,6.833843,0.24896826,3.4678228
2023-03-01,hessen,50.60432805217064,9.033962357955216,943.342,78.76219,88.26034,5.822769,9.915775,1.8791529,3.9847262
2023-04-01,hessen,50.60432805217064,9.033962357955216,584.8534,74.66266,143.55075,7.7027516,12.417557,2.976591,3.3629925
2023-05-01,hessen,50.60432805217064,9.033962357955216,360.8968,70.725365,225.14383,13.297878,19.238577,7.0989404,2.9989448
2023-06-01,hessen,50.60432805217064,9.033962357955216,301.87335,60.490604,271.22937,18.983335,25.630398,11.857588,2.8204331
2023-07-01,hessen,50.60432805217064,9.033962357955216,825.6516,66.80139,212.84277,18.61912,24.596418,12.477515,3.287357
2023-08-01,hessen,50.60432805217064,9.033962357955216,1095.0645,79.973366,136.03679,18.018806,23.572754,13.324929,2.6992483
2023-09-01,hessen,50.60432805217064,9.033962357955216,346.44666,77.298874,135.85716,16.958984,23.678368,11.060111,2.399995
2023-10-01,hessen,50.60432805217064,9.033962357955216,745.0968,84.20086,69.81445,11.776723,16.00823,7.7662907,3.2577443
2023-11-01,hessen,50.60432805217064,9.033962357955216,1010.0834,86.875336,37.439503,5.610812,8.106607,2.988309,4.2032843
2023-12-01,hessen,50.60432805217064,9.033962357955216,878.64197,87.509544,18.734407,4.23982,6.2149606,1.9960668,4.33
2024-01-01,hessen,50.60432805217064,9.033962357955216,662.4613,82.27593,31.950777,1.2506906,4.239638,-1.87205,4.0676365
2024-02-01,hessen,50.60432805217064,9.033962357955216,780.5414,84.408005,48.45402,6.7292147,9.7724695,3.7817345,4.1027007
2024-03-01,hessen,50.60432805217064,9.033962357955216,439.28064,80.34514,101.827484,7.3007994,12.021476,2.811006,2.967093
2024-04-01,hessen,50.60432805217064,9.033962357955216,510.84335,73.25621,154.72963,9.894251,15.125619,4.8237076,3.4816096
2024-05-01,hessen,50.60432805217064,9.033962357955216,1046.242,76.25523,201.56894,14.818334,20.071398,9.697068,2.625294
2024-06-01,hessen,50.60432805217064,9.033962357955216,672.2733,73.95602,219.95963,16.382505,21.851458,10.55909,2.8393443
2024-07-01,hessen,50.60432805217064,9.033962357955216,778.3613,73.57219,224.50943,18.623695,24.414047,12.856288,2.5646417
2024-08-01,hessen,50.60432805217064,9.033962357955216,433.3484,72.88469,216.45508,19.889338,26.31942,13.785298,2.5494792
2024-09-01,hessen,50.60432805217064,9.033962357955216,785.88666,79.51723,129.56902,15.26803,20.391731,10.740829,3.238326
2024-10-01,hessen,50.60432805217064,9.033962357955216,527.4032,88.528534,63.76559,10.888555,14.817827,7.244657,2.67035
2024-11-01,hessen,50.60432805217064,9.033962357955216,510.52,86.90764,30.099876,5.071874,7.5496354,2.4579875,3.1637604
2024-12-01,hessen,50.60432805217064,9.033962357955216,458.81613,88.29525,19.458183,2.4892173,4.5115995,0.3034564,3.5809927
2000-01-01,mecklenburg_vorpommern,53.75589973083183,12.537751191830678,401.02582,85.711945,26.1987,1.8840903,3.9842584,-0.5399711,5.1249857
2000-02-01,mecklenburg_vorpommern,53.75589973083183,12.537751191830678,558.7966,84.925835,47.89512,3.9958103,6.6472464,1.5076072,5.0372567
2000-03-01,mecklenburg_vorpommern,53.75589973083183,12.537751191830678,599.36774,83.2351,81.98351,4.66274,7.8273015,2.0899339,4.9733787
2000-04-01,mecklenburg_vorpommern,53.75589973083183,12.537751191830678,256.99667,76.204,165.10722,9.948886,15.252512,5.2402415,3.3840659
2000-05-01,mecklenburg_vorpommern,53.75589973083183,12.537751191830678,333.22583,69.57171,251.3597,13.905539,20.132187,8.145206,3.160945
2000-06-01,mecklenburg_vorpommern,53.75589973083183,12.537751191830678,507.28998,71.11929,218.70427,16.15104,21.311804,11.256713,3.8324819
2000-07-01,mecklenburg_vorpommern,53.75589973083183,12.537751191830678,902.4645,80.095985,160.22003,15.524689,19.469671,12.185563,3.3607898
2000-08-01,mecklenburg_vorpommern,53.75589973083183,12.537751191830678,573.9291,78.06421,180.52933,16.530445,21.645561,12.214126,2.8602157
2000-09-01,mecklenburg_vorpommern,53.75589973083183,12.537751191830678,807.08325,82.88925,110.40127,13.502787,17.471006,10.283882,3.1858451
2000-10-01,mecklenburg_vorpommern,53.75589973083183,12.537751191830678,318.82904,86.26586,60.77038,11.283367,14.7265625,8.459089,3.651152
2000-11-01,mecklenburg_vorpommern,53.75589973083183,12.537751191830678,340.85,87.62287,31.380829,6.4120884,8.854601,4.0399914,3.9304636
2000-12-01,mecklenburg_vorpommern,53.75589973083183,12.537751191830678,406.57095,89.429375,18.766462,3.2566814,5.1693363,1.3343718,4.052384
2001-01-01,mecklenburg_vorpommern,53.75589973083183,12.537751191830678,276.1355,90.39602,20.95991,0.9125538,2.7119963,-1.0534081,3.3116684
2001-02-01,mecklenburg_vorpommern,53.75589973083183,12.537751191830678,471.69644,84.3394,51.108284,1.2367835,4.611875,-1.8164148,4.1358943
2001-03-01,mecklenburg_vorpommern,53.75589973083183,12.537751191830678,452.79034,81.99517,88.76203,2.344982,5.58868,-0.69792026,3.8756924
2001-04-01,mecklenburg_vorpommern,53.75589973083183,12.537751191830678,557.4166,81.82619,133.98659,7.02622,11.376425,3.1342256,3.6437268
2001-05-01,mecklenburg_vorpommern,53.75589973083183,12.537751191830678,331.1742,72.71594,245.07062,13.077969,18.496471,7.4048266,3.516656
2001-06-01,mecklenburg_vorpommern,53.75589973083183,12.537751191830678,789.1666,79.74028,205.66252,14.008265,18.65862,9.694394,3.1697738
2001-07-01,mecklenburg_vorpommern,53.75589973083183,12.537751191830678,358.02582,75.0217,229.54468,18.755661,23.891323,13.614569,2.957857
2001-08-01,mecklenburg_vorpommern,53.75589973083183,12.537751191830678,769.74194,78.612366,179.51086,18.329157,23.62583,13.950762,3.37522
2001-09-01,mecklenburg_vorpommern,53.75589973083183,12.537751191830678,1474.6766,88.425835,92.29308,12.606306,16.145031,9.863808,3.3353875
2001-10-01,mecklenburg_vorpommern,53.75589973083183,12.537751191830678,263.74518,87.692856,62.298466,12.305028,15.712645,9.459432,3.8954968
2001-11-01,mecklenburg_vorpommern,53.75589973083183,12.537751191830678,448.37,87.27749,29.415548,4.5384917,7.0937314,1.7356815,4.3188276
2001-12-01,mecklenburg_vorpommern,53.75589973083183,12.537751191830678,569.429,88.61677,16.200455,0.3187282,2.317651,-1.7514057,4.350044
2002-01-01,mecklenburg_vorpommern,53.75589973083183,12.537751191830678,544.07416,87.07155,22.223642,2.3634567,4.5614214,0.07579717,4.754999
2002-02-01,mecklenburg_vorpommern,53.75589973083183,12.537751191830678,1002.2036,82.5311,53.673664,4.728502,7.869187,1.8722957,5.5002327
2002-03-01,mecklenburg_vorpommern,53.75589973083183,12.537751191830678,421.7871,79.83938,94.378334,4.8821845,8.500256,1.6854974,4.208313
2002-04-01,mecklenburg_vorpommern,53.75589973083183,12.537751191830678,561.5833,78.079544,144.47475,7.655022,11.954984,3.8364823,3.2680974
2002-05-01,mecklenburg_vorpommern,53.75589973083183,12.537751191830678,606.5064,80.76791,197.16718,13.835462,18.485447,9.632922,3.1453326
2002-06-01,mecklenburg_vorpommern,53.75589973083183,12.537751191830678,736.4533,76.44896,223.4523,16.750736,21.355228,12.220943,3.7339723
2002-07-01,mecklenburg_vorpommern,53.75589973083183,12.537751191830678,882.271,78.8732,188.62228,18.125422,22.740425,13.811678,3.4685214
2002-08-01,mecklenburg_vorpommern,53.75589973083183,12.537751191830678,722.1097,79.62699,190.48439,20.042818,25.290384,15.643709,2.5932608
2002-09-01,mecklenburg_vorpommern,53.75589973083183,12.537751191830678,289.49,78.5691,136.4494,14.766459,19.807894,10.296026,3.007036
2002-10-01,mecklenburg_vorpommern,53.75589973083183,12.537751191830678,864.76776,86.33484,62.41863,7.659523,10.96806,4.4828787,4.0407004
2002-11-01,mecklenburg_vorpommern,53.75589973083183,12.537751191830678,657.45337,89.36996,26.73738,3.9335878,6.0989103,1.6547656,3.3145585
2002-12-01,mecklenburg_vorpommern,53.75589973083183,12.537751191830678,125.89032,84.4383,18.807278,-1.6806295,0.4084448,-3.8809698,3.8306942
2003-01-01,mecklenburg_vorpommern,53.75589973083183,12.537751191830678,431.70645,88.96428,20.782436,-0.37547255,2.053303,-3.4822705,4.1879473
2003-02-01,mecklenburg_vorpommern,53.75589973083183,12.537751191830678,72.310715,84.00194,58.706867,-2.1702898,1.1811775,-5.551076,2.8612523
2003-03-01,mecklenburg_vorpommern,53.75589973083183,12.537751191830678,179.96773,78.337944,112.93816,3.7583632,8.345382,-0.36364016,3.5291784
2003-04-01,mecklenburg_vorpommern,53.75589973083183,12.537751191830678,293.73334,68.36334,178.9689,7.8344665,13.009059,2.6948392,4.2781677
2003-05-01,mecklenburg_vorpommern,53.75589973083183,12.537751191830678,408.4258,72.67497,226.8723,13.82443,19.179956,8.341966,3.310944
2003-06-01,mecklenburg_vorpommern,53.75589973083183,12.537751191830678,464.52332,69.85802,250.67741,17.909111,23.390562,12.013888,3.5720794
2003-07-01,mecklenburg_vorpommern,53.75589973083183,12.537751191830678,630.3,74.82754,213.70462,19.245955,24.341959,14.503226,3.1672487
2003-08-01,mecklenburg_vorpommern,53.75589973083183,12.537751191830678,310.00967,69.79162,203.1349,19.0427,24.600739,13.670884,3.3207848
2003-09-01,mecklenburg_vorpommern,53.75589973083183,12.537751191830678,605.29675,76.880486,142.85728,14.514722,19.855694,9.840183,3.0084233
2003-10-01,mecklenburg_vorpommern,53.75589973083183,12.537751191830678,458.25485,84.3761,76.32835,6.03219,10.315278,2.2860272,3.2038987
2003-11-01,mecklenburg_vorpommern,53.75589973083183,12.537751191830678,288.46667,89.39088,29.108732,6.260428,8.612045,3.9872937,3.7624862
2003-12-01,mecklenburg_vorpommern,53.75589973083183,12.537751191830678,411.86774,84.98504,20.292282,2.8577378,5.222866,0.25572503,4.712205
2004-01-01,mecklenburg_vorpommern,53.75589973083183,12.537751191830678,663.92255,86.420456,21.960632,-1.205221,0.793232,-3.402426,3.5909283
2004-02-01,mecklenburg_vorpommern,53.75589973083183,12.537751191830678,564.5035,84.333336,49.311447,2.2363005,4.921464,-0.5507171,4.108539
2004-03-01,mecklenburg_vorpommern,53.75589973083183,12.537751191830678,264.3097,80.68576,97.71987,4.396459,7.8650527,1.0240636,4.244599
2004-04-01,mecklenburg_vorpommern,53.75589973083183,12.537751191830678,346.79,75.09158,173.37422,8.913209,14.03838,4.0776124,3.3129241
2004-05-01,mecklenburg_vorpommern,53.75589973083183,12.537751191830678,446.21292,77.49858,204.30556,11.967772,16.666601,7.301941,3.4679072
2004-06-01,mecklenburg_vorpommern,53.75589973083183,12.537751191830678,722.4433,78.65226,200.15994,14.573807,19.117737,10.032186,3.7119522
2004-07-01,mecklenburg_vorpommern,53.75589973083183,12.537751191830678,989.27094,80.30673,198.24591,16.318838,21.228922,11.954782,3.1788092
2004-08-01,mecklenburg_vorpommern,53.75589973083183,12.537751191830678,627.28394,77.33113,193.3401,18.592318,23.805908,13.79268,3.157749
2004-09-01,mecklenburg_vorpommern,53.75589973083183,12.537751191830678,505.64334,78.18261,134.9014,14.037304,18.937027,9.442776,3.60052
2004-10-01,mecklenburg_vorpommern,53.75589973083183,12.537751191830678,372.12256,83.96979,65.99938,9.979667,13.359299,6.7444534,3.5681925
2004-11-01,mecklenburg_vorpommern,53.75589973083183,12.537751191830678,547.88336,87.96033,31.05772,4.671836,7.3522725,1.7975326,3.7184935
2004-12-01,mecklenburg_vorpommern,53.75589973083183,12.537751191830678,324.8613,89.31149,17.930332,3.0633545,4.9184313,0.9852572,4.2254343
2005-01-01,mecklenburg_vorpommern,53.75589973083183,12.537751191830678,527.96454,86.11871,25.201897,3.1236534,5.3218746,0.39387813,5.2342396
2005-02-01,mecklenburg_vorpommern,53.75589973083183,12.537751191830678,563.9643,85.03707,45.484596,-0.14136353,2.1251311,-2.4944167,4.0370235
2005-03-01,mecklenburg_vorpommern,53.75589973083183,12.537751191830678,345.55807,80.93578,103.57508,2.405055,6.1715364,-1.5166123,3.7519734
2005-04-01,mecklenburg_vorpommern,53.75589973083183,12.537751191830678,168.69334,68.88416,185.03131,8.479544,14.038045,2.935132,3.508898
2005-05-01,mecklenburg_vorpommern,53.75589973083183,12.537751191830678,781.9452,75.92576,207.96309,12.555147,17.474237,7.630873,3.2132976
2005-06-01,mecklenburg_vorpommern,53.75589973083183,12.537751191830678,335.15335,73.09089,235.46336,15.422302,20.635916,9.644167,3.38762
2005-07-01,mecklenburg_vorpommern,53.75589973083183,12.537751191830678,982.5065,76.89148,203.66948,18.363676,23.483791,13.609723,3.0018182
2005-08-01,mecklenburg_vorpommern,53.75589973083183,12.537751191830678,407.04193,78.28191,170.9937,16.278387,21.08983,11.697968,3.1608133
2005-09-01,mecklenburg_vorpommern,53.75589973083183,12.537751191830678,466.82,78.709946,137.93706,15.343825,20.66955,10.16627,2.5403259
2005-10-01,mecklenburg_vorpommern,53.75589973083183,12.537751191830678,382.81613,83.476326,86.95403,11.094599,15.861311,6.826534,2.8446188
2005-11-01,mecklenburg_vorpommern,53.75589973083183,12.537751191830678,355.15668,89.50221,32.952396,4.6675158,7.3148603,2.0081246,3.1519213
2005-12-01,mecklenburg_vorpommern,53.75589973083183,12.537751191830678,668.1645,90.29833,18.899204,1.4911636,3.614137,-1.154616,3.7533336
2006-01-01,mecklenburg_vorpommern,53.75589973083183,12.537751191830678,156.75162,87.56105,28.041945,-3.0514376,-0.50332576,-5.840208,2.9295142
2006-02-01,mecklenburg_vorpommern,53.75589973083183,12.537751191830678,469.05005,88.11548,39.68679,0.018571427,2.2293873,-2.3851655,3.141994
2006-03-01,mecklenburg_vorpommern,53.75589973083183,12.537751191830678,473.5742,82.58574,86.99237,0.47062865,3.9378614,-3.4688623,3.5013347
2006-04-01,mecklenburg_vorpommern,53.75589973083183,12.537751191830678,505.09335,79.674805,135.49745,7.590262,11.808339,3.7141972,3.49169
2006-05-01,mecklenburg_vorpommern,53.75589973083183,12.537751191830678,599.5742,72.67843,223.03824,12.508897,17.726126,7.28124,3.6669736
2006-06-01,mecklenburg_vorpommern,53.75589973083183,12.537751191830678,428.62335,73.297356,237.123,16.71028,21.842,11.165128,2.7559946
2006-07-01,mecklenburg_vorpommern,53.75589973083183,12.537751191830678,232.46452,63.703064,276.25464,21.999754,28.251623,14.878548,2.5992594
2006-08-01,mecklenburg_vorpommern,53.75589973083183,12.537751191830678,1235.8903,79.31029,159.3907,17.10776,21.853855,13.034195,3.0902672
2006-09-01,mecklenburg_vorpommern,53.75589973083183,12.537751191830678,315.55667,75.51523,144.20235,17.162306,22.504747,12.412176,3.1550188
2006-10-01,mecklenburg_vorpommern,53.75589973083183,12.537751191830678,419.43228,84.556305,63.584465,12.366978,16.21295,8.811979,3.2537847
2006-11-01,mecklenburg_vorpommern,53.75589973083183,12.537751191830678,615.24005,86.77879,30.168905,7.350639,10.152618,4.4466715,4.1795073
2006-12-01,mecklenburg_vorpommern,53.75589973083183,12.537751191830678,307.57098,86.3506,18.740803,6.016611,7.8742857,3.9012213,4.4820843
2007-01-01,mecklenburg_vorpommern,53.75589973083183,12.537751191830678,896.0484,82.90431,22.8687,5.0551085,7.4547544,2.2407007,6.0462656
2007-02-01,mecklenburg_vorpommern,53.75589973083183,12.537751191830678,629.24286,85.91915,39.082157,2.626658,4.973098,0.2624555,3.8026707
2007-03-01,mecklenburg_vorpommern,53.75589973083183,12.537751191830678,516.60004,78.194405,114.63526,6.807678,11.169699,2.887574,4.179401
2007-04-01,mecklenburg_vorpommern,53.75589973083183,12.537751191830678,12.280001,67.426094,201.26794,10.147945,15.996636,4.0751705,3.6419616
2007-05-01,mecklenburg_vorpommern,53.75589973083183,12.537751191830678,876.8645,73.95036,221.5957,13.8901615,19.397175,8.149379,3.2058742
2007-06-01,mecklenburg_vorpommern,53.75589973083183,12.537751191830678,1336.2734,78.22292,206.3588,17.17506,21.93194,12.50185,3.1757271
2007-07-01,mecklenburg_vorpommern,53.75589973083183,12.537751191830678,1063.9645,77.100624,193.12378,17.343403,21.985128,12.918789,3.6456244
2007-08-01,mecklenburg_vorpommern,53.75589973083183,12.537751191830678,818.9226,78.432465,180.17015,17.577282,22.312286,13.026858,3.2065287
2007-09-01,mecklenburg_vorpommern,53.75589973083183,12.537751191830678,632.58997,81.01763,115.90735,13.46572,17.385435,9.976786,3.7935114
2007-10-01,mecklenburg_vorpommern,53.75589973083183,12.537751191830678,271.22903,82.988075,68.99908,8.629402,12.267554,4.8481784,2.590412
2007-11-01,mecklenburg_vorpommern,53.75589973083183,12.537751191830678,521.36664,86.520035,30.033865,4.4024334,6.765663,1.7560201,4.126594
2007-12-01,mecklenburg_vorpommern,53.75589973083183,12.537751191830678,483.48065,87.71873,15.401113,2.7521086,4.444844,1.0420024,3.7682717
2008-01-01,mecklenburg_vorpommern,53.75589973083183,12.537751191830678,690.0645,85.243195,21.230654,3.5883324,5.624856,1.0076162,4.7787437
2008-02-01,mecklenburg_vorpommern,53.75589973083183,12.537751191830678,360.94482,81.63597,48.968605,4.4207788,7.294733,1.4799955,4.412987
2008-03-01,mecklenburg_vorpommern,53.75589973083183,12.537751191830678,679.37744,78.754814,98.03751,4.3375044,7.9206505,1.0521034,4.8604836
2008-04-01,mecklenburg_vorpommern,53.75589973083183,12.537751191830678,648.3,79.97797,147.75858,7.730592,11.897642,3.5651653,3.1818397
2008-05-01,mecklenburg_vorpommern,53.75589973083183,12.537751191830678,122.325806,67.546555,272.00897,13.372968,19.4314,6.399137,2.7584949
2008-06-01,mecklenburg_vorpommern,53.75589973083183,12.537751191830678,361.57,65.57825,258.15823,16.534357,22.61202,10.106225,3.540025
2008-07-01,mecklenburg_vorpommern,53.75589973083183,12.537751191830678,547.1742,72.133446,227.46132,18.33662,23.742647,13.000894,3.4024522
2008-08-01,mecklenburg_vorpommern,53.75589973083183,12.537751191830678,702.9774,76.363556,159.39792,17.664206,22.259254,13.15265,3.8176897
2008-09-01,mecklenburg_vorpommern,53.75589973083183,12.537751191830678,382.22668,80.58136,115.271255,13.405885,17.76192,9.268745,2.9932153
2008-10-01,mecklenburg_vorpommern,53.75589973083183,12.537751191830678,660.6903,85.94539,62.174072,9.479068,12.937361,6.0300727,3.9200902
2008-11-01,mecklenburg_vorpommern,53.75589973083183,12.537751191830678,377.76666,86.985825,25.33003,5.8390865,8.039044,3.3050425,4.477074
2008-12-01,mecklenburg_vorpommern,53.75589973083183,12.537751191830678,442.57098,90.6421,17.33969,2.0647182,3.7941544,0.033009376,3.362933
2009-01-01,mecklenburg_vorpommern,53.75589973083183,12.537751191830678,166.62581,87.0754,25.19623,-0.8999206,1.2907792,-3.6245582,3.1419241
2009-02-01,mecklenburg_vorpommern,53.75589973083183,12.537751191830678,445.825,88.6659,37.597786,0.3144226,2.2068918,-1.9689801,3.554478
2009-03-01,mecklenburg_vorpommern,53.75589973083183,12.537751191830678,506.0484,82.911385,82.74688,4.510174,7.8226004,1.2091589,3.8735073
2009-04-01,mecklenburg_vorpommern,53.75589973083183,12.537751191830678,41.40334,69.17984,219.33406,11.022539,17.561108,4.705858,3.2207315
2009-05-01,mecklenburg_vorpommern,53.75589973083183,12.537751191830678,555.5742,72.70444,239.61526,12.673673,18.245611,6.7954664,3.6059206
2009-06-01,mecklenburg_vorpommern,53.75589973083183,12.537751191830678,582.04333,76.601234,218.88531,14.205243,18.898071,9.472087,3.8419342
2009-07-01,mecklenburg_vorpommern,53.75589973083183,12.537751191830678,834.0226,74.99496,220.18767,18.5118,23.964182,13.267834,3.3790054
2009-08-01,mecklenburg_vorpommern,53.75589973083183,12.537751191830678,309.28384,69.606865,204.18007,18.835102,24.819662,12.923455,3.2517443
2009-09-01,mecklenburg_vorpommern,53.75589973083183,12.537751191830678,317.50665,75.57938,135.80298,14.971639,20.236958,9.974003,3.4816878
2009-10-01,mecklenburg_vorpommern,53.75589973083183,12.537751191830678,764.64197,84.70438,61.765644,7.744296,10.781639,4.605688,3.5945902
2009-11-01,mecklenburg_vorpommern,53.75589973083183,12.537751191830678,840.0133,87.61495,24.51342,7.1504216,9.175745,5.0214996,4.315872
2009-12-01,mecklenburg_vorpommern,53.75589973083183,12.537751191830678,366.32584,90.12662,17.504072,-0.0038462265,1.9835287,-2.3086212,3.3766856
2010-01-01,mecklenburg_vorpommern,53.75589973083183,12.537751191830678,440.11935,87.58173,20.762444,-4.730915,-2.5187407,-7.6324983,3.6162357
2010-02-01,mecklenburg_vorpommern,53.75589973083183,12.537751191830678,382.75,87.369514,38.3188,-1.0182314,1.1388214,-3.4882143,3.5819433
2010-03-01,mecklenburg_vorpommern,53.75589973083183,12.537751191830678,413.47742,81.507256,98.062965,3.9779904,7.691984,0.14221168,3.9859009
2010-04-01,mecklenburg_vorpommern,53.75589973083183,12.537751191830678,167.93666,72.78785,181.25635,8.049492,13.321014,3.02751,3.8819532
2010-05-01,mecklenburg_vorpommern,53.75589973083183,12.537751191830678,941.2419,81.79271,158.04938,9.967932,13.740472,6.231401,3.5300717
2010-06-01,mecklenburg_vorpommern,53.75589973083183,12.537751191830678,334.35,75.18174,251.10843,15.576319,20.85062,9.71994,3.1401358
2010-07-01,mecklenburg_vorpommern,53.75589973083183,12.537751191830678,254.38065,66.360275,249.5955,21.158216,27.273417,14.612113,2.9767714
2010-08-01,mecklenburg_vorpommern,53.75589973083183,12.537751191830678,1536.4193,81.30868,149.18005,17.621378,21.890135,13.889425,3.197221
2010-09-01,mecklenburg_vorpommern,53.75589973083183,12.537751191830678,776.1767,83.46205,114.6705,13.086699,17.026396,9.404195,3.5940773
2010-10-01,mecklenburg_vorpommern,53.75589973083183,12.537751191830678,341.09033,83.26794,74.13016,8.331849,12.198655,4.6784,3.720303
2010-11-01,mecklenburg_vorpommern,53.75589973083183,12.537751191830678,1049.41,89.31821,23.142916,4.6849995,6.657624,2.4627955,3.797669
2010-12-01,mecklenburg_vorpommern,53.75589973083183,12.537751191830678,596.9323,90.2446,16.835926,-4.3691006,-2.1152325,-7.167641,3.843867
2011-01-01,mecklenburg_vorpommern,53.75589973083183,12.537751191830678,353.99036,90.564964,22.662783,0.9752283,2.9393528,-1.1349758,3.3847451
2011-02-01,mecklenburg_vorpommern,53.75589973083183,12.537751191830678,365.16428,76.00101,50.151527,-0.090932205,2.5829384,-2.7577477,4.665463
2011-03-01,mecklenburg_vorpommern,53.75589973083183,12.537751191830678,213.20648,78.2747,110.85488,3.6475787,8.255495,-0.5230949,3.7580788
2011-04-01,mecklenburg_vorpommern,53.75589973083183,12.537751191830678,232.99,70.928345,192.2147,10.924753,16.356083,5.6600738,3.9577568
2011-05-01,mecklenburg_vorpommern,53.75589973083183,12.537751191830678,459.6355,68.67794,237.28435,13.336733,19.321829,7.27602,3.6267307
2011-06-01,mecklenburg_vorpommern,53.75589973083183,12.537751191830678,887.7733,75.51391,245.60585,16.654686,22.169577,11.022585,3.3060575
2011-07-01,mecklenburg_vorpommern,53.75589973083183,12.537751191830678,2228.1096,81.533875,174.03998,16.936245,20.944887,13.131259,3.6032925
2011-08-01,mecklenburg_vorpommern,53.75589973083183,12.537751191830678,993.9032,82.02713,162.21138,17.357845,21.899374,13.194243,3.5080364
2011-09-01,mecklenburg_vorpommern,53.75589973083183,12.537751191830678,385.06,81.244606,128.92056,14.999063,19.955465,10.360192,3.3508725
2011-10-01,mecklenburg_vorpommern,53.75589973083183,12.537751191830678,344.8097,84.88266,77.91621,9.937854,14.149882,6.17127,3.688662
2011-11-01,mecklenburg_vorpommern,53.75589973083183,12.537751191830678,45.403336,89.63318,34.69457,4.611955,7.4905415,1.7045804,3.2959077
2011-12-01,mecklenburg_vorpommern,53.75589973083183,12.537751191830678,841.2419,89.29235,16.250954,4.180843,6.196246,2.1134071,5.42508
2012-01-01,mecklenburg_vorpommern,53.75589973083183,12.537751191830678,688.6516,85.640816,26.071936,1.8457423,4.026189,-0.45325878,4.707142
2012-02-01,mecklenburg_vorpommern,53.75589973083183,12.537751191830678,285.7207,83.79057,52.278946,-1.3271961,1.7114927,-4.9390655,4.140479
2012-03-01,mecklenburg_vorpommern,53.75589973083183,12.537751191830678,81.79355,79.802925,109.91693,6.29495,10.834182,2.2455034,4.1929526
2012-04-01,mecklenburg_vorpommern,53.75589973083183,12.537751191830678,336.84665,75.10411,152.68648,7.559456,12.194061,2.9651873,3.632773
2012-05-01,mecklenburg_vorpommern,53.75589973083183,12.537751191830678,211.15808,68.94579,225.37907,13.357277,18.744091,7.571676,3.6192799
2012-06-01,mecklenburg_vorpommern,53.75589973083183,12.537751191830678,580.23334,74.095375,195.68712,14.96939,19.826204,10.015861,3.6313746
2012-07-01,mecklenburg_vorpommern,53.75589973083183,12.537751191830678,793.8258,77.95222,209.49922,17.473858,22.459187,12.902423,3.3358574
2012-08-01,mecklenburg_vorpommern,53.75589973083183,12.537751191830678,477.28064,77.17582,188.5656,17.76073,23.19154,12.598069,2.9344833
2012-09-01,mecklenburg_vorpommern,53.75589973083183,12.537751191830678,395.00998,79.44784,123.92906,13.892686,18.77014,9.540513,3.5564075
2012-10-01,mecklenburg_vorpommern,53.75589973083183,12.537751191830678,563.9613,85.21171,68.58642,9.00348,12.923659,5.607167,3.322989
2012-11-01,mecklenburg_vorpommern,53.75589973083183,12.537751191830678,383.41333,89.18725,27.116613,5.411473,7.675878,3.031248,3.6617174
2012-12-01,mecklenburg_vorpommern,53.75589973083183,12.537751191830678,574.14514,89.99268,16.587654,0.08522005,2.2915366,-2.5658479,3.8887515
2013-01-01,mecklenburg_vorpommern,53.75589973083183,12.537751191830678,763.0839,88.72916,19.575905,0.37303206,2.2824166,-1.9815934,3.742753
2013-02-01,mecklenburg_vorpommern,53.75589973083183,12.537751191830678,455.0893,90.24771,36.15815,-0.057908487,1.7046885,-2.0095913,3.4334142
2013-03-01,mecklenburg_vorpommern,53.75589973083183,12.537751191830678,263.50323,78.32901,104.9226,-0.97983307,2.4222932,-4.502554,3.803463
2013-04-01,mecklenburg_vorpommern,53.75589973083183,12.537751191830678,242.49667,75.14233,161.44356,7.359629,11.9247055,2.6627932,3.6571975
2013-05-01,mecklenburg_vorpommern,53.75589973083183,12.537751191830678,837.429,77.2311,196.7813,13.185947,17.98185,8.317746,3.2484157
2013-06-01,mecklenburg_vorpommern,53.75589973083183,12.537751191830678,747.49,76.57745,231.02034,15.827782,20.761332,10.41064,3.3527899
2013-07-01,mecklenburg_vorpommern,53.75589973083183,12.537751191830678,375.36456,73.81742,248.28777,19.048746,24.526123,13.273461,2.8106883
2013-08-01,mecklenburg_vorpommern,53.75589973083183,12.537751191830678,340.0,74.32605,196.92622,18.23144,23.869808,12.745063,2.8810303
2013-09-01,mecklenburg_vorpommern,53.75589973083183,12.537751191830678,747.25,83.88707,112.21618,13.007421,17.387625,8.774682,2.8600764
2013-10-01,mecklenburg_vorpommern,53.75589973083183,12.537751191830678,557.7064,84.30704,65.71792,10.958676,14.547942,7.158549,3.66527
2013-11-01,mecklenburg_vorpommern,53.75589973083183,12.537751191830678,514.9533,88.86977,29.92673,5.471193,7.930886,2.87346,3.7121208
2013-12-01,mecklenburg_vorpommern,53.75589973083183,12.537751191830678,364.8355,85.59369,16.86695,4.5092435,6.5589247,2.0738595,4.6083236
2014-01-01,mecklenburg_vorpommern,53.75589973083183,12.537751191830678,386.42578,88.0864,20.606823,0.19828919,2.217209,-2.0206175,4.192188
2014-02-01,mecklenburg_vorpommern,53.75589973083183,12.537751191830678,257.68216,83.35382,56.916588,4.4562645,8.12349,1.1172558,3.762633
2014-03-01,mecklenburg_vorpommern,53.75589973083183,12.537751191830678,155.87743,81.286705,109.547264,6.5794525,11.427265,2.0653274,3.6067393
2014-04-01,mecklenburg_vorpommern,53.75589973083183,12.537751191830678,413.65002,79.120964,165.05952,9.947346,14.958045,5.114053,3.5215275
2014-05-01,mecklenburg_vorpommern,53.75589973083183,12.537751191830678,454.4516,77.156296,202.4878,12.591704,17.192207,7.6586537,3.58877
2014-06-01,mecklenburg_vorpommern,53.75589973083183,12.537751191830678,845.5333,75.43424,225.76527,15.621366,20.792452,10.178353,3.0444162
2014-07-01,mecklenburg_vorpommern,53.75589973083183,12.537751191830678,716.83875,75.17813,239.46675,20.179531,25.746359,15.0037985,3.1073422
2014-08-01,mecklenburg_vorpommern,53.75589973083183,12.537751191830678,650.48065,76.84941,185.58994,16.609016,21.726952,11.879577,3.2825353
2014-09-01,mecklenburg_vorpommern,53.75589973083183,12.537751191830678,584.26337,82.8658,131.45815,15.461922,20.015411,11.415273,2.8737059
2014-10-01,mecklenburg_vorpommern,53.75589973083183,12.537751191830678,556.6194,89.03398,61.4307,12.078905,15.368707,8.995762,2.925147
2014-11-01,mecklenburg_vorpommern,53.75589973083183,12.537751191830678,107.76667,89.40801,28.212778,6.7626557,8.822372,4.64286,3.274432
2014-12-01,mecklenburg_vorpommern,53.75589973083183,12.537751191830678,985.3613,89.44744,16.075542,2.592958,4.493624,0.22125115,4.459148
2015-01-01,mecklenburg_vorpommern,53.75589973083183,12.537751191830678,782.4678,88.255005,21.290941,2.7257786,4.656142,0.5262744,4.6191654
2015-02-01,mecklenburg_vorpommern,53.75589973083183,12.537751191830678,132.4643,86.070435,51.985962,1.5123197,4.336581,-1.254782,3.7005484
2015-03-01,mecklenburg_vorpommern,53.75589973083183,12.537751191830678,526.6677,78.95084,97.39729,5.2937846,9.294991,1.5723941,4.130114
2015-04-01,mecklenburg_vorpommern,53.75589973083183,12.537751191830678,286.47665,73.92325,183.22227,8.070713,13.300107,2.8990035,3.9456084
2015-05-01,mecklenburg_vorpommern,53.75589973083183,12.537751191830678,435.7258,75.07831,208.41823,11.33573,16.572819,5.483535,3.6094186
2015-06-01,mecklenburg_vorpommern,53.75589973083183,12.537751191830678,387.70334,73.0076,216.74634,14.858074,19.93197,9.268891,3.3378704
2015-07-01,mecklenburg_vorpommern,53.75589973083183,12.537751191830678,714.5903,73.19958,219.96815,17.809343,23.09866,12.237641,3.5863674
2015-08-01,mecklenburg_vorpommern,53.75589973083183,12.537751191830678,588.7742,73.079185,207.93353,19.430475,25.46268,13.577019,2.952001
2015-09-01,mecklenburg_vorpommern,53.75589973083183,12.537751191830678,442.93332,82.51164,128.93813,13.57678,18.28899,9.332929,3.2020426
2015-10-01,mecklenburg_vorpommern,53.75589973083183,12.537751191830678,489.2,85.8369,67.399055,8.502896,12.180787,5.0505977,2.670518
2015-11-01,mecklenburg_vorpommern,53.75589973083183,12.537751191830678,951.68,88.32507,29.232906,7.3058615,9.775857,4.731115,4.3537407
2015-12-01,mecklenburg_vorpommern,53.75589973083183,12.537751191830678,370.4,84.994896,19.779037,6.8691735,8.988153,4.2883334,4.8115335
2016-01-01,mecklenburg_vorpommern,53.75589973083183,12.537751191830678,424.00647,86.93925,23.826237,-0.68927443,1.7177471,-3.3113644,3.669486
2016-02-01,mecklenburg_vorpommern,53.75589973083183,12.537751191830678,609.52765,85.767624,47.968052,3.2905803,6.168497,0.66008264,4.288823
2016-03-01,mecklenburg_vorpommern,53.75589973083183,12.537751191830678,262.84192,84.1453,88.573944,4.2014194,8.00197,0.8057044,3.2890804
2016-04-01,mecklenburg_vorpommern,53.75589973083183,12.537751191830678,310.81335,74.11368,161.52588,7.8240504,12.672751,3.2716978,3.6940942
2016-05-01,mecklenburg_vorpommern,53.75589973083183,12.537751191830678,298.14517,71.1617,235.23602,14.457853,20.116774,8.855553,3.335379
2016-06-01,mecklenburg_vorpommern,53.75589973083183,12.537751191830678,654.0167,74.731316,213.89851,17.602892,22.784224,12.16905,2.9682035
2016-07-01,mecklenburg_vorpommern,53.75589973083183,12.537751191830678,635.1355,75.133514,201.323,18.35955,23.415058,13.425806,3.1169415
2016-08-01,mecklenburg_vorpommern,53.75589973083183,12.537751191830678,388.26453,76.26518,181.53345,17.420559,22.80003,12.386091,3.2925527
2016-09-01,mecklenburg_vorpommern,53.75589973083183,12.537751191830678,142.77,74.8907,146.36412,17.067936,22.950148,11.495707,2.6575997
2016-10-01,mecklenburg_vorpommern,53.75589973083183,12.537751191830678,529.7484,88.090706,47.442234,8.680095,11.194777,5.862167,3.1649468
2016-11-01,mecklenburg_vorpommern,53.75589973083183,12.537751191830678,465.66336,86.94711,31.754845,3.7108657,6.8157463,0.6750766,3.360602
2016-12-01,mecklenburg_vorpommern,53.75589973083183,12.537751191830678,529.842,88.59616,18.996805,3.6074667,5.7687654,1.1656818,3.9135988
2017-01-01,mecklenburg_vorpommern,53.75589973083183,12.537751191830678,459.95807,87.75007,26.027208,-0.34666392,1.7940637,-2.6728928,3.3975632
2017-02-01,mecklenburg_vorpommern,53.75589973083183,12.537751191830678,399.0393,82.51127,42.500454,1.690446,4.129719,-0.71152204,3.9767904
2017-03-01,mecklenburg_vorpommern,53.75589973083183,12.537751191830678,467.1484,79.7819,101.50293,6.2315855,10.647844,2.1136587,3.6376276
2017-04-01,mecklenburg_vorpommern,53.75589973083183,12.537751191830678,516.4867,77.30158,151.32481,7.1489844,11.36779,3.022954,4.084939
2017-05-01,mecklenburg_vorpommern,53.75589973083183,12.537751191830678,562.171,75.69769,217.82263,13.432252,18.396475,8.382459,3.1917596
2017-06-01,mecklenburg_vorpommern,53.75589973083183,12.537751191830678,1332.2434,77.00636,221.07466,16.544521,21.205654,11.665548,3.6752229
2017-07-01,mecklenburg_vorpommern,53.75589973083183,12.537751191830678,1287.5645,80.42648,188.04102,16.945396,21.691029,12.295745,2.9745984
2017-08-01,mecklenburg_vorpommern,53.75589973083183,12.537751191830678,520.8903,77.17185,185.08894,17.660877,22.751604,12.415944,3.1197534
2017-09-01,mecklenburg_vorpommern,53.75589973083183,12.537751191830678,428.76,82.96208,114.103195,13.595204,17.951263,9.879847,3.1887422
2017-10-01,mecklenburg_vorpommern,53.75589973083183,12.537751191830678,1112.2678,86.694145,58.51015,11.494461,14.259797,8.963626,4.2288747
2017-11-01,mecklenburg_vorpommern,53.75589973083183,12.537751191830678,633.19336,89.075066,27.009054,5.783224,7.9569526,3.3214474,3.784083
2017-12-01,mecklenburg_vorpommern,53.75589973083183,12.537751191830678,443.62582,87.96222,16.559828,3.4990094,5.488664,1.5083541,4.61411
2018-01-01,mecklenburg_vorpommern,53.75589973083183,12.537751191830678,762.1483,87.04507,20.33134,2.8258371,4.7023897,0.6770978,3.923235
2018-02-01,mecklenburg_vorpommern,53.75589973083183,12.537751191830678,121.17857,82.34201,61.60543,-1.4764411,1.6788373,-4.5213447,2.9109612
2018-03-01,mecklenburg_vorpommern,53.75589973083183,12.537751191830678,690.1968,79.63959,91.54107,0.73731726,4.1092877,-2.5891922,3.5395713
2018-04-01,mecklenburg_vorpommern,53.75589973083183,12.537751191830678,410.66,75.52293,178.87657,10.847588,16.208658,5.5588255,3.5856144
2018-05-01,mecklenburg_vorpommern,53.75589973083183,12.537751191830678,105.54193,67.94541,242.9693,15.80521,22.03374,8.979824,3.0214217
2018-06-01,mecklenburg_vorpommern,53.75589973083183,12.537751191830678,289.22665,69.98278,211.40181,17.673431,23.199343,11.986181,3.2899902
2018-07-01,mecklenburg_vorpommern,53.75589973083183,12.537751191830678,376.85165,67.37893,233.19704,20.277952,26.169407,13.993363,2.982598
2018-08-01,mecklenburg_vorpommern,53.75589973083183,12.537751191830678,386.80322,67.09369,199.15181,19.80145,25.685768,14.101157,3.1663716
2018-09-01,mecklenburg_vorpommern,53.75589973083183,12.537751191830678,193.40668,72.22538,138.74557,15.474072,21.125309,10.203009,3.2924466
2018-10-01,mecklenburg_vorpommern,53.75589973083183,12.537751191830678,245.84195,77.74229,81.34329,10.9672165,15.925286,6.2899637,3.5854993
2018-11-01,mecklenburg_vorpommern,53.75589973083183,12.537751191830678,105.09334,85.95979,32.293182,5.2424974,7.941291,2.4446676,3.1351752
2018-12-01,mecklenburg_vorpommern,53.75589973083183,12.537751191830678,567.03546,88.41503,14.026487,4.4498744,6.3283467,2.5832648,3.9150648
2019-01-01,mecklenburg_vorpommern,53.75589973083183,12.537751191830678,518.2774,85.69848,24.31341,1.4877295,3.4605522,-0.85809636,4.0402694
2019-02-01,mecklenburg_vorpommern,53.75589973083183,12.537751191830678,269.8643,79.21086,57.91054,4.5208135,8.247069,0.97452193,3.7235224
2019-03-01,mecklenburg_vorpommern,53.75589973083183,12.537751191830678,515.05804,80.358635,83.093575,6.384963,9.710612,2.8546574,4.8066354
2019-04-01,mecklenburg_vorpommern,53.75589973083183,12.537751191830678,139.80334,67.364655,200.5475,9.35316,15.204541,3.582181,3.4656324
2019-05-01,mecklenburg_vorpommern,53.75589973083183,12.537751191830678,359.1129,73.20212,201.92519,11.367442,16.253937,6.0733604,3.7031887
2019-06-01,mecklenburg_vorpommern,53.75589973083183,12.537751191830678,755.27,68.57567,226.16975,19.936049,26.251232,13.390196,3.1716833
2019-07-01,mecklenburg_vorpommern,53.75589973083183,12.537751191830678,500.55807,71.93743,203.93651,18.206697,23.374952,13.096599,3.452344
2019-08-01,mecklenburg_vorpommern,53.75589973083183,12.537751191830678,374.76776,71.66332,192.70555,19.356937,25.255089,13.739253,2.7948089
2019-09-01,mecklenburg_vorpommern,53.75589973083183,12.537751191830678,756.65,78.232635,118.974754,14.371752,18.771566,10.123083,3.427796
2019-10-01,mecklenburg_vorpommern,53.75589973083183,12.537751191830678,628.1484,85.452385,66.18138,10.528631,14.365504,6.976322,3.1790445
2019-11-01,mecklenburg_vorpommern,53.75589973083183,12.537751191830678,669.2867,90.02398,25.960917,5.8808618,8.106716,3.4928029,3.2050776
2019-12-01,mecklenburg_vorpommern,53.75589973083183,12.537751191830678,340.24194,86.17237,20.186438,4.1695504,6.312219,1.6197908,3.7304447
2020-01-01,mecklenburg_vorpommern,53.75589973083183,12.537751191830678,430.49677,87.8119,24.91817,4.632608,6.80185,1.9310615,4.1914163
2020-02-01,mecklenburg_vorpommern,53.75589973083183,12.537751191830678,836.3828,81.0581,46.87617,5.491274,8.062942,2.8181117,5.290476
2020-03-01,mecklenburg_vorpommern,53.75589973083183,12.537751191830678,362.82904,72.59928,122.47089,4.9063325,9.200378,0.5216356,3.8920343
2020-04-01,mecklenburg_vorpommern,53.75589973083183,12.537751191830678,143.27,64.15805,222.87263,9.043913,14.859959,2.7147892,3.6785667
2020-05-01,mecklenburg_vorpommern,53.75589973083183,12.537751191830678,218.62259,69.44427,233.40637,11.530296,16.671185,5.7285886,3.635191
2020-06-01,mecklenburg_vorpommern,53.75589973083183,12.537751191830678,706.23,72.907196,247.59532,17.16919,22.514555,11.729785,3.2106528
2020-07-01,mecklenburg_vorpommern,53.75589973083183,12.537751191830678,593.129,74.78033,216.99258,16.70242,21.6359,11.694039,3.3246496
2020-08-01,mecklenburg_vorpommern,53.75589973083183,12.537751191830678,611.02905,72.01912,214.97845,19.958582,25.870148,14.142323,2.8620052
2020-09-01,mecklenburg_vorpommern,53.75589973083183,12.537751191830678,538.04004,78.28579,147.83089,14.640892,20.507448,9.156453,2.7240806
2020-10-01,mecklenburg_vorpommern,53.75589973083183,12.537751191830678,590.2065,86.220924,67.61826,10.979589,14.090624,8.001423,3.580685
2020-11-01,mecklenburg_vorpommern,53.75589973083183,12.537751191830678,98.63667,88.11723,34.61704,7.080182,9.467977,4.5842505,3.752572
2020-12-01,mecklenburg_vorpommern,53.75589973083183,12.537751191830678,512.88385,88.5818,17.99495,3.1086726,4.8616805,1.2328682,3.6177337
2021-01-01,mecklenburg_vorpommern,53.75589973083183,12.537751191830678,602.06775,88.50324,23.704216,1.088383,2.9931638,-0.92579824,3.347973
2021-02-01,mecklenburg_vorpommern,53.75589973083183,12.537751191830678,361.50357,81.537125,67.974785,0.91643655,4.4894667,-2.7306287,3.4114795
2021-03-01,mecklenburg_vorpommern,53.75589973083183,12.537751191830678,403.64517,78.61712,110.03452,4.6954904,9.139438,0.5287045,3.754929
2021-04-01,mecklenburg_vorpommern,53.75589973083183,12.537751191830678,292.24667,72.386086,184.12608,5.847049,10.475002,1.2995174,4.062741
2021-05-01,mecklenburg_vorpommern,53.75589973083183,12.537751191830678,626.5742,77.14654,195.54149,11.143547,15.771503,6.7132044,3.6772609
2021-06-01,mecklenburg_vorpommern,53.75589973083183,12.537751191830678,497.05667,69.55044,278.47595,19.08166,24.796026,12.618507,2.7115424
2021-07-01,mecklenburg_vorpommern,53.75589973083183,12.537751191830678,795.3323,75.95757,232.34732,19.681225,24.731527,14.830581,2.9011486
2021-08-01,mecklenburg_vorpommern,53.75589973083183,12.537751191830678,872.871,79.08111,180.16788,16.664986,21.305916,12.286808,3.4630935
2021-09-01,mecklenburg_vorpommern,53.75589973083183,12.537751191830678,419.87335,82.97057,132.39297,15.326204,19.499493,11.476065,2.9823341
2021-10-01,mecklenburg_vorpommern,53.75589973083183,12.537751191830678,567.17096,82.51769,81.56766,10.627544,14.376975,6.98691,3.5804925
2021-11-01,mecklenburg_vorpommern,53.75589973083183,12.537751191830678,602.88336,88.51606,33.018425,6.71317,8.522343,4.7727427,3.7211561
2021-12-01,mecklenburg_vorpommern,53.75589973083183,12.537751191830678,453.12903,88.98861,16.125425,1.6679553,3.609437,-0.6045275,3.6598713
2022-01-01,mecklenburg_vorpommern,53.75589973083183,12.537751191830678,377.52902,86.2498,22.763887,3.6513224,5.47319,1.5020828,4.6739078
2022-02-01,mecklenburg_vorpommern,53.75589973083183,12.537751191830678,1039.275,82.65516,54.134983,4.5935993,7.661415,1.6041284,5.3416
2022-03-01,mecklenburg_vorpommern,53.75589973083183,12.537751191830678,7.6774197,68.247826,149.05719,4.452796,9.952273,-0.550537,3.1071594
2022-04-01,mecklenburg_vorpommern,53.75589973083183,12.537751191830678,303.27,71.612816,186.75708,7.1929617,12.149547,2.1813543,4.132368
2022-05-01,mecklenburg_vorpommern,53.75589973083183,12.537751191830678,333.72583,70.03054,220.22734,13.388751,18.880932,7.669751,3.3971236
2022-06-01,mecklenburg_vorpommern,53.75589973083183,12.537751191830678,324.70667,71.038055,258.4375,17.575405,23.557018,11.333168,2.8729796
2022-07-01,mecklenburg_vorpommern,53.75589973083183,12.537751191830678,436.13226,67.55439,230.59972,18.41291,24.307219,12.440809,3.4635563
2022-08-01,mecklenburg_vorpommern,53.75589973083183,12.537751191830678,596.78064,73.510605,169.55632,20.027822,25.763002,14.022424,2.5585237
2022-09-01,mecklenburg_vorpommern,53.75589973083183,12.537751191830678,738.7033,78.272804,115.29819,13.398484,18.134436,9.265497,2.898551
2022-10-01,mecklenburg_vorpommern,53.75589973083183,12.537751191830678,142.8613,84.241394,77.984955,12.372753,16.643667,8.426787,3.0949485
2022-11-01,mecklenburg_vorpommern,53.75589973083183,12.537751191830678,148.54001,85.99207,36.626945,6.1908827,8.573368,3.6377137,3.5682464
2022-12-01,mecklenburg_vorpommern,53.75589973083183,12.537751191830678,590.04834,89.214485,15.962177,1.1201947,3.2739422,-1.4807224,3.1198502
2023-01-01,mecklenburg_vorpommern,53.75589973083183,12.537751191830678,689.0871,85.59747,19.727816,4.195485,6.233085,1.9420313,4.2197065
2023-02-01,mecklenburg_vorpommern,53.75589973083183,12.537751191830678,469.2893,83.420265,49.62586,3.0147011,5.917833,-0.11704359,3.9089983
2023-03-01,mecklenburg_vorpommern,53.75589973083183,12.537751191830678,621.7581,79.93385,90.973305,5.113789,8.867895,1.7232958,3.942981
2023-04-01,mecklenburg_vorpommern,53.75589973083183,12.537751191830678,361.07,75.36558,165.59637,7.1740217,11.674898,2.578494,3.7592254
2023-05-01,mecklenburg_vorpommern,53.75589973083183,12.537751191830678,108.63548,66.98375,245.36484,12.6306,18.277313,6.4009233,3.3589046
2023-06-01,mecklenburg_vorpommern,53.75589973083183,12.537751191830678,431.28,67.61656,269.68414,17.900978,23.96557,11.178397,2.8649256
2023-07-01,mecklenburg_vorpommern,53.75589973083183,12.537751191830678,853.53235,72.277855,214.58496,17.934465,23.377668,12.508635,3.357068
2023-08-01,mecklenburg_vorpommern,53.75589973083183,12.537751191830678,675.8871,78.61824,146.5621,18.06032,22.9736,13.550778,3.0838516
2023-09-01,mecklenburg_vorpommern,53.75589973083183,12.537751191830678,306.72333,77.23963,135.88254,17.61507,23.665562,12.119363,2.6198087
2023-10-01,mecklenburg_vorpommern,53.75589973083183,12.537751191830678,992.5935,85.541466,58.044315,11.088077,14.5861025,7.7447567,3.7519548
2023-11-01,mecklenburg_vorpommern,53.75589973083183,12.537751191830678,696.74005,85.933395,32.095207,5.517382,7.87858,2.9044442,3.829397
2023-12-01,mecklenburg_vorpommern,53.75589973083183,12.537751191830678,862.7548,87.57706,14.037205,3.5385005,5.214298,1.4287488,4.610116
2024-01-01,mecklenburg_vorpommern,53.75589973083183,12.537751191830678,612.3258,83.3361,25.377821,1.822622,4.2660837,-0.7820972,4.4908104
2024-02-01,mecklenburg_vorpommern,53.75589973083183,12.537751191830678,749.69653,85.65473,39.750576,5.762267,8.360683,3.118517,4.3328733
2024-03-01,mecklenburg_vorpommern,53.75589973083183,12.537751191830678,172.6742,81.286545,96.02493,7.026707,11.241832,3.0948641,3.2909646
2024-04-01,mecklenburg_vorpommern,53.75589973083183,12.537751191830678,680.85333,77.29872,150.22821,9.700014,14.38102,5.2117634,3.579985
2024-05-01,mecklenburg_vorpommern,53.75589973083183,12.537751191830678,843.9226,73.18158,246.35112,15.756764,21.184149,10.388006,3.1173482
2024-06-01,mecklenburg_vorpommern,53.75589973083183,12.537751191830678,870.1666,75.33341,229.10426,16.485405,21.618477,11.274125,3.1911113
2024-07-01,mecklenburg_vorpommern,53.75589973083183,12.537751191830678,647.5194,74.87063,224.52159,18.342146,23.721045,12.944724,2.9734867
2024-08-01,mecklenburg_vorpommern,53.75589973083183,12.537751191830678,299.18066,72.11042,203.15561,19.31308,25.017944,13.304025,2.8996978
2024-09-01,mecklenburg_vorpommern,53.75589973083183,12.537751191830678,580.24005,75.420395,143.27402,16.293493,21.560347,11.506922,3.250692
2024-10-01,mecklenburg_vorpommern,53.75589973083183,12.537751191830678,526.3226,86.12318,70.73596,10.796449,14.469563,7.085163,3.1620626
2024-11-01,mecklenburg_vorpommern,53.75589973083183,12.537751191830678,545.18994,87.41077,25.374228,5.7737217,7.6707144,3.4292672,3.5411506
2024-12-01,mecklenburg_vorpommern,53.75589973083183,12.537751191830678,441.00647,89.34128,14.085231,4.554287,6.3034883,2.7150838,4.2818685
2000-01-01,niedersachsen,52.76934561245927,9.171249042935456,1172.0839,86.42392,24.83496,2.8818421,4.9617777,0.40847287,4.426439
2000-02-01,niedersachsen,52.76934561245927,9.171249042935456,1562.5519,83.109985,51.41939,4.707802,7.5712657,2.0966592,4.683156
2000-03-01,niedersachsen,52.76934561245927,9.171249042935456,2155.8,85.17312,73.83517,5.681696,8.635761,2.9765272,4.5391707
2000-04-01,niedersachsen,52.76934561245927,9.171249042935456,706.49,75.05805,156.05505,10.220259,15.247115,5.266363,3.2650833
2000-05-01,niedersachsen,52.76934561245927,9.171249042935456,900.5354,69.14438,227.52872,14.733036,20.456648,9.011227,3.1700962
2000-06-01,niedersachsen,52.76934561245927,9.171249042935456,1057.8734,71.67299,218.36783,16.321472,21.274231,11.279435,3.457701
2000-07-01,niedersachsen,52.76934561245927,9.171249042935456,1979.1257,81.67044,153.37334,15.314302,19.339848,11.88412,3.1374543
2000-08-01,niedersachsen,52.76934561245927,9.171249042935456,1230.7034,77.213905,182.50328,17.002779,22.28511,12.353661,2.4885888
2000-09-01,niedersachsen,52.76934561245927,9.171249042935456,1378.3501,84.19632,104.872986,14.254469,18.51865,10.876505,3.0382078
2000-10-01,niedersachsen,52.76934561245927,9.171249042935456,927.02905,84.40259,61.710453,10.939359,14.71784,7.817114,3.731568
2000-11-01,niedersachsen,52.76934561245927,9.171249042935456,715.7967,84.77957,32.61433,7.0712667,9.745262,4.451428,4.044975
2000-12-01,niedersachsen,52.76934561245927,9.171249042935456,1090.2388,86.90498,21.99851,3.8338008,5.9570966,1.642048,4.029108
2001-01-01,niedersachsen,52.76934561245927,9.171249042935456,1048.8807,89.26096,23.98315,1.6109071,3.7030783,-0.6766422,3.1592832
2001-02-01,niedersachsen,52.76934561245927,9.171249042935456,1305.5502,84.61423,49.674595,2.6966548,5.794664,-0.31811818,3.8174176
2001-03-01,niedersachsen,52.76934561245927,9.171249042935456,1334.9065,83.44368,76.555374,3.4411154,6.556966,0.6392613,3.8166893
2001-04-01,niedersachsen,52.76934561245927,9.171249042935456,1416.7666,78.26519,136.29051,7.5400343,11.880477,3.5094695,3.5845602
2001-05-01,niedersachsen,52.76934561245927,9.171249042935456,689.53876,70.437065,236.78883,13.793494,19.286472,7.895301,3.2773926
2001-06-01,niedersachsen,52.76934561245927,9.171249042935456,2100.7168,78.120346,199.86661,14.108221,18.783203,9.530263,3.0741994
2001-07-01,niedersachsen,52.76934561245927,9.171249042935456,1289.1903,74.420296,222.64963,18.700699,23.741331,13.6869545,2.942603
2001-08-01,niedersachsen,52.76934561245927,9.171249042935456,1498.2355,76.31873,180.85448,18.517342,23.697868,13.827487,3.0150726
2001-09-01,niedersachsen,52.76934561245927,9.171249042935456,3675.8733,88.327866,90.734604,12.447617,15.962959,9.584925,3.3424647
2001-10-01,niedersachsen,52.76934561245927,9.171249042935456,769.4935,85.71896,65.48294,13.127648,16.759888,10.090874,3.6134741
2001-11-01,niedersachsen,52.76934561245927,9.171249042935456,1483.5566,88.647316,29.546446,5.5661902,8.0215845,2.9534907,3.4024856
2001-12-01,niedersachsen,52.76934561245927,9.171249042935456,2124.3516,89.80632,18.83835,1.10769,3.4523976,-1.4596183,3.6942754
2002-01-01,niedersachsen,52.76934561245927,9.171249042935456,1221.013,86.32386,24.81046,3.1254709,5.286317,0.68850416,4.3107862
2002-02-01,niedersachsen,52.76934561245927,9.171249042935456,2606.4429,79.90316,54.544697,5.730204,8.948131,2.8197327,5.359873
2002-03-01,niedersachsen,52.76934561245927,9.171249042935456,812.0065,78.29406,99.03026,5.6778135,9.831369,1.8740805,3.931185
2002-04-01,niedersachsen,52.76934561245927,9.171249042935456,1397.8567,75.66342,146.1655,8.388227,12.823257,4.021406,3.3464534
2002-05-01,niedersachsen,52.76934561245927,9.171249042935456,1242.6226,78.87414,186.45927,13.965436,18.397734,9.602329,3.0550475
2002-06-01,niedersachsen,52.76934561245927,9.171249042935456,1637.9368,76.287094,209.51274,16.838985,21.298153,12.273582,3.2565503
2002-07-01,niedersachsen,52.76934561245927,9.171249042935456,3074.5388,79.38712,176.72636,17.53706,21.931528,13.40448,3.2302396
2002-08-01,niedersachsen,52.76934561245927,9.171249042935456,2079.729,80.98898,176.41895,19.524696,24.728706,15.353968,2.2849815
2002-09-01,niedersachsen,52.76934561245927,9.171249042935456,739.6267,80.65854,127.6887,14.184331,19.059805,10.099085,2.5875554
2002-10-01,niedersachsen,52.76934561245927,9.171249042935456,2228.784,84.762314,65.93081,8.115515,11.921525,4.754771,4.0027876
2002-11-01,niedersachsen,52.76934561245927,9.171249042935456,1981.1,90.71621,28.037794,5.4553432,7.7635055,2.947622,3.1088881
2002-12-01,niedersachsen,52.76934561245927,9.171249042935456,1361.4775,87.48838,19.333624,-0.3026022,1.707534,-2.3108315,3.7011688
2003-01-01,niedersachsen,52.76934561245927,9.171249042935456,1662.9839,87.78298,22.91807,0.89929265,3.2808554,-1.9154807,3.9464471
2003-02-01,niedersachsen,52.76934561245927,9.171249042935456,397.57858,82.94956,65.94608,-0.8295553,2.8440404,-4.216628,3.1290023
2003-03-01,niedersachsen,52.76934561245927,9.171249042935456,608.78064,77.95565,113.93703,5.5597315,10.430069,1.1733023,3.1849518
2003-04-01,niedersachsen,52.76934561245927,9.171249042935456,926.3767,66.37538,178.35457,8.999365,14.395254,3.1893284,3.9157145
2003-05-01,niedersachsen,52.76934561245927,9.171249042935456,1266.3387,74.19344,205.11069,13.6502075,18.634819,8.507541,3.1514122
2003-06-01,niedersachsen,52.76934561245927,9.171249042935456,924.0634,70.05794,245.56996,18.413103,23.978128,12.205408,3.0038064
2003-07-01,niedersachsen,52.76934561245927,9.171249042935456,1109.5387,71.94159,216.05902,19.197632,24.444687,13.969024,3.05361
2003-08-01,niedersachsen,52.76934561245927,9.171249042935456,657.14197,66.153496,202.46764,19.878567,25.79348,13.853728,2.946062
2003-09-01,niedersachsen,52.76934561245927,9.171249042935456,1534.19,77.48261,142.07484,14.009371,20.03064,8.813963,2.5126214
2003-10-01,niedersachsen,52.76934561245927,9.171249042935456,1224.5518,84.89364,74.994354,6.0061445,10.473227,1.9191471,3.0071099
2003-11-01,niedersachsen,52.76934561245927,9.171249042935456,651.85333,87.14001,33.12537,7.104244,9.72438,4.620235,3.637562
2003-12-01,niedersachsen,52.76934561245927,9.171249042935456,1468.0355,86.00293,22.694883,2.9262707,5.621277,0.1458157,3.988889
2004-01-01,niedersachsen,52.76934561245927,9.171249042935456,2249.4033,87.15148,21.532515,1.3992978,3.4684794,-0.8379228,3.717055
2004-02-01,niedersachsen,52.76934561245927,9.171249042935456,1433.6172,82.66393,47.87338,3.5342076,6.367831,0.96304464,4.1536236
2004-03-01,niedersachsen,52.76934561245927,9.171249042935456,726.6581,77.85167,98.46677,4.9853563,8.8459015,1.2354084,3.9528162
2004-04-01,niedersachsen,52.76934561245927,9.171249042935456,791.30334,72.755325,164.65755,9.869615,14.897411,4.810466,3.2142675
2004-05-01,niedersachsen,52.76934561245927,9.171249042935456,1044.2838,75.65474,185.93034,11.957033,16.513687,7.240316,3.1363235
2004-06-01,niedersachsen,52.76934561245927,9.171249042935456,1593.3967,76.92245,197.29639,15.233349,19.982782,10.718119,3.3880653
2004-07-01,niedersachsen,52.76934561245927,9.171249042935456,2267.4387,79.55617,195.2276,16.415806,21.250114,11.956895,3.012448
2004-08-01,niedersachsen,52.76934561245927,9.171249042935456,1729.3743,74.82053,185.71722,18.815983,23.990118,14.113856,3.1581361
2004-09-01,niedersachsen,52.76934561245927,9.171249042935456,1448.0801,77.063126,134.5137,14.393155,19.425861,9.85685,3.5230522
2004-10-01,niedersachsen,52.76934561245927,9.171249042935456,808.21936,82.59413,70.9289,10.382236,14.123356,6.9826145,3.5207167
2004-11-01,niedersachsen,52.76934561245927,9.171249042935456,1767.0867,88.98937,30.611462,5.107103,7.9078526,2.3299713,3.3433547
2004-12-01,niedersachsen,52.76934561245927,9.171249042935456,801.371,89.16883,20.056864,2.6580138,4.7685018,0.34162366,3.4924603
2005-01-01,niedersachsen,52.76934561245927,9.171249042935456,1363.5967,84.68649,26.076845,3.6979918,5.9194455,1.3804735,4.9692464
2005-02-01,niedersachsen,52.76934561245927,9.171249042935456,1162.8145,84.63311,46.457916,0.5483883,3.0741434,-1.9170951,3.7030878
2005-03-01,niedersachsen,52.76934561245927,9.171249042935456,938.2936,79.39335,95.78302,4.3381495,8.091346,0.51863873,3.8547623
2005-04-01,niedersachsen,52.76934561245927,9.171249042935456,646.6567,69.38367,167.20265,9.782627,15.184494,4.211995,3.2551417
2005-05-01,niedersachsen,52.76934561245927,9.171249042935456,1758.9226,75.25235,203.38744,12.634026,17.630413,7.614459,3.1429048
2005-06-01,niedersachsen,52.76934561245927,9.171249042935456,963.4,72.207054,229.26921,15.77199,21.057032,10.018516,2.961507
2005-07-01,niedersachsen,52.76934561245927,9.171249042935456,2155.4453,77.53841,193.01433,18.06007,23.026062,13.444942,2.9170666
2005-08-01,niedersachsen,52.76934561245927,9.171249042935456,1407.6549,80.92313,160.04608,15.858388,20.532879,11.643775,2.9270992
2005-09-01,niedersachsen,52.76934561245927,9.171249042935456,1176.0634,79.21629,140.85335,15.275005,21.15512,10.096731,2.4589434
2005-10-01,niedersachsen,52.76934561245927,9.171249042935456,857.97095,84.36358,87.77584,11.757061,16.837305,7.538642,3.039463
2005-11-01,niedersachsen,52.76934561245927,9.171249042935456,1197.7467,88.47065,32.539913,5.5962863,8.176477,2.9082274,3.2552993
2005-12-01,niedersachsen,52.76934561245927,9.171249042935456,1413.0033,89.493675,19.801828,2.6676757,4.573942,0.3594052,3.726261
2006-01-01,niedersachsen,52.76934561245927,9.171249042935456,467.5323,86.58033,29.4662,-1.0986928,1.6499004,-3.9721012,3.113855
2006-02-01,niedersachsen,52.76934561245927,9.171249042935456,959.97864,86.79954,39.198814,0.92337805,3.2330823,-1.3544494,3.3130116
2006-03-01,niedersachsen,52.76934561245927,9.171249042935456,1376.4613,82.30439,91.40646,1.7885813,5.327241,-1.7191733,3.6206915
2006-04-01,niedersachsen,52.76934561245927,9.171249042935456,1267.72,78.75567,135.58641,8.172172,12.503491,4.204806,3.4488676
2006-05-01,niedersachsen,52.76934561245927,9.171249042935456,1513.3032,70.433395,208.50714,13.513968,18.662352,8.176491,3.8129537
2006-06-01,niedersachsen,52.76934561245927,9.171249042935456,742.12335,71.530205,232.74782,16.705688,21.979355,10.766321,2.6744077
2006-07-01,niedersachsen,52.76934561245927,9.171249042935456,796.2742,64.73291,264.77942,22.121056,28.767395,14.9800205,2.41439
2006-08-01,niedersachsen,52.76934561245927,9.171249042935456,2844.5454,82.31966,151.84743,16.267168,21.08843,12.556199,3.0209904
2006-09-01,niedersachsen,52.76934561245927,9.171249042935456,287.27335,75.87615,140.31996,17.483389,23.077162,12.549953,2.9606516
2006-10-01,niedersachsen,52.76934561245927,9.171249042935456,1079.2258,83.895775,65.916885,13.008302,16.686506,9.617472,3.4600167
2006-11-01,niedersachsen,52.76934561245927,9.171249042935456,1392.2534,85.6458,31.734232,8.103395,10.985608,4.8615246,4.024891
2006-12-01,niedersachsen,52.76934561245927,9.171249042935456,1042.1323,85.955605,18.743065,6.1706405,8.16958,4.004471,4.097126
2007-01-01,niedersachsen,52.76934561245927,9.171249042935456,2519.616,83.89774,22.86604,5.6691127,8.031553,3.0931458,5.6824465
2007-02-01,niedersachsen,52.76934561245927,9.171249042935456,1727.7965,88.006424,39.11869,4.347543,6.892996,1.7922958,3.7744532
2007-03-01,niedersachsen,52.76934561245927,9.171249042935456,1282.7935,77.03174,111.76495,7.173791,11.7727995,2.9013846,4.167964
2007-04-01,niedersachsen,52.76934561245927,9.171249042935456,70.630005,65.442604,197.8477,11.704616,17.830566,5.1305137,3.366698
2007-05-01,niedersachsen,52.76934561245927,9.171249042935456,2439.9001,74.51148,203.87868,13.86028,18.973015,8.3996935,3.2463017
2007-06-01,niedersachsen,52.76934561245927,9.171249042935456,1907.5,78.08001,199.12547,17.632105,22.487078,12.955377,2.9946315
2007-07-01,niedersachsen,52.76934561245927,9.171249042935456,2478.6387,78.34619,190.0733,17.140606,21.810526,12.785394,3.3719673
2007-08-01,niedersachsen,52.76934561245927,9.171249042935456,1607.3324,78.839676,173.88185,17.056578,21.918356,12.251281,2.9482236
2007-09-01,niedersachsen,52.76934561245927,9.171249042935456,2076.48,82.22984,110.93143,13.476025,17.419783,9.802079,3.509284
2007-10-01,niedersachsen,52.76934561245927,9.171249042935456,892.429,85.551895,68.42767,8.921171,12.748718,5.0065994,2.4359918
2007-11-01,niedersachsen,52.76934561245927,9.171249042935456,1845.5201,87.90609,28.724892,5.312854,7.6580405,2.8371365,3.8863513
2007-12-01,niedersachsen,52.76934561245927,9.171249042935456,1315.5742,87.65528,19.2049,3.0105774,4.8533688,1.0502117,3.7075129
2008-01-01,niedersachsen,52.76934561245927,9.171249042935456,2306.8098,84.84017,21.245428,5.059925,7.1821966,2.5998206,4.833838
2008-02-01,niedersachsen,52.76934561245927,9.171249042935456,981.6655,80.793175,55.658634,4.4516845,7.962681,1.0729645,3.6540349
2008-03-01,niedersachsen,52.76934561245927,9.171249042935456,1731.871,78.91977,92.99251,4.86228,8.273153,1.5423325,4.7270865
2008-04-01,niedersachsen,52.76934561245927,9.171249042935456,1012.1268,77.539505,145.02484,7.9129825,12.4247055,3.369401,3.161199
2008-05-01,niedersachsen,52.76934561245927,9.171249042935456,369.52258,66.32569,245.2902,14.539566,20.404451,7.9396677,2.7875295
2008-06-01,niedersachsen,52.76934561245927,9.171249042935456,905.5,68.116974,241.69984,16.836699,22.566235,10.743965,3.0209956
2008-07-01,niedersachsen,52.76934561245927,9.171249042935456,2337.0,74.43014,202.92372,18.26913,23.575363,13.061861,3.1346111
2008-08-01,niedersachsen,52.76934561245927,9.171249042935456,1931.4033,78.08517,159.07983,17.365122,21.93476,13.099384,3.3170557
2008-09-01,niedersachsen,52.76934561245927,9.171249042935456,909.97003,80.53395,115.18642,13.122132,17.87715,8.567409,2.8669698
2008-10-01,niedersachsen,52.76934561245927,9.171249042935456,1549.2582,86.25133,64.42162,9.721205,13.3372345,6.290131,3.3447084
2008-11-01,niedersachsen,52.76934561245927,9.171249042935456,1199.48,88.57981,25.308014,5.986889,8.185238,3.5939288,3.82535
2008-12-01,niedersachsen,52.76934561245927,9.171249042935456,444.78064,90.02428,20.40908,1.8218249,3.7877543,-0.3037148,3.1522243
2009-01-01,niedersachsen,52.76934561245927,9.171249042935456,708.18066,86.69163,28.211529,-0.40977815,2.1193633,-3.33657,3.199155
2009-02-01,niedersachsen,52.76934561245927,9.171249042935456,1334.5215,88.90859,37.06825,1.8353117,4.13662,-0.48057327,3.3495271
2009-03-01,niedersachsen,52.76934561245927,9.171249042935456,1399.7032,83.629074,85.025375,5.1910114,8.580699,1.6717732,3.5957658
2009-04-01,niedersachsen,52.76934561245927,9.171249042935456,380.47668,70.243385,196.1044,12.389705,18.555737,6.1082335,2.9710684
2009-05-01,niedersachsen,52.76934561245927,9.171249042935456,995.3097,71.06664,223.4805,13.460158,18.98323,7.638366,3.4392073
2009-06-01,niedersachsen,52.76934561245927,9.171249042935456,1296.2334,74.93716,212.2103,14.68005,19.690231,9.56624,3.3335247
2009-07-01,niedersachsen,52.76934561245927,9.171249042935456,2037.4968,75.27815,213.65013,18.130331,23.446667,12.827021,3.1314437
2009-08-01,niedersachsen,52.76934561245927,9.171249042935456,549.8871,70.29552,197.76535,18.631077,24.719164,12.458178,2.7874746
2009-09-01,niedersachsen,52.76934561245927,9.171249042935456,738.85,78.07613,126.3601,14.80372,20.204779,9.779522,3.0405226
2009-10-01,niedersachsen,52.76934561245927,9.171249042935456,1701.3839,85.28316,63.426235,8.495759,11.883915,4.9507885,3.3787005
2009-11-01,niedersachsen,52.76934561245927,9.171249042935456,2130.1736,85.303375,26.288269,8.617094,10.807253,6.2982626,4.2257338
2009-12-01,niedersachsen,52.76934561245927,9.171249042935456,1544.0969,89.61482,19.68538,0.82957,3.0252616,-1.7723812,3.4156902
2010-01-01,niedersachsen,52.76934561245927,9.171249042935456,773.30963,89.15305,20.445242,-3.232485,-1.292014,-5.7008467,3.5021458
2010-02-01,niedersachsen,52.76934561245927,9.171249042935456,1138.9285,87.21318,39.037136,-0.4375688,2.1020255,-3.2902288,3.7092211
2010-03-01,niedersachsen,52.76934561245927,9.171249042935456,1270.7614,79.720245,97.65529,4.939642,8.880924,0.87687176,3.743979
2010-04-01,niedersachsen,52.76934561245927,9.171249042935456,454.21335,69.09767,180.6317,9.037355,14.46167,3.4758134,3.5314968
2010-05-01,niedersachsen,52.76934561245927,9.171249042935456,1378.3774,77.9922,162.79176,10.126899,14.305481,5.757687,3.307613
2010-06-01,niedersachsen,52.76934561245927,9.171249042935456,548.55664,71.29499,246.08301,16.117992,21.836765,9.640088,2.8580782
2010-07-01,niedersachsen,52.76934561245927,9.171249042935456,966.829,65.92123,241.20947,20.725613,26.97424,14.001031,2.7714212
2010-08-01,niedersachsen,52.76934561245927,9.171249042935456,2951.0776,80.99159,147.58907,16.842955,21.39108,12.600621,3.0155056
2010-09-01,niedersachsen,52.76934561245927,9.171249042935456,2086.9565,83.75905,109.94008,13.018877,17.036541,9.205173,3.1707604
2010-10-01,niedersachsen,52.76934561245927,9.171249042935456,910.0322,84.84722,71.27825,9.187705,12.908407,5.537842,3.5472791
2010-11-01,niedersachsen,52.76934561245927,9.171249042935456,1799.12,89.52438,23.667198,4.796655,6.8289943,2.4392262,3.558848
2010-12-01,niedersachsen,52.76934561245927,9.171249042935456,1216.4259,90.8097,17.53678,-3.6802104,-1.3417203,-6.693472,3.4060447
2011-01-01,niedersachsen,52.76934561245927,9.171249042935456,1143.0452,89.7746,23.63612,2.0481646,4.097884,-0.09700586,3.343643
2011-02-01,niedersachsen,52.76934561245927,9.171249042935456,901.53577,80.501045,47.55869,1.7842379,4.3062396,-0.7193386,4.431838
2011-03-01,niedersachsen,52.76934561245927,9.171249042935456,196.94516,77.342964,114.505035,4.659505,9.591017,-0.027531866,3.1243849
2011-04-01,niedersachsen,52.76934561245927,9.171249042935456,477.31998,67.55262,190.35504,12.008854,18.077717,5.6395745,3.4588554
2011-05-01,niedersachsen,52.76934561245927,9.171249042935456,630.49677,65.60808,227.14359,13.778311,19.636072,7.451346,3.5086386
2011-06-01,niedersachsen,52.76934561245927,9.171249042935456,1891.2201,74.59126,220.42038,16.504835,21.878216,10.790626,3.2231183
2011-07-01,niedersachsen,52.76934561245927,9.171249042935456,1314.2258,78.04583,167.53462,16.243893,20.577734,12.00339,3.5600567
2011-08-01,niedersachsen,52.76934561245927,9.171249042935456,2386.1257,81.14744,158.4531,17.302464,22.139534,12.814531,3.2048314
2011-09-01,niedersachsen,52.76934561245927,9.171249042935456,1055.1633,80.80858,125.42284,15.258328,20.337862,10.386872,3.0668528
2011-10-01,niedersachsen,52.76934561245927,9.171249042935456,1184.2839,83.888245,79.32797,10.10497,14.849691,5.5817523,3.390499
2011-11-01,niedersachsen,52.76934561245927,9.171249042935456,50.513336,88.41543,37.08275,5.24543,8.345398,2.375365,3.220075
2011-12-01,niedersachsen,52.76934561245927,9.171249042935456,2737.2422,87.68923,17.503544,4.9288025,7.0951867,2.8353987,5.155777
2012-01-01,niedersachsen,52.76934561245927,9.171249042935456,2355.6516,87.23205,26.06092,2.891135,5.042185,0.5994041,4.595796
2012-02-01,niedersachsen,52.76934561245927,9.171249042935456,457.34137,83.61573,50.854652,-0.6208643,2.4296198,-4.06323,3.7380314
2012-03-01,niedersachsen,52.76934561245927,9.171249042935456,259.03226,80.18063,103.58968,7.428575,11.662109,3.366875,3.5778568
2012-04-01,niedersachsen,52.76934561245927,9.171249042935456,756.7999,74.958115,141.98239,8.134767,12.603479,3.753209,3.5691228
2012-05-01,niedersachsen,52.76934561245927,9.171249042935456,981.9678,69.99042,213.76341,14.237134,19.495255,8.54959,3.2219536
2012-06-01,niedersachsen,52.76934561245927,9.171249042935456,1437.0533,77.44344,182.26485,14.670479,19.100296,9.890947,3.308124
2012-07-01,niedersachsen,52.76934561245927,9.171249042935456,1925.4451,78.024506,203.10371,17.10033,22.254356,12.001209,3.0636506
2012-08-01,niedersachsen,52.76934561245927,9.171249042935456,1057.5161,74.327614,189.34406,18.2639,23.910784,12.719364,2.762089
2012-09-01,niedersachsen,52.76934561245927,9.171249042935456,888.8934,79.93093,121.23169,13.688979,18.656609,8.948559,3.0757542
2012-10-01,niedersachsen,52.76934561245927,9.171249042935456,1363.1129,85.149765,69.28477,9.396594,13.474174,5.7964163,3.2002637
2012-11-01,niedersachsen,52.76934561245927,9.171249042935456,708.43005,88.120155,29.13259,5.771417,8.349983,2.9151628,3.4237885
2012-12-01,niedersachsen,52.76934561245927,9.171249042935456,1833.4419,88.8048,17.6785,2.5375483,4.888098,0.028851971,3.964472
2013-01-01,niedersachsen,52.76934561245927,9.171249042935456,1228.6742,88.8198,19.258783,0.7699722,2.6540656,-1.6725914,3.875348
2013-02-01,niedersachsen,52.76934561245927,9.171249042935456,877.1107,86.90943,38.21935,0.31957003,2.323358,-1.785716,3.350994
2013-03-01,niedersachsen,52.76934561245927,9.171249042935456,469.63547,77.76356,98.30285,-0.15305579,3.2625158,-3.572944,3.972217
2013-04-01,niedersachsen,52.76934561245927,9.171249042935456,618.77,72.86448,152.19937,7.9303093,12.829508,2.777663,3.545272
2013-05-01,niedersachsen,52.76934561245927,9.171249042935456,2376.3098,79.76467,172.23778,12.031581,16.53554,7.4782295,3.1387403
2013-06-01,niedersachsen,52.76934561245927,9.171249042935456,1402.69,75.51395,212.43486,15.442327,20.332802,10.247732,3.587584
2013-07-01,niedersachsen,52.76934561245927,9.171249042935456,698.9419,74.239204,238.56096,18.898796,24.895061,12.725346,2.5109324
2013-08-01,niedersachsen,52.76934561245927,9.171249042935456,866.07416,72.61074,189.20316,18.060284,23.844934,11.950884,2.7923024
2013-09-01,niedersachsen,52.76934561245927,9.171249042935456,1531.7968,84.121765,105.61301,13.535674,17.788822,9.578895,3.0423114
2013-10-01,niedersachsen,52.76934561245927,9.171249042935456,1379.629,83.53614,67.233406,11.369306,15.098761,7.5681043,3.697519
2013-11-01,niedersachsen,52.76934561245927,9.171249042935456,1545.5299,89.32617,29.696655,5.532156,8.048558,2.9939902,3.3882358
2013-12-01,niedersachsen,52.76934561245927,9.171249042935456,1072.1904,85.844,19.768442,5.034054,7.3979087,2.4460242,4.4196587
2014-01-01,niedersachsen,52.76934561245927,9.171249042935456,865.90967,87.45699,24.277277,2.4523423,4.745862,0.06437589,4.2022
2014-02-01,niedersachsen,52.76934561245927,9.171249042935456,681.2321,80.65779,56.065742,5.42441,8.846382,1.9934055,4.265176
2014-03-01,niedersachsen,52.76934561245927,9.171249042935456,361.65808,78.538315,115.198944,7.2402997,12.75515,2.1637442,3.3469784
2014-04-01,niedersachsen,52.76934561245927,9.171249042935456,1058.4233,79.20373,156.26874,11.304776,16.5325,6.130902,3.2115133
2014-05-01,niedersachsen,52.76934561245927,9.171249042935456,2077.1646,77.59832,189.5078,12.68753,17.37934,7.8764834,3.2914302
2014-06-01,niedersachsen,52.76934561245927,9.171249042935456,1340.24,76.55336,215.10132,15.631254,20.852049,10.328195,2.924566
2014-07-01,niedersachsen,52.76934561245927,9.171249042935456,2016.2452,75.22721,223.44089,19.817684,25.527575,14.35883,2.7323823
2014-08-01,niedersachsen,52.76934561245927,9.171249042935456,1447.5902,78.079155,175.98125,16.129673,21.347492,11.266481,3.1619415
2014-09-01,niedersachsen,52.76934561245927,9.171249042935456,521.19,83.87442,121.66125,15.630489,20.458393,11.0512705,2.6263444
2014-10-01,niedersachsen,52.76934561245927,9.171249042935456,1173.3162,87.12342,65.23408,12.672714,16.369099,9.232878,3.0879683
2014-11-01,niedersachsen,52.76934561245927,9.171249042935456,447.17334,88.72782,33.09894,7.2003126,9.719529,4.6488323,3.2940564
2014-12-01,niedersachsen,52.76934561245927,9.171249042935456,1827.9161,88.801994,16.35602,3.4167776,5.3722267,1.1977409,4.614849
2015-01-01,niedersachsen,52.76934561245927,9.171249042935456,1754.5388,87.39123,22.354479,3.0221946,5.06377,0.90719694,4.6373096
2015-02-01,niedersachsen,52.76934561245927,9.171249042935456,655.1679,86.266754,54.316704,2.1763735,5.1036916,-0.635745,3.6393876
2015-03-01,niedersachsen,52.76934561245927,9.171249042935456,1346.2355,79.518974,97.6692,5.654157,9.79672,1.8063776,4.115168
2015-04-01,niedersachsen,52.76934561245927,9.171249042935456,744.96,73.54458,183.31699,8.254346,13.922029,2.515305,3.483219
2015-05-01,niedersachsen,52.76934561245927,9.171249042935456,772.0161,72.61553,201.03195,11.661485,17.04443,5.7666035,3.6130364
2015-06-01,niedersachsen,52.76934561245927,9.171249042935456,737.7467,71.79767,214.34325,15.083376,20.337841,9.016596,3.1864324
2015-07-01,niedersachsen,52.76934561245927,9.171249042935456,2284.526,75.31858,211.60355,18.238283,23.49956,12.865234,3.562476
2015-08-01,niedersachsen,52.76934561245927,9.171249042935456,2094.5225,76.00923,192.86435,19.089073,24.740173,13.407507,2.734558
2015-09-01,niedersachsen,52.76934561245927,9.171249042935456,1381.1533,84.92114,118.97553,13.196933,17.739956,9.0873785,3.0770934
2015-10-01,niedersachsen,52.76934561245927,9.171249042935456,973.4871,87.9201,65.50555,8.89419,12.474282,5.442075,2.4962175
2015-11-01,niedersachsen,52.76934561245927,9.171249042935456,2668.49,86.58019,32.15568,8.446737,11.254607,5.6620955,4.620708
2015-12-01,niedersachsen,52.76934561245927,9.171249042935456,790.7871,84.743965,21.537086,8.26704,10.62754,5.776701,4.6710067
2016-01-01,niedersachsen,52.76934561245927,9.171249042935456,1344.0679,88.494194,24.725962,1.3376588,3.7172074,-1.4268887,4.031523
2016-02-01,niedersachsen,52.76934561245927,9.171249042935456,1750.9034,84.928085,51.307762,3.5162873,6.5391316,0.69537395,4.351506
2016-03-01,niedersachsen,52.76934561245927,9.171249042935456,742.171,82.61889,89.71615,4.546417,8.158791,1.0306923,3.4626575
2016-04-01,niedersachsen,52.76934561245927,9.171249042935456,1039.5367,75.64846,160.44215,7.972384,12.876902,3.216692,3.4816608
2016-05-01,niedersachsen,52.76934561245927,9.171249042935456,831.10974,70.711975,219.1972,14.34677,19.649654,8.727368,3.4378388
2016-06-01,niedersachsen,52.76934561245927,9.171249042935456,2330.1836,79.14642,198.41013,17.230034,22.263144,12.401445,2.8053925
2016-07-01,niedersachsen,52.76934561245927,9.171249042935456,1162.371,76.94881,199.08466,18.435728,23.466446,13.540761,3.0226727
2016-08-01,niedersachsen,52.76934561245927,9.171249042935456,785.91614,77.84197,180.33995,17.491016,23.011078,12.043703,2.9093966
2016-09-01,niedersachsen,52.76934561245927,9.171249042935456,526.17334,75.82197,146.4147,17.312664,23.35882,11.57353,2.4651663
2016-10-01,niedersachsen,52.76934561245927,9.171249042935456,934.77423,88.92762,53.32777,9.03805,12.149792,5.907598,2.8185856
2016-11-01,niedersachsen,52.76934561245927,9.171249042935456,1025.0767,87.639854,31.88455,4.158463,7.1863484,0.96898997,3.185273
2016-12-01,niedersachsen,52.76934561245927,9.171249042935456,701.5322,88.88203,21.140898,3.8222458,6.3560815,1.3090456,3.5770693
2017-01-01,niedersachsen,52.76934561245927,9.171249042935456,1259.1129,88.00583,28.254005,-0.15376824,2.2456324,-2.5161316,3.1598284
2017-02-01,niedersachsen,52.76934561245927,9.171249042935456,1119.825,83.83488,42.428173,3.1873238,5.866652,0.6123464,4.2233667
2017-03-01,niedersachsen,52.76934561245927,9.171249042935456,1148.1226,78.162346,105.562675,7.49298,11.907609,3.1094608,3.6364233
2017-04-01,niedersachsen,52.76934561245927,9.171249042935456,723.31335,75.6002,151.86339,7.520567,12.185418,2.573122,3.7268686
2017-05-01,niedersachsen,52.76934561245927,9.171249042935456,985.5548,74.29019,208.3512,14.315297,19.639462,8.74243,3.1667717
2017-06-01,niedersachsen,52.76934561245927,9.171249042935456,2175.4133,74.80801,213.28165,17.10602,22.44402,11.410861,3.3234248
2017-07-01,niedersachsen,52.76934561245927,9.171249042935456,2823.374,79.12299,189.6404,17.467285,22.403202,12.750625,2.916458
2017-08-01,niedersachsen,52.76934561245927,9.171249042935456,1454.8419,79.085785,173.50838,17.129572,22.32707,11.855698,2.7851841
2017-09-01,niedersachsen,52.76934561245927,9.171249042935456,1716.59,85.736885,111.6207,13.412721,17.883015,9.465056,2.842746
2017-10-01,niedersachsen,52.76934561245927,9.171249042935456,1664.7969,86.068504,61.001488,12.038518,15.216476,9.0392,4.1195297
2017-11-01,niedersachsen,52.76934561245927,9.171249042935456,1610.1068,89.61244,27.590765,6.096976,8.514582,3.5808964,3.6027653
2017-12-01,niedersachsen,52.76934561245927,9.171249042935456,1657.9904,88.70816,15.590405,3.9212778,5.7322626,2.140935,4.497313
2018-01-01,niedersachsen,52.76934561245927,9.171249042935456,1923.1162,87.40004,20.979197,3.8853939,6.0520434,1.6419258,4.3210464
2018-02-01,niedersachsen,52.76934561245927,9.171249042935456,229.73929,80.74087,66.8576,-0.98479867,2.2776632,-3.962731,3.2157145
2018-03-01,niedersachsen,52.76934561245927,9.171249042935456,888.02264,77.02612,93.26669,2.6681416,6.6496906,-1.2179196,3.9945986
2018-04-01,niedersachsen,52.76934561245927,9.171249042935456,1080.0067,73.371124,169.49475,12.047879,17.56588,6.0076404,3.5192482
2018-05-01,niedersachsen,52.76934561245927,9.171249042935456,464.56775,63.821358,238.07379,16.6533,22.85487,9.8728075,3.268629
2018-06-01,niedersachsen,52.76934561245927,9.171249042935456,697.17334,72.4523,190.06454,17.546192,22.595503,12.334862,3.1814175
2018-07-01,niedersachsen,52.76934561245927,9.171249042935456,533.7549,63.748695,234.67926,20.180296,26.974663,12.737814,2.8207598
2018-08-01,niedersachsen,52.76934561245927,9.171249042935456,820.8064,68.00571,194.92696,19.352293,25.515493,12.932709,2.9769292
2018-09-01,niedersachsen,52.76934561245927,9.171249042935456,695.8367,72.44047,137.23062,15.142913,21.121914,9.374338,3.045881
2018-10-01,niedersachsen,52.76934561245927,9.171249042935456,626.8581,79.97286,81.654305,11.237889,16.334946,6.3371816,3.2938151
2018-11-01,niedersachsen,52.76934561245927,9.171249042935456,393.5767,86.525314,35.479034,5.7813334,8.737954,2.7167253,3.378076
2018-12-01,niedersachsen,52.76934561245927,9.171249042935456,1789.5969,88.10713,16.283747,5.2050285,7.0022025,3.1462379,4.066694
2019-01-01,niedersachsen,52.76934561245927,9.171249042935456,1531.2452,86.19224,24.048695,1.9824487,4.186698,-0.5011773,4.1262608
2019-02-01,niedersachsen,52.76934561245927,9.171249042935456,558.1393,77.457954,62.019283,5.215538,9.619825,1.232761,3.510778
2019-03-01,niedersachsen,52.76934561245927,9.171249042935456,1675.7,79.82865,85.373024,7.0751534,10.634747,3.477005,4.7552614
2019-04-01,niedersachsen,52.76934561245927,9.171249042935456,595.6133,66.921104,190.10524,9.850121,15.376367,4.0298243,3.5912337
2019-05-01,niedersachsen,52.76934561245927,9.171249042935456,818.93555,73.29668,193.53621,11.303156,16.336798,5.6503496,3.4154208
2019-06-01,niedersachsen,52.76934561245927,9.171249042935456,1168.3134,68.79107,221.43275,19.34015,25.434439,12.489424,3.136794
2019-07-01,niedersachsen,52.76934561245927,9.171249042935456,756.2064,69.902885,196.72766,18.477139,23.97702,12.881464,3.0860233
2019-08-01,niedersachsen,52.76934561245927,9.171249042935456,1155.142,71.357605,190.40298,19.073364,25.210876,13.182143,2.7919142
2019-09-01,niedersachsen,52.76934561245927,9.171249042935456,1745.9568,78.40012,121.27086,14.078892,19.087711,9.0689335,3.1253698
2019-10-01,niedersachsen,52.76934561245927,9.171249042935456,2012.5872,84.976166,65.384834,11.148537,14.8729925,7.860809,3.4207106
2019-11-01,niedersachsen,52.76934561245927,9.171249042935456,1351.7433,89.46666,28.415606,5.6267843,8.174921,2.8544533,3.2172534
2019-12-01,niedersachsen,52.76934561245927,9.171249042935456,971.79034,85.21988,22.122046,4.8361597,7.2178535,2.152825,3.7954283
2020-01-01,niedersachsen,52.76934561245927,9.171249042935456,851.8968,86.90995,25.34128,4.959412,7.376673,2.2461412,4.0865903
2020-02-01,niedersachsen,52.76934561245927,9.171249042935456,2928.176,80.62164,47.05941,5.98218,8.698893,3.058507,5.576558
2020-03-01,niedersachsen,52.76934561245927,9.171249042935456,1041.8613,70.57642,123.16354,5.8045645,10.004142,1.4071157,4.1600523
2020-04-01,niedersachsen,52.76934561245927,9.171249042935456,283.78336,61.21569,223.80391,10.082173,16.442774,3.382993,3.4684334
2020-05-01,niedersachsen,52.76934561245927,9.171249042935456,475.18707,67.890396,237.18336,11.882617,17.581,5.613083,3.1886756
2020-06-01,niedersachsen,52.76934561245927,9.171249042935456,1463.2034,72.15652,247.66458,17.479597,22.735859,11.872543,2.998778
2020-07-01,niedersachsen,52.76934561245927,9.171249042935456,1303.3517,75.40253,215.0108,16.584982,21.607088,11.031367,2.9831913
2020-08-01,niedersachsen,52.76934561245927,9.171249042935456,1238.3032,71.83645,205.2344,20.14605,26.0745,14.288515,2.8675501
2020-09-01,niedersachsen,52.76934561245927,9.171249042935456,902.10333,78.0085,149.3182,14.4336605,20.385887,8.69228,2.579068
2020-10-01,niedersachsen,52.76934561245927,9.171249042935456,1523.5548,85.39218,64.25396,10.968803,14.169869,7.938939,3.7157133
2020-11-01,niedersachsen,52.76934561245927,9.171249042935456,494.58667,86.987625,39.88429,7.5331206,10.45529,4.3678966,3.5228636
2020-12-01,niedersachsen,52.76934561245927,9.171249042935456,1279.4548,89.26807,19.055323,4.3801594,6.302124,2.2545238,3.4830732
2021-01-01,niedersachsen,52.76934561245927,9.171249042935456,1386.3064,88.219826,25.235771,1.635946,3.7660553,-0.35868195,3.446716
2021-02-01,niedersachsen,52.76934561245927,9.171249042935456,1084.3536,80.695564,69.58968,1.9151506,5.747022,-1.892984,3.344729
2021-03-01,niedersachsen,52.76934561245927,9.171249042935456,1057.3291,78.03103,110.091995,5.4467244,9.913855,1.239663,3.6958914
2021-04-01,niedersachsen,52.76934561245927,9.171249042935456,838.6067,71.87051,178.55185,6.1944675,10.99299,1.450475,3.644937
2021-05-01,niedersachsen,52.76934561245927,9.171249042935456,1768.029,77.3888,195.55579,10.968403,15.502252,6.5142627,3.6337643
2021-06-01,niedersachsen,52.76934561245927,9.171249042935456,1529.3167,73.772934,262.00317,18.782148,24.09932,12.877713,2.576848
2021-07-01,niedersachsen,52.76934561245927,9.171249042935456,1441.0258,78.41259,216.55379,18.65179,23.669506,13.829844,2.8147752
2021-08-01,niedersachsen,52.76934561245927,9.171249042935456,1853.5322,81.21402,173.37267,16.578917,21.505796,12.3533,3.1283078
2021-09-01,niedersachsen,52.76934561245927,9.171249042935456,887.06335,83.24792,136.9585,15.314549,20.254438,10.65187,2.5228982
2021-10-01,niedersachsen,52.76934561245927,9.171249042935456,1189.4517,82.73453,80.54695,10.829108,14.868731,6.8571568,3.4661524
2021-11-01,niedersachsen,52.76934561245927,9.171249042935456,837.54675,89.08761,34.255043,6.4975204,8.612376,4.240193,3.2933543
2021-12-01,niedersachsen,52.76934561245927,9.171249042935456,1125.6453,89.72437,17.666939,3.2932062,5.5662637,0.8038324,3.4048429
2022-01-01,niedersachsen,52.76934561245927,9.171249042935456,1026.9355,87.57336,22.02671,4.464086,6.3809223,2.446077,4.157614
2022-02-01,niedersachsen,52.76934561245927,9.171249042935456,2729.9429,80.81394,55.65235,5.395555,8.5284195,2.2311015,5.4734015
2022-03-01,niedersachsen,52.76934561245927,9.171249042935456,271.5387,67.93059,149.32423,5.433438,11.37877,-0.24284929,2.882405
2022-04-01,niedersachsen,52.76934561245927,9.171249042935456,990.5233,70.473236,176.00446,8.137169,13.05639,3.05045,3.9124794
2022-05-01,niedersachsen,52.76934561245927,9.171249042935456,941.5871,69.73574,219.76694,13.916716,19.643425,7.779551,3.166134
2022-06-01,niedersachsen,52.76934561245927,9.171249042935456,861.2301,69.070366,255.03046,17.482145,23.500746,10.602734,2.8645875
2022-07-01,niedersachsen,52.76934561245927,9.171249042935456,844.54517,68.54837,224.35828,18.318525,24.39739,11.929482,2.9873333
2022-08-01,niedersachsen,52.76934561245927,9.171249042935456,547.3904,67.958694,185.7315,20.090511,26.833727,12.956711,2.4857268
2022-09-01,niedersachsen,52.76934561245927,9.171249042935456,1920.8066,78.590614,118.13179,13.735589,18.8968,9.089848,2.7399762
2022-10-01,niedersachsen,52.76934561245927,9.171249042935456,576.66125,84.22879,80.06591,12.7461605,17.392893,8.386536,2.9500573
2022-11-01,niedersachsen,52.76934561245927,9.171249042935456,798.37665,84.89744,39.95249,7.011282,9.978526,3.980636,3.5274274
2022-12-01,niedersachsen,52.76934561245927,9.171249042935456,1569.0548,88.63384,17.556555,2.2905462,4.7397175,-0.30417094,3.1168797
2023-01-01,niedersachsen,52.76934561245927,9.171249042935456,1883.1548,85.79634,20.115728,4.7311234,6.7157526,2.455733,4.2801037
2023-02-01,niedersachsen,52.76934561245927,9.171249042935456,1038.8322,84.18647,53.757904,4.3074155,7.5198207,1.1450882,3.508853
2023-03-01,niedersachsen,52.76934561245927,9.171249042935456,1847.5065,80.77805,88.37693,5.8366947,9.385211,2.5671327,3.9238183
2023-04-01,niedersachsen,52.76934561245927,9.171249042935456,946.21,72.741936,159.8104,8.013593,12.854401,2.9580934,3.620855
2023-05-01,niedersachsen,52.76934561245927,9.171249042935456,746.4097,71.2357,226.53827,12.794427,18.299957,6.977641,3.1461713
2023-06-01,niedersachsen,52.76934561245927,9.171249042935456,1234.4199,66.12614,262.72836,18.482105,24.69091,11.789831,2.8598037
2023-07-01,niedersachsen,52.76934561245927,9.171249042935456,2505.2483,74.643875,203.25366,17.901453,23.09868,12.857419,3.3763862
2023-08-01,niedersachsen,52.76934561245927,9.171249042935456,2099.2258,81.16193,152.61316,17.679209,22.868597,12.956938,2.7205749
2023-09-01,niedersachsen,52.76934561245927,9.171249042935456,888.73,78.98483,139.18312,17.275421,23.476715,11.516183,2.4344735
2023-10-01,niedersachsen,52.76934561245927,9.171249042935456,2783.6162,86.12224,59.70429,11.979967,15.308174,9.053423,3.5877814
2023-11-01,niedersachsen,52.76934561245927,9.171249042935456,2520.0334,87.12504,32.944798,6.355828,8.804911,3.626762,4.13422
2023-12-01,niedersachsen,52.76934561245927,9.171249042935456,3205.855,88.10648,15.180963,4.9708576,6.8041496,2.878536,4.4895988
2024-01-01,niedersachsen,52.76934561245927,9.171249042935456,1659.5905,83.04361,27.382936,2.5148478,5.058888,-0.01198016,4.4324794
2024-02-01,niedersachsen,52.76934561245927,9.171249042935456,2005.7554,85.904205,38.76411,6.951091,9.530984,4.2522383,4.267304
2024-03-01,niedersachsen,52.76934561245927,9.171249042935456,851.8323,80.39229,94.91875,7.7921476,11.819898,3.8592634,3.3335896
2024-04-01,niedersachsen,52.76934561245927,9.171249042935456,1612.6901,76.2881,147.4742,10.450253,14.854926,6.1864696,3.5900438
2024-05-01,niedersachsen,52.76934561245927,9.171249042935456,1672.3356,72.194016,221.72417,16.044437,21.384096,10.429141,2.9410238
2024-06-01,niedersachsen,52.76934561245927,9.171249042935456,1911.3434,75.47717,216.94118,16.148096,21.091875,10.901569,2.9932246
2024-07-01,niedersachsen,52.76934561245927,9.171249042935456,1910.0388,75.72889,217.1511,18.208958,23.584688,12.792273,2.8790264
2024-08-01,niedersachsen,52.76934561245927,9.171249042935456,1349.1614,75.05393,198.81169,19.213444,24.81401,13.466484,2.704543
2024-09-01,niedersachsen,52.76934561245927,9.171249042935456,1820.2168,78.82703,136.1001,15.671973,20.891827,11.143306,3.0253139
2024-10-01,niedersachsen,52.76934561245927,9.171249042935456,1132.5742,87.03814,68.19237,11.211345,15.299506,7.242885,2.8662238
2024-11-01,niedersachsen,52.76934561245927,9.171249042935456,1524.79,87.46358,27.392675,5.98349,8.361841,3.5367098,3.4407458
2024-12-01,niedersachsen,52.76934561245927,9.171249042935456,1178.5645,88.50803,14.823351,4.6639066,6.618461,2.5582623,4.112507
2000-01-01,nordrhein_westfalen,51.4804958442942,7.568935907617277,1033.542,85.729324,25.136347,2.920814,4.9816756,0.5432046,3.8278434
2000-02-01,nordrhein_westfalen,51.4804958442942,7.568935907617277,1700.8276,81.418175,54.903515,4.784677,7.878517,2.1579614,4.373863
2000-03-01,nordrhein_westfalen,51.4804958442942,7.568935907617277,1464.9905,84.37663,74.40085,6.025765,9.188844,3.21696,3.9966788
2000-04-01,nordrhein_westfalen,51.4804958442942,7.568935907617277,565.19006,71.89885,158.75041,10.493204,15.599452,5.6823535,3.1404097
2000-05-01,nordrhein_westfalen,51.4804958442942,7.568935907617277,890.7161,71.31369,207.40523,15.001995,20.265923,9.926845,2.8738108
2000-06-01,nordrhein_westfalen,51.4804958442942,7.568935907617277,889.6233,69.32675,230.34323,16.85691,22.20766,11.315075,2.9491549
2000-07-01,nordrhein_westfalen,51.4804958442942,7.568935907617277,1969.1323,83.28791,147.17789,15.008942,19.080976,11.825695,2.881409
2000-08-01,nordrhein_westfalen,51.4804958442942,7.568935907617277,942.62256,76.81309,190.22704,17.50084,22.920189,12.82539,2.185257
2000-09-01,nordrhein_westfalen,51.4804958442942,7.568935907617277,1237.05,84.31455,104.111565,15.005421,19.220549,11.830324,2.6145139
2000-10-01,nordrhein_westfalen,51.4804958442942,7.568935907617277,940.97095,83.47882,63.937244,10.824693,14.36502,7.9329066,3.578428
2000-11-01,nordrhein_westfalen,51.4804958442942,7.568935907617277,737.54,82.46059,33.426754,7.3366814,9.821364,4.9593616,4.098064
2000-12-01,nordrhein_westfalen,51.4804958442942,7.568935907617277,836.3613,83.05126,23.41065,4.605454,6.8331523,2.5421586,4.000253
2001-01-01,nordrhein_westfalen,51.4804958442942,7.568935907617277,1106.6775,85.575356,28.956112,2.3038573,4.878678,-0.37211978,3.2583334
2001-02-01,nordrhein_westfalen,51.4804958442942,7.568935907617277,1216.6536,81.65051,51.81228,3.8030975,6.91449,0.96963066,3.4655986
2001-03-01,nordrhein_westfalen,51.4804958442942,7.568935907617277,1358.042,83.82418,69.78151,4.835761,7.947835,2.089156,3.4848237
2001-04-01,nordrhein_westfalen,51.4804958442942,7.568935907617277,1338.9067,77.41674,133.59676,7.6152754,11.689793,3.8107326,3.4373527
2001-05-01,nordrhein_westfalen,51.4804958442942,7.568935907617277,481.05484,67.794495,229.73189,14.660688,20.058153,8.942566,3.1825418
2001-06-01,nordrhein_westfalen,51.4804958442942,7.568935907617277,1374.96,73.09578,199.94672,14.788434,19.781471,9.94242,2.7407491
2001-07-01,nordrhein_westfalen,51.4804958442942,7.568935907617277,785.3774,71.43711,215.90395,18.823183,23.912256,13.789296,2.8899164
2001-08-01,nordrhein_westfalen,51.4804958442942,7.568935907617277,849.18713,72.648994,184.63039,18.907183,24.389511,13.900451,2.7409956
2001-09-01,nordrhein_westfalen,51.4804958442942,7.568935907617277,2191.9167,86.44216,87.29191,12.260372,15.837091,9.5178585,3.3357704
2001-10-01,nordrhein_westfalen,51.4804958442942,7.568935907617277,751.72253,82.03621,69.86651,13.643256,17.685217,10.424607,3.2993195
2001-11-01,nordrhein_westfalen,51.4804958442942,7.568935907617277,1503.6866,88.128456,33.02774,5.224929,7.872961,2.5611105,2.8524663
2001-12-01,nordrhein_westfalen,51.4804958442942,7.568935907617277,1323.671,87.73333,21.231514,1.5609778,3.871358,-0.90462947,3.4744751
2002-01-01,nordrhein_westfalen,51.4804958442942,7.568935907617277,1043.2904,83.35061,28.806746,3.2224212,5.579467,0.7471143,3.9554377
2002-02-01,nordrhein_westfalen,51.4804958442942,7.568935907617277,2429.1072,78.11659,53.924522,6.1973376,9.308696,3.2531962,5.2926836
2002-03-01,nordrhein_westfalen,51.4804958442942,7.568935907617277,772.3678,75.04477,103.305176,6.3806725,10.821464,2.2067082,3.4022257
2002-04-01,nordrhein_westfalen,51.4804958442942,7.568935907617277,938.3967,71.82389,153.9103,8.756063,13.448363,4.1864,3.2743785
2002-05-01,nordrhein_westfalen,51.4804958442942,7.568935907617277,905.8032,75.63045,182.11485,13.7484255,18.279045,9.240659,2.8820298
2002-06-01,nordrhein_westfalen,51.4804958442942,7.568935907617277,1043.21,72.5191,209.56636,17.238037,22.134548,12.090674,2.8138661
2002-07-01,nordrhein_westfalen,51.4804958442942,7.568935907617277,1804.3225,77.67793,174.0106,17.380445,21.954777,13.241774,2.8463902
2002-08-01,nordrhein_westfalen,51.4804958442942,7.568935907617277,1393.9258,81.54874,163.25345,18.525387,23.420404,14.57987,2.0506735
2002-09-01,nordrhein_westfalen,51.4804958442942,7.568935907617277,674.36005,80.01677,124.29342,13.547019,18.390696,9.594093,2.313799
2002-10-01,nordrhein_westfalen,51.4804958442942,7.568935907617277,1394.6549,82.966675,64.71018,9.003563,12.626561,5.758614,3.6304755
2002-11-01,nordrhein_westfalen,51.4804958442942,7.568935907617277,1569.5532,87.95285,30.460773,7.3667645,9.788476,4.73202,2.9024951
2002-12-01,nordrhein_westfalen,51.4804958442942,7.568935907617277,1459.3645,86.036156,19.846027,2.2242541,4.5613203,0.038297154,3.2909086
2003-01-01,nordrhein_westfalen,51.4804958442942,7.568935907617277,1450.2839,84.801445,26.992174,1.2411176,3.7426434,-1.481697,3.8574805
2003-02-01,nordrhein_westfalen,51.4804958442942,7.568935907617277,405.55356,75.7271,73.50753,0.50093776,4.950559,-3.4814696,2.9058447
2003-03-01,nordrhein_westfalen,51.4804958442942,7.568935907617277,582.68713,72.5583,122.35477,7.052483,12.266872,2.436788,2.9455085
2003-04-01,nordrhein_westfalen,51.4804958442942,7.568935907617277,754.19666,64.31207,178.23915,9.35046,14.80029,3.677629,3.4810243
2003-05-01,nordrhein_westfalen,51.4804958442942,7.568935907617277,970.08716,73.14124,195.73236,13.815476,18.721119,8.968213,2.9711134
2003-06-01,nordrhein_westfalen,51.4804958442942,7.568935907617277,898.2167,69.79481,246.78806,18.948114,24.743128,12.75335,2.5737429
2003-07-01,nordrhein_westfalen,51.4804958442942,7.568935907617277,994.36127,69.855675,216.06934,19.113173,24.483896,13.734102,2.7302866
2003-08-01,nordrhein_westfalen,51.4804958442942,7.568935907617277,529.8742,65.76685,205.1254,20.32321,26.548107,14.115488,2.3465817
2003-09-01,nordrhein_westfalen,51.4804958442942,7.568935907617277,995.9133,75.40229,145.54883,14.179921,20.458357,8.934047,2.2344148
2003-10-01,nordrhein_westfalen,51.4804958442942,7.568935907617277,1307.0452,84.07857,71.460396,6.6022625,10.574095,2.9997315,3.0137384
2003-11-01,nordrhein_westfalen,51.4804958442942,7.568935907617277,619.22,83.788994,37.49917,7.7237253,10.690448,4.942163,3.3335924
2003-12-01,nordrhein_westfalen,51.4804958442942,7.568935907617277,1167.4,83.8854,25.180527,3.141687,6.13418,0.3174179,3.6911433
2004-01-01,nordrhein_westfalen,51.4804958442942,7.568935907617277,1748.1322,84.861145,22.893497,2.0331001,4.1199455,-0.29429522,3.9835148
2004-02-01,nordrhein_westfalen,51.4804958442942,7.568935907617277,1053.7035,82.56446,47.929787,3.5771334,6.2589297,1.0825398,3.959925
2004-03-01,nordrhein_westfalen,51.4804958442942,7.568935907617277,583.2161,77.08935,104.788895,5.0120106,9.243118,0.9095859,3.4392173
2004-04-01,nordrhein_westfalen,51.4804958442942,7.568935907617277,890.2867,72.55071,162.6666,9.987245,14.921522,4.986138,2.9760273
2004-05-01,nordrhein_westfalen,51.4804958442942,7.568935907617277,1009.3452,74.01673,185.72195,11.754261,16.44643,6.640841,2.6294718
2004-06-01,nordrhein_westfalen,51.4804958442942,7.568935907617277,934.08673,76.26105,202.4103,15.360356,20.182838,10.407665,2.9722598
2004-07-01,nordrhein_westfalen,51.4804958442942,7.568935907617277,1598.071,77.92869,194.26991,16.566078,21.564383,12.050948,2.7788346
2004-08-01,nordrhein_westfalen,51.4804958442942,7.568935907617277,1674.2936,74.754616,180.27159,18.67203,23.988947,14.133113,3.0049205
2004-09-01,nordrhein_westfalen,51.4804958442942,7.568935907617277,1151.0533,76.57868,136.03047,14.560582,19.51986,10.017952,3.2947083
2004-10-01,nordrhein_westfalen,51.4804958442942,7.568935907617277,603.71936,80.779854,73.3732,10.858759,14.718448,7.371799,3.2795222
2004-11-01,nordrhein_westfalen,51.4804958442942,7.568935907617277,1522.8334,89.60476,31.645805,4.9088287,7.6597285,2.139102,3.0375085
2004-12-01,nordrhein_westfalen,51.4804958442942,7.568935907617277,740.6871,88.522285,22.92773,1.7419932,4.3276777,-1.013168,2.9475033
2005-01-01,nordrhein_westfalen,51.4804958442942,7.568935907617277,1248.7678,84.10919,29.321922,3.556118,5.9748635,1.0987769,4.5229416
2005-02-01,nordrhein_westfalen,51.4804958442942,7.568935907617277,1277.9393,84.01596,50.47838,0.5464812,3.1446648,-1.9687073,3.311264
2005-03-01,nordrhein_westfalen,51.4804958442942,7.568935907617277,775.98065,78.90673,94.785904,5.7119284,9.484229,2.1073606,3.3817153
2005-04-01,nordrhein_westfalen,51.4804958442942,7.568935907617277,1016.43335,73.13796,154.88963,10.019345,14.909526,5.0684147,2.8084512
2005-05-01,nordrhein_westfalen,51.4804958442942,7.568935907617277,1156.1742,72.94572,200.26494,12.768754,17.926456,7.4500074,2.8986685
2005-06-01,nordrhein_westfalen,51.4804958442942,7.568935907617277,979.7633,69.41965,231.8331,16.570635,21.993458,10.616165,2.557709
2005-07-01,nordrhein_westfalen,51.4804958442942,7.568935907617277,1313.0161,76.12248,197.37129,17.886456,23.119085,13.003562,2.7980309
2005-08-01,nordrhein_westfalen,51.4804958442942,7.568935907617277,1235.5645,80.53607,162.71472,15.63781,20.653662,11.104027,2.576314
2005-09-01,nordrhein_westfalen,51.4804958442942,7.568935907617277,852.20337,78.580315,143.75917,15.443251,21.114433,10.501271,2.2859426
2005-10-01,nordrhein_westfalen,51.4804958442942,7.568935907617277,728.9678,81.74731,90.132034,12.522929,17.49532,8.397333,2.9240522
2005-11-01,nordrhein_westfalen,51.4804958442942,7.568935907617277,982.76666,87.96855,35.057823,5.5583057,8.08786,2.9529335,3.225715
2005-12-01,nordrhein_westfalen,51.4804958442942,7.568935907617277,938.05804,89.11636,19.553654,2.5068398,4.363327,0.41274518,3.4624145
2006-01-01,nordrhein_westfalen,51.4804958442942,7.568935907617277,383.85483,83.78939,35.44452,-0.31078997,2.6311126,-3.3843017,2.8251643
2006-02-01,nordrhein_westfalen,51.4804958442942,7.568935907617277,1191.0428,86.31746,40.507614,0.9109921,3.2248015,-1.2621485,3.2746565
2006-03-01,nordrhein_westfalen,51.4804958442942,7.568935907617277,1234.729,80.28081,97.11477,2.6750543,6.2755113,-0.59680206,3.5517864
2006-04-01,nordrhein_westfalen,51.4804958442942,7.568935907617277,913.92993,76.05038,142.02737,8.238914,12.706368,3.8207216,3.2439756
2006-05-01,nordrhein_westfalen,51.4804958442942,7.568935907617277,1645.6838,70.52009,196.6284,13.712923,18.49357,8.670281,3.653084
2006-06-01,nordrhein_westfalen,51.4804958442942,7.568935907617277,592.38666,69.68812,238.56584,16.865671,22.249252,10.85828,2.4772382
2006-07-01,nordrhein_westfalen,51.4804958442942,7.568935907617277,700.3258,63.843678,262.53647,22.296055,28.947655,15.61941,2.4053931
2006-08-01,nordrhein_westfalen,51.4804958442942,7.568935907617277,1911.6903,83.306046,144.00534,15.513506,20.226278,11.874057,2.9010012
2006-09-01,nordrhein_westfalen,51.4804958442942,7.568935907617277,319.46335,77.01961,140.9619,17.58315,23.067917,12.597456,2.5746741
2006-10-01,nordrhein_westfalen,51.4804958442942,7.568935907617277,804.6839,82.27617,71.69973,13.307144,17.0892,9.73107,3.4157865
2006-11-01,nordrhein_westfalen,51.4804958442942,7.568935907617277,1205.54,85.42078,34.87294,8.192043,11.063567,4.938955,3.8768055
2006-12-01,nordrhein_westfalen,51.4804958442942,7.568935907617277,946.81616,85.12208,20.791897,5.5214024,7.63818,3.2585385,3.939932
2007-01-01,nordrhein_westfalen,51.4804958442942,7.568935907617277,1764.4904,83.47005,24.328726,5.7221136,8.074295,3.1185498,5.2290835
2007-02-01,nordrhein_westfalen,51.4804958442942,7.568935907617277,1423.4965,85.97008,42.07564,5.2614574,8.089994,2.5022511,3.4619007
2007-03-01,nordrhein_westfalen,51.4804958442942,7.568935907617277,991.7065,76.28471,111.36201,6.9612436,11.55873,2.5376291,3.7269871
2007-04-01,nordrhein_westfalen,51.4804958442942,7.568935907617277,17.13667,61.495506,211.46532,12.514777,19.01395,5.389449,2.7606685
2007-05-01,nordrhein_westfalen,51.4804958442942,7.568935907617277,1916.7839,73.94498,193.58057,14.191051,18.953354,9.080304,3.255241
2007-06-01,nordrhein_westfalen,51.4804958442942,7.568935907617277,1449.2633,78.55138,195.23877,17.255823,22.10368,12.699836,2.8201005
2007-07-01,nordrhein_westfalen,51.4804958442942,7.568935907617277,1700.7161,75.45881,193.19391,17.03157,21.808874,12.416887,3.37119
2007-08-01,nordrhein_westfalen,51.4804958442942,7.568935907617277,2035.5774,78.17815,172.54189,16.545618,21.337885,11.804473,2.657145
2007-09-01,nordrhein_westfalen,51.4804958442942,7.568935907617277,1465.2067,82.33519,111.51904,13.021626,17.326698,9.059006,2.9296863
2007-10-01,nordrhein_westfalen,51.4804958442942,7.568935907617277,608.4,85.434456,72.03489,9.222225,13.178196,5.484852,2.2319436
2007-11-01,nordrhein_westfalen,51.4804958442942,7.568935907617277,1446.5934,86.99921,27.911413,5.3536134,7.6936073,2.9012809,3.5764399
2007-12-01,nordrhein_westfalen,51.4804958442942,7.568935907617277,1111.2871,85.63205,23.422499,2.8938818,5.2205153,0.57916754,3.6512742
2008-01-01,nordrhein_westfalen,51.4804958442942,7.568935907617277,1275.7517,82.87603,24.84851,5.2163596,7.423855,2.7525637,4.690651
2008-02-01,nordrhein_westfalen,51.4804958442942,7.568935907617277,821.39655,78.280365,62.43318,4.389986,8.450511,0.6890461,3.421132
2008-03-01,nordrhein_westfalen,51.4804958442942,7.568935907617277,1300.9452,78.7976,89.37656,4.901997,8.366313,1.7055782,4.4517794
2008-04-01,nordrhein_westfalen,51.4804958442942,7.568935907617277,907.59,76.095985,139.23787,7.885052,12.446798,3.3396053,2.955257
2008-05-01,nordrhein_westfalen,51.4804958442942,7.568935907617277,676.9613,67.85336,226.80646,15.082911,20.641027,9.01568,2.5966914
2008-06-01,nordrhein_westfalen,51.4804958442942,7.568935907617277,897.68,72.83051,231.89313,16.470087,22.029161,10.871588,2.7075775
2008-07-01,nordrhein_westfalen,51.4804958442942,7.568935907617277,1456.3419,75.998795,198.68079,17.70337,23.03749,12.503289,2.838679
2008-08-01,nordrhein_westfalen,51.4804958442942,7.568935907617277,1270.4935,76.864265,161.31798,17.309504,22.074156,13.012342,3.144306
2008-09-01,nordrhein_westfalen,51.4804958442942,7.568935907617277,850.75336,80.435425,114.89818,12.688843,17.404844,7.9501925,2.782885
2008-10-01,nordrhein_westfalen,51.4804958442942,7.568935907617277,898.1033,86.388466,66.7423,9.51537,13.4436455,5.830791,2.9463
2008-11-01,nordrhein_westfalen,51.4804958442942,7.568935907617277,837.08,88.4091,28.212019,5.8712277,8.3674965,3.1131124,3.458492
2008-12-01,nordrhein_westfalen,51.4804958442942,7.568935907617277,610.48065,88.88144,23.146662,1.5336844,3.7942338,-0.86272466,2.9222088
2009-01-01,nordrhein_westfalen,51.4804958442942,7.568935907617277,567.2871,84.0231,34.777267,-0.9708105,2.2665634,-4.6183734,2.9924023
2009-02-01,nordrhein_westfalen,51.4804958442942,7.568935907617277,1179.6001,87.45813,38.529636,2.1266165,4.683409,-0.4948356,3.257295
2009-03-01,nordrhein_westfalen,51.4804958442942,7.568935907617277,1312.5774,81.518555,88.52168,5.154187,8.89208,1.3406562,3.4459395
2009-04-01,nordrhein_westfalen,51.4804958442942,7.568935907617277,506.69333,72.31362,183.19653,12.447927,18.144245,6.587433,2.601495
2009-05-01,nordrhein_westfalen,51.4804958442942,7.568935907617277,617.51294,72.25465,208.13867,13.768809,19.155169,7.7783437,3.0341744
2009-06-01,nordrhein_westfalen,51.4804958442942,7.568935907617277,982.6666,74.36442,207.39531,15.046096,20.226345,9.772922,2.792185
2009-07-01,nordrhein_westfalen,51.4804958442942,7.568935907617277,1517.8484,74.28512,212.12837,17.987513,23.32583,12.735048,3.000269
2009-08-01,nordrhein_westfalen,51.4804958442942,7.568935907617277,501.82257,71.05962,201.05084,18.449186,24.480309,12.182858,2.4533215
2009-09-01,nordrhein_westfalen,51.4804958442942,7.568935907617277,630.49335,80.367584,123.357,14.635654,19.77175,9.783223,2.6867807
2009-10-01,nordrhein_westfalen,51.4804958442942,7.568935907617277,1346.8774,84.62898,64.78846,9.172719,12.981639,5.079166,3.025091
2009-11-01,nordrhein_westfalen,51.4804958442942,7.568935907617277,1748.6566,83.2664,29.35737,8.850655,11.122848,6.2834086,4.359981
2009-12-01,nordrhein_westfalen,51.4804958442942,7.568935907617277,1311.513,87.21342,21.169409,1.4150237,3.7382934,-1.2895837,3.474253
2010-01-01,nordrhein_westfalen,51.4804958442942,7.568935907617277,702.93555,89.096054,23.137737,-2.0173016,-0.12423888,-4.463962,3.0270426
2010-02-01,nordrhein_westfalen,51.4804958442942,7.568935907617277,1024.9036,85.956406,40.2432,0.72018546,3.399344,-2.112594,3.621801
2010-03-01,nordrhein_westfalen,51.4804958442942,7.568935907617277,910.72253,77.19896,100.823425,5.1077414,9.180889,1.2099808,3.6530714
2010-04-01,nordrhein_westfalen,51.4804958442942,7.568935907617277,187.86002,66.486176,183.08934,9.276024,14.964017,3.0403824,3.1807914
2010-05-01,nordrhein_westfalen,51.4804958442942,7.568935907617277,1001.78394,77.436615,159.21068,10.1768,14.651553,5.506695,2.860645
2010-06-01,nordrhein_westfalen,51.4804958442942,7.568935907617277,335.57,68.51982,249.35904,16.587534,22.498756,9.985618,2.5835404
2010-07-01,nordrhein_westfalen,51.4804958442942,7.568935907617277,951.04517,65.688416,240.04292,20.506516,26.951118,13.844412,2.5726793
2010-08-01,nordrhein_westfalen,51.4804958442942,7.568935907617277,2668.5354,80.74077,150.63258,16.529018,21.250013,12.236487,2.892117
2010-09-01,nordrhein_westfalen,51.4804958442942,7.568935907617277,1096.33,83.518135,112.01694,12.757526,17.002672,8.66564,2.7829885
2010-10-01,nordrhein_westfalen,51.4804958442942,7.568935907617277,607.7774,83.360634,74.97974,9.258739,13.287964,5.537127,3.12841
2010-11-01,nordrhein_westfalen,51.4804958442942,7.568935907617277,1706.0266,88.847084,25.25926,5.3380527,7.4295645,3.2296975,3.4670498
2010-12-01,nordrhein_westfalen,51.4804958442942,7.568935907617277,1134.6581,90.70727,18.34043,-2.8867192,-0.6504886,-6.081596,3.107438
2011-01-01,nordrhein_westfalen,51.4804958442942,7.568935907617277,1344.9741,88.9133,26.684223,2.2500913,4.614988,-0.107750714,3.320691
2011-02-01,nordrhein_westfalen,51.4804958442942,7.568935907617277,712.5571,82.47408,47.853096,3.139387,5.884514,0.3400858,3.8168974
2011-03-01,nordrhein_westfalen,51.4804958442942,7.568935907617277,184.39679,73.595146,123.48423,5.748278,10.909874,0.73901397,2.9448307
2011-04-01,nordrhein_westfalen,51.4804958442942,7.568935907617277,411.40668,65.60398,191.70772,12.439843,18.593363,5.886762,2.9957912
2011-05-01,nordrhein_westfalen,51.4804958442942,7.568935907617277,380.0129,62.190857,233.97337,14.172582,20.306417,7.4449625,3.1932354
2011-06-01,nordrhein_westfalen,51.4804958442942,7.568935907617277,1269.86,74.41784,209.86415,16.328104,21.616762,10.993798,3.1700587
2011-07-01,nordrhein_westfalen,51.4804958442942,7.568935907617277,952.25806,75.97214,166.80197,15.746034,20.506935,11.303903,3.1558516
2011-08-01,nordrhein_westfalen,51.4804958442942,7.568935907617277,1719.0581,79.07091,164.71883,17.376928,22.56571,12.670512,2.970531
2011-09-01,nordrhein_westfalen,51.4804958442942,7.568935907617277,689.6433,79.66788,131.21883,15.613863,20.66046,10.850409,3.0508685
2011-10-01,nordrhein_westfalen,51.4804958442942,7.568935907617277,901.6968,81.85562,82.14081,10.403294,15.0815115,6.0474896,3.241435
2011-11-01,nordrhein_westfalen,51.4804958442942,7.568935907617277,43.26667,85.38891,44.90718,6.505001,10.863403,2.6127489,2.811554
2011-12-01,nordrhein_westfalen,51.4804958442942,7.568935907617277,2063.713,86.87964,18.45015,4.8998346,7.2006154,2.6875691,5.0056777
2012-01-01,nordrhein_westfalen,51.4804958442942,7.568935907617277,1765.571,86.538734,27.068102,3.2428892,5.747531,0.7984507,4.3673863
2012-02-01,nordrhein_westfalen,51.4804958442942,7.568935907617277,384.08273,80.80729,54.56173,-0.784206,2.340035,-4.0460315,3.480496
2012-03-01,nordrhein_westfalen,51.4804958442942,7.568935907617277,243.52258,77.80673,110.74574,7.951577,12.459268,3.1879454,2.9479985
2012-04-01,nordrhein_westfalen,51.4804958442942,7.568935907617277,744.9966,74.6546,140.29706,8.206147,12.648181,3.9100828,3.4996023
2012-05-01,nordrhein_westfalen,51.4804958442942,7.568935907617277,734.5387,72.018814,208.96173,14.357584,19.70614,8.670347,2.9401455
2012-06-01,nordrhein_westfalen,51.4804958442942,7.568935907617277,1348.2065,78.60092,177.44981,14.753542,19.231178,10.248007,3.0849295
2012-07-01,nordrhein_westfalen,51.4804958442942,7.568935907617277,1645.3904,76.61522,200.2195,16.977747,22.030983,12.037157,2.945897
2012-08-01,nordrhein_westfalen,51.4804958442942,7.568935907617277,589.81616,71.37889,194.38182,18.707048,24.324667,13.063131,2.7723734
2012-09-01,nordrhein_westfalen,51.4804958442942,7.568935907617277,618.15,79.219635,126.429634,13.3974495,18.75244,8.251566,2.780665
2012-10-01,nordrhein_westfalen,51.4804958442942,7.568935907617277,1131.7484,83.186455,73.17716,9.609284,13.933689,5.658555,3.0383527
2012-11-01,nordrhein_westfalen,51.4804958442942,7.568935907617277,565.8067,86.624596,30.955708,6.0638337,8.803602,3.1132207,3.3272216
2012-12-01,nordrhein_westfalen,51.4804958442942,7.568935907617277,1902.5388,88.14428,19.018288,3.534203,5.6066446,1.2043837,4.0791
2013-01-01,nordrhein_westfalen,51.4804958442942,7.568935907617277,822.22906,88.445595,20.534927,1.0340223,2.7907033,-1.2645842,3.6337998
2013-02-01,nordrhein_westfalen,51.4804958442942,7.568935907617277,790.6964,85.41936,40.21356,0.22201166,2.3274019,-1.888207,3.327133
2013-03-01,nordrhein_westfalen,51.4804958442942,7.568935907617277,481.40002,74.813614,95.58043,0.9904352,4.684983,-2.5392363,3.5383716
2013-04-01,nordrhein_westfalen,51.4804958442942,7.568935907617277,392.58334,69.9696,148.90106,8.401693,13.139847,3.4916534,3.4489577
2013-05-01,nordrhein_westfalen,51.4804958442942,7.568935907617277,1288.0613,78.97433,164.38126,11.500485,16.159466,6.7663226,3.0735579
2013-06-01,nordrhein_westfalen,51.4804958442942,7.568935907617277,1127.4867,75.0113,206.22487,15.436222,20.58661,10.020768,3.2309868
2013-07-01,nordrhein_westfalen,51.4804958442942,7.568935907617277,462.75806,73.71444,238.55673,19.118217,25.091211,12.877724,2.4010942
2013-08-01,nordrhein_westfalen,51.4804958442942,7.568935907617277,534.9065,71.333305,186.22946,18.050817,24.042011,11.788366,2.4898384
2013-09-01,nordrhein_westfalen,51.4804958442942,7.568935907617277,1348.6934,82.4358,108.74014,13.755181,18.29494,9.552115,2.8997722
2013-10-01,nordrhein_westfalen,51.4804958442942,7.568935907617277,1056.1355,82.86219,68.290764,11.533335,15.17867,7.8613462,3.455753
2013-11-01,nordrhein_westfalen,51.4804958442942,7.568935907617277,1180.3566,89.794,29.712395,5.2536383,7.7684903,2.658954,3.284581
2013-12-01,nordrhein_westfalen,51.4804958442942,7.568935907617277,821.0387,84.80998,23.928534,4.941394,7.580724,2.0787616,4.1194153
2014-01-01,nordrhein_westfalen,51.4804958442942,7.568935907617277,705.0258,85.367294,29.2923,4.3833356,6.8681583,1.7817831,3.7958379
2014-02-01,nordrhein_westfalen,51.4804958442942,7.568935907617277,674.2857,79.07253,54.17865,5.652069,8.843556,2.536523,4.458093
2014-03-01,nordrhein_westfalen,51.4804958442942,7.568935907617277,201.38065,72.962,122.24834,7.867371,13.643174,2.318591,3.1266627
2014-04-01,nordrhein_westfalen,51.4804958442942,7.568935907617277,675.1433,75.76281,153.02351,11.524047,16.751104,6.1026044,2.776343
2014-05-01,nordrhein_westfalen,51.4804958442942,7.568935907617277,1476.042,77.21948,186.5099,12.501245,17.282421,7.448632,2.9954727
2014-06-01,nordrhein_westfalen,51.4804958442942,7.568935907617277,952.8367,75.3622,216.18057,15.632094,21.077951,9.920339,2.5033922
2014-07-01,nordrhein_westfalen,51.4804958442942,7.568935907617277,2046.4612,76.74775,211.0899,19.2205,24.666468,13.92556,2.4557316
2014-08-01,nordrhein_westfalen,51.4804958442942,7.568935907617277,1578.8613,80.28823,167.58693,15.739239,20.76716,11.311095,2.9139552
2014-09-01,nordrhein_westfalen,51.4804958442942,7.568935907617277,622.23,85.082184,118.15979,15.102654,20.044807,10.427651,2.2332592
2014-10-01,nordrhein_westfalen,51.4804958442942,7.568935907617277,980.0516,86.20788,68.118866,12.641115,16.486738,8.994548,2.8492296
2014-11-01,nordrhein_westfalen,51.4804958442942,7.568935907617277,629.3767,87.49484,36.2031,7.6359944,10.461172,4.878583,2.824257
2014-12-01,nordrhein_westfalen,51.4804958442942,7.568935907617277,1241.3582,88.48621,16.30934,3.5649555,5.4261684,1.4703497,4.291199
2015-01-01,nordrhein_westfalen,51.4804958442942,7.568935907617277,1372.0806,86.1728,23.258942,2.8645022,5.121953,0.55171233,4.2588706
2015-02-01,nordrhein_westfalen,51.4804958442942,7.568935907617277,638.5571,85.31691,56.530613,2.0596573,5.1244054,-0.98022425,3.2869008
2015-03-01,nordrhein_westfalen,51.4804958442942,7.568935907617277,971.96124,79.58535,100.57501,5.5399923,9.903108,1.306031,3.6334789
2015-04-01,nordrhein_westfalen,51.4804958442942,7.568935907617277,583.43335,70.22737,184.52147,8.736956,14.423371,2.4357126,3.0378351
2015-05-01,nordrhein_westfalen,51.4804958442942,7.568935907617277,507.54193,70.25713,201.16568,12.251169,17.747055,6.392043,3.1969738
2015-06-01,nordrhein_westfalen,51.4804958442942,7.568935907617277,655.3334,69.49996,219.87158,15.667694,20.96503,9.365675,2.9651012
2015-07-01,nordrhein_westfalen,51.4804958442942,7.568935907617277,1247.6581,72.727264,213.09158,18.780024,24.214647,13.277163,3.3163514
2015-08-01,nordrhein_westfalen,51.4804958442942,7.568935907617277,1776.0452,74.60728,192.13358,19.05005,24.7164,13.376378,2.7009633
2015-09-01,nordrhein_westfalen,51.4804958442942,7.568935907617277,1195.2267,83.91423,115.244675,12.932916,17.424767,8.885901,3.0505645
2015-10-01,nordrhein_westfalen,51.4804958442942,7.568935907617277,634.9129,86.86712,65.65167,9.0306225,12.788505,5.513656,2.3009055
2015-11-01,nordrhein_westfalen,51.4804958442942,7.568935907617277,1870.92,84.90596,34.718067,8.826029,11.748978,5.951606,4.4483385
2015-12-01,nordrhein_westfalen,51.4804958442942,7.568935907617277,703.2516,83.635025,25.511156,8.478262,11.113868,5.7449393,4.144259
2016-01-01,nordrhein_westfalen,51.4804958442942,7.568935907617277,1349.0323,87.126045,26.963644,3.183623,5.5956335,0.58950037,3.8856049
2016-02-01,nordrhein_westfalen,51.4804958442942,7.568935907617277,1458.376,83.75,51.833057,3.6202767,6.6317487,0.664575,4.2723327
2016-03-01,nordrhein_westfalen,51.4804958442942,7.568935907617277,741.17426,81.3047,89.84507,4.354206,7.934834,0.9340077,3.395473
2016-04-01,nordrhein_westfalen,51.4804958442942,7.568935907617277,771.2133,73.90275,158.36674,8.213152,13.101623,3.2973914,3.3624012
2016-05-01,nordrhein_westfalen,51.4804958442942,7.568935907617277,676.371,69.9469,205.96503,14.166436,19.31773,8.664029,3.156042
2016-06-01,nordrhein_westfalen,51.4804958442942,7.568935907617277,2267.7368,81.2362,187.90886,16.802183,21.833628,12.388709,2.5452662
2016-07-01,nordrhein_westfalen,51.4804958442942,7.568935907617277,642.8871,75.70532,197.36926,18.452621,23.586416,13.394935,2.8260424
2016-08-01,nordrhein_westfalen,51.4804958442942,7.568935907617277,654.0387,75.99115,183.29794,17.808208,23.547785,12.114067,2.7994075
2016-09-01,nordrhein_westfalen,51.4804958442942,7.568935907617277,264.05667,73.39228,147.14256,17.38791,23.62368,11.511655,2.4142358
2016-10-01,nordrhein_westfalen,51.4804958442942,7.568935907617277,779.9,87.76781,58.301296,8.955551,12.477098,5.5774374,2.5714777
2016-11-01,nordrhein_westfalen,51.4804958442942,7.568935907617277,1044.2334,86.23933,32.996525,4.8332834,7.7238817,1.8866054,3.2452736
2016-12-01,nordrhein_westfalen,51.4804958442942,7.568935907617277,377.00323,87.91241,25.917345,3.6405082,6.538539,0.85423297,3.096331
2017-01-01,nordrhein_westfalen,51.4804958442942,7.568935907617277,732.35803,85.538,32.454758,-0.35817793,2.5074668,-3.2060697,3.0715337
2017-02-01,nordrhein_westfalen,51.4804958442942,7.568935907617277,1046.6179,83.34481,46.422096,4.5159135,7.5050273,1.4689342,3.8961067
2017-03-01,nordrhein_westfalen,51.4804958442942,7.568935907617277,865.3483,74.45674,110.77178,8.340258,12.932402,3.6814513,3.7080045
2017-04-01,nordrhein_westfalen,51.4804958442942,7.568935907617277,323.83667,73.15144,155.82954,7.5806303,12.657187,1.948919,3.141003
2017-05-01,nordrhein_westfalen,51.4804958442942,7.568935907617277,691.5613,72.721825,206.63719,14.808562,20.277067,8.9387865,2.733208
2017-06-01,nordrhein_westfalen,51.4804958442942,7.568935907617277,751.06,70.5059,217.37686,18.042946,23.513288,12.018621,3.1734822
2017-07-01,nordrhein_westfalen,51.4804958442942,7.568935907617277,1837.4324,75.70191,192.47093,18.172915,23.333046,13.051367,2.88207
2017-08-01,nordrhein_westfalen,51.4804958442942,7.568935907617277,1227.6097,78.67228,168.52556,17.404753,22.42223,12.340651,2.51183
2017-09-01,nordrhein_westfalen,51.4804958442942,7.568935907617277,1361.66,84.146935,113.59107,13.281322,17.948015,9.230854,2.8099585
2017-10-01,nordrhein_westfalen,51.4804958442942,7.568935907617277,951.0387,84.46781,65.10489,12.115132,15.565773,8.857116,3.818256
2017-11-01,nordrhein_westfalen,51.4804958442942,7.568935907617277,1248.7833,88.95078,30.324413,5.990681,8.566999,3.2876318,3.3201585
2017-12-01,nordrhein_westfalen,51.4804958442942,7.568935907617277,1549.729,88.29216,15.535733,3.8038876,5.68981,1.8958561,4.312208
2018-01-01,nordrhein_westfalen,51.4804958442942,7.568935907617277,1489.1581,86.50879,22.054567,4.771802,7.0446577,2.4554026,4.3764863
2018-02-01,nordrhein_westfalen,51.4804958442942,7.568935907617277,281.28217,77.28352,72.287094,-0.8825429,2.4961133,-3.932608,3.4449651
2018-03-01,nordrhein_westfalen,51.4804958442942,7.568935907617277,793.39355,76.60417,95.04587,3.8062503,8.007426,-0.2354524,3.761317
2018-04-01,nordrhein_westfalen,51.4804958442942,7.568935907617277,677.70996,70.4342,171.81087,12.741213,18.266441,6.550373,3.1943
2018-05-01,nordrhein_westfalen,51.4804958442942,7.568935907617277,737.63226,67.18679,239.93211,16.279043,22.540546,9.705232,2.8025167
2018-06-01,nordrhein_westfalen,51.4804958442942,7.568935907617277,669.32336,74.696815,193.11995,17.480623,22.66221,12.212161,2.7590363
2018-07-01,nordrhein_westfalen,51.4804958442942,7.568935907617277,309.3871,59.647266,238.89781,20.897816,27.843147,13.251206,2.4652667
2018-08-01,nordrhein_westfalen,51.4804958442942,7.568935907617277,600.76776,65.73334,200.3215,19.541044,25.956884,13.036644,2.8302598
2018-09-01,nordrhein_westfalen,51.4804958442942,7.568935907617277,576.8567,71.47143,141.86372,14.922582,21.124043,9.071833,2.6684256
2018-10-01,nordrhein_westfalen,51.4804958442942,7.568935907617277,435.27417,78.705376,85.82474,11.456781,16.638557,6.4343114,2.989502
2018-11-01,nordrhein_westfalen,51.4804958442942,7.568935907617277,326.73334,83.970665,40.36901,6.2147846,9.568551,2.8562803,3.1883333
2018-12-01,nordrhein_westfalen,51.4804958442942,7.568935907617277,1772.5322,86.86358,18.816912,4.9870634,7.1116967,2.580892,3.905971
2019-01-01,nordrhein_westfalen,51.4804958442942,7.568935907617277,1462.9452,86.720856,25.438446,1.6398493,3.887806,-0.8593497,3.932242
2019-02-01,nordrhein_westfalen,51.4804958442942,7.568935907617277,635.725,74.165764,69.45999,5.610445,10.571342,1.1477437,3.2848501
2019-03-01,nordrhein_westfalen,51.4804958442942,7.568935907617277,1432.771,77.775986,91.518616,7.143287,11.1535425,3.1390994,4.523497
2019-04-01,nordrhein_westfalen,51.4804958442942,7.568935907617277,412.95667,66.635124,184.5223,10.172785,15.62901,4.4300575,3.21466
2019-05-01,nordrhein_westfalen,51.4804958442942,7.568935907617277,890.7129,74.06862,189.32828,11.044314,16.179876,5.6224303,2.9179256
2019-06-01,nordrhein_westfalen,51.4804958442942,7.568935907617277,649.63336,66.05313,225.79298,19.46518,25.671787,12.543183,2.9165492
2019-07-01,nordrhein_westfalen,51.4804958442942,7.568935907617277,589.36127,66.90806,204.13803,18.833532,24.970293,12.519669,2.6073198
2019-08-01,nordrhein_westfalen,51.4804958442942,7.568935907617277,767.62585,69.50964,195.01952,19.016466,25.282408,12.971084,2.7172716
2019-09-01,nordrhein_westfalen,51.4804958442942,7.568935907617277,906.5167,76.47606,124.84195,14.140816,19.409924,8.956859,2.9974043
2019-10-01,nordrhein_westfalen,51.4804958442942,7.568935907617277,1432.7612,83.99307,64.67134,11.401538,15.035718,8.315104,3.4307327
2019-11-01,nordrhein_westfalen,51.4804958442942,7.568935907617277,1209.4667,88.64084,31.73462,5.485811,8.464125,2.4940526,3.140237
2019-12-01,nordrhein_westfalen,51.4804958442942,7.568935907617277,1178.113,84.15664,23.95355,4.941172,7.4175353,2.208806,3.9186957
2020-01-01,nordrhein_westfalen,51.4804958442942,7.568935907617277,661.9484,86.660194,27.93819,4.70415,7.1709566,1.9143735,3.8518205
2020-02-01,nordrhein_westfalen,51.4804958442942,7.568935907617277,2305.1965,80.139465,48.508564,6.0135555,8.86051,2.8897982,5.741531
2020-03-01,nordrhein_westfalen,51.4804958442942,7.568935907617277,994.9129,70.27996,126.17358,6.2068186,10.505006,1.8557179,4.268809
2020-04-01,nordrhein_westfalen,51.4804958442942,7.568935907617277,268.98666,59.079453,226.30492,11.13537,17.797623,3.9439712,3.1015441
2020-05-01,nordrhein_westfalen,51.4804958442942,7.568935907617277,249.91614,63.734604,243.2705,12.392503,18.551775,5.205425,2.9146504
2020-06-01,nordrhein_westfalen,51.4804958442942,7.568935907617277,1146.9467,70.4458,237.00604,17.326727,22.583466,11.779151,2.8710501
2020-07-01,nordrhein_westfalen,51.4804958442942,7.568935907617277,749.5484,72.23707,216.73236,17.129444,22.475704,11.363184,2.8700016
2020-08-01,nordrhein_westfalen,51.4804958442942,7.568935907617277,842.44196,68.901184,199.76527,20.359901,26.354446,14.558057,2.8788874
2020-09-01,nordrhein_westfalen,51.4804958442942,7.568935907617277,755.7033,73.9483,151.251,14.9042635,21.081844,8.957174,2.6253328
2020-10-01,nordrhein_westfalen,51.4804958442942,7.568935907617277,1169.9097,84.6493,59.008484,10.858356,13.826435,7.986544,3.826952
2020-11-01,nordrhein_westfalen,51.4804958442942,7.568935907617277,451.72333,85.34897,44.903027,7.671304,11.346101,3.970067,3.2821465
2020-12-01,nordrhein_westfalen,51.4804958442942,7.568935907617277,980.3742,88.477646,20.376783,4.68087,6.707622,2.3741624,3.5504396
2021-01-01,nordrhein_westfalen,51.4804958442942,7.568935907617277,1368.7871,87.905975,25.927513,1.9488683,4.0208783,-0.030626137,3.6846287
2021-02-01,nordrhein_westfalen,51.4804958442942,7.568935907617277,897.3679,78.87034,73.76288,3.2361386,7.2718806,-0.9284321,3.459719
2021-03-01,nordrhein_westfalen,51.4804958442942,7.568935907617277,806.2645,75.676926,117.60522,5.772013,10.440259,1.3373741,3.5591779
2021-04-01,nordrhein_westfalen,51.4804958442942,7.568935907617277,584.74005,71.75227,179.28375,6.136582,11.235418,0.97640735,3.2560406
2021-05-01,nordrhein_westfalen,51.4804958442942,7.568935907617277,1291.2129,75.068665,192.99152,10.9454,15.705851,6.1654444,3.6886914
2021-06-01,nordrhein_westfalen,51.4804958442942,7.568935907617277,1305.6467,73.01855,252.53983,19.001085,24.348316,13.271973,2.4883084
2021-07-01,nordrhein_westfalen,51.4804958442942,7.568935907617277,1775.5614,78.89734,204.90878,17.920227,22.862865,13.194569,2.628671
2021-08-01,nordrhein_westfalen,51.4804958442942,7.568935907617277,1151.9,81.57406,170.49866,16.403933,21.237896,12.094719,2.8897862
2021-09-01,nordrhein_westfalen,51.4804958442942,7.568935907617277,462.68,81.55611,146.07286,15.405205,20.738104,10.329955,2.3407807
2021-10-01,nordrhein_westfalen,51.4804958442942,7.568935907617277,805.7451,83.19854,82.6257,10.664345,15.070793,6.4800725,3.445149
2021-11-01,nordrhein_westfalen,51.4804958442942,7.568935907617277,634.2833,89.00154,39.067043,5.6705236,8.1803255,2.7933826,2.9365351
2021-12-01,nordrhein_westfalen,51.4804958442942,7.568935907617277,843.50323,88.59886,19.228657,4.261928,6.435206,1.8131642,3.3435292
2022-01-01,nordrhein_westfalen,51.4804958442942,7.568935907617277,1002.4646,87.88113,24.286446,3.7672753,5.767445,1.5725659,3.820319
2022-02-01,nordrhein_westfalen,51.4804958442942,7.568935907617277,1825.7178,78.85029,57.968254,5.4725947,8.7105055,2.0959175,5.5932527
2022-03-01,nordrhein_westfalen,51.4804958442942,7.568935907617277,236.9,63.149517,153.49017,6.6035953,12.651593,0.61192226,2.8824875
2022-04-01,nordrhein_westfalen,51.4804958442942,7.568935907617277,914.54004,69.57548,174.84824,8.602015,13.425761,3.5372882,3.7564993
2022-05-01,nordrhein_westfalen,51.4804958442942,7.568935907617277,675.3129,68.29854,227.77487,14.533718,20.537773,8.288629,2.9308035
2022-06-01,nordrhein_westfalen,51.4804958442942,7.568935907617277,847.76666,68.66268,254.33131,17.711233,23.755182,10.965375,2.728275
2022-07-01,nordrhein_westfalen,51.4804958442942,7.568935907617277,535.9387,65.65098,236.83316,18.825012,24.948944,12.257504,2.7460566
2022-08-01,nordrhein_westfalen,51.4804958442942,7.568935907617277,221.8613,63.395283,191.18367,20.558155,27.172194,13.315232,2.4301536
2022-09-01,nordrhein_westfalen,51.4804958442942,7.568935907617277,1600.9033,77.04937,117.543915,14.145774,19.266304,9.639341,2.7343378
2022-10-01,nordrhein_westfalen,51.4804958442942,7.568935907617277,480.6516,82.81369,82.19859,13.043697,17.875599,8.358396,2.8812637
2022-11-01,nordrhein_westfalen,51.4804958442942,7.568935907617277,763.99335,82.42187,44.948753,8.0985565,11.173022,4.9920006,3.4749033
2022-12-01,nordrhein_westfalen,51.4804958442942,7.568935907617277,1201.4773,87.31157,20.174822,2.964675,5.3093586,0.34293178,3.4094825
2023-01-01,nordrhein_westfalen,51.4804958442942,7.568935907617277,1472.1097,85.3549,21.254625,4.4562063,6.450451,2.1689224,4.5307765
2023-02-01,nordrhein_westfalen,51.4804958442942,7.568935907617277,816.64294,82.64711,58.5869,4.6621757,8.029387,1.3046833,3.5529907
2023-03-01,nordrhein_westfalen,51.4804958442942,7.568935907617277,1651.5807,79.071236,85.76242,6.2635717,9.90761,2.775369,4.0788856
2023-04-01,nordrhein_westfalen,51.4804958442942,7.568935907617277,930.34326,73.75474,148.05026,8.121113,12.802317,3.2160287,3.4967632
2023-05-01,nordrhein_westfalen,51.4804958442942,7.568935907617277,917.71295,72.90047,224.41496,13.222619,18.896866,7.244999,2.8489034
2023-06-01,nordrhein_westfalen,51.4804958442942,7.568935907617277,919.54333,61.87698,264.73154,19.153704,25.254168,12.349277,2.7789373
2023-07-01,nordrhein_westfalen,51.4804958442942,7.568935907617277,1632.7678,71.370926,199.70947,18.229168,23.54518,13.087928,3.4628627
2023-08-01,nordrhein_westfalen,51.4804958442942,7.568935907617277,1891.758,81.668335,152.1961,17.631575,22.865828,13.148541,2.7281113
2023-09-01,nordrhein_westfalen,51.4804958442942,7.568935907617277,1012.5567,77.499886,145.765,17.74098,23.688515,12.121416,2.5446439
2023-10-01,nordrhein_westfalen,51.4804958442942,7.568935907617277,1688.142,83.389175,68.304955,12.7942,16.458853,9.484091,3.5860476
2023-11-01,nordrhein_westfalen,51.4804958442942,7.568935907617277,2044.5066,86.635635,33.06954,6.616267,9.077693,4.061971,4.447821
2023-12-01,nordrhein_westfalen,51.4804958442942,7.568935907617277,2309.0225,86.68036,16.932411,5.576392,7.516888,3.4245577,4.8665967
2024-01-01,nordrhein_westfalen,51.4804958442942,7.568935907617277,1194.4323,81.480515,30.583134,2.6725414,5.3537707,-0.072863005,4.4205966
2024-02-01,nordrhein_westfalen,51.4804958442942,7.568935907617277,1602.6449,84.86801,42.021267,7.4550295,10.05292,4.860716,4.4060082
2024-03-01,nordrhein_westfalen,51.4804958442942,7.568935907617277,930.4226,79.287636,95.64371,8.3357525,12.269089,4.5506997,3.338125
2024-04-01,nordrhein_westfalen,51.4804958442942,7.568935907617277,1284.2301,75.390076,144.89441,10.423402,14.858442,6.217998,3.759616
2024-05-01,nordrhein_westfalen,51.4804958442942,7.568935907617277,1723.0806,77.57581,201.35155,15.307936,20.570078,10.19573,2.6290286
2024-06-01,nordrhein_westfalen,51.4804958442942,7.568935907617277,1284.55,74.35197,213.91043,16.112911,21.116997,10.655768,2.8686788
2024-07-01,nordrhein_westfalen,51.4804958442942,7.568935907617277,1238.5903,75.03984,214.54648,18.335314,23.607492,13.049589,2.7681603
2024-08-01,nordrhein_westfalen,51.4804958442942,7.568935907617277,1125.0259,75.46013,203.96722,19.651453,25.137503,14.36283,2.6576102
2024-09-01,nordrhein_westfalen,51.4804958442942,7.568935907617277,1231.2767,81.43382,130.40785,15.424111,20.388874,10.987413,2.9929082
2024-10-01,nordrhein_westfalen,51.4804958442942,7.568935907617277,1052.3999,87.39983,67.34591,11.631827,15.53377,7.8180056,2.8005383
2024-11-01,nordrhein_westfalen,51.4804958442942,7.568935907617277,1183.7366,87.06031,29.99199,6.032264,8.839936,3.263164,3.3739583
2024-12-01,nordrhein_westfalen,51.4804958442942,7.568935907617277,1018.63556,88.04024,17.197863,4.1838512,6.4344306,1.936775,4.0748534
2000-01-01,rheinland_pfalz,49.91020750096504,7.4353133902118635,340.3742,86.36233,28.933912,1.859217,4.1297903,-0.58979017,3.8220522
2000-02-01,rheinland_pfalz,49.91020750096504,7.4353133902118635,706.4724,83.45611,58.2275,4.242266,7.6440635,1.1974221,4.5667
2000-03-01,rheinland_pfalz,49.91020750096504,7.4353133902118635,589.69354,80.5003,86.81353,5.9658823,9.512657,2.8791149,4.393685
2000-04-01,rheinland_pfalz,49.91020750096504,7.4353133902118635,328.68668,72.42477,165.38618,10.069096,15.220874,5.2657113,3.5674295
2000-05-01,rheinland_pfalz,49.91020750096504,7.4353133902118635,688.0,75.36229,203.71924,14.566916,19.95103,9.829654,3.2115211
2000-06-01,rheinland_pfalz,49.91020750096504,7.4353133902118635,373.62,67.361755,254.04555,17.232513,22.889715,11.299947,3.035137
2000-07-01,rheinland_pfalz,49.91020750096504,7.4353133902118635,1333.8323,81.926735,169.11475,15.018312,19.563932,11.355526,3.2081444
2000-08-01,rheinland_pfalz,49.91020750096504,7.4353133902118635,488.04517,74.90782,206.6196,17.971537,23.882893,12.918417,2.4902542
2000-09-01,rheinland_pfalz,49.91020750096504,7.4353133902118635,919.5233,84.76629,118.41571,14.414446,19.007233,10.862477,2.8937428
2000-10-01,rheinland_pfalz,49.91020750096504,7.4353133902118635,560.41296,85.79492,65.32809,10.09398,13.7221575,7.194514,3.673311
2000-11-01,rheinland_pfalz,49.91020750096504,7.4353133902118635,699.61,87.61803,33.32371,6.243855,8.883758,3.8139594,4.2475553
2000-12-01,rheinland_pfalz,49.91020750096504,7.4353133902118635,552.4613,87.1168,24.33307,3.8748477,6.3261037,1.7136127,3.945766
2001-01-01,rheinland_pfalz,49.91020750096504,7.4353133902118635,709.2451,85.96111,33.299896,1.7829386,4.4911513,-0.879562,3.766378
2001-02-01,rheinland_pfalz,49.91020750096504,7.4353133902118635,573.75354,80.68537,57.402874,3.6178758,7.0365577,0.55752903,3.9664862
2001-03-01,rheinland_pfalz,49.91020750096504,7.4353133902118635,1073.4194,85.24934,74.20876,5.710144,9.014458,2.927595,3.9885025
2001-04-01,rheinland_pfalz,49.91020750096504,7.4353133902118635,734.4933,77.51444,137.8668,7.3091545,11.6331835,3.4996693,3.7554567
2001-05-01,rheinland_pfalz,49.91020750096504,7.4353133902118635,146.18387,67.39978,228.95738,15.119778,20.50376,9.64449,3.7181811
2001-06-01,rheinland_pfalz,49.91020750096504,7.4353133902118635,550.16003,71.253174,214.83781,14.923641,20.25075,9.693058,3.1000595
2001-07-01,rheinland_pfalz,49.91020750096504,7.4353133902118635,516.79675,69.62535,223.973,18.836857,24.30203,13.638674,3.3437529
2001-08-01,rheinland_pfalz,49.91020750096504,7.4353133902118635,444.97742,71.74287,196.82915,18.757896,24.487125,13.680663,3.0151231
2001-09-01,rheinland_pfalz,49.91020750096504,7.4353133902118635,817.69336,84.90563,94.12371,11.660576,15.57962,8.557832,3.6315527
2001-10-01,rheinland_pfalz,49.91020750096504,7.4353133902118635,412.80322,86.36562,76.440865,12.82133,17.065786,9.4793215,3.2917573
2001-11-01,rheinland_pfalz,49.91020750096504,7.4353133902118635,838.0267,87.200134,38.734413,3.999431,7.074635,1.1468226,3.252249
2001-12-01,rheinland_pfalz,49.91020750096504,7.4353133902118635,516.4613,85.217575,25.97089,0.57814455,3.1355627,-2.1858168,4.248177
2002-01-01,rheinland_pfalz,49.91020750096504,7.4353133902118635,357.00647,86.590164,32.47338,1.0448781,3.5333202,-1.7579609,3.9359076
2002-02-01,rheinland_pfalz,49.91020750096504,7.4353133902118635,1330.1536,79.57765,53.655632,5.6852465,8.818366,2.661639,6.132346
2002-03-01,rheinland_pfalz,49.91020750096504,7.4353133902118635,505.1742,74.58619,113.516136,6.223974,11.086701,1.9313506,3.588496
2002-04-01,rheinland_pfalz,49.91020750096504,7.4353133902118635,388.9167,69.473785,170.18915,8.783743,13.886312,3.9732642,3.9033833
2002-05-01,rheinland_pfalz,49.91020750096504,7.4353133902118635,565.6387,75.68011,186.49371,13.339456,18.09797,8.770341,3.247182
2002-06-01,rheinland_pfalz,49.91020750096504,7.4353133902118635,293.51334,69.24882,229.5825,17.835236,23.185865,12.394399,3.2127576
2002-07-01,rheinland_pfalz,49.91020750096504,7.4353133902118635,685.2742,74.10358,186.48256,17.644348,22.409393,13.0344715,3.2493455
2002-08-01,rheinland_pfalz,49.91020750096504,7.4353133902118635,705.3613,79.62846,166.1112,18.2395,23.22038,14.134004,2.4594321
2002-09-01,rheinland_pfalz,49.91020750096504,7.4353133902118635,281.77332,76.952545,136.5859,12.983375,18.221241,8.721914,2.7963996
2002-10-01,rheinland_pfalz,49.91020750096504,7.4353133902118635,874.00964,84.12214,65.95778,9.299585,12.860681,5.955051,3.994334
2002-11-01,rheinland_pfalz,49.91020750096504,7.4353133902118635,910.72,89.94443,31.328726,7.204429,9.56014,4.8263197,3.163474
2002-12-01,rheinland_pfalz,49.91020750096504,7.4353133902118635,623.0806,87.95991,20.229084,2.963606,5.2112837,0.9637176,3.7098413
2003-01-01,rheinland_pfalz,49.91020750096504,7.4353133902118635,785.3484,86.260994,30.505901,0.19001049,2.828723,-2.5040307,4.320893
2003-02-01,rheinland_pfalz,49.91020750096504,7.4353133902118635,168.96786,76.3744,79.82839,-0.31854963,4.0312366,-4.1054416,3.4514503
2003-03-01,rheinland_pfalz,49.91020750096504,7.4353133902118635,222.17097,70.54451,133.11055,7.2726016,12.936176,2.436125,3.3271847
2003-04-01,rheinland_pfalz,49.91020750096504,7.4353133902118635,287.49,62.52006,186.84215,9.361818,15.0174885,3.7553115,3.8253348
2003-05-01,rheinland_pfalz,49.91020750096504,7.4353133902118635,591.1774,72.834015,200.01022,14.145275,19.282095,9.240418,3.474513
2003-06-01,rheinland_pfalz,49.91020750096504,7.4353133902118635,378.39667,69.16873,258.6642,19.97726,26.17388,13.94304,2.800283
2003-07-01,rheinland_pfalz,49.91020750096504,7.4353133902118635,437.37744,67.05128,229.45294,19.343023,25.268936,13.694419,3.1047742
2003-08-01,rheinland_pfalz,49.91020750096504,7.4353133902118635,276.7129,61.23602,224.318,21.541313,28.597502,14.966982,2.6607132
2003-09-01,rheinland_pfalz,49.91020750096504,7.4353133902118635,360.56668,71.074,159.72806,14.276645,20.867552,8.715927,2.880339
2003-10-01,rheinland_pfalz,49.91020750096504,7.4353133902118635,500.13223,81.79762,73.45476,6.6404195,10.533466,3.216074,3.8652396
2003-11-01,rheinland_pfalz,49.91020750096504,7.4353133902118635,370.01334,86.7201,40.395123,6.6580296,9.748594,3.786306,3.6312816
2003-12-01,rheinland_pfalz,49.91020750096504,7.4353133902118635,384.45807,85.79037,27.9027,2.1379306,4.9876175,-0.34907815,4.1039243
2004-01-01,rheinland_pfalz,49.91020750096504,7.4353133902118635,787.929,86.80423,25.601496,0.97496456,3.2479267,-1.3828559,4.382301
2004-02-01,rheinland_pfalz,49.91020750096504,7.4353133902118635,273.30347,80.92796,56.04962,2.9136682,5.9577403,0.22513457,4.201125
2004-03-01,rheinland_pfalz,49.91020750096504,7.4353133902118635,273.65485,76.65716,113.45135,4.547646,9.068822,0.5288159,3.7708116
2004-04-01,rheinland_pfalz,49.91020750096504,7.4353133902118635,340.23334,71.14299,173.8,9.779572,15.098613,4.9682956,3.6239
2004-05-01,rheinland_pfalz,49.91020750096504,7.4353133902118635,498.55807,70.938515,205.95947,11.855524,16.975212,6.7274466,3.0709045
2004-06-01,rheinland_pfalz,49.91020750096504,7.4353133902118635,419.27002,71.481316,219.50597,15.789362,21.255903,10.444024,3.289901
2004-07-01,rheinland_pfalz,49.91020750096504,7.4353133902118635,596.35156,73.997406,205.222,17.153107,22.443382,12.444205,3.2423563
2004-08-01,rheinland_pfalz,49.91020750096504,7.4353133902118635,995.1581,76.645454,177.96355,18.2791,23.68648,13.846573,3.558307
2004-09-01,rheinland_pfalz,49.91020750096504,7.4353133902118635,360.50333,75.0067,142.98807,14.607725,19.73931,9.861481,3.702657
2004-10-01,rheinland_pfalz,49.91020750096504,7.4353133902118635,439.3774,84.29445,73.95345,10.439031,14.299175,6.8695264,3.5956738
2004-11-01,rheinland_pfalz,49.91020750096504,7.4353133902118635,405.56665,89.1036,33.678455,4.3927855,6.8467064,1.9396843,3.4670188
2004-12-01,rheinland_pfalz,49.91020750096504,7.4353133902118635,333.2,90.01431,24.197744,0.44239575,2.7429636,-1.8941765,3.307039
2005-01-01,rheinland_pfalz,49.91020750096504,7.4353133902118635,405.4516,84.6222,34.39313,2.2002308,4.790951,-0.31502888,4.715334
2005-02-01,rheinland_pfalz,49.91020750096504,7.4353133902118635,519.8536,83.95665,56.00813,-0.43115708,2.4208767,-3.1231835,3.667908
2005-03-01,rheinland_pfalz,49.91020750096504,7.4353133902118635,301.0645,76.53865,103.47797,5.383561,9.589092,1.3971505,3.4268882
2005-04-01,rheinland_pfalz,49.91020750096504,7.4353133902118635,582.52673,72.75777,154.10191,9.883218,15.009164,5.0078235,3.2285743
2005-05-01,rheinland_pfalz,49.91020750096504,7.4353133902118635,568.6322,70.30251,210.33388,13.103007,18.483673,7.619972,3.3540204
2005-06-01,rheinland_pfalz,49.91020750096504,7.4353133902118635,363.29333,64.68814,246.29376,17.56086,23.3565,11.401571,2.8587778
2005-07-01,rheinland_pfalz,49.91020750096504,7.4353133902118635,527.2549,70.51633,211.17584,18.434975,24.046785,13.268918,3.2905111
2005-08-01,rheinland_pfalz,49.91020750096504,7.4353133902118635,439.5645,75.38751,179.4486,16.014044,21.247948,11.148577,3.0634458
2005-09-01,rheinland_pfalz,49.91020750096504,7.4353133902118635,426.37665,73.96026,147.10338,15.639241,21.34787,10.634623,2.789783
2005-10-01,rheinland_pfalz,49.91020750096504,7.4353133902118635,298.53226,82.93475,89.8378,11.932553,16.721014,7.9965525,3.3362207
2005-11-01,rheinland_pfalz,49.91020750096504,7.4353133902118635,342.01666,87.86785,38.263412,4.735729,7.490168,1.9515487,3.314142
2005-12-01,rheinland_pfalz,49.91020750096504,7.4353133902118635,499.53546,88.6734,21.938894,1.2510517,3.1396525,-0.9564661,3.6083698
2006-01-01,rheinland_pfalz,49.91020750096504,7.4353133902118635,189.24518,84.347145,39.375423,-1.2574979,1.4753566,-4.0403814,3.1763678
2006-02-01,rheinland_pfalz,49.91020750096504,7.4353133902118635,442.75714,84.35308,44.970676,0.5860947,3.0297894,-1.7242668,3.719381
2006-03-01,rheinland_pfalz,49.91020750096504,7.4353133902118635,634.6903,78.97435,101.04197,2.721495,6.6033697,-0.7406806,4.220878
2006-04-01,rheinland_pfalz,49.91020750096504,7.4353133902118635,360.96667,71.37418,154.6492,8.54505,13.271077,3.853916,3.413711
2006-05-01,rheinland_pfalz,49.91020750096504,7.4353133902118635,756.5387,71.1447,192.23642,13.444157,18.39942,8.451317,4.080818
2006-06-01,rheinland_pfalz,49.91020750096504,7.4353133902118635,293.36667,66.79184,255.98117,17.204996,23.050934,10.993699,2.7893698
2006-07-01,rheinland_pfalz,49.91020750096504,7.4353133902118635,255.62256,60.93007,267.26093,22.709267,29.31186,16.22794,2.8595397
2006-08-01,rheinland_pfalz,49.91020750096504,7.4353133902118635,1117.4935,80.87457,148.46945,15.188518,19.974264,11.484522,3.289638
2006-09-01,rheinland_pfalz,49.91020750096504,7.4353133902118635,236.50333,78.81979,145.2756,17.149107,22.585585,12.355801,2.8326042
2006-10-01,rheinland_pfalz,49.91020750096504,7.4353133902118635,599.7613,85.05159,78.414894,12.613551,16.707827,8.944296,3.602499
2006-11-01,rheinland_pfalz,49.91020750096504,7.4353133902118635,431.06,86.482574,38.499054,7.420603,10.575563,3.9972754,4.0006866
2006-12-01,rheinland_pfalz,49.91020750096504,7.4353133902118635,422.0,86.69724,26.458431,4.109912,6.736467,1.561976,4.0039706
2007-01-01,rheinland_pfalz,49.91020750096504,7.4353133902118635,589.28064,82.925514,27.349463,5.103366,7.3535194,2.495464,5.618576
2007-02-01,rheinland_pfalz,49.91020750096504,7.4353133902118635,779.6107,85.98349,52.180893,4.9900274,8.1767025,2.0150318,3.798985
2007-03-01,rheinland_pfalz,49.91020750096504,7.4353133902118635,527.6839,75.92531,114.54419,6.30761,10.802226,1.9910831,3.8679597
2007-04-01,rheinland_pfalz,49.91020750096504,7.4353133902118635,6.63,57.226112,236.44513,13.068309,19.901117,5.910339,2.965188
2007-05-01,rheinland_pfalz,49.91020750096504,7.4353133902118635,730.02905,70.945244,199.94087,14.57625,19.709763,9.463278,3.8928413
2007-06-01,rheinland_pfalz,49.91020750096504,7.4353133902118635,818.88,76.723625,205.6061,17.311874,22.301477,12.663332,3.3706744
2007-07-01,rheinland_pfalz,49.91020750096504,7.4353133902118635,634.69037,72.69006,205.38959,17.032436,22.118639,12.1065855,3.8932152
2007-08-01,rheinland_pfalz,49.91020750096504,7.4353133902118635,644.76776,75.19662,179.32362,16.741774,21.79008,11.821233,3.0265014
2007-09-01,rheinland_pfalz,49.91020750096504,7.4353133902118635,520.0267,79.72385,123.4916,12.617303,17.428017,8.029268,2.9299107
2007-10-01,rheinland_pfalz,49.91020750096504,7.4353133902118635,141.34193,83.14345,82.74613,9.056708,13.432724,5.134073,2.6106308
2007-11-01,rheinland_pfalz,49.91020750096504,7.4353133902118635,501.47998,86.5856,31.235638,4.165355,6.6634364,1.6486002,3.6206381
2007-12-01,rheinland_pfalz,49.91020750096504,7.4353133902118635,577.1936,84.81893,27.434566,1.6614503,4.008638,-0.5493968,3.8369906
2008-01-01,rheinland_pfalz,49.91020750096504,7.4353133902118635,418.41614,82.97164,30.75623,4.0231223,6.5268674,1.2984029,4.55979
2008-02-01,rheinland_pfalz,49.91020750096504,7.4353133902118635,539.1138,76.14866,73.16289,3.9269288,8.532296,-0.018029151,3.7966385
2008-03-01,rheinland_pfalz,49.91020750096504,7.4353133902118635,776.1516,78.38071,91.967865,4.5884633,8.181154,1.2502255,4.7700524
2008-04-01,rheinland_pfalz,49.91020750096504,7.4353133902118635,488.29333,76.054924,140.1561,7.692547,12.01201,3.5602384,3.3371975
2008-05-01,rheinland_pfalz,49.91020750096504,7.4353133902118635,332.2871,63.682026,225.84947,15.670148,21.19333,10.029565,3.3013427
2008-06-01,rheinland_pfalz,49.91020750096504,7.4353133902118635,511.62665,70.901566,222.68048,17.062237,22.639788,11.67206,2.9299853
2008-07-01,rheinland_pfalz,49.91020750096504,7.4353133902118635,550.3806,70.52347,213.85997,17.995577,23.825735,12.50635,3.165009
2008-08-01,rheinland_pfalz,49.91020750096504,7.4353133902118635,531.8419,74.193535,172.15158,17.367842,22.453459,12.567284,3.2056582
2008-09-01,rheinland_pfalz,49.91020750096504,7.4353133902118635,470.90002,79.522736,119.00976,12.099752,16.753878,7.58389,3.0942736
2008-10-01,rheinland_pfalz,49.91020750096504,7.4353133902118635,506.2645,85.95083,68.73066,9.113361,13.151101,5.4477468,2.9481862
2008-11-01,rheinland_pfalz,49.91020750096504,7.4353133902118635,271.10333,86.85506,34.551357,5.2518997,8.020516,2.3503795,3.5075624
2008-12-01,rheinland_pfalz,49.91020750096504,7.4353133902118635,369.80322,87.713844,24.823498,0.7898793,2.9614542,-1.6127682,3.3183372
2009-01-01,rheinland_pfalz,49.91020750096504,7.4353133902118635,360.12582,83.895325,40.921318,-1.9415671,1.291626,-5.1663074,3.1135323
2009-02-01,rheinland_pfalz,49.91020750096504,7.4353133902118635,463.95,84.23795,47.058216,1.4770963,4.282918,-1.3224986,3.473136
2009-03-01,rheinland_pfalz,49.91020750096504,7.4353133902118635,579.33875,76.91319,95.67716,4.8022146,8.739403,0.87855357,3.955208
2009-04-01,rheinland_pfalz,49.91020750096504,7.4353133902118635,365.79,68.83114,182.11261,12.252639,17.781904,6.837019,3.115672
2009-05-01,rheinland_pfalz,49.91020750096504,7.4353133902118635,425.51294,72.04193,205.5097,14.0831585,19.415895,8.472285,3.2838328
2009-06-01,rheinland_pfalz,49.91020750096504,7.4353133902118635,739.3267,71.92567,223.62332,15.447148,20.688591,10.148111,3.106924
2009-07-01,rheinland_pfalz,49.91020750096504,7.4353133902118635,703.8323,73.00277,215.10832,18.03297,23.416002,13.124528,3.3107932
2009-08-01,rheinland_pfalz,49.91020750096504,7.4353133902118635,256.24194,68.34216,211.5287,18.95267,25.222725,12.708705,2.6929214
2009-09-01,rheinland_pfalz,49.91020750096504,7.4353133902118635,293.93335,77.83143,133.26692,14.874469,20.173845,10.218151,2.8965135
2009-10-01,rheinland_pfalz,49.91020750096504,7.4353133902118635,394.9613,82.5395,72.19315,9.014326,13.054034,5.07389,3.2633934
2009-11-01,rheinland_pfalz,49.91020750096504,7.4353133902118635,874.09,85.57869,32.938484,7.828648,10.492009,5.1739087,4.4781027
2009-12-01,rheinland_pfalz,49.91020750096504,7.4353133902118635,713.83545,87.11891,22.820614,1.2245921,3.8940005,-1.6254722,3.833905
2010-01-01,rheinland_pfalz,49.91020750096504,7.4353133902118635,372.64838,89.16676,24.226202,-2.4095776,-0.50083405,-4.611724,3.071049
2010-02-01,rheinland_pfalz,49.91020750096504,7.4353133902118635,538.59644,85.65598,44.82811,0.8112195,3.550874,-1.6969875,4.009299
2010-03-01,rheinland_pfalz,49.91020750096504,7.4353133902118635,394.75806,72.491486,111.424736,4.813925,9.078127,0.72395885,4.2450194
2010-04-01,rheinland_pfalz,49.91020750096504,7.4353133902118635,127.79,63.54106,194.32927,9.542817,15.267897,3.5488536,3.509981
2010-05-01,rheinland_pfalz,49.91020750096504,7.4353133902118635,756.81934,77.21829,162.85168,10.67855,15.094361,6.386298,3.1057186
2010-06-01,rheinland_pfalz,49.91020750096504,7.4353133902118635,378.2367,67.03407,245.48592,17.045002,22.867308,11.192368,2.9424484
2010-07-01,rheinland_pfalz,49.91020750096504,7.4353133902118635,552.6548,65.37693,242.80525,20.232794,26.676853,13.843244,2.7604866
2010-08-01,rheinland_pfalz,49.91020750096504,7.4353133902118635,1054.1162,76.87565,161.49712,16.667658,21.659134,12.121099,3.361205
2010-09-01,rheinland_pfalz,49.91020750096504,7.4353133902118635,538.94666,80.758156,130.03226,12.592405,17.320978,8.389645,3.0727587
2010-10-01,rheinland_pfalz,49.91020750096504,7.4353133902118635,236.73549,81.86852,82.648964,8.534627,12.957228,4.71893,3.384951
2010-11-01,rheinland_pfalz,49.91020750096504,7.4353133902118635,585.9,87.32911,28.146206,5.4307847,7.533023,3.4871137,3.868355
2010-12-01,rheinland_pfalz,49.91020750096504,7.4353133902118635,773.6581,89.29392,20.064386,-2.48669,-0.32213476,-4.9126186,3.2536716
2011-01-01,rheinland_pfalz,49.91020750096504,7.4353133902118635,516.3484,87.463844,30.209415,1.7567677,4.2311916,-0.7532612,3.5759075
2011-02-01,rheinland_pfalz,49.91020750096504,7.4353133902118635,249.29642,84.96626,49.76089,2.5399303,5.3873777,-0.31167972,3.5188675
2011-03-01,rheinland_pfalz,49.91020750096504,7.4353133902118635,100.0,67.60815,133.6955,6.478895,11.87692,1.4231969,3.6729295
2011-04-01,rheinland_pfalz,49.91020750096504,7.4353133902118635,134.32,61.985863,204.11125,12.605861,18.892761,6.2342544,3.2024674
2011-05-01,rheinland_pfalz,49.91020750096504,7.4353133902118635,218.07742,57.435917,252.18018,14.649275,21.408607,7.548238,3.340733
2011-06-01,rheinland_pfalz,49.91020750096504,7.4353133902118635,681.8667,71.70051,209.95433,16.614218,21.854155,11.630751,3.4861083
2011-07-01,rheinland_pfalz,49.91020750096504,7.4353133902118635,491.53226,74.11049,185.69328,15.801248,21.002945,11.119829,3.1590152
2011-08-01,rheinland_pfalz,49.91020750096504,7.4353133902118635,747.9742,76.16998,182.97914,17.743542,23.506575,12.651179,3.2154105
2011-09-01,rheinland_pfalz,49.91020750096504,7.4353133902118635,284.44666,77.58776,146.09227,15.709701,21.294266,10.582011,3.1890786
2011-10-01,rheinland_pfalz,49.91020750096504,7.4353133902118635,240.20323,82.290695,87.92853,9.82597,14.753541,5.453237,3.5475583
2011-11-01,rheinland_pfalz,49.91020750096504,7.4353133902118635,17.563334,89.2157,45.277504,5.3864994,9.097476,2.1347127,2.7982302
2011-12-01,rheinland_pfalz,49.91020750096504,7.4353133902118635,1176.6807,87.9153,20.137163,4.1531863,6.6110997,1.5294112,4.94327
2012-01-01,rheinland_pfalz,49.91020750096504,7.4353133902118635,733.47424,86.41344,29.559008,2.8244927,5.3079925,0.33751506,4.492811
2012-02-01,rheinland_pfalz,49.91020750096504,7.4353133902118635,119.33104,78.10224,66.87117,-1.8370646,1.6770858,-5.2051167,3.5912113
2012-03-01,rheinland_pfalz,49.91020750096504,7.4353133902118635,97.18065,72.45395,125.99869,7.8556576,12.943587,2.8006885,3.0292904
2012-04-01,rheinland_pfalz,49.91020750096504,7.4353133902118635,464.78668,72.69878,150.00365,8.122328,12.893163,3.5877304,3.7831624
2012-05-01,rheinland_pfalz,49.91020750096504,7.4353133902118635,442.6742,70.80705,220.19931,14.615411,20.243807,8.952713,3.3102176
2012-06-01,rheinland_pfalz,49.91020750096504,7.4353133902118635,859.7867,78.00056,192.8351,15.412469,20.373562,10.865172,3.2496748
2012-07-01,rheinland_pfalz,49.91020750096504,7.4353133902118635,717.1194,74.24652,207.23512,17.202982,22.253496,12.238482,3.391673
2012-08-01,rheinland_pfalz,49.91020750096504,7.4353133902118635,330.8258,69.592606,205.68109,18.94164,24.755657,13.072861,2.9910452
2012-09-01,rheinland_pfalz,49.91020750096504,7.4353133902118635,349.2,76.243935,143.86842,13.56754,19.44958,8.182995,2.9308765
2012-10-01,rheinland_pfalz,49.91020750096504,7.4353133902118635,584.171,84.50009,77.856804,9.047844,13.639576,4.763011,3.4503868
2012-11-01,rheinland_pfalz,49.91020750096504,7.4353133902118635,430.53,88.738,30.65542,5.4174147,8.109617,2.7127914,3.3810894
2012-12-01,rheinland_pfalz,49.91020750096504,7.4353133902118635,909.171,88.754456,22.101233,2.8051088,5.082095,0.38967606,4.350611
2013-01-01,rheinland_pfalz,49.91020750096504,7.4353133902118635,335.94836,89.07303,22.398636,0.69138736,2.402334,-1.2381208,3.6696644
2013-02-01,rheinland_pfalz,49.91020750096504,7.4353133902118635,360.6607,85.546524,43.728363,-0.46674943,1.7311382,-2.7313545,3.5715024
2013-03-01,rheinland_pfalz,49.91020750096504,7.4353133902118635,275.44196,76.17867,96.81196,1.3615315,5.3084083,-2.3054667,3.6287334
2013-04-01,rheinland_pfalz,49.91020750096504,7.4353133902118635,460.32,71.0789,148.86299,8.50484,13.004296,4.1845703,3.6545649
2013-05-01,rheinland_pfalz,49.91020750096504,7.4353133902118635,1034.1194,80.74587,158.39326,11.143882,15.553338,6.975159,3.3502946
2013-06-01,rheinland_pfalz,49.91020750096504,7.4353133902118635,623.62665,74.67383,217.38252,15.709673,20.774296,10.414763,3.2956166
2013-07-01,rheinland_pfalz,49.91020750096504,7.4353133902118635,243.42905,69.31258,253.31996,20.041082,25.85612,14.0632,2.9082637
2013-08-01,rheinland_pfalz,49.91020750096504,7.4353133902118635,395.87744,70.99757,195.869,17.940178,23.96847,12.097159,2.598952
2013-09-01,rheinland_pfalz,49.91020750096504,7.4353133902118635,703.32336,82.035126,123.8874,13.800075,18.505264,9.520093,3.147768
2013-10-01,rheinland_pfalz,49.91020750096504,7.4353133902118635,883.2613,86.451096,70.96329,11.031338,14.705495,7.662317,3.464344
2013-11-01,rheinland_pfalz,49.91020750096504,7.4353133902118635,629.8434,89.63667,30.777641,4.640649,7.015012,2.1595082,3.5720081
2013-12-01,rheinland_pfalz,49.91020750096504,7.4353133902118635,370.3484,86.94099,28.058613,3.727527,6.4507303,0.8996669,3.8390388
2014-01-01,rheinland_pfalz,49.91020750096504,7.4353133902118635,390.80646,88.53103,31.95122,3.874078,6.4048924,1.274006,3.6442368
2014-02-01,rheinland_pfalz,49.91020750096504,7.4353133902118635,479.55713,84.46567,53.30488,4.5461235,7.862575,1.2081852,4.233445
2014-03-01,rheinland_pfalz,49.91020750096504,7.4353133902118635,63.75484,71.08788,135.3665,7.636585,13.602746,2.1173196,3.2019079
2014-04-01,rheinland_pfalz,49.91020750096504,7.4353133902118635,211.12668,69.98568,166.56287,11.639617,17.151533,6.177279,3.0061598
2014-05-01,rheinland_pfalz,49.91020750096504,7.4353133902118635,523.15485,73.446304,198.75557,12.655982,17.905924,7.3915353,3.4292078
2014-06-01,rheinland_pfalz,49.91020750096504,7.4353133902118635,266.35333,66.67683,243.93388,16.672245,22.731089,10.563372,2.986592
2014-07-01,rheinland_pfalz,49.91020750096504,7.4353133902118635,1158.0872,74.56466,204.9671,19.085297,24.637667,14.04359,2.9129229
2014-08-01,rheinland_pfalz,49.91020750096504,7.4353133902118635,860.50964,80.29459,169.18607,15.69872,20.71002,11.292287,3.0466404
2014-09-01,rheinland_pfalz,49.91020750096504,7.4353133902118635,296.33002,84.49954,127.955284,15.032882,19.990696,10.718381,2.5508862
2014-10-01,rheinland_pfalz,49.91020750096504,7.4353133902118635,578.8484,89.34429,72.23472,12.00825,16.080343,8.441187,2.892948
2014-11-01,rheinland_pfalz,49.91020750096504,7.4353133902118635,439.34,91.96477,35.434826,6.72557,9.23893,4.329706,3.0491989
2014-12-01,rheinland_pfalz,49.91020750096504,7.4353133902118635,614.8645,90.5463,17.067533,2.92864,4.679937,0.7988054,4.166828
2015-01-01,rheinland_pfalz,49.91020750096504,7.4353133902118635,673.18713,88.91327,24.904144,1.9086769,4.183687,-0.4535982,4.207268
2015-02-01,rheinland_pfalz,49.91020750096504,7.4353133902118635,279.59286,85.89503,56.82506,1.059251,3.8504355,-1.6930124,3.4354413
2015-03-01,rheinland_pfalz,49.91020750096504,7.4353133902118635,338.31937,77.85387,115.51993,5.43695,10.2173195,0.9978101,3.844078
2015-04-01,rheinland_pfalz,49.91020750096504,7.4353133902118635,313.13666,65.27953,193.68483,9.476361,15.303911,3.242859,3.4219754
2015-05-01,rheinland_pfalz,49.91020750096504,7.4353133902118635,205.79355,69.50388,206.06479,12.941257,18.329872,7.237838,3.3425477
2015-06-01,rheinland_pfalz,49.91020750096504,7.4353133902118635,476.33337,68.49151,229.24431,16.46051,22.054768,10.444697,3.3157315
2015-07-01,rheinland_pfalz,49.91020750096504,7.4353133902118635,306.99353,64.20991,231.88225,20.303682,26.614515,14.004385,3.6073093
2015-08-01,rheinland_pfalz,49.91020750096504,7.4353133902118635,509.02905,70.48579,196.97037,19.783625,25.89519,13.999885,3.1445029
2015-09-01,rheinland_pfalz,49.91020750096504,7.4353133902118635,663.6434,80.09538,123.712875,12.851052,17.569216,8.698167,3.5269916
2015-10-01,rheinland_pfalz,49.91020750096504,7.4353133902118635,180.11613,87.15828,67.104904,8.705363,12.192147,5.505633,2.6367188
2015-11-01,rheinland_pfalz,49.91020750096504,7.4353133902118635,679.00665,88.21665,38.362194,7.669325,10.550095,4.796618,4.34222
2015-12-01,rheinland_pfalz,49.91020750096504,7.4353133902118635,280.32257,89.78351,29.85156,6.9530907,9.744958,4.0271635,3.8149946
2016-01-01,rheinland_pfalz,49.91020750096504,7.4353133902118635,625.20325,89.42086,30.061369,2.6010265,5.2455807,-0.1750236,4.0988607
2016-02-01,rheinland_pfalz,49.91020750096504,7.4353133902118635,776.3241,84.597496,48.743626,3.5614827,6.409789,0.7910863,4.886281
2016-03-01,rheinland_pfalz,49.91020750096504,7.4353133902118635,528.85486,80.60848,94.162605,4.117642,7.828615,0.7055586,3.8270051
2016-04-01,rheinland_pfalz,49.91020750096504,7.4353133902118635,544.01666,75.3074,154.54202,7.959134,12.952055,3.164515,3.4922383
2016-05-01,rheinland_pfalz,49.91020750096504,7.4353133902118635,695.74194,73.15503,194.83884,13.402837,18.573597,8.248965,3.3583214
2016-06-01,rheinland_pfalz,49.91020750096504,7.4353133902118635,1143.81,82.878654,178.43456,16.52349,21.360039,12.206219,2.875733
2016-07-01,rheinland_pfalz,49.91020750096504,7.4353133902118635,376.84515,74.765625,203.40085,18.780416,24.096504,13.63083,2.832983
2016-08-01,rheinland_pfalz,49.91020750096504,7.4353133902118635,236.79677,73.72127,198.81851,18.329264,24.419962,12.571381,2.8988602
2016-09-01,rheinland_pfalz,49.91020750096504,7.4353133902118635,189.96667,73.27851,149.92764,17.174852,23.298288,11.576588,2.6648643
2016-10-01,rheinland_pfalz,49.91020750096504,7.4353133902118635,428.8581,88.61531,66.68673,8.606155,12.423383,5.148593,2.8269668
2016-11-01,rheinland_pfalz,49.91020750096504,7.4353133902118635,478.28333,86.90123,35.6374,4.6637,7.529633,1.837901,3.656222
2016-12-01,rheinland_pfalz,49.91020750096504,7.4353133902118635,85.5258,89.62092,29.621952,1.7793784,4.419789,-0.81798846,2.966782
2017-01-01,rheinland_pfalz,49.91020750096504,7.4353133902118635,265.8387,85.02812,36.940334,-1.9386388,1.043189,-4.820813,3.479634
2017-02-01,rheinland_pfalz,49.91020750096504,7.4353133902118635,438.01788,84.9379,53.77787,4.107928,7.4208894,0.9172779,4.0685687
2017-03-01,rheinland_pfalz,49.91020750096504,7.4353133902118635,396.2839,73.32614,119.058876,8.158627,13.139296,3.3799393,4.1223207
2017-04-01,rheinland_pfalz,49.91020750096504,7.4353133902118635,67.41333,65.736664,175.47183,8.100778,13.641425,2.364874,3.1524673
2017-05-01,rheinland_pfalz,49.91020750096504,7.4353133902118635,417.81613,71.61531,218.21478,14.714247,20.400358,8.90889,2.9304209
2017-06-01,rheinland_pfalz,49.91020750096504,7.4353133902118635,452.67334,66.64309,245.86761,18.6566,24.642056,12.457623,3.4016256
2017-07-01,rheinland_pfalz,49.91020750096504,7.4353133902118635,946.82904,72.87462,201.59073,18.87201,24.327269,13.65134,3.320211
2017-08-01,rheinland_pfalz,49.91020750096504,7.4353133902118635,592.8484,77.59654,179.09888,17.947792,23.093525,13.020367,2.8191226
2017-09-01,rheinland_pfalz,49.91020750096504,7.4353133902118635,596.04663,83.549164,123.36518,12.782687,17.877728,8.504533,3.0653753
2017-10-01,rheinland_pfalz,49.91020750096504,7.4353133902118635,322.48065,85.49344,75.17099,11.160335,15.294757,7.3465815,3.6365168
2017-11-01,rheinland_pfalz,49.91020750096504,7.4353133902118635,696.42,89.37745,32.707317,5.087699,7.8978953,2.2701788,3.5057275
2017-12-01,rheinland_pfalz,49.91020750096504,7.4353133902118635,857.29675,89.34029,18.421717,2.9601912,4.9098434,1.0542566,4.3739705
2018-01-01,rheinland_pfalz,49.91020750096504,7.4353133902118635,895.8097,88.411316,24.049173,4.7909155,6.9513087,2.6201115,4.7553306
2018-02-01,rheinland_pfalz,49.91020750096504,7.4353133902118635,142.77142,77.27636,73.51989,-1.3567668,1.8423824,-4.2544513,3.9142783
2018-03-01,rheinland_pfalz,49.91020750096504,7.4353133902118635,380.92578,79.58679,94.43588,3.5877695,7.647872,-0.19761996,3.8687212
2018-04-01,rheinland_pfalz,49.91020750096504,7.4353133902118635,257.0467,67.7138,185.19948,12.695558,18.54578,6.4692383,3.5721693
2018-05-01,rheinland_pfalz,49.91020750096504,7.4353133902118635,712.0322,69.79439,237.16168,15.780821,21.786947,9.913014,3.0802662
2018-06-01,rheinland_pfalz,49.91020750096504,7.4353133902118635,433.70667,73.33991,214.70462,17.960756,23.181149,12.691567,2.8579943
2018-07-01,rheinland_pfalz,49.91020750096504,7.4353133902118635,229.8871,58.909237,244.9385,21.058079,27.763899,14.369889,2.6728797
2018-08-01,rheinland_pfalz,49.91020750096504,7.4353133902118635,290.23227,64.51317,210.64084,19.836744,26.464237,13.397783,2.9335403
2018-09-01,rheinland_pfalz,49.91020750096504,7.4353133902118635,323.91,70.38088,156.22127,15.131665,21.8709,8.989082,2.8462167
2018-10-01,rheinland_pfalz,49.91020750096504,7.4353133902118635,121.69678,79.69119,92.10268,11.038563,16.453205,6.1629763,3.222308
2018-11-01,rheinland_pfalz,49.91020750096504,7.4353133902118635,270.27002,86.00386,42.51599,5.8917074,9.1186,2.7695868,3.4343712
2018-12-01,rheinland_pfalz,49.91020750096504,7.4353133902118635,1005.8807,88.384544,21.990295,3.9599261,6.394179,1.5326593,4.112467
2019-01-01,rheinland_pfalz,49.91020750096504,7.4353133902118635,528.48706,87.047264,27.87595,0.88432986,2.945817,-1.4055402,4.0691094
2019-02-01,rheinland_pfalz,49.91020750096504,7.4353133902118635,273.9893,74.92524,80.52104,4.6511803,10.073024,0.0059262407,3.2934551
2019-03-01,rheinland_pfalz,49.91020750096504,7.4353133902118635,588.9226,75.468,108.68108,6.946032,11.369868,2.6567755,4.9112725
2019-04-01,rheinland_pfalz,49.91020750096504,7.4353133902118635,340.25665,69.87924,178.98523,9.682611,15.17888,4.414104,3.4025717
2019-05-01,rheinland_pfalz,49.91020750096504,7.4353133902118635,625.8032,73.3195,195.02963,11.169719,16.313364,6.0930567,3.0648046
2019-06-01,rheinland_pfalz,49.91020750096504,7.4353133902118635,275.78,65.843285,229.43835,19.50666,25.899376,12.694998,3.1554768
2019-07-01,rheinland_pfalz,49.91020750096504,7.4353133902118635,359.8355,62.155643,221.25925,19.591475,25.922539,13.245643,2.8191147
2019-08-01,rheinland_pfalz,49.91020750096504,7.4353133902118635,456.7774,69.25382,202.75256,19.126999,25.456339,13.361126,2.7116153
2019-09-01,rheinland_pfalz,49.91020750096504,7.4353133902118635,412.20334,73.92129,141.19186,14.229462,19.568506,9.138925,3.135039
2019-10-01,rheinland_pfalz,49.91020750096504,7.4353133902118635,776.55804,86.77532,67.0497,10.919716,14.630715,7.503635,3.6052282
2019-11-01,rheinland_pfalz,49.91020750096504,7.4353133902118635,569.29333,90.772964,33.016804,4.895691,7.6167774,2.1963305,3.3491397
2019-12-01,rheinland_pfalz,49.91020750096504,7.4353133902118635,651.56775,87.62531,27.404932,3.9548674,6.662312,1.2897626,3.9285784
2020-01-01,rheinland_pfalz,49.91020750096504,7.4353133902118635,317.6516,88.13484,34.007732,3.638425,6.225932,0.90860605,3.7709415
2020-02-01,rheinland_pfalz,49.91020750096504,7.4353133902118635,1131.7827,81.94143,56.91603,5.364188,8.517888,2.0684733,5.725552
2020-03-01,rheinland_pfalz,49.91020750096504,7.4353133902118635,495.7387,70.572235,130.22908,6.059797,10.515121,1.8310031,4.4882903
2020-04-01,rheinland_pfalz,49.91020750096504,7.4353133902118635,140.25667,55.827137,231.52737,11.743972,18.524088,4.7247534,3.2221582
2020-05-01,rheinland_pfalz,49.91020750096504,7.4353133902118635,251.92259,63.191788,250.25479,12.831024,18.864584,6.158459,3.0610898
2020-06-01,rheinland_pfalz,49.91020750096504,7.4353133902118635,537.14,71.15533,225.00813,16.767883,22.247347,11.338756,2.9687452
2020-07-01,rheinland_pfalz,49.91020750096504,7.4353133902118635,167.21613,61.85109,239.29164,18.574776,24.616035,12.094868,3.0324588
2020-08-01,rheinland_pfalz,49.91020750096504,7.4353133902118635,452.4516,65.32311,201.38722,20.582478,26.863274,14.850364,2.914019
2020-09-01,rheinland_pfalz,49.91020750096504,7.4353133902118635,303.46335,68.35632,154.75378,15.833331,22.030043,10.125567,2.7103267
2020-10-01,rheinland_pfalz,49.91020750096504,7.4353133902118635,610.4129,85.13283,62.27013,10.174079,13.238552,7.2139583,3.7195227
2020-11-01,rheinland_pfalz,49.91020750096504,7.4353133902118635,192.87,86.97557,49.95881,6.322198,9.893329,2.8302562,3.004573
2020-12-01,rheinland_pfalz,49.91020750096504,7.4353133902118635,752.62256,90.49128,20.21584,3.774975,5.7352138,1.7280684,3.4167058
2021-01-01,rheinland_pfalz,49.91020750096504,7.4353133902118635,662.55164,87.66951,29.2957,1.2199789,3.2470598,-0.87074614,3.762789
2021-02-01,rheinland_pfalz,49.91020750096504,7.4353133902118635,448.76428,79.19628,78.18177,3.4095137,7.588789,-0.4847053,3.4879732
2021-03-01,rheinland_pfalz,49.91020750096504,7.4353133902118635,351.31616,71.34643,130.67073,5.56848,10.640211,0.8964922,3.5532846
2021-04-01,rheinland_pfalz,49.91020750096504,7.4353133902118635,266.63,65.66759,191.69838,6.5322576,11.892104,1.1896694,3.2949824
2021-05-01,rheinland_pfalz,49.91020750096504,7.4353133902118635,677.16125,73.2617,194.30882,10.522098,15.510858,5.716255,3.9969206
2021-06-01,rheinland_pfalz,49.91020750096504,7.4353133902118635,763.7,72.66399,246.22142,18.956535,24.416082,13.523951,2.6001952
2021-07-01,rheinland_pfalz,49.91020750096504,7.4353133902118635,928.5871,78.137856,206.29793,17.643106,22.63317,13.07061,2.8640087
2021-08-01,rheinland_pfalz,49.91020750096504,7.4353133902118635,553.6129,80.15258,175.12773,16.432962,21.344812,12.200583,2.9175937
2021-09-01,rheinland_pfalz,49.91020750096504,7.4353133902118635,238.28336,78.51868,160.9381,15.451003,21.170757,10.216772,2.3693683
2021-10-01,rheinland_pfalz,49.91020750096504,7.4353133902118635,372.3645,85.28997,89.86468,9.60873,14.404513,5.3152857,3.1351953
2021-11-01,rheinland_pfalz,49.91020750096504,7.4353133902118635,354.07333,89.75197,42.351627,4.3619633,6.865128,1.8646233,2.849015
2021-12-01,rheinland_pfalz,49.91020750096504,7.4353133902118635,445.11615,89.79764,21.901127,3.7099907,5.9728427,1.4728442,3.3516698
2022-01-01,rheinland_pfalz,49.91020750096504,7.4353133902118635,557.1839,88.095085,31.232363,2.4192421,4.7261014,0.20294388,3.6402123
2022-02-01,rheinland_pfalz,49.91020750096504,7.4353133902118635,632.5214,79.24601,65.59829,4.795525,8.249326,1.494171,5.3990498
2022-03-01,rheinland_pfalz,49.91020750096504,7.4353133902118635,176.99355,60.569065,156.23079,6.345079,12.17325,0.9469145,3.0554209
2022-04-01,rheinland_pfalz,49.91020750096504,7.4353133902118635,472.57333,67.734184,182.05554,8.576659,13.537264,3.6759524,3.8650677
2022-05-01,rheinland_pfalz,49.91020750096504,7.4353133902118635,290.2871,64.93677,241.34998,15.277302,21.43839,9.015691,3.0866022
2022-06-01,rheinland_pfalz,49.91020750096504,7.4353133902118635,493.48666,65.97398,257.88184,18.527285,24.872202,11.98534,2.7865322
2022-07-01,rheinland_pfalz,49.91020750096504,7.4353133902118635,66.29677,56.6114,265.077,20.124104,26.83176,13.130446,2.8907578
2022-08-01,rheinland_pfalz,49.91020750096504,7.4353133902118635,154.73549,55.470837,188.55952,21.365604,28.077435,14.58952,2.8271387
2022-09-01,rheinland_pfalz,49.91020750096504,7.4353133902118635,1019.05005,78.22881,115.911385,13.725906,19.076054,9.377709,2.9026637
2022-10-01,rheinland_pfalz,49.91020750096504,7.4353133902118635,575.6452,85.41775,80.829796,12.7928095,17.588295,8.552449,2.771622
2022-11-01,rheinland_pfalz,49.91020750096504,7.4353133902118635,599.45667,88.26246,45.89946,7.387452,10.280295,4.5553727,3.294481
2022-12-01,rheinland_pfalz,49.91020750096504,7.4353133902118635,485.3484,88.10726,23.765537,2.5220456,4.8557553,0.0433897,3.5063388
2023-01-01,rheinland_pfalz,49.91020750096504,7.4353133902118635,666.0774,86.60382,24.12182,3.6552634,5.582314,1.6367139,4.5769444
2023-02-01,rheinland_pfalz,49.91020750096504,7.4353133902118635,140.21428,80.61067,67.022934,3.9953003,7.6446424,0.74639803,3.8133316
2023-03-01,rheinland_pfalz,49.91020750096504,7.4353133902118635,836.6936,77.36971,93.466034,6.314561,10.347624,2.4144506,4.356686
2023-04-01,rheinland_pfalz,49.91020750096504,7.4353133902118635,513.7234,74.0755,146.95068,8.116713,12.826251,3.6457207,3.613
2023-05-01,rheinland_pfalz,49.91020750096504,7.4353133902118635,344.45807,70.40716,227.76476,13.729606,19.2795,8.112489,3.247443
2023-06-01,rheinland_pfalz,49.91020750096504,7.4353133902118635,184.68332,56.6158,281.30908,19.724716,26.089682,12.947219,3.0557506
2023-07-01,rheinland_pfalz,49.91020750096504,7.4353133902118635,721.7549,65.49038,213.6546,18.870378,24.54704,13.254133,3.6726778
2023-08-01,rheinland_pfalz,49.91020750096504,7.4353133902118635,805.2968,78.61785,145.38513,18.200426,23.486607,13.672617,3.0598912
2023-09-01,rheinland_pfalz,49.91020750096504,7.4353133902118635,309.23666,74.85366,145.08049,17.647934,24.080751,11.942374,2.6733131
2023-10-01,rheinland_pfalz,49.91020750096504,7.4353133902118635,778.8129,82.56457,76.64227,12.144674,16.581915,8.081037,3.5538826
2023-11-01,rheinland_pfalz,49.91020750096504,7.4353133902118635,1000.53674,87.09608,36.20772,6.183168,8.565163,3.8167765,4.692081
2023-12-01,rheinland_pfalz,49.91020750096504,7.4353133902118635,658.2387,87.404015,20.091133,4.7065053,6.7139497,2.5667953,4.733937
2024-01-01,rheinland_pfalz,49.91020750096504,7.4353133902118635,668.0742,82.72882,34.363495,1.607376,4.6135497,-1.5838907,4.191829
2024-02-01,rheinland_pfalz,49.91020750096504,7.4353133902118635,659.33105,85.32987,49.22708,7.0150843,9.871437,4.1578245,4.5072823
2024-03-01,rheinland_pfalz,49.91020750096504,7.4353133902118635,529.0709,79.522995,101.30592,7.956578,12.193014,4.020089,3.367515
2024-04-01,rheinland_pfalz,49.91020750096504,7.4353133902118635,466.4467,73.28578,155.13701,10.011882,15.138688,5.271852,3.863439
2024-05-01,rheinland_pfalz,49.91020750096504,7.4353133902118635,1171.3419,78.170555,190.14372,14.468388,19.375244,9.867973,2.8916497
2024-06-01,rheinland_pfalz,49.91020750096504,7.4353133902118635,514.11,73.41338,218.82886,16.47623,21.645714,10.988011,3.0075648
2024-07-01,rheinland_pfalz,49.91020750096504,7.4353133902118635,568.6194,72.33904,221.79805,18.859415,24.384201,13.409508,2.7680697
2024-08-01,rheinland_pfalz,49.91020750096504,7.4353133902118635,349.89032,72.43326,219.16864,20.170862,26.233612,14.449154,2.7864146
2024-09-01,rheinland_pfalz,49.91020750096504,7.4353133902118635,808.52,80.42897,127.81883,15.14379,19.837847,10.90902,3.5089214
2024-10-01,rheinland_pfalz,49.91020750096504,7.4353133902118635,567.0097,88.325935,66.71886,11.29016,15.11474,7.783054,2.9065144
2024-11-01,rheinland_pfalz,49.91020750096504,7.4353133902118635,463.99002,86.786026,31.896072,5.6096325,8.078029,3.0204852,3.4273617
2024-12-01,rheinland_pfalz,49.91020750096504,7.4353133902118635,383.16132,88.48162,21.031866,2.694002,4.9209538,0.44981378,3.8619723
2000-01-01,saarland,49.36863361947426,6.999888290390777,45.129036,85.48271,30.82359,2.0467339,4.455494,-0.4178326,3.7192235
2000-02-01,saarland,49.36863361947426,6.999888290390777,125.72414,83.9518,58.91056,4.239827,7.757867,1.1384159,4.4441485
2000-03-01,saarland,49.36863361947426,6.999888290390777,80.3,79.54724,91.99295,5.958921,9.770201,2.6889615,4.384244
2000-04-01,saarland,49.36863361947426,6.999888290390777,58.823334,72.80782,165.87917,10.082823,15.135323,5.4600525,3.788531
2000-05-01,saarland,49.36863361947426,6.999888290390777,98.545166,77.445175,202.88004,14.614021,19.876774,9.943094,3.20002
2000-06-01,saarland,49.36863361947426,6.999888290390777,37.256668,66.521355,264.15207,17.757792,23.317562,11.5634575,2.8791876
2000-07-01,saarland,49.36863361947426,6.999888290390777,216.19676,82.49196,179.79436,15.274496,19.723972,11.483628,3.1661692
2000-08-01,saarland,49.36863361947426,6.999888290390777,66.0871,75.74753,210.0867,18.239908,24.123577,13.11757,2.5236692
2000-09-01,saarland,49.36863361947426,6.999888290390777,151.01334,85.953674,125.881256,14.474522,19.290571,10.833677,2.8776145
2000-10-01,saarland,49.36863361947426,6.999888290390777,106.13871,86.546906,67.747986,10.336975,13.955332,7.3744254,3.6994357
2000-11-01,saarland,49.36863361947426,6.999888290390777,134.42334,88.43364,33.447914,6.5268335,9.132646,4.153302,4.20075
2000-12-01,saarland,49.36863361947426,6.999888290390777,112.56773,88.901024,24.732862,4.366522,6.7275496,2.1869557,3.8918447
2001-01-01,saarland,49.36863361947426,6.999888290390777,132.12581,85.80306,34.485886,2.1087096,4.836532,-0.62886083,4.12377
2001-02-01,saarland,49.36863361947426,6.999888290390777,85.707146,80.14953,59.50223,3.7002788,7.153359,0.56429684,4.016183
2001-03-01,saarland,49.36863361947426,6.999888290390777,181.0871,85.65486,77.1502,6.3228025,9.698407,3.4595966,4.366794
2001-04-01,saarland,49.36863361947426,6.999888290390777,114.29,78.383545,138.7396,7.3803954,11.747282,3.3730311,3.7480311
2001-05-01,saarland,49.36863361947426,6.999888290390777,26.112904,68.22504,228.47781,15.207217,20.383417,9.644676,3.8040926
2001-06-01,saarland,49.36863361947426,6.999888290390777,52.87667,70.721924,223.525,15.099187,20.434155,9.623136,2.784469
2001-07-01,saarland,49.36863361947426,6.999888290390777,96.16452,69.704765,226.2389,18.84896,24.432116,13.607782,3.1624196
2001-08-01,saarland,49.36863361947426,6.999888290390777,86.270966,73.15326,200.58669,18.723629,24.405352,13.65881,2.882379
2001-09-01,saarland,49.36863361947426,6.999888290390777,118.30333,86.17911,98.98125,11.596636,15.521562,8.324416,3.5956457
2001-10-01,saarland,49.36863361947426,6.999888290390777,59.95807,88.365005,77.69859,13.075685,17.37247,9.676855,3.1854331
2001-11-01,saarland,49.36863361947426,6.999888290390777,125.02667,86.81532,41.21771,3.9710727,7.267416,1.0014167,3.7192707
2001-12-01,saarland,49.36863361947426,6.999888290390777,101.28065,85.15541,28.969757,0.53572583,3.2833064,-2.3905442,4.5750103
2002-01-01,saarland,49.36863361947426,6.999888290390777,74.18387,89.02931,33.33871,0.7634778,3.1007457,-2.025393,3.8523989
2002-02-01,saarland,49.36863361947426,6.999888290390777,219.23929,81.31227,53.6808,5.7058926,8.685379,2.76221,6.6701565
2002-03-01,saarland,49.36863361947426,6.999888290390777,90.75484,75.409966,118.5383,6.3721566,11.194315,1.8897076,3.768498
2002-04-01,saarland,49.36863361947426,6.999888290390777,44.34,68.63196,177.84895,9.022604,14.138365,3.953833,4.371271
2002-05-01,saarland,49.36863361947426,6.999888290390777,59.60968,76.29065,190.82259,13.291914,17.956451,8.441673,3.268619
2002-06-01,saarland,49.36863361947426,6.999888290390777,35.786667,70.55761,240.37915,17.978968,23.558414,12.173823,3.013552
2002-07-01,saarland,49.36863361947426,6.999888290390777,70.20645,73.32679,196.3236,17.913458,22.994778,12.707127,3.189012
2002-08-01,saarland,49.36863361947426,6.999888290390777,111.119354,79.730774,168.33266,18.249355,23.511581,13.942781,2.5329638
2002-09-01,saarland,49.36863361947426,6.999888290390777,42.32,77.17987,142.08855,13.1432705,18.708572,8.683115,3.155448
2002-10-01,saarland,49.36863361947426,6.999888290390777,144.38708,85.352905,69.369965,9.595161,13.483044,5.951895,4.3034573
2002-11-01,saarland,49.36863361947426,6.999888290390777,161.87,90.558105,31.405207,7.4139166,9.9887085,4.7954893,3.2385626
2002-12-01,saarland,49.36863361947426,6.999888290390777,116.59355,88.26902,20.497982,3.5283668,5.5771875,1.5863912,4.2763405
2003-01-01,saarland,49.36863361947426,6.999888290390777,121.66775,87.661255,32.28629,0.21622986,2.782248,-2.3468044,4.496361
2003-02-01,saarland,49.36863361947426,6.999888290390777,25.389286,76.44548,81.925224,0.2628795,4.4626675,-3.353828,3.8361049
2003-03-01,saarland,49.36863361947426,6.999888290390777,25.083872,68.907715,139.55545,7.977086,13.629808,2.8555846,3.5244656
2003-04-01,saarland,49.36863361947426,6.999888290390777,38.826668,62.91433,190.54895,9.856375,15.401522,4.415875,4.115229
2003-05-01,saarland,49.36863361947426,6.999888290390777,84.13548,76.39195,203.77318,14.31876,19.352276,9.536754,3.5499797
2003-06-01,saarland,49.36863361947426,6.999888290390777,31.960001,71.57751,262.48126,20.606426,26.68127,14.844844,2.8358436
2003-07-01,saarland,49.36863361947426,6.999888290390777,60.680645,67.3901,236.93045,19.859577,25.780523,14.303074,2.992006
2003-08-01,saarland,49.36863361947426,6.999888290390777,44.174194,59.201546,229.66934,22.779535,29.955645,16.225443,2.7365525
2003-09-01,saarland,49.36863361947426,6.999888290390777,53.49,70.37105,166.78333,14.949603,21.323105,9.38324,2.9241145
2003-10-01,saarland,49.36863361947426,6.999888290390777,86.26451,81.968094,76.773186,7.2201605,10.929606,3.7716532,4.314395
2003-11-01,saarland,49.36863361947426,6.999888290390777,64.886665,87.27082,40.838543,6.978667,9.959063,4.0947704,3.6411355
2003-12-01,saarland,49.36863361947426,6.999888290390777,57.074196,86.14433,28.95867,2.6313305,5.1501007,0.346129,4.2042136
2004-01-01,saarland,49.36863361947426,6.999888290390777,151.29033,88.5886,26.89516,1.183387,3.295393,-1.1226815,4.384889
2004-02-01,saarland,49.36863361947426,6.999888290390777,34.175865,81.573395,61.176727,3.1936421,6.4240513,0.2530927,4.15764
2004-03-01,saarland,49.36863361947426,6.999888290390777,40.66774,77.23245,115.81956,4.93,9.317017,1.0316734,3.8844757
2004-04-01,saarland,49.36863361947426,6.999888290390777,38.753334,71.83162,176.0729,10.185884,15.312959,5.646552,3.8727913
2004-05-01,saarland,49.36863361947426,6.999888290390777,77.45807,70.69655,218.74396,12.381804,17.617199,7.1530747,3.0587096
2004-06-01,saarland,49.36863361947426,6.999888290390777,63.843334,72.59265,227.81563,16.328135,21.60825,10.92524,3.1376667
2004-07-01,saarland,49.36863361947426,6.999888290390777,76.545166,74.33241,209.65222,17.592106,22.742004,12.946804,3.1274798
2004-08-01,saarland,49.36863361947426,6.999888290390777,150.70969,78.42122,175.92036,18.479687,23.595968,14.568024,3.5481353
2004-09-01,saarland,49.36863361947426,6.999888290390777,48.306667,76.522125,147.47188,14.9271555,20.108406,10.645719,3.8024685
2004-10-01,saarland,49.36863361947426,6.999888290390777,90.53226,86.74139,72.42541,10.703478,14.365474,7.389677,3.5851915
2004-11-01,saarland,49.36863361947426,6.999888290390777,46.583336,89.97012,34.861458,4.6478853,7.0953956,2.0957916,3.485052
2004-12-01,saarland,49.36863361947426,6.999888290390777,68.18065,91.33908,24.008064,0.4074294,2.640383,-1.8389819,3.486492
2005-01-01,saarland,49.36863361947426,6.999888290390777,65.42903,86.60704,36.731857,2.0838912,4.6407557,-0.4843246,4.6536994
2005-02-01,saarland,49.36863361947426,6.999888290390777,79.76786,83.65973,59.188614,-0.09200891,2.9122767,-2.7558482,3.7480693
2005-03-01,saarland,49.36863361947426,6.999888290390777,34.645164,78.27156,107.85686,5.4342737,9.976805,1.1663306,3.348679
2005-04-01,saarland,49.36863361947426,6.999888290390777,63.460003,73.80989,154.57605,10.138323,15.216855,5.3011875,3.335104
2005-05-01,saarland,49.36863361947426,6.999888290390777,77.57097,71.58647,214.3629,13.511301,18.97517,8.011331,3.3152819
2005-06-01,saarland,49.36863361947426,6.999888290390777,44.64,67.13527,253.66563,17.894344,23.949915,11.652156,2.8662083
2005-07-01,saarland,49.36863361947426,6.999888290390777,76.59355,71.6923,215.08972,18.741823,24.349163,13.690775,3.3502622
2005-08-01,saarland,49.36863361947426,6.999888290390777,52.225807,75.38908,186.5121,16.25119,21.854517,10.920755,3.0479336
2005-09-01,saarland,49.36863361947426,6.999888290390777,60.850002,74.920746,148.78229,16.049248,21.84473,11.13748,2.9924269
2005-10-01,saarland,49.36863361947426,6.999888290390777,39.73548,83.161026,88.625,12.569807,17.587893,8.575342,3.552712
2005-11-01,saarland,49.36863361947426,6.999888290390777,57.33,88.30246,38.83542,4.756427,7.611521,1.8602083,3.3778853
2005-12-01,saarland,49.36863361947426,6.999888290390777,86.69032,88.44864,22.868952,1.2605443,3.1101916,-0.8911089,3.8692136
2006-01-01,saarland,49.36863361947426,6.999888290390777,33.451614,81.934204,40.30948,-0.6450907,1.9442035,-3.179002,3.7560987
2006-02-01,saarland,49.36863361947426,6.999888290390777,74.66786,83.61308,45.0346,0.9695535,3.4141517,-1.3712499,3.9744864
2006-03-01,saarland,49.36863361947426,6.999888290390777,114.54194,78.2728,103.75,3.3218246,7.3830442,-0.062489912,4.6876917
2006-04-01,saarland,49.36863361947426,6.999888290390777,41.263332,69.28744,160.53647,8.924292,13.838781,3.9548855,3.5483437
2006-05-01,saarland,49.36863361947426,6.999888290390777,106.99678,73.64618,186.60182,13.45011,18.368046,8.743256,4.164536
2006-06-01,saarland,49.36863361947426,6.999888290390777,35.176666,66.06242,265.0802,17.65326,23.641167,11.43451,2.8264687
2006-07-01,saarland,49.36863361947426,6.999888290390777,17.425806,58.67884,269.89215,23.248741,29.781551,16.86628,3.135292
2006-08-01,saarland,49.36863361947426,6.999888290390777,191.65485,80.716995,152.20465,15.3110075,19.976986,11.789718,3.305282
2006-09-01,saarland,49.36863361947426,6.999888290390777,38.95,79.597916,143.76355,17.338875,22.58428,12.894562,2.7467499
2006-10-01,saarland,49.36863361947426,6.999888290390777,113.51291,85.88812,78.511086,12.7348995,17.004688,9.010554,3.7028527
2006-11-01,saarland,49.36863361947426,6.999888290390777,72.72,87.27855,39.73542,7.4938335,10.897728,3.9739583,4.0093336
2006-12-01,saarland,49.36863361947426,6.999888290390777,75.212906,86.13592,28.491936,4.17372,6.9429436,1.6515424,4.4584875
2007-01-01,saarland,49.36863361947426,6.999888290390777,111.129036,84.44803,28.746977,5.1144257,7.246452,2.5753021,5.9457965
2007-02-01,saarland,49.36863361947426,6.999888290390777,149.70715,85.780685,56.02455,5.2926,8.77932,2.2177458,3.9545424
2007-03-01,saarland,49.36863361947426,6.999888290390777,85.79031,77.10794,113.64314,6.3414917,10.732903,2.1790824,3.8913105
2007-04-01,saarland,49.36863361947426,6.999888290390777,3.3533335,56.80858,243.57396,13.705906,20.873466,6.561343,3.2601352
2007-05-01,saarland,49.36863361947426,6.999888290390777,111.9,71.31172,201.24396,14.717974,19.933167,9.665816,4.0708466
2007-06-01,saarland,49.36863361947426,6.999888290390777,131.26001,76.28175,209.18332,17.353218,22.39151,12.7647915,3.6653123
2007-07-01,saarland,49.36863361947426,6.999888290390777,103.048386,73.38407,209.91833,16.894424,21.968891,11.935383,4.055645
2007-08-01,saarland,49.36863361947426,6.999888290390777,84.05162,75.261795,181.70361,16.915524,21.939335,12.227238,3.1348186
2007-09-01,saarland,49.36863361947426,6.999888290390777,56.353333,78.74869,130.03436,12.737937,17.771011,7.831333,2.855125
2007-10-01,saarland,49.36863361947426,6.999888290390777,21.667744,81.3194,87.979836,9.426048,14.015191,5.46626,2.962742
2007-11-01,saarland,49.36863361947426,6.999888290390777,57.266666,84.7928,34.329166,4.4161143,7.132177,1.5038126,3.8225622
2007-12-01,saarland,49.36863361947426,6.999888290390777,113.787094,84.02602,29.627016,1.6439314,4.0313206,-0.589496,4.5099998
2008-01-01,saarland,49.36863361947426,6.999888290390777,76.12581,83.037865,32.9375,4.0204134,6.704053,1.2723689,4.726381
2008-02-01,saarland,49.36863361947426,6.999888290390777,91.917244,74.79344,75.85884,4.3470364,8.856734,0.39836207,4.2930384
2008-03-01,saarland,49.36863361947426,6.999888290390777,133.77744,78.23303,94.25101,4.7534575,8.314283,1.4677923,5.1653323
2008-04-01,saarland,49.36863361947426,6.999888290390777,69.48334,75.67439,143.4302,7.900323,12.145,3.7155623,3.6026564
2008-05-01,saarland,49.36863361947426,6.999888290390777,36.93226,62.73268,226.69759,15.940916,21.41492,10.538286,3.722752
2008-06-01,saarland,49.36863361947426,6.999888290390777,55.083336,70.47809,219.36145,17.245708,22.887062,11.860771,2.9775832
2008-07-01,saarland,49.36863361947426,6.999888290390777,73.97097,68.57241,221.57964,18.248245,24.202389,12.761723,3.3228831
2008-08-01,saarland,49.36863361947426,6.999888290390777,105.922585,75.96493,174.54536,17.243023,22.284647,12.64132,3.3097782
2008-09-01,saarland,49.36863361947426,6.999888290390777,73.83,78.9604,124.728134,12.184823,16.804115,7.7344575,3.5975103
2008-10-01,saarland,49.36863361947426,6.999888290390777,81.28065,86.13194,70.89012,9.270595,13.308407,5.7916937,3.065524
2008-11-01,saarland,49.36863361947426,6.999888290390777,44.04,87.47751,37.279167,5.2245207,7.968583,2.3387916,3.5743747
2008-12-01,saarland,49.36863361947426,6.999888290390777,70.10645,87.66336,25.600807,0.99230844,3.1149194,-1.2161391,3.9315724
2009-01-01,saarland,49.36863361947426,6.999888290390777,58.519356,84.07324,43.132057,-1.4288406,1.9560885,-4.661018,3.4979537
2009-02-01,saarland,49.36863361947426,6.999888290390777,68.36786,84.11528,48.825893,1.5960715,4.5276227,-1.1797879,3.6029463
2009-03-01,saarland,49.36863361947426,6.999888290390777,87.770966,76.425064,100.19052,4.9406853,9.016703,0.87539315,4.2337294
2009-04-01,saarland,49.36863361947426,6.999888290390777,35.300003,68.688324,182.13126,12.20079,17.772938,6.7352705,3.374958
2009-05-01,saarland,49.36863361947426,6.999888290390777,33.541935,72.303795,207.50906,14.41888,19.813587,8.757278,3.4940019
2009-06-01,saarland,49.36863361947426,6.999888290390777,90.91,71.035484,235.98958,15.920822,21.39378,10.380656,3.3954167
2009-07-01,saarland,49.36863361947426,6.999888290390777,110.64516,74.16947,218.46976,18.053377,23.605352,13.094838,3.4144454
2009-08-01,saarland,49.36863361947426,6.999888290390777,42.49355,69.57078,214.97581,19.180798,25.507528,13.058306,2.722752
2009-09-01,saarland,49.36863361947426,6.999888290390777,48.626667,77.57063,139.10938,15.074354,20.572155,10.469375,3.2588747
2009-10-01,saarland,49.36863361947426,6.999888290390777,49.96452,81.88876,76.64718,9.318518,13.788951,5.302298,3.2668447
2009-11-01,saarland,49.36863361947426,6.999888290390777,156.29001,86.870384,33.388542,7.897917,10.720281,5.2444687,4.593792
2009-12-01,saarland,49.36863361947426,6.999888290390777,138.04193,87.75652,23.46371,1.5661391,4.291603,-1.1534375,3.940121
2010-01-01,saarland,49.36863361947426,6.999888290390777,61.964516,89.734924,25.709679,-1.8643246,0.05880042,-4.0029135,3.3210077
2010-02-01,saarland,49.36863361947426,6.999888290390777,116.467865,84.97958,45.919643,1.423203,4.15741,-0.95175225,4.486183
2010-03-01,saarland,49.36863361947426,6.999888290390777,63.9,70.96158,115.75001,5.1299896,9.139194,1.1806955,4.783206
2010-04-01,saarland,49.36863361947426,6.999888290390777,16.416668,62.611446,198.86041,10.003697,15.744895,4.0977182,3.9843335
2010-05-01,saarland,49.36863361947426,6.999888290390777,120.73871,78.18734,168.17238,11.007176,15.454727,6.5538206,3.2839918
2010-06-01,saarland,49.36863361947426,6.999888290390777,53.033333,66.90839,244.20001,17.432709,23.167782,11.71925,3.1786978
2010-07-01,saarland,49.36863361947426,6.999888290390777,76.19678,66.55891,243.9385,20.3251,26.680845,13.992157,2.8129938
2010-08-01,saarland,49.36863361947426,6.999888290390777,125.3,76.2896,168.19255,16.886421,21.920301,12.14638,3.572762
2010-09-01,saarland,49.36863361947426,6.999888290390777,89.89,81.06997,136.91771,12.804718,17.681313,8.474218,3.2396667
2010-10-01,saarland,49.36863361947426,6.999888290390777,42.858063,81.56392,85.9496,8.737137,13.389505,4.8461895,3.637631
2010-11-01,saarland,49.36863361947426,6.999888290390777,116.83666,88.716675,28.359375,5.6203227,7.6387706,3.806406,4.2519584
2010-12-01,saarland,49.36863361947426,6.999888290390777,132.47418,89.38046,21.083668,-1.9658365,0.06701613,-4.256421,3.5272079
2011-01-01,saarland,49.36863361947426,6.999888290390777,93.80646,87.10396,31.366936,1.9826311,4.4497175,-0.66541326,3.9859173
2011-02-01,saarland,49.36863361947426,6.999888290390777,29.057144,86.10733,48.766743,2.715223,5.690915,-0.16289061,3.5090737
2011-03-01,saarland,49.36863361947426,6.999888290390777,16.574194,66.61523,135.91936,6.984536,12.393105,2.02248,4.353679
2011-04-01,saarland,49.36863361947426,6.999888290390777,17.52,62.009487,209.34793,12.831364,19.123135,6.391469,3.3971143
2011-05-01,saarland,49.36863361947426,6.999888290390777,25.503225,58.037025,257.40424,14.919848,21.700836,7.7490215,3.445393
2011-06-01,saarland,49.36863361947426,6.999888290390777,92.956665,72.2727,213.56355,16.804092,22.086823,11.797417,3.647927
2011-07-01,saarland,49.36863361947426,6.999888290390777,75.74516,75.223976,194.03125,15.885685,21.10518,11.2168045,3.072762
2011-08-01,saarland,49.36863361947426,6.999888290390777,113.14194,77.426735,189.4607,17.875767,23.543306,12.856462,3.2441835
2011-09-01,saarland,49.36863361947426,6.999888290390777,44.216667,78.60942,150.0552,15.824135,21.3585,10.78752,3.313
2011-10-01,saarland,49.36863361947426,6.999888290390777,37.5129,83.70794,88.38206,9.956623,14.613719,5.9597883,3.579244
2011-11-01,saarland,49.36863361947426,6.999888290390777,6.696667,88.741714,43.131252,6.0646563,9.56125,3.1912084,2.9920104
2011-12-01,saarland,49.36863361947426,6.999888290390777,225.15161,89.08871,20.838709,4.3419857,6.664647,1.5683064,5.6415825
2012-01-01,saarland,49.36863361947426,6.999888290390777,117.95485,87.58251,29.841736,3.0026512,5.5210686,0.51355845,4.735998
2012-02-01,saarland,49.36863361947426,6.999888290390777,18.948277,75.97432,70.934265,-1.7322091,1.8292241,-5.1806035,3.977748
2012-03-01,saarland,49.36863361947426,6.999888290390777,18.093548,69.89131,131.92136,8.262268,13.701441,3.098135,3.4086995
2012-04-01,saarland,49.36863361947426,6.999888290390777,77.69667,72.49278,150.97397,8.304167,13.274885,3.7362082,3.9432082
2012-05-01,saarland,49.36863361947426,6.999888290390777,74.13226,70.8988,223.56349,14.734486,20.500402,9.051321,3.5113106
2012-06-01,saarland,49.36863361947426,6.999888290390777,121.55667,78.37738,198.25209,15.791541,20.858875,11.170802,3.4119582
2012-07-01,saarland,49.36863361947426,6.999888290390777,82.15483,75.47206,212.32462,17.331581,22.37262,12.315081,3.7613606
2012-08-01,saarland,49.36863361947426,6.999888290390777,43.800003,69.97429,209.40524,19.30394,25.220856,13.411159,3.168498
2012-09-01,saarland,49.36863361947426,6.999888290390777,52.173332,76.18734,147.7323,14.049666,20.071636,8.6718645,3.231052
2012-10-01,saarland,49.36863361947426,6.999888290390777,67.590324,83.5905,79.08064,9.590424,14.207087,5.3259773,3.7472782
2012-11-01,saarland,49.36863361947426,6.999888290390777,76.979996,89.24751,30.12604,5.7850313,8.513562,2.9030728,3.5448232
2012-12-01,saarland,49.36863361947426,6.999888290390777,173.68065,88.88043,23.336695,3.168629,5.4508166,0.78211695,4.880262
2013-01-01,saarland,49.36863361947426,6.999888290390777,64.59355,89.9722,23.00504,0.8039012,2.425504,-0.9979536,3.9870968
2013-02-01,saarland,49.36863361947426,6.999888290390777,48.764286,84.63995,46.473213,-0.34126115,1.9061383,-2.7321987,3.9066966
2013-03-01,saarland,49.36863361947426,6.999888290390777,52.909676,75.39667,98.04234,2.0679736,6.204193,-1.5616531,4.1445966
2013-04-01,saarland,49.36863361947426,6.999888290390777,91.840004,71.08295,151.42395,8.796469,13.177572,4.6888957,4.2412605
2013-05-01,saarland,49.36863361947426,6.999888290390777,165.14194,82.40082,156.20059,11.018135,15.301421,7.194113,3.6081953
2013-06-01,saarland,49.36863361947426,6.999888290390777,87.68667,73.7558,224.28854,16.147364,21.348833,10.784469,3.5504584
2013-07-01,saarland,49.36863361947426,6.999888290390777,49.119354,68.12062,257.5716,20.478931,26.49989,14.440866,3.1788
2013-08-01,saarland,49.36863361947426,6.999888290390777,54.700005,71.60161,201.23993,18.261784,24.329857,12.661623,2.8098485
2013-09-01,saarland,49.36863361947426,6.999888290390777,106.34667,83.74714,130.46667,14.03274,18.804749,9.762302,3.4845624
2013-10-01,saarland,49.36863361947426,6.999888290390777,146.71613,87.29192,71.521164,11.517773,15.330776,8.334032,3.9014413
2013-11-01,saarland,49.36863361947426,6.999888290390777,105.82333,89.15827,31.254166,4.823792,7.270135,2.3325312,4.039094
2013-12-01,saarland,49.36863361947426,6.999888290390777,65.451614,87.70536,29.30343,3.7549496,6.606845,0.95652217,4.1791735
2014-01-01,saarland,49.36863361947426,6.999888290390777,73.506454,88.67279,33.158264,4.118004,6.802238,1.3716532,3.9157157
2014-02-01,saarland,49.36863361947426,6.999888290390777,108.14285,86.58665,52.541298,4.735379,7.951708,1.6012834,4.562299
2014-03-01,saarland,49.36863361947426,6.999888290390777,10.035484,70.94447,140.40927,7.9050403,14.026037,2.3984072,3.6523685
2014-04-01,saarland,49.36863361947426,6.999888290390777,14.246667,69.23007,173.06772,11.869948,17.626625,6.2218957,3.0367706
2014-05-01,saarland,49.36863361947426,6.999888290390777,78.7871,73.86502,203.29033,12.909174,18.325432,7.6887403,3.7268448
2014-06-01,saarland,49.36863361947426,6.999888290390777,33.230003,62.56368,255.91458,17.69075,23.866718,11.425718,3.2058854
2014-07-01,saarland,49.36863361947426,6.999888290390777,144.76129,73.81592,202.96674,19.314163,24.90139,14.352166,3.064859
2014-08-01,saarland,49.36863361947426,6.999888290390777,103.60968,82.40057,170.33165,15.745271,20.772156,11.454949,3.1080544
2014-09-01,saarland,49.36863361947426,6.999888290390777,38.72333,83.20157,138.1354,15.443208,20.85382,10.862144,2.843448
2014-10-01,saarland,49.36863361947426,6.999888290390777,96.616135,89.881226,74.01613,12.416662,16.5289,8.868912,2.9166737
2014-11-01,saarland,49.36863361947426,6.999888290390777,75.986664,92.66225,34.7,7.100916,9.560791,4.9627705,3.3093438
2014-12-01,saarland,49.36863361947426,6.999888290390777,105.312904,91.51632,17.35484,3.1235886,4.8476815,1.0417843,4.708508
2015-01-01,saarland,49.36863361947426,6.999888290390777,120.80645,89.20169,24.88609,1.8621471,4.1604033,-0.43895158,4.4862394
2015-02-01,saarland,49.36863361947426,6.999888290390777,43.24286,85.867226,57.77902,1.1046762,4.097433,-1.6808816,3.7279572
2015-03-01,saarland,49.36863361947426,6.999888290390777,52.148388,75.1879,120.78931,5.8989315,10.94127,1.2339516,4.246966
2015-04-01,saarland,49.36863361947426,6.999888290390777,50.79,63.872196,195.80313,9.971927,15.794521,3.814104,3.5868645
2015-05-01,saarland,49.36863361947426,6.999888290390777,43.825806,71.105576,206.874,13.198538,18.463657,7.7254434,3.4444656
2015-06-01,saarland,49.36863361947426,6.999888290390777,39.36,66.74219,237.8646,17.13655,22.892635,11.096615,3.5755935
2015-07-01,saarland,49.36863361947426,6.999888290390777,28.967743,60.729156,238.00604,21.008175,27.587631,14.580936,3.8914616
2015-08-01,saarland,49.36863361947426,6.999888290390777,66.84515,68.1334,198.75404,20.39886,26.687025,14.626069,3.247238
2015-09-01,saarland,49.36863361947426,6.999888290390777,109.513336,79.26383,130.83125,12.9905615,17.81953,8.831041,3.8430521
2015-10-01,saarland,49.36863361947426,6.999888290390777,22.819355,86.54529,69.26613,8.984909,12.447732,5.8233767,3.0114517
2015-11-01,saarland,49.36863361947426,6.999888290390777,109.35333,89.38983,38.939583,7.5765204,10.573687,4.7225933,4.648979
2015-12-01,saarland,49.36863361947426,6.999888290390777,35.351612,90.95113,31.843752,6.951643,9.844224,4.1225405,3.815383
2016-01-01,saarland,49.36863361947426,6.999888290390777,123.44839,89.914345,31.582663,2.7582357,5.558508,0.032772183,4.282883
2016-02-01,saarland,49.36863361947426,6.999888290390777,157.03448,84.87888,48.80819,3.8430495,6.6635447,1.2303879,5.5278125
2016-03-01,saarland,49.36863361947426,6.999888290390777,98.4871,79.25789,97.73689,4.391643,8.160847,0.90427417,4.2410383
2016-04-01,saarland,49.36863361947426,6.999888290390777,94.58667,75.974304,153.12915,8.153749,13.215635,3.4129894,3.5435934
2016-05-01,saarland,49.36863361947426,6.999888290390777,89.7129,73.30009,191.61594,13.492732,18.80241,8.410877,3.3909776
2016-06-01,saarland,49.36863361947426,6.999888290390777,159.92,83.60631,179.71562,16.533613,21.325603,12.523541,2.8831458
2016-07-01,saarland,49.36863361947426,6.999888290390777,42.641933,73.59913,211.48889,19.058586,24.508083,13.889132,2.8034675
2016-08-01,saarland,49.36863361947426,6.999888290390777,21.793549,72.62767,204.43346,18.774231,25.060736,13.029405,2.9877825
2016-09-01,saarland,49.36863361947426,6.999888290390777,31.453333,72.87064,151.86667,17.361593,23.635178,11.846354,2.585073
2016-10-01,saarland,49.36863361947426,6.999888290390777,59.948387,87.17633,72.744965,8.867318,12.695482,5.503125,3.3159575
2016-11-01,saarland,49.36863361947426,6.999888290390777,81.94333,86.22633,36.478127,5.0399685,8.0008955,2.3099062,4.056104
2016-12-01,saarland,49.36863361947426,6.999888290390777,11.719355,90.33314,31.586693,1.4251008,4.187429,-1.1272783,3.039163
2017-01-01,saarland,49.36863361947426,6.999888290390777,41.406456,83.03433,37.784275,-1.5803629,1.2940826,-4.2257457,3.8151512
2017-02-01,saarland,49.36863361947426,6.999888290390777,85.74285,85.47481,55.28795,4.416897,7.652321,1.275491,4.4108706
2017-03-01,saarland,49.36863361947426,6.999888290390777,80.72581,73.68941,121.345764,8.523488,13.617126,3.8819554,4.6447177
2017-04-01,saarland,49.36863361947426,6.999888290390777,4.5333333,64.24173,184.625,8.565646,14.42702,2.655802,3.0920935
2017-05-01,saarland,49.36863361947426,6.999888290390777,54.245163,70.17351,224.06754,15.180302,21.066732,9.381613,2.9769154
2017-06-01,saarland,49.36863361947426,6.999888290390777,72.10333,67.23903,255.99896,18.894438,24.937084,12.685135,3.4708955
2017-07-01,saarland,49.36863361947426,6.999888290390777,131.43549,73.16819,210.25806,19.222187,24.61265,14.180957,3.3935282
2017-08-01,saarland,49.36863361947426,6.999888290390777,66.35806,77.13874,182.53731,18.264383,23.438768,13.523487,2.8389215
2017-09-01,saarland,49.36863361947426,6.999888290390777,96.54666,84.01697,129.05104,12.780832,18.144302,8.468156,3.2036872
2017-10-01,saarland,49.36863361947426,6.999888290390777,46.89032,86.11691,79.71069,11.067106,15.421078,7.1256247,3.5509174
2017-11-01,saarland,49.36863361947426,6.999888290390777,149.73334,89.4613,33.597916,5.1886044,8.042093,2.3802185,3.7334685
2017-12-01,saarland,49.36863361947426,6.999888290390777,143.58386,90.06941,19.577621,3.0279336,5.029415,1.0920161,4.729516
2018-01-01,saarland,49.36863361947426,6.999888290390777,201.92581,89.353294,25.103832,5.127016,7.168528,2.9256148,5.317812
2018-02-01,saarland,49.36863361947426,6.999888290390777,20.657143,76.01114,73.23549,-0.7813281,2.2864285,-3.4441183,4.349263
2018-03-01,saarland,49.36863361947426,6.999888290390777,70.1129,80.00431,94.070564,3.866522,7.868669,0.29584676,4.13879
2018-04-01,saarland,49.36863361947426,6.999888290390777,38.056667,68.75313,186.55833,12.8075,18.680813,6.6055107,3.7074795
2018-05-01,saarland,49.36863361947426,6.999888290390777,120.1129,69.55367,237.43146,16.08984,22.119991,10.30746,3.3048992
2018-06-01,saarland,49.36863361947426,6.999888290390777,83.37334,72.98546,227.48125,18.232697,23.672585,12.904207,2.8853436
2018-07-01,saarland,49.36863361947426,6.999888290390777,32.409676,58.719715,252.48991,21.520706,28.22633,15.057308,2.7630847
2018-08-01,saarland,49.36863361947426,6.999888290390777,57.712902,66.55884,214.73286,19.93765,26.523205,13.760403,2.8900504
2018-09-01,saarland,49.36863361947426,6.999888290390777,31.246668,69.95723,162.91667,15.599613,22.391918,9.328646,2.9754272
2018-10-01,saarland,49.36863361947426,6.999888290390777,14.609677,78.75621,94.86189,11.4750805,17.086521,6.609909,3.5996673
2018-11-01,saarland,49.36863361947426,6.999888290390777,63.61667,85.15324,42.595833,6.580021,9.807083,3.780427,3.8263125
2018-12-01,saarland,49.36863361947426,6.999888290390777,184.90323,88.874374,23.266129,4.0058866,6.308276,1.6946472,4.4185886
2019-01-01,saarland,49.36863361947426,6.999888290390777,81.90968,87.50714,28.736895,1.0135584,3.0556955,-1.1607258,4.1388507
2019-02-01,saarland,49.36863361947426,6.999888290390777,46.178574,73.69457,84.592636,4.9576225,10.639475,0.34333706,3.5456028
2019-03-01,saarland,49.36863361947426,6.999888290390777,97.17097,74.10218,115.79436,7.312066,11.904434,2.8743348,5.412147
2019-04-01,saarland,49.36863361947426,6.999888290390777,62.48667,70.909546,177.01772,9.71728,15.080374,4.6521354,3.645781
2019-05-01,saarland,49.36863361947426,6.999888290390777,91.44839,72.86251,199.64415,11.5332155,16.831118,6.233911,3.1818347
2019-06-01,saarland,49.36863361947426,6.999888290390777,27.746666,65.20324,235.7698,19.779646,26.142967,13.159813,3.339385
2019-07-01,saarland,49.36863361947426,6.999888290390777,41.619354,59.45569,234.97682,20.279001,26.899647,13.665795,2.918881
2019-08-01,saarland,49.36863361947426,6.999888290390777,58.767742,67.67409,206.33769,19.569405,26.184908,13.677883,2.8306956
2019-09-01,saarland,49.36863361947426,6.999888290390777,70.90667,71.80329,148.03958,14.71102,20.114489,9.673468,3.4793959
2019-10-01,saarland,49.36863361947426,6.999888290390777,136.2355,86.605225,67.68851,11.315141,15.087308,7.9065924,3.976169
2019-11-01,saarland,49.36863361947426,6.999888290390777,108.403336,91.05491,33.766666,5.211708,8.009531,2.5288334,3.7828956
2019-12-01,saarland,49.36863361947426,6.999888290390777,146.95807,88.05555,29.053427,4.29253,6.9034576,1.7590827,4.3592744
2020-01-01,saarland,49.36863361947426,6.999888290390777,73.822586,88.25633,35.873993,3.7430947,6.403599,0.9352621,4.0686893
2020-02-01,saarland,49.36863361947426,6.999888290390777,203.07242,82.13195,60.5959,5.6765404,8.969073,2.4925323,6.329569
2020-03-01,saarland,49.36863361947426,6.999888290390777,87.0258,69.31293,130.96371,6.4135385,10.952147,2.1677718,5.12252
2020-04-01,saarland,49.36863361947426,6.999888290390777,24.990002,54.135582,232.36877,12.454271,19.415508,5.514843,3.5529273
2020-05-01,saarland,49.36863361947426,6.999888290390777,48.580643,62.117012,256.62097,13.484173,19.588346,6.9062095,3.4482257
2020-06-01,saarland,49.36863361947426,6.999888290390777,73.99667,71.178894,225.51666,16.93076,22.449709,11.610343,3.342708
2020-07-01,saarland,49.36863361947426,6.999888290390777,17.806452,60.074593,248.58165,19.180485,25.638409,12.570211,3.3383062
2020-08-01,saarland,49.36863361947426,6.999888290390777,46.080647,64.02609,203.76309,21.044605,27.624575,15.266764,3.1792943
2020-09-01,saarland,49.36863361947426,6.999888290390777,56.083336,68.203156,154.36667,16.361792,22.599228,10.922625,2.9922814
2020-10-01,saarland,49.36863361947426,6.999888290390777,124.55483,85.7077,62.492943,10.321884,13.456754,7.454466,4.2492743
2020-11-01,saarland,49.36863361947426,6.999888290390777,35.89,86.963715,51.02604,6.5688334,10.391562,3.2124376,3.3259478
2020-12-01,saarland,49.36863361947426,6.999888290390777,138.48387,90.60396,20.420364,4.1807456,6.121623,1.9976208,3.6335282
2021-01-01,saarland,49.36863361947426,6.999888290390777,108.56774,88.596375,30.559475,1.2378831,3.370736,-1.066381,4.0637197
2021-02-01,saarland,49.36863361947426,6.999888290390777,84.73572,77.37172,77.9029,4.2554913,8.438314,0.42799103,3.9429798
2021-03-01,saarland,49.36863361947426,6.999888290390777,60.474194,69.30158,131.97983,5.977379,11.286703,1.1405141,3.8036592
2021-04-01,saarland,49.36863361947426,6.999888290390777,29.989998,62.907528,197.2854,7.290677,12.919761,1.7334478,3.6577604
2021-05-01,saarland,49.36863361947426,6.999888290390777,110.92903,74.89804,195.28629,10.572338,15.52761,5.8159676,4.387409
2021-06-01,saarland,49.36863361947426,6.999888290390777,95.8,71.664566,241.04791,19.392323,25.005665,14.069792,2.7256665
2021-07-01,saarland,49.36863361947426,6.999888290390777,139.24194,77.826675,205.21371,17.81775,22.858932,13.24131,2.9522579
2021-08-01,saarland,49.36863361947426,6.999888290390777,68.42903,79.28915,177.43246,16.811493,21.668526,12.6049595,2.9789414
2021-09-01,saarland,49.36863361947426,6.999888290390777,25.073334,76.75717,163.85104,15.864759,21.77453,10.674707,2.7321875
2021-10-01,saarland,49.36863361947426,6.999888290390777,61.403225,84.7294,92.33266,9.9424095,15.068366,5.5309277,3.337006
2021-11-01,saarland,49.36863361947426,6.999888290390777,64.903336,89.62023,40.54792,4.3199477,6.9127083,1.8662083,3.1029167
2021-12-01,saarland,49.36863361947426,6.999888290390777,85.46774,90.008675,22.782257,3.9765425,6.2539916,1.6828023,3.679899
2022-01-01,saarland,49.36863361947426,6.999888290390777,94.67097,88.4238,32.51613,2.3892539,5.028266,-0.026965722,3.8148992
2022-02-01,saarland,49.36863361947426,6.999888290390777,120.16428,80.221466,66.981026,4.9352674,8.377075,1.6894307,5.6361938
2022-03-01,saarland,49.36863361947426,6.999888290390777,24.49355,59.28765,153.124,7.1287093,12.888416,1.8841634,3.5925906
2022-04-01,saarland,49.36863361947426,6.999888290390777,83.566666,66.23358,185.6375,9.159103,14.270979,4.123458,4.1549997
2022-05-01,saarland,49.36863361947426,6.999888290390777,47.53871,65.20062,247.40524,15.703356,21.894697,9.341935,3.3329332
2022-06-01,saarland,49.36863361947426,6.999888290390777,55.17,65.40373,259.08545,19.02156,25.496029,12.594573,2.962646
2022-07-01,saarland,49.36863361947426,6.999888290390777,4.8967743,53.374588,278.27924,21.08257,28.108688,13.787812,2.9963808
2022-08-01,saarland,49.36863361947426,6.999888290390777,21.351612,55.241924,202.86694,21.836784,28.96863,14.956824,3.0865827
2022-09-01,saarland,49.36863361947426,6.999888290390777,137.43333,77.92102,125.5375,14.077894,19.540855,9.525114,3.0411248
2022-10-01,saarland,49.36863361947426,6.999888290390777,123.91935,84.82774,82.70564,13.331784,18.16643,9.131412,2.977399
2022-11-01,saarland,49.36863361947426,6.999888290390777,110.8,89.890396,43.80104,7.683187,10.268208,4.9704895,3.4273229
2022-12-01,saarland,49.36863361947426,6.999888290390777,82.841934,87.995804,24.86492,3.138619,5.4450703,0.7497984,3.9806752
2023-01-01,saarland,49.36863361947426,6.999888290390777,126.3613,88.03506,25.65625,3.8152618,5.5838203,1.988992,5.04374
2023-02-01,saarland,49.36863361947426,6.999888290390777,10.589286,79.20441,69.92969,4.348281,8.19125,1.1196764,4.160614
2023-03-01,saarland,49.36863361947426,6.999888290390777,160.41934,77.30045,99.982864,6.649637,10.846592,2.5945058,4.617742
2023-04-01,saarland,49.36863361947426,6.999888290390777,81.53999,73.07936,151.27814,8.571083,13.345417,3.9857397,3.900031
2023-05-01,saarland,49.36863361947426,6.999888290390777,38.73871,67.49291,231.88509,14.467237,20.100473,8.950988,3.6584272
2023-06-01,saarland,49.36863361947426,6.999888290390777,8.780001,53.640945,291.24377,20.488968,27.07555,13.608343,3.3535523
2023-07-01,saarland,49.36863361947426,6.999888290390777,115.4,65.718185,219.8871,19.244102,24.986702,13.735665,3.6680343
2023-08-01,saarland,49.36863361947426,6.999888290390777,144.98387,78.685074,152.02116,18.546139,23.880512,13.889214,3.1477215
2023-09-01,saarland,49.36863361947426,6.999888290390777,35.3,74.69188,154.4552,18.107405,24.626602,12.467812,2.976646
2023-10-01,saarland,49.36863361947426,6.999888290390777,155.23227,83.6755,80.439514,12.158245,16.910454,7.969203,3.6494758
2023-11-01,saarland,49.36863361947426,6.999888290390777,194.91667,88.82176,35.84479,6.318354,8.722802,3.9355416,4.953521
2023-12-01,saarland,49.36863361947426,6.999888290390777,130.45161,89.18325,21.18246,4.8405037,6.861754,2.9155746,4.9458666
2024-01-01,saarland,49.36863361947426,6.999888290390777,126.49678,82.43999,35.743954,2.0002115,5.034587,-1.2701008,4.528276
2024-02-01,saarland,49.36863361947426,6.999888290390777,134.25172,87.05267,49.915947,7.017306,9.883093,4.252166,4.7846546
2024-03-01,saarland,49.36863361947426,6.999888290390777,97.73871,78.99653,102.54335,8.32745,12.548023,4.5830345,3.5118346
2024-04-01,saarland,49.36863361947426,6.999888290390777,79.58666,72.87324,157.43228,10.130074,15.317198,5.2955103,3.85226
2024-05-01,saarland,49.36863361947426,6.999888290390777,215.6742,78.422966,187.46571,14.350182,19.192932,9.756955,3.1804333
2024-06-01,saarland,49.36863361947426,6.999888290390777,73.31,72.94863,221.69376,16.83575,22.084156,11.366249,3.177698
2024-07-01,saarland,49.36863361947426,6.999888290390777,87.938705,73.87686,224.52219,19.074324,24.50904,13.851552,2.8433466
2024-08-01,saarland,49.36863361947426,6.999888290390777,66.645164,73.207886,224.52924,20.338396,26.454727,14.706844,2.7588809
2024-09-01,saarland,49.36863361947426,6.999888290390777,159.42667,80.39356,129.5875,15.28228,19.711906,11.314354,3.7682292
2024-10-01,saarland,49.36863361947426,6.999888290390777,87.951614,88.428696,69.15323,11.688749,15.615807,8.2494755,3.0700603
2024-11-01,saarland,49.36863361947426,6.999888290390777,92.03,86.918,32.56875,5.9655,8.366083,3.435302,3.7529688
2024-12-01,saarland,49.36863361947426,6.999888290390777,79.29033,88.583916,22.036291,2.7726912,4.976845,0.5214314,4.034526
2000-01-01,sachsen,51.044924925851376,13.356499840295687,547.31934,84.16289,31.051987,0.012494016,2.3743804,-2.8540576,4.619052
2000-02-01,sachsen,51.044924925851376,13.356499840295687,565.40344,81.491745,56.716724,3.4772398,6.758901,0.5285537,4.7458334
2000-03-01,sachsen,51.044924925851376,13.356499840295687,1077.3291,83.227905,81.83618,4.3140373,7.6943827,1.4386402,4.6083136
2000-04-01,sachsen,51.044924925851376,13.356499840295687,191.53334,71.53827,177.03734,10.707373,16.338184,5.504591,3.273844
2000-05-01,sachsen,51.044924925851376,13.356499840295687,325.18066,65.219666,239.30284,15.02423,21.249352,8.69369,2.6328166
2000-06-01,sachsen,51.044924925851376,13.356499840295687,320.07333,62.86364,245.73706,17.564812,23.303347,11.380062,3.0048084
2000-07-01,sachsen,51.044924925851376,13.356499840295687,687.6323,77.01022,156.50758,15.474959,19.805798,11.725121,3.213283
2000-08-01,sachsen,51.044924925851376,13.356499840295687,501.59677,68.74606,204.757,18.292715,24.444824,12.695365,2.360129
2000-09-01,sachsen,51.044924925851376,13.356499840295687,444.14667,79.41525,123.10344,13.71852,18.581018,9.7858515,2.891748
2000-10-01,sachsen,51.044924925851376,13.356499840295687,358.47418,81.94922,64.395096,11.194696,15.160755,8.045351,3.1443734
2000-11-01,sachsen,51.044924925851376,13.356499840295687,250.99667,82.3994,40.850826,6.091778,9.3503475,3.2747934,3.528296
2000-12-01,sachsen,51.044924925851376,13.356499840295687,224.55807,83.4975,26.364836,2.541722,5.294584,0.113040514,3.9987748
2001-01-01,sachsen,51.044924925851376,13.356499840295687,202.8,84.26732,31.032125,0.36479875,2.8741856,-2.135857,3.476674
2001-02-01,sachsen,51.044924925851376,13.356499840295687,357.32858,80.3798,58.356705,1.4849544,5.0091276,-1.8234237,4.0158916
2001-03-01,sachsen,51.044924925851376,13.356499840295687,752.90967,83.156815,81.35457,3.3019247,6.855097,0.21184215,3.7117407
2001-04-01,sachsen,51.044924925851376,13.356499840295687,416.15332,77.08699,143.60262,7.167928,11.795113,3.0145812,3.4656336
2001-05-01,sachsen,51.044924925851376,13.356499840295687,375.3645,69.042175,233.36937,14.098331,19.299618,8.450553,3.0691853
2001-06-01,sachsen,51.044924925851376,13.356499840295687,614.88666,77.294075,194.8482,14.170257,18.957827,9.455397,2.9389613
2001-07-01,sachsen,51.044924925851376,13.356499840295687,738.9387,71.78602,220.75511,18.395338,23.702604,12.763005,2.7922938
2001-08-01,sachsen,51.044924925851376,13.356499840295687,407.2,73.263794,186.79593,18.860445,24.51845,13.86685,2.9369886
2001-09-01,sachsen,51.044924925851376,13.356499840295687,958.54333,85.378494,87.88237,11.745367,14.958775,8.984807,3.4678442
2001-10-01,sachsen,51.044924925851376,13.356499840295687,277.2871,82.641266,76.67582,12.500072,16.938787,8.785329,3.1550305
2001-11-01,sachsen,51.044924925851376,13.356499840295687,582.57666,87.729,34.79573,3.2734573,5.7012753,0.79226863,3.3864062
2001-12-01,sachsen,51.044924925851376,13.356499840295687,683.54834,86.87537,22.075579,-1.468331,0.9833124,-4.0235257,4.1356235
2002-01-01,sachsen,51.044924925851376,13.356499840295687,258.59998,81.20498,35.539593,0.64413357,3.7698839,-2.6739058,4.31944
2002-02-01,sachsen,51.044924925851376,13.356499840295687,645.0571,77.666534,59.25325,4.7479515,8.221563,1.4584814,5.386992
2002-03-01,sachsen,51.044924925851376,13.356499840295687,307.271,75.234436,101.48747,4.7753477,9.205401,1.0221647,3.6677043
2002-04-01,sachsen,51.044924925851376,13.356499840295687,361.40332,73.4564,151.97812,7.4973164,12.129639,2.8610163,3.2578168
2002-05-01,sachsen,51.044924925851376,13.356499840295687,475.97742,76.27799,200.88097,14.67468,19.41878,10.104394,2.7855144
2002-06-01,sachsen,51.044924925851376,13.356499840295687,456.30002,73.211235,220.35081,17.168756,22.164785,12.10855,2.8976295
2002-07-01,sachsen,51.044924925851376,13.356499840295687,577.6193,72.07914,191.5953,18.424898,23.627111,13.2607,2.9503598
2002-08-01,sachsen,51.044924925851376,13.356499840295687,1563.5194,78.47834,182.25845,19.276304,24.728424,14.715522,2.2938175
2002-09-01,sachsen,51.044924925851376,13.356499840295687,416.56,79.659355,128.0934,12.756713,17.761274,8.527253,2.5421474
2002-10-01,sachsen,51.044924925851376,13.356499840295687,616.4968,82.19835,65.05345,7.8872004,11.362774,4.612293,4.18257
2002-11-01,sachsen,51.044924925851376,13.356499840295687,973.85333,86.91613,32.449173,4.7475114,7.764259,1.8384036,3.2713594
2002-12-01,sachsen,51.044924925851376,13.356499840295687,473.79355,86.775406,23.614904,-1.8524833,0.6434417,-4.2490683,3.5024912
2003-01-01,sachsen,51.044924925851376,13.356499840295687,555.8484,86.329735,28.457878,-1.1822181,1.6422514,-4.189245,3.7794921
2003-02-01,sachsen,51.044924925851376,13.356499840295687,98.52143,79.002365,73.397285,-2.9454532,1.4566971,-7.054995,2.8251448
2003-03-01,sachsen,51.044924925851376,13.356499840295687,211.3129,75.08763,116.161964,4.4154973,9.315413,0.21868701,3.1371968
2003-04-01,sachsen,51.044924925851376,13.356499840295687,233.12668,64.78464,183.78099,7.9190564,13.280171,2.2153485,3.7612686
2003-05-01,sachsen,51.044924925851376,13.356499840295687,319.69354,67.719635,224.70154,14.811433,20.295605,9.015729,3.1104558
2003-06-01,sachsen,51.044924925851376,13.356499840295687,328.8,62.704254,266.166,19.412397,25.385307,12.660818,2.8185632
2003-07-01,sachsen,51.044924925851376,13.356499840295687,547.0549,68.80626,215.85576,18.925957,24.554537,13.581519,2.7683241
2003-08-01,sachsen,51.044924925851376,13.356499840295687,131.60645,59.561337,223.8579,20.269741,26.965912,13.566517,2.6179006
2003-09-01,sachsen,51.044924925851376,13.356499840295687,366.2667,71.67241,143.70619,14.094059,20.103027,8.821235,2.705004
2003-10-01,sachsen,51.044924925851376,13.356499840295687,384.80646,82.0634,72.13649,5.4937077,9.280096,1.7576499,3.3756516
2003-11-01,sachsen,51.044924925851376,13.356499840295687,202.27333,83.86445,41.585125,5.806632,9.287815,2.9295425,3.5833979
2003-12-01,sachsen,51.044924925851376,13.356499840295687,328.7129,81.85576,28.231937,1.3087764,4.347802,-1.6216236,4.3802333
2004-01-01,sachsen,51.044924925851376,13.356499840295687,642.0387,84.94363,29.398693,-1.7692069,0.88444686,-4.9405184,3.8697774
2004-02-01,sachsen,51.044924925851376,13.356499840295687,373.40344,80.42435,48.46836,2.0062826,4.5560102,-0.57649183,4.5402822
2004-03-01,sachsen,51.044924925851376,13.356499840295687,312.1355,75.83155,103.510796,3.8741386,7.773453,0.09665825,3.9973445
2004-04-01,sachsen,51.044924925851376,13.356499840295687,200.65001,71.3024,171.0697,9.251566,14.546526,3.979879,3.1230826
2004-05-01,sachsen,51.044924925851376,13.356499840295687,780.1742,76.3003,190.02464,11.315233,15.920259,6.536764,2.914996
2004-06-01,sachsen,51.044924925851376,13.356499840295687,533.85,74.50476,210.81529,15.188966,20.194462,10.075827,3.0215359
2004-07-01,sachsen,51.044924925851376,13.356499840295687,838.05164,74.182846,216.82657,16.972157,22.485249,11.797118,2.8868713
2004-08-01,sachsen,51.044924925851376,13.356499840295687,389.78387,70.20703,196.75287,18.547146,24.18183,13.092195,3.089159
2004-09-01,sachsen,51.044924925851376,13.356499840295687,434.44,73.377945,143.10109,13.633688,18.973549,8.49156,3.3765702
2004-10-01,sachsen,51.044924925851376,13.356499840295687,307.7129,80.912384,80.56345,9.848454,14.316738,5.775001,3.199212
2004-11-01,sachsen,51.044924925851376,13.356499840295687,910.0633,88.04043,30.970938,3.8823595,6.32173,1.4856102,3.8114817
2004-12-01,sachsen,51.044924925851376,13.356499840295687,324.36127,85.94411,24.438683,0.79225135,3.1912704,-1.5898587,3.498687
2005-01-01,sachsen,51.044924925851376,13.356499840295687,648.86127,82.85668,30.07558,1.5814489,3.8322031,-0.73108906,5.0213995
2005-02-01,sachsen,51.044924925851376,13.356499840295687,588.475,84.08537,52.404514,-2.0798361,0.64571726,-5.1140065,3.6746726
2005-03-01,sachsen,51.044924925851376,13.356499840295687,275.08386,75.36241,109.44281,2.49036,6.8353415,-1.7313782,3.696546
2005-04-01,sachsen,51.044924925851376,13.356499840295687,160.38333,67.06816,178.15454,9.162666,14.992694,3.0658937,2.75615
2005-05-01,sachsen,51.044924925851376,13.356499840295687,558.9355,72.70561,219.3607,12.882063,18.249302,7.419667,2.91237
2005-06-01,sachsen,51.044924925851376,13.356499840295687,491.04,69.60961,230.28871,15.812716,21.274307,9.735858,2.7590318
2005-07-01,sachsen,51.044924925851376,13.356499840295687,947.171,73.75376,207.4223,18.053457,23.59493,12.827419,2.793835
2005-08-01,sachsen,51.044924925851376,13.356499840295687,664.15485,77.30765,176.95493,15.759259,20.89663,10.960119,2.6697614
2005-09-01,sachsen,51.044924925851376,13.356499840295687,443.38666,77.79837,147.99077,14.741466,20.604214,9.409494,2.3870342
2005-10-01,sachsen,51.044924925851376,13.356499840295687,166.10646,78.38028,91.83271,10.636671,15.720965,6.2256384,3.1885562
2005-11-01,sachsen,51.044924925851376,13.356499840295687,323.06665,85.78064,35.520935,3.5298471,6.4212976,0.7133953,3.2800221
2005-12-01,sachsen,51.044924925851376,13.356499840295687,639.7129,88.80981,21.361504,0.28725004,2.3048732,-2.129644,3.9390526
2006-01-01,sachsen,51.044924925851376,13.356499840295687,217.01291,83.5786,38.47854,-3.993723,-0.63413626,-7.1636004,3.0927057
2006-02-01,sachsen,51.044924925851376,13.356499840295687,467.52502,85.60652,52.328804,-1.5642208,1.0601741,-4.564501,3.3099365
2006-03-01,sachsen,51.044924925851376,13.356499840295687,586.44836,82.02122,96.146095,0.87790453,4.139084,-2.3832471,3.3712063
2006-04-01,sachsen,51.044924925851376,13.356499840295687,363.53668,73.46558,151.59628,8.223328,13.040114,3.6758332,3.0233386
2006-05-01,sachsen,51.044924925851376,13.356499840295687,504.2355,66.95168,221.74753,12.92814,18.38713,7.03187,3.471413
2006-06-01,sachsen,51.044924925851376,13.356499840295687,364.92334,68.784615,242.89325,16.778885,22.657549,10.338975,2.4243321
2006-07-01,sachsen,51.044924925851376,13.356499840295687,222.00645,59.558388,272.43576,22.178564,29.088564,14.725286,2.282966
2006-08-01,sachsen,51.044924925851376,13.356499840295687,906.33875,76.59993,150.57439,15.735297,20.577536,11.680075,3.2098763
2006-09-01,sachsen,51.044924925851376,13.356499840295687,165.33002,70.21888,157.93388,16.832619,22.693773,11.265726,3.1541047
2006-10-01,sachsen,51.044924925851376,13.356499840295687,540.22906,79.46755,80.56598,11.5972805,16.055628,7.433848,3.3489108
2006-11-01,sachsen,51.044924925851376,13.356499840295687,405.62003,81.593666,38.095043,6.8417215,10.127096,3.635201,4.3843594
2006-12-01,sachsen,51.044924925851376,13.356499840295687,271.32904,82.89703,27.047453,4.3228726,6.759424,1.812846,3.8477113
2007-01-01,sachsen,51.044924925851376,13.356499840295687,587.84515,79.31121,29.353373,4.394753,6.741267,1.4064022,6.1290026
2007-02-01,sachsen,51.044924925851376,13.356499840295687,459.12857,83.86664,51.305786,3.590183,6.5643196,0.75061685,3.9928973
2007-03-01,sachsen,51.044924925851376,13.356499840295687,405.21936,74.76576,113.745674,5.9884524,10.605275,1.3643456,3.881021
2007-04-01,sachsen,51.044924925851376,13.356499840295687,11.736668,60.69739,214.28719,10.647146,17.115044,3.3778167,3.158822
2007-05-01,sachsen,51.044924925851376,13.356499840295687,859.3032,67.290344,227.2286,14.587988,20.612978,8.123632,3.308823
2007-06-01,sachsen,51.044924925851376,13.356499840295687,651.9167,71.598785,222.37823,17.864721,23.393929,12.397494,2.986128
2007-07-01,sachsen,51.044924925851376,13.356499840295687,774.1581,70.14944,202.15515,17.87035,23.120392,12.8173685,3.5272808
2007-08-01,sachsen,51.044924925851376,13.356499840295687,682.06775,73.70877,187.90562,17.164564,22.723537,11.683035,2.520893
2007-09-01,sachsen,51.044924925851376,13.356499840295687,799.12,79.44016,116.29381,12.3348055,16.708546,8.111841,3.4945176
2007-10-01,sachsen,51.044924925851376,13.356499840295687,175.16452,84.247604,72.05851,7.7777586,11.691025,3.9332445,2.4911358
2007-11-01,sachsen,51.044924925851376,13.356499840295687,782.07,87.134636,30.252754,2.7940452,5.112352,0.41886774,4.0694423
2007-12-01,sachsen,51.044924925851376,13.356499840295687,301.5,83.7999,23.926285,1.0795987,3.283091,-1.0420874,3.7995079
2008-01-01,sachsen,51.044924925851376,13.356499840295687,540.85486,81.33665,31.47614,3.2350893,5.712603,0.60443217,4.8745503
2008-02-01,sachsen,51.044924925851376,13.356499840295687,249.48965,76.734344,64.900116,3.8726826,7.3052835,0.39331293,3.8064847
2008-03-01,sachsen,51.044924925851376,13.356499840295687,464.01935,75.445946,101.31486,3.934432,7.709213,0.32223007,4.6846437
2008-04-01,sachsen,51.044924925851376,13.356499840295687,779.40674,77.95178,143.36322,7.4848814,11.863362,3.0489104,2.9741998
2008-05-01,sachsen,51.044924925851376,13.356499840295687,142.7871,69.58481,231.58345,14.003246,19.945005,7.649658,2.4781537
2008-06-01,sachsen,51.044924925851376,13.356499840295687,416.87,66.86634,241.27878,17.255573,23.120157,10.911674,2.681756
2008-07-01,sachsen,51.044924925851376,13.356499840295687,591.90967,70.16582,210.16849,18.129608,23.898876,12.446639,3.0165436
2008-08-01,sachsen,51.044924925851376,13.356499840295687,645.97095,70.3478,181.75967,17.66046,22.979038,12.449824,3.4159248
2008-09-01,sachsen,51.044924925851376,13.356499840295687,448.4,79.72774,113.50536,12.23378,16.872025,7.8673124,2.744931
2008-10-01,sachsen,51.044924925851376,13.356499840295687,640.1387,83.39373,71.26966,8.947231,13.147142,5.0468435,3.4057906
2008-11-01,sachsen,51.044924925851376,13.356499840295687,272.38,84.799416,31.346144,4.82665,7.3556952,1.9556638,4.028931
2008-12-01,sachsen,51.044924925851376,13.356499840295687,415.12903,86.297165,23.537855,1.0927219,3.1348972,-1.0440588,3.6848664
2009-01-01,sachsen,51.044924925851376,13.356499840295687,213.68387,85.38661,31.797653,-2.9890256,-0.09497066,-6.6376314,3.1599917
2009-02-01,sachsen,51.044924925851376,13.356499840295687,595.0643,86.78949,43.944954,-0.06756491,2.3046842,-2.4110525,3.9834166
2009-03-01,sachsen,51.044924925851376,13.356499840295687,559.2,81.96809,83.18235,4.1632094,7.4183187,0.9622447,4.0592732
2009-04-01,sachsen,51.044924925851376,13.356499840295687,179.8,67.23331,206.32507,12.076309,18.56537,5.3961473,3.037928
2009-05-01,sachsen,51.044924925851376,13.356499840295687,666.3903,71.95758,213.94347,13.419387,18.908758,7.395081,3.1557653
2009-06-01,sachsen,51.044924925851376,13.356499840295687,645.4167,77.966805,191.31888,14.36159,19.202887,9.804794,3.2746885
2009-07-01,sachsen,51.044924925851376,13.356499840295687,674.68713,74.27552,213.33139,18.106346,23.668274,13.019238,3.2067356
2009-08-01,sachsen,51.044924925851376,13.356499840295687,438.4129,69.215065,211.85231,18.688986,24.798332,12.326513,2.7977643
2009-09-01,sachsen,51.044924925851376,13.356499840295687,296.09998,78.22857,135.07121,14.708122,20.128094,9.65789,2.8770082
2009-10-01,sachsen,51.044924925851376,13.356499840295687,673.5968,86.79773,58.63743,7.5122685,10.880593,4.1700664,3.4366064
2009-11-01,sachsen,51.044924925851376,13.356499840295687,483.13,80.43604,37.1719,7.132191,10.0385685,4.2363744,4.2768497
2009-12-01,sachsen,51.044924925851376,13.356499840295687,578.96454,87.05521,22.94495,-0.4146481,2.0447135,-3.1054425,3.515676
2010-01-01,sachsen,51.044924925851376,13.356499840295687,342.12582,88.52465,25.511864,-5.1269965,-2.8621075,-8.1327505,3.2186615
2010-02-01,sachsen,51.044924925851376,13.356499840295687,211.70358,82.64918,50.159977,-1.0454693,1.8797845,-4.2980633,3.5838003
2010-03-01,sachsen,51.044924925851376,13.356499840295687,396.4258,75.94488,105.857635,3.7202384,8.060512,-0.7645908,4.1376004
2010-04-01,sachsen,51.044924925851376,13.356499840295687,199.33667,68.65637,181.33362,8.300064,13.717797,2.6414876,3.1741679
2010-05-01,sachsen,51.044924925851376,13.356499840295687,817.52576,82.444855,150.10718,10.635248,14.4431715,6.9448414,3.134752
2010-06-01,sachsen,51.044924925851376,13.356499840295687,283.49335,69.96927,241.61832,16.29866,21.836712,9.975619,2.815296
2010-07-01,sachsen,51.044924925851376,13.356499840295687,957.2226,67.470856,238.25978,20.48029,26.560637,13.873691,2.5829806
2010-08-01,sachsen,51.044924925851376,13.356499840295687,1567.3291,79.80201,153.31366,16.927494,21.650993,12.580257,3.2193704
2010-09-01,sachsen,51.044924925851376,13.356499840295687,1056.1034,81.90814,119.10386,11.9213705,16.310202,7.7870007,3.2061226
2010-10-01,sachsen,51.044924925851376,13.356499840295687,110.064514,80.650696,82.15929,7.2822366,11.722754,3.1483364,3.471437
2010-11-01,sachsen,51.044924925851376,13.356499840295687,892.39,86.86633,30.047247,4.5915923,7.0703135,1.8191831,3.8521032
2010-12-01,sachsen,51.044924925851376,13.356499840295687,754.871,89.14978,20.989336,-4.7730846,-2.015144,-8.298872,3.9435256
2011-01-01,sachsen,51.044924925851376,13.356499840295687,468.01288,87.67452,29.633566,0.39149165,2.9320886,-2.261753,3.5535975
2011-02-01,sachsen,51.044924925851376,13.356499840295687,133.60715,77.94688,63.25413,-0.9574365,2.505406,-4.539271,3.9293344
2011-03-01,sachsen,51.044924925851376,13.356499840295687,174.2871,71.719444,128.40683,4.470253,9.76584,-0.6269301,3.193619
2011-04-01,sachsen,51.044924925851376,13.356499840295687,283.32,68.71507,181.72093,11.113442,16.795113,5.1495976,3.362482
2011-05-01,sachsen,51.044924925851376,13.356499840295687,347.29355,64.50513,248.00574,13.72035,20.22393,6.6959558,3.0669143
2011-06-01,sachsen,51.044924925851376,13.356499840295687,479.26334,69.74195,227.27052,17.024036,22.954432,11.219309,3.224098
2011-07-01,sachsen,51.044924925851376,13.356499840295687,1498.413,73.741455,185.05025,16.325144,20.845224,11.612788,3.5455155
2011-08-01,sachsen,51.044924925851376,13.356499840295687,509.58066,75.93067,181.53625,18.03254,23.555103,12.798147,3.023563
2011-09-01,sachsen,51.044924925851376,13.356499840295687,545.55664,77.40929,145.67271,15.224421,20.854767,9.943745,2.8023152
2011-10-01,sachsen,51.044924925851376,13.356499840295687,333.70645,81.63118,87.397896,9.243942,14.121965,4.867457,3.4457293
2011-11-01,sachsen,51.044924925851376,13.356499840295687,0.62,84.670425,48.60592,4.1096253,8.613919,0.372876,3.1447754
2011-12-01,sachsen,51.044924925851376,13.356499840295687,587.85803,83.36622,22.507599,3.5064638,5.7693458,1.1470367,5.268544
2012-01-01,sachsen,51.044924925851376,13.356499840295687,779.35486,84.68536,31.667957,1.0957358,3.3215408,-1.2766262,4.8924074
2012-02-01,sachsen,51.044924925851376,13.356499840295687,347.34137,82.04951,61.831573,-4.05393,-0.6835024,-7.6802573,3.8848886
2012-03-01,sachsen,51.044924925851376,13.356499840295687,147.66776,73.72391,121.097176,6.406902,11.314522,1.7438015,3.6340976
2012-04-01,sachsen,51.044924925851376,13.356499840295687,251.34999,68.779526,163.34036,8.445285,13.516678,3.1332424,3.5538387
2012-05-01,sachsen,51.044924925851376,13.356499840295687,369.05484,65.830696,237.88217,14.510351,20.532274,7.8214283,3.0982938
2012-06-01,sachsen,51.044924925851376,13.356499840295687,786.5267,74.94965,202.01514,15.772031,20.902021,10.302252,3.103219
2012-07-01,sachsen,51.044924925851376,13.356499840295687,899.3226,74.75448,209.91881,17.948847,23.40507,12.75493,3.0896838
2012-08-01,sachsen,51.044924925851376,13.356499840295687,477.75806,69.29811,200.10411,18.46436,24.54578,12.341529,2.7358265
2012-09-01,sachsen,51.044924925851376,13.356499840295687,351.53003,74.86114,143.16597,13.929474,19.593157,8.282546,2.9481196
2012-10-01,sachsen,51.044924925851376,13.356499840295687,245.97098,81.745155,76.33031,8.188954,12.728639,3.8618007,3.2994027
2012-11-01,sachsen,51.044924925851376,13.356499840295687,601.0133,86.13507,31.044079,4.9814696,7.881418,1.9235896,3.4554145
2012-12-01,sachsen,51.044924925851376,13.356499840295687,593.70325,85.82156,24.45961,0.42464277,2.947951,-2.36315,3.9871778
2013-01-01,sachsen,51.044924925851376,13.356499840295687,665.44836,87.630325,22.896828,-1.04771,0.83343774,-3.3021126,3.7649052
2013-02-01,sachsen,51.044924925851376,13.356499840295687,468.33215,88.895386,38.09991,-1.2915909,0.70401704,-3.3093667,3.0688605
2013-03-01,sachsen,51.044924925851376,13.356499840295687,273.18066,78.9517,97.19275,-1.5549012,1.9752278,-5.040752,3.4678605
2013-04-01,sachsen,51.044924925851376,13.356499840295687,270.8567,73.42415,142.61488,8.186351,12.696682,3.736486,3.1661155
2013-05-01,sachsen,51.044924925851376,13.356499840295687,1047.1257,79.90979,169.99933,12.208056,16.639267,7.6535735,3.0793962
2013-06-01,sachsen,51.044924925851376,13.356499840295687,1397.8534,77.21367,207.14986,15.809382,20.716595,10.533194,3.0206182
2013-07-01,sachsen,51.044924925851376,13.356499840295687,321.2387,69.7083,250.82564,19.403273,25.522934,12.892154,2.5209439
2013-08-01,sachsen,51.044924925851376,13.356499840295687,389.99677,71.391495,195.31299,17.94241,24.252134,11.912585,2.5607586
2013-09-01,sachsen,51.044924925851376,13.356499840295687,439.53003,82.27704,108.65013,12.65253,16.942816,8.613038,3.209325
2013-10-01,sachsen,51.044924925851376,13.356499840295687,429.30322,79.24509,76.03213,10.382756,15.018489,5.758867,3.5020552
2013-11-01,sachsen,51.044924925851376,13.356499840295687,377.59,87.692604,30.429752,4.3914847,6.8802896,1.5538002,3.5618773
2013-12-01,sachsen,51.044924925851376,13.356499840295687,237.5742,82.764755,26.603704,3.4106386,6.124793,0.8128619,4.3799624
2014-01-01,sachsen,51.044924925851376,13.356499840295687,215.2,85.85604,28.560518,1.0967995,3.7351372,-1.7707598,3.6640906
2014-02-01,sachsen,51.044924925851376,13.356499840295687,68.564285,76.30179,65.99218,3.940138,7.9256845,0.2596266,4.0944953
2014-03-01,sachsen,51.044924925851376,13.356499840295687,216.4742,75.095894,118.12743,6.850565,12.556201,1.7026047,3.24739
2014-04-01,sachsen,51.044924925851376,13.356499840295687,235.51,75.59469,166.05978,10.609012,16.268637,4.8740516,2.8516006
2014-05-01,sachsen,51.044924925851376,13.356499840295687,867.5742,76.56742,195.35164,12.191804,17.275368,7.199917,3.2710598
2014-06-01,sachsen,51.044924925851376,13.356499840295687,267.79333,70.42691,226.41791,15.959661,21.666636,9.942233,2.775793
2014-07-01,sachsen,51.044924925851376,13.356499840295687,806.7162,72.25252,222.43028,19.568659,25.537737,13.888001,2.471826
2014-08-01,sachsen,51.044924925851376,13.356499840295687,626.7742,75.48242,174.13371,16.276484,21.557459,11.335411,2.862298
2014-09-01,sachsen,51.044924925851376,13.356499840295687,642.37,84.83251,112.513916,14.844305,19.304943,10.978322,2.6911237
2014-10-01,sachsen,51.044924925851376,13.356499840295687,393.50967,85.64641,71.26993,11.60014,15.781221,7.7885165,2.945449
2014-11-01,sachsen,51.044924925851376,13.356499840295687,83.31,87.64523,34.66997,6.2046347,9.206362,3.3413193,2.9704256
2014-12-01,sachsen,51.044924925851376,13.356499840295687,402.33228,86.25904,20.184217,2.1777046,4.386022,-0.32165688,4.319194
2015-01-01,sachsen,51.044924925851376,13.356499840295687,502.43225,84.848015,25.852972,2.106437,4.1684375,-0.13771927,4.6864367
2015-02-01,sachsen,51.044924925851376,13.356499840295687,83.08214,82.1486,64.581314,0.6870027,4.5146422,-2.831064,3.3272326
2015-03-01,sachsen,51.044924925851376,13.356499840295687,354.85486,76.06188,109.71915,4.924492,9.41496,0.6693348,3.8913195
2015-04-01,sachsen,51.044924925851376,13.356499840295687,404.52667,70.05527,187.992,7.9138317,13.576551,2.0453181,3.497887
2015-05-01,sachsen,51.044924925851376,13.356499840295687,144.29677,67.34175,215.90776,12.62991,18.25464,6.020576,3.0706944
2015-06-01,sachsen,51.044924925851376,13.356499840295687,566.79333,72.88841,208.29836,15.56096,21.087858,9.948163,2.9474132
2015-07-01,sachsen,51.044924925851376,13.356499840295687,598.7516,66.0693,235.66103,19.719383,25.82843,13.466438,3.3664873
2015-08-01,sachsen,51.044924925851376,13.356499840295687,620.1677,67.41143,210.57306,20.967127,27.451368,14.375729,2.6234858
2015-09-01,sachsen,51.044924925851376,13.356499840295687,350.93668,79.574234,127.838844,13.093909,18.45565,8.289242,2.9038167
2015-10-01,sachsen,51.044924925851376,13.356499840295687,439.0355,84.85686,68.06012,7.8517833,11.922485,3.8644216,2.414616
2015-11-01,sachsen,51.044924925851376,13.356499840295687,742.12,82.28898,39.973827,7.3487425,10.775029,3.8609035,4.386338
2015-12-01,sachsen,51.044924925851376,13.356499840295687,189.1355,83.05256,28.16169,6.3047066,9.147359,3.0988028,4.3538084
2016-01-01,sachsen,51.044924925851376,13.356499840295687,434.20642,85.48331,29.73567,0.045394566,2.7425098,-3.1870565,3.7460995
2016-02-01,sachsen,51.044924925851376,13.356499840295687,507.369,82.754776,51.69578,3.0878155,6.285923,-0.072825596,4.358136
2016-03-01,sachsen,51.044924925851376,13.356499840295687,343.70325,82.58948,87.69262,3.670149,7.2246213,0.28823113,3.2306638
2016-04-01,sachsen,51.044924925851376,13.356499840295687,325.95334,73.28693,164.36378,7.7390823,12.798693,2.6188152,3.1037536
2016-05-01,sachsen,51.044924925851376,13.356499840295687,370.6032,70.97699,221.32909,13.718278,19.298927,7.8030553,3.14956
2016-06-01,sachsen,51.044924925851376,13.356499840295687,823.68665,75.557396,211.742,17.485146,23.11372,11.999273,2.482114
2016-07-01,sachsen,51.044924925851376,13.356499840295687,631.8484,73.330086,204.68076,18.741976,24.45762,13.297493,2.803027
2016-08-01,sachsen,51.044924925851376,13.356499840295687,324.2,71.8589,193.06038,17.589922,23.58599,11.645134,2.692634
2016-09-01,sachsen,51.044924925851376,13.356499840295687,490.46332,74.63056,152.70786,16.658144,22.890219,11.030605,2.4619117
2016-10-01,sachsen,51.044924925851376,13.356499840295687,677.1033,89.52838,50.59051,8.282166,11.243314,5.4537244,2.7556398
2016-11-01,sachsen,51.044924925851376,13.356499840295687,352.52,85.9876,36.37204,3.3782918,6.277806,0.40265423,3.4177134
2016-12-01,sachsen,51.044924925851376,13.356499840295687,361.38065,85.69466,27.539457,1.7855026,4.613869,-1.1233364,3.882879
2017-01-01,sachsen,51.044924925851376,13.356499840295687,381.1839,85.4581,34.240868,-3.2713249,-0.32555586,-6.4822555,3.6079712
2017-02-01,sachsen,51.044924925851376,13.356499840295687,286.94287,80.77683,54.246902,2.1758308,5.6670527,-1.0863267,3.8254411
2017-03-01,sachsen,51.044924925851376,13.356499840295687,446.50323,74.73247,110.75207,6.761635,11.464677,2.1383097,3.6484935
2017-04-01,sachsen,51.044924925851376,13.356499840295687,347.38666,75.09673,142.731,7.1349516,11.66201,2.7964144,3.5726748
2017-05-01,sachsen,51.044924925851376,13.356499840295687,236.1258,71.47549,222.67581,14.025266,19.776068,7.6508703,2.8278632
2017-06-01,sachsen,51.044924925851376,13.356499840295687,670.77,68.41374,237.84105,17.769476,23.834309,11.26051,3.2447479
2017-07-01,sachsen,51.044924925851376,13.356499840295687,850.8678,74.60531,207.59384,18.390692,23.969751,13.241046,2.9983284
2017-08-01,sachsen,51.044924925851376,13.356499840295687,737.6129,73.74869,195.86577,18.32185,24.073217,12.522697,2.820741
2017-09-01,sachsen,51.044924925851376,13.356499840295687,321.47665,80.760056,111.4124,12.70141,17.442944,8.510635,3.0213537
2017-10-01,sachsen,51.044924925851376,13.356499840295687,698.5839,82.45158,67.96148,11.048578,14.819514,7.7841163,4.191242
2017-11-01,sachsen,51.044924925851376,13.356499840295687,529.56665,86.46071,30.562809,4.962837,7.4137406,2.259974,3.7656734
2017-12-01,sachsen,51.044924925851376,13.356499840295687,416.06775,83.69252,22.967743,2.3880777,4.6131535,0.019474754,4.537522
2018-01-01,sachsen,51.044924925851376,13.356499840295687,394.42905,83.910965,26.166756,3.317102,5.687566,0.78700614,4.391271
2018-02-01,sachsen,51.044924925851376,13.356499840295687,41.303574,77.8192,70.46872,-2.767447,0.920422,-6.4782257,2.8996563
2018-03-01,sachsen,51.044924925851376,13.356499840295687,347.2613,76.00116,96.36564,1.2942415,5.407365,-2.7736685,3.723663
2018-04-01,sachsen,51.044924925851376,13.356499840295687,302.37,67.956696,200.0529,12.793982,18.964811,6.112804,3.396803
2018-05-01,sachsen,51.044924925851376,13.356499840295687,286.39355,67.458176,240.36739,15.978268,22.197664,9.156404,2.8986857
2018-06-01,sachsen,51.044924925851376,13.356499840295687,317.25,69.86859,205.49931,17.767862,23.453283,12.29627,2.8016253
2018-07-01,sachsen,51.044924925851376,13.356499840295687,241.60323,59.69363,238.34418,20.129677,26.996403,12.9119625,2.5125751
2018-08-01,sachsen,51.044924925851376,13.356499840295687,233.16776,59.9505,211.32166,20.70088,27.62529,13.520187,2.7226033
2018-09-01,sachsen,51.044924925851376,13.356499840295687,369.86334,68.28476,145.77164,15.268739,21.459217,9.442976,2.770595
2018-10-01,sachsen,51.044924925851376,13.356499840295687,245.09354,74.82848,87.57691,10.7390375,15.94646,5.8991265,3.3641026
2018-11-01,sachsen,51.044924925851376,13.356499840295687,93.25334,83.97918,39.824654,4.8413563,8.234372,1.5800067,3.139449
2018-12-01,sachsen,51.044924925851376,13.356499840295687,724.54517,86.575386,20.175552,3.2647493,5.3780174,1.2446135,4.385532
2019-01-01,sachsen,51.044924925851376,13.356499840295687,769.8839,84.70716,29.825647,-0.19603303,2.272462,-2.85442,4.4413395
2019-02-01,sachsen,51.044924925851376,13.356499840295687,293.68213,73.296135,70.94569,3.4767976,8.078446,-0.63588697,3.7365081
2019-03-01,sachsen,51.044924925851376,13.356499840295687,441.52905,75.64029,99.22794,6.4463687,10.582948,2.514432,4.6569858
2019-04-01,sachsen,51.044924925851376,13.356499840295687,190.00668,64.220406,197.05702,9.54817,15.597895,3.1243565,3.259993
2019-05-01,sachsen,51.044924925851376,13.356499840295687,488.42258,73.493,190.55492,10.97999,15.925596,5.5158596,2.9610703
2019-06-01,sachsen,51.044924925851376,13.356499840295687,344.73334,62.86749,246.27147,20.973682,27.622656,13.285493,2.7807932
2019-07-01,sachsen,51.044924925851376,13.356499840295687,358.45807,63.265293,212.67142,18.978783,25.004398,12.8124695,2.6678739
2019-08-01,sachsen,51.044924925851376,13.356499840295687,328.30646,68.1059,196.00853,19.657763,26.111984,13.400433,2.6230726
2019-09-01,sachsen,51.044924925851376,13.356499840295687,512.69,72.37858,133.9208,14.110782,19.6141,8.827771,3.06326
2019-10-01,sachsen,51.044924925851376,13.356499840295687,433.2613,80.87393,79.95135,10.949465,15.562833,6.8109765,3.3879404
2019-11-01,sachsen,51.044924925851376,13.356499840295687,255.01334,85.775536,34.119423,5.609642,8.717221,2.282464,3.3374317
2019-12-01,sachsen,51.044924925851376,13.356499840295687,267.80646,81.21574,27.333645,3.7531912,6.4198403,0.9050586,3.7599533
2020-01-01,sachsen,51.044924925851376,13.356499840295687,190.9484,81.885185,34.251534,2.9886909,5.848944,-0.16840309,3.9898026
2020-02-01,sachsen,51.044924925851376,13.356499840295687,821.32416,77.06507,55.000996,4.9987774,8.143425,1.9068265,5.57619
2020-03-01,sachsen,51.044924925851376,13.356499840295687,315.70322,70.18344,126.65489,4.537393,9.32684,-0.35149693,3.8632016
2020-04-01,sachsen,51.044924925851376,13.356499840295687,58.350002,57.072517,227.94809,9.866348,16.637545,2.388252,3.0857203
2020-05-01,sachsen,51.044924925851376,13.356499840295687,422.15808,68.84375,229.7462,11.289187,17.20204,5.0691957,3.001382
2020-06-01,sachsen,51.044924925851376,13.356499840295687,546.51,72.709305,225.84904,17.200275,22.750803,11.623029,2.801814
2020-07-01,sachsen,51.044924925851376,13.356499840295687,250.35806,64.36546,246.72273,18.182257,24.398403,11.5305805,2.8239892
2020-08-01,sachsen,51.044924925851376,13.356499840295687,854.5613,68.02118,201.2482,20.214453,26.24481,14.290061,2.691201
2020-09-01,sachsen,51.044924925851376,13.356499840295687,444.96335,72.9253,160.31982,14.905894,21.162872,8.561313,2.539248
2020-10-01,sachsen,51.044924925851376,13.356499840295687,751.3323,83.24748,68.2414,10.334535,13.602398,7.0657744,3.5373337
2020-11-01,sachsen,51.044924925851376,13.356499840295687,61.846672,83.57154,45.07975,5.722679,9.216822,2.4716778,3.162182
2020-12-01,sachsen,51.044924925851376,13.356499840295687,189.96452,83.740654,24.768063,2.906029,5.5346155,0.33814314,3.6774259
2021-01-01,sachsen,51.044924925851376,13.356499840295687,587.7226,86.37578,31.511332,-0.19666089,1.7888176,-2.3924553,3.4049265
2021-02-01,sachsen,51.044924925851376,13.356499840295687,386.6643,81.665306,73.95248,0.3619274,4.588359,-4.011136,3.233242
2021-03-01,sachsen,51.044924925851376,13.356499840295687,277.97098,74.26884,116.599174,4.2217445,8.939535,-0.09278193,3.4619446
2021-04-01,sachsen,51.044924925851376,13.356499840295687,279.47,72.09291,170.7106,5.483048,10.38146,0.63776994,3.4388497
2021-05-01,sachsen,51.044924925851376,13.356499840295687,738.4774,72.63281,207.11504,10.969459,15.794101,6.221971,3.885661
2021-06-01,sachsen,51.044924925851376,13.356499840295687,585.8667,70.718346,271.18924,19.29439,25.11379,13.386005,2.4843664
2021-07-01,sachsen,51.044924925851376,13.356499840295687,920.35803,75.68658,229.93228,18.737816,24.173286,13.655495,2.7470381
2021-08-01,sachsen,51.044924925851376,13.356499840295687,1055.0065,79.21331,181.05145,16.251062,21.321123,11.593595,2.8948505
2021-09-01,sachsen,51.044924925851376,13.356499840295687,220.41666,80.49076,147.72023,15.065549,20.072378,10.551138,2.5900273
2021-10-01,sachsen,51.044924925851376,13.356499840295687,162.99678,77.63411,97.73767,9.469358,14.372168,4.719617,3.6489787
2021-11-01,sachsen,51.044924925851376,13.356499840295687,486.01,86.783966,48.417492,4.6315947,7.107356,1.9353815,3.5053525
2021-12-01,sachsen,51.044924925851376,13.356499840295687,322.71936,87.031784,22.615437,1.8173021,4.067514,-0.8578298,3.6683638
2022-01-01,sachsen,51.044924925851376,13.356499840295687,471.9839,85.5085,29.271795,2.2732403,4.2868605,-0.0986057,4.5639973
2022-02-01,sachsen,51.044924925851376,13.356499840295687,486.24283,76.62733,70.65791,4.0703235,7.4188614,0.93454695,5.809101
2022-03-01,sachsen,51.044924925851376,13.356499840295687,126.07097,64.51597,152.06677,4.156621,10.041087,-1.3938868,2.9314997
2022-04-01,sachsen,51.044924925851376,13.356499840295687,303.56668,70.88934,158.48318,7.0017757,12.0510435,1.7875412,3.753336
2022-05-01,sachsen,51.044924925851376,13.356499840295687,245.95161,64.96646,232.75873,14.600463,20.687424,7.5592585,3.0325804
2022-06-01,sachsen,51.044924925851376,13.356499840295687,298.38,64.51109,267.55936,18.947287,25.52552,11.691392,2.757296
2022-07-01,sachsen,51.044924925851376,13.356499840295687,293.03226,61.83292,238.46867,18.94614,25.40415,11.865878,2.957342
2022-08-01,sachsen,51.044924925851376,13.356499840295687,544.30005,68.21042,167.4347,19.793772,26.107122,13.284172,2.3804865
2022-09-01,sachsen,51.044924925851376,13.356499840295687,789.92004,79.82404,119.69256,12.89782,18.12188,8.48019,2.8380742
2022-10-01,sachsen,51.044924925851376,13.356499840295687,195.49356,81.37669,82.43108,12.400283,17.33711,7.6239223,3.308063
2022-11-01,sachsen,51.044924925851376,13.356499840295687,281.71667,85.33383,52.80138,5.3489366,9.068747,1.7460262,3.246284
2022-12-01,sachsen,51.044924925851376,13.356499840295687,347.6516,85.95344,22.55492,1.4460757,3.73655,-1.1947813,3.6470554
2023-01-01,sachsen,51.044924925851376,13.356499840295687,353.74194,83.331955,25.810316,3.3060772,5.3128176,0.7875086,4.2447357
2023-02-01,sachsen,51.044924925851376,13.356499840295687,502.65002,82.90037,59.026714,2.3750517,5.797893,-1.1957172,3.90045
2023-03-01,sachsen,51.044924925851376,13.356499840295687,600.93225,77.7807,95.073715,5.2830415,9.445294,1.4604678,4.27076
2023-04-01,sachsen,51.044924925851376,13.356499840295687,446.28668,75.561226,141.64378,6.969318,11.244201,2.3366377,3.191361
2023-05-01,sachsen,51.044924925851376,13.356499840295687,131.53549,67.73287,231.03186,12.711184,18.604816,5.8469176,2.985424
2023-06-01,sachsen,51.044924925851376,13.356499840295687,518.75,67.583305,248.0485,17.754988,24.2719,10.869181,2.7154615
2023-07-01,sachsen,51.044924925851376,13.356499840295687,419.47745,62.760452,229.10516,19.518192,25.85692,12.806592,3.3997798
2023-08-01,sachsen,51.044924925851376,13.356499840295687,805.7936,75.873886,151.38417,18.919409,24.271078,14.225969,2.88978
2023-09-01,sachsen,51.044924925851376,13.356499840295687,129.02,72.59116,141.67589,17.337652,24.200006,10.769043,2.562861
2023-10-01,sachsen,51.044924925851376,13.356499840295687,747.94836,78.94484,74.96574,12.198085,16.259142,8.391423,3.7138853
2023-11-01,sachsen,51.044924925851376,13.356499840295687,723.63666,82.641685,48.461018,5.2090287,7.786528,2.5297244,4.432475
2023-12-01,sachsen,51.044924925851376,13.356499840295687,849.05164,83.154884,22.67422,3.677502,5.8240843,1.146229,4.8533645
2024-01-01,sachsen,51.044924925851376,13.356499840295687,391.36127,78.949814,35.350174,0.8071568,3.8600533,-2.4432805,4.773745
2024-02-01,sachsen,51.044924925851376,13.356499840295687,657.42065,82.28905,49.929466,6.4459805,9.627379,3.1117156,4.4587
2024-03-01,sachsen,51.044924925851376,13.356499840295687,126.60968,75.41338,112.46241,7.313839,12.321016,2.2930686,3.347986
2024-04-01,sachsen,51.044924925851376,13.356499840295687,306.82,68.70268,172.26625,10.61047,16.025644,5.069034,3.6927671
2024-05-01,sachsen,51.044924925851376,13.356499840295687,553.80005,71.357,214.41469,15.220527,20.64778,9.465278,3.0222208
2024-06-01,sachsen,51.044924925851376,13.356499840295687,455.83667,71.40262,230.79202,17.494802,23.209538,11.45397,2.8229659
2024-07-01,sachsen,51.044924925851376,13.356499840295687,527.6774,68.90023,232.53227,19.565393,25.781702,13.037824,2.6965728
2024-08-01,sachsen,51.044924925851376,13.356499840295687,589.45166,69.525566,213.89801,20.472654,26.936008,13.813355,2.5760236
2024-09-01,sachsen,51.044924925851376,13.356499840295687,942.3367,73.822525,139.01405,15.896398,21.345373,10.989218,3.4000208
2024-10-01,sachsen,51.044924925851376,13.356499840295687,297.0871,84.01169,71.10824,10.73694,14.964554,6.7420993,3.1869488
2024-11-01,sachsen,51.044924925851376,13.356499840295687,356.02335,84.80168,35.041046,4.3855534,7.4459805,1.1990483,3.6114557
2024-12-01,sachsen,51.044924925851376,13.356499840295687,322.65805,84.671295,24.083843,2.499908,4.9338098,0.010414533,4.0302076
2000-01-01,sachsen_anhalt,52.015068779499096,11.69655494202673,347.74838,84.14628,28.251255,1.625123,4.134595,-1.2732234,4.1752276
2000-02-01,sachsen_anhalt,52.015068779499096,11.69655494202673,460.2138,81.07417,55.017754,4.3599205,7.670161,1.4589528,4.3172913
2000-03-01,sachsen_anhalt,52.015068779499096,11.69655494202673,653.7516,81.43059,78.84421,5.572363,8.886952,2.6709616,4.487602
2000-04-01,sachsen_anhalt,52.015068779499096,11.69655494202673,220.78333,72.3868,168.88704,10.85789,16.508432,5.3540654,3.003432
2000-05-01,sachsen_anhalt,52.015068779499096,11.69655494202673,300.61935,63.64922,238.35162,15.317875,21.646347,8.806295,2.6405554
2000-06-01,sachsen_anhalt,52.015068779499096,11.69655494202673,321.51,64.37871,235.03061,17.605722,23.074118,11.526714,3.1314456
2000-07-01,sachsen_anhalt,52.015068779499096,11.69655494202673,541.54517,75.04006,155.20107,16.11124,20.463083,12.044318,3.1224754
2000-08-01,sachsen_anhalt,52.015068779499096,11.69655494202673,553.9613,70.749565,196.30455,18.140448,24.075867,12.84473,2.2635114
2000-09-01,sachsen_anhalt,52.015068779499096,11.69655494202673,382.71332,80.61905,115.132965,14.133415,19.196411,10.073464,2.787984
2000-10-01,sachsen_anhalt,52.015068779499096,11.69655494202673,301.27744,82.36759,65.64289,11.308636,15.617216,7.85118,2.906847
2000-11-01,sachsen_anhalt,52.015068779499096,11.69655494202673,229.60667,83.781944,38.44198,6.3975005,9.940938,3.289079,3.0318518
2000-12-01,sachsen_anhalt,52.015068779499096,11.69655494202673,293.47742,86.213005,25.595222,3.14278,5.723909,0.6944862,3.3176436
2001-01-01,sachsen_anhalt,52.015068779499096,11.69655494202673,330.0807,87.96241,27.924969,0.8828709,3.4507608,-1.6864337,2.7499065
2001-02-01,sachsen_anhalt,52.015068779499096,11.69655494202673,329.49643,82.99304,52.716404,2.1178544,5.6867595,-1.2445462,3.5300064
2001-03-01,sachsen_anhalt,52.015068779499096,11.69655494202673,632.2355,82.56991,80.24469,3.4512377,6.8401523,0.439589,3.3520179
2001-04-01,sachsen_anhalt,52.015068779499096,11.69655494202673,333.38,76.177315,139.6179,7.8928113,12.6651,3.5955837,3.3207147
2001-05-01,sachsen_anhalt,52.015068779499096,11.69655494202673,237.19032,67.24252,238.05185,14.604248,20.221613,8.401376,3.0171278
2001-06-01,sachsen_anhalt,52.015068779499096,11.69655494202673,557.0067,76.370865,202.11407,14.61257,19.608372,9.548161,2.7713022
2001-07-01,sachsen_anhalt,52.015068779499096,11.69655494202673,741.2581,69.30545,225.354,19.341652,24.840538,13.575008,2.5252578
2001-08-01,sachsen_anhalt,52.015068779499096,11.69655494202673,336.4129,72.32095,183.26381,19.203148,24.937374,14.037328,2.7642388
2001-09-01,sachsen_anhalt,52.015068779499096,11.69655494202673,909.72003,85.437126,90.94297,12.584525,16.313177,9.578409,3.231421
2001-10-01,sachsen_anhalt,52.015068779499096,11.69655494202673,240.43872,85.05469,72.44361,12.676575,17.161032,8.870184,2.9071279
2001-11-01,sachsen_anhalt,52.015068779499096,11.69655494202673,352.36,87.38092,30.677778,4.637064,7.184048,1.9976603,3.273143
2001-12-01,sachsen_anhalt,52.015068779499096,11.69655494202673,544.1871,87.58799,18.916246,0.02529869,2.3246439,-2.331896,3.7101204
2002-01-01,sachsen_anhalt,52.015068779499096,11.69655494202673,269.66452,83.595856,31.069178,1.9688698,4.6828027,-1.0932723,3.7574265
2002-02-01,sachsen_anhalt,52.015068779499096,11.69655494202673,604.9143,77.40167,57.31852,5.4209867,9.030417,2.0420356,4.9017377
2002-03-01,sachsen_anhalt,52.015068779499096,11.69655494202673,270.8129,76.87104,96.01577,5.3895597,9.515619,1.6611577,3.480136
2002-04-01,sachsen_anhalt,52.015068779499096,11.69655494202673,402.91333,75.09262,146.52519,7.933422,12.534393,3.1669295,3.0676615
2002-05-01,sachsen_anhalt,52.015068779499096,11.69655494202673,527.871,77.82928,188.58101,14.617995,19.33563,9.90436,2.579037
2002-06-01,sachsen_anhalt,52.015068779499096,11.69655494202673,494.99002,74.658,211.93814,17.167694,21.992472,12.107553,2.8290222
2002-07-01,sachsen_anhalt,52.015068779499096,11.69655494202673,937.65485,75.23882,177.40993,18.233124,23.103245,13.263555,2.8652124
2002-08-01,sachsen_anhalt,52.015068779499096,11.69655494202673,844.3903,77.5346,180.61636,19.978811,25.667183,14.9170265,2.1235638
2002-09-01,sachsen_anhalt,52.015068779499096,11.69655494202673,278.44333,77.34612,130.15273,13.8302965,19.254091,8.895227,2.4132814
2002-10-01,sachsen_anhalt,52.015068779499096,11.69655494202673,558.80646,83.23047,66.83441,8.173008,12.19417,4.5603533,3.7234766
2002-11-01,sachsen_anhalt,52.015068779499096,11.69655494202673,878.43335,89.722305,30.782347,4.7270207,7.504106,2.0386171,2.7020159
2002-12-01,sachsen_anhalt,52.015068779499096,11.69655494202673,513.13226,88.218895,21.47049,-1.5654396,0.6472234,-3.8170075,2.9935532
2003-01-01,sachsen_anhalt,52.015068779499096,11.69655494202673,481.9129,87.10271,25.238111,0.03213859,2.842269,-2.983129,3.4915936
2003-02-01,sachsen_anhalt,52.015068779499096,11.69655494202673,84.346436,82.86763,68.49537,-2.139779,1.6948466,-5.9213886,2.3302286
2003-03-01,sachsen_anhalt,52.015068779499096,11.69655494202673,154.65485,76.723495,115.9957,4.8607106,9.94122,0.3327228,2.8660777
2003-04-01,sachsen_anhalt,52.015068779499096,11.69655494202673,228.41667,63.212593,182.96939,8.695612,14.42486,2.3679173,3.5794494
2003-05-01,sachsen_anhalt,52.015068779499096,11.69655494202673,277.57745,68.225426,216.51852,14.83933,20.398592,8.772182,2.7907145
2003-06-01,sachsen_anhalt,52.015068779499096,11.69655494202673,396.83002,64.04597,263.54828,19.318253,25.475449,12.250922,2.568295
2003-07-01,sachsen_anhalt,52.015068779499096,11.69655494202673,400.65808,66.9604,216.52867,19.810774,25.590647,13.941715,2.6076293
2003-08-01,sachsen_anhalt,52.015068779499096,11.69655494202673,195.90323,59.490177,216.51543,20.59277,27.17376,13.672431,2.6330345
2003-09-01,sachsen_anhalt,52.015068779499096,11.69655494202673,520.7133,73.96881,144.48283,14.422956,20.719994,8.827659,2.3189545
2003-10-01,sachsen_anhalt,52.015068779499096,11.69655494202673,345.4613,83.914055,73.00167,5.8989744,10.3055105,1.7488279,2.6740203
2003-11-01,sachsen_anhalt,52.015068779499096,11.69655494202673,231.65335,86.67089,37.818268,6.4961295,9.574658,3.6117072,3.0004592
2003-12-01,sachsen_anhalt,52.015068779499096,11.69655494202673,318.64194,84.34581,26.14313,2.1431015,5.155732,-0.85028905,3.4872415
2004-01-01,sachsen_anhalt,52.015068779499096,11.69655494202673,645.74194,86.70693,25.512066,-0.22324848,2.239116,-2.8800013,3.2164624
2004-02-01,sachsen_anhalt,52.015068779499096,11.69655494202673,325.86554,80.361984,48.747128,3.0300586,5.9174695,0.23894891,3.9519155
2004-03-01,sachsen_anhalt,52.015068779499096,11.69655494202673,221.19354,76.29088,101.59893,4.7003884,8.840673,0.4717037,3.5748875
2004-04-01,sachsen_anhalt,52.015068779499096,11.69655494202673,283.91333,72.83126,167.30789,9.678775,15.017804,4.0296826,2.7453158
2004-05-01,sachsen_anhalt,52.015068779499096,11.69655494202673,471.6,75.98954,182.6098,12.140224,16.802635,6.975922,2.7174752
2004-06-01,sachsen_anhalt,52.015068779499096,11.69655494202673,547.17334,75.314384,206.7121,15.540281,20.60086,10.419501,2.8702939
2004-07-01,sachsen_anhalt,52.015068779499096,11.69655494202673,780.80005,75.79673,206.03716,17.02757,22.508924,11.693108,2.699253
2004-08-01,sachsen_anhalt,52.015068779499096,11.69655494202673,485.07095,70.30974,194.44194,19.14797,25.065481,13.314919,2.7500587
2004-09-01,sachsen_anhalt,52.015068779499096,11.69655494202673,273.93668,73.49021,139.96617,14.262013,19.873713,8.814549,3.0320716
2004-10-01,sachsen_anhalt,52.015068779499096,11.69655494202673,138.94516,79.93524,77.56655,10.154409,14.939319,5.602393,2.7226822
2004-11-01,sachsen_anhalt,52.015068779499096,11.69655494202673,598.81,88.116104,30.411848,4.6442804,7.34517,1.9889196,3.338769
2004-12-01,sachsen_anhalt,52.015068779499096,11.69655494202673,193.20645,86.80417,21.399164,1.8677192,4.294028,-0.8027156,3.0114849
2005-01-01,sachsen_anhalt,52.015068779499096,11.69655494202673,453.6968,82.577965,26.709436,2.920614,5.3813415,0.3082867,4.5613275
2005-02-01,sachsen_anhalt,52.015068779499096,11.69655494202673,399.31073,83.29466,48.689945,-0.52498275,2.221045,-3.5192947,3.362779
2005-03-01,sachsen_anhalt,52.015068779499096,11.69655494202673,223.22258,75.13617,103.15771,3.7648995,7.9505315,-0.23286617,3.3778985
2005-04-01,sachsen_anhalt,52.015068779499096,11.69655494202673,179.09,65.58301,174.74382,9.661017,15.666044,3.119458,2.6093776
2005-05-01,sachsen_anhalt,52.015068779499096,11.69655494202673,660.4839,72.63924,209.12318,13.13886,18.544914,7.7760563,2.6376524
2005-06-01,sachsen_anhalt,52.015068779499096,11.69655494202673,281.02667,67.55203,232.57767,16.321753,22.253168,9.705795,2.4960852
2005-07-01,sachsen_anhalt,52.015068779499096,11.69655494202673,874.6839,72.09064,201.57455,18.685034,24.218231,13.5494585,2.5258374
2005-08-01,sachsen_anhalt,52.015068779499096,11.69655494202673,356.47098,74.81897,170.5688,16.422174,21.687775,11.421779,2.44827
2005-09-01,sachsen_anhalt,52.015068779499096,11.69655494202673,485.53668,75.90103,147.03568,15.383452,21.59001,9.509369,1.9483839
2005-10-01,sachsen_anhalt,52.015068779499096,11.69655494202673,269.33548,82.42389,90.11207,11.156563,16.536642,6.5379596,2.3512917
2005-11-01,sachsen_anhalt,52.015068779499096,11.69655494202673,343.1767,86.97728,35.439754,4.6810684,7.7863626,1.5501962,2.484484
2005-12-01,sachsen_anhalt,52.015068779499096,11.69655494202673,469.80646,88.452866,20.650896,1.4397026,3.7578948,-1.2392962,3.3103693
2006-01-01,sachsen_anhalt,52.015068779499096,11.69655494202673,187.10968,85.94203,34.119473,-3.0336237,0.20529509,-6.171711,2.3352914
2006-02-01,sachsen_anhalt,52.015068779499096,11.69655494202673,384.97144,86.13758,43.773148,-0.27733466,2.3910172,-3.08464,2.8360052
2006-03-01,sachsen_anhalt,52.015068779499096,11.69655494202673,418.35162,80.620445,93.09391,1.5866116,5.2693286,-2.0575101,2.8879762
2006-04-01,sachsen_anhalt,52.015068779499096,11.69655494202673,390.59668,74.258194,141.24568,8.555012,13.263501,3.9485903,2.7737505
2006-05-01,sachsen_anhalt,52.015068779499096,11.69655494202673,514.5226,67.57253,217.78638,13.468739,19.188557,7.241887,3.120601
2006-06-01,sachsen_anhalt,52.015068779499096,11.69655494202673,282.10333,68.975426,241.94951,17.102898,22.868587,10.485628,2.0885875
2006-07-01,sachsen_anhalt,52.015068779499096,11.69655494202673,282.0387,58.170784,270.77408,22.92654,30.094627,14.972336,2.0379775
2006-08-01,sachsen_anhalt,52.015068779499096,11.69655494202673,709.129,75.30853,154.40202,16.514658,21.715466,12.05032,2.8066998
2006-09-01,sachsen_anhalt,52.015068779499096,11.69655494202673,139.10333,68.56665,151.87741,17.625803,24.103788,11.60308,2.6432168
2006-10-01,sachsen_anhalt,52.015068779499096,11.69655494202673,265.4258,79.42549,74.236435,12.498335,17.078432,8.419472,2.7292092
2006-11-01,sachsen_anhalt,52.015068779499096,11.69655494202673,277.7,81.49048,36.085064,7.694919,11.072011,4.095601,3.6103308
2006-12-01,sachsen_anhalt,52.015068779499096,11.69655494202673,245.60324,82.78967,23.08877,5.4378314,7.9588413,2.789657,3.357651
2007-01-01,sachsen_anhalt,52.015068779499096,11.69655494202673,643.64197,78.796165,26.48841,5.35484,7.9611907,2.4316797,5.3785315
2007-02-01,sachsen_anhalt,52.015068779499096,11.69655494202673,410.08215,83.86524,46.028835,4.049463,7.118624,1.0343254,3.400698
2007-03-01,sachsen_anhalt,52.015068779499096,11.69655494202673,501.85162,74.09025,115.0037,6.8298554,11.802036,1.8067635,3.6287968
2007-04-01,sachsen_anhalt,52.015068779499096,11.69655494202673,34.04,62.49564,205.86209,11.089489,17.815725,3.4935014,2.9306543
2007-05-01,sachsen_anhalt,52.015068779499096,11.69655494202673,1016.96454,70.140236,217.80466,14.71127,20.70503,8.39432,2.823319
2007-06-01,sachsen_anhalt,52.015068779499096,11.69655494202673,884.38336,73.550606,211.98259,18.140984,23.734852,12.758178,2.6343691
2007-07-01,sachsen_anhalt,52.015068779499096,11.69655494202673,926.0581,71.02856,193.8386,18.078798,23.433105,12.981885,3.0649962
2007-08-01,sachsen_anhalt,52.015068779499096,11.69655494202673,649.0807,73.869316,180.9748,17.494179,23.059158,11.92337,2.3562531
2007-09-01,sachsen_anhalt,52.015068779499096,11.69655494202673,948.2733,77.77755,116.692215,13.374202,17.968988,8.979975,2.9929283
2007-10-01,sachsen_anhalt,52.015068779499096,11.69655494202673,136.8613,83.414604,70.58339,8.394444,12.5574255,4.325468,1.9829926
2007-11-01,sachsen_anhalt,52.015068779499096,11.69655494202673,566.0867,86.292725,28.351358,4.223747,6.783967,1.5483061,3.4449134
2007-12-01,sachsen_anhalt,52.015068779499096,11.69655494202673,249.54193,85.070595,20.186857,2.108932,4.11859,-0.016009564,3.0939746
2008-01-01,sachsen_anhalt,52.015068779499096,11.69655494202673,590.9678,81.47323,26.908482,4.354514,6.7954073,1.549976,4.1069217
2008-02-01,sachsen_anhalt,52.015068779499096,11.69655494202673,198.90001,77.59666,60.601665,4.3023014,8.0609255,0.51736397,3.2168543
2008-03-01,sachsen_anhalt,52.015068779499096,11.69655494202673,446.55484,74.53503,98.24874,4.6983795,8.7858515,0.78144443,4.3563323
2008-04-01,sachsen_anhalt,52.015068779499096,11.69655494202673,672.3967,77.169106,138.80864,8.119701,12.511313,3.5757704,2.7267642
2008-05-01,sachsen_anhalt,52.015068779499096,11.69655494202673,142.14838,66.41966,243.0993,14.595402,21.020123,7.665976,2.133165
2008-06-01,sachsen_anhalt,52.015068779499096,11.69655494202673,467.85,64.3592,248.578,17.575861,23.814398,10.913437,2.5637877
2008-07-01,sachsen_anhalt,52.015068779499096,11.69655494202673,620.2387,69.01726,208.95686,18.764248,24.944345,12.772522,2.6367884
2008-08-01,sachsen_anhalt,52.015068779499096,11.69655494202673,501.76453,68.772255,171.19821,18.185966,23.586298,12.7875,2.9822853
2008-09-01,sachsen_anhalt,52.015068779499096,11.69655494202673,453.64334,77.57502,115.027534,12.969142,17.953281,8.32483,2.3707802
2008-10-01,sachsen_anhalt,52.015068779499096,11.69655494202673,487.88715,82.5443,67.82031,9.581017,13.887147,5.3690476,2.7573595
2008-11-01,sachsen_anhalt,52.015068779499096,11.69655494202673,188.12332,84.77256,26.34827,5.476969,7.9294825,2.534473,3.3950174
2008-12-01,sachsen_anhalt,52.015068779499096,11.69655494202673,302.46774,87.88471,20.61111,1.4215591,3.4949493,-0.80000836,2.9306917
2009-01-01,sachsen_anhalt,52.015068779499096,11.69655494202673,217.73871,85.68853,30.222103,-2.0513895,1.0721123,-5.842643,2.5920455
2009-02-01,sachsen_anhalt,52.015068779499096,11.69655494202673,418.30002,86.2638,40.56058,0.92471033,3.3589537,-1.7229655,3.258
2009-03-01,sachsen_anhalt,52.015068779499096,11.69655494202673,413.16132,79.87688,84.84206,5.011644,8.768107,1.2260405,3.4704373
2009-04-01,sachsen_anhalt,52.015068779499096,11.69655494202673,170.87001,67.93317,201.51123,12.171266,19.034681,5.06832,2.670849
2009-05-01,sachsen_anhalt,52.015068779499096,11.69655494202673,594.2387,69.92409,222.2006,13.907017,19.83853,7.570961,2.9120429
2009-06-01,sachsen_anhalt,52.015068779499096,11.69655494202673,468.58002,73.79305,202.43024,14.9059,20.210188,9.5943365,3.0656235
2009-07-01,sachsen_anhalt,52.015068779499096,11.69655494202673,654.0549,70.89763,214.16835,18.798,24.706034,13.037474,2.8649786
2009-08-01,sachsen_anhalt,52.015068779499096,11.69655494202673,235.63872,64.245995,206.85173,19.411957,26.29192,12.288812,2.5373847
2009-09-01,sachsen_anhalt,52.015068779499096,11.69655494202673,298.54333,73.840866,133.1826,15.108852,21.080286,9.359942,2.677753
2009-10-01,sachsen_anhalt,52.015068779499096,11.69655494202673,707.1355,84.67076,61.036205,8.063342,11.550956,4.568436,2.9941087
2009-11-01,sachsen_anhalt,52.015068779499096,11.69655494202673,655.57996,82.03975,32.529137,7.992925,10.7287855,5.1352754,3.5004988
2009-12-01,sachsen_anhalt,52.015068779499096,11.69655494202673,637.04193,87.95818,21.407288,0.094583035,2.5449688,-2.856994,2.8582067
2010-01-01,sachsen_anhalt,52.015068779499096,11.69655494202673,294.8484,87.931046,21.426641,-4.874357,-2.6520503,-7.9267526,2.9511936
2010-02-01,sachsen_anhalt,52.015068779499096,11.69655494202673,283.32144,83.61268,45.96376,-0.8803227,2.1652923,-4.2423744,3.1763756
2010-03-01,sachsen_anhalt,52.015068779499096,11.69655494202673,330.93872,75.63705,101.77814,4.635063,9.032666,0.021232985,3.624637
2010-04-01,sachsen_anhalt,52.015068779499096,11.69655494202673,119.37,66.18566,181.26123,8.9360895,14.890742,2.687542,3.1080332
2010-05-01,sachsen_anhalt,52.015068779499096,11.69655494202673,1108.1807,79.792175,152.66798,10.631165,14.670691,6.489835,2.8648326
2010-06-01,sachsen_anhalt,52.015068779499096,11.69655494202673,185.34,68.362686,248.87048,16.793863,22.716253,9.886617,2.618001
2010-07-01,sachsen_anhalt,52.015068779499096,11.69655494202673,380.09357,64.09191,242.76666,21.301874,27.9352,14.236811,2.3594048
2010-08-01,sachsen_anhalt,52.015068779499096,11.69655494202673,1114.1451,78.268906,147.03906,17.413118,22.249907,13.021692,2.7614014
2010-09-01,sachsen_anhalt,52.015068779499096,11.69655494202673,1100.7367,80.26892,116.06247,12.951913,17.623343,8.604876,2.8813753
2010-10-01,sachsen_anhalt,52.015068779499096,11.69655494202673,157.91936,81.47137,77.22497,8.319242,12.854432,4.037289,3.0532696
2010-11-01,sachsen_anhalt,52.015068779499096,11.69655494202673,890.1967,87.63217,24.851358,4.7352924,6.989853,2.1431077,3.2867098
2010-12-01,sachsen_anhalt,52.015068779499096,11.69655494202673,578.26776,89.65606,17.95687,-4.484282,-1.9121146,-8.252589,3.5156906
2011-01-01,sachsen_anhalt,52.015068779499096,11.69655494202673,340.1742,88.19426,25.689844,1.4597563,3.7966127,-1.0410788,3.023178
2011-02-01,sachsen_anhalt,52.015068779499096,11.69655494202673,124.52857,77.05778,56.085052,0.39816532,3.6833055,-2.824024,3.7007816
2011-03-01,sachsen_anhalt,52.015068779499096,11.69655494202673,105.338715,72.46007,123.32283,4.6421614,10.391497,-0.82944685,2.8719532
2011-04-01,sachsen_anhalt,52.015068779499096,11.69655494202673,197.09666,65.816536,188.17581,11.985325,18.347092,5.417313,3.17068
2011-05-01,sachsen_anhalt,52.015068779499096,11.69655494202673,224.15485,62.875736,240.33644,14.265609,21.111582,6.9058423,2.8753953
2011-06-01,sachsen_anhalt,52.015068779499096,11.69655494202673,619.15,68.15441,231.55643,17.504505,23.614794,11.074938,2.95599
2011-07-01,sachsen_anhalt,52.015068779499096,11.69655494202673,979.6936,73.67289,176.035,16.954288,21.64527,12.215958,3.281995
2011-08-01,sachsen_anhalt,52.015068779499096,11.69655494202673,603.20325,75.30492,171.59473,18.21485,23.638552,13.069613,2.7906582
2011-09-01,sachsen_anhalt,52.015068779499096,11.69655494202673,528.8467,76.73751,138.92717,15.615325,21.412226,10.117951,2.5166628
2011-10-01,sachsen_anhalt,52.015068779499096,11.69655494202673,304.44196,82.05554,85.916016,9.734616,15.205871,4.729123,2.8914504
2011-11-01,sachsen_anhalt,52.015068779499096,11.69655494202673,2.1200001,88.28832,44.255554,4.02416,8.041171,0.4076506,2.437006
2011-12-01,sachsen_anhalt,52.015068779499096,11.69655494202673,517.0322,83.504,19.228077,4.563171,6.9989843,2.1351635,4.6552677
2012-01-01,sachsen_anhalt,52.015068779499096,11.69655494202673,652.97095,84.74991,28.00239,2.0251217,4.251069,-0.40557826,4.265941
2012-02-01,sachsen_anhalt,52.015068779499096,11.69655494202673,161.92068,81.88804,55.53959,-2.315802,1.2489069,-6.413319,3.4410627
2012-03-01,sachsen_anhalt,52.015068779499096,11.69655494202673,61.580643,74.55207,113.4227,7.4029584,12.391033,2.578491,3.3225725
2012-04-01,sachsen_anhalt,52.015068779499096,11.69655494202673,190.68333,69.81495,151.76236,8.723816,13.918616,3.3069296,3.124901
2012-05-01,sachsen_anhalt,52.015068779499096,11.69655494202673,392.3645,66.06255,227.38614,14.8639,20.956163,8.273683,2.8754947
2012-06-01,sachsen_anhalt,52.015068779499096,11.69655494202673,729.4267,74.99453,189.72247,15.493019,20.459408,10.132763,2.8160086
2012-07-01,sachsen_anhalt,52.015068779499096,11.69655494202673,793.7516,74.10964,206.24695,18.066895,23.645853,12.663992,2.7311382
2012-08-01,sachsen_anhalt,52.015068779499096,11.69655494202673,333.53552,70.39931,194.68484,18.575073,24.732145,12.453482,2.4316595
2012-09-01,sachsen_anhalt,52.015068779499096,11.69655494202673,236.27333,73.02658,136.74777,14.407024,20.318167,8.627328,2.7196257
2012-10-01,sachsen_anhalt,52.015068779499096,11.69655494202673,292.81613,81.76263,75.16571,9.072753,13.90357,4.577659,2.7819042
2012-11-01,sachsen_anhalt,52.015068779499096,11.69655494202673,336.47333,87.09178,30.265556,5.271048,8.033802,2.2232308,2.8309097
2012-12-01,sachsen_anhalt,52.015068779499096,11.69655494202673,506.49353,87.088974,20.551971,1.4508913,3.8763852,-1.2613465,3.305627
2013-01-01,sachsen_anhalt,52.015068779499096,11.69655494202673,430.48386,87.81577,20.23895,0.18177538,2.0963392,-2.3082557,3.4659402
2013-02-01,sachsen_anhalt,52.015068779499096,11.69655494202673,406.02142,88.39915,37.264416,-0.4169034,1.6846972,-2.5865858,3.0173097
2013-03-01,sachsen_anhalt,52.015068779499096,11.69655494202673,307.62903,79.660164,99.150536,-1.1804229,2.550031,-4.9394693,3.3108757
2013-04-01,sachsen_anhalt,52.015068779499096,11.69655494202673,264.50668,71.943985,147.29419,8.497131,13.41478,3.3839765,2.9725208
2013-05-01,sachsen_anhalt,52.015068779499096,11.69655494202673,1064.2227,78.534836,170.06189,12.828638,17.686657,7.708441,2.7835844
2013-06-01,sachsen_anhalt,52.015068779499096,11.69655494202673,409.35333,72.77699,218.16605,16.57539,21.941284,10.67361,3.0608149
2013-07-01,sachsen_anhalt,52.015068779499096,11.69655494202673,313.55164,68.3509,248.17181,20.019714,26.66637,13.329382,2.4095938
2013-08-01,sachsen_anhalt,52.015068779499096,11.69655494202673,355.61615,69.311195,192.88542,18.620222,25.046822,12.31039,2.484393
2013-09-01,sachsen_anhalt,52.015068779499096,11.69655494202673,534.2134,81.05753,106.837036,13.463151,18.087091,9.083136,2.948442
2013-10-01,sachsen_anhalt,52.015068779499096,11.69655494202673,649.48065,81.80508,69.59475,11.064369,15.298754,6.8259506,2.9362996
2013-11-01,sachsen_anhalt,52.015068779499096,11.69655494202673,593.42,87.90897,29.850246,4.970194,7.6462946,2.0322468,3.075321
2013-12-01,sachsen_anhalt,52.015068779499096,11.69655494202673,275.24838,83.55438,23.039309,4.3392797,6.884975,1.6231613,3.6357167
2014-01-01,sachsen_anhalt,52.015068779499096,11.69655494202673,263.14194,88.013435,26.110872,1.1470776,3.7372582,-1.6711361,3.2531543
2014-02-01,sachsen_anhalt,52.015068779499096,11.69655494202673,125.79643,78.75266,62.77368,4.8953795,9.083281,0.98814946,3.3232987
2014-03-01,sachsen_anhalt,52.015068779499096,11.69655494202673,64.87741,76.952835,116.69845,7.131805,13.061112,1.6650262,2.932259
2014-04-01,sachsen_anhalt,52.015068779499096,11.69655494202673,292.40335,75.73168,162.40582,11.443706,17.216179,5.6968255,2.743937
2014-05-01,sachsen_anhalt,52.015068779499096,11.69655494202673,813.9871,75.31109,195.18028,12.888208,18.19118,7.41384,2.9962437
2014-06-01,sachsen_anhalt,52.015068779499096,11.69655494202673,443.1,72.99638,222.57579,16.187233,21.920576,10.06951,2.576084
2014-07-01,sachsen_anhalt,52.015068779499096,11.69655494202673,916.2355,72.33131,223.26857,20.330954,26.535313,14.462757,2.3497586
2014-08-01,sachsen_anhalt,52.015068779499096,11.69655494202673,617.0645,75.21995,178.95949,16.605959,22.233505,11.327944,2.6361923
2014-09-01,sachsen_anhalt,52.015068779499096,11.69655494202673,434.66,83.77059,116.1921,15.601691,20.36312,11.197754,2.4246726
2014-10-01,sachsen_anhalt,52.015068779499096,11.69655494202673,350.1258,87.33323,70.484344,12.276671,16.691515,8.273151,2.389073
2014-11-01,sachsen_anhalt,52.015068779499096,11.69655494202673,82.79,88.9569,35.10753,6.5947976,9.532593,3.6939938,2.5928915
2014-12-01,sachsen_anhalt,52.015068779499096,11.69655494202673,373.15485,86.89213,17.503345,2.8004503,4.9667134,0.182951,4.011516
2015-01-01,sachsen_anhalt,52.015068779499096,11.69655494202673,467.5,85.302704,24.546118,2.8404732,4.9614105,0.47497967,4.117717
2015-02-01,sachsen_anhalt,52.015068779499096,11.69655494202673,92.314285,83.92686,61.837303,1.3789325,5.102909,-2.1898966,2.9854126
2015-03-01,sachsen_anhalt,52.015068779499096,11.69655494202673,354.57745,77.13465,102.0178,5.472289,10.008878,1.0467454,3.6763284
2015-04-01,sachsen_anhalt,52.015068779499096,11.69655494202673,252.87001,69.15152,186.19211,8.6082115,14.720022,2.2397828,3.3464036
2015-05-01,sachsen_anhalt,52.015068779499096,11.69655494202673,183.35806,68.33816,212.50252,12.592936,18.75737,5.5243053,3.0165865
2015-06-01,sachsen_anhalt,52.015068779499096,11.69655494202673,301.31665,67.67069,213.40913,16.068827,21.929943,9.799096,2.8577285
2015-07-01,sachsen_anhalt,52.015068779499096,11.69655494202673,804.0774,68.277916,225.63547,19.50404,25.717487,13.427514,3.2235687
2015-08-01,sachsen_anhalt,52.015068779499096,11.69655494202673,918.0161,70.287796,204.99629,20.49692,27.152122,14.10977,2.5409844
2015-09-01,sachsen_anhalt,52.015068779499096,11.69655494202673,328.87668,81.10846,125.59233,13.384839,18.820854,8.627247,2.8102417
2015-10-01,sachsen_anhalt,52.015068779499096,11.69655494202673,449.7226,86.572205,67.926285,8.173209,12.275159,4.3432055,2.1878648
2015-11-01,sachsen_anhalt,52.015068779499096,11.69655494202673,617.93335,84.28213,36.382347,7.910896,11.390217,4.602985,4.002053
2015-12-01,sachsen_anhalt,52.015068779499096,11.69655494202673,187.88388,83.81465,24.70478,7.2651443,9.974567,4.0851183,3.8463953
2016-01-01,sachsen_anhalt,52.015068779499096,11.69655494202673,363.5774,86.405136,27.555197,0.3164301,3.0025494,-2.9932306,3.4430418
2016-02-01,sachsen_anhalt,52.015068779499096,11.69655494202673,419.93793,81.67976,51.67344,3.5675695,6.897203,0.37574327,4.0868225
2016-03-01,sachsen_anhalt,52.015068779499096,11.69655494202673,250.94193,80.74283,89.316246,4.4228506,8.2885275,0.7625233,3.087037
2016-04-01,sachsen_anhalt,52.015068779499096,11.69655494202673,192.1,71.1334,166.13408,8.361506,13.989336,2.7085948,3.054063
2016-05-01,sachsen_anhalt,52.015068779499096,11.69655494202673,443.69678,67.55013,223.85925,14.753622,20.73019,8.357595,3.10289
2016-06-01,sachsen_anhalt,52.015068779499096,11.69655494202673,604.7866,73.08907,205.7358,18.204205,24.013966,12.408648,2.4942682
2016-07-01,sachsen_anhalt,52.015068779499096,11.69655494202673,398.8484,68.082,201.72104,19.602337,25.591536,13.600235,2.759687
2016-08-01,sachsen_anhalt,52.015068779499096,11.69655494202673,203.13226,69.126724,188.2797,18.434248,24.870298,12.154707,2.6155207
2016-09-01,sachsen_anhalt,52.015068779499096,11.69655494202673,315.31668,70.845146,150.2306,17.767595,24.1748,11.544079,2.4205317
2016-10-01,sachsen_anhalt,52.015068779499096,11.69655494202673,510.5968,88.95612,49.374073,8.874133,11.907511,5.897786,2.6333966
2016-11-01,sachsen_anhalt,52.015068779499096,11.69655494202673,305.27,86.28682,34.118027,3.844316,7.001411,0.62290615,2.8842542
2016-12-01,sachsen_anhalt,52.015068779499096,11.69655494202673,210.64839,86.869934,23.949583,2.9094648,5.7996597,-0.05986738,3.3745577
2017-01-01,sachsen_anhalt,52.015068779499096,11.69655494202673,331.40643,86.776115,30.020432,-1.3301398,1.2437767,-4.0118804,2.9701457
2017-02-01,sachsen_anhalt,52.015068779499096,11.69655494202673,295.13214,82.351494,48.587963,2.5857975,5.7794485,-0.5717883,3.5136094
2017-03-01,sachsen_anhalt,52.015068779499096,11.69655494202673,345.2484,75.27851,107.77992,7.341696,12.282774,2.3759043,3.2457094
2017-04-01,sachsen_anhalt,52.015068779499096,11.69655494202673,192.56334,72.28249,148.7006,7.826961,12.855844,2.677027,3.458153
2017-05-01,sachsen_anhalt,52.015068779499096,11.69655494202673,441.87744,72.76056,212.69489,14.707977,20.455103,8.643952,2.724203
2017-06-01,sachsen_anhalt,52.015068779499096,11.69655494202673,836.5233,71.2338,224.70073,17.797194,23.765306,11.739804,3.0108702
2017-07-01,sachsen_anhalt,52.015068779499096,11.69655494202673,968.3967,74.93904,194.16751,18.495182,24.006945,13.198235,2.6858637
2017-08-01,sachsen_anhalt,52.015068779499096,11.69655494202673,533.31616,74.16052,184.68817,18.275513,24.093306,12.351347,2.601485
2017-09-01,sachsen_anhalt,52.015068779499096,11.69655494202673,301.86334,80.47632,115.097046,13.613777,18.746008,9.058315,2.6442196
2017-10-01,sachsen_anhalt,52.015068779499096,11.69655494202673,450.12903,83.273964,63.910873,11.800923,15.511394,8.448777,3.7507575
2017-11-01,sachsen_anhalt,52.015068779499096,11.69655494202673,477.95667,87.89329,28.771729,5.7527137,8.400026,2.7183988,3.2875025
2017-12-01,sachsen_anhalt,52.015068779499096,11.69655494202673,346.97095,85.2422,18.807884,3.5216367,5.772597,1.0410681,4.0200825
2018-01-01,sachsen_anhalt,52.015068779499096,11.69655494202673,463.89355,85.2004,22.978374,3.6613488,6.0936832,1.1198566,3.8534527
2018-02-01,sachsen_anhalt,52.015068779499096,11.69655494202673,57.007145,79.312195,68.694046,-1.6404192,1.9531006,-5.26941,2.7086084
2018-03-01,sachsen_anhalt,52.015068779499096,11.69655494202673,429.8226,76.78343,96.99593,1.9131612,6.341822,-2.485363,3.4674718
2018-04-01,sachsen_anhalt,52.015068779499096,11.69655494202673,303.32,70.977776,187.01912,12.789384,19.110369,6.0122085,3.063679
2018-05-01,sachsen_anhalt,52.015068779499096,11.69655494202673,155.16776,63.035706,236.938,16.741405,23.472603,9.121226,2.8733141
2018-06-01,sachsen_anhalt,52.015068779499096,11.69655494202673,123.51668,65.57775,199.44322,18.616995,24.545225,12.706635,2.9147258
2018-07-01,sachsen_anhalt,52.015068779499096,11.69655494202673,236.92581,56.69974,232.66333,21.181385,28.553873,13.177219,2.5861838
2018-08-01,sachsen_anhalt,52.015068779499096,11.69655494202673,207.23549,59.042248,207.44969,20.649622,27.537153,13.381642,2.74551
2018-09-01,sachsen_anhalt,52.015068779499096,11.69655494202673,275.27002,66.39126,143.36691,15.786901,22.449364,9.42325,2.74076
2018-10-01,sachsen_anhalt,52.015068779499096,11.69655494202673,108.841934,76.109764,82.35842,10.847608,16.604963,5.3196554,3.07265
2018-11-01,sachsen_anhalt,52.015068779499096,11.69655494202673,106.513336,85.31309,37.562717,5.1565294,8.721521,1.713205,2.6895545
2018-12-01,sachsen_anhalt,52.015068779499096,11.69655494202673,505.54193,86.219795,17.972044,4.602766,6.682021,2.4263296,3.8077726
2019-01-01,sachsen_anhalt,52.015068779499096,11.69655494202673,448.64194,83.868996,27.122223,1.2775472,3.7135994,-1.3331839,4.009111
2019-02-01,sachsen_anhalt,52.015068779499096,11.69655494202673,122.45714,73.5864,66.871956,4.6160846,9.626018,0.20703572,3.2810714
2019-03-01,sachsen_anhalt,52.015068779499096,11.69655494202673,433.81937,75.643906,91.67395,7.106726,11.215372,2.9482605,4.4095554
2019-04-01,sachsen_anhalt,52.015068779499096,11.69655494202673,195.14001,64.06218,191.19296,9.921481,16.16886,3.3134766,3.2213767
2019-05-01,sachsen_anhalt,52.015068779499096,11.69655494202673,359.78064,70.07729,194.08865,11.85414,17.227999,5.917032,3.0862508
2019-06-01,sachsen_anhalt,52.015068779499096,11.69655494202673,466.92334,61.707985,227.56569,21.105822,28.121065,13.26151,2.7437024
2019-07-01,sachsen_anhalt,52.015068779499096,11.69655494202673,336.34515,63.7495,199.2976,19.319773,25.361174,13.060831,2.7959497
2019-08-01,sachsen_anhalt,52.015068779499096,11.69655494202673,232.15805,64.35542,194.04195,20.153536,27.048697,13.372613,2.5238364
2019-09-01,sachsen_anhalt,52.015068779499096,11.69655494202673,442.81335,71.92415,129.30556,14.565504,20.178041,8.871928,2.9449196
2019-10-01,sachsen_anhalt,52.015068779499096,11.69655494202673,492.36127,82.35851,72.59761,11.2856,15.740386,7.2315288,2.9895291
2019-11-01,sachsen_anhalt,52.015068779499096,11.69655494202673,332.72,87.925156,30.783703,5.610527,8.608507,2.5304432,2.781285
2019-12-01,sachsen_anhalt,52.015068779499096,11.69655494202673,293.27097,83.44436,24.932379,4.1534624,7.055664,1.0187145,3.2372115
2020-01-01,sachsen_anhalt,52.015068779499096,11.69655494202673,244.82904,83.572914,30.298687,4.142369,6.9953403,0.7961099,3.4767861
2020-02-01,sachsen_anhalt,52.015068779499096,11.69655494202673,766.969,76.78425,52.03231,5.895296,8.984795,2.6696804,5.037545
2020-03-01,sachsen_anhalt,52.015068779499096,11.69655494202673,254.8,69.1181,125.65353,5.3713126,10.29913,0.22701314,3.6181061
2020-04-01,sachsen_anhalt,52.015068779499096,11.69655494202673,65.18,56.895542,230.08691,10.251591,17.300362,2.5430198,3.0472827
2020-05-01,sachsen_anhalt,52.015068779499096,11.69655494202673,255.89354,64.91046,235.4356,12.129925,18.157282,5.3115163,2.9550261
2020-06-01,sachsen_anhalt,52.015068779499096,11.69655494202673,609.6167,68.69134,246.15654,18.119932,24.18259,11.884283,2.718773
2020-07-01,sachsen_anhalt,52.015068779499096,11.69655494202673,357.62903,66.25833,236.08733,18.080626,24.239561,11.5945015,2.7627885
2020-08-01,sachsen_anhalt,52.015068779499096,11.69655494202673,425.86774,65.75462,205.57014,20.953968,27.26036,14.61741,2.5886438
2020-09-01,sachsen_anhalt,52.015068779499096,11.69655494202673,475.5567,71.56532,161.3137,15.182981,21.961773,8.655506,2.310569
2020-10-01,sachsen_anhalt,52.015068779499096,11.69655494202673,544.2871,83.1393,69.52354,11.051711,14.523564,7.662876,3.2905433
2020-11-01,sachsen_anhalt,52.015068779499096,11.69655494202673,62.323334,85.06694,43.58247,6.839832,10.071151,3.422743,2.7906456
2020-12-01,sachsen_anhalt,52.015068779499096,11.69655494202673,219.6871,86.62147,21.858305,3.4483094,5.980166,0.9047395,2.9352005
2021-01-01,sachsen_anhalt,52.015068779499096,11.69655494202673,402.2871,86.46902,26.782436,0.7276392,2.8982725,-1.5494014,3.1279962
2021-02-01,sachsen_anhalt,52.015068779499096,11.69655494202673,454.33932,82.73343,72.48214,0.76817465,5.0755844,-3.742951,2.8185594
2021-03-01,sachsen_anhalt,52.015068779499096,11.69655494202673,198.93872,74.55632,116.06559,5.185765,10.103463,0.6912234,3.2957132
2021-04-01,sachsen_anhalt,52.015068779499096,11.69655494202673,243.31332,69.276634,175.04234,6.287186,11.596627,1.0974234,3.4979136
2021-05-01,sachsen_anhalt,52.015068779499096,11.69655494202673,565.95483,71.90887,209.61958,11.727129,16.687408,6.786093,3.4772832
2021-06-01,sachsen_anhalt,52.015068779499096,11.69655494202673,513.74335,68.287315,270.90533,19.975494,25.988184,13.429641,2.3078668
2021-07-01,sachsen_anhalt,52.015068779499096,11.69655494202673,496.7871,72.33358,222.8012,19.551704,24.938211,14.09048,2.6062975
2021-08-01,sachsen_anhalt,52.015068779499096,11.69655494202673,916.9387,75.981895,179.88423,17.042234,22.558409,12.024797,2.816431
2021-09-01,sachsen_anhalt,52.015068779499096,11.69655494202673,242.38333,79.70457,145.64902,15.574841,20.937,10.59411,2.3574617
2021-10-01,sachsen_anhalt,52.015068779499096,11.69655494202673,270.12903,79.70048,90.51661,10.242209,15.211263,5.5091,3.0082054
2021-11-01,sachsen_anhalt,52.015068779499096,11.69655494202673,402.19336,86.67633,39.855923,5.860843,8.332883,3.199,3.0367715
2021-12-01,sachsen_anhalt,52.015068779499096,11.69655494202673,273.0871,88.12253,19.57754,2.4671457,4.898762,-0.4346882,3.0642242
2022-01-01,sachsen_anhalt,52.015068779499096,11.69655494202673,289.18387,85.22148,24.280525,3.7661827,5.7832265,1.4228997,4.0045004
2022-02-01,sachsen_anhalt,52.015068779499096,11.69655494202673,488.06784,77.61326,64.12276,5.0203066,8.622658,1.5570198,5.1872206
2022-03-01,sachsen_anhalt,52.015068779499096,11.69655494202673,47.62581,64.88286,155.6724,4.764714,11.23453,-1.4140967,2.6142735
2022-04-01,sachsen_anhalt,52.015068779499096,11.69655494202673,242.14334,68.392845,169.51433,8.055667,13.347975,2.457,3.572854
2022-05-01,sachsen_anhalt,52.015068779499096,11.69655494202673,290.16772,65.77717,228.44434,14.907569,21.024712,8.045886,2.8845506
2022-06-01,sachsen_anhalt,52.015068779499096,11.69655494202673,254.85335,62.26475,267.54913,19.205696,26.167324,11.512428,2.5338519
2022-07-01,sachsen_anhalt,52.015068779499096,11.69655494202673,311.4613,60.65829,231.92557,19.484299,26.32961,12.238187,2.7423177
2022-08-01,sachsen_anhalt,52.015068779499096,11.69655494202673,238.37741,64.68498,172.37274,20.593689,27.661581,13.352335,2.1866727
2022-09-01,sachsen_anhalt,52.015068779499096,11.69655494202673,463.31,75.45006,118.81778,13.768481,19.379183,8.857541,2.5460145
2022-10-01,sachsen_anhalt,52.015068779499096,11.69655494202673,250.31935,81.27168,81.56822,12.848607,18.236103,7.5835648,2.4785888
2022-11-01,sachsen_anhalt,52.015068779499096,11.69655494202673,227.94,85.404396,46.115677,5.9052763,9.605057,2.3112912,2.6890726
2022-12-01,sachsen_anhalt,52.015068779499096,11.69655494202673,516.03546,87.60072,18.97049,1.5729426,4.0010324,-1.2787551,2.878927
2023-01-01,sachsen_anhalt,52.015068779499096,11.69655494202673,423.85806,83.41869,21.34086,4.253583,6.4135733,1.7065674,3.8560941
2023-02-01,sachsen_anhalt,52.015068779499096,11.69655494202673,330.34644,82.7138,55.18373,3.5257804,7.030016,0.014071419,3.5328424
2023-03-01,sachsen_anhalt,52.015068779499096,11.69655494202673,582.10645,78.598274,91.61326,5.8719177,10.026563,2.0951638,3.5637562
2023-04-01,sachsen_anhalt,52.015068779499096,11.69655494202673,370.3,73.38675,152.15593,7.838981,12.6237335,2.6996937,3.2569394
2023-05-01,sachsen_anhalt,52.015068779499096,11.69655494202673,85.86452,65.80745,229.95651,13.411996,19.548893,6.415585,2.8897538
2023-06-01,sachsen_anhalt,52.015068779499096,11.69655494202673,697.67664,64.45948,251.68234,18.806274,25.448574,11.8635235,2.522711
2023-07-01,sachsen_anhalt,52.015068779499096,11.69655494202673,475.57095,65.11923,217.88698,19.285751,25.34707,12.658974,3.0972066
2023-08-01,sachsen_anhalt,52.015068779499096,11.69655494202673,942.3967,76.06972,148.30824,18.907763,24.393534,13.855614,2.5662136
2023-09-01,sachsen_anhalt,52.015068779499096,11.69655494202673,163.80667,73.68416,137.70926,17.699993,24.678852,11.016497,2.178958
2023-10-01,sachsen_anhalt,52.015068779499096,11.69655494202673,768.08386,82.52973,64.229034,12.253367,16.149576,8.719925,3.1965292
2023-11-01,sachsen_anhalt,52.015068779499096,11.69655494202673,705.68,83.36063,40.465183,5.9626245,8.643255,2.9144046,3.8886094
2023-12-01,sachsen_anhalt,52.015068779499096,11.69655494202673,894.41614,85.30742,18.464275,4.4105506,6.436621,1.9457872,4.088867
2024-01-01,sachsen_anhalt,52.015068779499096,11.69655494202673,405.9613,80.855034,30.51123,1.6684301,4.6372485,-1.5644014,4.06989
2024-02-01,sachsen_anhalt,52.015068779499096,11.69655494202673,617.18274,82.33226,46.14087,6.985895,10.293419,3.5909324,3.933453
2024-03-01,sachsen_anhalt,52.015068779499096,11.69655494202673,249.6871,77.5124,107.31815,7.5270615,12.694396,2.2087145,2.9222567
2024-04-01,sachsen_anhalt,52.015068779499096,11.69655494202673,327.21667,71.66188,161.3737,10.979772,16.29922,5.794674,3.2417173
2024-05-01,sachsen_anhalt,52.015068779499096,11.69655494202673,617.0484,69.40033,220.4693,16.24268,21.844187,10.374702,2.7126918
2024-06-01,sachsen_anhalt,52.015068779499096,11.69655494202673,545.83,71.78122,228.69704,17.30616,22.985203,11.198262,2.6871135
2024-07-01,sachsen_anhalt,52.015068779499096,11.69655494202673,704.4129,70.72842,225.89056,19.332895,25.447094,13.058245,2.4963546
2024-08-01,sachsen_anhalt,52.015068779499096,11.69655494202673,310.20645,67.93017,209.73344,20.598412,26.97469,13.604566,2.4901195
2024-09-01,sachsen_anhalt,52.015068779499096,11.69655494202673,600.5367,71.78659,140.25766,16.539597,22.413364,11.162455,3.2340631
2024-10-01,sachsen_anhalt,52.015068779499096,11.69655494202673,315.06775,85.626434,69.23214,11.244813,15.850134,6.853438,2.6221902
2024-11-01,sachsen_anhalt,52.015068779499096,11.69655494202673,347.1667,84.86017,29.959383,5.4891515,8.05498,2.6205494,3.1835332
2024-12-01,sachsen_anhalt,52.015068779499096,11.69655494202673,320.47098,86.374084,18.993427,3.6956725,5.912118,1.1786977,3.5866008
2000-01-01,schleswig_holstein,54.195716906915266,9.808221614736619,404.48065,87.01965,23.432133,3.1119604,4.983475,0.76239365,5.175402
2000-02-01,schleswig_holstein,54.195716906915266,9.808221614736619,543.5552,86.51948,45.757282,4.3603897,6.941299,1.92316,5.0974154
2000-03-01,schleswig_holstein,54.195716906915266,9.808221614736619,569.64197,86.17642,79.26835,4.831943,7.5626993,2.1811001,4.8627176
2000-04-01,schleswig_holstein,54.195716906915266,9.808221614736619,248.49335,79.22707,151.79308,9.273774,13.97601,4.91022,3.3524714
2000-05-01,schleswig_holstein,54.195716906915266,9.808221614736619,293.18066,71.38597,238.51332,13.561976,19.209005,8.051119,3.4571211
2000-06-01,schleswig_holstein,54.195716906915266,9.808221614736619,450.5567,75.91564,207.59209,15.053053,19.621828,10.83432,3.841627
2000-07-01,schleswig_holstein,54.195716906915266,9.808221614736619,336.2871,80.63821,164.44693,15.183448,19.13534,11.680057,3.2954054
2000-08-01,schleswig_holstein,54.195716906915266,9.808221614736619,292.33228,79.878075,174.14508,16.034924,20.983257,11.724912,2.880364
2000-09-01,schleswig_holstein,54.195716906915266,9.808221614736619,426.34335,84.96334,103.11675,13.651728,17.380373,10.458064,3.4958284
2000-10-01,schleswig_holstein,54.195716906915266,9.808221614736619,464.3742,87.48568,56.400032,10.944138,14.189443,8.080284,4.0183873
2000-11-01,schleswig_holstein,54.195716906915266,9.808221614736619,285.81332,88.87298,27.741709,6.9136605,9.048504,4.6558275,4.300056
2000-12-01,schleswig_holstein,54.195716906915266,9.808221614736619,350.63226,89.77232,17.115475,3.8637774,5.777809,1.807999,4.229707
2001-01-01,schleswig_holstein,54.195716906915266,9.808221614736619,248.24518,91.69735,18.76313,1.3997086,3.148046,-0.62050956,3.3169093
2001-02-01,schleswig_holstein,54.195716906915266,9.808221614736619,405.56427,87.34579,47.50759,1.5904521,4.5431385,-1.2392409,4.1832547
2001-03-01,schleswig_holstein,54.195716906915266,9.808221614736619,392.92584,83.26132,86.5135,2.225875,5.3740177,-0.6930887,4.163545
2001-04-01,schleswig_holstein,54.195716906915266,9.808221614736619,433.02335,82.16573,136.02803,6.713715,10.835918,3.0127518,3.7462013
2001-05-01,schleswig_holstein,54.195716906915266,9.808221614736619,233.11612,74.15594,241.79881,12.617456,17.75737,7.1570277,3.439261
2001-06-01,schleswig_holstein,54.195716906915266,9.808221614736619,591.4067,79.73777,208.54619,13.610453,17.795464,9.383399,3.4115953
2001-07-01,schleswig_holstein,54.195716906915266,9.808221614736619,502.9742,78.800735,227.39442,18.064857,22.630957,13.624164,3.091387
2001-08-01,schleswig_holstein,54.195716906915266,9.808221614736619,701.98065,81.12476,177.06763,17.725304,22.342245,13.585633,3.3182056
2001-09-01,schleswig_holstein,54.195716906915266,9.808221614736619,1126.8367,89.35803,92.55105,12.57072,15.93466,9.96584,3.2201984
2001-10-01,schleswig_holstein,54.195716906915266,9.808221614736619,327.73224,88.549835,59.40486,12.619155,15.6340685,10.015535,4.3245764
2001-11-01,schleswig_holstein,54.195716906915266,9.808221614736619,498.21002,88.16533,28.902254,5.3516793,8.166594,2.256061,3.888665
2001-12-01,schleswig_holstein,54.195716906915266,9.808221614736619,533.59357,90.380135,17.176718,0.7407589,3.244025,-1.8539816,3.8286068
2002-01-01,schleswig_holstein,54.195716906915266,9.808221614736619,549.81616,88.599075,19.74365,3.2442029,5.1923923,1.0275799,4.8285885
2002-02-01,schleswig_holstein,54.195716906915266,9.808221614736619,1021.39294,83.864716,52.358524,5.085959,8.1249,2.3225207,5.620189
2002-03-01,schleswig_holstein,54.195716906915266,9.808221614736619,305.02258,81.7378,98.48403,4.8823047,8.591743,1.5320072,4.2306466
2002-04-01,schleswig_holstein,54.195716906915266,9.808221614736619,367.4167,80.26057,144.51932,7.785642,11.815145,4.0795264,3.484389
2002-05-01,schleswig_holstein,54.195716906915266,9.808221614736619,405.90323,81.02287,195.52159,13.35751,17.605616,9.347496,3.5159385
2002-06-01,schleswig_holstein,54.195716906915266,9.808221614736619,644.35,77.90145,219.26587,16.344124,20.50267,12.294139,3.9197476
2002-07-01,schleswig_holstein,54.195716906915266,9.808221614736619,1190.3872,81.401306,185.3497,17.358984,21.504772,13.351996,3.5511088
2002-08-01,schleswig_holstein,54.195716906915266,9.808221614736619,632.6968,81.94478,184.77621,19.70688,24.367828,15.659721,2.71286
2002-09-01,schleswig_holstein,54.195716906915266,9.808221614736619,146.58667,80.563614,132.81787,14.682527,19.437996,10.372936,2.8416855
2002-10-01,schleswig_holstein,54.195716906915266,9.808221614736619,817.4387,86.7559,62.707653,7.680092,11.097791,4.4015365,3.6568034
2002-11-01,schleswig_holstein,54.195716906915266,9.808221614736619,598.77,90.51751,24.939774,4.4850645,6.472865,2.2442594,3.457773
2002-12-01,schleswig_holstein,54.195716906915266,9.808221614736619,241.1355,84.555214,16.30949,-0.2257862,1.6462427,-2.316578,4.15257
2003-01-01,schleswig_holstein,54.195716906915266,9.808221614736619,416.94193,90.60144,19.165031,0.48720428,2.692715,-2.3405874,4.3026986
2003-02-01,schleswig_holstein,54.195716906915266,9.808221614736619,72.50357,86.19202,56.428055,-1.1081678,2.0440047,-3.9908607,3.2592092
2003-03-01,schleswig_holstein,54.195716906915266,9.808221614736619,171.70645,80.24884,110.59623,4.459416,9.133339,0.49497116,3.5558772
2003-04-01,schleswig_holstein,54.195716906915266,9.808221614736619,373.88666,70.54563,178.8116,7.993145,13.102509,2.8451111,4.348209
2003-05-01,schleswig_holstein,54.195716906915266,9.808221614736619,562.25806,78.01274,212.3408,12.669689,17.455027,7.736553,3.4040782
2003-06-01,schleswig_holstein,54.195716906915266,9.808221614736619,385.68335,75.68253,237.51883,17.037182,21.978994,11.774115,3.58206
2003-07-01,schleswig_holstein,54.195716906915266,9.808221614736619,379.90323,76.08625,217.9252,18.892103,23.738918,14.192145,3.3733134
2003-08-01,schleswig_holstein,54.195716906915266,9.808221614736619,210.73227,72.05252,195.36777,18.70562,23.98586,13.405756,3.4035378
2003-09-01,schleswig_holstein,54.195716906915266,9.808221614736619,317.84668,78.812546,140.76779,14.112399,19.604141,9.207824,2.816597
2003-10-01,schleswig_holstein,54.195716906915266,9.808221614736619,501.71613,84.79969,77.12701,6.0446377,10.333861,2.044675,3.104619
2003-11-01,schleswig_holstein,54.195716906915266,9.808221614736619,347.21002,89.902275,26.737036,6.6591196,8.979817,4.3697743,3.992751
2003-12-01,schleswig_holstein,54.195716906915266,9.808221614736619,425.6129,86.94598,17.779335,3.2869253,5.642261,0.58187467,4.4978724
2004-01-01,schleswig_holstein,54.195716906915266,9.808221614736619,681.11615,89.1783,19.282999,0.31495872,2.1312933,-1.8668567,3.5858004
2004-02-01,schleswig_holstein,54.195716906915266,9.808221614736619,580.3655,86.06807,48.905884,2.8563204,5.7888923,0.11070796,4.1148343
2004-03-01,schleswig_holstein,54.195716906915266,9.808221614736619,270.20645,82.41978,96.926605,4.412797,7.8667846,1.0611702,4.401516
2004-04-01,schleswig_holstein,54.195716906915266,9.808221614736619,218.72667,78.027084,167.87778,8.798612,13.673226,4.266921,3.523335
2004-05-01,schleswig_holstein,54.195716906915266,9.808221614736619,224.34517,78.92865,202.50725,11.530188,16.04254,7.237424,3.5862503
2004-06-01,schleswig_holstein,54.195716906915266,9.808221614736619,774.1467,80.54814,196.5095,14.220463,18.465288,10.228547,3.854652
2004-07-01,schleswig_holstein,54.195716906915266,9.808221614736619,675.32263,81.748924,195.50102,15.817935,20.102316,11.890034,3.2291243
2004-08-01,schleswig_holstein,54.195716906915266,9.808221614736619,616.79675,79.75412,184.74739,18.193865,23.028463,13.770416,3.321367
2004-09-01,schleswig_holstein,54.195716906915266,9.808221614736619,691.1967,80.98138,130.18051,14.042902,18.65233,9.95494,3.6642823
2004-10-01,schleswig_holstein,54.195716906915266,9.808221614736619,335.5968,85.31039,64.048,10.013786,13.134553,7.0401263,3.9810889
2004-11-01,schleswig_holstein,54.195716906915266,9.808221614736619,449.53668,88.525154,30.005154,5.226926,8.009605,2.3037522,3.5912046
2004-12-01,schleswig_holstein,54.195716906915266,9.808221614736619,373.50647,90.778076,16.565218,3.3317657,5.3204703,1.1756927,4.0881934
2005-01-01,schleswig_holstein,54.195716906915266,9.808221614736619,434.11615,86.79902,24.3218,3.6916115,5.783564,1.3010067,5.5631046
2005-02-01,schleswig_holstein,54.195716906915266,9.808221614736619,384.00714,85.405136,44.180126,0.4168668,2.766877,-1.9122186,4.2350063
2005-03-01,schleswig_holstein,54.195716906915266,9.808221614736619,337.67743,82.97154,100.01683,2.7368863,6.4125295,-0.84471714,4.1586523
2005-04-01,schleswig_holstein,54.195716906915266,9.808221614736619,196.98334,73.43466,175.75748,8.437815,13.481999,3.8042128,3.920938
2005-05-01,schleswig_holstein,54.195716906915266,9.808221614736619,500.6968,77.79581,208.78821,11.869209,16.821432,7.07906,3.4457648
2005-06-01,schleswig_holstein,54.195716906915266,9.808221614736619,362.02667,74.74866,233.4686,15.068127,19.933485,9.774805,3.4593015
2005-07-01,schleswig_holstein,54.195716906915266,9.808221614736619,810.8355,79.5158,193.51051,17.887178,22.438948,13.645147,3.0057926
2005-08-01,schleswig_holstein,54.195716906915266,9.808221614736619,408.8484,82.90516,161.83699,15.726347,20.087791,11.76892,3.20904
2005-09-01,schleswig_holstein,54.195716906915266,9.808221614736619,228.74,81.3254,133.46796,14.82687,20.11145,10.008678,2.9305809
2005-10-01,schleswig_holstein,54.195716906915266,9.808221614736619,402.19357,85.676025,83.75814,11.452632,16.136858,7.4260654,3.297335
2005-11-01,schleswig_holstein,54.195716906915266,9.808221614736619,348.77667,89.438736,30.087599,5.6381865,8.120477,2.9892962,3.5290127
2005-12-01,schleswig_holstein,54.195716906915266,9.808221614736619,433.87097,90.31107,18.402058,2.382353,4.467173,-0.2923064,3.848545
2006-01-01,schleswig_holstein,54.195716906915266,9.808221614736619,147.8097,88.67276,23.844788,-1.1969237,0.9440984,-3.6692102,3.3107064
2006-02-01,schleswig_holstein,54.195716906915266,9.808221614736619,296.89285,87.53089,38.0628,1.0628899,3.1376913,-1.062079,3.4189744
2006-03-01,schleswig_holstein,54.195716906915266,9.808221614736619,453.54193,84.64641,88.6782,0.5129858,3.8764236,-3.279347,3.938057
2006-04-01,schleswig_holstein,54.195716906915266,9.808221614736619,443.32,82.85056,134.6504,7.1951175,11.172531,3.7415457,3.9719048
2006-05-01,schleswig_holstein,54.195716906915266,9.808221614736619,509.02258,74.23012,213.86658,12.3319235,17.26883,7.6082582,4.3075395
2006-06-01,schleswig_holstein,54.195716906915266,9.808221614736619,180.54335,74.15243,230.83994,15.971815,20.976187,10.384145,3.1255934
2006-07-01,schleswig_holstein,54.195716906915266,9.808221614736619,248.3097,69.35928,266.63565,21.113916,27.32078,14.1542015,2.7999263
2006-08-01,schleswig_holstein,54.195716906915266,9.808221614736619,1129.829,82.20129,159.37213,16.788155,21.531057,12.915827,3.2199295
2006-09-01,schleswig_holstein,54.195716906915266,9.808221614736619,268.52,79.540924,134.43672,16.938992,21.674612,12.955512,3.562943
2006-10-01,schleswig_holstein,54.195716906915266,9.808221614736619,588.1742,87.382286,57.74583,12.673394,15.813616,9.5972595,3.8666248
2006-11-01,schleswig_holstein,54.195716906915266,9.808221614736619,443.41333,87.26306,28.238487,7.947716,10.57608,5.1304107,4.7901554
2006-12-01,schleswig_holstein,54.195716906915266,9.808221614736619,451.22583,87.99418,15.469378,6.739253,8.419611,4.786263,5.032904
2007-01-01,schleswig_holstein,54.195716906915266,9.808221614736619,971.4484,85.93721,20.784632,5.5478683,7.7237954,3.067915,6.5361886
2007-02-01,schleswig_holstein,54.195716906915266,9.808221614736619,528.1857,88.54904,36.377674,3.5122879,5.635119,1.2398533,4.244735
2007-03-01,schleswig_holstein,54.195716906915266,9.808221614736619,362.271,81.23518,113.47297,6.79168,10.895654,3.0664437,4.781028
2007-04-01,schleswig_holstein,54.195716906915266,9.808221614736619,13.856667,71.80536,192.56264,10.366197,15.980601,4.645357,3.9910889
2007-05-01,schleswig_holstein,54.195716906915266,9.808221614736619,614.1968,77.45686,211.63722,12.728027,17.763903,7.144117,3.477986
2007-06-01,schleswig_holstein,54.195716906915266,9.808221614736619,828.06665,80.57441,201.52206,16.557386,20.961363,11.978116,3.372287
2007-07-01,schleswig_holstein,54.195716906915266,9.808221614736619,1068.7,82.085976,191.75641,16.459984,20.879623,12.350975,3.7465515
2007-08-01,schleswig_holstein,54.195716906915266,9.808221614736619,516.7645,81.111565,174.45457,17.112024,21.606575,12.701377,3.387175
2007-09-01,schleswig_holstein,54.195716906915266,9.808221614736619,549.1667,83.00092,110.81594,13.441088,17.136015,9.989989,4.1684155
2007-10-01,schleswig_holstein,54.195716906915266,9.808221614736619,201.65808,84.52783,65.48465,8.88664,12.554534,4.8316483,2.7575362
2007-11-01,schleswig_holstein,54.195716906915266,9.808221614736619,420.9167,86.33549,30.010305,5.091037,7.58894,2.2731464,4.2286997
2007-12-01,schleswig_holstein,54.195716906915266,9.808221614736619,508.19037,89.38236,15.001559,3.4122703,5.158886,1.4569378,3.9531858
2008-01-01,schleswig_holstein,54.195716906915266,9.808221614736619,551.91614,86.76948,17.722145,4.513523,6.4188623,2.2735887,5.5563464
2008-02-01,schleswig_holstein,54.195716906915266,9.808221614736619,335.36554,83.86265,47.35066,4.538567,7.234802,1.9091387,4.684144
2008-03-01,schleswig_holstein,54.195716906915266,9.808221614736619,556.5709,80.94945,95.05625,4.4538083,7.792095,1.1615973,5.0074987
2008-04-01,schleswig_holstein,54.195716906915266,9.808221614736619,255.41335,79.6338,159.11996,7.511536,12.167749,2.9388144,3.3863397
2008-05-01,schleswig_holstein,54.195716906915266,9.808221614736619,85.545166,66.844,265.50397,13.296681,19.151999,6.2839956,3.1483073
2008-06-01,schleswig_holstein,54.195716906915266,9.808221614736619,281.88666,70.19517,248.46475,15.858163,21.427305,10.071755,3.904286
2008-07-01,schleswig_holstein,54.195716906915266,9.808221614736619,633.1355,77.41727,218.40346,17.736519,22.813486,12.758077,3.627295
2008-08-01,schleswig_holstein,54.195716906915266,9.808221614736619,988.1258,82.62102,152.82236,16.849178,20.93761,12.975326,3.679284
2008-09-01,schleswig_holstein,54.195716906915266,9.808221614736619,355.33002,82.90552,114.65555,13.189305,17.453741,9.021501,3.1543236
2008-10-01,schleswig_holstein,54.195716906915266,9.808221614736619,819.49677,87.93343,59.991123,9.59465,12.77789,6.415085,3.918321
2008-11-01,schleswig_holstein,54.195716906915266,9.808221614736619,397.47003,87.881775,23.902735,6.299169,8.4013405,3.8816743,4.523813
2008-12-01,schleswig_holstein,54.195716906915266,9.808221614736619,183.90645,91.1191,17.35858,2.563059,4.254203,0.59633005,3.4099493
2009-01-01,schleswig_holstein,54.195716906915266,9.808221614736619,195.12259,88.311386,23.539507,0.33604327,2.485504,-2.3491383,3.5244763
2009-02-01,schleswig_holstein,54.195716906915266,9.808221614736619,296.12143,89.70746,37.259144,1.2464631,3.3476915,-1.0804918,3.594092
2009-03-01,schleswig_holstein,54.195716906915266,9.808221614736619,396.76776,86.71342,84.89637,4.7654057,7.765841,1.6336263,4.0205116
2009-04-01,schleswig_holstein,54.195716906915266,9.808221614736619,110.78667,73.93902,203.45702,10.791395,17.026258,4.9358406,3.4052155
2009-05-01,schleswig_holstein,54.195716906915266,9.808221614736619,357.63547,73.54292,236.33627,12.416204,17.556873,7.1055145,4.02977
2009-06-01,schleswig_holstein,54.195716906915266,9.808221614736619,519.2434,76.30898,227.56586,13.925123,18.51485,8.8800335,3.8945732
2009-07-01,schleswig_holstein,54.195716906915266,9.808221614736619,714.95166,78.681274,215.10379,17.771276,22.59344,12.9095125,3.3595314
2009-08-01,schleswig_holstein,54.195716906915266,9.808221614736619,336.29675,75.0529,192.75876,18.031378,23.31525,12.676385,3.3073168
2009-09-01,schleswig_holstein,54.195716906915266,9.808221614736619,274.26334,80.719185,126.14187,14.530158,19.369083,10.056652,3.611373
2009-10-01,schleswig_holstein,54.195716906915266,9.808221614736619,498.96454,83.940765,63.775906,8.211505,11.248619,4.9418902,3.8636742
2009-11-01,schleswig_holstein,54.195716906915266,9.808221614736619,859.9633,88.80484,21.532368,8.052666,9.791406,6.06175,4.6975427
2009-12-01,schleswig_holstein,54.195716906915266,9.808221614736619,465.30325,90.7376,16.550413,0.82133394,2.7177138,-1.5412592,3.7574944
2010-01-01,schleswig_holstein,54.195716906915266,9.808221614736619,253.7258,88.78914,19.762506,-3.3410318,-1.3811486,-6.08499,4.2619123
2010-02-01,schleswig_holstein,54.195716906915266,9.808221614736619,405.69287,89.07094,35.90442,-1.0403692,0.9048929,-3.649717,4.0316954
2010-03-01,schleswig_holstein,54.195716906915266,9.808221614736619,372.88388,83.93576,96.22549,4.158636,7.7145243,0.2865326,4.18725
2010-04-01,schleswig_holstein,54.195716906915266,9.808221614736619,173.87,75.11767,179.81258,8.085164,12.978654,3.3987937,4.047343
2010-05-01,schleswig_holstein,54.195716906915266,9.808221614736619,459.56128,79.190475,176.42513,9.544324,13.602872,5.406304,3.9407663
2010-06-01,schleswig_holstein,54.195716906915266,9.808221614736619,343.74664,77.00165,242.67938,14.913275,20.058714,9.236103,3.2162015
2010-07-01,schleswig_holstein,54.195716906915266,9.808221614736619,236.80002,70.84891,238.26834,20.000076,25.719593,13.619001,3.1982443
2010-08-01,schleswig_holstein,54.195716906915266,9.808221614736619,1022.14844,82.537735,148.5688,16.644905,20.894083,12.269256,3.2878294
2010-09-01,schleswig_holstein,54.195716906915266,9.808221614736619,794.7833,84.01355,110.45411,13.031555,16.860754,9.234085,3.6770904
2010-10-01,schleswig_holstein,54.195716906915266,9.808221614736619,445.43872,85.813446,68.94966,9.187456,12.588854,5.6949787,4.0964007
2010-11-01,schleswig_holstein,54.195716906915266,9.808221614736619,911.7033,90.1922,24.231077,4.251993,6.459422,1.591707,4.177746
2010-12-01,schleswig_holstein,54.195716906915266,9.808221614736619,300.00647,90.47886,17.287207,-3.8244848,-1.3286769,-7.0495615,3.7779093
2011-01-01,schleswig_holstein,54.195716906915266,9.808221614736619,314.27744,90.95575,22.117344,1.1421115,3.1931713,-1.1751223,3.4532733
2011-02-01,schleswig_holstein,54.195716906915266,9.808221614736619,465.4929,79.91857,43.46825,0.8047912,2.8260887,-1.2404469,5.355411
2011-03-01,schleswig_holstein,54.195716906915266,9.808221614736619,118.80968,81.59972,105.559456,3.752526,7.849437,-0.008455655,4.0788584
2011-04-01,schleswig_holstein,54.195716906915266,9.808221614736619,45.113335,72.11851,191.27615,10.710822,16.311739,4.982283,4.2146745
2011-05-01,schleswig_holstein,54.195716906915266,9.808221614736619,289.6032,71.37866,223.89574,12.673842,18.166027,7.018747,4.1038923
2011-06-01,schleswig_holstein,54.195716906915266,9.808221614736619,647.77997,77.93554,230.58163,15.884625,20.901201,10.539159,3.531011
2011-07-01,schleswig_holstein,54.195716906915266,9.808221614736619,772.30646,82.30187,170.44943,16.32862,20.373924,12.351519,3.9727588
2011-08-01,schleswig_holstein,54.195716906915266,9.808221614736619,1174.5322,84.96575,151.86862,16.61553,20.649506,12.840622,3.738691
2011-09-01,schleswig_holstein,54.195716906915266,9.808221614736619,599.3934,84.66693,117.622215,14.640287,19.090319,10.573679,3.586506
2011-10-01,schleswig_holstein,54.195716906915266,9.808221614736619,400.18707,85.255714,74.54964,10.015097,14.028095,6.094702,4.1251106
2011-11-01,schleswig_holstein,54.195716906915266,9.808221614736619,74.59333,90.263245,28.111917,5.6630983,7.8149533,3.2160337,4.102371
2011-12-01,schleswig_holstein,54.195716906915266,9.808221614736619,941.63873,90.120094,15.76157,4.453927,6.3801494,2.5134468,5.554041
2012-01-01,schleswig_holstein,54.195716906915266,9.808221614736619,678.60645,87.549065,24.540129,2.6312668,4.7000294,0.2869113,4.978583
2012-02-01,schleswig_holstein,54.195716906915266,9.808221614736619,188.8069,84.63244,49.79077,-0.5027087,2.2791488,-3.9130485,4.3273463
2012-03-01,schleswig_holstein,54.195716906915266,9.808221614736619,62.258064,82.33675,102.15131,6.403263,10.424696,3.0004985,4.45255
2012-04-01,schleswig_holstein,54.195716906915266,9.808221614736619,301.24335,78.14049,146.07086,6.995957,11.233849,2.5853398,3.9070556
2012-05-01,schleswig_holstein,54.195716906915266,9.808221614736619,250.83871,72.40485,219.25728,12.73971,17.681234,7.306676,3.8608449
2012-06-01,schleswig_holstein,54.195716906915266,9.808221614736619,634.12665,78.96346,192.08163,13.765058,18.095606,9.287294,3.8455427
2012-07-01,schleswig_holstein,54.195716906915266,9.808221614736619,794.6194,81.2537,206.77075,16.456245,21.048168,11.875298,3.5001197
2012-08-01,schleswig_holstein,54.195716906915266,9.808221614736619,448.3968,79.671165,186.83122,17.27318,22.24499,12.475664,3.172854
2012-09-01,schleswig_holstein,54.195716906915266,9.808221614736619,539.07,83.95184,112.30692,13.394162,17.33719,9.702516,3.6803572
2012-10-01,schleswig_holstein,54.195716906915266,9.808221614736619,466.97095,87.45985,63.551037,9.26261,12.550434,6.303861,3.7016618
2012-11-01,schleswig_holstein,54.195716906915266,9.808221614736619,322.94666,90.2885,25.924475,5.8526936,7.943048,3.504457,4.000089
2012-12-01,schleswig_holstein,54.195716906915266,9.808221614736619,676.8064,90.64058,16.039114,0.887865,3.2902834,-2.1242154,4.335086
2013-01-01,schleswig_holstein,54.195716906915266,9.808221614736619,516.1839,88.66447,19.932367,1.0222487,2.8661432,-1.3304924,4.2239985
2013-02-01,schleswig_holstein,54.195716906915266,9.808221614736619,226.80714,87.90024,38.23585,0.17366458,1.9746083,-1.8264147,3.8650272
2013-03-01,schleswig_holstein,54.195716906915266,9.808221614736619,117.05484,79.65552,105.15319,-0.5414695,2.5420275,-3.674538,4.7083993
2013-04-01,schleswig_holstein,54.195716906915266,9.808221614736619,143.55002,76.665146,164.44557,6.640164,11.230758,1.8034458,4.04713
2013-05-01,schleswig_holstein,54.195716906915266,9.808221614736619,756.93225,80.54516,190.1471,12.087188,16.730165,7.5630183,3.4614117
2013-06-01,schleswig_holstein,54.195716906915266,9.808221614736619,658.5366,79.53274,218.63734,14.759719,19.37106,9.920785,3.784251
2013-07-01,schleswig_holstein,54.195716906915266,9.808221614736619,240.40645,77.33571,243.59949,18.18098,23.704441,12.389361,3.0045528
2013-08-01,schleswig_holstein,54.195716906915266,9.808221614736619,279.41937,77.68098,191.97928,17.541685,22.680824,12.090746,3.2937279
2013-09-01,schleswig_holstein,54.195716906915266,9.808221614736619,614.7267,86.07346,109.49855,13.236245,17.337612,9.156697,3.1718395
2013-10-01,schleswig_holstein,54.195716906915266,9.808221614736619,570.1129,85.98439,65.580956,11.186139,14.402624,7.5809617,4.2973714
2013-11-01,schleswig_holstein,54.195716906915266,9.808221614736619,474.17334,89.80581,30.003544,5.7722397,8.170141,3.0989919,3.659157
2013-12-01,schleswig_holstein,54.195716906915266,9.808221614736619,472.15808,88.54075,15.39785,4.993249,7.0467844,2.3329499,4.890668
2014-01-01,schleswig_holstein,54.195716906915266,9.808221614736619,435.1516,88.71314,19.236559,1.702565,3.5431416,-0.30236405,4.808519
2014-02-01,schleswig_holstein,54.195716906915266,9.808221614736619,316.95715,84.9145,51.62612,4.8518133,7.981458,1.6842979,4.3216734
2014-03-01,schleswig_holstein,54.195716906915266,9.808221614736619,157.60646,83.06671,108.33614,6.524264,11.244555,2.282872,3.822321
2014-04-01,schleswig_holstein,54.195716906915266,9.808221614736619,414.39667,80.99406,161.96391,9.740334,14.3946705,5.340024,4.021373
2014-05-01,schleswig_holstein,54.195716906915266,9.808221614736619,534.40326,78.904686,197.34206,12.3237,16.835373,7.6522236,3.670613
2014-06-01,schleswig_holstein,54.195716906915266,9.808221614736619,320.05334,75.73808,224.17473,15.444227,20.386766,10.342443,3.3657842
2014-07-01,schleswig_holstein,54.195716906915266,9.808221614736619,454.52258,74.66976,234.52687,19.886274,25.103579,14.572107,3.3977757
2014-08-01,schleswig_holstein,54.195716906915266,9.808221614736619,756.2226,78.899704,179.6277,16.099583,20.962954,11.308911,3.44039
2014-09-01,schleswig_holstein,54.195716906915266,9.808221614736619,324.82336,84.14982,128.91756,15.554574,20.04228,11.385225,3.2091238
2014-10-01,schleswig_holstein,54.195716906915266,9.808221614736619,422.74515,88.17454,58.916317,12.661217,15.806282,9.694797,3.4569108
2014-11-01,schleswig_holstein,54.195716906915266,9.808221614736619,173.42334,89.57665,28.04525,7.118092,9.328654,4.9586487,3.7685237
2014-12-01,schleswig_holstein,54.195716906915266,9.808221614736619,1150.3613,90.06277,15.567088,3.4136949,5.3580165,1.2380614,4.949619
2015-01-01,schleswig_holstein,54.195716906915266,9.808221614736619,738.5452,89.27093,20.619291,2.9567664,4.8585534,0.76727754,4.743716
2015-02-01,schleswig_holstein,54.195716906915266,9.808221614736619,203.03929,87.895874,46.294685,2.081356,4.497838,-0.4465338,4.0253706
2015-03-01,schleswig_holstein,54.195716906915266,9.808221614736619,485.0516,81.483734,95.458626,5.341169,9.118103,1.8966713,4.422141
2015-04-01,schleswig_holstein,54.195716906915266,9.808221614736619,161.01666,75.75198,183.13448,7.720058,12.89826,2.6088307,3.9352853
2015-05-01,schleswig_holstein,54.195716906915266,9.808221614736619,458.36774,77.442535,199.87454,10.697412,15.450209,5.873249,4.0712223
2015-06-01,schleswig_holstein,54.195716906915266,9.808221614736619,243.91333,75.92905,218.16232,14.058247,18.816298,8.582814,3.5447667
2015-07-01,schleswig_holstein,54.195716906915266,9.808221614736619,864.9645,77.093956,211.2721,16.966763,21.835575,11.815319,3.7787142
2015-08-01,schleswig_holstein,54.195716906915266,9.808221614736619,490.3065,79.4335,191.08026,18.145197,23.228153,13.093049,3.0264497
2015-09-01,schleswig_holstein,54.195716906915266,9.808221614736619,516.2367,85.64946,119.6971,13.214765,17.496794,9.188418,3.2133746
2015-10-01,schleswig_holstein,54.195716906915266,9.808221614736619,316.31293,87.81851,63.437122,9.29798,12.708463,5.9541836,3.0204377
2015-11-01,schleswig_holstein,54.195716906915266,9.808221614736619,1066.4166,88.876045,27.187279,8.00123,10.269467,5.6085534,4.986706
2015-12-01,schleswig_holstein,54.195716906915266,9.808221614736619,478.4419,87.09368,17.480288,7.656891,9.590338,5.3566637,5.3543487
2016-01-01,schleswig_holstein,54.195716906915266,9.808221614736619,461.8258,87.935875,21.743961,0.7453249,2.8102102,-1.7232803,4.210384
2016-02-01,schleswig_holstein,54.195716906915266,9.808221614736619,661.4862,87.53295,49.42129,3.2597284,6.0230985,0.68538225,4.3840575
2016-03-01,schleswig_holstein,54.195716906915266,9.808221614736619,221.5258,85.486435,89.33723,4.299847,7.9119606,0.8437603,3.6667144
2016-04-01,schleswig_holstein,54.195716906915266,9.808221614736619,379.09332,79.7634,154.84203,7.16075,11.677041,2.996947,3.796789
2016-05-01,schleswig_holstein,54.195716906915266,9.808221614736619,231.9516,74.92271,227.25246,13.695134,18.832327,8.452233,3.629083
2016-06-01,schleswig_holstein,54.195716906915266,9.808221614736619,778.09674,79.37062,204.26137,16.82292,21.575687,12.156461,3.2103045
2016-07-01,schleswig_holstein,54.195716906915266,9.808221614736619,546.7613,80.8159,197.81783,17.508656,21.935015,13.18627,3.1468542
2016-08-01,schleswig_holstein,54.195716906915266,9.808221614736619,446.92902,81.31565,178.39192,16.816353,21.714424,11.986841,3.193768
2016-09-01,schleswig_holstein,54.195716906915266,9.808221614736619,298.43665,79.845184,141.04364,16.925539,22.108835,12.031274,2.7677681
2016-10-01,schleswig_holstein,54.195716906915266,9.808221614736619,375.7,87.66074,52.522835,9.243068,11.970353,6.4396715,3.4453206
2016-11-01,schleswig_holstein,54.195716906915266,9.808221614736619,336.07,87.06584,30.908693,3.971528,6.9620833,0.6037665,3.534303
2016-12-01,schleswig_holstein,54.195716906915266,9.808221614736619,337.37097,88.50704,17.100513,4.5568395,6.544508,2.3524246,4.136983
2017-01-01,schleswig_holstein,54.195716906915266,9.808221614736619,321.05804,87.34383,24.807076,0.88930184,2.93842,-1.331147,3.4616313
2017-02-01,schleswig_holstein,54.195716906915266,9.808221614736619,410.81787,85.755295,38.5823,2.4533436,4.6497846,0.43789333,4.577498
2017-03-01,schleswig_holstein,54.195716906915266,9.808221614736619,373.13873,82.552765,101.05828,6.2637568,10.447747,2.4614632,3.8493576
2017-04-01,schleswig_holstein,54.195716906915266,9.808221614736619,347.63998,78.54781,155.98277,7.0171337,11.1186075,2.7715201,4.2156777
2017-05-01,schleswig_holstein,54.195716906915266,9.808221614736619,368.69678,75.975716,217.05376,13.174964,18.115002,8.313637,3.8740199
2017-06-01,schleswig_holstein,54.195716906915266,9.808221614736619,885.0934,78.00918,213.7195,16.032349,20.520226,11.291815,3.7535126
2017-07-01,schleswig_holstein,54.195716906915266,9.808221614736619,673.6516,80.72465,189.08118,16.42666,20.947777,11.597047,3.0235467
2017-08-01,schleswig_holstein,54.195716906915266,9.808221614736619,530.2839,80.81552,174.09273,16.60803,21.399971,11.673401,3.0282412
2017-09-01,schleswig_holstein,54.195716906915266,9.808221614736619,631.4067,86.023705,109.27906,13.594288,17.689615,10.010996,2.999857
2017-10-01,schleswig_holstein,54.195716906915266,9.808221614736619,935.04517,86.868034,57.619915,11.904712,14.614753,9.423735,4.076433
2017-11-01,schleswig_holstein,54.195716906915266,9.808221614736619,635.55664,89.55886,26.703863,6.124383,8.533269,3.2793462,3.6257062
2017-12-01,schleswig_holstein,54.195716906915266,9.808221614736619,594.3032,89.77558,15.038803,3.949604,5.579119,2.1636186,4.594634
2018-01-01,schleswig_holstein,54.195716906915266,9.808221614736619,747.55164,88.135376,19.558516,3.1765296,4.937106,1.1073959,4.0450306
2018-02-01,schleswig_holstein,54.195716906915266,9.808221614736619,179.03572,82.03695,58.93806,-0.71802104,2.152488,-3.4663973,3.36077
2018-03-01,schleswig_holstein,54.195716906915266,9.808221614736619,346.05807,81.31411,87.16597,1.5165235,4.612844,-1.566436,4.214685
2018-04-01,schleswig_holstein,54.195716906915266,9.808221614736619,369.77667,78.90626,164.0433,10.009381,14.939173,5.2430143,3.8118887
2018-05-01,schleswig_holstein,54.195716906915266,9.808221614736619,133.71936,68.69692,242.2079,15.574039,21.429018,9.335328,3.6223886
2018-06-01,schleswig_holstein,54.195716906915266,9.808221614736619,222.25668,73.54451,199.92737,16.922415,21.80588,11.968484,3.4634523
2018-07-01,schleswig_holstein,54.195716906915266,9.808221614736619,135.49356,67.86764,236.87628,19.563343,25.657248,12.896159,3.1558094
2018-08-01,schleswig_holstein,54.195716906915266,9.808221614736619,423.6871,73.93905,183.42122,18.531229,23.837343,13.083971,3.0986805
2018-09-01,schleswig_holstein,54.195716906915266,9.808221614736619,316.77002,78.46209,128.24686,14.731277,19.642761,9.946308,3.5003552
2018-10-01,schleswig_holstein,54.195716906915266,9.808221614736619,274.7613,81.25217,77.832794,11.193913,15.486786,6.9505763,3.7351153
2018-11-01,schleswig_holstein,54.195716906915266,9.808221614736619,158.92001,86.67561,30.531078,5.957829,8.311133,3.246087,3.679746
2018-12-01,schleswig_holstein,54.195716906915266,9.808221614736619,510.66772,88.76263,14.507246,5.113081,6.626918,3.2065744,4.192619
2019-01-01,schleswig_holstein,54.195716906915266,9.808221614736619,320.3258,86.30557,23.409224,2.0613682,4.162171,-0.75624746,4.1395206
2019-02-01,schleswig_holstein,54.195716906915266,9.808221614736619,313.04285,82.60022,55.040894,4.766489,8.424566,1.3501707,3.8212943
2019-03-01,schleswig_holstein,54.195716906915266,9.808221614736619,681.7,83.34287,82.52049,6.4520535,9.5813675,3.2822378,4.952615
2019-04-01,schleswig_holstein,54.195716906915266,9.808221614736619,113.92667,71.48038,194.88727,8.90836,14.180536,3.5879595,3.821627
2019-05-01,schleswig_holstein,54.195716906915266,9.808221614736619,373.43872,75.83716,199.84573,10.729752,15.276402,5.737182,3.9469383
2019-06-01,schleswig_holstein,54.195716906915266,9.808221614736619,467.33667,75.192,218.56004,17.89835,23.478489,12.106273,3.3043823
2019-07-01,schleswig_holstein,54.195716906915266,9.808221614736619,414.43225,77.492516,199.22176,17.365202,22.021797,13.012754,3.522261
2019-08-01,schleswig_holstein,54.195716906915266,9.808221614736619,464.15485,78.68979,184.22675,18.240545,23.37336,13.243834,2.9175148
2019-09-01,schleswig_holstein,54.195716906915266,9.808221614736619,745.06335,82.50798,116.01659,14.060971,18.19635,10.0528145,3.3373284
2019-10-01,schleswig_holstein,54.195716906915266,9.808221614736619,648.25806,87.29001,60.732277,10.46411,13.804051,7.4178934,3.4537463
2019-11-01,schleswig_holstein,54.195716906915266,9.808221614736619,523.38666,90.724915,24.980356,5.783958,8.028573,3.255177,3.33873
2019-12-01,schleswig_holstein,54.195716906915266,9.808221614736619,350.1516,87.43435,18.54075,4.927633,6.894391,2.414125,4.0546265
2020-01-01,schleswig_holstein,54.195716906915266,9.808221614736619,581.7452,89.412155,21.671965,5.3930783,7.4298563,2.7860274,4.3247766
2020-02-01,schleswig_holstein,54.195716906915266,9.808221614736619,1047.3552,84.23517,43.90771,5.611304,8.134842,2.9009726,5.3896565
2020-03-01,schleswig_holstein,54.195716906915266,9.808221614736619,275.9613,73.76133,120.01636,5.2710834,9.200818,0.97571605,4.290937
2020-04-01,schleswig_holstein,54.195716906915266,9.808221614736619,135.17667,67.84953,215.43607,8.824544,14.402454,2.9183702,3.8172045
2020-05-01,schleswig_holstein,54.195716906915266,9.808221614736619,179.34195,72.526306,236.30028,11.168094,16.230492,5.7051654,3.573705
2020-06-01,schleswig_holstein,54.195716906915266,9.808221614736619,476.74002,73.05865,247.42561,16.85198,21.890583,11.262216,3.296411
2020-07-01,schleswig_holstein,54.195716906915266,9.808221614736619,554.3645,77.55801,207.3176,15.723128,20.181692,10.882588,3.1628938
2020-08-01,schleswig_holstein,54.195716906915266,9.808221614736619,441.3968,73.42394,211.11844,19.52027,25.267635,13.94556,2.928375
2020-09-01,schleswig_holstein,54.195716906915266,9.808221614736619,246.70001,80.59718,139.7359,14.190446,19.58895,8.935855,2.6922047
2020-10-01,schleswig_holstein,54.195716906915266,9.808221614736619,539.0355,85.530365,64.50319,10.879624,13.966622,7.989824,3.7640553
2020-11-01,schleswig_holstein,54.195716906915266,9.808221614736619,190.55334,88.17848,33.816425,7.5683875,10.073005,4.838127,3.8237624
2020-12-01,schleswig_holstein,54.195716906915266,9.808221614736619,471.34518,90.31417,15.804582,4.0770593,5.605803,2.2886426,3.6501675
2021-01-01,schleswig_holstein,54.195716906915266,9.808221614736619,500.99677,88.105316,24.424965,1.6097863,3.568468,-0.34700167,3.53855
2021-02-01,schleswig_holstein,54.195716906915266,9.808221614736619,172.63928,79.89964,64.24327,1.6782453,5.114722,-1.6286991,3.7954726
2021-03-01,schleswig_holstein,54.195716906915266,9.808221614736619,405.62582,80.9455,104.787285,4.807617,9.221215,0.600854,3.8016744
2021-04-01,schleswig_holstein,54.195716906915266,9.808221614736619,221.57668,71.685394,187.77231,5.984494,10.543488,1.2974509,3.991073
2021-05-01,schleswig_holstein,54.195716906915266,9.808221614736619,675.72253,80.65168,180.20758,10.458645,14.773207,6.534827,3.5867803
2021-06-01,schleswig_holstein,54.195716906915266,9.808221614736619,485.99,74.87169,259.83383,17.855074,22.927786,12.288182,2.769881
2021-07-01,schleswig_holstein,54.195716906915266,9.808221614736619,395.3613,78.13677,223.20848,18.874142,23.657911,14.075207,2.986149
2021-08-01,schleswig_holstein,54.195716906915266,9.808221614736619,590.8484,81.71802,172.65187,16.307428,20.648365,12.263552,3.2528064
2021-09-01,schleswig_holstein,54.195716906915266,9.808221614736619,413.61334,84.13464,126.436714,15.25443,19.364115,11.418442,2.7516382
2021-10-01,schleswig_holstein,54.195716906915266,9.808221614736619,541.1774,84.50844,72.93361,10.973628,14.468941,7.4053125,3.490496
2021-11-01,schleswig_holstein,54.195716906915266,9.808221614736619,424.46667,89.36198,29.623995,7.009106,9.064103,4.6700854,3.5400665
2021-12-01,schleswig_holstein,54.195716906915266,9.808221614736619,422.9129,89.26037,15.436498,2.6495588,4.8390555,0.25148824,3.6904426
2022-01-01,schleswig_holstein,54.195716906915266,9.808221614736619,321.8871,87.34502,21.62537,4.653076,6.456093,2.7010472,4.6281443
2022-02-01,schleswig_holstein,54.195716906915266,9.808221614736619,1155.8,83.06932,50.141823,5.0850673,7.8943496,2.1298344,5.4102154
2022-03-01,schleswig_holstein,54.195716906915266,9.808221614736619,66.270966,72.146194,141.13977,4.746885,10.216294,-0.22043945,3.1932151
2022-04-01,schleswig_holstein,54.195716906915266,9.808221614736619,396.83667,72.98344,186.75153,7.3523407,12.088947,2.398401,4.036857
2022-05-01,schleswig_holstein,54.195716906915266,9.808221614736619,481.43552,74.3633,218.17795,12.70584,17.791496,7.2353635,3.3036988
2022-06-01,schleswig_holstein,54.195716906915266,9.808221614736619,395.4167,76.36173,244.18697,16.187115,21.286892,10.63845,2.887678
2022-07-01,schleswig_holstein,54.195716906915266,9.808221614736619,330.83875,73.71952,221.68677,17.353512,22.593481,11.896403,3.2054594
2022-08-01,schleswig_holstein,54.195716906915266,9.808221614736619,173.80968,74.45567,184.73758,19.22904,25.1911,12.99587,2.662095
2022-09-01,schleswig_holstein,54.195716906915266,9.808221614736619,661.17334,79.85921,118.72158,13.502198,18.045311,9.403824,2.8348413
2022-10-01,schleswig_holstein,54.195716906915266,9.808221614736619,289.2774,86.241394,75.45083,12.541485,16.37446,8.919615,3.1565435
2022-11-01,schleswig_holstein,54.195716906915266,9.808221614736619,238.19334,86.49263,31.396135,6.950951,9.132936,4.286955,4.000379
2022-12-01,schleswig_holstein,54.195716906915266,9.808221614736619,515.2452,89.76619,15.593425,2.099445,4.301192,-0.48004982,3.2777786
2023-01-01,schleswig_holstein,54.195716906915266,9.808221614736619,759.6774,87.475716,19.726974,4.6536417,6.5839615,2.4389138,4.276144
2023-02-01,schleswig_holstein,54.195716906915266,9.808221614736619,298.69644,84.572975,50.064186,4.006939,6.680402,1.2117788,3.806141
2023-03-01,schleswig_holstein,54.195716906915266,9.808221614736619,500.25162,81.93552,90.39349,5.2578382,8.722186,1.962883,3.92088
2023-04-01,schleswig_holstein,54.195716906915266,9.808221614736619,345.4167,74.477806,172.39534,7.4013095,11.938827,2.7038372,3.7901762
2023-05-01,schleswig_holstein,54.195716906915266,9.808221614736619,180.96452,70.95496,234.61163,12.04358,17.126593,6.7028513,3.5778277
2023-06-01,schleswig_holstein,54.195716906915266,9.808221614736619,143.62334,70.01187,275.46152,17.40641,23.489244,10.750398,3.0255191
2023-07-01,schleswig_holstein,54.195716906915266,9.808221614736619,1011.79675,77.79057,206.73305,17.076143,21.563046,12.609016,3.346579
2023-08-01,schleswig_holstein,54.195716906915266,9.808221614736619,614.9774,81.969154,153.41064,17.162008,21.61964,12.9333105,2.8484776
2023-09-01,schleswig_holstein,54.195716906915266,9.808221614736619,214.09665,80.859856,134.9351,17.043774,22.423113,11.89246,2.5978458
2023-10-01,schleswig_holstein,54.195716906915266,9.808221614736619,1115.1194,87.828514,55.617424,11.136386,14.131578,8.124812,3.734826
2023-11-01,schleswig_holstein,54.195716906915266,9.808221614736619,779.73334,87.775566,28.766344,5.7179275,8.076396,2.9552927,3.8402522
2023-12-01,schleswig_holstein,54.195716906915266,9.808221614736619,762.44196,89.243866,13.264764,4.0661273,5.654631,1.8209397,4.421524
2024-01-01,schleswig_holstein,54.195716906915266,9.808221614736619,602.8065,85.24802,24.223001,2.4263442,4.6423736,-0.15924264,4.4594774
2024-02-01,schleswig_holstein,54.195716906915266,9.808221614736619,653.5104,87.89911,35.329334,5.9167976,8.042577,3.6483262,4.3560033
2024-03-01,schleswig_holstein,54.195716906915266,9.808221614736619,189.03226,83.01067,89.81378,6.9029746,10.391637,3.7692943,3.6996067
2024-04-01,schleswig_holstein,54.195716906915266,9.808221614736619,626.8566,80.44608,144.0174,9.223625,13.304555,4.8718534,3.518957
2024-05-01,schleswig_holstein,54.195716906915266,9.808221614736619,610.48065,75.618965,235.01137,15.168276,20.102856,10.390186,3.3367972
2024-06-01,schleswig_holstein,54.195716906915266,9.808221614736619,607.01,78.43312,218.44363,15.454292,19.834253,10.8454275,3.0928967
2024-07-01,schleswig_holstein,54.195716906915266,9.808221614736619,584.06775,78.24728,213.76779,17.503712,22.320063,12.6601925,2.9622936
2024-08-01,schleswig_holstein,54.195716906915266,9.808221614736619,356.2613,77.148766,190.65327,18.224815,23.279194,12.856694,2.7134347
2024-09-01,schleswig_holstein,54.195716906915266,9.808221614736619,671.0934,80.770004,135.47504,15.46402,20.211739,11.083246,2.9511108
2024-10-01,schleswig_holstein,54.195716906915266,9.808221614736619,397.87744,86.4156,68.88468,10.940869,14.551473,7.212878,3.0483148
2024-11-01,schleswig_holstein,54.195716906915266,9.808221614736619,711.5233,88.62957,24.111595,6.2259727,8.265949,3.625583,3.3019664
2024-12-01,schleswig_holstein,54.195716906915266,9.808221614736619,408.82904,89.28525,11.988313,5.156263,6.8983727,3.2066338,4.1508293
2000-01-01,thuringen,50.89745642047332,11.04066497648823,357.5355,85.89129,29.399466,0.26755092,2.5628734,-2.4786768,4.2174006
2000-02-01,thuringen,50.89745642047332,11.04066497648823,513.4517,82.35026,57.131737,3.2916505,6.476483,0.40161029,4.5656962
2000-03-01,thuringen,50.89745642047332,11.04066497648823,673.5387,82.00947,82.96852,4.8009396,8.152965,2.044552,4.337992
2000-04-01,thuringen,50.89745642047332,11.04066497648823,232.81334,73.37649,167.88365,9.920295,15.497778,4.734202,2.987982
2000-05-01,thuringen,50.89745642047332,11.04066497648823,266.4516,70.320206,231.36845,14.216245,20.189617,8.27639,2.7100673
2000-06-01,thuringen,50.89745642047332,11.04066497648823,309.17,67.313034,246.47588,16.686659,22.515867,10.386064,2.8706763
2000-07-01,thuringen,50.89745642047332,11.04066497648823,585.21295,80.054596,158.70357,14.708353,18.973255,10.873498,3.1953883
2000-08-01,thuringen,50.89745642047332,11.04066497648823,419.68707,72.057106,202.04854,17.602322,23.758793,12.058867,2.406644
2000-09-01,thuringen,50.89745642047332,11.04066497648823,454.39334,83.06195,117.15308,13.491988,18.399048,9.762818,2.7206554
2000-10-01,thuringen,50.89745642047332,11.04066497648823,302.32257,84.45863,63.313652,10.058828,14.010682,6.9501333,3.1799874
2000-11-01,thuringen,50.89745642047332,11.04066497648823,248.56334,84.55563,36.89013,5.5161858,8.600092,2.664063,3.4811604
2000-12-01,thuringen,50.89745642047332,11.04066497648823,240.97418,85.56837,25.921549,2.2536094,4.867476,-0.1853304,3.6252878
2001-01-01,thuringen,50.89745642047332,11.04066497648823,287.96454,86.49484,31.542278,-0.03152836,2.652274,-2.8990211,3.1391702
2001-02-01,thuringen,50.89745642047332,11.04066497648823,302.31427,80.23903,56.572815,1.8414979,5.3782454,-1.5203034,3.5501854
2001-03-01,thuringen,50.89745642047332,11.04066497648823,696.3645,84.37109,76.53007,3.5060337,6.9403768,0.4826793,3.4534855
2001-04-01,thuringen,50.89745642047332,11.04066497648823,339.41998,76.8947,141.48593,6.778286,11.423565,2.7605033,3.4607022
2001-05-01,thuringen,50.89745642047332,11.04066497648823,270.52582,70.43227,234.03978,13.839372,19.235334,7.990731,3.1812382
2001-06-01,thuringen,50.89745642047332,11.04066497648823,568.18335,77.06793,199.00758,13.831053,18.71202,8.939619,2.7453995
2001-07-01,thuringen,50.89745642047332,11.04066497648823,560.2871,71.59412,228.10805,18.02627,23.548658,12.4435625,2.8001034
2001-08-01,thuringen,50.89745642047332,11.04066497648823,235.40646,72.53321,188.23692,18.312122,24.119144,13.138101,2.8839195
2001-09-01,thuringen,50.89745642047332,11.04066497648823,688.50336,85.20425,89.15048,11.307946,14.888043,8.4565,3.5896842
2001-10-01,thuringen,50.89745642047332,11.04066497648823,229.96452,84.7947,76.4358,11.852025,16.62076,8.082811,3.059283
2001-11-01,thuringen,50.89745642047332,11.04066497648823,552.75336,87.70386,33.208256,3.4451697,5.970459,0.9092265,3.1152458
2001-12-01,thuringen,50.89745642047332,11.04066497648823,517.1774,87.56337,21.161133,-0.9665158,1.421439,-3.590886,3.9118836
2002-01-01,thuringen,50.89745642047332,11.04066497648823,253.64194,84.098465,33.981525,0.23541339,2.9486783,-2.8232837,4.0708976
2002-02-01,thuringen,50.89745642047332,11.04066497648823,736.0179,79.15675,56.761093,4.4760785,7.644804,1.3809935,5.51889
2002-03-01,thuringen,50.89745642047332,11.04066497648823,343.22906,75.135414,102.638275,4.6605525,9.273974,0.6622095,3.4368632
2002-04-01,thuringen,50.89745642047332,11.04066497648823,296.15002,74.15473,152.90695,7.040374,11.815411,2.5019064,3.3547604
2002-05-01,thuringen,50.89745642047332,11.04066497648823,508.75485,78.38796,191.15643,13.386221,18.08982,8.797969,2.680072
2002-06-01,thuringen,50.89745642047332,11.04066497648823,409.8267,74.13254,220.66342,16.746117,21.851074,11.66621,2.747008
2002-07-01,thuringen,50.89745642047332,11.04066497648823,490.72256,74.47942,181.3282,17.328661,22.333944,12.546002,2.9520028
2002-08-01,thuringen,50.89745642047332,11.04066497648823,613.1258,78.917786,176.0661,18.529842,23.902225,14.156577,2.2039397
2002-09-01,thuringen,50.89745642047332,11.04066497648823,293.08334,78.78271,129.52232,12.335758,17.391174,8.049776,2.5816371
2002-10-01,thuringen,50.89745642047332,11.04066497648823,658.73224,83.757614,63.394455,7.6576433,11.0711775,4.4010415,4.0520372
2002-11-01,thuringen,50.89745642047332,11.04066497648823,833.66003,88.6672,30.519901,5.1058106,7.734016,2.5842185,2.9901164
2002-12-01,thuringen,50.89745642047332,11.04066497648823,571.54517,89.64726,21.724085,-1.0112715,1.3694316,-3.1337974,3.0913985
2003-01-01,thuringen,50.89745642047332,11.04066497648823,463.03552,85.85516,28.384434,-0.92665046,1.6605495,-3.7301111,3.902524
2003-02-01,thuringen,50.89745642047332,11.04066497648823,135.87143,81.74577,74.25936,-2.9565308,1.1304144,-6.7295337,2.677944
2003-03-01,thuringen,50.89745642047332,11.04066497648823,166.54839,74.8395,120.51144,4.7888303,9.980881,0.4989539,2.971882
2003-04-01,thuringen,50.89745642047332,11.04066497648823,221.86668,65.74746,185.19661,7.6982017,13.343946,1.934843,3.6915727
2003-05-01,thuringen,50.89745642047332,11.04066497648823,408.42584,72.36152,210.32509,13.8376665,19.07966,8.5969515,3.1936877
2003-06-01,thuringen,50.89745642047332,11.04066497648823,305.63666,66.9491,268.24564,18.834944,25.102127,12.20249,2.669615
2003-07-01,thuringen,50.89745642047332,11.04066497648823,355.50003,68.834755,222.78,18.566399,24.463205,12.975731,2.8073783
2003-08-01,thuringen,50.89745642047332,11.04066497648823,146.05807,59.400978,225.53444,20.444649,27.432125,13.521983,2.6957657
2003-09-01,thuringen,50.89745642047332,11.04066497648823,397.14337,74.6386,144.5492,13.088234,19.423515,7.682526,2.609115
2003-10-01,thuringen,50.89745642047332,11.04066497648823,351.1742,83.46569,70.41952,5.223687,9.0382,1.6794707,3.3165674
2003-11-01,thuringen,50.89745642047332,11.04066497648823,248.73,86.08609,40.34741,5.4005175,8.626921,2.6102896,3.367095
2003-12-01,thuringen,50.89745642047332,11.04066497648823,302.73227,83.91874,28.13373,0.94661456,3.9506373,-1.9475713,4.0046835
2004-01-01,thuringen,50.89745642047332,11.04066497648823,459.55484,85.34192,27.003134,-0.7156625,1.6120106,-3.4040995,3.989397
2004-02-01,thuringen,50.89745642047332,11.04066497648823,300.66553,79.75484,50.885677,2.018639,4.735241,-0.5070489,4.1894555
2004-03-01,thuringen,50.89745642047332,11.04066497648823,200.16129,76.51359,106.82039,3.5233338,7.6395,-0.41101164,3.8494458
2004-04-01,thuringen,50.89745642047332,11.04066497648823,251.93666,74.05819,172.17072,8.733666,14.164564,3.448359,3.0320354
2004-05-01,thuringen,50.89745642047332,11.04066497648823,677.2613,77.01639,187.03304,10.687845,15.443753,5.8032827,2.8657422
2004-06-01,thuringen,50.89745642047332,11.04066497648823,371.75333,74.8996,212.17136,14.760406,19.950148,9.645787,3.124461
2004-07-01,thuringen,50.89745642047332,11.04066497648823,733.55164,77.02579,210.18932,16.268942,21.644987,11.321254,2.97427
2004-08-01,thuringen,50.89745642047332,11.04066497648823,418.07098,72.64479,190.41277,17.945343,23.590925,12.94654,3.3254354
2004-09-01,thuringen,50.89745642047332,11.04066497648823,418.6667,75.18208,139.96666,13.218355,18.686758,8.26308,3.4668105
2004-10-01,thuringen,50.89745642047332,11.04066497648823,146.96451,81.85559,78.98715,9.379142,13.997554,5.2273755,3.2093077
2004-11-01,thuringen,50.89745642047332,11.04066497648823,600.00665,88.60473,30.499514,3.6574044,6.0446553,1.4208089,3.6011357
2004-12-01,thuringen,50.89745642047332,11.04066497648823,268.14517,88.1575,24.100378,0.03787661,2.5007327,-2.4398232,3.275158
2005-01-01,thuringen,50.89745642047332,11.04066497648823,479.95807,84.24152,30.485125,1.4399296,3.7601283,-0.9013232,5.0614405
2005-02-01,thuringen,50.89745642047332,11.04066497648823,506.8,84.99473,51.451458,-2.0839164,0.7881068,-5.067198,3.7459497
2005-03-01,thuringen,50.89745642047332,11.04066497648823,220.51613,77.251144,105.885376,3.0090337,7.3751802,-1.0192546,3.5713089
2005-04-01,thuringen,50.89745642047332,11.04066497648823,277.25336,71.42818,167.41101,8.728319,14.264721,3.0669365,3.0025535
2005-05-01,thuringen,50.89745642047332,11.04066497648823,456.52582,73.37025,213.28986,12.246863,17.790243,6.7103176,3.091887
2005-06-01,thuringen,50.89745642047332,11.04066497648823,371.98334,70.22379,233.01506,15.6036415,21.18686,9.403778,2.72811
2005-07-01,thuringen,50.89745642047332,11.04066497648823,510.6161,71.85207,208.2811,17.735804,23.48712,12.226422,3.190432
2005-08-01,thuringen,50.89745642047332,11.04066497648823,423.1742,77.62044,171.69263,15.294891,20.532257,10.647675,3.006818
2005-09-01,thuringen,50.89745642047332,11.04066497648823,359.1067,76.92034,146.56247,14.494774,20.488144,9.180427,2.5561683
2005-10-01,thuringen,50.89745642047332,11.04066497648823,182.50967,82.3373,90.97323,10.446756,15.675408,6.2433867,3.1677437
2005-11-01,thuringen,50.89745642047332,11.04066497648823,314.50336,88.07399,35.480095,3.5887492,6.4198394,0.9034385,3.3631587
2005-12-01,thuringen,50.89745642047332,11.04066497648823,413.83868,88.7855,21.378798,0.3367335,2.4138944,-2.0441794,3.7656577
2006-01-01,thuringen,50.89745642047332,11.04066497648823,154.56775,87.09056,37.62731,-3.637081,-0.39741153,-6.620705,2.8683152
2006-02-01,thuringen,50.89745642047332,11.04066497648823,366.16428,87.22547,48.646667,-1.4702375,1.1176039,-4.260843,3.5560973
2006-03-01,thuringen,50.89745642047332,11.04066497648823,517.1774,83.09366,95.38349,0.8355762,4.2101297,-2.463976,3.6728356
2006-04-01,thuringen,50.89745642047332,11.04066497648823,413.27335,75.57929,144.64627,7.552443,12.161652,2.9750357,3.2862844
2006-05-01,thuringen,50.89745642047332,11.04066497648823,632.66455,69.83572,215.35985,12.436313,17.749775,6.7401266,3.8317065
2006-06-01,thuringen,50.89745642047332,11.04066497648823,266.11,71.322754,246.79984,16.090485,21.910036,9.824497,2.4993591
2006-07-01,thuringen,50.89745642047332,11.04066497648823,351.58063,64.595345,267.549,21.388737,28.350515,14.488174,2.4390008
2006-08-01,thuringen,50.89745642047332,11.04066497648823,707.94196,80.01241,151.02678,14.777661,19.678398,10.913292,3.3818822
2006-09-01,thuringen,50.89745642047332,11.04066497648823,174.07668,73.21761,156.72217,16.365252,22.858303,10.670953,2.831937
2006-10-01,thuringen,50.89745642047332,11.04066497648823,394.48065,82.8659,78.80786,11.470908,15.760912,7.8616185,3.4895005
2006-11-01,thuringen,50.89745642047332,11.04066497648823,314.11334,83.529144,37.12702,6.61003,9.828077,3.5135338,4.2764273
2006-12-01,thuringen,50.89745642047332,11.04066497648823,217.01291,85.05682,25.723927,3.9572299,6.3439116,1.536829,3.9907784
2007-01-01,thuringen,50.89745642047332,11.04066497648823,520.7,81.78661,27.235516,4.1399827,6.3068037,1.3940651,6.0216007
2007-02-01,thuringen,50.89745642047332,11.04066497648823,407.44287,85.74985,49.582005,3.6090896,6.565093,0.78526706,3.6942945
2007-03-01,thuringen,50.89745642047332,11.04066497648823,403.57098,77.043076,115.204506,5.449629,10.492875,0.7454165,3.930075
2007-04-01,thuringen,50.89745642047332,11.04066497648823,36.723335,64.03306,217.83188,10.518439,17.28308,3.19548,3.0910194
2007-05-01,thuringen,50.89745642047332,11.04066497648823,784.1581,70.36479,216.56656,13.88994,19.598787,7.743227,3.5828671
2007-06-01,thuringen,50.89745642047332,11.04066497648823,672.5801,75.52032,213.99837,17.039856,22.502266,12.023771,3.2390795
2007-07-01,thuringen,50.89745642047332,11.04066497648823,814.6516,73.43783,199.70233,16.96507,22.076242,12.149395,3.7152004
2007-08-01,thuringen,50.89745642047332,11.04066497648823,526.0065,75.594055,183.25993,16.292656,21.767307,10.997032,2.709165
2007-09-01,thuringen,50.89745642047332,11.04066497648823,878.12,80.71117,115.89628,11.91561,16.423452,7.563618,3.4812202
2007-10-01,thuringen,50.89745642047332,11.04066497648823,106.05483,85.4505,73.65519,7.6202364,11.50024,4.065698,2.667759
2007-11-01,thuringen,50.89745642047332,11.04066497648823,591.8067,88.163155,27.64385,3.011974,5.3300643,0.7624142,3.85828
2007-12-01,thuringen,50.89745642047332,11.04066497648823,327.6839,86.458984,23.468056,0.88757753,2.929613,-1.2601691,3.961973
2008-01-01,thuringen,50.89745642047332,11.04066497648823,321.36453,82.917,30.337772,3.388644,5.674715,0.83255243,4.855291
2008-02-01,thuringen,50.89745642047332,11.04066497648823,261.05518,79.42108,67.937225,3.102362,6.992456,-0.5894409,3.7068245
2008-03-01,thuringen,50.89745642047332,11.04066497648823,481.54514,76.650085,97.82195,3.7281582,7.4985356,0.120261505,4.8442965
2008-04-01,thuringen,50.89745642047332,11.04066497648823,562.68335,79.068794,137.12086,6.8964615,11.1978035,2.7146215,3.3178444
2008-05-01,thuringen,50.89745642047332,11.04066497648823,106.10646,70.9788,231.19841,13.807442,19.828508,7.6081553,2.836619
2008-06-01,thuringen,50.89745642047332,11.04066497648823,365.53333,69.43865,237.60323,16.65488,22.509285,10.785804,2.8312817
2008-07-01,thuringen,50.89745642047332,11.04066497648823,427.6355,69.65445,209.81398,17.82647,24.065222,12.051952,3.199757
2008-08-01,thuringen,50.89745642047332,11.04066497648823,307.01294,69.715195,175.9458,17.344004,22.779552,12.213673,3.6052036
2008-09-01,thuringen,50.89745642047332,11.04066497648823,398.34668,79.34949,112.17929,11.730006,16.394161,7.185649,3.16644
2008-10-01,thuringen,50.89745642047332,11.04066497648823,484.79675,85.29275,66.85421,8.463949,12.564803,4.6405244,3.4219713
2008-11-01,thuringen,50.89745642047332,11.04066497648823,229.90668,85.971054,29.7733,4.32632,6.9392343,1.2648156,3.8606942
2008-12-01,thuringen,50.89745642047332,11.04066497648823,344.97418,88.774086,23.217352,0.25595367,2.2632492,-1.8641404,3.5271187
2009-01-01,thuringen,50.89745642047332,11.04066497648823,174.35806,85.04452,34.85703,-3.3307908,-0.021423424,-6.854005,3.251987
2009-02-01,thuringen,50.89745642047332,11.04066497648823,442.88568,86.784546,45.34864,-0.09561548,2.6186736,-2.956111,3.6884604
2009-03-01,thuringen,50.89745642047332,11.04066497648823,434.59357,80.870316,84.59145,3.6762276,7.175623,0.17325242,3.910199
2009-04-01,thuringen,50.89745642047332,11.04066497648823,349.64667,70.88372,192.79869,11.503882,17.799086,5.370835,3.0517442
2009-05-01,thuringen,50.89745642047332,11.04066497648823,477.5516,73.80894,212.5501,13.201198,18.643707,7.446231,3.2712903
2009-06-01,thuringen,50.89745642047332,11.04066497648823,485.36664,76.18493,199.87604,14.00804,18.909231,9.082553,3.3064644
2009-07-01,thuringen,50.89745642047332,11.04066497648823,572.8323,74.127686,207.89525,17.509054,22.950272,12.508455,3.2713468
2009-08-01,thuringen,50.89745642047332,11.04066497648823,239.0484,68.732956,206.91182,18.246042,24.837109,11.741813,2.806807
2009-09-01,thuringen,50.89745642047332,11.04066497648823,459.01666,79.43995,130.11343,14.159014,19.280401,9.51472,3.0215402
2009-10-01,thuringen,50.89745642047332,11.04066497648823,433.5871,85.992226,62.027714,7.445089,10.938151,3.9878173,3.4226685
2009-11-01,thuringen,50.89745642047332,11.04066497648823,615.5867,82.894585,33.724598,7.0676565,9.630297,4.457749,4.523624
2009-12-01,thuringen,50.89745642047332,11.04066497648823,602.2323,87.70703,22.264484,-0.3617648,2.1225057,-3.186981,3.6528733
2010-01-01,thuringen,50.89745642047332,11.04066497648823,270.1258,88.76126,23.200281,-4.896647,-2.7113419,-7.766547,3.1978858
2010-02-01,thuringen,50.89745642047332,11.04066497648823,260.93573,84.48345,47.499477,-1.3099722,1.6473646,-4.5149946,3.7276144
2010-03-01,thuringen,50.89745642047332,11.04066497648823,274.94836,75.47194,106.3979,3.681298,8.116395,-0.65908545,4.169289
2010-04-01,thuringen,50.89745642047332,11.04066497648823,139.76666,66.95719,184.08995,8.182988,13.945246,2.3253849,3.3033657
2010-05-01,thuringen,50.89745642047332,11.04066497648823,695.871,80.917725,149.76167,9.973306,13.853363,6.131591,3.1591263
2010-06-01,thuringen,50.89745642047332,11.04066497648823,124.52334,68.839645,242.32782,16.090694,21.966473,9.648498,2.9118688
2010-07-01,thuringen,50.89745642047332,11.04066497648823,631.0161,67.00754,241.73927,19.995039,26.462582,13.491608,2.5898058
2010-08-01,thuringen,50.89745642047332,11.04066497648823,1071.1194,79.79542,148.34732,16.074406,20.75886,11.862487,3.4457126
2010-09-01,thuringen,50.89745642047332,11.04066497648823,488.8567,81.11863,116.54288,11.805825,16.372808,7.691013,3.1635227
2010-10-01,thuringen,50.89745642047332,11.04066497648823,153.67096,82.40121,78.55324,7.381504,11.877895,3.32316,3.409311
2010-11-01,thuringen,50.89745642047332,11.04066497648823,744.44006,87.76056,27.205662,4.1935434,6.466744,1.7677509,4.099699
2010-12-01,thuringen,50.89745642047332,11.04066497648823,578.9742,88.953636,19.557,-4.805518,-2.2483902,-8.264715,3.7700672
2011-01-01,thuringen,50.89745642047332,11.04066497648823,362.49033,88.316444,29.757126,0.4146837,2.8779564,-2.2340574,3.6048293
2011-02-01,thuringen,50.89745642047332,11.04066497648823,116.11072,80.2193,58.35281,-0.16325416,3.3538675,-3.4626389,3.892604
2011-03-01,thuringen,50.89745642047332,11.04066497648823,95.870964,71.6467,130.34389,4.4078593,10.097424,-0.8651644,3.289386
2011-04-01,thuringen,50.89745642047332,11.04066497648823,173.06999,66.24681,191.89563,11.08019,17.335161,4.6362796,3.4107168
2011-05-01,thuringen,50.89745642047332,11.04066497648823,183.66452,62.84664,247.42859,13.3954315,20.286951,6.098735,3.208456
2011-06-01,thuringen,50.89745642047332,11.04066497648823,677.1566,71.941475,218.16748,16.184284,21.971443,10.641131,3.419495
2011-07-01,thuringen,50.89745642047332,11.04066497648823,543.2355,74.08439,181.41718,15.724772,20.64629,11.019785,3.537449
2011-08-01,thuringen,50.89745642047332,11.04066497648823,464.90967,75.14583,177.7861,17.553524,23.353294,12.355905,3.219873
2011-09-01,thuringen,50.89745642047332,11.04066497648823,396.08667,77.21325,143.32346,14.9317665,20.832321,9.577702,3.0997703
2011-10-01,thuringen,50.89745642047332,11.04066497648823,324.24518,82.452095,87.28453,8.841103,14.093688,4.0952706,3.4335375
2011-11-01,thuringen,50.89745642047332,11.04066497648823,0.5666667,87.69327,47.194984,3.6305099,8.123927,0.03511976,2.8502636
2011-12-01,thuringen,50.89745642047332,11.04066497648823,597.87744,85.67371,19.790167,3.295983,5.5056,1.0357955,5.3368726
2012-01-01,thuringen,50.89745642047332,11.04066497648823,615.2838,85.38552,30.81945,1.2232587,3.5968416,-1.2206029,4.7149577
2012-02-01,thuringen,50.89745642047332,11.04066497648823,119.97241,82.18352,61.078674,-3.7883296,-0.49393368,-7.412005,3.926175
2012-03-01,thuringen,50.89745642047332,11.04066497648823,73.922585,75.44983,120.916374,6.6710677,11.770689,1.7792952,3.350609
2012-04-01,thuringen,50.89745642047332,11.04066497648823,147.09668,70.21483,153.30728,7.887425,12.882787,2.8407865,3.689534
2012-05-01,thuringen,50.89745642047332,11.04066497648823,344.91614,68.40817,233.27264,14.0939,20.05821,7.6891794,3.2128878
2012-06-01,thuringen,50.89745642047332,11.04066497648823,725.47,77.367134,193.87636,14.994135,20.061754,9.781781,3.2060452
2012-07-01,thuringen,50.89745642047332,11.04066497648823,644.54193,76.589615,204.43704,17.045408,22.265469,12.006774,3.2338176
2012-08-01,thuringen,50.89745642047332,11.04066497648823,314.1903,68.629364,197.68729,18.256775,24.305826,12.21501,2.8953133
2012-09-01,thuringen,50.89745642047332,11.04066497648823,313.04666,75.82393,141.63431,13.253541,19.173035,7.5940385,3.018464
2012-10-01,thuringen,50.89745642047332,11.04066497648823,262.9613,83.18612,76.46117,7.936834,12.53719,3.633362,3.4677746
2012-11-01,thuringen,50.89745642047332,11.04066497648823,386.25665,88.22693,30.187864,4.441084,7.1284738,1.5686196,3.4659562
2012-12-01,thuringen,50.89745642047332,11.04066497648823,620.1129,87.75423,22.265896,1.1286454,3.4168665,-1.4179469,4.120313
2013-01-01,thuringen,50.89745642047332,11.04066497648823,357.7258,88.37391,21.935799,-0.75115716,0.99228305,-2.9417398,3.8696756
2013-02-01,thuringen,50.89745642047332,11.04066497648823,362.875,87.98005,38.396843,-1.527481,0.40270457,-3.6502514,3.4058998
2013-03-01,thuringen,50.89745642047332,11.04066497648823,224.13226,80.04792,96.29157,-1.4928594,2.1355119,-5.026827,3.6121545
2013-04-01,thuringen,50.89745642047332,11.04066497648823,341.47668,73.91173,140.07056,7.692908,12.259951,3.2213705,3.5143006
2013-05-01,thuringen,50.89745642047332,11.04066497648823,1169.2161,81.86872,158.76306,11.274432,15.528595,7.0642185,3.2891247
2013-06-01,thuringen,50.89745642047332,11.04066497648823,462.5833,76.32573,208.994,15.255425,20.284742,9.839438,3.3637197
2013-07-01,thuringen,50.89745642047332,11.04066497648823,264.29678,69.94132,250.81349,19.06821,25.534592,12.592469,2.697211
2013-08-01,thuringen,50.89745642047332,11.04066497648823,270.53226,70.41019,190.2128,17.630075,23.861692,11.560499,2.8207986
2013-09-01,thuringen,50.89745642047332,11.04066497648823,499.22998,81.416016,108.007935,12.747422,17.272507,8.576804,3.315958
2013-10-01,thuringen,50.89745642047332,11.04066497648823,447.64838,82.37478,71.06655,9.942795,13.916348,5.919438,3.658733
2013-11-01,thuringen,50.89745642047332,11.04066497648823,478.70663,89.181984,30.101133,3.8034596,6.18514,1.1011553,3.7307882
2013-12-01,thuringen,50.89745642047332,11.04066497648823,196.82259,84.46663,25.717194,3.3310661,5.8369136,0.8159974,4.3653555
2014-01-01,thuringen,50.89745642047332,11.04066497648823,186.49033,88.22952,28.317726,1.5251848,3.9721704,-1.1192138,3.4541762
2014-02-01,thuringen,50.89745642047332,11.04066497648823,150.38571,80.44167,60.84258,3.8879247,7.5825067,0.45023057,4.1196256
2014-03-01,thuringen,50.89745642047332,11.04066497648823,68.18065,75.82407,122.27685,6.52147,12.399033,1.2656561,3.277662
2014-04-01,thuringen,50.89745642047332,11.04066497648823,250.08002,76.424995,161.60226,10.570777,16.033024,5.2882395,2.9795985
2014-05-01,thuringen,50.89745642047332,11.04066497648823,555.1097,76.88332,195.16881,11.902201,16.981825,6.7057405,3.3390617
2014-06-01,thuringen,50.89745642047332,11.04066497648823,238.63667,72.269646,229.51183,15.40107,21.20096,9.234778,2.776285
2014-07-01,thuringen,50.89745642047332,11.04066497648823,921.77423,73.64228,218.03398,18.969162,24.874949,13.407464,2.682814
2014-08-01,thuringen,50.89745642047332,11.04066497648823,707.6742,77.542694,173.08127,15.489711,20.765598,10.583681,3.0671232
2014-09-01,thuringen,50.89745642047332,11.04066497648823,473.60336,86.22569,110.18414,14.401073,18.866526,10.652671,2.725126
2014-10-01,thuringen,50.89745642047332,11.04066497648823,339.7258,87.22117,70.80755,11.347887,15.606029,7.5641375,3.013099
2014-11-01,thuringen,50.89745642047332,11.04066497648823,126.22666,90.2182,35.14547,5.6198053,8.523107,2.7849903,2.8415806
2014-12-01,thuringen,50.89745642047332,11.04066497648823,403.2226,88.00015,17.906515,1.8734827,3.842803,-0.36892885,4.568442
2015-01-01,thuringen,50.89745642047332,11.04066497648823,420.6516,86.862885,25.401346,1.6645867,3.6434777,-0.6262606,4.6940336
2015-02-01,thuringen,50.89745642047332,11.04066497648823,62.025,84.700226,61.105583,0.14300798,3.6225243,-3.2612293,3.4141245
2015-03-01,thuringen,50.89745642047332,11.04066497648823,341.31937,78.85481,108.94535,4.368829,8.910357,0.09794237,3.8896146
2015-04-01,thuringen,50.89745642047332,11.04066497648823,222.02667,68.913284,189.9403,7.884477,13.918447,1.6822752,3.4238608
2015-05-01,thuringen,50.89745642047332,11.04066497648823,124.49355,67.65063,211.80928,12.209671,18.007229,5.6427274,3.2291574
2015-06-01,thuringen,50.89745642047332,11.04066497648823,351.35,71.20739,209.56294,15.38568,20.85452,9.681255,3.1643445
2015-07-01,thuringen,50.89745642047332,11.04066497648823,524.4613,67.558624,233.90997,19.310713,25.477129,13.193074,3.4777622
2015-08-01,thuringen,50.89745642047332,11.04066497648823,403.8742,69.315285,201.58282,19.959864,26.325115,13.826432,2.904602
2015-09-01,thuringen,50.89745642047332,11.04066497648823,278.45667,80.64562,121.02702,12.425689,17.454992,8.075265,3.2380886
2015-10-01,thuringen,50.89745642047332,11.04066497648823,271.0645,87.18852,64.63765,7.5466704,11.320563,3.8890462,2.5193532
2015-11-01,thuringen,50.89745642047332,11.04066497648823,580.3367,83.99655,39.033497,7.208854,10.687948,4.0177264,4.5406923
2015-12-01,thuringen,50.89745642047332,11.04066497648823,183.24838,87.02534,27.152832,6.053171,8.764179,2.9948025,4.063147
2016-01-01,thuringen,50.89745642047332,11.04066497648823,371.23547,87.4554,29.195272,0.2894613,2.8922424,-2.6830754,3.734032
2016-02-01,thuringen,50.89745642047332,11.04066497648823,457.5517,84.81536,48.538334,2.618984,5.461533,-0.29671073,4.488562
2016-03-01,thuringen,50.89745642047332,11.04066497648823,314.04193,83.15782,87.690895,3.3106825,6.765285,0.15003759,3.54523
2016-04-01,thuringen,50.89745642047332,11.04066497648823,239.22998,74.112114,163.40501,7.2674417,12.630577,1.9888107,3.2522864
2016-05-01,thuringen,50.89745642047332,11.04066497648823,331.49356,70.91251,214.39868,13.119718,18.638401,7.394146,3.2898464
2016-06-01,thuringen,50.89745642047332,11.04066497648823,526.1034,77.70929,198.5136,16.792799,22.200935,11.598324,2.7012343
2016-07-01,thuringen,50.89745642047332,11.04066497648823,457.55484,72.877426,202.81679,18.408134,24.135126,12.876522,3.0195534
2016-08-01,thuringen,50.89745642047332,11.04066497648823,209.4129,70.809296,195.37126,17.585135,23.733389,11.512506,2.9441056
2016-09-01,thuringen,50.89745642047332,11.04066497648823,379.44,74.70764,149.05307,16.689295,22.649464,11.268178,2.68462
2016-10-01,thuringen,50.89745642047332,11.04066497648823,438.7774,89.86231,51.97557,7.988594,10.981379,5.201033,2.8750858
2016-11-01,thuringen,50.89745642047332,11.04066497648823,307.99,86.245674,34.210518,3.2023654,6.088322,0.24940127,3.4799337
2016-12-01,thuringen,50.89745642047332,11.04066497648823,124.01613,87.59905,26.79549,1.2248967,4.08202,-1.628279,3.5486205
2017-01-01,thuringen,50.89745642047332,11.04066497648823,238.9,85.19862,34.992798,-3.104012,-0.029365817,-6.274693,3.4549453
2017-02-01,thuringen,50.89745642047332,11.04066497648823,244.3893,83.71253,53.775837,2.3011684,5.4463887,-0.81576973,3.9549894
2017-03-01,thuringen,50.89745642047332,11.04066497648823,346.07422,74.61114,113.272156,6.7569995,11.525033,2.1097386,3.8216646
2017-04-01,thuringen,50.89745642047332,11.04066497648823,176.48666,72.587,150.62703,6.9102216,11.70896,2.1090405,3.3439236
2017-05-01,thuringen,50.89745642047332,11.04066497648823,382.78064,73.49379,216.9117,13.869707,19.58792,7.9166875,2.7112198
2017-06-01,thuringen,50.89745642047332,11.04066497648823,525.58997,71.20454,239.5796,17.246134,23.112997,11.096549,3.2017782
2017-07-01,thuringen,50.89745642047332,11.04066497648823,1068.8904,75.82347,199.27701,17.918058,23.13981,13.030674,3.2375853
2017-08-01,thuringen,50.89745642047332,11.04066497648823,590.61615,75.25636,189.01299,17.61124,23.361605,12.105273,2.9412215
2017-09-01,thuringen,50.89745642047332,11.04066497648823,285.6067,82.94734,112.09386,12.167653,16.996311,7.962535,3.0664046
2017-10-01,thuringen,50.89745642047332,11.04066497648823,474.43228,83.90562,67.23896,10.754572,14.524094,7.401697,4.1350517
2017-11-01,thuringen,50.89745642047332,11.04066497648823,468.28333,88.38165,29.223946,4.596456,6.937388,1.9744012,3.7704854
2017-12-01,thuringen,50.89745642047332,11.04066497648823,375.09033,86.337425,20.205137,2.3129268,4.3432536,0.25562948,4.522701
2018-01-01,thuringen,50.89745642047332,11.04066497648823,527.6806,87.14678,24.607735,3.2245975,5.486595,0.99510324,4.572934
2018-02-01,thuringen,50.89745642047332,11.04066497648823,61.317863,80.78376,70.027565,-3.0520647,0.11018373,-6.427805,3.5378208
2018-03-01,thuringen,50.89745642047332,11.04066497648823,348.07098,79.22141,97.148285,1.5549123,5.6875167,-2.561691,3.8630204
2018-04-01,thuringen,50.89745642047332,11.04066497648823,217.25333,69.37769,192.99643,12.2923975,18.656193,5.7529917,3.2877748
2018-05-01,thuringen,50.89745642047332,11.04066497648823,348.95807,69.128174,234.47383,15.3019905,21.455378,8.925387,3.15642
2018-06-01,thuringen,50.89745642047332,11.04066497648823,126.786674,69.914444,201.92265,17.42039,22.940172,12.020394,2.9468203
2018-07-01,thuringen,50.89745642047332,11.04066497648823,225.0,58.82367,235.69197,20.05662,27.140526,12.52558,2.5832694
2018-08-01,thuringen,50.89745642047332,11.04066497648823,181.85806,61.63061,208.32649,19.755507,26.493692,12.832701,2.9583166
2018-09-01,thuringen,50.89745642047332,11.04066497648823,349.6,69.58652,144.99806,14.491867,21.083065,8.533715,2.9875097
2018-10-01,thuringen,50.89745642047332,11.04066497648823,135.40323,78.83898,84.59536,10.038555,15.591132,5.2514153,3.3412309
2018-11-01,thuringen,50.89745642047332,11.04066497648823,99.973335,86.560455,39.13479,4.5080357,7.7365065,1.5686845,3.194163
2018-12-01,thuringen,50.89745642047332,11.04066497648823,565.2871,86.80859,19.465393,3.3203712,5.3724375,1.0863732,4.306301
2019-01-01,thuringen,50.89745642047332,11.04066497648823,506.48065,85.29667,28.13467,-0.22123237,2.158849,-2.8296428,4.2951126
2019-02-01,thuringen,50.89745642047332,11.04066497648823,134.26428,74.321106,72.38176,3.4166439,8.475945,-0.95089275,3.6013036
2019-03-01,thuringen,50.89745642047332,11.04066497648823,386.4452,76.91521,99.9975,6.103351,10.326748,2.012294,4.7716255
2019-04-01,thuringen,50.89745642047332,11.04066497648823,188.37,67.997665,188.86958,8.840092,14.800374,2.5365825,3.516034
2019-05-01,thuringen,50.89745642047332,11.04066497648823,543.8097,74.51398,190.3243,10.411827,15.394491,5.0610332,3.0633495
2019-06-01,thuringen,50.89745642047332,11.04066497648823,266.34668,65.51864,233.04013,19.65298,26.49797,12.117432,2.918071
2019-07-01,thuringen,50.89745642047332,11.04066497648823,261.44196,64.54752,207.62076,18.474201,24.640114,12.101617,2.811652
2019-08-01,thuringen,50.89745642047332,11.04066497648823,346.68066,68.57619,193.68712,18.798182,25.436827,12.723234,2.77016
2019-09-01,thuringen,50.89745642047332,11.04066497648823,300.10333,72.518326,132.73738,13.631712,19.23448,8.160092,3.1808834
2019-10-01,thuringen,50.89745642047332,11.04066497648823,434.6194,83.29771,71.62934,10.522672,14.71474,6.72469,3.674344
2019-11-01,thuringen,50.89745642047332,11.04066497648823,317.93668,87.96853,30.721518,4.598226,7.378039,1.777508,3.3991585
2019-12-01,thuringen,50.89745642047332,11.04066497648823,301.6839,83.10397,26.55418,3.1953177,5.9305964,0.378373,3.9196694
2020-01-01,thuringen,50.89745642047332,11.04066497648823,236.79678,84.30575,33.469933,2.7444787,5.5338974,-0.3187097,3.9500139
2020-02-01,thuringen,50.89745642047332,11.04066497648823,697.88965,77.58538,54.038334,4.732427,7.7033277,1.5738416,5.807685
2020-03-01,thuringen,50.89745642047332,11.04066497648823,313.02905,71.51808,127.26246,4.51223,9.270811,-0.3762261,4.195913
2020-04-01,thuringen,50.89745642047332,11.04066497648823,62.15,58.72233,231.78122,9.631468,16.831713,1.9294109,3.2132976
2020-05-01,thuringen,50.89745642047332,11.04066497648823,321.73224,68.18117,237.28076,11.0287,17.00304,4.360399,2.9541495
2020-06-01,thuringen,50.89745642047332,11.04066497648823,661.17,74.613144,231.956,16.299028,21.677223,10.785269,2.9371765
2020-07-01,thuringen,50.89745642047332,11.04066497648823,213.94516,65.281944,247.4726,17.527794,23.69454,10.904117,3.0228484
2020-08-01,thuringen,50.89745642047332,11.04066497648823,626.1194,69.045265,200.87378,19.638874,25.545488,13.999312,2.9195268
2020-09-01,thuringen,50.89745642047332,11.04066497648823,271.49667,72.0974,162.2419,14.454052,20.914762,8.083508,2.6216488
2020-10-01,thuringen,50.89745642047332,11.04066497648823,505.96774,83.728836,66.87676,9.893639,13.131421,6.7751,3.9510415
2020-11-01,thuringen,50.89745642047332,11.04066497648823,74.32001,84.99125,47.431717,5.3062882,8.920217,1.8932862,3.2293124
2020-12-01,thuringen,50.89745642047332,11.04066497648823,233.86452,87.4912,21.133572,2.4536078,4.673885,0.19788757,3.3615189
2021-01-01,thuringen,50.89745642047332,11.04066497648823,457.42905,86.91876,29.302692,-0.19879577,1.7739068,-2.3354306,3.5683885
2021-02-01,thuringen,50.89745642047332,11.04066497648823,414.98215,82.41331,75.17059,0.19289872,4.6567283,-4.2639256,3.1752098
2021-03-01,thuringen,50.89745642047332,11.04066497648823,225.23871,74.5234,121.74178,4.1504602,9.107503,-0.33543217,3.5284045
2021-04-01,thuringen,50.89745642047332,11.04066497648823,229.35333,71.400444,176.09853,5.1468253,10.363338,0.1172605,3.4009206
2021-05-01,thuringen,50.89745642047332,11.04066497648823,518.18066,73.47036,207.2814,10.396675,15.160219,5.677972,3.9543734
2021-06-01,thuringen,50.89745642047332,11.04066497648823,537.91003,73.44713,264.9935,18.65223,24.38611,12.905484,2.4581943
2021-07-01,thuringen,50.89745642047332,11.04066497648823,657.5709,77.06084,221.46759,17.692469,23.058855,12.544035,2.786306
2021-08-01,thuringen,50.89745642047332,11.04066497648823,826.5355,80.62187,177.61963,15.690361,20.866467,11.100793,2.9813623
2021-09-01,thuringen,50.89745642047332,11.04066497648823,197.27,80.895836,153.69127,14.728385,20.14756,9.86474,2.4660695
2021-10-01,thuringen,50.89745642047332,11.04066497648823,232.01291,82.501915,93.86235,8.811887,13.673603,4.338631,3.3998904
2021-11-01,thuringen,50.89745642047332,11.04066497648823,334.23,88.42652,44.224274,4.186749,6.5876455,1.6674806,3.1747231
2021-12-01,thuringen,50.89745642047332,11.04066497648823,226.28708,89.058464,21.33276,1.9513466,4.342397,-0.8013781,3.391719
2022-01-01,thuringen,50.89745642047332,11.04066497648823,463.61935,87.12485,28.04917,2.3126717,4.220052,0.2304792,4.089405
2022-02-01,thuringen,50.89745642047332,11.04066497648823,515.66785,79.10544,66.39702,3.7756395,7.125957,0.5372746,5.690686
2022-03-01,thuringen,50.89745642047332,11.04066497648823,118.79033,65.78628,158.54901,4.006946,10.2882185,-1.7342091,2.7704384
2022-04-01,thuringen,50.89745642047332,11.04066497648823,305.63,72.19777,162.26132,6.891972,11.680434,1.9406602,3.8137991
2022-05-01,thuringen,50.89745642047332,11.04066497648823,242.75485,68.20012,231.63843,14.120419,20.233917,7.4852676,3.0123534
2022-06-01,thuringen,50.89745642047332,11.04066497648823,134.69333,63.82381,266.62912,18.366743,25.085814,10.963137,2.7167375
2022-07-01,thuringen,50.89745642047332,11.04066497648823,244.56775,61.152267,239.35312,18.791023,25.640242,11.715102,2.8037708
2022-08-01,thuringen,50.89745642047332,11.04066497648823,240.39032,62.53561,160.82211,19.79923,26.722536,12.709961,2.4588304
2022-09-01,thuringen,50.89745642047332,11.04066497648823,666.3933,78.08497,108.92007,12.822316,18.26048,8.204103,2.8762684
2022-10-01,thuringen,50.89745642047332,11.04066497648823,272.16452,83.30505,76.13169,12.04673,16.950644,7.140759,3.0841105
2022-11-01,thuringen,50.89745642047332,11.04066497648823,211.90668,85.97305,49.338024,5.6232667,9.277148,2.0619595,3.1010451
2022-12-01,thuringen,50.89745642047332,11.04066497648823,342.69354,87.17742,21.932508,1.0689586,3.558816,-1.6251534,3.6051097
2023-01-01,thuringen,50.89745642047332,11.04066497648823,367.34192,84.88961,23.170216,2.9486108,4.9062605,0.54305196,4.6125956
2023-02-01,thuringen,50.89745642047332,11.04066497648823,313.0107,83.31902,59.402046,2.5403817,5.9863157,-0.81853324,3.812795
2023-03-01,thuringen,50.89745642047332,11.04066497648823,617.5613,78.78246,90.61745,5.2235613,9.17398,1.3876197,4.340694
2023-04-01,thuringen,50.89745642047332,11.04066497648823,389.27002,75.23229,141.71068,6.848272,11.166907,2.31144,3.5031986
2023-05-01,thuringen,50.89745642047332,11.04066497648823,156.39355,70.32514,222.53117,12.423278,18.384192,5.9044914,3.0174928
2023-06-01,thuringen,50.89745642047332,11.04066497648823,334.5,64.71507,254.42346,17.84727,24.458206,10.869092,2.8568022
2023-07-01,thuringen,50.89745642047332,11.04066497648823,484.1516,64.71335,220.09663,18.65542,24.680622,12.326879,3.4623928
2023-08-01,thuringen,50.89745642047332,11.04066497648823,874.371,78.33126,136.5039,18.026112,23.569824,13.211212,2.9938035
2023-09-01,thuringen,50.89745642047332,11.04066497648823,175.78,74.69505,130.12007,16.786707,23.601755,10.495185,2.5048752
2023-10-01,thuringen,50.89745642047332,11.04066497648823,518.5935,81.558044,67.003914,11.659926,15.720355,7.8232255,3.7508018
2023-11-01,thuringen,50.89745642047332,11.04066497648823,626.92334,84.39601,42.774433,4.9847555,7.465983,2.2458591,4.6460013
2023-12-01,thuringen,50.89745642047332,11.04066497648823,659.8645,84.93534,20.342312,3.7050734,5.719744,1.2912714,4.805246
2024-01-01,thuringen,50.89745642047332,11.04066497648823,420.15485,81.68704,33.36376,0.6460116,3.678971,-2.6190417,4.575501
2024-02-01,thuringen,50.89745642047332,11.04066497648823,538.1483,83.3538,48.637596,6.249255,9.344279,3.3375072,4.4452424
2024-03-01,thuringen,50.89745642047332,11.04066497648823,205.38388,78.89261,108.06671,6.7732615,12.014989,1.6823425,3.2286437
2024-04-01,thuringen,50.89745642047332,11.04066497648823,324.53668,70.84922,163.06328,10.021982,15.234797,4.94401,3.7551503
2024-05-01,thuringen,50.89745642047332,11.04066497648823,669.74194,75.55875,203.00311,14.495283,19.672832,9.24062,2.8729374
2024-06-01,thuringen,50.89745642047332,11.04066497648823,480.76334,73.49012,222.48885,16.389608,22.09294,10.478156,3.0091617
2024-07-01,thuringen,50.89745642047332,11.04066497648823,564.68384,71.90597,225.15454,18.607782,24.561888,12.643048,2.7921278
2024-08-01,thuringen,50.89745642047332,11.04066497648823,381.8355,70.65118,213.01141,19.929558,26.397062,13.500255,2.7786767
2024-09-01,thuringen,50.89745642047332,11.04066497648823,603.9967,76.18817,132.9021,15.248156,20.738419,10.449918,3.5442088
2024-10-01,thuringen,50.89745642047332,11.04066497648823,324.4871,86.99348,64.73457,10.603096,14.75065,6.681757,2.9802408
2024-11-01,thuringen,50.89745642047332,11.04066497648823,293.63333,85.31956,31.851131,4.4881196,7.2707424,1.5988624,3.5691006
2024-12-01,thuringen,50.89745642047332,11.04066497648823,315.11935,86.91058,21.272627,2.1439931,4.4238305,-0.20528185,4.1032524
