{"type":"FeatureCollection","features":[{"type":"Feature","properties":{"areacd":"E06000001","areanm":"Hartlepool"},"geometry":{"type":"MultiPolygon","coordinates":[[[[-1.2435,54.7225],[-1.2428,54.7223],[-1.21,54.709],[-1.21,54.7089],[-1.1808,54.7003],[-1.1753,54.6966],[-1.174,54.6918],[-1.177,54.6946],[-1.1848,54.6933],[-1.1902,54.6968],[-1.1858,54.6975],[-1.1928,54.7005],[-1.1963,54.6986],[-1.1874,54.6939],[-1.1958,54.6924],[-1.1945,54.6907],[-1.1947,54.6898],[-1.1979,54.6918],[-1.1987,54.6862],[-1.1953,54.6877],[-1.1953,54.6875],[-1.1987,54.6854],[-1.1985,54.6795],[-1.1973,54.6782],[-1.1761,54.6536],[-1.1647,54.6476],[-1.1583,54.6483],[-1.158,54.6483],[-1.1688,54.6443],[-1.1676,54.6391],[-1.1731,54.6334],[-1.167,54.6343],[-1.1659,54.6339],[-1.1603,54.6352],[-1.1672,54.6327],[-1.1769,54.6323],[-1.1886,54.6327],[-1.2002,54.6234],[-1.2053,54.6227],[-1.2124,54.6223],[-1.2145,54.6226],[-1.2203,54.6252],[-1.2232,54.624],[-1.2237,54.624],[-1.2229,54.6258],[-1.2231,54.6265],[-1.2269,54.6267],[-1.2321,54.6259],[-1.2334,54.6309],[-1.2358,54.6337],[-1.2341,54.63],[-1.2392,54.6263],[-1.2505,54.6253],[-1.2538,54.6275],[-1.2508,54.6253],[-1.2409,54.6247],[-1.2567,54.6233],[-1.2587,54.6264],[-1.2676,54.6245],[-1.2799,54.6282],[-1.2962,54.628],[-1.2981,54.6355],[-1.307,54.6369],[-1.3162,54.6452],[-1.3288,54.644],[-1.3349,54.6313],[-1.3397,54.6362],[-1.3568,54.6384],[-1.3678,54.6435],[-1.3809,54.6439],[-1.3838,54.6462],[-1.3412,54.6502],[-1.3478,54.6624],[-1.3435,54.6686],[-1.3331,54.6726],[-1.3309,54.6821],[-1.3344,54.689],[-1.3446,54.6908],[-1.3194,54.6913],[-1.3135,54.6971],[-1.3138,54.7012],[-1.3013,54.7081],[-1.3036,54.7185],[-1.2903,54.7184],[-1.2702,54.7272],[-1.2584,54.726],[-1.2519,54.7196],[-1.2435,54.7225]]],[[[-1.2432,54.7226],[-1.2422,54.7229],[-1.2419,54.7227],[-1.2425,54.7224],[-1.2432,54.7226]]]]}},{"type":"Feature","properties":{"areacd":"E06000002","areanm":"Middlesbrough"},"geometry":{"type":"Polygon","coordinates":[[[-1.2821,54.5646],[-1.2816,54.5647],[-1.2658,54.5682],[-1.2605,54.5717],[-1.2605,54.5718],[-1.26,54.573],[-1.2571,54.5871],[-1.2512,54.5907],[-1.2157,54.5811],[-1.2198,54.5789],[-1.2048,54.58],[-1.2037,54.5777],[-1.204,54.5801],[-1.2011,54.5778],[-1.2025,54.5804],[-1.1971,54.5818],[-1.1944,54.5799],[-1.2016,54.5776],[-1.1903,54.5749],[-1.1777,54.5685],[-1.1722,54.5593],[-1.1706,54.5574],[-1.1666,54.554],[-1.1769,54.5516],[-1.1987,54.5446],[-1.1808,54.5335],[-1.1617,54.525],[-1.165,54.5219],[-1.1598,54.5158],[-1.1375,54.515],[-1.1461,54.5028],[-1.1744,54.5029],[-1.1851,54.5073],[-1.1956,54.5066],[-1.2073,54.5081],[-1.22,54.5109],[-1.235,54.5103],[-1.2638,54.5125],[-1.2793,54.5178],[-1.2842,54.5286],[-1.2854,54.5362],[-1.2763,54.5487],[-1.2763,54.5488],[-1.2708,54.5564],[-1.2781,54.5608],[-1.2821,54.5646]]]}},{"type":"Feature","properties":{"areacd":"E06000003","areanm":"Redcar and Cleveland"},"geometry":{"type":"MultiPolygon","coordinates":[[[[-1.1971,54.5818],[-1.1638,54.6021],[-1.1602,54.6045],[-1.1467,54.5991],[-1.1576,54.6054],[-1.149,54.6143],[-1.1546,54.6275],[-1.1527,54.6313],[-1.146,54.6277],[-1.1354,54.6296],[-1.1419,54.6382],[-1.1375,54.6475],[-1.1388,54.6407],[-1.1188,54.6288],[-1.0847,54.6204],[-1.0846,54.6204],[-1.0731,54.6213],[-1.0723,54.6211],[-1.0597,54.618],[-1.0583,54.6174],[-1.0363,54.606],[-1.0357,54.6058],[-1.0173,54.5986],[-1.0163,54.5982],[-0.9847,54.5894],[-0.9845,54.5893],[-0.9603,54.585],[-0.9432,54.5879],[-0.9382,54.5887],[-0.92,54.5847],[-0.904,54.5746],[-0.9012,54.5752],[-0.8987,54.574],[-0.8983,54.5719],[-0.8975,54.5719],[-0.8757,54.57],[-0.872,54.5697],[-0.8696,54.5699],[-0.853,54.5717],[-0.8462,54.5697],[-0.8089,54.5586],[-0.7899,54.5606],[-0.7897,54.5602],[-0.7942,54.5583],[-0.7934,54.5583],[-0.7989,54.5556],[-0.8005,54.551],[-0.8157,54.5525],[-0.827,54.5486],[-0.8486,54.53],[-0.8533,54.5027],[-0.8439,54.4912],[-0.8486,54.488],[-0.8565,54.4879],[-0.8758,54.4912],[-0.8809,54.497],[-0.8942,54.4969],[-0.9526,54.488],[-0.9662,54.4962],[-1.0034,54.503],[-1.0239,54.502],[-1.0368,54.494],[-1.0679,54.5004],[-1.0946,54.5067],[-1.1118,54.5044],[-1.1183,54.4982],[-1.1461,54.5028],[-1.1375,54.515],[-1.1598,54.5158],[-1.165,54.5219],[-1.1617,54.525],[-1.1808,54.5335],[-1.1987,54.5446],[-1.1769,54.5516],[-1.1666,54.554],[-1.1706,54.5574],[-1.1722,54.5593],[-1.1777,54.5685],[-1.1903,54.5749],[-1.2016,54.5776],[-1.1944,54.5799],[-1.1971,54.5818]]],[[[-1.1493,54.6347],[-1.1509,54.6319],[-1.1505,54.6352],[-1.1493,54.6347]]]]}},{"type":"Feature","properties":{"areacd":"E06000004","areanm":"Stockton-on-Tees"},"geometry":{"type":"MultiPolygon","coordinates":[[[[-1.2409,54.6247],[-1.2406,54.6246],[-1.2341,54.6288],[-1.2322,54.6256],[-1.2306,54.6257],[-1.2264,54.6261],[-1.2245,54.6237],[-1.2161,54.6224],[-1.2174,54.6207],[-1.2128,54.6215],[-1.2127,54.6215],[-1.1735,54.6215],[-1.1709,54.6297],[-1.1672,54.6291],[-1.1722,54.6215],[-1.1672,54.6198],[-1.1619,54.6226],[-1.1605,54.6104],[-1.1657,54.6102],[-1.1674,54.6048],[-1.2044,54.5826],[-1.229,54.5855],[-1.2313,54.5861],[-1.2454,54.5938],[-1.245,54.5916],[-1.2525,54.5924],[-1.2586,54.5889],[-1.2622,54.573],[-1.2622,54.5729],[-1.2623,54.573],[-1.2679,54.5782],[-1.2728,54.5797],[-1.2731,54.5794],[-1.2679,54.5778],[-1.2631,54.573],[-1.2623,54.5722],[-1.2622,54.572],[-1.2647,54.5703],[-1.2668,54.5687],[-1.2671,54.5686],[-1.2731,54.5675],[-1.2838,54.5653],[-1.2863,54.5648],[-1.286,54.5642],[-1.2821,54.5646],[-1.2781,54.5608],[-1.2708,54.5564],[-1.2763,54.5488],[-1.2763,54.5487],[-1.2854,54.5362],[-1.2842,54.5286],[-1.2793,54.5178],[-1.2638,54.5125],[-1.235,54.5103],[-1.2344,54.5061],[-1.2424,54.5016],[-1.2567,54.5011],[-1.2532,54.4978],[-1.2574,54.4873],[-1.2745,54.4911],[-1.2896,54.488],[-1.2867,54.4827],[-1.2916,54.4834],[-1.3003,54.4758],[-1.3032,54.4784],[-1.3131,54.4773],[-1.3183,54.4722],[-1.3436,54.4641],[-1.3449,54.4724],[-1.3565,54.4729],[-1.3643,54.4659],[-1.3725,54.4723],[-1.3748,54.4825],[-1.3703,54.4861],[-1.381,54.494],[-1.383,54.4873],[-1.3951,54.4857],[-1.3993,54.4929],[-1.4071,54.4935],[-1.4127,54.4772],[-1.4322,54.4794],[-1.4266,54.4848],[-1.4349,54.4875],[-1.4353,54.4927],[-1.4252,54.5006],[-1.4285,54.5131],[-1.4232,54.5153],[-1.4224,54.5209],[-1.4361,54.5276],[-1.4448,54.527],[-1.4495,54.533],[-1.4437,54.5345],[-1.4469,54.5372],[-1.4426,54.5431],[-1.4466,54.5557],[-1.4271,54.5628],[-1.4113,54.5648],[-1.4168,54.5758],[-1.4072,54.5937],[-1.4233,54.6031],[-1.4314,54.5953],[-1.4382,54.5951],[-1.4508,54.6047],[-1.4508,54.6105],[-1.4429,54.6101],[-1.43,54.6153],[-1.4261,54.6115],[-1.4098,54.6185],[-1.4048,54.624],[-1.3991,54.6241],[-1.4016,54.6263],[-1.3942,54.6289],[-1.3955,54.6311],[-1.3883,54.6316],[-1.3904,54.6392],[-1.3809,54.6439],[-1.3678,54.6435],[-1.3568,54.6384],[-1.3397,54.6362],[-1.3349,54.6313],[-1.3288,54.644],[-1.3162,54.6452],[-1.307,54.6369],[-1.2981,54.6355],[-1.2962,54.628],[-1.2799,54.6282],[-1.2676,54.6245],[-1.2587,54.6264],[-1.2567,54.6233],[-1.2409,54.6247]]],[[[-1.2145,54.6226],[-1.2232,54.624],[-1.2203,54.6252],[-1.2145,54.6226]]]]}},{"type":"Feature","properties":{"areacd":"E06000005","areanm":"Darlington"},"geometry":{"type":"Polygon","coordinates":[[[-1.4349,54.4875],[-1.4578,54.5036],[-1.4674,54.5025],[-1.4755,54.4981],[-1.4594,54.4946],[-1.4619,54.4859],[-1.4577,54.4815],[-1.4637,54.4735],[-1.4534,54.466],[-1.4629,54.4614],[-1.4561,54.4524],[-1.4632,54.4514],[-1.472,54.4556],[-1.4676,54.4621],[-1.4755,54.4738],[-1.4989,54.4757],[-1.4918,54.4862],[-1.5055,54.4823],[-1.5113,54.475],[-1.5142,54.4838],[-1.5291,54.4847],[-1.5301,54.4757],[-1.5195,54.4716],[-1.5337,54.4692],[-1.5478,54.4723],[-1.5552,54.485],[-1.5741,54.4911],[-1.5836,54.4977],[-1.5791,54.5051],[-1.592,54.5043],[-1.5843,54.508],[-1.5795,54.5116],[-1.6028,54.5106],[-1.6007,54.5171],[-1.6095,54.5199],[-1.6188,54.5164],[-1.6285,54.5138],[-1.6393,54.5164],[-1.633,54.5187],[-1.6322,54.524],[-1.6547,54.5246],[-1.6579,54.5346],[-1.6822,54.5333],[-1.6969,54.536],[-1.6983,54.5442],[-1.7038,54.5449],[-1.7053,54.5492],[-1.6976,54.5557],[-1.6912,54.5562],[-1.7032,54.5587],[-1.7093,54.5632],[-1.7045,54.5722],[-1.709,54.5741],[-1.694,54.5869],[-1.6793,54.586],[-1.6806,54.5978],[-1.6824,54.6178],[-1.657,54.6155],[-1.6417,54.6194],[-1.6333,54.6161],[-1.6314,54.6184],[-1.6185,54.6192],[-1.6121,54.6181],[-1.6067,54.6174],[-1.6062,54.6034],[-1.5841,54.6105],[-1.5841,54.6073],[-1.5928,54.6045],[-1.5899,54.5977],[-1.5934,54.5951],[-1.5909,54.5902],[-1.5828,54.5895],[-1.5834,54.5809],[-1.5528,54.5823],[-1.5623,54.586],[-1.5586,54.5921],[-1.5265,54.5965],[-1.514,54.5954],[-1.4687,54.6005],[-1.4603,54.5968],[-1.4561,54.5992],[-1.4517,54.5908],[-1.4435,54.5906],[-1.4382,54.5951],[-1.4314,54.5953],[-1.4233,54.6031],[-1.4072,54.5937],[-1.4168,54.5758],[-1.4113,54.5648],[-1.4271,54.5628],[-1.4466,54.5557],[-1.4426,54.5431],[-1.4469,54.5372],[-1.4437,54.5345],[-1.4495,54.533],[-1.4448,54.527],[-1.4361,54.5276],[-1.4224,54.5209],[-1.4232,54.5153],[-1.4285,54.5131],[-1.4252,54.5006],[-1.4353,54.4927],[-1.4349,54.4875]]]}},{"type":"Feature","properties":{"areacd":"E06000006","areanm":"Halton"},"geometry":{"type":"MultiPolygon","coordinates":[[[[-2.5951,53.3224],[-2.6093,53.3121],[-2.6101,53.318],[-2.6199,53.3203],[-2.6177,53.3161],[-2.6241,53.3094],[-2.6325,53.3075],[-2.6451,53.3101],[-2.6432,53.307],[-2.6703,53.3124],[-2.6854,53.3153],[-2.7012,53.306],[-2.7241,53.3124],[-2.7393,53.3069],[-2.7525,53.3147],[-2.7523,53.3147],[-2.7633,53.3275],[-2.7568,53.3375],[-2.7594,53.336],[-2.7589,53.3384],[-2.7586,53.3387],[-2.7538,53.3434],[-2.7434,53.3453],[-2.7221,53.3445],[-2.721,53.345],[-2.6995,53.3567],[-2.678,53.3547],[-2.6745,53.3536],[-2.6306,53.364],[-2.6269,53.3546],[-2.6315,53.346],[-2.6141,53.3476],[-2.6066,53.343],[-2.619,53.3311],[-2.6148,53.3288],[-2.6104,53.3304],[-2.5951,53.3224]]],[[[-2.6932,53.3617],[-2.6934,53.3618],[-2.7057,53.3615],[-2.7123,53.3578],[-2.7138,53.3575],[-2.7284,53.3545],[-2.7344,53.3478],[-2.7476,53.3506],[-2.7587,53.3495],[-2.7594,53.3492],[-2.769,53.3455],[-2.7773,53.3356],[-2.7773,53.3355],[-2.7783,53.3326],[-2.7844,53.3364],[-2.7777,53.3292],[-2.7899,53.3223],[-2.8191,53.333],[-2.8258,53.3318],[-2.8325,53.3373],[-2.8188,53.3398],[-2.8188,53.3478],[-2.8188,53.348],[-2.8091,53.3551],[-2.7873,53.3563],[-2.7848,53.3607],[-2.7813,53.3716],[-2.7813,53.3717],[-2.772,53.3829],[-2.7577,53.3807],[-2.7603,53.3843],[-2.7494,53.3882],[-2.7471,53.3924],[-2.7506,53.3938],[-2.7434,53.3953],[-2.7452,53.4021],[-2.7344,53.4005],[-2.7152,53.399],[-2.7128,53.3906],[-2.705,53.3867],[-2.6906,53.3854],[-2.6938,53.3844],[-2.6971,53.3685],[-2.6932,53.3617]]]]}},{"type":"Feature","properties":{"areacd":"E06000007","areanm":"Warrington"},"geometry":{"type":"Polygon","coordinates":[[[-2.5951,53.3224],[-2.6104,53.3304],[-2.6148,53.3288],[-2.619,53.3311],[-2.6066,53.343],[-2.6141,53.3476],[-2.6315,53.346],[-2.6269,53.3546],[-2.6306,53.364],[-2.6745,53.3536],[-2.678,53.3547],[-2.6753,53.3544],[-2.6661,53.3577],[-2.664,53.3672],[-2.6569,53.3741],[-2.6424,53.3724],[-2.639,53.3784],[-2.6457,53.3739],[-2.6543,53.3758],[-2.6602,53.3739],[-2.6745,53.3567],[-2.6932,53.3617],[-2.6971,53.3685],[-2.6938,53.3844],[-2.6906,53.3854],[-2.6763,53.3876],[-2.676,53.395],[-2.6713,53.4002],[-2.6721,53.4118],[-2.6719,53.4153],[-2.6669,53.4162],[-2.6724,53.422],[-2.664,53.4297],[-2.6753,53.4329],[-2.6687,53.441],[-2.6822,53.4392],[-2.6771,53.4527],[-2.6737,53.4524],[-2.6395,53.4444],[-2.6324,53.4416],[-2.6274,53.4344],[-2.6114,53.4423],[-2.5962,53.4427],[-2.5988,53.4504],[-2.5846,53.4404],[-2.5767,53.446],[-2.5704,53.4585],[-2.5491,53.4615],[-2.5525,53.4678],[-2.5365,53.4715],[-2.4963,53.4809],[-2.4891,53.4758],[-2.4897,53.4603],[-2.476,53.4482],[-2.4782,53.4434],[-2.4676,53.4374],[-2.4617,53.4364],[-2.4516,53.4267],[-2.4494,53.4159],[-2.4537,53.4132],[-2.466,53.4007],[-2.4785,53.3962],[-2.471,53.3923],[-2.4659,53.3948],[-2.4585,53.393],[-2.4484,53.3948],[-2.4266,53.3874],[-2.4287,53.3764],[-2.4397,53.3705],[-2.44,53.3666],[-2.4588,53.3683],[-2.465,53.3635],[-2.4869,53.3679],[-2.5057,53.3555],[-2.5211,53.3479],[-2.5183,53.3424],[-2.5395,53.3364],[-2.5444,53.3305],[-2.5517,53.3324],[-2.562,53.3233],[-2.5863,53.3294],[-2.5951,53.3224]]]}},{"type":"Feature","properties":{"areacd":"E06000008","areanm":"Blackburn with Darwen"},"geometry":{"type":"Polygon","coordinates":[[[-2.3791,53.6309],[-2.3978,53.6322],[-2.4011,53.6246],[-2.4053,53.6251],[-2.4198,53.6236],[-2.4259,53.6258],[-2.4261,53.635],[-2.4387,53.646],[-2.4503,53.6414],[-2.4505,53.6278],[-2.4584,53.6246],[-2.4537,53.622],[-2.466,53.6217],[-2.473,53.6166],[-2.5104,53.6263],[-2.5112,53.627],[-2.5201,53.6305],[-2.5239,53.6391],[-2.522,53.6474],[-2.5323,53.6649],[-2.5256,53.6747],[-2.5192,53.6763],[-2.5155,53.6917],[-2.532,53.6964],[-2.5396,53.7021],[-2.5433,53.7099],[-2.5395,53.7147],[-2.5462,53.7249],[-2.5565,53.7266],[-2.5572,53.7346],[-2.5646,53.7424],[-2.5617,53.7469],[-2.554,53.7497],[-2.5512,53.7564],[-2.5457,53.7594],[-2.5288,53.7595],[-2.5094,53.7692],[-2.4989,53.7686],[-2.4947,53.7701],[-2.4808,53.774],[-2.4771,53.781],[-2.4658,53.7808],[-2.4555,53.774],[-2.4463,53.7666],[-2.4521,53.7609],[-2.4518,53.7564],[-2.4468,53.7554],[-2.4397,53.7483],[-2.44,53.7359],[-2.4387,53.7323],[-2.4336,53.7276],[-2.4339,53.7192],[-2.411,53.7051],[-2.4032,53.6964],[-2.3914,53.6886],[-2.3743,53.6872],[-2.3759,53.6756],[-2.3711,53.6671],[-2.3626,53.656],[-2.3714,53.6433],[-2.3703,53.6315],[-2.3791,53.6309]]]}},{"type":"Feature","properties":{"areacd":"E06000009","areanm":"Blackpool"},"geometry":{"type":"Polygon","coordinates":[[[-3.0569,53.7766],[-3.0588,53.7837],[-3.0588,53.784],[-3.0567,53.7951],[-3.0609,53.7953],[-3.0569,53.7955],[-3.0573,53.7985],[-3.0573,53.7988],[-3.0563,53.8114],[-3.0564,53.8124],[-3.0566,53.819],[-3.0566,53.8192],[-3.0564,53.8287],[-3.0564,53.8296],[-3.0557,53.8412],[-3.0556,53.8418],[-3.0528,53.8516],[-3.0514,53.8572],[-3.0512,53.8577],[-3.0492,53.866],[-3.048,53.8756],[-3.0369,53.8751],[-3.0198,53.8686],[-3.0228,53.8627],[-3.0225,53.8617],[-3.0143,53.8506],[-3.0179,53.8474],[-3.0152,53.8428],[-3.0205,53.8408],[-3.0191,53.8371],[-3.0156,53.8407],[-3.0115,53.8372],[-3.0072,53.8329],[-3.0139,53.8292],[-3.0107,53.8262],[-2.9944,53.8177],[-2.9868,53.8022],[-2.9895,53.8004],[-2.9846,53.7938],[-2.9994,53.7943],[-3.006,53.788],[-2.9965,53.7745],[-3.0154,53.7746],[-3.0288,53.7731],[-3.0328,53.7807],[-3.0398,53.7796],[-3.0569,53.7766]]]}},{"type":"Feature","properties":{"areacd":"E06000010","areanm":"Kingston upon Hull, City of"},"geometry":{"type":"Polygon","coordinates":[[[-0.2473,53.7411],[-0.2432,53.7387],[-0.2442,53.7375],[-0.2503,53.7333],[-0.2732,53.7409],[-0.3073,53.7419],[-0.3084,53.7418],[-0.3299,53.7385],[-0.3289,53.7417],[-0.327,53.7446],[-0.3328,53.7515],[-0.3286,53.7537],[-0.3357,53.7593],[-0.3278,53.765],[-0.332,53.7707],[-0.3328,53.7707],[-0.3394,53.7713],[-0.3418,53.7753],[-0.342,53.7753],[-0.3426,53.7753],[-0.3481,53.7756],[-0.3473,53.7805],[-0.3475,53.7805],[-0.3475,53.7805],[-0.3484,53.7754],[-0.3422,53.7752],[-0.341,53.772],[-0.3407,53.7714],[-0.3407,53.7712],[-0.3389,53.7705],[-0.3373,53.7703],[-0.3323,53.7705],[-0.3302,53.7675],[-0.3281,53.7649],[-0.3287,53.7648],[-0.3335,53.764],[-0.3365,53.7598],[-0.3362,53.7586],[-0.3296,53.7544],[-0.3289,53.7539],[-0.3332,53.7518],[-0.3286,53.7452],[-0.331,53.7397],[-0.3541,53.7319],[-0.3568,53.7313],[-0.3967,53.7232],[-0.397,53.7231],[-0.419,53.7196],[-0.4198,53.7343],[-0.4136,53.7404],[-0.4036,53.75],[-0.4223,53.7505],[-0.4183,53.7606],[-0.4085,53.7606],[-0.4036,53.7649],[-0.3985,53.7672],[-0.3874,53.7707],[-0.3881,53.7763],[-0.3904,53.7825],[-0.3922,53.7911],[-0.3704,53.792],[-0.3594,53.7934],[-0.3648,53.8037],[-0.3538,53.8085],[-0.3375,53.8107],[-0.3161,53.8133],[-0.3039,53.7984],[-0.2944,53.793],[-0.2889,53.7895],[-0.2781,53.782],[-0.2683,53.785],[-0.2657,53.7823],[-0.2524,53.7813],[-0.2542,53.7689],[-0.2534,53.7645],[-0.2413,53.7549],[-0.2473,53.7418],[-0.2473,53.7411]]]}},{"type":"Feature","properties":{"areacd":"E06000011","areanm":"East Riding of Yorkshire"},"geometry":{"type":"MultiPolygon","coordinates":[[[[-0.4183,54.174],[-0.3907,54.1765],[-0.3745,54.1625],[-0.3749,54.1541],[-0.36,54.1531],[-0.3464,54.1469],[-0.3238,54.1503],[-0.3226,54.1453],[-0.3138,54.1464],[-0.3041,54.1363],[-0.2906,54.1397],[-0.2692,54.1383],[-0.2654,54.1405],[-0.2371,54.1372],[-0.2298,54.1324],[-0.229,54.1357],[-0.2216,54.138],[-0.2127,54.1576],[-0.2125,54.1576],[-0.1738,54.1516],[-0.1727,54.1514],[-0.1643,54.1484],[-0.1443,54.1411],[-0.1438,54.1409],[-0.1136,54.1311],[-0.112,54.1315],[-0.1075,54.1307],[-0.1066,54.1296],[-0.105,54.1303],[-0.0937,54.1284],[-0.076,54.1146],[-0.1047,54.1041],[-0.1407,54.1043],[-0.1648,54.0996],[-0.1664,54.0983],[-0.1838,54.0853],[-0.1847,54.0846],[-0.1864,54.0796],[-0.1874,54.0799],[-0.1885,54.0797],[-0.1932,54.0801],[-0.1944,54.0786],[-0.1985,54.0779],[-0.2085,54.0639],[-0.2085,54.0637],[-0.2158,54.0383],[-0.2153,54.0227],[-0.215,54.0158],[-0.1893,53.96],[-0.189,53.9596],[-0.1737,53.9333],[-0.154,53.8993],[-0.1015,53.8466],[-0.1015,53.8465],[-0.0954,53.8411],[-0.0446,53.7956],[-0.0443,53.7954],[0.117,53.6622],[0.1172,53.6618],[0.1199,53.6577],[0.1417,53.622],[0.1481,53.6054],[0.1482,53.6029],[0.1438,53.5961],[0.1129,53.5746],[0.1084,53.5714],[0.1077,53.5751],[0.113,53.5784],[0.1422,53.5962],[0.1467,53.6034],[0.143,53.6113],[0.1246,53.6234],[0.1155,53.6271],[0.0891,53.6379],[0.0345,53.6492],[0.0194,53.6452],[0.0167,53.6466],[0.0173,53.6449],[-0.0497,53.6321],[-0.0542,53.629],[-0.1036,53.6353],[-0.1249,53.6458],[-0.1308,53.6521],[-0.1308,53.6522],[-0.1325,53.6512],[-0.1333,53.6507],[-0.1334,53.6508],[-0.1393,53.6545],[-0.1512,53.6622],[-0.1693,53.6739],[-0.1737,53.6803],[-0.1844,53.6867],[-0.2101,53.702],[-0.2271,53.7085],[-0.2369,53.7267],[-0.2353,53.7284],[-0.2432,53.7296],[-0.2428,53.7388],[-0.2473,53.7411],[-0.2473,53.7418],[-0.2413,53.7549],[-0.2534,53.7645],[-0.2542,53.7689],[-0.2524,53.7813],[-0.2657,53.7823],[-0.2683,53.785],[-0.2781,53.782],[-0.2889,53.7895],[-0.2944,53.793],[-0.3039,53.7984],[-0.3161,53.8133],[-0.3375,53.8107],[-0.3538,53.8085],[-0.3648,53.8037],[-0.3594,53.7934],[-0.3704,53.792],[-0.3922,53.7911],[-0.3904,53.7825],[-0.3881,53.7763],[-0.3874,53.7707],[-0.3985,53.7672],[-0.4036,53.7649],[-0.4085,53.7606],[-0.4183,53.7606],[-0.4223,53.7505],[-0.4036,53.75],[-0.4136,53.7404],[-0.4198,53.7343],[-0.419,53.7196],[-0.4193,53.7196],[-0.432,53.7168],[-0.434,53.719],[-0.4342,53.7162],[-0.4475,53.7138],[-0.4633,53.7167],[-0.4646,53.7167],[-0.4862,53.7165],[-0.4866,53.7165],[-0.5426,53.7084],[-0.5585,53.7115],[-0.5592,53.7116],[-0.5853,53.7272],[-0.6166,53.7312],[-0.6278,53.7312],[-0.628,53.7321],[-0.6288,53.7309],[-0.6372,53.7289],[-0.6262,53.7311],[-0.6185,53.7305],[-0.637,53.7277],[-0.6378,53.7276],[-0.673,53.7213],[-0.6873,53.7079],[-0.7001,53.7037],[-0.7426,53.707],[-0.779,53.6974],[-0.7896,53.7029],[-0.7941,53.7052],[-0.8132,53.7067],[-0.8249,53.7035],[-0.8517,53.6864],[-0.8628,53.6962],[-0.8615,53.7023],[-0.859,53.7031],[-0.8542,53.7041],[-0.8428,53.7084],[-0.8402,53.7158],[-0.8457,53.7283],[-0.8578,53.732],[-0.8583,53.7321],[-0.8723,53.724],[-0.8872,53.7283],[-0.9096,53.7279],[-0.9111,53.7334],[-0.9359,53.7325],[-0.9611,53.7367],[-0.9624,53.7467],[-0.9729,53.75],[-0.9516,53.7537],[-0.9322,53.7622],[-0.9282,53.7703],[-0.9366,53.7799],[-0.928,53.7971],[-0.9345,53.8018],[-0.9201,53.816],[-0.9406,53.8234],[-0.9456,53.8466],[-0.942,53.8548],[-0.945,53.8575],[-0.9481,53.8621],[-0.939,53.8677],[-0.9407,53.8741],[-0.9249,53.878],[-0.9235,53.8807],[-0.9236,53.8877],[-0.9197,53.8893],[-0.9229,53.8907],[-0.9495,53.8938],[-0.9403,53.8986],[-0.9382,53.9079],[-0.932,53.9087],[-0.9317,53.9174],[-0.9217,53.9212],[-0.9277,53.9308],[-0.9235,53.935],[-0.9277,53.9526],[-0.9211,53.9604],[-0.934,53.9687],[-0.9278,53.984],[-0.9203,53.9901],[-0.9253,53.9915],[-0.9119,53.9929],[-0.9075,53.9975],[-0.8935,53.9997],[-0.8885,54.0095],[-0.8777,54.0135],[-0.8787,54.0168],[-0.8597,54.0164],[-0.8431,54.0217],[-0.8204,54.0209],[-0.799,54.0241],[-0.7992,54.019],[-0.7342,54.0302],[-0.7305,54.0127],[-0.7108,54.0112],[-0.7048,54.0061],[-0.6818,54.0103],[-0.6785,54.0182],[-0.6885,54.024],[-0.6799,54.0367],[-0.6595,54.0372],[-0.658,54.0436],[-0.6446,54.0551],[-0.6604,54.0631],[-0.6154,54.0705],[-0.591,54.087],[-0.5665,54.0903],[-0.5631,54.094],[-0.5418,54.0915],[-0.534,54.0872],[-0.5279,54.0893],[-0.5246,54.0855],[-0.4969,54.0972],[-0.4659,54.1076],[-0.4682,54.1112],[-0.4543,54.1167],[-0.4585,54.126],[-0.4271,54.1374],[-0.4326,54.1575],[-0.4332,54.1641],[-0.4229,54.1663],[-0.4245,54.1696],[-0.4181,54.1712],[-0.4183,54.174]]],[[[-0.8654,53.6377],[-0.9468,53.6591],[-0.9903,53.659],[-0.9905,53.6612],[-1.0294,53.6549],[-1.0486,53.656],[-1.0602,53.6592],[-1.0712,53.6579],[-1.0711,53.66],[-1.0856,53.6624],[-1.0915,53.6687],[-1.1036,53.6695],[-1.102,53.6744],[-1.0811,53.6846],[-1.085,53.6869],[-1.0786,53.6941],[-1.0749,53.704],[-1.0697,53.7029],[-1.0626,53.7069],[-1.054,53.7014],[-1.0536,53.6968],[-1.0457,53.6986],[-1.0391,53.6939],[-1.0224,53.698],[-1.0068,53.6953],[-1.0003,53.6989],[-0.9803,53.6969],[-0.9834,53.7026],[-0.9805,53.705],[-0.9679,53.7067],[-0.9701,53.7022],[-0.9626,53.7008],[-0.9577,53.705],[-0.9613,53.7077],[-0.9579,53.7142],[-0.9577,53.7141],[-0.9574,53.7147],[-0.9442,53.7123],[-0.9236,53.7184],[-0.9054,53.7167],[-0.9035,53.7183],[-0.9051,53.7271],[-0.888,53.7265],[-0.8778,53.7228],[-0.8774,53.7228],[-0.8607,53.7221],[-0.8546,53.7302],[-0.8528,53.7297],[-0.847,53.7253],[-0.8441,53.7133],[-0.8442,53.7131],[-0.8473,53.7086],[-0.8641,53.7038],[-0.8678,53.6975],[-0.8861,53.6946],[-0.8941,53.6927],[-0.9461,53.6798],[-0.9903,53.6741],[-0.9903,53.6737],[-0.9458,53.6794],[-0.8943,53.692],[-0.887,53.6938],[-0.8868,53.6938],[-0.8867,53.6939],[-0.8675,53.6964],[-0.8603,53.689],[-0.8601,53.6888],[-0.8549,53.6846],[-0.8486,53.6849],[-0.8251,53.7002],[-0.8119,53.7043],[-0.7897,53.6985],[-0.775,53.6947],[-0.7529,53.7013],[-0.7444,53.7034],[-0.7306,53.7043],[-0.7001,53.6988],[-0.6985,53.6846],[-0.6982,53.6842],[-0.7043,53.6815],[-0.7024,53.6775],[-0.7218,53.6793],[-0.7232,53.6737],[-0.7466,53.6696],[-0.759,53.6643],[-0.7532,53.6627],[-0.7745,53.6562],[-0.7721,53.6641],[-0.7889,53.6591],[-0.8015,53.6527],[-0.8058,53.6463],[-0.8291,53.6432],[-0.8483,53.633],[-0.8654,53.6377]]],[[[-0.8607,53.7237],[-0.8643,53.7235],[-0.8617,53.7262],[-0.8607,53.7237]]]]}},{"type":"Feature","properties":{"areacd":"E06000012","areanm":"North East Lincolnshire"},"geometry":{"type":"Polygon","coordinates":[[[-0.2045,53.6381],[-0.2044,53.6379],[-0.1886,53.631],[-0.188,53.6306],[-0.1874,53.6306],[-0.1869,53.6302],[-0.1528,53.6155],[-0.1304,53.6013],[-0.1294,53.6006],[-0.1115,53.59],[-0.0946,53.5817],[-0.0931,53.581],[-0.0928,53.5813],[-0.0923,53.5816],[-0.0795,53.5769],[-0.0698,53.5832],[-0.0618,53.5825],[-0.0518,53.5766],[-0.051,53.576],[-0.0282,53.5618],[-0.0281,53.5617],[-0.0203,53.5553],[-0.0197,53.5549],[0.0084,53.5351],[0.0089,53.5348],[0.0164,53.5264],[0.0054,53.5196],[-0.0174,53.515],[-0.0195,53.5179],[-0.0287,53.5173],[-0.0397,53.5131],[-0.0466,53.5201],[-0.0605,53.5197],[-0.0671,53.5168],[-0.0753,53.4893],[-0.0954,53.486],[-0.0898,53.4777],[-0.1078,53.4698],[-0.0823,53.4511],[-0.1204,53.4335],[-0.1228,53.4373],[-0.132,53.4359],[-0.1341,53.4407],[-0.1446,53.4409],[-0.1492,53.4467],[-0.1585,53.4616],[-0.1537,53.4657],[-0.1818,53.4686],[-0.1886,53.4845],[-0.2106,53.4863],[-0.2041,53.5117],[-0.2135,53.5263],[-0.2106,53.5317],[-0.2199,53.5326],[-0.1874,53.5636],[-0.1951,53.5716],[-0.2227,53.568],[-0.2347,53.5862],[-0.2392,53.5881],[-0.2513,53.5846],[-0.2484,53.5936],[-0.2545,53.5925],[-0.2595,53.5969],[-0.2829,53.6045],[-0.2812,53.6062],[-0.2921,53.6132],[-0.2511,53.623],[-0.2327,53.624],[-0.2045,53.6381]]]}},{"type":"Feature","properties":{"areacd":"E06000013","areanm":"North Lincolnshire"},"geometry":{"type":"MultiPolygon","coordinates":[[[[-0.9356,53.5025],[-0.9322,53.5107],[-0.95,53.5136],[-0.9485,53.5204],[-0.9437,53.5306],[-0.8981,53.5327],[-0.8923,53.5376],[-0.8998,53.5445],[-0.9003,53.5556],[-0.891,53.5665],[-0.9012,53.5687],[-0.8962,53.5829],[-0.898,53.5833],[-0.887,53.601],[-0.887,53.6097],[-0.8654,53.6377],[-0.8483,53.633],[-0.8291,53.6432],[-0.8058,53.6463],[-0.8015,53.6527],[-0.7889,53.6591],[-0.7721,53.6641],[-0.7745,53.6562],[-0.7532,53.6627],[-0.759,53.6643],[-0.7466,53.6696],[-0.7232,53.6737],[-0.7218,53.6793],[-0.7024,53.6775],[-0.7043,53.6815],[-0.6982,53.6842],[-0.6898,53.673],[-0.6915,53.6693],[-0.6987,53.654],[-0.7129,53.6451],[-0.715,53.6332],[-0.7125,53.6237],[-0.7008,53.6131],[-0.7085,53.6081],[-0.7251,53.6092],[-0.7332,53.6048],[-0.7397,53.5926],[-0.7338,53.5864],[-0.7316,53.5841],[-0.7321,53.5838],[-0.7463,53.5728],[-0.749,53.5633],[-0.749,53.5632],[-0.7477,53.5564],[-0.7453,53.5569],[-0.7453,53.557],[-0.7466,53.563],[-0.7451,53.5712],[-0.7329,53.5808],[-0.7311,53.5823],[-0.7295,53.5836],[-0.7371,53.593],[-0.7353,53.5984],[-0.7263,53.6074],[-0.7071,53.6069],[-0.7058,53.6069],[-0.6982,53.6142],[-0.7103,53.6256],[-0.7116,53.6408],[-0.695,53.6531],[-0.6866,53.6693],[-0.6851,53.6722],[-0.6853,53.6798],[-0.6948,53.6923],[-0.6914,53.6968],[-0.6114,53.7146],[-0.5843,53.6962],[-0.5862,53.6933],[-0.5836,53.6954],[-0.5486,53.6796],[-0.5272,53.6781],[-0.5255,53.678],[-0.5034,53.6808],[-0.4895,53.6894],[-0.4887,53.6899],[-0.4871,53.6906],[-0.4706,53.6982],[-0.443,53.6954],[-0.4424,53.6974],[-0.408,53.6986],[-0.4065,53.6986],[-0.3952,53.7001],[-0.3935,53.6969],[-0.3933,53.7003],[-0.3875,53.7022],[-0.3616,53.7039],[-0.3323,53.7113],[-0.2894,53.7132],[-0.2664,53.6954],[-0.2639,53.6915],[-0.2682,53.69],[-0.2628,53.6902],[-0.2379,53.6637],[-0.234,53.6639],[-0.2334,53.6634],[-0.2045,53.6381],[-0.2327,53.624],[-0.2511,53.623],[-0.2921,53.6132],[-0.2981,53.6125],[-0.3009,53.6164],[-0.3086,53.6143],[-0.3007,53.5955],[-0.3034,53.5908],[-0.3109,53.5901],[-0.336,53.5586],[-0.3487,53.5595],[-0.346,53.5579],[-0.3494,53.5558],[-0.4197,53.5638],[-0.429,53.5745],[-0.4394,53.5703],[-0.4508,53.5579],[-0.4569,53.5593],[-0.4656,53.556],[-0.4669,53.5489],[-0.4908,53.5459],[-0.5013,53.5374],[-0.4307,53.5463],[-0.4219,53.5344],[-0.4143,53.5358],[-0.4081,53.5321],[-0.4051,53.5176],[-0.444,53.5094],[-0.4758,53.509],[-0.4884,53.5048],[-0.4807,53.4962],[-0.4878,53.4878],[-0.4866,53.4804],[-0.4717,53.4749],[-0.5518,53.4595],[-0.5995,53.4564],[-0.6298,53.4582],[-0.6266,53.462],[-0.6349,53.4695],[-0.6341,53.4854],[-0.6301,53.486],[-0.6257,53.4956],[-0.6282,53.5068],[-0.6246,53.5128],[-0.6757,53.5125],[-0.6874,53.5164],[-0.7016,53.5142],[-0.7396,53.5199],[-0.7521,53.5005],[-0.7681,53.4989],[-0.7755,53.489],[-0.7716,53.4792],[-0.7844,53.4766],[-0.7844,53.4634],[-0.7976,53.455],[-0.8719,53.4663],[-0.8738,53.4615],[-0.9162,53.4603],[-0.9201,53.4655],[-0.9006,53.4751],[-0.9356,53.5025]]],[[[-0.5259,53.6854],[-0.525,53.6853],[-0.5205,53.6857],[-0.5252,53.6832],[-0.5263,53.683],[-0.5358,53.6813],[-0.5343,53.6834],[-0.5436,53.6829],[-0.5586,53.6895],[-0.5463,53.6899],[-0.5259,53.6854]]]]}},{"type":"Feature","properties":{"areacd":"E06000014","areanm":"York"},"geometry":{"type":"Polygon","coordinates":[[[-0.9253,53.9915],[-0.9203,53.9901],[-0.9278,53.984],[-0.934,53.9687],[-0.9211,53.9604],[-0.9277,53.9526],[-0.9235,53.935],[-0.9277,53.9308],[-0.9217,53.9212],[-0.9317,53.9174],[-0.932,53.9087],[-0.9382,53.9079],[-0.9403,53.8986],[-0.9495,53.8938],[-0.9229,53.8907],[-0.9197,53.8893],[-0.9236,53.8877],[-0.9235,53.8807],[-0.9268,53.8825],[-0.9343,53.8798],[-0.9385,53.8875],[-0.944,53.8881],[-0.9479,53.8848],[-0.9677,53.8828],[-0.9929,53.8752],[-1.0082,53.89],[-1.0215,53.8884],[-1.065,53.8746],[-1.0778,53.8836],[-1.0956,53.8846],[-1.1004,53.8766],[-1.1051,53.8757],[-1.125,53.8827],[-1.1367,53.8959],[-1.1417,53.8926],[-1.1501,53.8936],[-1.1601,53.9004],[-1.1648,53.9106],[-1.1706,53.9088],[-1.1793,53.9169],[-1.1857,53.916],[-1.1911,53.9226],[-1.1956,53.9224],[-1.2041,53.9435],[-1.2199,53.9626],[-1.2221,53.9793],[-1.2166,53.9856],[-1.2003,53.989],[-1.1922,53.9842],[-1.1821,53.9853],[-1.1832,53.9962],[-1.1919,54.0005],[-1.1886,54.0025],[-1.1795,53.9988],[-1.1756,54.0022],[-1.1519,53.9892],[-1.137,53.9911],[-1.149,54.0029],[-1.143,54.0108],[-1.148,54.0157],[-1.1424,54.0189],[-1.145,54.0245],[-1.1408,54.0298],[-1.1204,54.029],[-1.1149,54.0358],[-1.0998,54.0377],[-1.1011,54.0409],[-1.0962,54.0404],[-1.0943,54.0466],[-1.0623,54.0501],[-1.0586,54.0478],[-1.0597,54.0566],[-1.0144,54.0493],[-1.0023,54.0553],[-0.9933,54.0423],[-0.9874,54.0403],[-0.9821,54.0394],[-0.9823,54.0309],[-0.9733,54.0293],[-0.9705,54.0231],[-0.9668,54.023],[-0.9794,54.0174],[-0.9769,54.0158],[-0.9827,54.01],[-0.9792,54.0054],[-0.9847,54.0027],[-0.9753,54.0047],[-0.9719,53.9967],[-0.9791,53.9959],[-0.9813,53.9911],[-0.9958,53.984],[-0.9846,53.9815],[-0.9671,53.9859],[-0.9577,53.9839],[-0.9445,53.9891],[-0.9253,53.9915]]]}},{"type":"Feature","properties":{"areacd":"E06000015","areanm":"Derby"},"geometry":{"type":"Polygon","coordinates":[[[-1.4746,52.9659],[-1.4676,52.9648],[-1.4676,52.9557],[-1.4687,52.9506],[-1.4626,52.9498],[-1.4529,52.9474],[-1.434,52.9513],[-1.4093,52.9503],[-1.424,52.9356],[-1.4162,52.9313],[-1.4145,52.9312],[-1.4036,52.9322],[-1.3854,52.9264],[-1.3839,52.9238],[-1.3896,52.9227],[-1.3878,52.9114],[-1.3917,52.9074],[-1.3883,52.9014],[-1.4027,52.9004],[-1.4097,52.8864],[-1.4204,52.8819],[-1.4165,52.8757],[-1.4298,52.8702],[-1.4236,52.8651],[-1.4382,52.8617],[-1.4462,52.8613],[-1.45,52.8669],[-1.4672,52.8729],[-1.4676,52.8705],[-1.4952,52.8704],[-1.4936,52.8736],[-1.5,52.8772],[-1.4995,52.8827],[-1.502,52.8816],[-1.5031,52.8848],[-1.5146,52.8847],[-1.5231,52.8873],[-1.5265,52.8909],[-1.5386,52.8885],[-1.5397,52.8939],[-1.5486,52.9009],[-1.5552,52.906],[-1.5569,52.9147],[-1.5511,52.917],[-1.5528,52.9226],[-1.5441,52.9242],[-1.5397,52.9244],[-1.5271,52.9324],[-1.5213,52.9324],[-1.5081,52.9374],[-1.5076,52.9543],[-1.4978,52.956],[-1.4965,52.965],[-1.4836,52.9673],[-1.4801,52.9681],[-1.4776,52.9644],[-1.4746,52.9659]]]}},{"type":"Feature","properties":{"areacd":"E06000016","areanm":"Leicester"},"geometry":{"type":"Polygon","coordinates":[[[-1.0486,52.655],[-1.051,52.6439],[-1.047,52.6346],[-1.0562,52.6322],[-1.0553,52.6248],[-1.0705,52.618],[-1.0743,52.6134],[-1.0933,52.6161],[-1.0966,52.6164],[-1.0954,52.6074],[-1.1037,52.5959],[-1.113,52.5969],[-1.1264,52.5957],[-1.1264,52.5929],[-1.1435,52.588],[-1.1495,52.581],[-1.1593,52.5816],[-1.1556,52.5871],[-1.1593,52.5912],[-1.1721,52.5918],[-1.168,52.6014],[-1.1654,52.603],[-1.1711,52.6058],[-1.1641,52.6094],[-1.1761,52.618],[-1.2014,52.6273],[-1.2054,52.6288],[-1.2056,52.6289],[-1.2157,52.6347],[-1.209,52.6421],[-1.1987,52.6415],[-1.1906,52.6404],[-1.1838,52.6506],[-1.1853,52.6606],[-1.1767,52.6643],[-1.179,52.6764],[-1.1706,52.6835],[-1.1573,52.6915],[-1.1524,52.6884],[-1.1475,52.6906],[-1.1408,52.6844],[-1.1377,52.6754],[-1.1291,52.6654],[-1.1188,52.6732],[-1.1147,52.6727],[-1.0978,52.6701],[-1.0752,52.6696],[-1.0644,52.6647],[-1.0568,52.6638],[-1.0589,52.6564],[-1.0486,52.655]]]}},{"type":"Feature","properties":{"areacd":"E06000017","areanm":"Rutland"},"geometry":{"type":"Polygon","coordinates":[[[-0.6641,52.7567],[-0.6086,52.7597],[-0.6054,52.7505],[-0.5896,52.7538],[-0.5726,52.7531],[-0.566,52.745],[-0.5599,52.7455],[-0.54,52.7384],[-0.5424,52.7233],[-0.5127,52.7197],[-0.5058,52.7136],[-0.4945,52.7096],[-0.4511,52.7096],[-0.4448,52.7062],[-0.4306,52.7054],[-0.4329,52.6862],[-0.4616,52.669],[-0.4839,52.6654],[-0.4947,52.6646],[-0.4939,52.6607],[-0.5066,52.6595],[-0.5189,52.6665],[-0.5236,52.6652],[-0.495,52.6402],[-0.5174,52.6424],[-0.5236,52.6349],[-0.5402,52.6259],[-0.5391,52.6179],[-0.5501,52.6122],[-0.5476,52.6069],[-0.553,52.6013],[-0.5429,52.5957],[-0.5442,52.5929],[-0.5581,52.5945],[-0.5626,52.5863],[-0.5718,52.5858],[-0.5781,52.5879],[-0.5815,52.5959],[-0.587,52.5874],[-0.603,52.5886],[-0.6379,52.5718],[-0.6422,52.573],[-0.6609,52.5689],[-0.6748,52.5586],[-0.6885,52.5461],[-0.6977,52.5457],[-0.6964,52.5385],[-0.7137,52.5249],[-0.7227,52.5268],[-0.73,52.533],[-0.7286,52.5358],[-0.7422,52.5395],[-0.7389,52.5489],[-0.7618,52.5691],[-0.7648,52.5812],[-0.7923,52.5976],[-0.817,52.5937],[-0.821,52.5964],[-0.8194,52.6097],[-0.8058,52.6207],[-0.811,52.626],[-0.8018,52.6388],[-0.8099,52.6403],[-0.8087,52.6461],[-0.7929,52.6597],[-0.7902,52.6672],[-0.7822,52.6691],[-0.7839,52.677],[-0.7858,52.6942],[-0.7958,52.6968],[-0.7964,52.7036],[-0.8023,52.7032],[-0.8002,52.7078],[-0.8218,52.7157],[-0.8174,52.7251],[-0.8012,52.7367],[-0.7808,52.7406],[-0.7765,52.7439],[-0.7677,52.7437],[-0.7647,52.7392],[-0.758,52.7397],[-0.7534,52.7366],[-0.7202,52.7409],[-0.7182,52.7448],[-0.6963,52.7465],[-0.697,52.7492],[-0.6844,52.7531],[-0.6844,52.7565],[-0.6714,52.7564],[-0.6641,52.7567]]]}},{"type":"Feature","properties":{"areacd":"E06000018","areanm":"Nottingham"},"geometry":{"type":"Polygon","coordinates":[[[-1.1827,53.0185],[-1.1845,53.0144],[-1.1677,53.0143],[-1.1669,53.0106],[-1.1435,53.0065],[-1.1524,52.9966],[-1.1461,52.9984],[-1.1383,52.9948],[-1.1425,52.9863],[-1.1312,52.9861],[-1.1264,52.9848],[-1.1201,52.9721],[-1.1151,52.9648],[-1.1041,52.9641],[-1.0965,52.9554],[-1.0862,52.9485],[-1.0996,52.942],[-1.1151,52.9439],[-1.1317,52.9428],[-1.1393,52.9332],[-1.1464,52.9322],[-1.1522,52.937],[-1.1589,52.9128],[-1.1586,52.9],[-1.1663,52.8989],[-1.1769,52.889],[-1.2113,52.9026],[-1.2166,52.9001],[-1.214,52.9044],[-1.2105,52.9123],[-1.199,52.9095],[-1.1934,52.9124],[-1.1824,52.9173],[-1.1958,52.9278],[-1.2031,52.9323],[-1.2051,52.9334],[-1.2153,52.934],[-1.2171,52.9389],[-1.2242,52.9424],[-1.2324,52.942],[-1.2451,52.9504],[-1.2468,52.9531],[-1.2408,52.963],[-1.2321,52.9676],[-1.2468,52.9845],[-1.2261,52.9812],[-1.2225,52.986],[-1.2151,52.9831],[-1.2037,52.987],[-1.2037,52.9871],[-1.2192,52.9915],[-1.214,52.9974],[-1.2206,53.0034],[-1.2187,53.0065],[-1.2253,53.0081],[-1.2129,53.0127],[-1.2099,53.0181],[-1.1953,53.0154],[-1.1877,53.0179],[-1.1845,53.0164],[-1.1827,53.0185]]]}},{"type":"Feature","properties":{"areacd":"E06000019","areanm":"Herefordshire, County of"},"geometry":{"type":"Polygon","coordinates":[[[-2.6503,51.8261],[-2.6569,51.8269],[-2.6582,51.8327],[-2.6661,51.8356],[-2.6829,51.8385],[-2.687,51.8331],[-2.6934,51.8339],[-2.6973,51.8448],[-2.7051,51.8457],[-2.7102,51.8391],[-2.7161,51.8407],[-2.7196,51.8489],[-2.7276,51.8401],[-2.7315,51.8414],[-2.7389,51.8366],[-2.741,51.8425],[-2.7568,51.8459],[-2.7694,51.8624],[-2.7789,51.8659],[-2.7728,51.8768],[-2.7684,51.8805],[-2.797,51.8884],[-2.8087,51.8962],[-2.8238,51.9053],[-2.8361,51.906],[-2.842,51.9178],[-2.8451,51.9152],[-2.8535,51.9158],[-2.854,51.9133],[-2.8619,51.914],[-2.8632,51.9172],[-2.8451,51.9221],[-2.8593,51.9277],[-2.8698,51.9268],[-2.8753,51.9331],[-2.8824,51.9344],[-2.8887,51.9335],[-2.8869,51.9282],[-2.8924,51.9254],[-2.904,51.9252],[-2.9162,51.9177],[-2.9279,51.9139],[-2.9339,51.915],[-2.9526,51.9062],[-2.9718,51.905],[-2.9768,51.9275],[-2.9992,51.9235],[-3.0081,51.9271],[-3.0085,51.9381],[-3.0259,51.9573],[-3.0353,51.9597],[-3.0396,51.9665],[-3.0675,51.9831],[-3.0841,52.0041],[-3.0869,52.0139],[-3.0992,52.0227],[-3.0864,52.0411],[-3.0928,52.0475],[-3.0908,52.0508],[-3.1164,52.0658],[-3.1183,52.0702],[-3.1258,52.0783],[-3.1189,52.0887],[-3.1227,52.1032],[-3.1056,52.1054],[-3.105,52.1167],[-3.1282,52.1246],[-3.1369,52.1233],[-3.1412,52.1299],[-3.1341,52.1336],[-3.1358,52.1379],[-3.0937,52.1443],[-3.0725,52.1558],[-3.0744,52.16],[-3.084,52.1632],[-3.0989,52.1547],[-3.1169,52.1604],[-3.1219,52.1669],[-3.1125,52.1702],[-3.1125,52.1736],[-3.1014,52.1773],[-3.0946,52.1837],[-3.1021,52.2027],[-3.0721,52.2131],[-3.078,52.216],[-3.0704,52.2292],[-3.0731,52.2358],[-3.0551,52.2376],[-3.0441,52.2379],[-3.0437,52.2455],[-3.0499,52.245],[-3.0453,52.2468],[-3.0456,52.2531],[-3.0267,52.258],[-3.0055,52.2643],[-2.9899,52.2605],[-2.9786,52.2624],[-2.9775,52.2598],[-2.9649,52.2624],[-2.965,52.2681],[-2.9559,52.2709],[-2.9497,52.2695],[-2.9649,52.2743],[-2.9927,52.2728],[-2.996,52.2758],[-3.0118,52.2775],[-3.012,52.2881],[-3.0056,52.2906],[-3.0011,52.3007],[-3.0015,52.3202],[-2.997,52.3245],[-2.986,52.3235],[-2.9668,52.3294],[-2.9547,52.3491],[-2.9332,52.35],[-2.9362,52.3529],[-2.9307,52.355],[-2.9389,52.361],[-2.9261,52.367],[-2.9008,52.3673],[-2.9223,52.3751],[-2.914,52.3821],[-2.9195,52.3845],[-2.9177,52.3863],[-2.9053,52.3858],[-2.8932,52.3796],[-2.8932,52.3741],[-2.8865,52.3785],[-2.8885,52.3851],[-2.8638,52.3887],[-2.8554,52.3953],[-2.8054,52.3882],[-2.8074,52.376],[-2.7987,52.3726],[-2.792,52.3745],[-2.7957,52.3604],[-2.7925,52.3569],[-2.7615,52.3595],[-2.7486,52.359],[-2.7328,52.3555],[-2.7412,52.3497],[-2.7378,52.3428],[-2.7484,52.3349],[-2.767,52.3361],[-2.7652,52.3334],[-2.746,52.3266],[-2.7373,52.3195],[-2.7247,52.3198],[-2.7141,52.3088],[-2.6798,52.312],[-2.6799,52.3152],[-2.6893,52.3162],[-2.6698,52.3415],[-2.6603,52.3414],[-2.656,52.3378],[-2.6599,52.3347],[-2.6556,52.3331],[-2.6411,52.3328],[-2.6369,52.3245],[-2.6293,52.3207],[-2.624,52.3214],[-2.6282,52.3134],[-2.618,52.3069],[-2.6324,52.3056],[-2.6363,52.3089],[-2.6632,52.3039],[-2.6524,52.2952],[-2.6443,52.2937],[-2.6399,52.2864],[-2.6263,52.2889],[-2.6185,52.2822],[-2.6127,52.2867],[-2.599,52.2835],[-2.5964,52.2766],[-2.6067,52.2757],[-2.6144,52.2657],[-2.6283,52.2612],[-2.6343,52.2507],[-2.6289,52.2403],[-2.5964,52.2442],[-2.5854,52.2483],[-2.5762,52.2477],[-2.5741,52.2527],[-2.5675,52.2501],[-2.5531,52.2525],[-2.5481,52.2497],[-2.5317,52.2533],[-2.5257,52.2481],[-2.5226,52.251],[-2.5155,52.256],[-2.4957,52.2569],[-2.4936,52.264],[-2.5044,52.2745],[-2.5031,52.2774],[-2.492,52.2782],[-2.4834,52.2844],[-2.4514,52.2851],[-2.4279,52.2706],[-2.4681,52.256],[-2.4737,52.2507],[-2.4747,52.2413],[-2.4649,52.2344],[-2.4232,52.2372],[-2.4142,52.2317],[-2.3933,52.231],[-2.3859,52.2264],[-2.3865,52.2222],[-2.3965,52.2248],[-2.3977,52.2217],[-2.404,52.2212],[-2.4016,52.2154],[-2.3929,52.2103],[-2.3961,52.2057],[-2.4027,52.2071],[-2.4006,52.2017],[-2.4079,52.2027],[-2.4087,52.1964],[-2.4191,52.188],[-2.415,52.1833],[-2.4255,52.177],[-2.422,52.1724],[-2.433,52.172],[-2.4352,52.1682],[-2.4152,52.1452],[-2.4003,52.1482],[-2.394,52.1467],[-2.3793,52.1551],[-2.3652,52.151],[-2.3587,52.1519],[-2.3512,52.1418],[-2.3446,52.1326],[-2.3556,52.1282],[-2.3545,52.1194],[-2.3491,52.0956],[-2.3383,52.0954],[-2.3394,52.0689],[-2.3516,52.0564],[-2.3485,52.0489],[-2.3507,52.03],[-2.3514,52.0213],[-2.3869,52.0122],[-2.3929,52.0129],[-2.399,51.9961],[-2.421,51.9942],[-2.4374,51.9972],[-2.4336,52.0079],[-2.4361,52.0146],[-2.4634,52.0144],[-2.4626,52.0219],[-2.4662,52.0237],[-2.4789,52.0225],[-2.4804,52.0161],[-2.4913,52.0105],[-2.4855,52.0003],[-2.4776,52.0001],[-2.471,51.9948],[-2.4886,51.9874],[-2.4949,51.9811],[-2.4923,51.9641],[-2.4989,51.9637],[-2.501,51.9606],[-2.4902,51.955],[-2.486,51.9574],[-2.4737,51.9565],[-2.4655,51.9517],[-2.4634,51.9393],[-2.4679,51.9374],[-2.466,51.928],[-2.4463,51.9151],[-2.4403,51.9024],[-2.4455,51.9005],[-2.4392,51.8995],[-2.4461,51.894],[-2.4652,51.893],[-2.4734,51.8855],[-2.4807,51.8857],[-2.4868,51.8847],[-2.4878,51.8804],[-2.4939,51.88],[-2.4947,51.8842],[-2.5002,51.8817],[-2.5018,51.8863],[-2.5086,51.8852],[-2.5223,51.8647],[-2.5273,51.8629],[-2.5341,51.8604],[-2.5618,51.8643],[-2.5849,51.8602],[-2.5788,51.8532],[-2.5821,51.8497],[-2.5985,51.8565],[-2.6064,51.852],[-2.6093,51.8468],[-2.6217,51.8433],[-2.6256,51.839],[-2.6367,51.8431],[-2.6363,51.8395],[-2.6503,51.8261]]]}},{"type":"Feature","properties":{"areacd":"E06000020","areanm":"Telford and Wrekin"},"geometry":{"type":"Polygon","coordinates":[[[-2.4164,52.827],[-2.3777,52.8116],[-2.3714,52.7953],[-2.3807,52.7947],[-2.3809,52.7911],[-2.3856,52.7907],[-2.3764,52.7838],[-2.3659,52.7832],[-2.3688,52.7773],[-2.3575,52.7722],[-2.3301,52.758],[-2.3304,52.7516],[-2.3216,52.7499],[-2.3122,52.7409],[-2.3167,52.738],[-2.3157,52.7329],[-2.3301,52.7294],[-2.3359,52.7303],[-2.3364,52.733],[-2.358,52.7312],[-2.3672,52.7331],[-2.3719,52.7385],[-2.3688,52.7404],[-2.3751,52.7408],[-2.3852,52.7201],[-2.4024,52.7039],[-2.4016,52.6949],[-2.4052,52.6949],[-2.4011,52.6845],[-2.4078,52.6796],[-2.4079,52.679],[-2.419,52.6629],[-2.4177,52.6503],[-2.4165,52.6449],[-2.4182,52.6338],[-2.4366,52.6271],[-2.434,52.6182],[-2.4379,52.6146],[-2.451,52.617],[-2.4646,52.6238],[-2.4818,52.6235],[-2.5013,52.6294],[-2.5101,52.6384],[-2.5301,52.6495],[-2.5485,52.6547],[-2.5454,52.6584],[-2.5541,52.66],[-2.5494,52.6663],[-2.5557,52.6711],[-2.5886,52.6837],[-2.5967,52.6906],[-2.6033,52.6893],[-2.6127,52.6968],[-2.6227,52.699],[-2.6243,52.7034],[-2.6054,52.7068],[-2.5975,52.7182],[-2.6151,52.7189],[-2.6189,52.7219],[-2.6243,52.7195],[-2.6302,52.7262],[-2.6583,52.7307],[-2.6611,52.7342],[-2.6644,52.7383],[-2.6595,52.7435],[-2.6674,52.7502],[-2.6619,52.7506],[-2.6634,52.7604],[-2.6431,52.7671],[-2.6322,52.7596],[-2.6211,52.7765],[-2.5922,52.7768],[-2.5925,52.7935],[-2.598,52.798],[-2.5918,52.7985],[-2.5812,52.806],[-2.5693,52.8051],[-2.5705,52.803],[-2.5612,52.799],[-2.5528,52.8029],[-2.5399,52.7938],[-2.5339,52.7941],[-2.5375,52.7851],[-2.5294,52.7871],[-2.522,52.7989],[-2.516,52.7955],[-2.5117,52.7985],[-2.503,52.7966],[-2.4924,52.8023],[-2.4865,52.8052],[-2.4884,52.8004],[-2.4785,52.8015],[-2.4771,52.7994],[-2.49,52.7839],[-2.4882,52.7806],[-2.4726,52.7804],[-2.471,52.7843],[-2.4576,52.7834],[-2.4582,52.79],[-2.4634,52.7927],[-2.4576,52.7985],[-2.4729,52.8207],[-2.4691,52.823],[-2.4405,52.8208],[-2.4303,52.8281],[-2.4263,52.8225],[-2.4265,52.8259],[-2.4261,52.8232],[-2.4164,52.827]]]}},{"type":"Feature","properties":{"areacd":"E06000021","areanm":"Stoke-on-Trent"},"geometry":{"type":"Polygon","coordinates":[[[-2.1812,53.0898],[-2.1776,53.0912],[-2.1673,53.0832],[-2.1611,53.0701],[-2.1399,53.0682],[-2.1392,53.0652],[-2.1254,53.0646],[-2.1275,53.0537],[-2.1166,53.048],[-2.1293,53.0482],[-2.129,53.0436],[-2.1264,53.0401],[-2.1292,53.0356],[-2.1188,53.0264],[-2.1237,53.0216],[-2.1209,53.0203],[-2.115,53.0139],[-2.1035,53.0108],[-2.1079,53.0026],[-2.1014,52.9956],[-2.0901,52.9982],[-2.0901,52.9902],[-2.0918,52.9853],[-2.0795,52.974],[-2.0841,52.975],[-2.088,52.9738],[-2.0812,52.9669],[-2.1001,52.9607],[-2.103,52.9634],[-2.1088,52.9623],[-2.1102,52.9578],[-2.1217,52.9561],[-2.1282,52.9664],[-2.1314,52.9715],[-2.1457,52.9761],[-2.1515,52.9712],[-2.1498,52.9653],[-2.1595,52.9636],[-2.1627,52.9533],[-2.1711,52.9517],[-2.1722,52.9549],[-2.1769,52.9537],[-2.1745,52.9472],[-2.1816,52.9462],[-2.186,52.951],[-2.1913,52.9501],[-2.1954,52.9642],[-2.2071,52.9718],[-2.2125,52.9806],[-2.2042,52.9814],[-2.2103,52.9848],[-2.2171,53.0016],[-2.216,53.0024],[-2.2121,53.0069],[-2.2155,53.0153],[-2.2026,53.02],[-2.2057,53.0258],[-2.2083,53.0344],[-2.2115,53.0377],[-2.215,53.0404],[-2.2221,53.0499],[-2.2279,53.0637],[-2.2341,53.0644],[-2.2389,53.0733],[-2.2158,53.0853],[-2.2147,53.0855],[-2.2013,53.0867],[-2.1986,53.0927],[-2.1812,53.0898]]]}},{"type":"Feature","properties":{"areacd":"E06000022","areanm":"Bath and North East Somerset"},"geometry":{"type":"Polygon","coordinates":[[[-2.2946,51.4288],[-2.2954,51.4263],[-2.2847,51.4234],[-2.2786,51.4159],[-2.2909,51.4057],[-2.2818,51.3972],[-2.2968,51.3949],[-2.2975,51.3849],[-2.2903,51.3726],[-2.2965,51.3643],[-2.3002,51.3621],[-2.3075,51.365],[-2.3104,51.3619],[-2.3102,51.3575],[-2.323,51.3567],[-2.3374,51.3514],[-2.3443,51.3454],[-2.3241,51.3478],[-2.3086,51.3398],[-2.2964,51.3427],[-2.2944,51.3373],[-2.3009,51.3332],[-2.2884,51.3298],[-2.2891,51.3253],[-2.3248,51.3136],[-2.3325,51.3084],[-2.3416,51.3097],[-2.3629,51.3029],[-2.3816,51.3001],[-2.3895,51.2946],[-2.4008,51.3048],[-2.4203,51.2966],[-2.4174,51.2921],[-2.4221,51.2875],[-2.439,51.2852],[-2.4461,51.2808],[-2.4443,51.2774],[-2.4524,51.2771],[-2.4517,51.2743],[-2.4559,51.2737],[-2.4739,51.278],[-2.4781,51.2731],[-2.5065,51.279],[-2.4965,51.2875],[-2.4968,51.2905],[-2.5081,51.2915],[-2.5281,51.2932],[-2.5499,51.3005],[-2.5541,51.2987],[-2.5528,51.3013],[-2.5578,51.3027],[-2.5822,51.2919],[-2.5954,51.2962],[-2.5948,51.2924],[-2.6004,51.289],[-2.613,51.2842],[-2.6247,51.2854],[-2.625,51.2825],[-2.6383,51.2883],[-2.6387,51.2948],[-2.6558,51.3013],[-2.6669,51.3024],[-2.6625,51.3066],[-2.6705,51.3112],[-2.695,51.3181],[-2.6871,51.3304],[-2.7079,51.3378],[-2.7041,51.3435],[-2.695,51.3444],[-2.6905,51.3495],[-2.6909,51.3569],[-2.6967,51.3624],[-2.6942,51.3799],[-2.6896,51.3802],[-2.6798,51.3601],[-2.6687,51.3608],[-2.6731,51.3538],[-2.678,51.3535],[-2.6766,51.3476],[-2.6711,51.3466],[-2.6742,51.3435],[-2.677,51.3457],[-2.6766,51.342],[-2.6611,51.3416],[-2.6512,51.345],[-2.6499,51.369],[-2.6444,51.3751],[-2.6396,51.3757],[-2.6386,51.3732],[-2.6301,51.3752],[-2.6348,51.3779],[-2.6273,51.3805],[-2.6318,51.3832],[-2.627,51.3871],[-2.6189,51.3815],[-2.6125,51.3818],[-2.6227,51.3894],[-2.615,51.3913],[-2.6146,51.3887],[-2.6077,51.3908],[-2.6031,51.3888],[-2.6034,51.394],[-2.5873,51.3951],[-2.5901,51.3975],[-2.582,51.4009],[-2.5708,51.3994],[-2.5676,51.4033],[-2.5588,51.4112],[-2.5433,51.4074],[-2.5344,51.4139],[-2.5339,51.4182],[-2.5294,51.4213],[-2.5312,51.4233],[-2.5231,51.4261],[-2.526,51.4345],[-2.5236,51.4326],[-2.5133,51.4299],[-2.5105,51.4288],[-2.5081,51.4246],[-2.4943,51.4294],[-2.4884,51.4265],[-2.4928,51.4183],[-2.481,51.4216],[-2.4697,51.4159],[-2.4608,51.4167],[-2.4459,51.4185],[-2.4416,51.4193],[-2.444,51.4226],[-2.4111,51.4261],[-2.4032,51.4316],[-2.3772,51.4328],[-2.3672,51.4371],[-2.3577,51.4358],[-2.3433,51.4395],[-2.3249,51.437],[-2.3139,51.4289],[-2.3126,51.4224],[-2.2946,51.4288]]]}},{"type":"Feature","properties":{"areacd":"E06000023","areanm":"Bristol, City of"},"geometry":{"type":"MultiPolygon","coordinates":[[[[-2.5901,51.3975],[-2.598,51.4001],[-2.6104,51.4013],[-2.623,51.4039],[-2.6305,51.4021],[-2.6356,51.407],[-2.6288,51.416],[-2.6325,51.4203],[-2.6372,51.4232],[-2.634,51.4275],[-2.6301,51.4392],[-2.6399,51.4414],[-2.6331,51.4472],[-2.627,51.4467],[-2.6266,51.4499],[-2.625,51.4473],[-2.624,51.4467],[-2.6238,51.4471],[-2.6237,51.4474],[-2.6241,51.4495],[-2.6251,51.4503],[-2.6253,51.4505],[-2.6272,51.4548],[-2.6298,51.4576],[-2.6302,51.4589],[-2.6322,51.4665],[-2.6359,51.469],[-2.6447,51.4711],[-2.6496,51.4746],[-2.6508,51.4798],[-2.6483,51.4809],[-2.6514,51.4805],[-2.6571,51.4852],[-2.6574,51.4854],[-2.6595,51.4871],[-2.6629,51.4879],[-2.6663,51.4868],[-2.6706,51.4824],[-2.6771,51.4807],[-2.6834,51.4833],[-2.6979,51.4931],[-2.7184,51.5062],[-2.7137,51.5059],[-2.7181,51.5082],[-2.7141,51.5076],[-2.701,51.5168],[-2.7003,51.5173],[-2.6953,51.5225],[-2.6953,51.5225],[-2.6738,51.5444],[-2.6637,51.537],[-2.6645,51.5315],[-2.6514,51.5207],[-2.6545,51.5137],[-2.6472,51.5122],[-2.6309,51.5137],[-2.6024,51.5138],[-2.5809,51.5174],[-2.582,51.5146],[-2.5912,51.5097],[-2.5877,51.5035],[-2.588,51.5012],[-2.5712,51.4997],[-2.5673,51.4987],[-2.5649,51.4955],[-2.5547,51.4963],[-2.5553,51.4927],[-2.5515,51.4922],[-2.5343,51.4967],[-2.5275,51.4927],[-2.5159,51.4939],[-2.511,51.49],[-2.5168,51.4852],[-2.5152,51.4818],[-2.5152,51.4815],[-2.5111,51.4728],[-2.5128,51.4672],[-2.5121,51.4631],[-2.5188,51.4563],[-2.5185,51.4557],[-2.5223,51.4498],[-2.5356,51.4473],[-2.5381,51.4448],[-2.5268,51.4439],[-2.527,51.4362],[-2.526,51.4345],[-2.5231,51.4261],[-2.5312,51.4233],[-2.5294,51.4213],[-2.5339,51.4182],[-2.5344,51.4139],[-2.5433,51.4074],[-2.5588,51.4112],[-2.5676,51.4033],[-2.5708,51.3994],[-2.582,51.4009],[-2.5901,51.3975]]],[[[-2.649,51.4728],[-2.6511,51.4737],[-2.6527,51.4792],[-2.6589,51.4841],[-2.6628,51.4867],[-2.6682,51.4815],[-2.6682,51.4814],[-2.6761,51.4797],[-2.6848,51.4806],[-2.6899,51.4855],[-2.7186,51.5003],[-2.7176,51.5004],[-2.7002,51.4928],[-2.6837,51.482],[-2.679,51.4801],[-2.6741,51.4804],[-2.6682,51.4825],[-2.6628,51.487],[-2.6614,51.4866],[-2.6585,51.4844],[-2.6524,51.4794],[-2.6505,51.4739],[-2.649,51.4728]]],[[[-2.7731,51.4946],[-2.7739,51.4943],[-2.7736,51.4947],[-2.7731,51.4946]]]]}},{"type":"Feature","properties":{"areacd":"E06000024","areanm":"North Somerset"},"geometry":{"type":"MultiPolygon","coordinates":[[[[-2.5901,51.3975],[-2.5873,51.3951],[-2.6034,51.394],[-2.6031,51.3888],[-2.6077,51.3908],[-2.6146,51.3887],[-2.615,51.3913],[-2.6227,51.3894],[-2.6125,51.3818],[-2.6189,51.3815],[-2.627,51.3871],[-2.6318,51.3832],[-2.6273,51.3805],[-2.6348,51.3779],[-2.6301,51.3752],[-2.6386,51.3732],[-2.6396,51.3757],[-2.6444,51.3751],[-2.6499,51.369],[-2.6512,51.345],[-2.6611,51.3416],[-2.6766,51.342],[-2.677,51.3457],[-2.6742,51.3435],[-2.6711,51.3466],[-2.6766,51.3476],[-2.678,51.3535],[-2.6731,51.3538],[-2.6687,51.3608],[-2.6798,51.3601],[-2.6896,51.3802],[-2.6942,51.3799],[-2.6967,51.3624],[-2.6909,51.3569],[-2.6905,51.3495],[-2.695,51.3444],[-2.7041,51.3435],[-2.7079,51.3378],[-2.6871,51.3304],[-2.695,51.3181],[-2.6968,51.3161],[-2.7168,51.3168],[-2.7209,51.3215],[-2.7281,51.3172],[-2.7539,51.3198],[-2.7548,51.3246],[-2.7647,51.3226],[-2.8065,51.3262],[-2.8187,51.3264],[-2.818,51.3191],[-2.8078,51.3149],[-2.8074,51.3116],[-2.812,51.3107],[-2.8101,51.3014],[-2.8532,51.2995],[-2.868,51.3022],[-2.8771,51.3001],[-2.8849,51.3067],[-2.8971,51.2906],[-2.9132,51.2937],[-2.9363,51.303],[-2.9582,51.3047],[-2.9629,51.3045],[-2.9643,51.2979],[-2.9753,51.2963],[-2.9892,51.2988],[-2.9944,51.3026],[-2.9946,51.3056],[-2.9859,51.3077],[-2.9891,51.3083],[-2.9844,51.3119],[-2.9844,51.3123],[-2.9852,51.3214],[-2.9865,51.3151],[-2.9924,51.3205],[-2.9866,51.3349],[-2.9863,51.3357],[-2.9844,51.3401],[-2.9834,51.3503],[-2.9834,51.3507],[-2.9899,51.3511],[-2.9941,51.3572],[-2.9684,51.3633],[-2.9676,51.3641],[-2.9633,51.3698],[-2.9626,51.3823],[-2.9729,51.3882],[-2.9808,51.3884],[-2.9568,51.3921],[-2.9432,51.397],[-2.9392,51.3978],[-2.9368,51.3965],[-2.9392,51.391],[-2.9366,51.3928],[-2.9361,51.3933],[-2.9307,51.3897],[-2.9358,51.395],[-2.9174,51.3959],[-2.8974,51.3893],[-2.8904,51.3882],[-2.8979,51.3903],[-2.8984,51.391],[-2.8993,51.3923],[-2.8958,51.3927],[-2.903,51.3923],[-2.9052,51.3929],[-2.913,51.396],[-2.8882,51.4148],[-2.8866,51.4126],[-2.8829,51.4256],[-2.8743,51.4288],[-2.8765,51.43],[-2.8793,51.4317],[-2.8672,51.4366],[-2.8646,51.4394],[-2.8638,51.4403],[-2.8554,51.4495],[-2.8458,51.4569],[-2.8178,51.473],[-2.8172,51.4733],[-2.8057,51.4814],[-2.7975,51.486],[-2.7844,51.4883],[-2.7783,51.4895],[-2.7739,51.4943],[-2.7731,51.4946],[-2.7578,51.4941],[-2.7568,51.4926],[-2.7512,51.493],[-2.7342,51.4939],[-2.7273,51.4984],[-2.7302,51.5019],[-2.7274,51.4997],[-2.7186,51.5003],[-2.6899,51.4855],[-2.6848,51.4806],[-2.6761,51.4797],[-2.6682,51.4814],[-2.6682,51.4815],[-2.6628,51.4867],[-2.6589,51.4841],[-2.6527,51.4792],[-2.6511,51.4737],[-2.649,51.4728],[-2.6458,51.4705],[-2.6343,51.4668],[-2.6327,51.4627],[-2.6318,51.4598],[-2.6316,51.4592],[-2.6318,51.4577],[-2.6285,51.4529],[-2.6266,51.4499],[-2.627,51.4467],[-2.6331,51.4472],[-2.6399,51.4414],[-2.6301,51.4392],[-2.634,51.4275],[-2.6372,51.4232],[-2.6325,51.4203],[-2.6288,51.416],[-2.6356,51.407],[-2.6305,51.4021],[-2.623,51.4039],[-2.6104,51.4013],[-2.598,51.4001],[-2.5901,51.3975]]],[[[-3.106,51.3414],[-3.1043,51.3388],[-3.1151,51.3396],[-3.106,51.3414]]]]}},{"type":"Feature","properties":{"areacd":"E06000025","areanm":"South Gloucestershire"},"geometry":{"type":"Polygon","coordinates":[[[-2.6738,51.5444],[-2.664,51.5732],[-2.6566,51.5744],[-2.638,51.5918],[-2.6374,51.5923],[-2.6277,51.6056],[-2.599,51.6178],[-2.5962,51.6165],[-2.5977,51.6186],[-2.5851,51.626],[-2.5806,51.6331],[-2.5793,51.6327],[-2.5667,51.6291],[-2.5793,51.6339],[-2.5802,51.6342],[-2.5793,51.6361],[-2.574,51.6487],[-2.5583,51.6664],[-2.5347,51.6772],[-2.5324,51.6781],[-2.5089,51.666],[-2.4897,51.664],[-2.493,51.6519],[-2.485,51.6484],[-2.4907,51.6448],[-2.4856,51.6451],[-2.4702,51.6475],[-2.4604,51.6526],[-2.4458,51.6493],[-2.443,51.6525],[-2.4308,51.6466],[-2.4072,51.6412],[-2.3988,51.6458],[-2.3948,51.6421],[-2.3971,51.6396],[-2.3861,51.6399],[-2.3882,51.6372],[-2.4006,51.6351],[-2.389,51.6275],[-2.3951,51.6049],[-2.3964,51.6001],[-2.3907,51.5971],[-2.3706,51.5976],[-2.3656,51.6037],[-2.3527,51.5967],[-2.3441,51.5965],[-2.3441,51.5942],[-2.3354,51.5943],[-2.3342,51.5966],[-2.3312,51.5916],[-2.3199,51.5939],[-2.3167,51.5898],[-2.3083,51.5929],[-2.3002,51.5915],[-2.2965,51.595],[-2.2916,51.5937],[-2.2941,51.5886],[-2.2835,51.585],[-2.2873,51.5832],[-2.2809,51.5813],[-2.2828,51.5785],[-2.2765,51.5799],[-2.2726,51.5776],[-2.2739,51.5724],[-2.2603,51.5699],[-2.2686,51.5597],[-2.2684,51.5497],[-2.2618,51.5447],[-2.2665,51.5363],[-2.2523,51.5269],[-2.2636,51.5186],[-2.2799,51.5162],[-2.2964,51.5097],[-2.2975,51.5062],[-2.3243,51.4975],[-2.3115,51.4874],[-2.2906,51.4869],[-2.2889,51.4782],[-2.2957,51.4586],[-2.2852,51.4579],[-2.2946,51.4288],[-2.3126,51.4224],[-2.3139,51.4289],[-2.3249,51.437],[-2.3433,51.4395],[-2.3577,51.4358],[-2.3672,51.4371],[-2.3772,51.4328],[-2.4032,51.4316],[-2.4111,51.4261],[-2.444,51.4226],[-2.4416,51.4193],[-2.4459,51.4185],[-2.4608,51.4167],[-2.4697,51.4159],[-2.481,51.4216],[-2.4928,51.4183],[-2.4884,51.4265],[-2.4943,51.4294],[-2.5081,51.4246],[-2.5105,51.4288],[-2.5133,51.4299],[-2.5236,51.4326],[-2.526,51.4345],[-2.527,51.4362],[-2.5268,51.4439],[-2.5381,51.4448],[-2.5356,51.4473],[-2.5223,51.4498],[-2.5185,51.4557],[-2.5188,51.4563],[-2.5121,51.4631],[-2.5128,51.4672],[-2.5111,51.4728],[-2.5152,51.4815],[-2.5152,51.4818],[-2.5168,51.4852],[-2.511,51.49],[-2.5159,51.4939],[-2.5275,51.4927],[-2.5343,51.4967],[-2.5515,51.4922],[-2.5553,51.4927],[-2.5547,51.4963],[-2.5649,51.4955],[-2.5673,51.4987],[-2.5712,51.4997],[-2.588,51.5012],[-2.5877,51.5035],[-2.5912,51.5097],[-2.582,51.5146],[-2.5809,51.5174],[-2.6024,51.5138],[-2.6309,51.5137],[-2.6472,51.5122],[-2.6545,51.5137],[-2.6514,51.5207],[-2.6645,51.5315],[-2.6637,51.537],[-2.6738,51.5444]]]}},{"type":"Feature","properties":{"areacd":"E06000026","areanm":"Plymouth"},"geometry":{"type":"MultiPolygon","coordinates":[[[[-4.1634,50.4275],[-4.1652,50.43],[-4.1558,50.4364],[-4.1511,50.4366],[-4.1466,50.4311],[-4.1355,50.4329],[-4.125,50.4357],[-4.1227,50.4408],[-4.1135,50.4442],[-4.1087,50.4383],[-4.1067,50.4349],[-4.1095,50.4321],[-4.0943,50.4278],[-4.0847,50.4258],[-4.0812,50.4208],[-4.0789,50.4097],[-4.0725,50.4072],[-4.0715,50.4019],[-4.0396,50.4014],[-4.0417,50.3976],[-4.0304,50.3971],[-4.028,50.3933],[-4.0211,50.3918],[-4.0196,50.3875],[-4.0253,50.3818],[-4.035,50.3772],[-4.0502,50.3766],[-4.0551,50.3683],[-4.0502,50.3581],[-4.0577,50.3583],[-4.058,50.3561],[-4.0717,50.3535],[-4.0906,50.3409],[-4.1045,50.3457],[-4.1145,50.3444],[-4.1229,50.3468],[-4.1258,50.357],[-4.1271,50.3574],[-4.1274,50.3579],[-4.1337,50.359],[-4.1351,50.3594],[-4.1351,50.3595],[-4.1282,50.3607],[-4.1203,50.3579],[-4.1161,50.3604],[-4.1135,50.3542],[-4.1053,50.3566],[-4.1011,50.3548],[-4.1064,50.3586],[-4.1119,50.3572],[-4.1122,50.3595],[-4.1087,50.3666],[-4.1015,50.366],[-4.1082,50.3679],[-4.0993,50.3797],[-4.0832,50.3867],[-4.0851,50.3898],[-4.0854,50.3906],[-4.0857,50.3903],[-4.084,50.3867],[-4.0888,50.3882],[-4.1043,50.3799],[-4.114,50.3625],[-4.1205,50.3614],[-4.1256,50.3654],[-4.1299,50.3643],[-4.1316,50.3696],[-4.1357,50.3682],[-4.1358,50.3681],[-4.1335,50.3633],[-4.1461,50.3639],[-4.1515,50.3624],[-4.1528,50.3623],[-4.1532,50.366],[-4.1571,50.3612],[-4.1642,50.359],[-4.1644,50.359],[-4.1671,50.36],[-4.1657,50.3613],[-4.1626,50.3636],[-4.1663,50.3667],[-4.1663,50.3668],[-4.1666,50.3665],[-4.1666,50.3666],[-4.1684,50.3641],[-4.1854,50.3672],[-4.1821,50.3693],[-4.1852,50.3689],[-4.1842,50.3768],[-4.1852,50.3786],[-4.1852,50.3801],[-4.1865,50.3817],[-4.1842,50.3844],[-4.1881,50.3838],[-4.1926,50.3901],[-4.1851,50.393],[-4.1831,50.3961],[-4.1913,50.3924],[-4.1945,50.3921],[-4.2026,50.3964],[-4.2028,50.3964],[-4.2048,50.3988],[-4.2042,50.4005],[-4.2031,50.4014],[-4.2005,50.4079],[-4.2005,50.408],[-4.195,50.4191],[-4.1922,50.4247],[-4.1863,50.4237],[-4.1847,50.42],[-4.1858,50.4236],[-4.179,50.4235],[-4.1767,50.4222],[-4.171,50.4226],[-4.1658,50.4199],[-4.1697,50.4222],[-4.1689,50.4228],[-4.1629,50.4274],[-4.1634,50.4275]]],[[[-4.1374,50.3336],[-4.1416,50.3331],[-4.155,50.3342],[-4.1374,50.3336]]],[[[-4.1547,50.3561],[-4.1516,50.3548],[-4.1548,50.3552],[-4.155,50.3556],[-4.1547,50.3561]]]]}},{"type":"Feature","properties":{"areacd":"E06000027","areanm":"Torbay"},"geometry":{"type":"Polygon","coordinates":[[[-3.5091,50.5166],[-3.5092,50.5166],[-3.5152,50.4961],[-3.5136,50.4882],[-3.5144,50.4826],[-3.5149,50.4817],[-3.5054,50.4789],[-3.501,50.4771],[-3.4973,50.4759],[-3.5011,50.4719],[-3.492,50.4705],[-3.4889,50.4638],[-3.4808,50.464],[-3.4834,50.4604],[-3.4912,50.4582],[-3.5041,50.4596],[-3.516,50.4538],[-3.5233,50.4574],[-3.5289,50.4572],[-3.524,50.461],[-3.5304,50.4611],[-3.5291,50.4577],[-3.5321,50.462],[-3.5336,50.4631],[-3.5402,50.4605],[-3.5447,50.4528],[-3.5464,50.452],[-3.5525,50.4496],[-3.5533,50.4493],[-3.5577,50.4401],[-3.5577,50.44],[-3.5591,50.4331],[-3.5535,50.4295],[-3.5533,50.4293],[-3.5544,50.4289],[-3.5585,50.4278],[-3.5591,50.4277],[-3.5569,50.4163],[-3.5567,50.4162],[-3.5538,50.4058],[-3.5515,50.4061],[-3.5451,50.4025],[-3.5447,50.4021],[-3.5301,50.405],[-3.5228,50.4023],[-3.5227,50.4023],[-3.516,50.4003],[-3.5115,50.3966],[-3.5052,50.4],[-3.5125,50.4054],[-3.504,50.3999],[-3.4824,50.4001],[-3.4927,50.3915],[-3.5012,50.3897],[-3.5014,50.3896],[-3.5031,50.3846],[-3.496,50.3815],[-3.5078,50.3793],[-3.5083,50.3789],[-3.5365,50.376],[-3.5441,50.3735],[-3.5562,50.3787],[-3.5646,50.3922],[-3.5748,50.3942],[-3.5735,50.4022],[-3.5789,50.4042],[-3.5798,50.4102],[-3.599,50.4093],[-3.6132,50.4145],[-3.614,50.4228],[-3.6238,50.4227],[-3.628,50.426],[-3.6251,50.4413],[-3.6128,50.447],[-3.5886,50.4506],[-3.587,50.457],[-3.5915,50.4597],[-3.5828,50.469],[-3.5843,50.4777],[-3.5843,50.478],[-3.5698,50.4907],[-3.5648,50.487],[-3.5611,50.4945],[-3.5436,50.4975],[-3.5391,50.5045],[-3.5299,50.5046],[-3.5199,50.5111],[-3.5209,50.5177],[-3.5091,50.5166]]]}},{"type":"Feature","properties":{"areacd":"E06000030","areanm":"Swindon"},"geometry":{"type":"Polygon","coordinates":[[[-1.7886,51.667],[-1.777,51.6694],[-1.7703,51.668],[-1.7663,51.6627],[-1.7538,51.6622],[-1.7392,51.6674],[-1.7276,51.6672],[-1.7111,51.6718],[-1.7097,51.6817],[-1.6969,51.692],[-1.6831,51.6901],[-1.6966,51.6821],[-1.7002,51.6707],[-1.6906,51.6638],[-1.6885,51.6568],[-1.6919,51.6522],[-1.6863,51.6524],[-1.6757,51.6414],[-1.6632,51.6399],[-1.6601,51.635],[-1.6737,51.6228],[-1.667,51.6163],[-1.675,51.6117],[-1.6814,51.6136],[-1.6906,51.6054],[-1.6848,51.5903],[-1.6903,51.5844],[-1.6911,51.5835],[-1.6841,51.5729],[-1.6766,51.5694],[-1.6551,51.5765],[-1.6477,51.572],[-1.6341,51.5533],[-1.6138,51.5365],[-1.6028,51.5183],[-1.6235,51.5142],[-1.6285,51.5174],[-1.6343,51.5129],[-1.6677,51.5053],[-1.7192,51.5007],[-1.7157,51.4884],[-1.7747,51.4845],[-1.7744,51.4825],[-1.7932,51.4862],[-1.7978,51.4844],[-1.8131,51.4965],[-1.8135,51.507],[-1.8375,51.5008],[-1.8442,51.5138],[-1.8414,51.5157],[-1.847,51.5243],[-1.8422,51.5263],[-1.8438,51.5217],[-1.837,51.5109],[-1.8307,51.5111],[-1.8299,51.5137],[-1.8443,51.5431],[-1.8538,51.5463],[-1.8496,51.5536],[-1.8651,51.5595],[-1.8601,51.5652],[-1.8452,51.5617],[-1.8501,51.5681],[-1.8443,51.5702],[-1.8432,51.5787],[-1.8386,51.58],[-1.8307,51.5817],[-1.8262,51.5794],[-1.823,51.5835],[-1.8375,51.5872],[-1.8319,51.5967],[-1.8399,51.5999],[-1.8399,51.6072],[-1.8425,51.6121],[-1.839,51.6167],[-1.8202,51.6277],[-1.8144,51.6245],[-1.8064,51.6327],[-1.7886,51.6327],[-1.7991,51.6625],[-1.7918,51.6631],[-1.7886,51.667]]]}},{"type":"Feature","properties":{"areacd":"E06000031","areanm":"Peterborough"},"geometry":{"type":"Polygon","coordinates":[[[-0.4154,52.5787],[-0.4251,52.5824],[-0.469,52.5749],[-0.4788,52.5736],[-0.4788,52.5774],[-0.4917,52.5813],[-0.4976,52.5868],[-0.4907,52.5905],[-0.4855,52.6022],[-0.481,52.6028],[-0.4795,52.6144],[-0.4737,52.6144],[-0.471,52.6179],[-0.4735,52.6282],[-0.4861,52.6344],[-0.4888,52.6328],[-0.4947,52.6403],[-0.4843,52.6461],[-0.4753,52.645],[-0.4758,52.6487],[-0.4677,52.6499],[-0.453,52.6492],[-0.4506,52.6541],[-0.4175,52.6468],[-0.3628,52.6601],[-0.3594,52.66],[-0.34,52.666],[-0.3349,52.6748],[-0.31,52.6735],[-0.2792,52.666],[-0.2587,52.6516],[-0.2245,52.6654],[-0.2125,52.6667],[-0.2061,52.6681],[-0.193,52.6524],[-0.1801,52.6605],[-0.1411,52.6515],[-0.1395,52.6548],[-0.1023,52.6722],[-0.0879,52.6668],[-0.0746,52.6721],[-0.0655,52.672],[-0.0639,52.6752],[-0.0581,52.6741],[-0.0449,52.6692],[-0.0321,52.6653],[-0.0313,52.6615],[-0.0129,52.5942],[-0.1199,52.5774],[-0.187,52.5685],[-0.1817,52.5665],[-0.1899,52.5654],[-0.1885,52.5599],[-0.1979,52.5508],[-0.1911,52.5503],[-0.1856,52.5449],[-0.1879,52.5418],[-0.2003,52.5452],[-0.2028,52.5425],[-0.2143,52.5418],[-0.2177,52.5379],[-0.2231,52.5424],[-0.2351,52.5434],[-0.2367,52.5382],[-0.2316,52.5345],[-0.2383,52.5291],[-0.2431,52.5296],[-0.2448,52.523],[-0.2695,52.5204],[-0.2741,52.5189],[-0.2729,52.5128],[-0.2847,52.5061],[-0.2879,52.5087],[-0.2934,52.5069],[-0.2963,52.5143],[-0.3178,52.5343],[-0.3328,52.5465],[-0.326,52.5486],[-0.3236,52.5515],[-0.3273,52.5529],[-0.3373,52.5536],[-0.3486,52.5644],[-0.3674,52.5627],[-0.3758,52.5663],[-0.3884,52.5688],[-0.388,52.575],[-0.397,52.583],[-0.4088,52.5826],[-0.4154,52.5787]]]}},{"type":"Feature","properties":{"areacd":"E06000032","areanm":"Luton"},"geometry":{"type":"Polygon","coordinates":[[[-0.3857,51.9157],[-0.3784,51.9016],[-0.3739,51.8953],[-0.3652,51.8944],[-0.3546,51.8845],[-0.3499,51.8787],[-0.3549,51.874],[-0.3683,51.8731],[-0.3658,51.8708],[-0.3699,51.8681],[-0.3893,51.8716],[-0.3914,51.8701],[-0.4009,51.8686],[-0.4091,51.8615],[-0.4162,51.862],[-0.4143,51.859],[-0.4232,51.8547],[-0.4494,51.8783],[-0.4666,51.8882],[-0.484,51.8883],[-0.4849,51.8913],[-0.4998,51.8978],[-0.5059,51.9006],[-0.4942,51.9061],[-0.4916,51.9063],[-0.4821,51.909],[-0.4785,51.9173],[-0.4858,51.9227],[-0.4624,51.9236],[-0.4519,51.9247],[-0.4378,51.9277],[-0.4261,51.9267],[-0.4217,51.9257],[-0.4225,51.9205],[-0.4191,51.9123],[-0.4075,51.9107],[-0.4025,51.9097],[-0.4012,51.913],[-0.3857,51.9157]]]}},{"type":"Feature","properties":{"areacd":"E06000033","areanm":"Southend-on-Sea"},"geometry":{"type":"MultiPolygon","coordinates":[[[[0.8211,51.5406],[0.7878,51.5218],[0.7779,51.5226],[0.7765,51.5227],[0.7684,51.5254],[0.7682,51.5255],[0.7316,51.5302],[0.7308,51.5303],[0.7205,51.5326],[0.7184,51.5327],[0.6904,51.5351],[0.6879,51.5354],[0.6707,51.5381],[0.6406,51.5401],[0.6401,51.5402],[0.6272,51.538],[0.6249,51.5377],[0.624,51.5477],[0.6317,51.5576],[0.6355,51.5606],[0.632,51.5705],[0.6322,51.5707],[0.639,51.5768],[0.6439,51.5751],[0.6678,51.5722],[0.705,51.5671],[0.7184,51.5609],[0.7389,51.5593],[0.7521,51.5584],[0.7531,51.5549],[0.7698,51.5518],[0.7868,51.5529],[0.7868,51.5473],[0.7891,51.5424],[0.8108,51.5401],[0.8149,51.5437],[0.8191,51.5422],[0.8211,51.5406]]],[[[0.6251,51.5366],[0.64,51.5379],[0.6403,51.5379],[0.6465,51.5376],[0.6398,51.5335],[0.6398,51.5334],[0.6267,51.5322],[0.6254,51.5324],[0.6251,51.5366]]]]}},{"type":"Feature","properties":{"areacd":"E06000034","areanm":"Thurrock"},"geometry":{"type":"MultiPolygon","coordinates":[[[[0.4977,51.5385],[0.5008,51.5382],[0.506,51.5376],[0.5038,51.5367],[0.5074,51.5366],[0.5068,51.5313],[0.5177,51.5271],[0.5222,51.516],[0.5412,51.5126],[0.5313,51.5085],[0.5226,51.5079],[0.5187,51.5104],[0.5081,51.5052],[0.4942,51.5071],[0.4673,51.5037],[0.4609,51.507],[0.4558,51.5068],[0.4574,51.5054],[0.4576,51.5052],[0.4476,51.5002],[0.4437,51.5015],[0.4356,51.5001],[0.4311,51.5063],[0.4351,51.5002],[0.4356,51.5],[0.4432,51.5011],[0.4437,51.5011],[0.4456,51.4982],[0.4418,51.4935],[0.4402,51.4915],[0.434,51.4615],[0.3985,51.4537],[0.398,51.4536],[0.3817,51.4526],[0.3783,51.4566],[0.3788,51.4521],[0.3408,51.4523],[0.3282,51.4693],[0.328,51.4693],[0.3186,51.4741],[0.3052,51.4737],[0.3047,51.4735],[0.3024,51.4728],[0.2914,51.4695],[0.2814,51.4614],[0.2471,51.4727],[0.2276,51.4847],[0.2266,51.4853],[0.2119,51.4899],[0.2142,51.496],[0.23,51.4994],[0.2266,51.5066],[0.2418,51.508],[0.2371,51.5193],[0.2449,51.5188],[0.2407,51.5212],[0.2429,51.5244],[0.2458,51.5235],[0.2508,51.5288],[0.2539,51.5179],[0.2623,51.5179],[0.2666,51.523],[0.2653,51.5321],[0.3224,51.5405],[0.3314,51.54],[0.3338,51.5425],[0.3278,51.551],[0.3153,51.5578],[0.313,51.5658],[0.313,51.5659],[0.3438,51.5678],[0.3827,51.5658],[0.3918,51.5672],[0.3935,51.5577],[0.4174,51.5571],[0.4211,51.553],[0.4182,51.5508],[0.4248,51.5527],[0.4248,51.5481],[0.4303,51.546],[0.4311,51.5497],[0.4399,51.5451],[0.446,51.5512],[0.4524,51.5519],[0.4616,51.5537],[0.4667,51.5467],[0.4848,51.5479],[0.4918,51.5401],[0.4977,51.5385]]],[[[0.5147,51.5318],[0.5132,51.5319],[0.5079,51.5312],[0.5092,51.5355],[0.509,51.5361],[0.5147,51.5318]]],[[[0.5394,51.5172],[0.5319,51.5162],[0.5397,51.5185],[0.5394,51.5172]]],[[[0.5213,51.5214],[0.5244,51.5174],[0.5218,51.5187],[0.5213,51.5214]]]]}},{"type":"Feature","properties":{"areacd":"E06000035","areanm":"Medway"},"geometry":{"type":"MultiPolygon","coordinates":[[[[0.4593,51.4555],[0.4542,51.4635],[0.4583,51.466],[0.4676,51.4642],[0.4579,51.4669],[0.4687,51.4828],[0.4815,51.4872],[0.5305,51.4851],[0.5306,51.4851],[0.547,51.487],[0.5536,51.4849],[0.5545,51.4814],[0.5599,51.4847],[0.5745,51.4843],[0.5825,51.4796],[0.5858,51.4844],[0.591,51.4834],[0.6104,51.4794],[0.6152,51.4751],[0.6423,51.4791],[0.66,51.4777],[0.6697,51.475],[0.6713,51.4691],[0.6748,51.4681],[0.6748,51.468],[0.6835,51.4654],[0.6905,51.4593],[0.6871,51.4644],[0.674,51.4688],[0.6711,51.4722],[0.6861,51.4751],[0.7032,51.4713],[0.7204,51.4597],[0.7227,51.4538],[0.7231,51.4435],[0.7103,51.4348],[0.6755,51.4335],[0.6766,51.4388],[0.669,51.4437],[0.6721,51.4479],[0.6635,51.4436],[0.6622,51.4477],[0.6561,51.4492],[0.6451,51.4434],[0.6358,51.4462],[0.6287,51.4424],[0.6288,51.4378],[0.6196,51.4369],[0.618,51.4311],[0.6125,51.4296],[0.6101,51.4226],[0.6052,51.4206],[0.6138,51.423],[0.6183,51.4286],[0.6243,51.4239],[0.6109,51.4174],[0.5872,51.4163],[0.5767,51.4157],[0.5648,51.4112],[0.547,51.4121],[0.547,51.4121],[0.5323,51.4127],[0.5229,51.3998],[0.5163,51.401],[0.5231,51.398],[0.5189,51.387],[0.5071,51.3969],[0.5065,51.3966],[0.4997,51.3929],[0.4994,51.393],[0.4935,51.3936],[0.4961,51.3923],[0.4919,51.3917],[0.4897,51.3819],[0.4745,51.3778],[0.4748,51.3774],[0.4755,51.3765],[0.4768,51.3747],[0.4826,51.3767],[0.4821,51.3787],[0.4831,51.3768],[0.4889,51.3789],[0.4923,51.3823],[0.4926,51.3826],[0.5015,51.3915],[0.5018,51.3916],[0.5081,51.3942],[0.5086,51.3943],[0.5089,51.3938],[0.511,51.3858],[0.5225,51.3851],[0.5263,51.3968],[0.537,51.4102],[0.5481,51.4075],[0.5552,51.3991],[0.5587,51.3963],[0.5619,51.3979],[0.5609,51.3948],[0.582,51.3904],[0.5825,51.3903],[0.5857,51.3903],[0.5926,51.3903],[0.5946,51.3864],[0.597,51.3882],[0.6022,51.3906],[0.5971,51.3879],[0.5988,51.3847],[0.6164,51.3779],[0.6219,51.3828],[0.6193,51.3885],[0.6346,51.3891],[0.6348,51.3856],[0.6248,51.3811],[0.6225,51.376],[0.6251,51.3753],[0.6233,51.3692],[0.6349,51.3664],[0.6306,51.3609],[0.6109,51.3365],[0.6038,51.3363],[0.6014,51.3333],[0.5917,51.3338],[0.5846,51.3347],[0.5633,51.3387],[0.5441,51.3279],[0.5373,51.3339],[0.5329,51.3372],[0.5257,51.3347],[0.5193,51.3399],[0.5118,51.3409],[0.5031,51.3477],[0.5031,51.3547],[0.4989,51.3537],[0.4939,51.3527],[0.4796,51.3574],[0.4563,51.3688],[0.4493,51.3642],[0.4566,51.3521],[0.4486,51.348],[0.4541,51.3409],[0.4453,51.3419],[0.4186,51.3479],[0.4067,51.3478],[0.3999,51.3445],[0.4014,51.353],[0.4196,51.3756],[0.4248,51.3766],[0.4311,51.388],[0.4471,51.389],[0.4567,51.3943],[0.4518,51.3983],[0.4677,51.3985],[0.4682,51.4032],[0.4776,51.4072],[0.4751,51.4129],[0.4892,51.4153],[0.4912,51.4248],[0.4863,51.436],[0.4909,51.4387],[0.4879,51.4433],[0.4757,51.4468],[0.4668,51.4546],[0.4593,51.4555]]],[[[0.6146,51.4004],[0.6154,51.3954],[0.6114,51.3997],[0.6033,51.3938],[0.597,51.3961],[0.5951,51.4002],[0.6081,51.4015],[0.6146,51.4004]]],[[[0.5644,51.408],[0.5746,51.405],[0.5794,51.4069],[0.5825,51.4031],[0.5615,51.4022],[0.5644,51.408]]],[[[0.639,51.4213],[0.6385,51.4165],[0.6369,51.4197],[0.6298,51.4211],[0.6338,51.4238],[0.639,51.4213]]],[[[0.6581,51.4396],[0.6503,51.439],[0.654,51.4423],[0.6574,51.4416],[0.6529,51.4402],[0.6581,51.4396]]],[[[0.6585,51.4479],[0.6611,51.4437],[0.6555,51.4454],[0.6585,51.4479]]],[[[0.6178,51.4075],[0.6127,51.4061],[0.6084,51.4072],[0.6178,51.4075]]],[[[0.6382,51.4276],[0.633,51.427],[0.6367,51.4294],[0.6382,51.4276]]],[[[0.6032,51.4069],[0.597,51.406],[0.5964,51.4076],[0.6032,51.4069]]],[[[0.6085,51.4068],[0.6148,51.4049],[0.6093,51.4054],[0.6085,51.4068]]],[[[0.5888,51.3936],[0.589,51.3919],[0.5858,51.3922],[0.5888,51.3936]]],[[[0.6167,51.4063],[0.6156,51.4054],[0.6141,51.4063],[0.6167,51.4063]]]]}},{"type":"Feature","properties":{"areacd":"E06000036","areanm":"Bracknell Forest"},"geometry":{"type":"Polygon","coordinates":[[[-0.7755,51.332],[-0.7847,51.3382],[-0.7949,51.341],[-0.8015,51.3415],[-0.8141,51.3416],[-0.8191,51.3488],[-0.8281,51.3529],[-0.8374,51.3529],[-0.822,51.3662],[-0.8197,51.3672],[-0.8096,51.3709],[-0.7889,51.3718],[-0.7931,51.3846],[-0.7968,51.394],[-0.8007,51.4038],[-0.8018,51.4075],[-0.7925,51.4088],[-0.7967,51.4145],[-0.8,51.4412],[-0.7994,51.4461],[-0.7857,51.4578],[-0.7826,51.4687],[-0.7697,51.4678],[-0.7647,51.4597],[-0.7573,51.459],[-0.7528,51.4622],[-0.7408,51.4588],[-0.7245,51.4561],[-0.7144,51.4671],[-0.7057,51.4677],[-0.6889,51.467],[-0.6728,51.4578],[-0.665,51.4625],[-0.6567,51.4615],[-0.6582,51.4493],[-0.6619,51.4443],[-0.6538,51.4414],[-0.6307,51.4422],[-0.6372,51.428],[-0.6312,51.4229],[-0.6312,51.4145],[-0.6383,51.4147],[-0.668,51.4307],[-0.679,51.4299],[-0.6961,51.413],[-0.6918,51.4067],[-0.6732,51.3887],[-0.6677,51.3846],[-0.6815,51.3796],[-0.7353,51.365],[-0.7354,51.365],[-0.7442,51.3546],[-0.7482,51.3523],[-0.7595,51.3435],[-0.7581,51.3406],[-0.7755,51.332]]]}},{"type":"Feature","properties":{"areacd":"E06000037","areanm":"West Berkshire"},"geometry":{"type":"Polygon","coordinates":[[[-1.4297,51.3365],[-1.4984,51.3294],[-1.4858,51.3477],[-1.5005,51.3563],[-1.4955,51.3697],[-1.5134,51.372],[-1.5155,51.3776],[-1.5279,51.3789],[-1.5384,51.3855],[-1.5378,51.3883],[-1.5556,51.3956],[-1.5554,51.3991],[-1.553,51.4101],[-1.5623,51.4082],[-1.5636,51.4132],[-1.5712,51.4165],[-1.5652,51.422],[-1.5531,51.4213],[-1.5397,51.4261],[-1.5253,51.425],[-1.5321,51.4296],[-1.524,51.4413],[-1.5289,51.4555],[-1.5483,51.4607],[-1.5595,51.4697],[-1.5615,51.4764],[-1.5667,51.4769],[-1.5705,51.4863],[-1.5823,51.4941],[-1.588,51.5135],[-1.5847,51.5249],[-1.5812,51.537],[-1.5694,51.5433],[-1.5699,51.5474],[-1.5662,51.5456],[-1.5565,51.553],[-1.5473,51.5531],[-1.531,51.5461],[-1.5213,51.5509],[-1.513,51.5508],[-1.4894,51.5427],[-1.4859,51.5341],[-1.4708,51.5286],[-1.463,51.5302],[-1.4645,51.5385],[-1.4568,51.5355],[-1.4478,51.5364],[-1.4266,51.5456],[-1.4227,51.5358],[-1.4049,51.5472],[-1.3959,51.5403],[-1.3867,51.54],[-1.377,51.5458],[-1.378,51.5497],[-1.3672,51.5525],[-1.3588,51.5466],[-1.3426,51.5436],[-1.338,51.5458],[-1.3287,51.5637],[-1.3262,51.5596],[-1.2876,51.5528],[-1.2855,51.5483],[-1.2664,51.5412],[-1.2568,51.537],[-1.2424,51.5378],[-1.23,51.5346],[-1.2269,51.5352],[-1.2047,51.5376],[-1.2047,51.5284],[-1.1608,51.5346],[-1.1404,51.5429],[-1.1346,51.5337],[-1.1435,51.5235],[-1.1421,51.5162],[-1.1338,51.5112],[-1.1149,51.5105],[-1.107,51.5011],[-1.1028,51.4902],[-1.0883,51.4858],[-1.0712,51.4897],[-1.0555,51.492],[-1.0437,51.4894],[-1.0376,51.484],[-1.0366,51.4752],[-1.0386,51.4721],[-1.0479,51.4646],[-1.0479,51.464],[-1.053,51.4604],[-1.0468,51.4562],[-1.0492,51.4514],[-1.033,51.4518],[-1.0305,51.4499],[-1.0302,51.4492],[-1.0234,51.4443],[-1.0218,51.4367],[-1.0037,51.4339],[-1.0007,51.4298],[-1.0013,51.4264],[-0.9998,51.4127],[-1.0118,51.3929],[-0.9888,51.3806],[-0.9817,51.3756],[-0.9918,51.3667],[-0.9861,51.3628],[-1.0003,51.3627],[-1.0111,51.3592],[-1.0499,51.3581],[-1.0657,51.3723],[-1.0725,51.3753],[-1.0799,51.3746],[-1.0754,51.3795],[-1.0866,51.3839],[-1.1138,51.3748],[-1.1159,51.3605],[-1.1238,51.3613],[-1.1249,51.3581],[-1.144,51.3573],[-1.1443,51.3573],[-1.1696,51.3607],[-1.1769,51.3573],[-1.1824,51.3601],[-1.2021,51.3662],[-1.2211,51.3676],[-1.2226,51.3698],[-1.2416,51.3662],[-1.2512,51.372],[-1.2708,51.3688],[-1.2734,51.3675],[-1.3123,51.3731],[-1.3342,51.3694],[-1.3529,51.3673],[-1.3571,51.3679],[-1.4156,51.3719],[-1.4285,51.3567],[-1.444,51.3549],[-1.445,51.3481],[-1.4297,51.3365]]]}},{"type":"Feature","properties":{"areacd":"E06000038","areanm":"Reading"},"geometry":{"type":"Polygon","coordinates":[[[-1.0366,51.4752],[-1.0182,51.4666],[-1.0074,51.4682],[-1.0069,51.4734],[-0.9982,51.4775],[-0.9984,51.4843],[-0.9913,51.4853],[-0.9753,51.4874],[-0.9619,51.4931],[-0.9469,51.4861],[-0.9411,51.475],[-0.9468,51.4717],[-0.9472,51.4667],[-0.9552,51.4653],[-0.9555,51.4613],[-0.9493,51.4595],[-0.95,51.4579],[-0.938,51.454],[-0.9285,51.4452],[-0.9324,51.441],[-0.9442,51.4463],[-0.9448,51.4455],[-0.9482,51.4393],[-0.9435,51.4362],[-0.9435,51.4293],[-0.9572,51.4199],[-0.9648,51.4118],[-0.9737,51.4098],[-0.9737,51.4125],[-0.98,51.413],[-0.9814,51.4206],[-0.9963,51.4196],[-1.0013,51.4264],[-1.0007,51.4298],[-1.0037,51.4339],[-1.0218,51.4367],[-1.0234,51.4443],[-1.0302,51.4492],[-1.0305,51.4499],[-1.033,51.4518],[-1.0492,51.4514],[-1.0468,51.4562],[-1.053,51.4604],[-1.0479,51.464],[-1.0479,51.4646],[-1.0386,51.4721],[-1.0366,51.4752]]]}},{"type":"Feature","properties":{"areacd":"E06000039","areanm":"Slough"},"geometry":{"type":"Polygon","coordinates":[[[-0.6422,51.5006],[-0.643,51.5027],[-0.6535,51.5005],[-0.6538,51.5042],[-0.6593,51.5049],[-0.6538,51.5122],[-0.655,51.5188],[-0.6602,51.5204],[-0.6601,51.5275],[-0.6396,51.5371],[-0.6249,51.538],[-0.6196,51.5379],[-0.6178,51.5346],[-0.6107,51.5315],[-0.607,51.5321],[-0.5962,51.5279],[-0.595,51.5242],[-0.581,51.5231],[-0.576,51.5339],[-0.5672,51.5329],[-0.5681,51.5303],[-0.5752,51.5293],[-0.5652,51.5207],[-0.5686,51.5114],[-0.564,51.5102],[-0.552,51.5091],[-0.5271,51.5095],[-0.5288,51.4971],[-0.5318,51.4934],[-0.49,51.4947],[-0.4901,51.4946],[-0.4992,51.4886],[-0.5097,51.4692],[-0.5158,51.4683],[-0.5245,51.4715],[-0.5243,51.4795],[-0.5344,51.4868],[-0.5489,51.4902],[-0.5492,51.4903],[-0.5498,51.4904],[-0.5542,51.4913],[-0.5526,51.4948],[-0.5607,51.4972],[-0.5656,51.4913],[-0.5896,51.4994],[-0.591,51.4973],[-0.5925,51.4985],[-0.6005,51.5023],[-0.6043,51.4975],[-0.6133,51.4998],[-0.6222,51.5036],[-0.6422,51.5006]]]}},{"type":"Feature","properties":{"areacd":"E06000040","areanm":"Windsor and Maidenhead"},"geometry":{"type":"Polygon","coordinates":[[[-0.6943,51.5622],[-0.6927,51.544],[-0.7021,51.5239],[-0.7032,51.5111],[-0.6885,51.5085],[-0.6785,51.4946],[-0.6622,51.4879],[-0.6517,51.4855],[-0.6464,51.49],[-0.6338,51.4927],[-0.6446,51.4965],[-0.6422,51.5006],[-0.6222,51.5036],[-0.6133,51.4998],[-0.6043,51.4975],[-0.6005,51.5023],[-0.5925,51.4985],[-0.591,51.4973],[-0.5896,51.4994],[-0.5656,51.4913],[-0.5607,51.4972],[-0.5526,51.4948],[-0.5542,51.4913],[-0.5498,51.4904],[-0.5492,51.4903],[-0.5489,51.4902],[-0.5344,51.4868],[-0.5243,51.4795],[-0.5245,51.4715],[-0.53,51.4702],[-0.5405,51.4579],[-0.5268,51.4475],[-0.5316,51.4417],[-0.5246,51.4399],[-0.5229,51.4353],[-0.5346,51.4374],[-0.5505,51.4435],[-0.5556,51.4415],[-0.5717,51.451],[-0.5797,51.4447],[-0.5941,51.4415],[-0.6052,51.4313],[-0.605,51.4214],[-0.6085,51.412],[-0.6183,51.399],[-0.6146,51.3974],[-0.6185,51.3924],[-0.6236,51.3895],[-0.6165,51.3835],[-0.6364,51.3854],[-0.6553,51.3872],[-0.6677,51.3846],[-0.6732,51.3887],[-0.6918,51.4067],[-0.6961,51.413],[-0.679,51.4299],[-0.668,51.4307],[-0.6383,51.4147],[-0.6312,51.4145],[-0.6312,51.4229],[-0.6372,51.428],[-0.6307,51.4422],[-0.6538,51.4414],[-0.6619,51.4443],[-0.6582,51.4493],[-0.6567,51.4615],[-0.665,51.4625],[-0.6728,51.4578],[-0.6889,51.467],[-0.7057,51.4677],[-0.7144,51.4671],[-0.7245,51.4561],[-0.7408,51.4588],[-0.7528,51.4622],[-0.7573,51.459],[-0.7647,51.4597],[-0.7697,51.4678],[-0.7826,51.4687],[-0.7857,51.4578],[-0.7994,51.4461],[-0.8,51.4412],[-0.8181,51.4432],[-0.8283,51.462],[-0.8338,51.4641],[-0.8252,51.4657],[-0.822,51.4741],[-0.8294,51.4872],[-0.821,51.4972],[-0.8204,51.495],[-0.8171,51.4964],[-0.8174,51.5072],[-0.8241,51.5125],[-0.8362,51.5127],[-0.8539,51.5261],[-0.8462,51.5337],[-0.8428,51.5448],[-0.8375,51.547],[-0.8289,51.5456],[-0.8249,51.5502],[-0.8102,51.5527],[-0.7945,51.5512],[-0.791,51.5528],[-0.7825,51.5562],[-0.7732,51.5673],[-0.7576,51.5648],[-0.7489,51.5684],[-0.7279,51.5772],[-0.7169,51.5772],[-0.7112,51.5643],[-0.7056,51.5622],[-0.6987,51.5656],[-0.6943,51.5622]]]}},{"type":"Feature","properties":{"areacd":"E06000041","areanm":"Wokingham"},"geometry":{"type":"Polygon","coordinates":[[[-0.8969,51.5449],[-0.8874,51.5595],[-0.8797,51.5621],[-0.8728,51.5603],[-0.8625,51.549],[-0.8428,51.5448],[-0.8462,51.5337],[-0.8539,51.5261],[-0.8362,51.5127],[-0.8241,51.5125],[-0.8174,51.5072],[-0.8171,51.4964],[-0.8204,51.495],[-0.821,51.4972],[-0.8294,51.4872],[-0.822,51.4741],[-0.8252,51.4657],[-0.8338,51.4641],[-0.8283,51.462],[-0.8181,51.4432],[-0.8,51.4412],[-0.7967,51.4145],[-0.7925,51.4088],[-0.8018,51.4075],[-0.8007,51.4038],[-0.7968,51.394],[-0.7931,51.3846],[-0.7889,51.3718],[-0.8096,51.3709],[-0.8197,51.3672],[-0.822,51.3662],[-0.8374,51.3529],[-0.8429,51.3523],[-0.8477,51.3525],[-0.8681,51.3547],[-0.878,51.3526],[-0.9151,51.3608],[-0.9178,51.3646],[-0.9361,51.3663],[-0.9393,51.3632],[-0.9868,51.3599],[-0.9861,51.3628],[-0.9918,51.3667],[-0.9817,51.3756],[-0.9888,51.3806],[-1.0118,51.3929],[-0.9998,51.4127],[-1.0013,51.4264],[-0.9963,51.4196],[-0.9814,51.4206],[-0.98,51.413],[-0.9737,51.4125],[-0.9737,51.4098],[-0.9648,51.4118],[-0.9572,51.4199],[-0.9435,51.4293],[-0.9435,51.4362],[-0.9482,51.4393],[-0.9448,51.4455],[-0.9442,51.4463],[-0.9324,51.441],[-0.9285,51.4452],[-0.938,51.454],[-0.95,51.4579],[-0.9493,51.4595],[-0.9269,51.4673],[-0.9106,51.4768],[-0.9082,51.484],[-0.8977,51.487],[-0.8898,51.4988],[-0.8701,51.5041],[-0.8803,51.5118],[-0.8783,51.523],[-0.8839,51.5272],[-0.8998,51.5362],[-0.8969,51.5449]]]}},{"type":"Feature","properties":{"areacd":"E06000042","areanm":"Milton Keynes"},"geometry":{"type":"Polygon","coordinates":[[[-0.653,51.9692],[-0.669,51.9785],[-0.6773,51.9767],[-0.6961,51.9822],[-0.7016,51.987],[-0.7134,51.9898],[-0.7179,51.9824],[-0.714,51.9779],[-0.7403,51.9699],[-0.7476,51.9735],[-0.7437,51.9752],[-0.7618,51.9853],[-0.7712,51.9829],[-0.7763,51.9886],[-0.7893,51.9879],[-0.8035,51.9855],[-0.8123,52.006],[-0.818,52.0061],[-0.8199,52.0123],[-0.8273,52.0152],[-0.8449,52.0227],[-0.867,52.0401],[-0.8713,52.0402],[-0.8706,52.0438],[-0.8661,52.0467],[-0.8594,52.0446],[-0.853,52.0499],[-0.863,52.0603],[-0.853,52.0643],[-0.8499,52.0644],[-0.8388,52.0641],[-0.8315,52.0719],[-0.8467,52.0915],[-0.8548,52.0923],[-0.8578,52.0975],[-0.8696,52.1],[-0.8654,52.1029],[-0.8714,52.1117],[-0.887,52.1142],[-0.8807,52.1202],[-0.8807,52.1263],[-0.869,52.1306],[-0.832,52.1312],[-0.8281,52.1326],[-0.832,52.1437],[-0.8141,52.1425],[-0.8093,52.15],[-0.8076,52.157],[-0.802,52.1587],[-0.7921,52.1513],[-0.7803,52.1633],[-0.7832,52.1659],[-0.7652,52.1711],[-0.7621,52.1634],[-0.7568,52.1674],[-0.7497,52.1669],[-0.7056,52.1916],[-0.6847,52.1963],[-0.6682,52.195],[-0.6575,52.1898],[-0.6433,52.1888],[-0.6395,52.1834],[-0.6275,52.1815],[-0.6283,52.1725],[-0.6349,52.1681],[-0.6307,52.1549],[-0.6408,52.1528],[-0.6354,52.1392],[-0.6193,52.1331],[-0.6073,52.1339],[-0.5918,52.1107],[-0.602,52.105],[-0.5967,52.1017],[-0.604,52.0991],[-0.6057,52.0921],[-0.6314,52.081],[-0.6417,52.0677],[-0.6509,52.0641],[-0.669,52.0487],[-0.6585,52.0441],[-0.6431,52.0369],[-0.6404,52.0237],[-0.6509,52.0185],[-0.6435,52.0108],[-0.6506,52.0097],[-0.6617,51.9997],[-0.6562,51.982],[-0.6457,51.9722],[-0.653,51.9692]]]}},{"type":"Feature","properties":{"areacd":"E06000043","areanm":"Brighton and Hove"},"geometry":{"type":"Polygon","coordinates":[[[-0.0379,50.7994],[-0.0382,50.7995],[-0.0384,50.7995],[-0.0385,50.7992],[-0.0497,50.8009],[-0.0659,50.8047],[-0.0921,50.8118],[-0.0949,50.8098],[-0.0965,50.8085],[-0.097,50.8084],[-0.1062,50.8096],[-0.0968,50.8085],[-0.094,50.8107],[-0.1072,50.8116],[-0.1065,50.8083],[-0.1078,50.8116],[-0.1075,50.8128],[-0.113,50.8144],[-0.1131,50.8144],[-0.1238,50.8167],[-0.1369,50.8187],[-0.137,50.8187],[-0.1569,50.8219],[-0.1669,50.8231],[-0.1814,50.8244],[-0.1917,50.8256],[-0.1918,50.8256],[-0.2083,50.8268],[-0.2085,50.8268],[-0.2161,50.8276],[-0.2166,50.8276],[-0.2229,50.8391],[-0.226,50.8429],[-0.2398,50.862],[-0.245,50.8638],[-0.2393,50.8679],[-0.2267,50.8782],[-0.2143,50.8752],[-0.214,50.8705],[-0.2054,50.8701],[-0.2027,50.8759],[-0.199,50.8701],[-0.1877,50.8686],[-0.1898,50.8744],[-0.1819,50.8809],[-0.1825,50.8883],[-0.1659,50.8923],[-0.1664,50.8809],[-0.153,50.8799],[-0.1525,50.8855],[-0.1446,50.887],[-0.1372,50.8846],[-0.135,50.8866],[-0.1353,50.8781],[-0.1241,50.878],[-0.1201,50.8736],[-0.1049,50.8723],[-0.0975,50.878],[-0.085,50.8731],[-0.0833,50.8632],[-0.0753,50.8507],[-0.0708,50.8458],[-0.0736,50.8413],[-0.0456,50.845],[-0.0369,50.8412],[-0.0421,50.8248],[-0.046,50.8218],[-0.031,50.8174],[-0.0205,50.8218],[-0.0166,50.8163],[-0.0379,50.7994]]]}},{"type":"Feature","properties":{"areacd":"E06000044","areanm":"Portsmouth"},"geometry":{"type":"MultiPolygon","coordinates":[[[[-1.0442,50.8317],[-1.0424,50.8157],[-1.0423,50.8151],[-1.0394,50.7984],[-1.0389,50.797],[-1.0386,50.7956],[-1.0384,50.7947],[-1.044,50.7902],[-1.0376,50.7911],[-1.032,50.792],[-1.0308,50.7955],[-1.0304,50.7966],[-1.0305,50.7955],[-1.0321,50.7868],[-1.0818,50.7782],[-1.0838,50.778],[-1.0899,50.7782],[-1.1009,50.7851],[-1.1096,50.7916],[-1.1092,50.7929],[-1.1057,50.7911],[-1.1088,50.7962],[-1.1088,50.7964],[-1.1089,50.7965],[-1.1059,50.7971],[-1.1112,50.7985],[-1.1115,50.807],[-1.1038,50.8057],[-1.104,50.8105],[-1.0925,50.8092],[-1.0914,50.8091],[-1.0905,50.8116],[-1.0969,50.8113],[-1.0912,50.8149],[-1.0907,50.8169],[-1.1002,50.8269],[-1.0931,50.829],[-1.0878,50.8261],[-1.0856,50.8249],[-1.0766,50.8368],[-1.065,50.8358],[-1.0607,50.8355],[-1.0549,50.8334],[-1.0547,50.8334],[-1.0502,50.8327],[-1.0442,50.8317]]],[[[-1.0205,50.8391],[-1.0218,50.8373],[-1.0221,50.8358],[-1.0242,50.8329],[-1.0242,50.8263],[-1.0349,50.8293],[-1.0363,50.8354],[-1.0442,50.8321],[-1.0543,50.8339],[-1.0586,50.8353],[-1.0617,50.8359],[-1.0707,50.8366],[-1.0788,50.8372],[-1.0892,50.8286],[-1.0881,50.8314],[-1.095,50.8313],[-1.1063,50.8379],[-1.1033,50.8464],[-1.1133,50.847],[-1.116,50.8454],[-1.1125,50.8433],[-1.1178,50.8444],[-1.1162,50.8415],[-1.1182,50.8442],[-1.1159,50.8583],[-1.0908,50.8586],[-1.0756,50.8564],[-1.0657,50.8585],[-1.0544,50.8551],[-1.054,50.8566],[-1.0226,50.8521],[-1.025,50.8467],[-1.0205,50.8391]]],[[[-1.0927,50.815],[-1.1017,50.8137],[-1.098,50.8203],[-1.0927,50.815]]],[[[-1.1517,50.841],[-1.1522,50.8411],[-1.1524,50.8412],[-1.1517,50.841]]]]}},{"type":"Feature","properties":{"areacd":"E06000045","areanm":"Southampton"},"geometry":{"type":"Polygon","coordinates":[[[-1.3639,50.8794],[-1.3712,50.885],[-1.383,50.8894],[-1.3827,50.8979],[-1.3827,50.8979],[-1.3825,50.898],[-1.3825,50.8981],[-1.3848,50.904],[-1.3717,50.912],[-1.3768,50.9163],[-1.3861,50.9147],[-1.3864,50.9145],[-1.3865,50.9142],[-1.3775,50.9113],[-1.3883,50.9051],[-1.3883,50.905],[-1.388,50.8955],[-1.3929,50.8949],[-1.3884,50.8942],[-1.3927,50.8884],[-1.3964,50.8926],[-1.3933,50.8831],[-1.3996,50.8883],[-1.399,50.8946],[-1.4009,50.8903],[-1.4036,50.8956],[-1.4166,50.9006],[-1.4182,50.901],[-1.4324,50.9055],[-1.4406,50.9079],[-1.441,50.9081],[-1.4508,50.9041],[-1.4645,50.9103],[-1.4645,50.9104],[-1.475,50.9214],[-1.4774,50.9285],[-1.4642,50.9351],[-1.4594,50.9432],[-1.4561,50.9461],[-1.451,50.9443],[-1.4495,50.9499],[-1.4413,50.9471],[-1.4356,50.949],[-1.4237,50.9472],[-1.421,50.9517],[-1.4095,50.9498],[-1.4061,50.9561],[-1.4014,50.9504],[-1.3929,50.9494],[-1.3909,50.9465],[-1.3798,50.9475],[-1.367,50.9469],[-1.3546,50.941],[-1.359,50.938],[-1.3528,50.9354],[-1.3559,50.9333],[-1.358,50.9307],[-1.3325,50.9181],[-1.3299,50.915],[-1.3246,50.9084],[-1.3278,50.9045],[-1.322,50.901],[-1.3351,50.8974],[-1.3494,50.8886],[-1.3639,50.8794]]]}},{"type":"Feature","properties":{"areacd":"E06000046","areanm":"Isle of Wight"},"geometry":{"type":"MultiPolygon","coordinates":[[[[-1.2829,50.7297],[-1.2922,50.7056],[-1.2923,50.7055],[-1.2916,50.7024],[-1.2915,50.7024],[-1.2913,50.7023],[-1.291,50.7064],[-1.291,50.7068],[-1.2906,50.7076],[-1.277,50.7317],[-1.2773,50.7319],[-1.2864,50.7406],[-1.2912,50.751],[-1.291,50.7543],[-1.2907,50.7604],[-1.2884,50.7629],[-1.2896,50.7635],[-1.2894,50.7636],[-1.2883,50.763],[-1.2773,50.7663],[-1.2679,50.7629],[-1.2581,50.7568],[-1.2573,50.7558],[-1.2566,50.7551],[-1.2508,50.753],[-1.2476,50.7516],[-1.2395,50.7441],[-1.2421,50.7397],[-1.2426,50.7388],[-1.2402,50.7413],[-1.2384,50.7431],[-1.2392,50.7439],[-1.2384,50.7437],[-1.2138,50.7381],[-1.2237,50.7314],[-1.2251,50.7276],[-1.2254,50.7268],[-1.2263,50.7249],[-1.2255,50.7246],[-1.225,50.7252],[-1.2184,50.7332],[-1.217,50.7348],[-1.2164,50.7348],[-1.1827,50.7333],[-1.1619,50.7332],[-1.1602,50.7332],[-1.1512,50.7309],[-1.1448,50.7293],[-1.1438,50.729],[-1.1377,50.727],[-1.1369,50.7267],[-1.1096,50.7215],[-1.1017,50.7077],[-1.1014,50.7074],[-1.0978,50.7061],[-1.097,50.695],[-1.1038,50.6963],[-1.1028,50.6998],[-1.1083,50.6935],[-1.0983,50.6905],[-1.0936,50.6958],[-1.0824,50.6944],[-1.0707,50.6878],[-1.0698,50.6839],[-1.0947,50.672],[-1.0979,50.6652],[-1.1089,50.6655],[-1.1093,50.6655],[-1.1335,50.6619],[-1.1519,50.6545],[-1.1524,50.6542],[-1.1527,50.6541],[-1.1602,50.6496],[-1.1606,50.6493],[-1.166,50.644],[-1.169,50.6369],[-1.1706,50.6314],[-1.1706,50.6312],[-1.1734,50.6168],[-1.1753,50.6069],[-1.1753,50.6068],[-1.1851,50.5973],[-1.2047,50.5931],[-1.2048,50.593],[-1.2373,50.5843],[-1.2493,50.5811],[-1.269,50.5796],[-1.2692,50.5796],[-1.3028,50.5757],[-1.3183,50.5895],[-1.3394,50.6019],[-1.3396,50.6019],[-1.3622,50.6097],[-1.3754,50.618],[-1.3893,50.6268],[-1.4356,50.6402],[-1.4474,50.6435],[-1.464,50.6523],[-1.4642,50.6524],[-1.485,50.667],[-1.5108,50.6701],[-1.5324,50.6669],[-1.5733,50.661],[-1.5851,50.6627],[-1.5865,50.6631],[-1.5694,50.6657],[-1.5696,50.6735],[-1.5489,50.6779],[-1.5384,50.6896],[-1.5382,50.6898],[-1.5346,50.7007],[-1.5237,50.7063],[-1.503,50.7068],[-1.5098,50.7058],[-1.5044,50.7046],[-1.5049,50.7012],[-1.5029,50.703],[-1.5034,50.6971],[-1.5033,50.6971],[-1.5021,50.6995],[-1.4998,50.6979],[-1.5004,50.6978],[-1.5039,50.6951],[-1.5065,50.6934],[-1.5058,50.6935],[-1.5018,50.6952],[-1.4976,50.6981],[-1.5013,50.701],[-1.5001,50.7007],[-1.4973,50.7002],[-1.4968,50.7027],[-1.501,50.7017],[-1.5036,50.7053],[-1.5005,50.7068],[-1.4888,50.7069],[-1.4701,50.7097],[-1.4348,50.7233],[-1.4269,50.7263],[-1.4166,50.7253],[-1.4122,50.7246],[-1.4211,50.7247],[-1.412,50.7208],[-1.4182,50.7189],[-1.4124,50.719],[-1.4164,50.7143],[-1.4256,50.7106],[-1.4266,50.7055],[-1.4245,50.7097],[-1.4135,50.7155],[-1.413,50.7036],[-1.4129,50.7115],[-1.4069,50.7086],[-1.4122,50.7144],[-1.3997,50.7108],[-1.4093,50.7159],[-1.4098,50.7165],[-1.4087,50.7205],[-1.404,50.724],[-1.4082,50.7203],[-1.4071,50.718],[-1.404,50.7209],[-1.3998,50.7166],[-1.3974,50.7192],[-1.3923,50.7155],[-1.3796,50.7163],[-1.3767,50.7107],[-1.3793,50.7175],[-1.3699,50.7198],[-1.3893,50.7167],[-1.3952,50.7198],[-1.3897,50.72],[-1.3927,50.7227],[-1.3861,50.7226],[-1.4001,50.7242],[-1.3959,50.7263],[-1.4011,50.7272],[-1.4078,50.7238],[-1.4098,50.7254],[-1.4095,50.7256],[-1.3542,50.7387],[-1.3461,50.7465],[-1.3459,50.7466],[-1.3425,50.7527],[-1.3281,50.758],[-1.3197,50.7655],[-1.3183,50.766],[-1.3093,50.7672],[-1.308,50.7671],[-1.3007,50.7668],[-1.2947,50.7605],[-1.2928,50.7586],[-1.2922,50.758],[-1.2925,50.7565],[-1.2938,50.7507],[-1.2939,50.7506],[-1.2878,50.7342],[-1.2876,50.7339],[-1.2829,50.7297]]],[[[-1.4035,50.7244],[-1.4035,50.7245],[-1.4007,50.723],[-1.4035,50.7244],[-1.4035,50.7244]]]]}},{"type":"Feature","properties":{"areacd":"E06000047","areanm":"County Durham"},"geometry":{"type":"Polygon","coordinates":[[[-1.4382,54.5951],[-1.4435,54.5906],[-1.4517,54.5908],[-1.4561,54.5992],[-1.4603,54.5968],[-1.4687,54.6005],[-1.514,54.5954],[-1.5265,54.5965],[-1.5586,54.5921],[-1.5623,54.586],[-1.5528,54.5823],[-1.5834,54.5809],[-1.5828,54.5895],[-1.5909,54.5902],[-1.5934,54.5951],[-1.5899,54.5977],[-1.5928,54.6045],[-1.5841,54.6073],[-1.5841,54.6105],[-1.6062,54.6034],[-1.6067,54.6174],[-1.6121,54.6181],[-1.6185,54.6192],[-1.6314,54.6184],[-1.6333,54.6161],[-1.6417,54.6194],[-1.657,54.6155],[-1.6824,54.6178],[-1.6806,54.5978],[-1.6793,54.586],[-1.694,54.5869],[-1.709,54.5741],[-1.7045,54.5722],[-1.7093,54.5632],[-1.7032,54.5587],[-1.6912,54.5562],[-1.6976,54.5557],[-1.7053,54.5492],[-1.7038,54.5449],[-1.6983,54.5442],[-1.6969,54.536],[-1.6986,54.5361],[-1.7213,54.5423],[-1.7273,54.5305],[-1.7331,54.5277],[-1.7612,54.5289],[-1.7697,54.5328],[-1.7797,54.5319],[-1.7761,54.5067],[-1.7822,54.507],[-1.7873,54.501],[-1.7931,54.4845],[-1.8225,54.4952],[-1.8278,54.5029],[-1.8394,54.5084],[-1.8483,54.5037],[-1.8578,54.5035],[-1.8591,54.4818],[-1.8672,54.4821],[-1.8777,54.478],[-1.8935,54.4669],[-1.9424,54.4534],[-1.9701,54.4515],[-1.976,54.4597],[-1.9855,54.4599],[-1.9968,54.4669],[-2.0447,54.4752],[-2.0431,54.4836],[-2.0612,54.4805],[-2.0864,54.4684],[-2.1166,54.4623],[-2.1501,54.46],[-2.1593,54.4555],[-2.1702,54.4582],[-2.1595,54.4711],[-2.1666,54.4899],[-2.1624,54.5039],[-2.1687,54.5196],[-2.1745,54.5217],[-2.1724,54.5324],[-2.1824,54.5358],[-2.1974,54.5327],[-2.21,54.5436],[-2.2095,54.5517],[-2.246,54.5651],[-2.2709,54.5822],[-2.3045,54.5962],[-2.3088,54.6119],[-2.3249,54.6316],[-2.288,54.6505],[-2.2929,54.6639],[-2.3033,54.6668],[-2.3033,54.6696],[-2.3275,54.6709],[-2.3271,54.6737],[-2.3357,54.6753],[-2.3516,54.6857],[-2.3555,54.6972],[-2.3443,54.7018],[-2.3422,54.7161],[-2.3257,54.7266],[-2.3323,54.732],[-2.3209,54.755],[-2.3225,54.764],[-2.3086,54.7735],[-2.3139,54.7811],[-2.312,54.791],[-2.2931,54.7932],[-2.2828,54.7982],[-2.2487,54.788],[-2.2355,54.7868],[-2.2341,54.7842],[-2.2189,54.7824],[-2.1986,54.8067],[-2.1774,54.8068],[-2.1695,54.8036],[-2.1643,54.8158],[-2.1431,54.827],[-2.1382,54.8424],[-2.1038,54.8402],[-2.0977,54.8368],[-2.0825,54.8382],[-2.0679,54.8448],[-2.0397,54.8483],[-2.0118,54.8667],[-1.9955,54.87],[-1.9802,54.8682],[-1.9707,54.8635],[-1.9747,54.8621],[-1.9726,54.8602],[-1.9524,54.8542],[-1.9392,54.8518],[-1.9327,54.8542],[-1.9319,54.8509],[-1.9224,54.8497],[-1.921,54.8424],[-1.9272,54.8414],[-1.9181,54.8408],[-1.9207,54.838],[-1.9152,54.834],[-1.9108,54.8369],[-1.914,54.8395],[-1.8975,54.8457],[-1.8877,54.8436],[-1.8814,54.8466],[-1.8667,54.8554],[-1.8697,54.8616],[-1.8613,54.8664],[-1.86,54.878],[-1.851,54.8847],[-1.8543,54.8912],[-1.8475,54.8898],[-1.8454,54.8969],[-1.8346,54.899],[-1.8277,54.9055],[-1.821,54.9057],[-1.8075,54.9072],[-1.7949,54.9035],[-1.7912,54.9087],[-1.7818,54.9115],[-1.7707,54.9072],[-1.7673,54.9096],[-1.7607,54.9085],[-1.7506,54.9174],[-1.7376,54.9187],[-1.725,54.9088],[-1.7006,54.9093],[-1.6976,54.9062],[-1.6906,54.9027],[-1.6876,54.9079],[-1.6748,54.9093],[-1.6782,54.8998],[-1.663,54.8959],[-1.6599,54.8907],[-1.6501,54.8936],[-1.6463,54.8814],[-1.6511,54.8797],[-1.6437,54.8788],[-1.6276,54.8863],[-1.6188,54.8871],[-1.612,54.8953],[-1.5978,54.9016],[-1.5938,54.9017],[-1.5876,54.8943],[-1.5807,54.8811],[-1.5799,54.8778],[-1.5594,54.882],[-1.5618,54.8757],[-1.5415,54.8735],[-1.5328,54.877],[-1.5197,54.876],[-1.5068,54.8711],[-1.5102,54.8601],[-1.5036,54.8375],[-1.5033,54.8366],[-1.5043,54.8312],[-1.4975,54.8226],[-1.4937,54.8235],[-1.4902,54.8202],[-1.4943,54.816],[-1.4818,54.8096],[-1.4934,54.8],[-1.4546,54.8],[-1.444,54.8025],[-1.4375,54.8005],[-1.4224,54.8032],[-1.4229,54.8082],[-1.413,54.8233],[-1.4132,54.8245],[-1.4216,54.8381],[-1.412,54.8419],[-1.4136,54.8449],[-1.3816,54.8472],[-1.3688,54.8576],[-1.3474,54.8606],[-1.3359,54.8442],[-1.3355,54.8438],[-1.3299,54.8389],[-1.3207,54.8375],[-1.3293,54.838],[-1.3246,54.8349],[-1.3216,54.8367],[-1.3258,54.833],[-1.3255,54.8326],[-1.326,54.8323],[-1.3186,54.8216],[-1.3126,54.8118],[-1.3089,54.7851],[-1.3087,54.785],[-1.3081,54.7843],[-1.309,54.7816],[-1.2944,54.764],[-1.2923,54.761],[-1.2923,54.761],[-1.2913,54.7601],[-1.2818,54.7528],[-1.2422,54.7229],[-1.2432,54.7226],[-1.2458,54.7234],[-1.2435,54.7225],[-1.2519,54.7196],[-1.2584,54.726],[-1.2702,54.7272],[-1.2903,54.7184],[-1.3036,54.7185],[-1.3013,54.7081],[-1.3138,54.7012],[-1.3135,54.6971],[-1.3194,54.6913],[-1.3446,54.6908],[-1.3344,54.689],[-1.3309,54.6821],[-1.3331,54.6726],[-1.3435,54.6686],[-1.3478,54.6624],[-1.3412,54.6502],[-1.3838,54.6462],[-1.3809,54.6439],[-1.3904,54.6392],[-1.3883,54.6316],[-1.3955,54.6311],[-1.3942,54.6289],[-1.4016,54.6263],[-1.3991,54.6241],[-1.4048,54.624],[-1.4098,54.6185],[-1.4261,54.6115],[-1.43,54.6153],[-1.4429,54.6101],[-1.4508,54.6105],[-1.4508,54.6047],[-1.4382,54.5951]]]}},{"type":"Feature","properties":{"areacd":"E06000049","areanm":"Cheshire East"},"geometry":{"type":"Polygon","coordinates":[[[-2.2408,53.3596],[-2.2331,53.3588],[-2.2161,53.3589],[-2.2083,53.355],[-2.1854,53.3526],[-2.188,53.3487],[-2.1811,53.344],[-2.1942,53.3386],[-2.185,53.3327],[-2.1599,53.3281],[-2.1525,53.3285],[-2.1501,53.3383],[-2.1441,53.3429],[-2.1512,53.3481],[-2.1425,53.3542],[-2.1382,53.3569],[-2.139,53.3673],[-2.128,53.3646],[-2.1232,53.3619],[-2.1144,53.3646],[-2.1038,53.3661],[-2.095,53.366],[-2.0786,53.3581],[-2.0612,53.3584],[-2.0553,53.3669],[-2.0407,53.3741],[-2.0311,53.3702],[-2.0341,53.3677],[-2.027,53.3638],[-2.0218,53.3667],[-2.0089,53.362],[-2.0081,53.355],[-2.0047,53.346],[-2.0143,53.34],[-2.0137,53.3324],[-2.0094,53.3314],[-2.0102,53.3229],[-2.0015,53.3189],[-2.0094,53.3023],[-2.0081,53.2875],[-2.0052,53.269],[-2.0095,53.2606],[-2.0002,53.2554],[-1.9997,53.245],[-1.9818,53.2386],[-1.9749,53.231],[-1.976,53.2275],[-1.9902,53.223],[-1.9873,53.2136],[-2.0017,53.193],[-2.0182,53.189],[-2.0286,53.1933],[-2.0465,53.1927],[-2.055,53.1865],[-2.0523,53.1839],[-2.0592,53.1809],[-2.0582,53.1763],[-2.078,53.1704],[-2.0872,53.1698],[-2.0907,53.1723],[-2.1004,53.1695],[-2.1154,53.1695],[-2.1144,53.1725],[-2.1279,53.1746],[-2.1335,53.1828],[-2.1406,53.1836],[-2.1448,53.1737],[-2.1414,53.1566],[-2.1556,53.1596],[-2.1595,53.1529],[-2.1732,53.1476],[-2.1866,53.136],[-2.1935,53.1296],[-2.2113,53.1158],[-2.2231,53.1038],[-2.238,53.101],[-2.2465,53.0902],[-2.2532,53.094],[-2.2571,53.09],[-2.2771,53.0859],[-2.2747,53.0839],[-2.2818,53.0803],[-2.2945,53.0783],[-2.3033,53.0829],[-2.3167,53.0811],[-2.329,53.0766],[-2.3304,53.0708],[-2.3485,53.0558],[-2.3538,53.0588],[-2.3575,53.0547],[-2.3751,53.0545],[-2.3851,53.0481],[-2.3822,53.0458],[-2.3862,53.0335],[-2.3798,53.0276],[-2.3842,53.0262],[-2.3706,53.0146],[-2.383,53.0078],[-2.3809,52.9984],[-2.3897,52.9954],[-2.4069,52.9959],[-2.4045,52.9916],[-2.4108,52.9879],[-2.4382,52.9856],[-2.4346,52.9695],[-2.443,52.9707],[-2.4503,52.966],[-2.475,52.9625],[-2.4813,52.9588],[-2.4917,52.9677],[-2.4989,52.9684],[-2.5069,52.9649],[-2.5212,52.9743],[-2.5233,52.9543],[-2.5295,52.9471],[-2.5465,52.9568],[-2.5537,52.9575],[-2.5612,52.9649],[-2.5736,52.9627],[-2.5704,52.9597],[-2.578,52.9557],[-2.5862,52.9553],[-2.5891,52.9586],[-2.5977,52.963],[-2.5985,52.9717],[-2.5928,52.9742],[-2.5996,52.9754],[-2.5948,52.9796],[-2.6057,52.9794],[-2.6077,52.9883],[-2.6219,52.9867],[-2.628,52.9952],[-2.6351,52.9967],[-2.6428,52.9935],[-2.6524,52.995],[-2.6747,52.9856],[-2.6871,52.9868],[-2.6993,52.9954],[-2.6886,53.0125],[-2.6783,53.015],[-2.685,53.0217],[-2.6793,53.0259],[-2.6787,53.0326],[-2.6687,53.0386],[-2.7024,53.0543],[-2.7183,53.0442],[-2.7347,53.0551],[-2.7323,53.0577],[-2.741,53.0645],[-2.7529,53.0692],[-2.7455,53.0821],[-2.735,53.0865],[-2.7318,53.0918],[-2.7113,53.0936],[-2.7061,53.1185],[-2.6966,53.12],[-2.6711,53.1159],[-2.6624,53.1213],[-2.6598,53.1307],[-2.6403,53.129],[-2.6432,53.1352],[-2.6402,53.1408],[-2.6269,53.15],[-2.6117,53.1505],[-2.6043,53.1451],[-2.5921,53.1445],[-2.5888,53.1466],[-2.5975,53.1552],[-2.5964,53.1589],[-2.5835,53.1555],[-2.5767,53.162],[-2.5667,53.1626],[-2.5596,53.1619],[-2.5423,53.1497],[-2.5269,53.1528],[-2.5207,53.1604],[-2.5063,53.159],[-2.4962,53.1643],[-2.485,53.1627],[-2.4862,53.1601],[-2.4691,53.1527],[-2.4565,53.1569],[-2.4547,53.1609],[-2.4433,53.1602],[-2.442,53.1688],[-2.4574,53.1766],[-2.4603,53.1991],[-2.4563,53.2026],[-2.4513,53.1994],[-2.4432,53.2013],[-2.4345,53.1967],[-2.4307,53.1979],[-2.4164,53.1879],[-2.4066,53.1741],[-2.398,53.1723],[-2.3981,53.1772],[-2.3922,53.1799],[-2.3782,53.1721],[-2.3687,53.183],[-2.3769,53.1872],[-2.3711,53.1904],[-2.3726,53.1955],[-2.3898,53.1961],[-2.3951,53.2061],[-2.4008,53.2033],[-2.4103,53.2057],[-2.4088,53.2118],[-2.4142,53.2193],[-2.4011,53.2217],[-2.398,53.2252],[-2.4027,53.2293],[-2.399,53.2283],[-2.3964,53.2343],[-2.3638,53.2236],[-2.3591,53.2333],[-2.3464,53.2409],[-2.349,53.2487],[-2.3642,53.2485],[-2.3704,53.2545],[-2.3814,53.2578],[-2.379,53.2634],[-2.3869,53.2641],[-2.3882,53.2613],[-2.3882,53.265],[-2.394,53.2667],[-2.4,53.2653],[-2.4145,53.2683],[-2.4229,53.2601],[-2.4275,53.2612],[-2.4337,53.2686],[-2.4442,53.2705],[-2.4505,53.2782],[-2.4469,53.2801],[-2.4645,53.2873],[-2.47,53.2857],[-2.4852,53.2908],[-2.4981,53.2899],[-2.4976,53.2993],[-2.5017,53.2986],[-2.5055,53.3107],[-2.5028,53.3134],[-2.5123,53.3213],[-2.494,53.3433],[-2.5183,53.3424],[-2.5211,53.3479],[-2.5057,53.3555],[-2.4869,53.3679],[-2.465,53.3635],[-2.4588,53.3683],[-2.44,53.3666],[-2.4397,53.3705],[-2.4287,53.3764],[-2.4266,53.3874],[-2.4106,53.3838],[-2.4007,53.3752],[-2.3848,53.37],[-2.3651,53.3631],[-2.3541,53.3682],[-2.349,53.3659],[-2.3401,53.3674],[-2.3299,53.3639],[-2.329,53.3608],[-2.3243,53.3614],[-2.3233,53.3583],[-2.3141,53.3574],[-2.297,53.3486],[-2.3017,53.3402],[-2.2878,53.3431],[-2.2806,53.346],[-2.2671,53.3506],[-2.2564,53.3607],[-2.2408,53.3596]]]}},{"type":"Feature","properties":{"areacd":"E06000050","areanm":"Cheshire West and Chester"},"geometry":{"type":"Polygon","coordinates":[[[-2.7525,53.3147],[-2.7393,53.3069],[-2.7241,53.3124],[-2.7012,53.306],[-2.6854,53.3153],[-2.6703,53.3124],[-2.6432,53.307],[-2.6451,53.3101],[-2.6325,53.3075],[-2.6241,53.3094],[-2.6177,53.3161],[-2.6199,53.3203],[-2.6101,53.318],[-2.6093,53.3121],[-2.5951,53.3224],[-2.5863,53.3294],[-2.562,53.3233],[-2.5517,53.3324],[-2.5444,53.3305],[-2.5395,53.3364],[-2.5183,53.3424],[-2.494,53.3433],[-2.5123,53.3213],[-2.5028,53.3134],[-2.5055,53.3107],[-2.5017,53.2986],[-2.4976,53.2993],[-2.4981,53.2899],[-2.4852,53.2908],[-2.47,53.2857],[-2.4645,53.2873],[-2.4469,53.2801],[-2.4505,53.2782],[-2.4442,53.2705],[-2.4337,53.2686],[-2.4275,53.2612],[-2.4229,53.2601],[-2.4145,53.2683],[-2.4,53.2653],[-2.394,53.2667],[-2.3882,53.265],[-2.3882,53.2613],[-2.3869,53.2641],[-2.379,53.2634],[-2.3814,53.2578],[-2.3704,53.2545],[-2.3642,53.2485],[-2.349,53.2487],[-2.3464,53.2409],[-2.3591,53.2333],[-2.3638,53.2236],[-2.3964,53.2343],[-2.399,53.2283],[-2.4027,53.2293],[-2.398,53.2252],[-2.4011,53.2217],[-2.4142,53.2193],[-2.4088,53.2118],[-2.4103,53.2057],[-2.4008,53.2033],[-2.3951,53.2061],[-2.3898,53.1961],[-2.3726,53.1955],[-2.3711,53.1904],[-2.3769,53.1872],[-2.3687,53.183],[-2.3782,53.1721],[-2.3922,53.1799],[-2.3981,53.1772],[-2.398,53.1723],[-2.4066,53.1741],[-2.4164,53.1879],[-2.4307,53.1979],[-2.4345,53.1967],[-2.4432,53.2013],[-2.4513,53.1994],[-2.4563,53.2026],[-2.4603,53.1991],[-2.4574,53.1766],[-2.442,53.1688],[-2.4433,53.1602],[-2.4547,53.1609],[-2.4565,53.1569],[-2.4691,53.1527],[-2.4862,53.1601],[-2.485,53.1627],[-2.4962,53.1643],[-2.5063,53.159],[-2.5207,53.1604],[-2.5269,53.1528],[-2.5423,53.1497],[-2.5596,53.1619],[-2.5667,53.1626],[-2.5767,53.162],[-2.5835,53.1555],[-2.5964,53.1589],[-2.5975,53.1552],[-2.5888,53.1466],[-2.5921,53.1445],[-2.6043,53.1451],[-2.6117,53.1505],[-2.6269,53.15],[-2.6402,53.1408],[-2.6432,53.1352],[-2.6403,53.129],[-2.6598,53.1307],[-2.6624,53.1213],[-2.6711,53.1159],[-2.6966,53.12],[-2.7061,53.1185],[-2.7113,53.0936],[-2.7318,53.0918],[-2.735,53.0865],[-2.7455,53.0821],[-2.7529,53.0692],[-2.741,53.0645],[-2.7323,53.0577],[-2.7347,53.0551],[-2.7183,53.0442],[-2.7024,53.0543],[-2.6687,53.0386],[-2.6787,53.0326],[-2.6793,53.0259],[-2.685,53.0217],[-2.6783,53.015],[-2.6886,53.0125],[-2.6993,52.9954],[-2.7119,52.9861],[-2.7268,52.9833],[-2.7436,52.9871],[-2.7599,52.9864],[-2.7683,52.9948],[-2.7797,52.9934],[-2.7809,52.9961],[-2.7849,52.9939],[-2.79,52.9957],[-2.7919,52.9911],[-2.7983,52.9895],[-2.8262,52.9938],[-2.8359,52.9971],[-2.8409,53.0084],[-2.8378,53.0106],[-2.844,53.0177],[-2.8587,53.0199],[-2.8606,53.0285],[-2.8556,53.0372],[-2.8619,53.0386],[-2.8667,53.0405],[-2.8616,53.0438],[-2.8701,53.0453],[-2.863,53.0486],[-2.8635,53.0521],[-2.8682,53.05],[-2.8661,53.0527],[-2.8593,53.0541],[-2.8671,53.0567],[-2.861,53.0576],[-2.8726,53.0587],[-2.8614,53.0608],[-2.8704,53.0642],[-2.8655,53.066],[-2.8694,53.0697],[-2.8777,53.0689],[-2.8753,53.0733],[-2.8819,53.0746],[-2.8756,53.0815],[-2.8911,53.0875],[-2.8936,53.0915],[-2.9008,53.0908],[-2.8994,53.0979],[-2.8948,53.0988],[-2.8978,53.0964],[-2.8935,53.0962],[-2.8874,53.1044],[-2.8935,53.1042],[-2.8917,53.1094],[-2.8839,53.1113],[-2.8808,53.1214],[-2.8865,53.1214],[-2.8969,53.114],[-2.9103,53.1126],[-2.9208,53.1184],[-2.9437,53.1216],[-2.9469,53.1273],[-2.9639,53.1327],[-2.9795,53.1506],[-2.9846,53.1478],[-2.9928,53.1533],[-2.9899,53.1575],[-2.9815,53.1563],[-2.971,53.1608],[-2.9403,53.1667],[-2.9278,53.1714],[-2.9203,53.1794],[-2.9204,53.1826],[-2.9223,53.1893],[-2.9437,53.204],[-2.9495,53.2113],[-2.993,53.2332],[-3.0165,53.2441],[-3.0362,53.2518],[-3.0488,53.2522],[-3.0611,53.2527],[-3.0734,53.2542],[-3.0709,53.2571],[-3.074,53.2542],[-3.0812,53.2551],[-3.0909,53.2602],[-3.089,53.2614],[-3.0914,53.2604],[-3.0924,53.2609],[-3.0896,53.2625],[-3.0817,53.26],[-3.0896,53.2627],[-3.0925,53.261],[-3.0975,53.2636],[-3.0995,53.2653],[-3.1014,53.2669],[-3.0967,53.2723],[-3.0925,53.2697],[-3.0925,53.2696],[-3.0917,53.2645],[-3.0841,53.2623],[-3.0917,53.2647],[-3.0896,53.2673],[-3.0812,53.2631],[-3.0909,53.2687],[-3.089,53.2713],[-3.0843,53.2671],[-3.0848,53.2711],[-3.078,53.2691],[-3.0877,53.2725],[-3.088,53.2726],[-3.0924,53.2761],[-3.0848,53.2745],[-3.0847,53.2747],[-3.0918,53.2783],[-3.0791,53.2782],[-3.0789,53.278],[-3.0772,53.274],[-3.0783,53.2783],[-3.0783,53.2786],[-3.0775,53.2791],[-3.0772,53.279],[-3.0641,53.2732],[-3.0766,53.2794],[-3.0769,53.2795],[-3.0817,53.2813],[-3.0838,53.2794],[-3.0906,53.2845],[-3.0837,53.29],[-3.0963,53.2843],[-3.0934,53.2881],[-3.0989,53.2868],[-3.0977,53.2902],[-3.1012,53.2869],[-3.1046,53.2887],[-3.1014,53.2907],[-3.1085,53.2903],[-3.1034,53.2914],[-3.1096,53.2931],[-3.0964,53.2942],[-3.1038,53.2953],[-3.0967,53.2972],[-3.106,53.2952],[-3.1035,53.2991],[-3.1054,53.2985],[-3.095,53.304],[-3.0847,53.2962],[-3.0946,53.3042],[-3.0727,53.3158],[-3.0641,53.3122],[-3.0596,53.309],[-3.0483,53.3109],[-3.0298,53.299],[-3.0128,53.299],[-2.9927,53.3071],[-2.9802,53.3046],[-2.9681,53.3012],[-2.9466,53.3055],[-2.9395,53.3104],[-2.9316,53.3061],[-2.9288,53.3084],[-2.9287,53.3082],[-2.9148,53.3056],[-2.9046,53.2994],[-2.9017,53.2977],[-2.9006,53.297],[-2.8784,53.2908],[-2.8556,53.292],[-2.8554,53.2924],[-2.854,53.2953],[-2.8396,53.2987],[-2.8483,53.3021],[-2.8477,53.3062],[-2.843,53.3075],[-2.8159,53.3061],[-2.791,53.2962],[-2.789,53.2954],[-2.7528,53.3146],[-2.7525,53.3147]]]}},{"type":"Feature","properties":{"areacd":"E06000051","areanm":"Shropshire"},"geometry":{"type":"Polygon","coordinates":[[[-2.9547,52.3491],[-2.9705,52.3513],[-2.9744,52.3547],[-2.9859,52.3509],[-2.9999,52.3517],[-3.0411,52.3443],[-3.0607,52.3482],[-3.0653,52.3533],[-3.0841,52.36],[-3.1008,52.3678],[-3.1106,52.3772],[-3.1202,52.3775],[-3.1295,52.3845],[-3.1544,52.3877],[-3.1615,52.3921],[-3.1606,52.3999],[-3.1787,52.4094],[-3.2194,52.4212],[-3.2223,52.4268],[-3.2307,52.4305],[-3.2283,52.4395],[-3.2355,52.4425],[-3.2309,52.4532],[-3.1971,52.476],[-3.1806,52.4738],[-3.1453,52.4885],[-3.1448,52.4888],[-3.108,52.4993],[-3.0292,52.5013],[-3.0367,52.5133],[-3.0308,52.5195],[-3.0324,52.5237],[-3.0039,52.5198],[-3.001,52.5241],[-3.0052,52.5294],[-2.9943,52.553],[-2.9997,52.5547],[-2.9976,52.5638],[-3.0065,52.5738],[-3.0144,52.5755],[-3.0349,52.5722],[-3.0598,52.5555],[-3.065,52.5568],[-3.0922,52.5478],[-3.0938,52.5449],[-3.0808,52.5391],[-3.0854,52.5345],[-3.1088,52.5292],[-3.1331,52.5275],[-3.1372,52.5334],[-3.1115,52.5413],[-3.1274,52.566],[-3.1377,52.5738],[-3.1386,52.5829],[-3.135,52.5837],[-3.1392,52.586],[-3.1221,52.5876],[-3.1174,52.5857],[-3.1003,52.5976],[-3.0893,52.5996],[-3.0935,52.6093],[-3.0825,52.6156],[-3.0733,52.6289],[-3.0598,52.6307],[-3.0696,52.6375],[-3.0835,52.6413],[-3.0746,52.6439],[-3.0511,52.6474],[-3.0499,52.6547],[-3.0449,52.6559],[-3.0491,52.6623],[-3.0447,52.6656],[-3.0386,52.6754],[-3.0457,52.6754],[-3.0421,52.6815],[-3.047,52.6913],[-3.0341,52.6934],[-3.0321,52.6999],[-3.0225,52.7067],[-3.0253,52.7165],[-3.0215,52.7242],[-3.0191,52.7253],[-3.0183,52.7213],[-3.0007,52.7203],[-2.9776,52.7266],[-2.9781,52.7153],[-2.9656,52.7144],[-2.9611,52.7164],[-2.9617,52.7256],[-2.9668,52.7256],[-2.965,52.7323],[-2.9737,52.7357],[-2.991,52.7337],[-2.9973,52.7383],[-2.9926,52.7386],[-2.992,52.7437],[-3.0098,52.7503],[-3.0166,52.7485],[-3.022,52.7524],[-3.0144,52.753],[-3.0107,52.7615],[-3.0172,52.7676],[-3.0227,52.7641],[-3.0265,52.767],[-3.0356,52.7641],[-3.0325,52.7672],[-3.0391,52.7704],[-3.0465,52.767],[-3.0525,52.7687],[-3.0478,52.7726],[-3.0579,52.7737],[-3.0625,52.7691],[-3.0696,52.7742],[-3.0743,52.7696],[-3.0795,52.7715],[-3.0806,52.7774],[-3.0888,52.7775],[-3.0917,52.7867],[-3.0857,52.7903],[-3.0866,52.7956],[-3.0977,52.7914],[-3.1061,52.7929],[-3.1098,52.7867],[-3.119,52.7848],[-3.1189,52.7872],[-3.1425,52.7903],[-3.1445,52.7885],[-3.148,52.7921],[-3.1584,52.7935],[-3.1619,52.7993],[-3.1541,52.8025],[-3.1532,52.8064],[-3.1576,52.8076],[-3.1613,52.8036],[-3.1682,52.8073],[-3.1679,52.8193],[-3.1551,52.8307],[-3.1566,52.837],[-3.1516,52.8419],[-3.1626,52.848],[-3.1277,52.8671],[-3.1524,52.8787],[-3.147,52.8847],[-3.1356,52.885],[-3.1474,52.8902],[-3.1374,52.8949],[-3.1143,52.894],[-3.1169,52.8997],[-3.1096,52.9184],[-3.096,52.9303],[-3.0764,52.9255],[-3.0576,52.9282],[-3.0349,52.9296],[-3.0285,52.9367],[-3.0239,52.9364],[-3.0201,52.9459],[-3.017,52.9487],[-3.0133,52.9487],[-3.0086,52.9566],[-2.982,52.9592],[-2.9773,52.9672],[-2.9747,52.9689],[-2.9685,52.9642],[-2.9729,52.9604],[-2.9618,52.9556],[-2.9598,52.9512],[-2.929,52.9387],[-2.9203,52.9434],[-2.9082,52.9421],[-2.8982,52.9503],[-2.8874,52.9525],[-2.8837,52.9467],[-2.8716,52.9452],[-2.841,52.9426],[-2.8385,52.9322],[-2.813,52.9149],[-2.813,52.9095],[-2.8004,52.8955],[-2.772,52.9143],[-2.7552,52.9246],[-2.7284,52.9252],[-2.7281,52.947],[-2.7242,52.9571],[-2.7276,52.9663],[-2.7352,52.9699],[-2.7268,52.9833],[-2.7119,52.9861],[-2.6993,52.9954],[-2.6871,52.9868],[-2.6747,52.9856],[-2.6524,52.995],[-2.6428,52.9935],[-2.6351,52.9967],[-2.628,52.9952],[-2.6219,52.9867],[-2.6077,52.9883],[-2.6057,52.9794],[-2.5948,52.9796],[-2.5996,52.9754],[-2.5928,52.9742],[-2.5985,52.9717],[-2.5977,52.963],[-2.5891,52.9586],[-2.5862,52.9553],[-2.578,52.9557],[-2.5704,52.9597],[-2.5736,52.9627],[-2.5612,52.9649],[-2.5537,52.9575],[-2.5465,52.9568],[-2.5295,52.9471],[-2.5233,52.9543],[-2.5212,52.9743],[-2.5069,52.9649],[-2.4989,52.9684],[-2.4917,52.9677],[-2.4813,52.9588],[-2.475,52.9625],[-2.4503,52.966],[-2.443,52.9707],[-2.4346,52.9695],[-2.4382,52.9856],[-2.4108,52.9879],[-2.4045,52.9916],[-2.4069,52.9959],[-2.3897,52.9954],[-2.3809,52.9984],[-2.3767,52.9976],[-2.3798,52.991],[-2.3703,52.9821],[-2.3707,52.9775],[-2.3798,52.976],[-2.3827,52.9706],[-2.3771,52.965],[-2.3848,52.9598],[-2.3871,52.9527],[-2.3937,52.9506],[-2.3993,52.9606],[-2.4135,52.9614],[-2.4072,52.9579],[-2.4056,52.9473],[-2.4253,52.95],[-2.4371,52.9436],[-2.4469,52.9286],[-2.4568,52.9243],[-2.4558,52.9155],[-2.4608,52.9094],[-2.4708,52.9059],[-2.4652,52.8921],[-2.4563,52.8852],[-2.4576,52.8791],[-2.4461,52.874],[-2.4404,52.8812],[-2.4259,52.882],[-2.4119,52.8879],[-2.3856,52.888],[-2.379,52.8917],[-2.3753,52.8915],[-2.3824,52.8766],[-2.3811,52.867],[-2.3885,52.8622],[-2.3937,52.8366],[-2.3971,52.8338],[-2.4077,52.8346],[-2.4164,52.827],[-2.4261,52.8232],[-2.4265,52.8259],[-2.4263,52.8225],[-2.4303,52.8281],[-2.4405,52.8208],[-2.4691,52.823],[-2.4729,52.8207],[-2.4576,52.7985],[-2.4634,52.7927],[-2.4582,52.79],[-2.4576,52.7834],[-2.471,52.7843],[-2.4726,52.7804],[-2.4882,52.7806],[-2.49,52.7839],[-2.4771,52.7994],[-2.4785,52.8015],[-2.4884,52.8004],[-2.4865,52.8052],[-2.4924,52.8023],[-2.503,52.7966],[-2.5117,52.7985],[-2.516,52.7955],[-2.522,52.7989],[-2.5294,52.7871],[-2.5375,52.7851],[-2.5339,52.7941],[-2.5399,52.7938],[-2.5528,52.8029],[-2.5612,52.799],[-2.5705,52.803],[-2.5693,52.8051],[-2.5812,52.806],[-2.5918,52.7985],[-2.598,52.798],[-2.5925,52.7935],[-2.5922,52.7768],[-2.6211,52.7765],[-2.6322,52.7596],[-2.6431,52.7671],[-2.6634,52.7604],[-2.6619,52.7506],[-2.6674,52.7502],[-2.6595,52.7435],[-2.6644,52.7383],[-2.6611,52.7342],[-2.6583,52.7307],[-2.6302,52.7262],[-2.6243,52.7195],[-2.6189,52.7219],[-2.6151,52.7189],[-2.5975,52.7182],[-2.6054,52.7068],[-2.6243,52.7034],[-2.6227,52.699],[-2.6127,52.6968],[-2.6033,52.6893],[-2.5967,52.6906],[-2.5886,52.6837],[-2.5557,52.6711],[-2.5494,52.6663],[-2.5541,52.66],[-2.5454,52.6584],[-2.5485,52.6547],[-2.5301,52.6495],[-2.5101,52.6384],[-2.5013,52.6294],[-2.4818,52.6235],[-2.4646,52.6238],[-2.451,52.617],[-2.4379,52.6146],[-2.434,52.6182],[-2.4366,52.6271],[-2.4182,52.6338],[-2.4165,52.6449],[-2.4177,52.6503],[-2.419,52.6629],[-2.4079,52.679],[-2.4078,52.6796],[-2.4011,52.6845],[-2.4052,52.6949],[-2.4016,52.6949],[-2.4024,52.7039],[-2.3852,52.7201],[-2.3751,52.7408],[-2.3688,52.7404],[-2.3719,52.7385],[-2.3672,52.7331],[-2.358,52.7312],[-2.3364,52.733],[-2.3359,52.7303],[-2.3301,52.7294],[-2.3157,52.7329],[-2.3146,52.7245],[-2.3086,52.7207],[-2.3248,52.7053],[-2.3199,52.6954],[-2.308,52.6933],[-2.3031,52.6829],[-2.2736,52.6798],[-2.2477,52.6831],[-2.2387,52.6637],[-2.2477,52.6566],[-2.2348,52.6559],[-2.2376,52.6511],[-2.2329,52.6477],[-2.2368,52.6361],[-2.2425,52.6322],[-2.2479,52.6254],[-2.2558,52.61],[-2.268,52.6102],[-2.2793,52.6058],[-2.3096,52.6074],[-2.3135,52.614],[-2.321,52.6146],[-2.3255,52.6001],[-2.322,52.5936],[-2.3086,52.5911],[-2.301,52.5932],[-2.2951,52.5846],[-2.2787,52.5834],[-2.2628,52.5703],[-2.2607,52.5631],[-2.2673,52.5615],[-2.2825,52.5534],[-2.2657,52.5493],[-2.2564,52.5418],[-2.2691,52.5307],[-2.2609,52.5241],[-2.2915,52.5117],[-2.3064,52.4998],[-2.3128,52.4892],[-2.2957,52.4739],[-2.2884,52.461],[-2.291,52.4567],[-2.2874,52.4553],[-2.3062,52.4459],[-2.3117,52.4375],[-2.3216,52.4362],[-2.3259,52.4383],[-2.333,52.4353],[-2.3451,52.4393],[-2.3635,52.4394],[-2.3642,52.4319],[-2.3627,52.4258],[-2.3667,52.423],[-2.3659,52.4078],[-2.3729,52.402],[-2.3422,52.3932],[-2.3341,52.3888],[-2.3355,52.3853],[-2.3501,52.3857],[-2.3526,52.3889],[-2.3674,52.388],[-2.378,52.3831],[-2.3874,52.3845],[-2.3907,52.3815],[-2.3936,52.3844],[-2.4053,52.3831],[-2.4106,52.3871],[-2.4152,52.379],[-2.4098,52.3706],[-2.4149,52.3682],[-2.4263,52.3658],[-2.4576,52.3678],[-2.4678,52.3645],[-2.4747,52.3671],[-2.4742,52.3606],[-2.4839,52.3605],[-2.4884,52.3554],[-2.4818,52.3511],[-2.4844,52.3445],[-2.4782,52.3384],[-2.4818,52.3311],[-2.5131,52.3292],[-2.5084,52.3332],[-2.5121,52.3371],[-2.522,52.3418],[-2.5392,52.3441],[-2.5622,52.3331],[-2.5625,52.3111],[-2.5749,52.3176],[-2.5846,52.3132],[-2.5951,52.3139],[-2.6101,52.3063],[-2.618,52.3069],[-2.6282,52.3134],[-2.624,52.3214],[-2.6293,52.3207],[-2.6369,52.3245],[-2.6411,52.3328],[-2.6556,52.3331],[-2.6599,52.3347],[-2.656,52.3378],[-2.6603,52.3414],[-2.6698,52.3415],[-2.6893,52.3162],[-2.6799,52.3152],[-2.6798,52.312],[-2.7141,52.3088],[-2.7247,52.3198],[-2.7373,52.3195],[-2.746,52.3266],[-2.7652,52.3334],[-2.767,52.3361],[-2.7484,52.3349],[-2.7378,52.3428],[-2.7412,52.3497],[-2.7328,52.3555],[-2.7486,52.359],[-2.7615,52.3595],[-2.7925,52.3569],[-2.7957,52.3604],[-2.792,52.3745],[-2.7987,52.3726],[-2.8074,52.376],[-2.8054,52.3882],[-2.8554,52.3953],[-2.8638,52.3887],[-2.8885,52.3851],[-2.8865,52.3785],[-2.8932,52.3741],[-2.8932,52.3796],[-2.9053,52.3858],[-2.9177,52.3863],[-2.9195,52.3845],[-2.914,52.3821],[-2.9223,52.3751],[-2.9008,52.3673],[-2.9261,52.367],[-2.9389,52.361],[-2.9307,52.355],[-2.9362,52.3529],[-2.9332,52.35],[-2.9547,52.3491]]]}},{"type":"Feature","properties":{"areacd":"E06000052","areanm":"Cornwall"},"geometry":{"type":"MultiPolygon","coordinates":[[[[-4.3351,50.6464],[-4.3311,50.6404],[-4.3282,50.6398],[-4.3001,50.6334],[-4.3075,50.62],[-4.3035,50.6115],[-4.3084,50.6027],[-4.3064,50.5948],[-4.3122,50.5895],[-4.308,50.579],[-4.293,50.5843],[-4.2852,50.575],[-4.2817,50.578],[-4.2865,50.584],[-4.2812,50.584],[-4.2712,50.5822],[-4.2697,50.579],[-4.2778,50.5748],[-4.2796,50.5692],[-4.2596,50.5512],[-4.26,50.5446],[-4.2714,50.5386],[-4.2687,50.5353],[-4.2533,50.5437],[-4.2402,50.5414],[-4.2344,50.5321],[-4.226,50.5297],[-4.2145,50.5346],[-4.2071,50.5335],[-4.212,50.5288],[-4.2063,50.5202],[-4.2094,50.5136],[-4.2018,50.5132],[-4.2028,50.5032],[-4.1939,50.5028],[-4.1855,50.5084],[-4.1803,50.503],[-4.1825,50.4999],[-4.195,50.4986],[-4.1944,50.4941],[-4.1993,50.4924],[-4.2105,50.4963],[-4.21,50.4969],[-4.2206,50.4989],[-4.2242,50.4902],[-4.2244,50.4898],[-4.2186,50.4834],[-4.2191,50.4754],[-4.2394,50.4652],[-4.2378,50.4578],[-4.2307,50.4551],[-4.2296,50.4559],[-4.2294,50.456],[-4.2176,50.4645],[-4.2116,50.4562],[-4.2113,50.4457],[-4.2031,50.4426],[-4.2058,50.4407],[-4.1996,50.437],[-4.2036,50.43],[-4.2171,50.4297],[-4.221,50.4259],[-4.2247,50.4279],[-4.2254,50.4287],[-4.2262,50.4356],[-4.2367,50.4387],[-4.227,50.4351],[-4.2281,50.4298],[-4.2281,50.4296],[-4.2238,50.4254],[-4.2296,50.4252],[-4.2231,50.4243],[-4.2229,50.4243],[-4.2228,50.4243],[-4.2225,50.4253],[-4.2097,50.4254],[-4.211,50.4188],[-4.2115,50.4167],[-4.207,50.41],[-4.2078,50.4066],[-4.2112,50.4049],[-4.2116,50.4046],[-4.2102,50.4039],[-4.2118,50.3996],[-4.212,50.3993],[-4.2233,50.3967],[-4.2244,50.3965],[-4.2299,50.3937],[-4.2287,50.3972],[-4.2357,50.4015],[-4.2328,50.3937],[-4.2436,50.3892],[-4.2493,50.3917],[-4.2473,50.3939],[-4.2525,50.3935],[-4.2525,50.3935],[-4.2525,50.3934],[-4.2477,50.3906],[-4.252,50.3886],[-4.2528,50.3883],[-4.252,50.3882],[-4.2452,50.3871],[-4.2519,50.3843],[-4.2541,50.3834],[-4.271,50.3872],[-4.2706,50.3795],[-4.2762,50.377],[-4.2841,50.3841],[-4.28,50.388],[-4.2848,50.3845],[-4.2887,50.3876],[-4.2819,50.3913],[-4.2872,50.3889],[-4.288,50.3918],[-4.2891,50.388],[-4.2903,50.3905],[-4.2823,50.3978],[-4.2838,50.398],[-4.2916,50.3941],[-4.2935,50.389],[-4.3017,50.3927],[-4.3032,50.3929],[-4.3032,50.3896],[-4.3055,50.3897],[-4.3083,50.3915],[-4.3159,50.39],[-4.3085,50.3898],[-4.3087,50.3878],[-4.2956,50.3874],[-4.2972,50.3834],[-4.3,50.3836],[-4.3051,50.381],[-4.3071,50.3747],[-4.304,50.3804],[-4.3,50.3834],[-4.2964,50.3826],[-4.2952,50.3868],[-4.2772,50.3745],[-4.2681,50.3753],[-4.2817,50.3717],[-4.28,50.3697],[-4.2701,50.3729],[-4.2667,50.3695],[-4.2662,50.3747],[-4.2604,50.3766],[-4.2515,50.3749],[-4.2491,50.3745],[-4.2493,50.3773],[-4.2333,50.3841],[-4.2354,50.3874],[-4.2307,50.3904],[-4.227,50.3909],[-4.2257,50.3905],[-4.2241,50.3912],[-4.212,50.3926],[-4.2118,50.3926],[-4.2026,50.3882],[-4.2016,50.3876],[-4.2045,50.3868],[-4.2086,50.3855],[-4.1987,50.3831],[-4.2025,50.3791],[-4.1932,50.3759],[-4.1931,50.3757],[-4.1945,50.3718],[-4.2002,50.3705],[-4.2013,50.3702],[-4.2112,50.3736],[-4.2077,50.3697],[-4.2193,50.3668],[-4.222,50.3688],[-4.2252,50.3669],[-4.2351,50.366],[-4.2367,50.3659],[-4.2393,50.3617],[-4.2351,50.3638],[-4.2174,50.3622],[-4.2239,50.3587],[-4.2093,50.3594],[-4.206,50.3619],[-4.1968,50.3595],[-4.1963,50.3541],[-4.2039,50.3488],[-4.2094,50.3508],[-4.2086,50.347],[-4.1923,50.3506],[-4.1934,50.3536],[-4.1822,50.3588],[-4.1766,50.3605],[-4.1705,50.3549],[-4.1671,50.3502],[-4.17,50.343],[-4.1881,50.3409],[-4.2012,50.3329],[-4.2007,50.3296],[-4.1984,50.3284],[-4.1983,50.3279],[-4.1896,50.3237],[-4.1883,50.3177],[-4.2106,50.3183],[-4.2213,50.3146],[-4.2228,50.3114],[-4.2249,50.3153],[-4.2238,50.3167],[-4.2268,50.3182],[-4.2273,50.3191],[-4.2197,50.3225],[-4.2203,50.3261],[-4.2299,50.3324],[-4.2318,50.334],[-4.2335,50.3347],[-4.2448,50.3421],[-4.25,50.3442],[-4.2828,50.3568],[-4.3243,50.3618],[-4.3519,50.3606],[-4.3569,50.3612],[-4.3603,50.3603],[-4.3649,50.3601],[-4.3884,50.3645],[-4.4011,50.3636],[-4.4016,50.3636],[-4.4365,50.3611],[-4.4472,50.3536],[-4.451,50.351],[-4.4544,50.3526],[-4.4559,50.3573],[-4.4569,50.3608],[-4.4594,50.3696],[-4.4595,50.3698],[-4.466,50.3768],[-4.4605,50.3678],[-4.4584,50.3626],[-4.4594,50.3591],[-4.4644,50.3591],[-4.4683,50.3633],[-4.4705,50.3635],[-4.4833,50.3647],[-4.4792,50.3624],[-4.4694,50.3627],[-4.4683,50.36],[-4.4639,50.3578],[-4.4572,50.3583],[-4.4557,50.3529],[-4.451,50.3498],[-4.4508,50.349],[-4.4524,50.3449],[-4.473,50.3386],[-4.473,50.3353],[-4.4737,50.3332],[-4.4976,50.3374],[-4.4999,50.3337],[-4.5023,50.3307],[-4.5183,50.3314],[-4.5167,50.3307],[-4.5185,50.3289],[-4.5302,50.3259],[-4.5389,50.3237],[-4.5391,50.3237],[-4.5515,50.3243],[-4.5785,50.3326],[-4.5874,50.3321],[-4.589,50.3308],[-4.5898,50.3307],[-4.5938,50.3273],[-4.5985,50.3239],[-4.6066,50.329],[-4.6184,50.3239],[-4.638,50.3262],[-4.6386,50.3264],[-4.6384,50.3299],[-4.6373,50.3302],[-4.618,50.3349],[-4.6212,50.3348],[-4.6087,50.3383],[-4.6297,50.3345],[-4.6311,50.3397],[-4.6306,50.3426],[-4.6274,50.3479],[-4.6353,50.3469],[-4.6353,50.3584],[-4.6127,50.3592],[-4.6058,50.3592],[-4.6076,50.3594],[-4.6358,50.3602],[-4.6348,50.3717],[-4.6328,50.3797],[-4.6192,50.3831],[-4.6335,50.3807],[-4.6374,50.3731],[-4.6531,50.3823],[-4.6619,50.3909],[-4.6626,50.3908],[-4.6621,50.39],[-4.6552,50.3799],[-4.6387,50.3704],[-4.6387,50.3579],[-4.6387,50.3542],[-4.6373,50.3521],[-4.6376,50.3467],[-4.6312,50.3447],[-4.6334,50.3403],[-4.6319,50.3387],[-4.6324,50.3381],[-4.6454,50.3285],[-4.6537,50.3237],[-4.6615,50.3231],[-4.6676,50.3231],[-4.6723,50.3146],[-4.6729,50.314],[-4.6847,50.3201],[-4.6813,50.3378],[-4.6886,50.3411],[-4.6902,50.3443],[-4.6915,50.3468],[-4.7022,50.347],[-4.7002,50.3445],[-4.7057,50.3455],[-4.7044,50.3423],[-4.7007,50.3434],[-4.706,50.3402],[-4.7246,50.3375],[-4.7248,50.3375],[-4.7568,50.331],[-4.763,50.3266],[-4.7668,50.3221],[-4.7651,50.313],[-4.7542,50.3061],[-4.7526,50.2994],[-4.7525,50.2988],[-4.7628,50.3007],[-4.767,50.2975],[-4.7812,50.2902],[-4.7843,50.2846],[-4.7822,50.2827],[-4.7825,50.2818],[-4.7778,50.2791],[-4.7839,50.2751],[-4.7825,50.2695],[-4.7864,50.2696],[-4.7849,50.2695],[-4.7869,50.2695],[-4.7835,50.2685],[-4.7817,50.2692],[-4.7856,50.2618],[-4.767,50.2567],[-4.7709,50.2559],[-4.7687,50.2544],[-4.7775,50.2494],[-4.7854,50.2456],[-4.7883,50.2413],[-4.781,50.2376],[-4.7864,50.2352],[-4.7982,50.2302],[-4.7982,50.2263],[-4.7985,50.2195],[-4.8049,50.2189],[-4.8053,50.2189],[-4.8053,50.219],[-4.8104,50.226],[-4.813,50.2298],[-4.8306,50.2303],[-4.8322,50.2334],[-4.8364,50.2325],[-4.8395,50.2338],[-4.8414,50.2369],[-4.8424,50.2366],[-4.8481,50.2348],[-4.852,50.2348],[-4.8629,50.236],[-4.8736,50.2312],[-4.8755,50.2261],[-4.8762,50.2248],[-4.8816,50.2242],[-4.8829,50.2241],[-4.896,50.213],[-4.9008,50.2139],[-4.9013,50.2125],[-4.9027,50.2123],[-4.9031,50.2069],[-4.9031,50.2063],[-4.9107,50.2053],[-4.9108,50.202],[-4.9114,50.2],[-4.9186,50.1962],[-4.9191,50.1962],[-4.9223,50.1984],[-4.9228,50.2019],[-4.9336,50.2071],[-4.9575,50.2022],[-4.9686,50.1921],[-4.9675,50.1859],[-4.9724,50.1862],[-4.9736,50.1826],[-4.9738,50.1825],[-4.9736,50.1823],[-4.9744,50.1797],[-4.9712,50.1789],[-4.9741,50.1733],[-4.9725,50.1647],[-4.9838,50.1578],[-4.982,50.1518],[-4.9959,50.1486],[-5.0004,50.1454],[-5.0091,50.1395],[-5.0149,50.1405],[-5.0175,50.1494],[-5.0167,50.1499],[-5.0101,50.1537],[-5.0085,50.1534],[-5.0044,50.1504],[-5.0017,50.1558],[-4.9959,50.162],[-4.9947,50.1621],[-4.997,50.1631],[-4.9938,50.168],[-5.0015,50.1676],[-4.9918,50.1775],[-4.9965,50.1753],[-4.9983,50.1761],[-4.9966,50.1736],[-5.0059,50.1708],[-5.0007,50.1653],[-5.006,50.1615],[-5.0041,50.1589],[-5.0049,50.1574],[-5.0057,50.1564],[-5.0066,50.1566],[-5.0137,50.1591],[-5.0238,50.1548],[-5.0275,50.1579],[-5.0183,50.1821],[-5.0138,50.1837],[-5.0143,50.1905],[-5.0172,50.1844],[-5.0256,50.1822],[-5.0348,50.2034],[-5.0318,50.2055],[-5.0267,50.204],[-5.0295,50.2061],[-5.023,50.2116],[-5.0244,50.2207],[-5.0122,50.2258],[-5.0091,50.2267],[-5.0062,50.2221],[-4.9944,50.2248],[-4.9921,50.2216],[-4.9927,50.2246],[-4.982,50.2267],[-4.9799,50.2218],[-4.9796,50.2213],[-4.9796,50.2218],[-4.9791,50.2271],[-4.972,50.2259],[-4.9708,50.2282],[-4.9817,50.2295],[-4.9827,50.2323],[-4.9657,50.2323],[-4.9601,50.2274],[-4.967,50.2348],[-4.9637,50.2388],[-4.9659,50.2375],[-4.9673,50.2403],[-4.9723,50.2358],[-4.9786,50.238],[-4.9749,50.2344],[-4.9841,50.2329],[-4.9849,50.2287],[-4.9918,50.2264],[-5.0015,50.2249],[-5.0072,50.2286],[-5.0147,50.2279],[-5.0163,50.2344],[-5.0121,50.2408],[-5.0217,50.2451],[-5.0217,50.2452],[-5.0217,50.2452],[-5.0102,50.249],[-5.0096,50.2509],[-5.0096,50.2513],[-5.0059,50.2662],[-4.9915,50.2799],[-4.9963,50.2772],[-5.003,50.2735],[-5.0093,50.2648],[-5.0154,50.2557],[-5.0115,50.2514],[-5.0209,50.2494],[-5.028,50.243],[-5.0341,50.2493],[-5.0344,50.2497],[-5.0404,50.2518],[-5.0459,50.2613],[-5.0469,50.263],[-5.0485,50.262],[-5.0464,50.2611],[-5.0472,50.2588],[-5.0395,50.2491],[-5.0503,50.2483],[-5.0354,50.2461],[-5.0299,50.2417],[-5.0314,50.2382],[-5.0225,50.243],[-5.016,50.2406],[-5.0243,50.2351],[-5.0183,50.2259],[-5.0211,50.2251],[-5.0293,50.2235],[-5.0328,50.2279],[-5.039,50.2296],[-5.0443,50.2275],[-5.0395,50.2284],[-5.0311,50.2243],[-5.0417,50.221],[-5.0291,50.2211],[-5.0283,50.216],[-5.0285,50.21],[-5.0389,50.2127],[-5.036,50.2097],[-5.0422,50.2049],[-5.0438,50.2052],[-5.048,50.209],[-5.0441,50.2037],[-5.0438,50.2033],[-5.0502,50.2023],[-5.0582,50.1941],[-5.059,50.1934],[-5.0577,50.1983],[-5.0648,50.2027],[-5.0666,50.2105],[-5.0701,50.2057],[-5.0829,50.2098],[-5.0958,50.2092],[-5.0932,50.2082],[-5.0929,50.2081],[-5.0971,50.2076],[-5.087,50.2071],[-5.0845,50.2068],[-5.0774,50.2058],[-5.076,50.2051],[-5.0738,50.1999],[-5.0593,50.1918],[-5.0561,50.1892],[-5.0547,50.1841],[-5.0556,50.1811],[-5.0608,50.1785],[-5.0773,50.1843],[-5.065,50.1777],[-5.0559,50.1783],[-5.0464,50.1756],[-5.0448,50.1751],[-5.0464,50.1688],[-5.0561,50.1613],[-5.0693,50.1617],[-5.0747,50.1675],[-5.0819,50.1671],[-5.0847,50.167],[-5.0914,50.1706],[-5.0938,50.1676],[-5.1011,50.1695],[-5.0971,50.1675],[-5.0869,50.1642],[-5.0864,50.1637],[-5.086,50.1632],[-5.0832,50.163],[-5.0818,50.1642],[-5.0814,50.1646],[-5.0803,50.1648],[-5.0737,50.1614],[-5.0738,50.16],[-5.0699,50.1568],[-5.0672,50.1545],[-5.0666,50.1538],[-5.0661,50.1537],[-5.0643,50.1521],[-5.059,50.1515],[-5.0566,50.1555],[-5.0522,50.1533],[-5.0492,50.1557],[-5.0419,50.1442],[-5.0451,50.1451],[-5.055,50.1483],[-5.0763,50.1395],[-5.0767,50.1393],[-5.073,50.1343],[-5.0798,50.1316],[-5.0932,50.1262],[-5.0914,50.1246],[-5.0912,50.1144],[-5.0815,50.1099],[-5.0995,50.0997],[-5.1113,50.104],[-5.114,50.103],[-5.1154,50.1034],[-5.1216,50.1001],[-5.1241,50.0991],[-5.1403,50.1001],[-5.1395,50.106],[-5.1302,50.1103],[-5.1379,50.1117],[-5.141,50.1061],[-5.145,50.1072],[-5.1421,50.1039],[-5.1452,50.0987],[-5.1631,50.0968],[-5.1592,50.1081],[-5.1636,50.1128],[-5.1628,50.104],[-5.1658,50.1024],[-5.165,50.1015],[-5.1692,50.0998],[-5.1651,50.0974],[-5.1652,50.0963],[-5.1618,50.0953],[-5.1593,50.094],[-5.1615,50.0934],[-5.1845,50.0892],[-5.1931,50.0903],[-5.188,50.0878],[-5.186,50.0881],[-5.1945,50.0828],[-5.1848,50.0879],[-5.1807,50.0891],[-5.1787,50.0895],[-5.1789,50.0859],[-5.1773,50.0894],[-5.1547,50.0932],[-5.1476,50.0854],[-5.1509,50.0941],[-5.1413,50.0964],[-5.1338,50.0954],[-5.1355,50.0911],[-5.1295,50.0941],[-5.1197,50.0958],[-5.1092,50.0949],[-5.1021,50.093],[-5.0929,50.0882],[-5.1016,50.0892],[-5.1179,50.0823],[-5.1011,50.0873],[-5.0811,50.0831],[-5.0767,50.0853],[-5.076,50.0856],[-5.0766,50.0829],[-5.0795,50.0688],[-5.0756,50.0684],[-5.0683,50.0677],[-5.0677,50.0676],[-5.0674,50.0674],[-5.0616,50.0613],[-5.0643,50.0558],[-5.0577,50.0528],[-5.0661,50.0482],[-5.0677,50.0395],[-5.0686,50.0354],[-5.0735,50.0344],[-5.0892,50.0313],[-5.0966,50.0265],[-5.0963,50.0259],[-5.0958,50.0252],[-5.0911,50.0157],[-5.0957,50.0156],[-5.1013,50.0042],[-5.1126,50.0029],[-5.1224,50.0093],[-5.1331,50.008],[-5.1325,50.0052],[-5.1379,50.0082],[-5.1563,50.0077],[-5.1567,50.0076],[-5.1665,50.0037],[-5.1718,49.9977],[-5.1703,49.991],[-5.1797,49.9868],[-5.1802,49.9839],[-5.1852,49.9803],[-5.1852,49.9797],[-5.1861,49.9794],[-5.1889,49.9737],[-5.1852,49.9694],[-5.1851,49.9639],[-5.1857,49.9631],[-5.197,49.964],[-5.1987,49.959],[-5.2016,49.9591],[-5.208,49.9593],[-5.208,49.9594],[-5.2112,49.9594],[-5.2157,49.9595],[-5.2188,49.971],[-5.2262,49.9733],[-5.2297,49.9746],[-5.23,49.9744],[-5.237,49.9766],[-5.2449,49.9756],[-5.2459,49.976],[-5.2472,49.9777],[-5.2459,49.9821],[-5.2438,49.984],[-5.2454,49.9845],[-5.2451,49.9854],[-5.2488,49.9859],[-5.2532,49.9876],[-5.2536,49.9894],[-5.2513,49.9914],[-5.2545,49.9966],[-5.2668,50.0005],[-5.2681,50.0059],[-5.2584,50.013],[-5.2591,50.0138],[-5.2588,50.014],[-5.2614,50.0166],[-5.2559,50.0216],[-5.2664,50.0294],[-5.2614,50.0336],[-5.2617,50.0337],[-5.2641,50.034],[-5.268,50.0366],[-5.2714,50.0411],[-5.2801,50.0431],[-5.2765,50.049],[-5.2767,50.0491],[-5.2756,50.0503],[-5.2787,50.0532],[-5.2794,50.0546],[-5.2887,50.0626],[-5.2969,50.0703],[-5.3184,50.0817],[-5.3158,50.0833],[-5.3172,50.0831],[-5.3162,50.0842],[-5.319,50.0827],[-5.3216,50.0822],[-5.3285,50.0876],[-5.3285,50.0877],[-5.3348,50.0914],[-5.3462,50.0925],[-5.3566,50.0904],[-5.3632,50.089],[-5.3662,50.0937],[-5.3703,50.0935],[-5.3736,50.0956],[-5.3749,50.0977],[-5.3917,50.1035],[-5.3975,50.1008],[-5.4089,50.1045],[-5.4147,50.1023],[-5.4155,50.102],[-5.4152,50.0999],[-5.4171,50.1006],[-5.4175,50.1008],[-5.4186,50.1012],[-5.4292,50.097],[-5.4291,50.0996],[-5.4286,50.1039],[-5.4291,50.1041],[-5.4289,50.1054],[-5.442,50.1122],[-5.4454,50.1113],[-5.4501,50.1121],[-5.4628,50.1231],[-5.4712,50.1219],[-5.4798,50.126],[-5.482,50.1264],[-5.4962,50.1287],[-5.5176,50.1266],[-5.5279,50.1251],[-5.5286,50.1246],[-5.5312,50.1225],[-5.5311,50.1222],[-5.5296,50.1184],[-5.5308,50.1202],[-5.5319,50.1175],[-5.5296,50.1176],[-5.5295,50.1159],[-5.5311,50.1142],[-5.5373,50.1139],[-5.5374,50.1139],[-5.5482,50.1068],[-5.5485,50.1066],[-5.5435,50.1031],[-5.5488,50.106],[-5.5493,50.1032],[-5.5456,50.1015],[-5.5427,50.103],[-5.5444,50.1011],[-5.5332,50.0885],[-5.5374,50.0827],[-5.5401,50.0752],[-5.5402,50.0751],[-5.5503,50.0622],[-5.5545,50.0598],[-5.5628,50.0624],[-5.5632,50.0625],[-5.5635,50.0587],[-5.5637,50.0582],[-5.5771,50.0517],[-5.5844,50.0533],[-5.5899,50.0503],[-5.5958,50.0526],[-5.5958,50.0526],[-5.5961,50.0526],[-5.6076,50.0483],[-5.6102,50.0489],[-5.6192,50.0512],[-5.6292,50.0475],[-5.6281,50.0453],[-5.6295,50.0445],[-5.6329,50.0442],[-5.6342,50.0441],[-5.6364,50.04],[-5.6426,50.0446],[-5.6503,50.0429],[-5.6507,50.0423],[-5.6535,50.0379],[-5.6581,50.0394],[-5.6787,50.035],[-5.6791,50.035],[-5.6918,50.045],[-5.6899,50.0471],[-5.6884,50.0483],[-5.6886,50.0483],[-5.6883,50.0486],[-5.6958,50.0498],[-5.6926,50.0541],[-5.7107,50.058],[-5.717,50.0688],[-5.7094,50.0713],[-5.7091,50.0743],[-5.7078,50.0779],[-5.6948,50.0805],[-5.689,50.0885],[-5.6975,50.0989],[-5.7004,50.1194],[-5.7083,50.1258],[-5.71,50.1274],[-5.7022,50.1302],[-5.7028,50.1313],[-5.7019,50.1317],[-5.7049,50.1351],[-5.6935,50.138],[-5.6931,50.1489],[-5.6881,50.1521],[-5.6809,50.156],[-5.6807,50.1567],[-5.6712,50.1627],[-5.6731,50.1663],[-5.6568,50.1643],[-5.6564,50.1645],[-5.6461,50.1689],[-5.6423,50.1686],[-5.6292,50.1677],[-5.6148,50.1818],[-5.607,50.181],[-5.6089,50.1851],[-5.5986,50.1904],[-5.5984,50.1904],[-5.6006,50.1933],[-5.5955,50.1887],[-5.5908,50.1887],[-5.5893,50.192],[-5.5845,50.1914],[-5.585,50.1956],[-5.5774,50.195],[-5.5756,50.201],[-5.5716,50.1983],[-5.5654,50.1996],[-5.5632,50.2013],[-5.5558,50.2043],[-5.5551,50.2042],[-5.5551,50.2056],[-5.5548,50.2093],[-5.5432,50.2116],[-5.543,50.2119],[-5.5386,50.2162],[-5.5269,50.2137],[-5.4983,50.2199],[-5.4907,50.2165],[-5.4905,50.2165],[-5.4844,50.2149],[-5.4756,50.2189],[-5.4796,50.213],[-5.472,50.2081],[-5.4694,50.2065],[-5.4691,50.2002],[-5.4673,50.1998],[-5.4368,50.1934],[-5.4307,50.1868],[-5.4356,50.1853],[-5.441,50.1767],[-5.4412,50.1762],[-5.4408,50.1761],[-5.4383,50.1761],[-5.4378,50.1759],[-5.434,50.1774],[-5.431,50.1791],[-5.4331,50.1835],[-5.4289,50.1864],[-5.4333,50.1903],[-5.4339,50.1906],[-5.4336,50.1905],[-5.4215,50.1846],[-5.4223,50.1883],[-5.4224,50.1884],[-5.4226,50.1885],[-5.4336,50.1937],[-5.4091,50.2099],[-5.4089,50.21],[-5.4084,50.2104],[-5.3916,50.2287],[-5.3956,50.2404],[-5.3847,50.2398],[-5.3779,50.2441],[-5.3732,50.2372],[-5.3732,50.2371],[-5.3671,50.2371],[-5.3618,50.2371],[-5.3558,50.2406],[-5.3408,50.2383],[-5.3306,50.2421],[-5.3222,50.2468],[-5.3098,50.2557],[-5.3095,50.2559],[-5.31,50.2559],[-5.3104,50.2559],[-5.3009,50.2629],[-5.2951,50.261],[-5.2927,50.2637],[-5.2893,50.2611],[-5.292,50.2642],[-5.2852,50.265],[-5.288,50.2677],[-5.2788,50.2735],[-5.2739,50.2742],[-5.2635,50.2749],[-5.2617,50.2798],[-5.2507,50.2818],[-5.2426,50.2872],[-5.2388,50.2954],[-5.2386,50.2961],[-5.2339,50.3049],[-5.2342,50.3075],[-5.2341,50.3079],[-5.2357,50.3183],[-5.2209,50.3225],[-5.2199,50.3225],[-5.2006,50.3206],[-5.1984,50.3231],[-5.1939,50.3259],[-5.1915,50.326],[-5.1909,50.3278],[-5.1899,50.3285],[-5.1899,50.332],[-5.1807,50.335],[-5.1806,50.335],[-5.1813,50.3402],[-5.1697,50.3413],[-5.1639,50.3458],[-5.1574,50.3478],[-5.1538,50.3462],[-5.1466,50.3753],[-5.1503,50.377],[-5.1503,50.3772],[-5.1552,50.3796],[-5.15,50.3814],[-5.1494,50.3816],[-5.1573,50.3892],[-5.1565,50.3894],[-5.1437,50.3889],[-5.1468,50.3903],[-5.1428,50.3955],[-5.1447,50.3973],[-5.1494,50.4017],[-5.145,50.4048],[-5.1413,50.4041],[-5.1355,50.4012],[-5.1384,50.4039],[-5.1354,50.4086],[-5.13,50.406],[-5.13,50.4061],[-5.126,50.4039],[-5.109,50.4089],[-5.1013,50.4078],[-5.0995,50.4047],[-5.0982,50.4066],[-5.0974,50.4064],[-5.0874,50.4037],[-5.0828,50.4038],[-5.0792,50.4058],[-5.0795,50.4059],[-5.0835,50.4042],[-5.094,50.4079],[-5.0976,50.4083],[-5.1098,50.4097],[-5.1197,50.4099],[-5.1216,50.4099],[-5.1218,50.4101],[-5.1238,50.413],[-5.1079,50.4134],[-5.1013,50.4136],[-5.0982,50.4182],[-5.0979,50.4189],[-5.0984,50.4213],[-5.0993,50.4245],[-5.0945,50.4212],[-5.094,50.4208],[-5.0938,50.4208],[-5.0937,50.4207],[-5.0879,50.4207],[-5.0876,50.4207],[-5.0864,50.4179],[-5.0863,50.4176],[-5.0853,50.4151],[-5.0745,50.4169],[-5.0745,50.417],[-5.0648,50.4219],[-5.0664,50.4248],[-5.0606,50.4242],[-5.0602,50.4241],[-5.0548,50.4258],[-5.0545,50.4259],[-5.0632,50.4269],[-5.0616,50.4275],[-5.0551,50.428],[-5.0424,50.4442],[-5.0393,50.4531],[-5.0431,50.4586],[-5.0431,50.4587],[-5.038,50.4603],[-5.0417,50.4635],[-5.0414,50.4643],[-5.0327,50.4659],[-5.0388,50.473],[-5.0373,50.478],[-5.0361,50.4799],[-5.0351,50.4943],[-5.0467,50.4978],[-5.0414,50.4989],[-5.0421,50.5016],[-5.0402,50.5031],[-5.0344,50.5039],[-5.0325,50.5087],[-5.0315,50.5095],[-5.024,50.5093],[-5.0212,50.5092],[-5.028,50.511],[-5.0295,50.5143],[-5.0293,50.5153],[-5.0262,50.5202],[-5.0291,50.5202],[-5.0291,50.5211],[-5.0262,50.5235],[-5.0288,50.5245],[-5.0288,50.5249],[-5.0225,50.5265],[-5.0264,50.5295],[-5.0225,50.5327],[-5.0243,50.5387],[-5.0351,50.5455],[-5.0398,50.5451],[-5.0366,50.5494],[-5.0243,50.5516],[-5.0211,50.5477],[-5.0212,50.5476],[-5.0211,50.5476],[-5.0192,50.5453],[-5.017,50.5454],[-5.0167,50.5453],[-5.004,50.5465],[-5.0036,50.5465],[-5.0047,50.5432],[-4.9982,50.5403],[-4.9936,50.5429],[-4.9892,50.543],[-4.9838,50.5422],[-4.9776,50.5454],[-4.9807,50.5477],[-4.9799,50.5486],[-4.9765,50.5494],[-4.9721,50.5578],[-4.9712,50.558],[-4.9623,50.5594],[-4.9583,50.5618],[-4.9544,50.563],[-4.9563,50.5661],[-4.9563,50.5666],[-4.9541,50.5679],[-4.9478,50.5688],[-4.9452,50.5686],[-4.9468,50.5636],[-4.9498,50.5562],[-4.9398,50.554],[-4.9386,50.5527],[-4.9342,50.5464],[-4.9381,50.5413],[-4.931,50.5301],[-4.9308,50.53],[-4.9386,50.5274],[-4.9357,50.5271],[-4.9369,50.5259],[-4.9379,50.5256],[-4.9408,50.5217],[-4.9421,50.5204],[-4.9418,50.5202],[-4.9362,50.5116],[-4.9376,50.5247],[-4.9289,50.5245],[-4.9295,50.5296],[-4.9197,50.5315],[-4.8997,50.5263],[-4.8955,50.5201],[-4.8994,50.5262],[-4.8852,50.5302],[-4.8552,50.5289],[-4.8455,50.5237],[-4.8436,50.5227],[-4.8435,50.5226],[-4.8423,50.523],[-4.8482,50.5268],[-4.8492,50.5319],[-4.8494,50.5324],[-4.8497,50.5324],[-4.8527,50.5316],[-4.8601,50.5372],[-4.8665,50.5338],[-4.8676,50.5372],[-4.8701,50.5337],[-4.8903,50.5362],[-4.8918,50.5323],[-4.9,50.5309],[-4.9155,50.538],[-4.9142,50.5429],[-4.926,50.5449],[-4.9294,50.5532],[-4.9265,50.5614],[-4.9311,50.5645],[-4.9234,50.5731],[-4.9155,50.576],[-4.9176,50.5803],[-4.9234,50.583],[-4.9339,50.5877],[-4.9218,50.5917],[-4.9231,50.5927],[-4.9189,50.5943],[-4.9185,50.5943],[-4.9168,50.5888],[-4.9149,50.5886],[-4.9088,50.5854],[-4.9084,50.5845],[-4.8965,50.5859],[-4.89,50.5838],[-4.8852,50.5823],[-4.8829,50.584],[-4.8808,50.5855],[-4.8755,50.5871],[-4.8734,50.5908],[-4.8675,50.589],[-4.8704,50.5902],[-4.8694,50.5901],[-4.87,50.5954],[-4.8608,50.593],[-4.8603,50.5933],[-4.8598,50.5932],[-4.8566,50.5952],[-4.8498,50.5986],[-4.8466,50.5968],[-4.8419,50.5931],[-4.8395,50.5946],[-4.8353,50.5945],[-4.8324,50.5922],[-4.8322,50.5943],[-4.828,50.5942],[-4.8271,50.594],[-4.8236,50.593],[-4.8252,50.5957],[-4.8056,50.5968],[-4.803,50.5969],[-4.803,50.597],[-4.8,50.5972],[-4.7914,50.6022],[-4.7704,50.6224],[-4.7725,50.6273],[-4.771,50.6316],[-4.7691,50.6345],[-4.7687,50.6366],[-4.7649,50.6433],[-4.7613,50.6446],[-4.7587,50.6528],[-4.7667,50.6549],[-4.7588,50.6674],[-4.7606,50.6673],[-4.7643,50.6699],[-4.7591,50.668],[-4.757,50.672],[-4.7464,50.6711],[-4.7436,50.6733],[-4.7454,50.6743],[-4.7446,50.6758],[-4.7436,50.6762],[-4.7404,50.6744],[-4.7383,50.6714],[-4.7299,50.6736],[-4.7261,50.6841],[-4.7054,50.6858],[-4.7025,50.6876],[-4.7052,50.6906],[-4.6952,50.6905],[-4.6957,50.6906],[-4.6955,50.6906],[-4.7015,50.6918],[-4.7013,50.6919],[-4.6984,50.6944],[-4.6802,50.696],[-4.6852,50.6996],[-4.6854,50.6996],[-4.681,50.7044],[-4.6681,50.7067],[-4.6679,50.708],[-4.6612,50.7132],[-4.6552,50.7154],[-4.6552,50.7158],[-4.6555,50.7206],[-4.6542,50.7248],[-4.6493,50.7289],[-4.6539,50.7399],[-4.6415,50.7381],[-4.6345,50.741],[-4.6397,50.7457],[-4.6342,50.7465],[-4.6331,50.7499],[-4.6199,50.7513],[-4.6195,50.755],[-4.618,50.7573],[-4.6103,50.7622],[-4.5902,50.7663],[-4.5856,50.7703],[-4.5828,50.7717],[-4.5764,50.7719],[-4.5669,50.778],[-4.5585,50.7883],[-4.5569,50.7986],[-4.5606,50.8004],[-4.5606,50.8006],[-4.5569,50.8086],[-4.5569,50.8092],[-4.5586,50.8287],[-4.5575,50.8304],[-4.5566,50.8314],[-4.5519,50.8295],[-4.5544,50.833],[-4.5553,50.8487],[-4.5554,50.8495],[-4.558,50.8751],[-4.5599,50.8771],[-4.568,50.8855],[-4.5648,50.8886],[-4.5647,50.8887],[-4.5614,50.8919],[-4.5654,50.8948],[-4.5654,50.8954],[-4.5641,50.901],[-4.5698,50.9037],[-4.5635,50.9088],[-4.5644,50.915],[-4.5519,50.9242],[-4.5551,50.9259],[-4.5459,50.9284],[-4.5459,50.9286],[-4.517,50.9268],[-4.4712,50.9313],[-4.4562,50.929],[-4.4627,50.9135],[-4.4585,50.9076],[-4.4499,50.9058],[-4.446,50.8911],[-4.425,50.8714],[-4.421,50.8661],[-4.4336,50.8655],[-4.4363,50.8527],[-4.4423,50.847],[-4.4397,50.8435],[-4.4442,50.8278],[-4.4385,50.8232],[-4.4452,50.8103],[-4.4517,50.8048],[-4.4724,50.8023],[-4.4768,50.7994],[-4.4744,50.7973],[-4.4899,50.7963],[-4.4928,50.7923],[-4.4778,50.79],[-4.4731,50.785],[-4.4565,50.7837],[-4.4513,50.7857],[-4.4457,50.7765],[-4.4237,50.7646],[-4.4088,50.7624],[-4.4145,50.7744],[-4.3932,50.778],[-4.3803,50.7695],[-4.3874,50.7651],[-4.3879,50.7579],[-4.3808,50.7565],[-4.3849,50.7477],[-4.3739,50.7378],[-4.3666,50.7224],[-4.3616,50.7188],[-4.3692,50.7023],[-4.3666,50.6979],[-4.3526,50.6938],[-4.349,50.6895],[-4.3452,50.6648],[-4.3356,50.6557],[-4.3351,50.6464]]],[[[-4.4459,50.3362],[-4.452,50.3357],[-4.4502,50.3383],[-4.4459,50.3362]]],[[[-4.852,50.5307],[-4.8487,50.5271],[-4.8548,50.5301],[-4.855,50.5302],[-4.8537,50.5304],[-4.852,50.5307]]],[[[-5.4786,50.1156],[-5.4788,50.1155],[-5.4783,50.1181],[-5.4782,50.1185],[-5.4754,50.1173],[-5.4786,50.1156]]],[[[-5.2661,50.0127],[-5.2654,50.0115],[-5.2687,50.0119],[-5.2661,50.0127]]],[[[-4.9969,50.5719],[-4.997,50.5713],[-4.9993,50.5723],[-4.9979,50.5722],[-4.9969,50.5719]]],[[[-4.9039,50.1961],[-4.9058,50.1948],[-4.906,50.1956],[-4.9039,50.1961]]],[[[-5.4,50.2423],[-5.401,50.2417],[-5.4013,50.2418],[-5.4023,50.2421],[-5.3995,50.2425],[-5.4,50.2423]]],[[[-4.9136,50.5967],[-4.9149,50.5962],[-4.9147,50.5971],[-4.9144,50.5975],[-4.9137,50.5969],[-4.9136,50.5967]]],[[[-5.7223,50.1211],[-5.7217,50.1195],[-5.7225,50.1197],[-5.7223,50.1211]]],[[[-5.1628,50.096],[-5.1631,50.096],[-5.1632,50.0962],[-5.1628,50.096]]]]}},{"type":"Feature","properties":{"areacd":"E06000053","areanm":"Isles of Scilly"},"geometry":{"type":"MultiPolygon","coordinates":[[[[-6.2759,49.9208],[-6.2791,49.9151],[-6.2864,49.9168],[-6.284,49.9132],[-6.2871,49.9103],[-6.2878,49.91],[-6.3029,49.9115],[-6.3006,49.907],[-6.3019,49.9046],[-6.3035,49.9033],[-6.3049,49.9041],[-6.3129,49.9132],[-6.3174,49.9133],[-6.3174,49.9124],[-6.3175,49.9124],[-6.3174,49.912],[-6.3177,49.9086],[-6.3207,49.9081],[-6.3237,49.9089],[-6.3262,49.9113],[-6.3259,49.9135],[-6.3175,49.918],[-6.3172,49.9181],[-6.3166,49.9169],[-6.3166,49.9153],[-6.309,49.9166],[-6.3084,49.9201],[-6.3127,49.9209],[-6.3111,49.9216],[-6.3092,49.9219],[-6.3098,49.9221],[-6.3084,49.9227],[-6.3124,49.9263],[-6.3101,49.9308],[-6.3108,49.931],[-6.3085,49.9338],[-6.3074,49.9344],[-6.2977,49.9368],[-6.2903,49.9363],[-6.2881,49.9309],[-6.2768,49.9288],[-6.2764,49.9287],[-6.2813,49.9278],[-6.2807,49.9272],[-6.2809,49.9271],[-6.2807,49.9271],[-6.2762,49.9223],[-6.2759,49.9208]]],[[[-6.3416,49.9661],[-6.3395,49.9627],[-6.3361,49.9637],[-6.3342,49.9629],[-6.3324,49.9589],[-6.3271,49.9592],[-6.3216,49.9551],[-6.3205,49.9507],[-6.3227,49.9469],[-6.3197,49.9447],[-6.3282,49.9435],[-6.3321,49.9392],[-6.3353,49.9426],[-6.3349,49.9435],[-6.3366,49.9441],[-6.3392,49.947],[-6.3389,49.9559],[-6.352,49.9651],[-6.3518,49.9653],[-6.3476,49.9679],[-6.3458,49.9679],[-6.3416,49.9661]]],[[[-6.2911,49.9745],[-6.2927,49.9733],[-6.2887,49.9662],[-6.2781,49.9639],[-6.2765,49.9647],[-6.273,49.9659],[-6.2706,49.964],[-6.2701,49.9643],[-6.27,49.9643],[-6.2659,49.9675],[-6.2617,49.9629],[-6.2756,49.9586],[-6.2769,49.9589],[-6.2816,49.9569],[-6.2842,49.9561],[-6.2901,49.9618],[-6.303,49.9637],[-6.304,49.9649],[-6.3036,49.9677],[-6.3007,49.9696],[-6.2987,49.9694],[-6.2979,49.9735],[-6.2924,49.9744],[-6.2922,49.9743],[-6.2923,49.9744],[-6.2917,49.9745],[-6.2914,49.9748],[-6.294,49.9775],[-6.2952,49.9796],[-6.2922,49.98],[-6.2903,49.9792],[-6.2898,49.9762],[-6.2911,49.9745]]],[[[-6.3489,49.8983],[-6.3369,49.8941],[-6.3371,49.8945],[-6.3368,49.8944],[-6.3375,49.8953],[-6.3384,49.8972],[-6.3345,49.8988],[-6.3279,49.8945],[-6.3292,49.8888],[-6.3292,49.8887],[-6.3345,49.8937],[-6.3384,49.8934],[-6.3358,49.8866],[-6.3413,49.8823],[-6.3459,49.89],[-6.3531,49.8883],[-6.3495,49.8946],[-6.3569,49.8978],[-6.3503,49.8955],[-6.3489,49.8983]]],[[[-6.3479,49.9557],[-6.3521,49.9448],[-6.3526,49.9446],[-6.3587,49.9452],[-6.3584,49.9455],[-6.3617,49.9463],[-6.3563,49.9491],[-6.3572,49.9493],[-6.3571,49.9494],[-6.3647,49.9522],[-6.3646,49.9531],[-6.3595,49.9538],[-6.3584,49.9537],[-6.3621,49.9581],[-6.3563,49.9614],[-6.3626,49.9651],[-6.3594,49.9667],[-6.3587,49.967],[-6.3594,49.964],[-6.3479,49.9557]]],[[[-6.3521,49.9376],[-6.3505,49.9281],[-6.3576,49.9303],[-6.3571,49.9312],[-6.3545,49.9331],[-6.355,49.9339],[-6.3521,49.9376]]],[[[-6.3091,49.9696],[-6.3092,49.9651],[-6.314,49.9664],[-6.3142,49.9664],[-6.3179,49.9678],[-6.314,49.9699],[-6.3091,49.9696]]],[[[-6.3701,49.8957],[-6.3668,49.892],[-6.3708,49.8957],[-6.376,49.8959],[-6.3784,49.8961],[-6.3753,49.9],[-6.3701,49.8957]]],[[[-6.3203,49.9732],[-6.3265,49.9704],[-6.3271,49.9704],[-6.3266,49.9748],[-6.3203,49.9733],[-6.3203,49.9732]]],[[[-6.2611,49.9554],[-6.2536,49.9486],[-6.2581,49.951],[-6.2613,49.953],[-6.2614,49.9554],[-6.2611,49.9554]]],[[[-6.2659,49.9452],[-6.2633,49.942],[-6.2672,49.9456],[-6.2653,49.9474],[-6.2648,49.9458],[-6.2659,49.9452]]],[[[-6.3697,49.9554],[-6.3689,49.9523],[-6.3704,49.9529],[-6.3715,49.9537],[-6.3697,49.9555],[-6.3697,49.9554]]],[[[-6.3999,49.8711],[-6.4017,49.8691],[-6.4028,49.8704],[-6.4026,49.8704],[-6.3999,49.8711]]],[[[-6.3211,49.9783],[-6.3229,49.9774],[-6.3232,49.9787],[-6.323,49.9796],[-6.3211,49.9783]]],[[[-6.2455,49.9445],[-6.2472,49.9456],[-6.2454,49.9459],[-6.2454,49.9459],[-6.2455,49.9445]]],[[[-6.3853,49.9335],[-6.3865,49.9323],[-6.3865,49.9338],[-6.3857,49.934],[-6.3853,49.9335]]],[[[-6.3618,49.9325],[-6.3616,49.9313],[-6.3629,49.9315],[-6.3621,49.9324],[-6.3618,49.9325]]],[[[-6.2677,49.9484],[-6.2688,49.9493],[-6.2674,49.9496],[-6.2677,49.9484]]],[[[-6.3873,49.8675],[-6.3884,49.8671],[-6.3884,49.8676],[-6.3878,49.8681],[-6.3873,49.8675]]],[[[-6.3301,49.9667],[-6.3303,49.966],[-6.3313,49.9667],[-6.3301,49.9667]]],[[[-6.2481,49.9497],[-6.2472,49.9488],[-6.2487,49.9494],[-6.2481,49.9497]]],[[[-6.2768,49.9466],[-6.2761,49.9454],[-6.2771,49.9462],[-6.2768,49.9466]]]]}},{"type":"Feature","properties":{"areacd":"E06000054","areanm":"Wiltshire"},"geometry":{"type":"Polygon","coordinates":[[[-2.2891,51.3253],[-2.2884,51.3298],[-2.3009,51.3332],[-2.2944,51.3373],[-2.2964,51.3427],[-2.3086,51.3398],[-2.3241,51.3478],[-2.3443,51.3454],[-2.3374,51.3514],[-2.323,51.3567],[-2.3102,51.3575],[-2.3104,51.3619],[-2.3075,51.365],[-2.3002,51.3621],[-2.2965,51.3643],[-2.2903,51.3726],[-2.2975,51.3849],[-2.2968,51.3949],[-2.2818,51.3972],[-2.2909,51.4057],[-2.2786,51.4159],[-2.2847,51.4234],[-2.2954,51.4263],[-2.2946,51.4288],[-2.2852,51.4579],[-2.2957,51.4586],[-2.2889,51.4782],[-2.2906,51.4869],[-2.3115,51.4874],[-2.3243,51.4975],[-2.2975,51.5062],[-2.2964,51.5097],[-2.2799,51.5162],[-2.2636,51.5186],[-2.2523,51.5269],[-2.2665,51.5363],[-2.2618,51.5447],[-2.2684,51.5497],[-2.2686,51.5597],[-2.2603,51.5699],[-2.2739,51.5724],[-2.2726,51.5776],[-2.2676,51.5827],[-2.2451,51.5814],[-2.2419,51.5921],[-2.2229,51.5961],[-2.2108,51.603],[-2.206,51.6013],[-2.2066,51.5959],[-2.1924,51.5958],[-2.19,51.5925],[-2.1811,51.5965],[-2.1828,51.5992],[-2.1525,51.5903],[-2.108,51.6309],[-2.0734,51.6595],[-2.0572,51.6724],[-2.0156,51.6505],[-2.0031,51.649],[-1.9953,51.6514],[-1.9847,51.6432],[-1.9765,51.6433],[-1.9774,51.6381],[-1.9687,51.64],[-1.9505,51.637],[-1.9632,51.6587],[-1.9579,51.6597],[-1.9521,51.6678],[-1.9421,51.6704],[-1.9311,51.663],[-1.9208,51.6572],[-1.9039,51.656],[-1.8884,51.6489],[-1.8764,51.6531],[-1.8874,51.6601],[-1.899,51.6797],[-1.8933,51.6769],[-1.8739,51.6826],[-1.8504,51.6563],[-1.8345,51.6575],[-1.8152,51.6635],[-1.8232,51.6735],[-1.8125,51.686],[-1.8194,51.6943],[-1.8186,51.7023],[-1.812,51.7031],[-1.7886,51.667],[-1.7918,51.6631],[-1.7991,51.6625],[-1.7886,51.6327],[-1.8064,51.6327],[-1.8144,51.6245],[-1.8202,51.6277],[-1.839,51.6167],[-1.8425,51.6121],[-1.8399,51.6072],[-1.8399,51.5999],[-1.8319,51.5967],[-1.8375,51.5872],[-1.823,51.5835],[-1.8262,51.5794],[-1.8307,51.5817],[-1.8386,51.58],[-1.8432,51.5787],[-1.8443,51.5702],[-1.8501,51.5681],[-1.8452,51.5617],[-1.8601,51.5652],[-1.8651,51.5595],[-1.8496,51.5536],[-1.8538,51.5463],[-1.8443,51.5431],[-1.8299,51.5137],[-1.8307,51.5111],[-1.837,51.5109],[-1.8438,51.5217],[-1.8422,51.5263],[-1.847,51.5243],[-1.8414,51.5157],[-1.8442,51.5138],[-1.8375,51.5008],[-1.8135,51.507],[-1.8131,51.4965],[-1.7978,51.4844],[-1.7932,51.4862],[-1.7744,51.4825],[-1.7747,51.4845],[-1.7157,51.4884],[-1.7192,51.5007],[-1.6677,51.5053],[-1.6343,51.5129],[-1.6285,51.5174],[-1.6235,51.5142],[-1.6028,51.5183],[-1.5847,51.5249],[-1.588,51.5135],[-1.5823,51.4941],[-1.5705,51.4863],[-1.5667,51.4769],[-1.5615,51.4764],[-1.5595,51.4697],[-1.5483,51.4607],[-1.5289,51.4555],[-1.524,51.4413],[-1.5321,51.4296],[-1.5253,51.425],[-1.5397,51.4261],[-1.5531,51.4213],[-1.5652,51.422],[-1.5712,51.4165],[-1.5636,51.4132],[-1.5623,51.4082],[-1.553,51.4101],[-1.5554,51.3991],[-1.5556,51.3956],[-1.5378,51.3883],[-1.5384,51.3855],[-1.5279,51.3789],[-1.5155,51.3776],[-1.5134,51.372],[-1.4955,51.3697],[-1.5005,51.3563],[-1.4858,51.3477],[-1.4984,51.3294],[-1.5163,51.3394],[-1.5275,51.3385],[-1.5323,51.323],[-1.5336,51.3162],[-1.5252,51.3071],[-1.5281,51.2998],[-1.5195,51.2959],[-1.5242,51.2932],[-1.5228,51.2871],[-1.5344,51.2871],[-1.5426,51.2813],[-1.5359,51.2773],[-1.5405,51.2608],[-1.5305,51.2626],[-1.5298,51.2605],[-1.536,51.2486],[-1.5452,51.2451],[-1.5776,51.2556],[-1.6002,51.2535],[-1.6007,51.2507],[-1.6075,51.2528],[-1.6104,51.243],[-1.6193,51.2412],[-1.6269,51.2286],[-1.6335,51.2175],[-1.6535,51.2205],[-1.6898,51.2148],[-1.6941,51.2039],[-1.6687,51.1908],[-1.6695,51.1848],[-1.6724,51.1785],[-1.6572,51.1593],[-1.654,51.156],[-1.6608,51.1344],[-1.663,51.1272],[-1.6406,51.1254],[-1.6263,51.1173],[-1.6309,51.1112],[-1.627,51.1029],[-1.6363,51.0928],[-1.6277,51.078],[-1.635,51.0409],[-1.6324,51.0328],[-1.6195,51.0331],[-1.5993,51.0237],[-1.6054,51.0173],[-1.5975,51.0081],[-1.605,51.007],[-1.6091,51.0098],[-1.6149,51.0067],[-1.6062,51.0019],[-1.6172,51.0042],[-1.6288,50.9991],[-1.6251,50.9903],[-1.6191,50.9874],[-1.6196,50.983],[-1.6144,50.9795],[-1.603,50.9785],[-1.6198,50.9586],[-1.6234,50.9546],[-1.635,50.9592],[-1.6464,50.9495],[-1.6616,50.9453],[-1.6769,50.9497],[-1.6977,50.9604],[-1.7196,50.9768],[-1.7471,50.9779],[-1.8003,50.9914],[-1.8075,50.9921],[-1.8154,50.9859],[-1.8358,51.0094],[-1.8528,51.005],[-1.8733,50.985],[-1.8742,50.9877],[-1.8745,51.0063],[-1.8867,50.9995],[-1.9279,50.9977],[-1.95,50.9823],[-1.9568,50.9898],[-1.9655,50.992],[-1.9852,50.9848],[-1.994,50.9757],[-2.0372,50.972],[-2.0412,50.9681],[-2.0583,50.9636],[-2.0673,50.9518],[-2.083,50.9513],[-2.103,50.9456],[-2.1105,50.9555],[-2.1195,50.9597],[-2.1206,50.9694],[-2.1198,50.9782],[-2.1482,50.9863],[-2.1718,51.001],[-2.1782,51.0083],[-2.1764,51.0128],[-2.1886,51.0185],[-2.1887,51.0253],[-2.1932,51.0377],[-2.2053,51.0428],[-2.218,51.0552],[-2.2258,51.0576],[-2.2447,51.0723],[-2.2686,51.0687],[-2.2913,51.0771],[-2.3259,51.0797],[-2.3291,51.0853],[-2.3471,51.0882],[-2.3625,51.1016],[-2.3645,51.1189],[-2.3445,51.1247],[-2.3464,51.1305],[-2.3459,51.1334],[-2.3322,51.138],[-2.3323,51.145],[-2.3102,51.1684],[-2.2986,51.1753],[-2.2845,51.1974],[-2.2667,51.2155],[-2.2697,51.219],[-2.2638,51.2344],[-2.2529,51.2474],[-2.2452,51.2539],[-2.2496,51.259],[-2.2444,51.2631],[-2.2486,51.2803],[-2.2535,51.2898],[-2.2652,51.2929],[-2.2649,51.2962],[-2.28,51.2922],[-2.2781,51.3026],[-2.2851,51.3095],[-2.272,51.3143],[-2.2755,51.3187],[-2.2723,51.3185],[-2.2731,51.3229],[-2.2777,51.3257],[-2.2891,51.3253]]]}},{"type":"Feature","properties":{"areacd":"E06000055","areanm":"Bedford"},"geometry":{"type":"Polygon","coordinates":[[[-0.4653,52.3229],[-0.4442,52.3142],[-0.4361,52.3145],[-0.4358,52.2966],[-0.4227,52.2894],[-0.4217,52.2849],[-0.4101,52.2845],[-0.4069,52.2875],[-0.399,52.2787],[-0.3926,52.2824],[-0.3749,52.2805],[-0.3722,52.2735],[-0.381,52.2731],[-0.382,52.2687],[-0.3744,52.233],[-0.3591,52.2347],[-0.341,52.2306],[-0.3435,52.2419],[-0.3345,52.2429],[-0.32,52.2427],[-0.3136,52.239],[-0.2932,52.2405],[-0.2857,52.2374],[-0.2867,52.2348],[-0.2938,52.2284],[-0.3,52.218],[-0.2944,52.2083],[-0.2742,52.2087],[-0.2619,52.2096],[-0.265,52.2057],[-0.2408,52.1902],[-0.244,52.1827],[-0.2497,52.1844],[-0.2892,52.1909],[-0.3018,52.1782],[-0.3044,52.1669],[-0.3107,52.1671],[-0.3213,52.1688],[-0.3302,52.1653],[-0.3351,52.1561],[-0.3491,52.1453],[-0.3578,52.146],[-0.362,52.1429],[-0.3448,52.1159],[-0.3531,52.1064],[-0.3561,52.1077],[-0.3678,52.0993],[-0.3667,52.0968],[-0.3715,52.0946],[-0.3746,52.0972],[-0.3812,52.0936],[-0.377,52.0877],[-0.3891,52.0809],[-0.3849,52.0756],[-0.3897,52.0746],[-0.397,52.071],[-0.4298,52.0678],[-0.4401,52.0633],[-0.4578,52.0728],[-0.4716,52.088],[-0.4861,52.0839],[-0.5045,52.0707],[-0.4995,52.0674],[-0.5045,52.0568],[-0.5098,52.055],[-0.5116,52.0595],[-0.5179,52.0603],[-0.5178,52.0679],[-0.5334,52.0771],[-0.5415,52.0819],[-0.5501,52.0807],[-0.5618,52.0923],[-0.5676,52.095],[-0.5783,52.0941],[-0.5825,52.0983],[-0.5892,52.0975],[-0.5833,52.1045],[-0.5918,52.1107],[-0.6073,52.1339],[-0.6193,52.1331],[-0.6354,52.1392],[-0.6408,52.1528],[-0.6307,52.1549],[-0.6349,52.1681],[-0.6283,52.1725],[-0.6275,52.1815],[-0.6395,52.1834],[-0.6433,52.1888],[-0.6575,52.1898],[-0.6682,52.195],[-0.6615,52.2081],[-0.6373,52.2273],[-0.6428,52.2334],[-0.6537,52.2683],[-0.6399,52.2724],[-0.6314,52.27],[-0.627,52.2749],[-0.6107,52.2795],[-0.6057,52.2788],[-0.5883,52.2738],[-0.5657,52.2535],[-0.5547,52.2582],[-0.541,52.2565],[-0.5392,52.2661],[-0.5313,52.2704],[-0.534,52.2812],[-0.5421,52.2897],[-0.5142,52.3147],[-0.5198,52.3177],[-0.4872,52.3211],[-0.4763,52.318],[-0.4653,52.3229]]]}},{"type":"Feature","properties":{"areacd":"E06000056","areanm":"Central Bedfordshire"},"geometry":{"type":"Polygon","coordinates":[[[-0.2166,52.1587],[-0.2348,52.1447],[-0.2061,52.1444],[-0.1717,52.1395],[-0.1544,52.1444],[-0.1444,52.1375],[-0.1491,52.0911],[-0.1573,52.0805],[-0.1643,52.077],[-0.1727,52.0602],[-0.195,52.0624],[-0.2195,52.0367],[-0.2014,52.0098],[-0.2135,52.0084],[-0.2369,51.9979],[-0.2441,51.999],[-0.2479,51.9852],[-0.2574,51.9854],[-0.2603,51.9797],[-0.2739,51.9812],[-0.2724,51.9881],[-0.2834,51.9967],[-0.2839,52.0018],[-0.3002,52.0008],[-0.2954,51.9954],[-0.3068,51.9891],[-0.3116,51.9821],[-0.3387,51.9827],[-0.3587,51.9855],[-0.3673,51.9838],[-0.3638,51.9752],[-0.3507,51.9729],[-0.3491,51.9637],[-0.3503,51.9576],[-0.3726,51.948],[-0.3829,51.9514],[-0.3783,51.9716],[-0.3807,51.9794],[-0.3903,51.9777],[-0.3935,51.9686],[-0.3996,51.9677],[-0.4059,51.9434],[-0.4025,51.9334],[-0.4056,51.9324],[-0.3891,51.9258],[-0.3836,51.9183],[-0.3857,51.9157],[-0.4012,51.913],[-0.4025,51.9097],[-0.4075,51.9107],[-0.4191,51.9123],[-0.4225,51.9205],[-0.4217,51.9257],[-0.4261,51.9267],[-0.4378,51.9277],[-0.4519,51.9247],[-0.4624,51.9236],[-0.4858,51.9227],[-0.4785,51.9173],[-0.4821,51.909],[-0.4916,51.9063],[-0.4942,51.9061],[-0.5059,51.9006],[-0.4998,51.8978],[-0.4849,51.8913],[-0.484,51.8883],[-0.4666,51.8882],[-0.4494,51.8783],[-0.4232,51.8547],[-0.4143,51.859],[-0.4162,51.862],[-0.4091,51.8615],[-0.4009,51.8686],[-0.3914,51.8701],[-0.3893,51.8716],[-0.3699,51.8681],[-0.3658,51.8708],[-0.3683,51.8731],[-0.3549,51.874],[-0.3529,51.8635],[-0.3394,51.8496],[-0.3561,51.8405],[-0.3633,51.8421],[-0.3644,51.8399],[-0.3688,51.8311],[-0.3741,51.8292],[-0.3832,51.8319],[-0.4049,51.8406],[-0.4214,51.8502],[-0.4253,51.8467],[-0.439,51.8518],[-0.4475,51.8476],[-0.454,51.853],[-0.464,51.8501],[-0.4704,51.8557],[-0.4782,51.8531],[-0.4711,51.8455],[-0.4795,51.8421],[-0.491,51.8428],[-0.4919,51.8353],[-0.5018,51.8368],[-0.5061,51.8273],[-0.5113,51.8259],[-0.5016,51.8215],[-0.5023,51.8155],[-0.5198,51.8051],[-0.5242,51.8058],[-0.5431,51.8155],[-0.5417,51.8184],[-0.5537,51.8267],[-0.5489,51.828],[-0.5437,51.8245],[-0.5376,51.8314],[-0.5641,51.8471],[-0.5668,51.8508],[-0.5637,51.8512],[-0.5694,51.8518],[-0.5694,51.8581],[-0.5836,51.8703],[-0.6091,51.8756],[-0.6201,51.8855],[-0.6283,51.8821],[-0.6375,51.8826],[-0.6548,51.8879],[-0.6604,51.8945],[-0.6732,51.9018],[-0.6922,51.9002],[-0.7022,51.9091],[-0.6915,51.927],[-0.6817,51.9351],[-0.6803,51.9355],[-0.6824,51.9427],[-0.6703,51.9438],[-0.6719,51.956],[-0.6621,51.9556],[-0.6514,51.9683],[-0.653,51.9692],[-0.6457,51.9722],[-0.6562,51.982],[-0.6617,51.9997],[-0.6506,52.0097],[-0.6435,52.0108],[-0.6509,52.0185],[-0.6404,52.0237],[-0.6431,52.0369],[-0.6585,52.0441],[-0.669,52.0487],[-0.6509,52.0641],[-0.6417,52.0677],[-0.6314,52.081],[-0.6057,52.0921],[-0.604,52.0991],[-0.5967,52.1017],[-0.602,52.105],[-0.5918,52.1107],[-0.5833,52.1045],[-0.5892,52.0975],[-0.5825,52.0983],[-0.5783,52.0941],[-0.5676,52.095],[-0.5618,52.0923],[-0.5501,52.0807],[-0.5415,52.0819],[-0.5334,52.0771],[-0.5178,52.0679],[-0.5179,52.0603],[-0.5116,52.0595],[-0.5098,52.055],[-0.5045,52.0568],[-0.4995,52.0674],[-0.5045,52.0707],[-0.4861,52.0839],[-0.4716,52.088],[-0.4578,52.0728],[-0.4401,52.0633],[-0.4298,52.0678],[-0.397,52.071],[-0.3897,52.0746],[-0.3849,52.0756],[-0.3891,52.0809],[-0.377,52.0877],[-0.3812,52.0936],[-0.3746,52.0972],[-0.3715,52.0946],[-0.3667,52.0968],[-0.3678,52.0993],[-0.3561,52.1077],[-0.3531,52.1064],[-0.3448,52.1159],[-0.362,52.1429],[-0.3578,52.146],[-0.3491,52.1453],[-0.3351,52.1561],[-0.3302,52.1653],[-0.3213,52.1688],[-0.3107,52.1671],[-0.3044,52.1669],[-0.3018,52.1782],[-0.2892,52.1909],[-0.2497,52.1844],[-0.2608,52.1764],[-0.2544,52.1722],[-0.2289,52.1662],[-0.2166,52.1587]]]}},{"type":"Feature","properties":{"areacd":"E06000057","areanm":"Northumberland"},"geometry":{"type":"MultiPolygon","coordinates":[[[[-2.312,54.791],[-2.3233,54.795],[-2.3274,54.8053],[-2.3484,54.8071],[-2.3698,54.821],[-2.3727,54.8274],[-2.3927,54.8345],[-2.4016,54.8515],[-2.4116,54.8564],[-2.4227,54.8428],[-2.4521,54.832],[-2.4605,54.8342],[-2.4956,54.8102],[-2.5297,54.8059],[-2.5433,54.8121],[-2.5583,54.8167],[-2.5678,54.8236],[-2.5827,54.8459],[-2.5733,54.8535],[-2.5902,54.8738],[-2.6054,54.8844],[-2.5764,54.8967],[-2.5676,54.909],[-2.5662,54.9192],[-2.5454,54.9284],[-2.5602,54.9341],[-2.5676,54.9408],[-2.5712,54.9484],[-2.5683,54.9583],[-2.5956,54.9635],[-2.6014,54.9713],[-2.6004,54.9737],[-2.5917,54.9741],[-2.5866,54.982],[-2.5792,54.9829],[-2.5733,54.9876],[-2.5678,55.0027],[-2.5741,55.0037],[-2.5702,55.0065],[-2.5736,55.0067],[-2.5733,55.0161],[-2.565,55.0201],[-2.5525,55.021],[-2.5396,55.0289],[-2.5276,55.0291],[-2.5269,55.0329],[-2.5123,55.0338],[-2.5102,55.0363],[-2.5044,55.0332],[-2.5053,55.0369],[-2.483,55.04],[-2.4829,55.0437],[-2.4943,55.0507],[-2.4907,55.0545],[-2.4947,55.0531],[-2.5007,55.0566],[-2.4999,55.062],[-2.504,55.0624],[-2.4923,55.0681],[-2.5013,55.0752],[-2.4947,55.0818],[-2.4866,55.0811],[-2.4863,55.083],[-2.5037,55.0907],[-2.5165,55.0891],[-2.5181,55.085],[-2.5569,55.081],[-2.5628,55.0844],[-2.5583,55.0888],[-2.5667,55.092],[-2.5683,55.0963],[-2.5793,55.0961],[-2.5833,55.099],[-2.5854,55.1031],[-2.5935,55.1051],[-2.5934,55.1128],[-2.6005,55.1172],[-2.5989,55.1246],[-2.6214,55.1292],[-2.6327,55.1278],[-2.6569,55.1361],[-2.6616,55.1464],[-2.6686,55.1473],[-2.6773,55.1555],[-2.6832,55.1666],[-2.6745,55.1759],[-2.6897,55.189],[-2.6669,55.2216],[-2.6482,55.2199],[-2.6314,55.2237],[-2.6359,55.2298],[-2.6302,55.2448],[-2.6114,55.2471],[-2.6276,55.2506],[-2.6469,55.26],[-2.6267,55.2622],[-2.6282,55.2679],[-2.6092,55.2832],[-2.5734,55.2969],[-2.5737,55.3008],[-2.5651,55.3059],[-2.557,55.3116],[-2.5591,55.3178],[-2.5504,55.3158],[-2.5308,55.3227],[-2.5202,55.323],[-2.502,55.3372],[-2.495,55.3475],[-2.4775,55.3543],[-2.4613,55.3532],[-2.4445,55.3592],[-2.4292,55.3564],[-2.415,55.3589],[-2.4008,55.3535],[-2.3998,55.3483],[-2.393,55.3474],[-2.379,55.3492],[-2.3727,55.3551],[-2.3375,55.3673],[-2.3462,55.3731],[-2.33,55.3812],[-2.3346,55.3832],[-2.3355,55.3926],[-2.3446,55.3994],[-2.3335,55.4024],[-2.3325,55.4099],[-2.3132,55.4068],[-2.3125,55.4099],[-2.296,55.4149],[-2.2945,55.4205],[-2.2739,55.426],[-2.2706,55.4296],[-2.2622,55.4286],[-2.2606,55.4329],[-2.2425,55.4321],[-2.2313,55.4284],[-2.2055,55.4375],[-2.1942,55.4453],[-2.1896,55.4612],[-2.1656,55.4684],[-2.1737,55.4723],[-2.2016,55.4755],[-2.2063,55.4816],[-2.2026,55.4895],[-2.2195,55.5057],[-2.2289,55.5095],[-2.2242,55.5228],[-2.2276,55.5284],[-2.2332,55.5296],[-2.2322,55.5448],[-2.2403,55.5556],[-2.2479,55.5567],[-2.2886,55.5801],[-2.2923,55.5858],[-2.286,55.5965],[-2.2891,55.6038],[-2.2951,55.6086],[-2.3073,55.6111],[-2.3161,55.6205],[-2.3088,55.6225],[-2.3086,55.6289],[-2.3243,55.6262],[-2.3359,55.6321],[-2.3323,55.6348],[-2.3261,55.6372],[-2.3246,55.6432],[-2.3058,55.647],[-2.2831,55.6429],[-2.256,55.6445],[-2.2457,55.6395],[-2.2348,55.6408],[-2.2337,55.6458],[-2.2481,55.6524],[-2.23,55.6624],[-2.2184,55.6643],[-2.2187,55.6759],[-2.1979,55.6883],[-2.184,55.7016],[-2.1671,55.706],[-2.177,55.7184],[-2.1687,55.7222],[-2.1505,55.7232],[-2.146,55.7384],[-2.1388,55.7405],[-2.1366,55.7404],[-2.1253,55.7371],[-2.1173,55.7384],[-2.1162,55.7464],[-2.116,55.7465],[-2.106,55.7482],[-2.1073,55.7595],[-2.0864,55.7615],[-2.0862,55.7615],[-2.046,55.758],[-2.0381,55.7601],[-2.0315,55.7698],[-2.0256,55.7712],[-2.0259,55.7705],[-2.0294,55.7688],[-2.0266,55.7692],[-2.0255,55.7693],[-2.0134,55.7713],[-2.0037,55.7618],[-2.0015,55.7617],[-1.9926,55.7614],[-1.9834,55.7512],[-1.9833,55.751],[-1.9697,55.7424],[-1.9621,55.7362],[-1.9608,55.7333],[-1.9193,55.712],[-1.912,55.705],[-1.884,55.6945],[-1.8801,55.6853],[-1.8856,55.684],[-1.8732,55.6828],[-1.874,55.6756],[-1.8662,55.6659],[-1.87,55.6659],[-1.849,55.6534],[-1.8471,55.6523],[-1.841,55.6457],[-1.8467,55.6467],[-1.8412,55.6436],[-1.839,55.6423],[-1.8132,55.6337],[-1.8022,55.6361],[-1.7902,55.6468],[-1.7839,55.6441],[-1.7648,55.6259],[-1.7718,55.6174],[-1.7862,55.616],[-1.7784,55.6146],[-1.7692,55.603],[-1.7423,55.6186],[-1.7308,55.6175],[-1.7208,55.6154],[-1.7166,55.6123],[-1.6919,55.6062],[-1.6842,55.6004],[-1.6648,55.5861],[-1.649,55.5838],[-1.6528,55.5829],[-1.6393,55.5782],[-1.6521,55.5713],[-1.6456,55.5742],[-1.6333,55.5597],[-1.6264,55.5577],[-1.628,55.5544],[-1.6189,55.5522],[-1.6191,55.5521],[-1.6324,55.5503],[-1.638,55.5409],[-1.637,55.5397],[-1.6262,55.5278],[-1.6185,55.5264],[-1.6189,55.5234],[-1.6191,55.5233],[-1.6189,55.5233],[-1.6191,55.5226],[-1.6106,55.5217],[-1.6188,55.5145],[-1.6135,55.5094],[-1.6143,55.4982],[-1.6096,55.4965],[-1.6091,55.496],[-1.6075,55.4957],[-1.5954,55.4913],[-1.5911,55.4924],[-1.5914,55.4896],[-1.5931,55.4832],[-1.5925,55.4806],[-1.5933,55.4732],[-1.5934,55.473],[-1.5886,55.462],[-1.593,55.457],[-1.5863,55.4466],[-1.5933,55.4402],[-1.5873,55.4343],[-1.5753,55.4309],[-1.5818,55.4181],[-1.5788,55.4089],[-1.5912,55.4034],[-1.5925,55.4028],[-1.5967,55.3947],[-1.6114,55.3852],[-1.6214,55.3883],[-1.6173,55.3893],[-1.6169,55.3909],[-1.6185,55.3948],[-1.6098,55.3948],[-1.6186,55.3952],[-1.6192,55.3947],[-1.6177,55.3905],[-1.6235,55.3918],[-1.6235,55.3895],[-1.6146,55.3799],[-1.6138,55.3844],[-1.6085,55.3839],[-1.606,55.3739],[-1.6059,55.3736],[-1.6017,55.3667],[-1.5995,55.3608],[-1.5951,55.3561],[-1.5886,55.3453],[-1.5885,55.3452],[-1.5817,55.3394],[-1.5762,55.3395],[-1.5736,55.3391],[-1.582,55.3376],[-1.5944,55.3433],[-1.5924,55.3396],[-1.608,55.3446],[-1.6101,55.3499],[-1.6164,55.3442],[-1.6267,55.3482],[-1.6164,55.344],[-1.6102,55.3495],[-1.6091,55.3444],[-1.5854,55.3361],[-1.5838,55.3356],[-1.572,55.3386],[-1.5494,55.3217],[-1.5497,55.3157],[-1.5499,55.3155],[-1.5497,55.3153],[-1.5498,55.3114],[-1.5578,55.3073],[-1.5688,55.2934],[-1.5699,55.2918],[-1.5731,55.2753],[-1.5723,55.2754],[-1.571,55.2755],[-1.571,55.2754],[-1.5544,55.2473],[-1.5255,55.2272],[-1.5289,55.2213],[-1.5184,55.2069],[-1.5105,55.1991],[-1.5017,55.1963],[-1.505,55.1926],[-1.4989,55.1854],[-1.5111,55.1835],[-1.5115,55.1835],[-1.5115,55.1834],[-1.5127,55.1832],[-1.5129,55.1814],[-1.5144,55.1787],[-1.513,55.1779],[-1.5131,55.1748],[-1.5137,55.1743],[-1.5197,55.1705],[-1.5202,55.1677],[-1.5252,55.1626],[-1.5381,55.1623],[-1.5382,55.1623],[-1.5397,55.1617],[-1.5401,55.1616],[-1.5249,55.1605],[-1.5194,55.1496],[-1.5192,55.1491],[-1.5188,55.1486],[-1.5162,55.1435],[-1.4976,55.128],[-1.5218,55.1436],[-1.522,55.1407],[-1.5331,55.1391],[-1.5528,55.1448],[-1.534,55.1376],[-1.5589,55.1345],[-1.5426,55.134],[-1.5439,55.1323],[-1.5352,55.135],[-1.5347,55.1351],[-1.5278,55.1371],[-1.5157,55.134],[-1.5144,55.1337],[-1.505,55.1296],[-1.5046,55.1294],[-1.5005,55.127],[-1.4973,55.1244],[-1.4976,55.1178],[-1.4955,55.1221],[-1.4929,55.1192],[-1.4979,55.1134],[-1.4985,55.1126],[-1.4946,55.1024],[-1.4942,55.1021],[-1.48,55.09],[-1.4775,55.0875],[-1.4769,55.0874],[-1.4737,55.0847],[-1.4771,55.0841],[-1.4784,55.0794],[-1.4779,55.0793],[-1.4766,55.0838],[-1.4734,55.0844],[-1.4713,55.0854],[-1.4687,55.0825],[-1.4684,55.0803],[-1.4663,55.0798],[-1.462,55.0746],[-1.4707,55.0745],[-1.4795,55.0672],[-1.4913,55.0659],[-1.4878,55.0536],[-1.4926,55.0544],[-1.5073,55.0483],[-1.5102,55.055],[-1.5323,55.0541],[-1.5399,55.0616],[-1.5476,55.0566],[-1.5598,55.0545],[-1.5752,55.0556],[-1.5791,55.063],[-1.5843,55.0624],[-1.5921,55.0642],[-1.633,55.0659],[-1.6379,55.0648],[-1.6477,55.0794],[-1.6911,55.0728],[-1.6913,55.0697],[-1.7045,55.0709],[-1.7041,55.0658],[-1.7137,55.0655],[-1.7105,55.0527],[-1.6979,55.0524],[-1.695,55.0429],[-1.7086,55.0423],[-1.7168,55.0386],[-1.7144,55.034],[-1.7268,55.0331],[-1.7393,55.0296],[-1.74,55.0246],[-1.7502,55.024],[-1.7568,55.0078],[-1.7576,55.003],[-1.7738,55.0041],[-1.7757,54.9896],[-1.7697,54.981],[-1.7728,54.9814],[-1.7861,54.9845],[-1.8028,54.9788],[-1.8128,54.9763],[-1.8155,54.9673],[-1.8226,54.9648],[-1.823,54.9557],[-1.8338,54.9533],[-1.8312,54.9443],[-1.8248,54.9403],[-1.827,54.9307],[-1.8412,54.9297],[-1.8528,54.9174],[-1.8267,54.9101],[-1.821,54.9057],[-1.8277,54.9055],[-1.8346,54.899],[-1.8454,54.8969],[-1.8475,54.8898],[-1.8543,54.8912],[-1.851,54.8847],[-1.86,54.878],[-1.8613,54.8664],[-1.8697,54.8616],[-1.8667,54.8554],[-1.8814,54.8466],[-1.8877,54.8436],[-1.8975,54.8457],[-1.914,54.8395],[-1.9108,54.8369],[-1.9152,54.834],[-1.9207,54.838],[-1.9181,54.8408],[-1.9272,54.8414],[-1.921,54.8424],[-1.9224,54.8497],[-1.9319,54.8509],[-1.9327,54.8542],[-1.9392,54.8518],[-1.9524,54.8542],[-1.9726,54.8602],[-1.9747,54.8621],[-1.9707,54.8635],[-1.9802,54.8682],[-1.9955,54.87],[-2.0118,54.8667],[-2.0397,54.8483],[-2.0679,54.8448],[-2.0825,54.8382],[-2.0977,54.8368],[-2.1038,54.8402],[-2.1382,54.8424],[-2.1431,54.827],[-2.1643,54.8158],[-2.1695,54.8036],[-2.1774,54.8068],[-2.1986,54.8067],[-2.2189,54.7824],[-2.2341,54.7842],[-2.2355,54.7868],[-2.2487,54.788],[-2.2828,54.7982],[-2.2931,54.7932],[-2.312,54.791]]],[[[-2.0856,55.7627],[-2.0862,55.793],[-2.077,55.7941],[-2.0623,55.8027],[-2.0525,55.8025],[-2.0344,55.8111],[-2.0312,55.8042],[-2.0146,55.7945],[-2.0121,55.7917],[-2.0063,55.7897],[-2.0015,55.7869],[-2,55.7859],[-1.992,55.7673],[-1.9871,55.7657],[-1.9845,55.7649],[-1.9846,55.7648],[-1.9915,55.7664],[-1.9929,55.7676],[-2.0015,55.766],[-2.0042,55.7655],[-2.0166,55.7747],[-2.0389,55.7691],[-2.0405,55.7606],[-2.0649,55.7634],[-2.0453,55.7592],[-2.067,55.7613],[-2.0856,55.7627]]],[[[-1.8012,55.6893],[-1.7974,55.6872],[-1.7925,55.6888],[-1.7894,55.685],[-1.7791,55.6856],[-1.7791,55.683],[-1.781,55.6768],[-1.7789,55.6714],[-1.7789,55.6677],[-1.7932,55.6706],[-1.7949,55.6681],[-1.8023,55.6683],[-1.8061,55.6782],[-1.8157,55.6824],[-1.831,55.6834],[-1.8425,55.6787],[-1.8522,55.6815],[-1.8549,55.6856],[-1.8517,55.6882],[-1.8267,55.6847],[-1.8133,55.6851],[-1.8012,55.6893]]],[[[-1.7871,55.6533],[-1.7868,55.6471],[-1.7918,55.6534],[-1.7952,55.6578],[-1.7918,55.6581],[-1.7873,55.6555],[-1.7871,55.6533]]],[[[-1.5381,55.3354],[-1.5376,55.333],[-1.5407,55.3348],[-1.5389,55.3363],[-1.5381,55.3354]]],[[[-1.6196,55.6328],[-1.6235,55.6325],[-1.6269,55.6346],[-1.6196,55.6328]]],[[[-1.6219,55.6314],[-1.6243,55.6292],[-1.6244,55.6295],[-1.6244,55.6318],[-1.6219,55.6314]]],[[[-2.0667,55.7611],[-2.0641,55.7603],[-2.0724,55.7609],[-2.0675,55.7611],[-2.067,55.7611],[-2.0667,55.7611]]],[[[-2.1225,55.7377],[-2.1256,55.7375],[-2.129,55.739],[-2.1225,55.7377]]],[[[-1.6473,55.6169],[-1.6483,55.6161],[-1.6499,55.6173],[-1.6473,55.6169]]],[[[-1.6067,55.6437],[-1.6104,55.6434],[-1.6099,55.6436],[-1.6079,55.6442],[-1.6076,55.6441],[-1.6067,55.6437]]],[[[-1.645,55.5828],[-1.6457,55.5822],[-1.6472,55.5833],[-1.6466,55.5834],[-1.645,55.5828]]],[[[-1.6196,55.6393],[-1.6212,55.6391],[-1.6222,55.6391],[-1.6209,55.6396],[-1.6196,55.6399],[-1.6196,55.6393]]],[[[-1.6551,55.6169],[-1.6551,55.6161],[-1.6572,55.6162],[-1.6573,55.6163],[-1.6551,55.6169]]],[[[-1.6304,55.6402],[-1.6288,55.6387],[-1.6301,55.639],[-1.6305,55.6399],[-1.6304,55.6402]]],[[[-1.6279,55.6378],[-1.627,55.637],[-1.6292,55.6373],[-1.6279,55.6378]]]]}},{"type":"Feature","properties":{"areacd":"E10000003","areanm":"Cambridgeshire"},"geometry":{"type":"Polygon","coordinates":[[[-0.0313,52.6615],[0.0215,52.6649],[0.048,52.681],[0.0441,52.7144],[0.048,52.7188],[0.0639,52.7274],[0.089,52.7236],[0.0988,52.7303],[0.1138,52.73],[0.133,52.7393],[0.1703,52.7399],[0.1716,52.738],[0.1682,52.7261],[0.1564,52.7081],[0.1536,52.6822],[0.1571,52.6797],[0.1798,52.6776],[0.1848,52.6779],[0.1836,52.6748],[0.1811,52.6721],[0.1845,52.6721],[0.1837,52.6556],[0.1764,52.6557],[0.1782,52.6526],[0.1695,52.6527],[0.172,52.6487],[0.192,52.6342],[0.2192,52.6218],[0.2108,52.6179],[0.2174,52.6145],[0.2056,52.6118],[0.2016,52.6031],[0.1916,52.6015],[0.1937,52.5921],[0.1991,52.5918],[0.2026,52.5801],[0.2158,52.5794],[0.2185,52.5722],[0.2056,52.5656],[0.2172,52.5606],[0.2142,52.5562],[0.2048,52.5546],[0.205,52.5479],[0.2146,52.5491],[0.2113,52.5452],[0.2039,52.5454],[0.2132,52.5382],[0.2058,52.5338],[0.2081,52.5301],[0.2149,52.532],[0.2203,52.5289],[0.2256,52.5326],[0.2305,52.5279],[0.2224,52.5239],[0.2232,52.5214],[0.2197,52.5231],[0.2061,52.5196],[0.2363,52.5073],[0.2388,52.5092],[0.246,52.4999],[0.2565,52.5077],[0.3094,52.5136],[0.3173,52.513],[0.3183,52.5076],[0.3323,52.5085],[0.345,52.5017],[0.3621,52.4989],[0.367,52.5012],[0.3672,52.4959],[0.3806,52.4795],[0.3919,52.4755],[0.4021,52.4653],[0.4285,52.4546],[0.4234,52.451],[0.4293,52.4364],[0.4232,52.4339],[0.4253,52.4303],[0.3748,52.4097],[0.3821,52.3963],[0.4077,52.3615],[0.4192,52.3579],[0.4201,52.3521],[0.4274,52.3537],[0.4425,52.3488],[0.4363,52.3335],[0.4243,52.3292],[0.4308,52.3171],[0.4574,52.3163],[0.4621,52.3088],[0.4728,52.3039],[0.5047,52.2863],[0.4958,52.2804],[0.4989,52.273],[0.4243,52.2559],[0.4095,52.269],[0.3953,52.2804],[0.3853,52.283],[0.3827,52.2933],[0.3777,52.2912],[0.3606,52.2978],[0.3592,52.2891],[0.3507,52.2829],[0.3551,52.2793],[0.3399,52.2677],[0.3604,52.2502],[0.3566,52.2463],[0.3427,52.2423],[0.3575,52.2341],[0.3712,52.2265],[0.3804,52.2316],[0.385,52.2339],[0.3948,52.2307],[0.4025,52.2354],[0.4115,52.2401],[0.4153,52.2381],[0.4214,52.2397],[0.4145,52.2478],[0.4269,52.2536],[0.4434,52.2426],[0.4503,52.2433],[0.4555,52.2476],[0.4651,52.2404],[0.4718,52.2403],[0.4803,52.2327],[0.495,52.2392],[0.5145,52.2268],[0.5125,52.215],[0.5031,52.207],[0.5025,52.196],[0.495,52.1887],[0.4939,52.1815],[0.4874,52.1698],[0.4913,52.1651],[0.4771,52.1676],[0.4708,52.1632],[0.4628,52.171],[0.4525,52.1732],[0.4445,52.1711],[0.4442,52.1647],[0.4383,52.1652],[0.4358,52.1595],[0.4172,52.1593],[0.4209,52.1556],[0.4183,52.1343],[0.4101,52.1344],[0.4047,52.1293],[0.4085,52.1237],[0.3963,52.1223],[0.3983,52.1188],[0.3896,52.1175],[0.3818,52.1027],[0.3888,52.0992],[0.3869,52.0973],[0.395,52.096],[0.3908,52.0885],[0.3943,52.0843],[0.3995,52.0841],[0.4019,52.0725],[0.4072,52.0708],[0.4045,52.0655],[0.3903,52.0603],[0.3796,52.0496],[0.3882,52.0437],[0.3898,52.0365],[0.3717,52.0374],[0.3638,52.0436],[0.3438,52.051],[0.322,52.0743],[0.2762,52.0926],[0.252,52.0771],[0.2352,52.089],[0.2034,52.0927],[0.1939,52.0755],[0.1858,52.0739],[0.1898,52.0602],[0.1864,52.0567],[0.1675,52.055],[0.1664,52.0482],[0.1607,52.0484],[0.1606,52.0521],[0.1526,52.0503],[0.1511,52.0528],[0.1281,52.0473],[0.119,52.06],[0.1057,52.0603],[0.1012,52.0388],[0.0942,52.0329],[0.0922,52.0216],[0.079,52.0077],[0.0715,52.0083],[0.0681,52.0058],[0.052,52.0246],[0.0403,52.0533],[0.0071,52.0495],[-0.0014,52.0517],[-0.0126,52.0616],[-0.0245,52.0633],[-0.0358,52.0588],[-0.0542,52.0466],[-0.0791,52.0379],[-0.1078,52.0283],[-0.1209,52.0195],[-0.1266,52.0209],[-0.1224,52.0296],[-0.1338,52.0462],[-0.1446,52.047],[-0.1551,52.0531],[-0.1475,52.0694],[-0.1573,52.0805],[-0.1491,52.0911],[-0.1444,52.1375],[-0.1544,52.1444],[-0.1717,52.1395],[-0.2061,52.1444],[-0.2348,52.1447],[-0.2166,52.1587],[-0.2289,52.1662],[-0.2544,52.1722],[-0.2608,52.1764],[-0.2497,52.1844],[-0.244,52.1827],[-0.2408,52.1902],[-0.265,52.2057],[-0.2619,52.2096],[-0.2742,52.2087],[-0.2944,52.2083],[-0.3,52.218],[-0.2938,52.2284],[-0.2867,52.2348],[-0.2857,52.2374],[-0.2932,52.2405],[-0.3136,52.239],[-0.32,52.2427],[-0.3345,52.2429],[-0.3435,52.2419],[-0.341,52.2306],[-0.3591,52.2347],[-0.3744,52.233],[-0.382,52.2687],[-0.381,52.2731],[-0.3722,52.2735],[-0.3749,52.2805],[-0.3926,52.2824],[-0.399,52.2787],[-0.4069,52.2875],[-0.4101,52.2845],[-0.4217,52.2849],[-0.4227,52.2894],[-0.4358,52.2966],[-0.4361,52.3145],[-0.4442,52.3142],[-0.4653,52.3229],[-0.4666,52.3389],[-0.4832,52.3409],[-0.4774,52.3484],[-0.4987,52.3601],[-0.4995,52.367],[-0.4885,52.374],[-0.4961,52.3795],[-0.4868,52.379],[-0.4848,52.3816],[-0.4698,52.3799],[-0.4682,52.3829],[-0.4568,52.3823],[-0.4551,52.3857],[-0.4438,52.3838],[-0.4329,52.3963],[-0.4162,52.4036],[-0.4196,52.4073],[-0.4171,52.4116],[-0.4109,52.4128],[-0.3625,52.4335],[-0.3719,52.437],[-0.3535,52.4603],[-0.3416,52.4669],[-0.3497,52.4729],[-0.3478,52.4772],[-0.3596,52.4901],[-0.3591,52.4973],[-0.3522,52.5033],[-0.3544,52.5065],[-0.3778,52.5106],[-0.3909,52.5194],[-0.4119,52.5247],[-0.4135,52.5284],[-0.4046,52.5323],[-0.4013,52.5387],[-0.4022,52.5483],[-0.4154,52.5515],[-0.4196,52.5589],[-0.4072,52.564],[-0.4156,52.5701],[-0.4154,52.5787],[-0.4088,52.5826],[-0.397,52.583],[-0.388,52.575],[-0.3884,52.5688],[-0.3758,52.5663],[-0.3674,52.5627],[-0.3486,52.5644],[-0.3373,52.5536],[-0.3273,52.5529],[-0.3236,52.5515],[-0.326,52.5486],[-0.3328,52.5465],[-0.3178,52.5343],[-0.2963,52.5143],[-0.2934,52.5069],[-0.2879,52.5087],[-0.2847,52.5061],[-0.2729,52.5128],[-0.2741,52.5189],[-0.2695,52.5204],[-0.2448,52.523],[-0.2431,52.5296],[-0.2383,52.5291],[-0.2316,52.5345],[-0.2367,52.5382],[-0.2351,52.5434],[-0.2231,52.5424],[-0.2177,52.5379],[-0.2143,52.5418],[-0.2028,52.5425],[-0.2003,52.5452],[-0.1879,52.5418],[-0.1856,52.5449],[-0.1911,52.5503],[-0.1979,52.5508],[-0.1885,52.5599],[-0.1899,52.5654],[-0.1817,52.5665],[-0.187,52.5685],[-0.1199,52.5774],[-0.0129,52.5942],[-0.0313,52.6615]]]}},{"type":"Feature","properties":{"areacd":"E10000007","areanm":"Derbyshire"},"geometry":{"type":"Polygon","coordinates":[[[-1.9634,53.5098],[-1.9513,53.5042],[-1.922,53.5099],[-1.9168,53.5145],[-1.9268,53.5209],[-1.9224,53.5308],[-1.9095,53.5384],[-1.8993,53.5381],[-1.894,53.5336],[-1.8735,53.5404],[-1.8417,53.5199],[-1.8273,53.5235],[-1.8222,53.5211],[-1.8196,53.5134],[-1.8007,53.5114],[-1.8104,53.5063],[-1.7962,53.5031],[-1.7949,53.4959],[-1.8003,53.4933],[-1.8015,53.481],[-1.791,53.4758],[-1.7791,53.4742],[-1.7763,53.4683],[-1.7684,53.4648],[-1.7468,53.4634],[-1.7437,53.445],[-1.7497,53.4391],[-1.7442,53.4313],[-1.7467,53.4261],[-1.73,53.416],[-1.7168,53.4193],[-1.704,53.4149],[-1.705,53.405],[-1.6945,53.4011],[-1.6818,53.4018],[-1.6682,53.3931],[-1.6538,53.3919],[-1.6535,53.3848],[-1.6632,53.3742],[-1.664,53.3669],[-1.6306,53.3561],[-1.6256,53.352],[-1.5905,53.3459],[-1.6017,53.3426],[-1.6122,53.3432],[-1.6327,53.3208],[-1.6256,53.3164],[-1.6092,53.3226],[-1.6015,53.3182],[-1.5991,53.3113],[-1.5849,53.3216],[-1.5789,53.3167],[-1.583,53.3157],[-1.5805,53.3117],[-1.5614,53.3158],[-1.5557,53.3115],[-1.5618,53.3066],[-1.5585,53.3053],[-1.5491,53.307],[-1.5368,53.3047],[-1.5313,53.3106],[-1.5262,53.3104],[-1.5105,53.316],[-1.496,53.3164],[-1.4745,53.3185],[-1.4679,53.3171],[-1.4552,53.3219],[-1.4617,53.3284],[-1.4421,53.3374],[-1.4209,53.3345],[-1.4087,53.3419],[-1.3888,53.3364],[-1.3867,53.3349],[-1.392,53.3226],[-1.3851,53.3178],[-1.3626,53.315],[-1.3617,53.3185],[-1.3472,53.3188],[-1.3403,53.3155],[-1.3283,53.329],[-1.3246,53.3288],[-1.3217,53.3257],[-1.3104,53.3293],[-1.3123,53.3341],[-1.2991,53.3325],[-1.2886,53.3262],[-1.2952,53.3218],[-1.2957,53.315],[-1.2821,53.3094],[-1.2736,53.3104],[-1.2542,53.3017],[-1.2434,53.3016],[-1.2308,53.3085],[-1.2199,53.3041],[-1.2032,53.3042],[-1.1998,53.3114],[-1.1872,53.304],[-1.1793,53.3064],[-1.1743,53.3025],[-1.1743,53.2983],[-1.1716,53.2946],[-1.1801,53.2871],[-1.1664,53.2776],[-1.1815,53.27],[-1.1748,53.2651],[-1.2027,53.2611],[-1.2125,53.2456],[-1.2019,53.2355],[-1.2095,53.2177],[-1.2082,53.2117],[-1.2047,53.2083],[-1.2011,53.2039],[-1.2016,53.2001],[-1.1951,53.1893],[-1.1987,53.1831],[-1.2042,53.1823],[-1.2157,53.1809],[-1.2299,53.1785],[-1.2416,53.1781],[-1.2532,53.1655],[-1.2599,53.1645],[-1.2603,53.1647],[-1.269,53.1682],[-1.2821,53.1674],[-1.2889,53.1714],[-1.2961,53.1712],[-1.302,53.1638],[-1.3167,53.1653],[-1.3257,53.1576],[-1.3189,53.1397],[-1.3151,53.1361],[-1.3217,53.1306],[-1.3142,53.1249],[-1.3123,53.1163],[-1.3107,53.1102],[-1.3118,53.1087],[-1.3007,53.1016],[-1.3093,53.0968],[-1.3032,53.0881],[-1.3316,53.081],[-1.3346,53.0776],[-1.3438,53.0687],[-1.3441,53.0623],[-1.3359,53.0529],[-1.3358,53.0507],[-1.3331,53.0339],[-1.328,53.0292],[-1.3228,53.0216],[-1.3133,53.0052],[-1.308,53.0039],[-1.3074,53.0036],[-1.3007,52.9918],[-1.2978,52.9897],[-1.2949,52.9798],[-1.2878,52.9696],[-1.2906,52.9598],[-1.2925,52.9556],[-1.2823,52.9512],[-1.2828,52.9455],[-1.281,52.9408],[-1.2792,52.9368],[-1.2781,52.9336],[-1.2858,52.926],[-1.2828,52.9193],[-1.2819,52.9107],[-1.2718,52.9051],[-1.2566,52.9018],[-1.2466,52.9031],[-1.2474,52.8987],[-1.2397,52.8923],[-1.2464,52.8891],[-1.239,52.8835],[-1.24,52.8801],[-1.2537,52.8793],[-1.2661,52.8733],[-1.2679,52.8733],[-1.2784,52.8756],[-1.2894,52.8724],[-1.306,52.8771],[-1.3093,52.8733],[-1.3193,52.8729],[-1.3204,52.8691],[-1.3388,52.8646],[-1.3449,52.8675],[-1.3433,52.8628],[-1.3519,52.8576],[-1.351,52.8534],[-1.3581,52.8561],[-1.3655,52.8516],[-1.3812,52.846],[-1.3883,52.8394],[-1.3943,52.8368],[-1.388,52.8331],[-1.3978,52.8235],[-1.4177,52.8016],[-1.4436,52.8027],[-1.4419,52.7935],[-1.4549,52.789],[-1.4629,52.7868],[-1.4577,52.7844],[-1.4595,52.7771],[-1.4559,52.7771],[-1.4665,52.768],[-1.4785,52.7637],[-1.4924,52.7594],[-1.4958,52.7599],[-1.504,52.7674],[-1.5255,52.7655],[-1.5297,52.7611],[-1.5397,52.7601],[-1.5473,52.7641],[-1.5549,52.762],[-1.5625,52.7506],[-1.5562,52.7398],[-1.5453,52.7329],[-1.5453,52.7282],[-1.5502,52.7256],[-1.5501,52.7203],[-1.5669,52.7101],[-1.577,52.7117],[-1.5975,52.7004],[-1.6054,52.6965],[-1.6154,52.7007],[-1.6253,52.6974],[-1.6353,52.7025],[-1.6377,52.6997],[-1.655,52.6988],[-1.6543,52.7082],[-1.6593,52.7141],[-1.6566,52.7217],[-1.6756,52.7249],[-1.678,52.7275],[-1.697,52.7272],[-1.7042,52.7321],[-1.6979,52.7354],[-1.6976,52.7437],[-1.6922,52.7441],[-1.6969,52.7528],[-1.686,52.759],[-1.6821,52.7702],[-1.6702,52.7734],[-1.6701,52.7736],[-1.6706,52.7811],[-1.6656,52.7851],[-1.6499,52.7795],[-1.6382,52.7867],[-1.627,52.7798],[-1.6193,52.7852],[-1.6125,52.7812],[-1.6093,52.7844],[-1.6137,52.7861],[-1.6117,52.7898],[-1.6027,52.792],[-1.6035,52.7954],[-1.5979,52.7983],[-1.5936,52.7969],[-1.5891,52.7998],[-1.5918,52.8095],[-1.6104,52.8156],[-1.603,52.8263],[-1.5886,52.8289],[-1.588,52.8315],[-1.592,52.8323],[-1.5912,52.8362],[-1.5989,52.8377],[-1.6072,52.8434],[-1.6191,52.846],[-1.6282,52.8518],[-1.6266,52.8543],[-1.6351,52.853],[-1.6427,52.8563],[-1.6588,52.8568],[-1.6745,52.8611],[-1.69,52.8644],[-1.7006,52.8606],[-1.7035,52.8664],[-1.7121,52.8659],[-1.7177,52.8645],[-1.717,52.8608],[-1.7222,52.8632],[-1.7253,52.8596],[-1.7264,52.863],[-1.7392,52.8648],[-1.7397,52.8677],[-1.7494,52.8667],[-1.746,52.8687],[-1.7476,52.8706],[-1.7523,52.8688],[-1.7508,52.8737],[-1.7586,52.8772],[-1.7742,52.8792],[-1.7773,52.8838],[-1.7836,52.8839],[-1.7881,52.88],[-1.8015,52.8862],[-1.8112,52.8806],[-1.8236,52.8829],[-1.822,52.886],[-1.8267,52.884],[-1.833,52.8874],[-1.8344,52.8955],[-1.83,52.8966],[-1.8333,52.9021],[-1.8441,52.9072],[-1.8475,52.9099],[-1.8426,52.913],[-1.848,52.913],[-1.849,52.9166],[-1.8475,52.9201],[-1.8546,52.92],[-1.8567,52.9234],[-1.853,52.9317],[-1.8496,52.9311],[-1.8493,52.9356],[-1.8396,52.9414],[-1.833,52.9413],[-1.8357,52.9452],[-1.8288,52.9477],[-1.8345,52.9549],[-1.8255,52.9618],[-1.8301,52.9713],[-1.8261,52.9775],[-1.8032,52.9813],[-1.8046,52.9855],[-1.7968,52.9851],[-1.7933,52.9896],[-1.7876,52.9894],[-1.7894,52.9927],[-1.7626,52.9997],[-1.7663,53.007],[-1.7636,53.0114],[-1.7629,53.0134],[-1.7577,53.0171],[-1.7636,53.0214],[-1.7573,53.0288],[-1.7615,53.0334],[-1.759,53.0375],[-1.7681,53.044],[-1.7787,53.043],[-1.779,53.0448],[-1.7841,53.0547],[-1.7757,53.0593],[-1.7857,53.0631],[-1.7915,53.0782],[-1.7886,53.0809],[-1.7942,53.0884],[-1.7923,53.0915],[-1.7831,53.0933],[-1.7836,53.1028],[-1.7899,53.1095],[-1.8009,53.1151],[-1.8141,53.1319],[-1.8222,53.138],[-1.812,53.1527],[-1.8161,53.1586],[-1.8372,53.1757],[-1.874,53.1953],[-1.8849,53.1965],[-1.8985,53.1999],[-1.908,53.1985],[-1.9377,53.2118],[-1.9566,53.2137],[-1.9624,53.2262],[-1.9873,53.2136],[-1.9902,53.223],[-1.976,53.2275],[-1.9749,53.231],[-1.9818,53.2386],[-1.9997,53.245],[-2.0002,53.2554],[-2.0095,53.2606],[-2.0052,53.269],[-2.0081,53.2875],[-2.0094,53.3023],[-2.0015,53.3189],[-2.0102,53.3229],[-2.0094,53.3314],[-2.0137,53.3324],[-2.0143,53.34],[-2.0047,53.346],[-2.0081,53.355],[-2.0089,53.362],[-2.0218,53.3667],[-2.027,53.3638],[-2.0341,53.3677],[-2.0311,53.3702],[-2.0339,53.3755],[-2.0262,53.3736],[-2.022,53.3759],[-2.017,53.3778],[-2.0197,53.3806],[-2.0046,53.3863],[-2.0052,53.3905],[-1.9923,53.4152],[-2.0137,53.4159],[-2.0237,53.4205],[-2.0197,53.4251],[-2.0263,53.4298],[-2.0273,53.4324],[-2.0137,53.4399],[-2.0042,53.4359],[-2.0084,53.4414],[-1.9982,53.4458],[-1.9869,53.4543],[-1.9873,53.4589],[-1.9816,53.4645],[-1.9885,53.47],[-1.9871,53.4816],[-1.9746,53.4879],[-1.9727,53.5025],[-1.9634,53.5098]],[[-1.3883,52.9014],[-1.3917,52.9074],[-1.3878,52.9114],[-1.3896,52.9227],[-1.3839,52.9238],[-1.3854,52.9264],[-1.4036,52.9322],[-1.4145,52.9312],[-1.4162,52.9313],[-1.424,52.9356],[-1.4093,52.9503],[-1.434,52.9513],[-1.4529,52.9474],[-1.4626,52.9498],[-1.4687,52.9506],[-1.4676,52.9557],[-1.4676,52.9648],[-1.4746,52.9659],[-1.4776,52.9644],[-1.4801,52.9681],[-1.4836,52.9673],[-1.4965,52.965],[-1.4978,52.956],[-1.5076,52.9543],[-1.5081,52.9374],[-1.5213,52.9324],[-1.5271,52.9324],[-1.5397,52.9244],[-1.5441,52.9242],[-1.5528,52.9226],[-1.5511,52.917],[-1.5569,52.9147],[-1.5552,52.906],[-1.5486,52.9009],[-1.5397,52.8939],[-1.5386,52.8885],[-1.5265,52.8909],[-1.5231,52.8873],[-1.5146,52.8847],[-1.5031,52.8848],[-1.502,52.8816],[-1.4995,52.8827],[-1.5,52.8772],[-1.4936,52.8736],[-1.4952,52.8704],[-1.4676,52.8705],[-1.4672,52.8729],[-1.45,52.8669],[-1.4462,52.8613],[-1.4382,52.8617],[-1.4236,52.8651],[-1.4298,52.8702],[-1.4165,52.8757],[-1.4204,52.8819],[-1.4097,52.8864],[-1.4027,52.9004],[-1.3883,52.9014]]]}},{"type":"Feature","properties":{"areacd":"E10000008","areanm":"Devon"},"geometry":{"type":"MultiPolygon","coordinates":[[[[-4.1229,50.3468],[-4.1145,50.3444],[-4.1045,50.3457],[-4.0906,50.3409],[-4.0717,50.3535],[-4.058,50.3561],[-4.0577,50.3583],[-4.0502,50.3581],[-4.0551,50.3683],[-4.0502,50.3766],[-4.035,50.3772],[-4.0253,50.3818],[-4.0196,50.3875],[-4.0211,50.3918],[-4.028,50.3933],[-4.0304,50.3971],[-4.0417,50.3976],[-4.0396,50.4014],[-4.0715,50.4019],[-4.0725,50.4072],[-4.0789,50.4097],[-4.0812,50.4208],[-4.0847,50.4258],[-4.0943,50.4278],[-4.1095,50.4321],[-4.1067,50.4349],[-4.1087,50.4383],[-4.1135,50.4442],[-4.1227,50.4408],[-4.125,50.4357],[-4.1355,50.4329],[-4.1466,50.4311],[-4.1511,50.4366],[-4.1558,50.4364],[-4.1652,50.43],[-4.1634,50.4275],[-4.1637,50.4273],[-4.1745,50.4234],[-4.1764,50.4226],[-4.181,50.4254],[-4.1867,50.4246],[-4.1897,50.4285],[-4.1755,50.4338],[-4.1626,50.4494],[-4.1566,50.4465],[-4.1621,50.4504],[-4.1545,50.4566],[-4.1568,50.4619],[-4.1521,50.4639],[-4.1505,50.4651],[-4.1576,50.4623],[-4.1583,50.4566],[-4.1641,50.4565],[-4.1696,50.452],[-4.1851,50.4343],[-4.1907,50.4353],[-4.1913,50.4409],[-4.1989,50.4456],[-4.2005,50.4535],[-4.1958,50.4538],[-4.195,50.4502],[-4.1936,50.455],[-4.2015,50.4544],[-4.2157,50.4683],[-4.2247,50.4671],[-4.2294,50.4572],[-4.2357,50.4587],[-4.2355,50.4663],[-4.2335,50.4674],[-4.2161,50.4755],[-4.2177,50.4846],[-4.2222,50.4883],[-4.2231,50.4894],[-4.2209,50.4974],[-4.2207,50.4977],[-4.2105,50.4963],[-4.1993,50.4924],[-4.1944,50.4941],[-4.195,50.4986],[-4.1825,50.4999],[-4.1803,50.503],[-4.1855,50.5084],[-4.1939,50.5028],[-4.2028,50.5032],[-4.2018,50.5132],[-4.2094,50.5136],[-4.2063,50.5202],[-4.212,50.5288],[-4.2071,50.5335],[-4.2145,50.5346],[-4.226,50.5297],[-4.2344,50.5321],[-4.2402,50.5414],[-4.2533,50.5437],[-4.2687,50.5353],[-4.2714,50.5386],[-4.26,50.5446],[-4.2596,50.5512],[-4.2796,50.5692],[-4.2778,50.5748],[-4.2697,50.579],[-4.2712,50.5822],[-4.2812,50.584],[-4.2865,50.584],[-4.2817,50.578],[-4.2852,50.575],[-4.293,50.5843],[-4.308,50.579],[-4.3122,50.5895],[-4.3064,50.5948],[-4.3084,50.6027],[-4.3035,50.6115],[-4.3075,50.62],[-4.3001,50.6334],[-4.3282,50.6398],[-4.3311,50.6404],[-4.3351,50.6464],[-4.3356,50.6557],[-4.3452,50.6648],[-4.349,50.6895],[-4.3526,50.6938],[-4.3666,50.6979],[-4.3692,50.7023],[-4.3616,50.7188],[-4.3666,50.7224],[-4.3739,50.7378],[-4.3849,50.7477],[-4.3808,50.7565],[-4.3879,50.7579],[-4.3874,50.7651],[-4.3803,50.7695],[-4.3932,50.778],[-4.4145,50.7744],[-4.4088,50.7624],[-4.4237,50.7646],[-4.4457,50.7765],[-4.4513,50.7857],[-4.4565,50.7837],[-4.4731,50.785],[-4.4778,50.79],[-4.4928,50.7923],[-4.4899,50.7963],[-4.4744,50.7973],[-4.4768,50.7994],[-4.4724,50.8023],[-4.4517,50.8048],[-4.4452,50.8103],[-4.4385,50.8232],[-4.4442,50.8278],[-4.4397,50.8435],[-4.4423,50.847],[-4.4363,50.8527],[-4.4336,50.8655],[-4.421,50.8661],[-4.425,50.8714],[-4.446,50.8911],[-4.4499,50.9058],[-4.4585,50.9076],[-4.4627,50.9135],[-4.4562,50.929],[-4.4712,50.9313],[-4.517,50.9268],[-4.5459,50.9286],[-4.545,50.934],[-4.5509,50.9394],[-4.5425,50.9444],[-4.5443,50.9528],[-4.533,50.9654],[-4.5356,50.9792],[-4.5292,50.9868],[-4.5348,50.994],[-4.5335,50.9951],[-4.5304,50.9965],[-4.5321,50.9992],[-4.5321,51.0023],[-4.5301,51.0052],[-4.5348,51.0085],[-4.5338,51.0091],[-4.5267,51.0119],[-4.5259,51.0222],[-4.5183,51.0204],[-4.5134,51.0225],[-4.5009,51.0186],[-4.4994,51.0202],[-4.4814,51.0215],[-4.4695,51.0216],[-4.4486,51.0144],[-4.4281,51.0133],[-4.4276,51.0132],[-4.4068,51.0054],[-4.3972,50.9994],[-4.3907,50.9946],[-4.3749,50.9901],[-4.3452,50.9889],[-4.3448,50.989],[-4.3227,50.9934],[-4.3106,50.9954],[-4.3088,50.9963],[-4.3036,50.9973],[-4.2906,51.0087],[-4.2885,51.0102],[-4.2885,51.0106],[-4.2825,51.0159],[-4.2804,51.0176],[-4.2801,51.0178],[-4.2797,51.0183],[-4.2567,51.0384],[-4.2542,51.0388],[-4.2389,51.0412],[-4.2354,51.0445],[-4.2351,51.045],[-4.2312,51.0531],[-4.231,51.0534],[-4.2252,51.063],[-4.2168,51.0651],[-4.2094,51.0621],[-4.2089,51.0614],[-4.2145,51.0573],[-4.2103,51.0519],[-4.1976,51.0579],[-4.1905,51.0548],[-4.1948,51.041],[-4.195,51.0408],[-4.2034,51.0317],[-4.2034,51.0316],[-4.2031,51.0282],[-4.2034,51.0267],[-4.2055,51.014],[-4.2055,51.0138],[-4.2063,51.0108],[-4.2063,51.0107],[-4.2052,51.0051],[-4.1936,51.0006],[-4.1929,51.0003],[-4.1934,51.0015],[-4.2032,51.0057],[-4.1981,51.0209],[-4.1981,51.0212],[-4.1983,51.033],[-4.1874,51.0389],[-4.1797,51.0485],[-4.1809,51.0663],[-4.1716,51.0697],[-4.1647,51.0746],[-4.1584,51.0734],[-4.1609,51.0713],[-4.1516,51.0735],[-4.1554,51.0763],[-4.1529,51.0802],[-4.129,51.0776],[-4.1234,51.0793],[-4.1232,51.0792],[-4.1231,51.0773],[-4.1202,51.0761],[-4.1185,51.0744],[-4.1143,51.0735],[-4.1224,51.0789],[-4.1182,51.0816],[-4.1179,51.0898],[-4.0859,51.0794],[-4.0857,51.0793],[-4.0757,51.0768],[-4.065,51.079],[-4.0564,51.0747],[-4.0563,51.0743],[-4.0544,51.0659],[-4.054,51.0643],[-4.053,51.0644],[-4.0533,51.0657],[-4.0551,51.0748],[-4.0551,51.0751],[-4.0666,51.0811],[-4.0619,51.0827],[-4.0759,51.0799],[-4.0889,51.0857],[-4.0893,51.086],[-4.0925,51.0865],[-4.108,51.0937],[-4.1187,51.0945],[-4.1287,51.0933],[-4.134,51.0858],[-4.1637,51.0839],[-4.1689,51.0875],[-4.1676,51.0934],[-4.168,51.0926],[-4.1706,51.0876],[-4.1708,51.0872],[-4.1668,51.0806],[-4.1799,51.0777],[-4.1818,51.0772],[-4.1921,51.0694],[-4.1905,51.0649],[-4.2158,51.0757],[-4.2228,51.0895],[-4.2225,51.1178],[-4.2378,51.1199],[-4.2402,51.1211],[-4.2425,51.1236],[-4.2425,51.1237],[-4.2391,51.1333],[-4.2494,51.1376],[-4.2619,51.1429],[-4.2557,51.147],[-4.2248,51.1442],[-4.2199,51.1467],[-4.2097,51.1725],[-4.2145,51.1764],[-4.2115,51.1782],[-4.2144,51.1824],[-4.2304,51.1879],[-4.2115,51.1902],[-4.2015,51.2004],[-4.1989,51.2001],[-4.1934,51.1989],[-4.1931,51.1989],[-4.1865,51.1996],[-4.1828,51.1995],[-4.1776,51.1974],[-4.1668,51.2027],[-4.1461,51.2041],[-4.1458,51.2045],[-4.145,51.2055],[-4.1395,51.2078],[-4.1216,51.2104],[-4.1216,51.212],[-4.114,51.2118],[-4.1116,51.2115],[-4.1157,51.2099],[-4.1129,51.2096],[-4.1115,51.2095],[-4.1031,51.2134],[-4.097,51.2109],[-4.0882,51.2175],[-4.0834,51.2159],[-4.0817,51.217],[-4.078,51.2162],[-4.0774,51.2156],[-4.0772,51.2153],[-4.0702,51.2142],[-4.0724,51.2174],[-4.0508,51.2075],[-4.0388,51.2067],[-4.0406,51.209],[-4.0386,51.2102],[-4.032,51.2105],[-4.0288,51.2159],[-4.0278,51.2164],[-4.006,51.2182],[-3.9757,51.2207],[-3.9582,51.2192],[-3.9256,51.232],[-3.9036,51.2297],[-3.8995,51.2276],[-3.894,51.2247],[-3.8939,51.2248],[-3.892,51.2238],[-3.8811,51.2293],[-3.8798,51.2292],[-3.8735,51.2278],[-3.872,51.2274],[-3.8717,51.231],[-3.8714,51.2313],[-3.8616,51.2307],[-3.8456,51.2353],[-3.8301,51.2304],[-3.8277,51.2327],[-3.8085,51.2318],[-3.7854,51.2464],[-3.7697,51.2377],[-3.7207,51.2331],[-3.7205,51.2331],[-3.7332,51.2227],[-3.7287,51.2189],[-3.7316,51.2151],[-3.7263,51.1994],[-3.732,51.191],[-3.7244,51.1839],[-3.7252,51.1794],[-3.746,51.1756],[-3.7573,51.1774],[-3.7862,51.1719],[-3.8064,51.1779],[-3.8398,51.1767],[-3.8322,51.1512],[-3.8348,51.1414],[-3.8214,51.1264],[-3.8043,51.1157],[-3.7674,51.1058],[-3.7199,51.0808],[-3.6923,51.0806],[-3.6824,51.0733],[-3.6502,51.0641],[-3.6524,51.0596],[-3.6353,51.0563],[-3.6243,51.0612],[-3.613,51.0561],[-3.6103,51.058],[-3.5946,51.0552],[-3.6003,51.0506],[-3.5982,51.037],[-3.6145,51.0155],[-3.6098,51.008],[-3.6032,51.0072],[-3.535,51.0034],[-3.5275,51.0055],[-3.5189,51.0148],[-3.5204,51.0259],[-3.4837,51.0338],[-3.4637,51.0253],[-3.4472,51.0257],[-3.4268,51.0314],[-3.4158,51.0278],[-3.4142,51.0197],[-3.3806,51.0185],[-3.3835,50.9945],[-3.3787,50.9775],[-3.3338,50.9828],[-3.3232,50.9775],[-3.3198,50.9706],[-3.3054,50.9649],[-3.2938,50.9551],[-3.2548,50.9419],[-3.2183,50.9433],[-3.1884,50.9486],[-3.164,50.946],[-3.1725,50.9357],[-3.1725,50.9256],[-3.1803,50.9229],[-3.1879,50.9104],[-3.1705,50.9076],[-3.1703,50.9004],[-3.1561,50.9001],[-3.1529,50.8938],[-3.1442,50.8914],[-3.1392,50.8917],[-3.1263,50.9017],[-3.1221,50.8981],[-3.1095,50.9024],[-3.0524,50.9083],[-3.0549,50.8746],[-3.0437,50.8681],[-3.0383,50.8683],[-3.0325,50.8616],[-3.0367,50.8511],[-3.0114,50.8572],[-2.9985,50.851],[-2.9941,50.8552],[-2.9736,50.8557],[-2.9746,50.8524],[-2.9681,50.8513],[-2.9726,50.846],[-2.9698,50.8342],[-2.9543,50.8212],[-2.9613,50.8157],[-2.9479,50.8154],[-2.9384,50.8098],[-2.9187,50.8056],[-2.8903,50.8035],[-2.8869,50.7925],[-2.8975,50.7861],[-2.9074,50.7851],[-2.9295,50.7824],[-2.9392,50.7784],[-2.9543,50.7677],[-2.9526,50.7614],[-2.935,50.7543],[-2.9405,50.7499],[-2.9379,50.7441],[-2.9531,50.7285],[-2.9474,50.7183],[-2.9478,50.7183],[-2.9621,50.7128],[-2.9663,50.7128],[-2.9769,50.7072],[-2.9837,50.7046],[-2.9852,50.7047],[-2.9952,50.7055],[-2.9992,50.7037],[-3.012,50.6998],[-3.0202,50.6987],[-3.0314,50.6999],[-3.0599,50.7046],[-3.0549,50.7025],[-3.0609,50.703],[-3.0741,50.703],[-3.0785,50.702],[-3.0796,50.702],[-3.0801,50.7017],[-3.0843,50.7008],[-3.0847,50.6989],[-3.0847,50.6988],[-3.0922,50.6956],[-3.0957,50.6859],[-3.096,50.6852],[-3.126,50.6871],[-3.1338,50.6863],[-3.1458,50.6851],[-3.1847,50.685],[-3.1848,50.685],[-3.2339,50.6787],[-3.2616,50.6719],[-3.2618,50.6719],[-3.2699,50.6653],[-3.2802,50.6582],[-3.281,50.6563],[-3.2846,50.6534],[-3.2888,50.641],[-3.2896,50.6405],[-3.3061,50.6295],[-3.3062,50.6299],[-3.3074,50.6315],[-3.3087,50.6335],[-3.3093,50.6396],[-3.3096,50.6395],[-3.3093,50.6344],[-3.3097,50.635],[-3.3091,50.6332],[-3.3083,50.6311],[-3.312,50.6309],[-3.307,50.6296],[-3.3183,50.6287],[-3.3196,50.6288],[-3.3201,50.6286],[-3.3225,50.6284],[-3.349,50.6201],[-3.3493,50.6201],[-3.3593,50.6148],[-3.3593,50.6145],[-3.3593,50.6137],[-3.3591,50.6118],[-3.359,50.6069],[-3.3661,50.6099],[-3.3853,50.6067],[-3.3865,50.607],[-3.3884,50.6087],[-3.3929,50.6086],[-3.4029,50.6113],[-3.4121,50.6136],[-3.4124,50.6137],[-3.4147,50.6144],[-3.4265,50.618],[-3.4166,50.6216],[-3.4159,50.6292],[-3.4159,50.6296],[-3.4226,50.6382],[-3.4232,50.6389],[-3.4329,50.6461],[-3.4515,50.679],[-3.4515,50.6793],[-3.4515,50.6839],[-3.4565,50.6825],[-3.4582,50.6845],[-3.4585,50.6844],[-3.4586,50.6844],[-3.4568,50.682],[-3.4529,50.683],[-3.4521,50.6832],[-3.4563,50.6749],[-3.4626,50.6771],[-3.4659,50.6816],[-3.4731,50.6874],[-3.4873,50.6925],[-3.4875,50.6911],[-3.4708,50.6827],[-3.4698,50.6822],[-3.4681,50.664],[-3.4644,50.6616],[-3.4633,50.6607],[-3.4563,50.6561],[-3.4526,50.6425],[-3.4524,50.6423],[-3.4469,50.6172],[-3.4469,50.6169],[-3.4456,50.6107],[-3.4437,50.6016],[-3.4284,50.6079],[-3.4279,50.611],[-3.4278,50.613],[-3.4245,50.611],[-3.4246,50.611],[-3.4429,50.5958],[-3.4431,50.5939],[-3.4495,50.5891],[-3.4582,50.5849],[-3.4669,50.5767],[-3.4673,50.5762],[-3.4686,50.5631],[-3.4689,50.5628],[-3.4747,50.5618],[-3.4811,50.5562],[-3.4826,50.5554],[-3.4827,50.5553],[-3.4826,50.5552],[-3.4823,50.5551],[-3.4965,50.5417],[-3.5002,50.5409],[-3.501,50.5464],[-3.5036,50.5463],[-3.5068,50.5462],[-3.5191,50.546],[-3.5195,50.546],[-3.5591,50.5455],[-3.5666,50.5429],[-3.5667,50.5429],[-3.5772,50.5422],[-3.5802,50.5394],[-3.5806,50.5393],[-3.5854,50.5391],[-3.583,50.5384],[-3.5806,50.5377],[-3.5864,50.5368],[-3.5866,50.5368],[-3.5872,50.5366],[-3.5875,50.5362],[-3.5866,50.5364],[-3.5861,50.5365],[-3.5509,50.5411],[-3.5404,50.5381],[-3.5399,50.5392],[-3.5393,50.5404],[-3.5098,50.5429],[-3.4968,50.538],[-3.5044,50.5243],[-3.5091,50.5166],[-3.5209,50.5177],[-3.5199,50.5111],[-3.5299,50.5046],[-3.5391,50.5045],[-3.5436,50.4975],[-3.5611,50.4945],[-3.5648,50.487],[-3.5698,50.4907],[-3.5843,50.478],[-3.5843,50.4777],[-3.5828,50.469],[-3.5915,50.4597],[-3.587,50.457],[-3.5886,50.4506],[-3.6128,50.447],[-3.6251,50.4413],[-3.628,50.426],[-3.6238,50.4227],[-3.614,50.4228],[-3.6132,50.4145],[-3.599,50.4093],[-3.5798,50.4102],[-3.5789,50.4042],[-3.5735,50.4022],[-3.5748,50.3942],[-3.5646,50.3922],[-3.5562,50.3787],[-3.5441,50.3735],[-3.5365,50.376],[-3.5083,50.3789],[-3.5156,50.3724],[-3.5128,50.3687],[-3.5209,50.3588],[-3.5204,50.3582],[-3.5205,50.358],[-3.5144,50.3531],[-3.5179,50.3465],[-3.5311,50.3444],[-3.5343,50.3372],[-3.5441,50.3355],[-3.5564,50.3431],[-3.5596,50.342],[-3.5735,50.3479],[-3.5641,50.3528],[-3.5704,50.3515],[-3.5709,50.353],[-3.5702,50.3547],[-3.5747,50.3601],[-3.5763,50.3631],[-3.5772,50.3671],[-3.5704,50.3685],[-3.5754,50.3682],[-3.5798,50.3775],[-3.5917,50.3824],[-3.5777,50.3891],[-3.5772,50.3929],[-3.6028,50.3953],[-3.6098,50.3924],[-3.6229,50.4009],[-3.6237,50.398],[-3.6324,50.4],[-3.6302,50.4034],[-3.6342,50.4088],[-3.6476,50.4062],[-3.6424,50.4089],[-3.6435,50.4119],[-3.6448,50.412],[-3.6582,50.4113],[-3.6589,50.4139],[-3.6702,50.4202],[-3.6776,50.4244],[-3.6779,50.4245],[-3.6818,50.4277],[-3.6806,50.4327],[-3.681,50.4328],[-3.6825,50.4277],[-3.677,50.4228],[-3.6716,50.4202],[-3.6716,50.4201],[-3.6677,50.4177],[-3.6645,50.4155],[-3.6705,50.4179],[-3.6658,50.413],[-3.6609,50.4116],[-3.6618,50.4134],[-3.6603,50.4112],[-3.6584,50.4106],[-3.645,50.4106],[-3.6482,50.406],[-3.6479,50.4047],[-3.634,50.405],[-3.644,50.3969],[-3.6668,50.3946],[-3.6629,50.394],[-3.6632,50.3924],[-3.6353,50.398],[-3.626,50.392],[-3.6076,50.3888],[-3.6143,50.3838],[-3.6061,50.3853],[-3.6002,50.3914],[-3.5941,50.3898],[-3.5974,50.3847],[-3.5946,50.3806],[-3.5806,50.3721],[-3.5861,50.3626],[-3.5893,50.3639],[-3.6022,50.3562],[-3.5863,50.36],[-3.5782,50.3588],[-3.5776,50.354],[-3.5772,50.3468],[-3.5734,50.3425],[-3.5659,50.3424],[-3.5635,50.3355],[-3.5724,50.3302],[-3.5718,50.3293],[-3.5717,50.3268],[-3.579,50.3258],[-3.589,50.3256],[-3.5967,50.3198],[-3.6101,50.319],[-3.6105,50.3187],[-3.6121,50.3186],[-3.6338,50.3009],[-3.6461,50.2831],[-3.6461,50.283],[-3.6557,50.2482],[-3.659,50.2364],[-3.6579,50.2341],[-3.6567,50.2306],[-3.6553,50.2293],[-3.6542,50.2276],[-3.6521,50.2267],[-3.6502,50.2251],[-3.6469,50.2245],[-3.6403,50.2218],[-3.6454,50.2218],[-3.6476,50.2222],[-3.6482,50.2218],[-3.6498,50.2218],[-3.6564,50.2178],[-3.6566,50.2179],[-3.6595,50.2205],[-3.681,50.2225],[-3.6835,50.2212],[-3.7034,50.2113],[-3.7081,50.2055],[-3.7134,50.2059],[-3.7141,50.2056],[-3.7168,50.2056],[-3.7199,50.2031],[-3.7218,50.2023],[-3.726,50.2081],[-3.726,50.2082],[-3.7261,50.2082],[-3.7318,50.2072],[-3.7339,50.2098],[-3.7374,50.2148],[-3.773,50.2238],[-3.7616,50.2362],[-3.7409,50.2397],[-3.7263,50.2367],[-3.7391,50.2411],[-3.7351,50.2426],[-3.7228,50.2472],[-3.7202,50.2482],[-3.7307,50.2474],[-3.7312,50.2471],[-3.7354,50.2434],[-3.7558,50.2402],[-3.7562,50.2418],[-3.7565,50.2437],[-3.7525,50.2454],[-3.7532,50.2468],[-3.7557,50.2517],[-3.7471,50.2516],[-3.7475,50.2565],[-3.7367,50.258],[-3.7449,50.2602],[-3.7296,50.2634],[-3.7291,50.2637],[-3.7199,50.2707],[-3.7462,50.2617],[-3.7565,50.2547],[-3.7544,50.2605],[-3.762,50.2615],[-3.7591,50.2768],[-3.758,50.2836],[-3.7651,50.2718],[-3.7725,50.2754],[-3.7745,50.28],[-3.778,50.2792],[-3.7744,50.2783],[-3.7751,50.2701],[-3.7699,50.2697],[-3.7674,50.2629],[-3.7717,50.2601],[-3.7858,50.2657],[-3.7848,50.2623],[-3.7768,50.2609],[-3.7741,50.2571],[-3.7875,50.2552],[-3.7649,50.254],[-3.7615,50.2466],[-3.7588,50.2406],[-3.7625,50.2397],[-3.768,50.2444],[-3.7752,50.2437],[-3.7681,50.2426],[-3.7661,50.2363],[-3.7667,50.2359],[-3.7775,50.2294],[-3.7819,50.2296],[-3.7807,50.2157],[-3.7867,50.2151],[-3.7848,50.2113],[-3.7846,50.2108],[-3.7887,50.2098],[-3.7993,50.2148],[-3.8229,50.2171],[-3.8272,50.2236],[-3.8343,50.2263],[-3.8356,50.2273],[-3.8682,50.2388],[-3.8708,50.2425],[-3.859,50.2427],[-3.8603,50.244],[-3.861,50.2478],[-3.8579,50.258],[-3.8591,50.2621],[-3.8607,50.2624],[-3.8629,50.264],[-3.8678,50.2636],[-3.8679,50.2636],[-3.8695,50.265],[-3.869,50.2665],[-3.8732,50.2685],[-3.8819,50.2765],[-3.8798,50.2819],[-3.8681,50.2793],[-3.864,50.2872],[-3.8523,50.2911],[-3.8584,50.2916],[-3.859,50.298],[-3.8537,50.3004],[-3.8435,50.3084],[-3.8372,50.3083],[-3.8406,50.3096],[-3.8369,50.3101],[-3.8397,50.3112],[-3.8493,50.3066],[-3.8543,50.309],[-3.851,50.3051],[-3.8629,50.2983],[-3.8606,50.2915],[-3.8674,50.2879],[-3.8694,50.282],[-3.8735,50.2817],[-3.8807,50.2846],[-3.8948,50.2817],[-3.8971,50.2874],[-3.902,50.2887],[-3.9089,50.2927],[-3.91,50.2944],[-3.916,50.2949],[-3.9236,50.2966],[-3.931,50.2963],[-3.9452,50.2976],[-3.9455,50.2979],[-3.9469,50.3066],[-3.9431,50.3119],[-3.9402,50.3133],[-3.9347,50.3232],[-3.9285,50.3249],[-3.92,50.332],[-3.9285,50.3258],[-3.9358,50.3247],[-3.936,50.3274],[-3.9268,50.3367],[-3.9388,50.3288],[-3.9384,50.3196],[-3.9485,50.3098],[-3.9639,50.3038],[-3.9673,50.3049],[-3.9756,50.3074],[-3.9876,50.3066],[-3.9918,50.3072],[-3.9925,50.3063],[-3.9947,50.3061],[-4.0012,50.3028],[-4.0078,50.3021],[-4.014,50.3027],[-4.0151,50.3012],[-4.0162,50.3011],[-4.0182,50.2974],[-4.0202,50.2948],[-4.022,50.2953],[-4.025,50.2966],[-4.0275,50.2957],[-4.0362,50.2929],[-4.0388,50.2932],[-4.0383,50.2938],[-4.0493,50.2942],[-4.0506,50.2944],[-4.0525,50.2979],[-4.0564,50.2969],[-4.0572,50.2973],[-4.0664,50.3029],[-4.0751,50.3034],[-4.0717,50.3093],[-4.0711,50.3095],[-4.0564,50.3105],[-4.0533,50.3096],[-4.0488,50.3129],[-4.0404,50.3104],[-4.032,50.3143],[-4.0446,50.3125],[-4.0527,50.3142],[-4.0533,50.3177],[-4.0431,50.3239],[-4.0463,50.3248],[-4.0424,50.3304],[-4.0175,50.3416],[-4.0333,50.339],[-4.0364,50.3394],[-4.0411,50.335],[-4.0454,50.3308],[-4.0505,50.3367],[-4.052,50.3442],[-4.0522,50.3383],[-4.0583,50.3381],[-4.0525,50.3367],[-4.0472,50.3279],[-4.0533,50.3194],[-4.0543,50.3179],[-4.0543,50.3177],[-4.0564,50.3114],[-4.0851,50.3178],[-4.0928,50.3169],[-4.1015,50.3161],[-4.1018,50.3158],[-4.1074,50.3151],[-4.1129,50.3193],[-4.119,50.3194],[-4.1222,50.3255],[-4.1213,50.3284],[-4.1195,50.3295],[-4.1203,50.3326],[-4.1195,50.3357],[-4.1287,50.3374],[-4.1286,50.3426],[-4.1284,50.3429],[-4.1229,50.3467],[-4.1229,50.3468]]],[[[-3.8969,50.2788],[-3.9013,50.2777],[-3.8995,50.281],[-3.8969,50.2788]]],[[[-4.1045,50.307],[-4.1085,50.3066],[-4.106,50.3085],[-4.1045,50.307]]],[[[-4.0611,50.3117],[-4.0593,50.3112],[-4.0622,50.3114],[-4.0611,50.3117]]],[[[-4.6641,51.1618],[-4.6709,51.1585],[-4.6805,51.1724],[-4.6734,51.1802],[-4.6776,51.1853],[-4.6741,51.1855],[-4.6773,51.1892],[-4.6745,51.1903],[-4.6784,51.1932],[-4.6797,51.1942],[-4.6768,51.2023],[-4.6751,51.202],[-4.6703,51.201],[-4.6697,51.1949],[-4.6644,51.1909],[-4.6639,51.1901],[-4.6616,51.1671],[-4.6534,51.1623],[-4.6542,51.1621],[-4.6641,51.1618]]]]}},{"type":"Feature","properties":{"areacd":"E10000011","areanm":"East Sussex"},"geometry":{"type":"Polygon","coordinates":[[[0.855,50.9237],[0.8547,50.9237],[0.8444,50.9252],[0.7881,50.9333],[0.772,50.9313],[0.7639,50.9401],[0.7468,50.9463],[0.7465,50.9464],[0.7453,50.9471],[0.7379,50.9515],[0.7397,50.9532],[0.7391,50.9531],[0.7373,50.9515],[0.7394,50.9502],[0.7324,50.9474],[0.7316,50.9471],[0.7314,50.9475],[0.7304,50.9489],[0.7313,50.9475],[0.7316,50.9468],[0.7331,50.9474],[0.7394,50.9498],[0.7439,50.9472],[0.7465,50.9457],[0.7466,50.9457],[0.7634,50.9396],[0.7746,50.9276],[0.7497,50.9222],[0.7098,50.902],[0.7097,50.902],[0.6824,50.8859],[0.6695,50.8735],[0.6585,50.87],[0.6585,50.8699],[0.6085,50.8597],[0.6051,50.8581],[0.5896,50.8543],[0.5871,50.8542],[0.5754,50.8535],[0.5717,50.8529],[0.5641,50.8517],[0.5512,50.8504],[0.5436,50.8502],[0.5433,50.8501],[0.5032,50.8432],[0.5031,50.8431],[0.4768,50.8373],[0.4761,50.8371],[0.4632,50.836],[0.4629,50.836],[0.4274,50.8321],[0.4273,50.8321],[0.3779,50.8204],[0.3775,50.8203],[0.3499,50.8098],[0.3392,50.7992],[0.3392,50.7991],[0.3298,50.7863],[0.3201,50.7824],[0.3157,50.7811],[0.3156,50.781],[0.3088,50.7767],[0.2917,50.7659],[0.2915,50.7658],[0.2715,50.7525],[0.2666,50.747],[0.2582,50.7377],[0.2417,50.7351],[0.2378,50.7353],[0.21,50.7384],[0.1887,50.7478],[0.149,50.7591],[0.1477,50.7603],[0.1503,50.7659],[0.1491,50.7682],[0.1467,50.7728],[0.1493,50.7676],[0.1498,50.7661],[0.1471,50.7604],[0.1485,50.7588],[0.1378,50.7558],[0.1239,50.7581],[0.1043,50.7661],[0.1039,50.7663],[0.0917,50.7728],[0.0917,50.7729],[0.0702,50.7812],[0.067,50.7824],[0.0667,50.7825],[0.0581,50.7823],[0.0481,50.8033],[0.0481,50.8034],[0.0434,50.8096],[0.0339,50.8105],[0.0271,50.8152],[0.0284,50.8219],[0.0263,50.831],[0.0273,50.8322],[0.0387,50.8465],[0.0381,50.8475],[0.0216,50.8619],[0.0212,50.8622],[0.0205,50.8643],[0.02,50.8643],[0.021,50.862],[0.0213,50.8618],[0.0376,50.8472],[0.0257,50.8326],[0.0263,50.8154],[0.0341,50.8096],[0.0431,50.8091],[0.0468,50.8032],[0.0468,50.8031],[0.0464,50.7969],[0.0481,50.7961],[0.0486,50.7984],[0.0505,50.7962],[0.051,50.7954],[0.0507,50.7954],[0.0494,50.7957],[0.0509,50.7951],[0.0516,50.7948],[0.0573,50.7817],[0.0561,50.7814],[0.0523,50.7807],[0.0575,50.7766],[0.058,50.7761],[0.0532,50.7795],[0.0529,50.7796],[0.0528,50.7798],[0.0386,50.7818],[0.0297,50.783],[0.0294,50.783],[0,50.7887],[-0.0001,50.7887],[-0.0123,50.792],[-0.0126,50.7921],[-0.015,50.7928],[-0.0379,50.7994],[-0.0166,50.8163],[-0.0205,50.8218],[-0.031,50.8174],[-0.046,50.8218],[-0.0421,50.8248],[-0.0369,50.8412],[-0.0456,50.845],[-0.0736,50.8413],[-0.0708,50.8458],[-0.0753,50.8507],[-0.0833,50.8632],[-0.085,50.8731],[-0.0975,50.878],[-0.1049,50.8723],[-0.1201,50.8736],[-0.1241,50.878],[-0.1353,50.8781],[-0.135,50.8866],[-0.1334,50.894],[-0.1283,50.9189],[-0.1169,50.9411],[-0.1199,50.9417],[-0.1181,50.9453],[-0.1054,50.9431],[-0.1047,50.9456],[-0.1065,50.9629],[-0.1104,50.9678],[-0.1163,50.9672],[-0.1162,50.9704],[-0.1152,50.9761],[-0.1027,50.9808],[-0.0931,50.9792],[-0.0839,50.9907],[-0.0705,50.9913],[-0.0634,50.9791],[-0.0471,50.9812],[-0.0347,50.9775],[-0.0246,50.98],[-0.0201,50.9854],[-0.0163,51.0025],[-0.0201,51.0035],[-0.0161,51.0148],[-0.0221,51.0168],[-0.0218,51.0265],[-0.0016,51.0358],[-0.0079,51.039],[-0.002,51.0431],[-0.003,51.0476],[0.0077,51.0509],[0.0136,51.057],[-0.0082,51.0563],[-0.0098,51.0635],[-0.015,51.0694],[-0.0133,51.074],[-0.0269,51.0751],[-0.0329,51.0924],[-0.0362,51.0935],[-0.0308,51.0942],[-0.0262,51.0918],[-0.0214,51.0968],[-0.0108,51.0965],[0.0029,51.1023],[0.0105,51.1022],[0.005,51.1053],[0.0094,51.1104],[0.0186,51.1036],[0.0254,51.109],[0.0445,51.1106],[0.0281,51.1177],[0.0255,51.1273],[0.0273,51.1399],[0.05,51.1427],[0.0783,51.1399],[0.1259,51.1469],[0.1359,51.147],[0.1609,51.1406],[0.1607,51.1373],[0.1546,51.1375],[0.15,51.1312],[0.1535,51.1206],[0.1626,51.1164],[0.1995,51.1169],[0.2274,51.1242],[0.2433,51.1153],[0.2484,51.1156],[0.2756,51.1124],[0.2789,51.1147],[0.2724,51.1186],[0.2759,51.1204],[0.2797,51.1178],[0.2986,51.1182],[0.3252,51.1229],[0.3262,51.1224],[0.3301,51.1178],[0.3246,51.1121],[0.3347,51.1056],[0.3589,51.1046],[0.3507,51.099],[0.354,51.0936],[0.3508,51.0841],[0.3567,51.0831],[0.3647,51.0882],[0.3738,51.0885],[0.3917,51.0858],[0.3908,51.0813],[0.3964,51.0831],[0.4066,51.0797],[0.4009,51.0712],[0.409,51.0694],[0.4114,51.0659],[0.4177,51.0679],[0.4182,51.0626],[0.4256,51.0641],[0.4408,51.0579],[0.4537,51.057],[0.4713,51.0491],[0.467,51.0379],[0.4673,51.033],[0.4773,51.0292],[0.4934,51.0311],[0.5096,51.0237],[0.5376,51.0217],[0.5419,51.011],[0.572,51.0035],[0.578,51.0045],[0.6054,51.0121],[0.6277,51.0179],[0.6371,51.0119],[0.6466,51.0168],[0.6551,51.0147],[0.6622,51.0175],[0.6769,51.0033],[0.6992,50.9985],[0.7066,50.9936],[0.7113,50.9985],[0.7405,51.0007],[0.7789,50.9895],[0.781,50.9865],[0.777,50.9849],[0.7817,50.9829],[0.777,50.9754],[0.7843,50.9772],[0.8134,50.949],[0.8128,50.942],[0.8191,50.9455],[0.8298,50.9457],[0.8414,50.9576],[0.8462,50.9519],[0.8559,50.9531],[0.8596,50.9397],[0.8679,50.9333],[0.855,50.9237]]]}},{"type":"Feature","properties":{"areacd":"E10000012","areanm":"Essex"},"geometry":{"type":"MultiPolygon","coordinates":[[[[0.3898,52.0365],[0.3882,52.0437],[0.3796,52.0496],[0.3903,52.0603],[0.4045,52.0655],[0.4187,52.0649],[0.4353,52.0691],[0.4382,52.0723],[0.4461,52.0721],[0.444,52.0685],[0.4537,52.0681],[0.4538,52.0711],[0.4618,52.0723],[0.4582,52.0761],[0.4666,52.0784],[0.4708,52.0735],[0.4747,52.0752],[0.4902,52.0671],[0.4877,52.0625],[0.5005,52.0538],[0.511,52.0598],[0.5231,52.0568],[0.53,52.0594],[0.5428,52.0579],[0.5515,52.062],[0.5513,52.0687],[0.5631,52.0708],[0.5717,52.0691],[0.5822,52.0759],[0.5948,52.0742],[0.6055,52.0802],[0.6193,52.0766],[0.6317,52.0819],[0.6345,52.0863],[0.6519,52.0831],[0.6569,52.0854],[0.6608,52.0837],[0.6724,52.0862],[0.679,52.0839],[0.6832,52.087],[0.6882,52.0848],[0.6924,52.0787],[0.7021,52.0795],[0.7121,52.0722],[0.7098,52.067],[0.7032,52.0653],[0.7114,52.0534],[0.7162,52.0487],[0.6994,52.0484],[0.6987,52.0367],[0.7126,52.0349],[0.7065,52.0295],[0.7145,52.0273],[0.7391,52.0323],[0.741,52.0254],[0.7424,52.0163],[0.7385,52.0107],[0.7491,52.0055],[0.7498,51.9998],[0.7611,51.9975],[0.7597,51.9854],[0.7746,51.9826],[0.7723,51.9704],[0.7814,51.9665],[0.7852,51.9675],[0.787,51.9631],[0.8078,51.9618],[0.8125,51.961],[0.8152,51.967],[0.8217,51.9687],[0.8502,51.9608],[0.8583,51.963],[0.8631,51.9683],[0.8801,51.9664],[0.8864,51.9684],[0.8898,51.9734],[0.9076,51.973],[0.9251,51.9762],[0.9293,51.9714],[0.9429,51.9707],[0.9619,51.9769],[0.9641,51.9731],[0.9713,51.9698],[0.9681,51.9641],[0.9715,51.9623],[1.0012,51.9634],[1.0115,51.9551],[1.0247,51.9549],[1.0483,51.9593],[1.0539,51.953],[1.0599,51.9486],[1.0601,51.9482],[1.0617,51.9459],[1.0755,51.947],[1.0804,51.9463],[1.0823,51.9446],[1.0855,51.9456],[1.0983,51.9437],[1.0983,51.9437],[1.1194,51.94],[1.1364,51.9405],[1.1503,51.9459],[1.1706,51.948],[1.181,51.9417],[1.1816,51.9418],[1.1994,51.9425],[1.2058,51.9428],[1.214,51.9403],[1.2191,51.9449],[1.2173,51.9398],[1.2273,51.9395],[1.2344,51.9418],[1.232,51.9448],[1.2352,51.9435],[1.24,51.9467],[1.2611,51.9473],[1.2624,51.9461],[1.2628,51.9457],[1.2746,51.9394],[1.2802,51.9403],[1.2805,51.9404],[1.282,51.9466],[1.2841,51.9465],[1.2917,51.9493],[1.2901,51.9382],[1.2921,51.9374],[1.2921,51.937],[1.2966,51.9356],[1.2853,51.9369],[1.285,51.9367],[1.2734,51.9284],[1.273,51.9281],[1.2618,51.9179],[1.2617,51.9179],[1.2597,51.9167],[1.2589,51.9163],[1.2586,51.9165],[1.2552,51.9181],[1.2549,51.918],[1.254,51.9181],[1.2541,51.9179],[1.2544,51.9179],[1.2589,51.9153],[1.2541,51.9041],[1.2533,51.9032],[1.2468,51.8961],[1.2434,51.9002],[1.2444,51.897],[1.24,51.8966],[1.2315,51.9024],[1.24,51.9026],[1.2297,51.9045],[1.2127,51.8972],[1.2121,51.8969],[1.2301,51.8941],[1.2284,51.8905],[1.2126,51.8904],[1.2121,51.8864],[1.1989,51.8848],[1.2026,51.8781],[1.2105,51.8795],[1.2063,51.8818],[1.2113,51.8805],[1.2105,51.8795],[1.2098,51.8785],[1.1971,51.8773],[1.1997,51.8757],[1.1945,51.8729],[1.1923,51.8717],[1.1782,51.8714],[1.1945,51.8711],[1.2076,51.8709],[1.2244,51.8806],[1.2217,51.8721],[1.2127,51.8699],[1.2285,51.8726],[1.2301,51.868],[1.2253,51.8649],[1.2323,51.863],[1.2281,51.8589],[1.2324,51.8551],[1.2356,51.8615],[1.2431,51.8592],[1.2494,51.8623],[1.2524,51.8589],[1.2497,51.8568],[1.2494,51.8565],[1.2539,51.858],[1.2526,51.8637],[1.2586,51.8635],[1.2599,51.8634],[1.2714,51.8623],[1.2662,51.8619],[1.2714,51.8606],[1.2655,51.8559],[1.2689,51.8517],[1.2697,51.856],[1.2749,51.8549],[1.2701,51.857],[1.2736,51.8621],[1.2678,51.8771],[1.2702,51.877],[1.2753,51.8769],[1.2769,51.8789],[1.2699,51.8775],[1.2665,51.8813],[1.2715,51.8821],[1.2631,51.883],[1.266,51.8855],[1.2836,51.8767],[1.2862,51.8766],[1.2923,51.8704],[1.2872,51.8593],[1.2626,51.8401],[1.2607,51.8386],[1.2541,51.8335],[1.2392,51.8216],[1.2386,51.8212],[1.2318,51.8172],[1.2317,51.8171],[1.1961,51.8012],[1.1961,51.8011],[1.1892,51.7991],[1.179,51.7959],[1.1788,51.7958],[1.1613,51.7896],[1.1503,51.7848],[1.1501,51.7848],[1.1243,51.7754],[1.0945,51.7719],[1.0943,51.7719],[1.0428,51.7699],[1.0331,51.7783],[1.0291,51.7887],[1.0322,51.7862],[1.0354,51.7874],[1.0357,51.7872],[1.0362,51.7848],[1.0377,51.7845],[1.0412,51.7839],[1.0371,51.7855],[1.0371,51.7906],[1.0176,51.8007],[1.0207,51.8031],[1.0297,51.8004],[1.0465,51.8024],[1.0444,51.8031],[1.0622,51.8104],[1.0678,51.8211],[1.0633,51.8206],[1.0596,51.8242],[1.061,51.8222],[1.0636,51.8185],[1.0488,51.8232],[1.0473,51.8216],[1.0488,51.8229],[1.0633,51.8179],[1.0601,51.8116],[1.0396,51.8056],[1.0106,51.8056],[0.9936,51.8164],[0.9826,51.8312],[0.9876,51.8367],[0.9881,51.8374],[0.9989,51.8348],[1.0105,51.8319],[1.0134,51.8321],[1.0135,51.8321],[1.0209,51.8347],[1.0118,51.8326],[1.0115,51.8326],[1.0105,51.8324],[1.0055,51.8336],[0.9855,51.8387],[0.9842,51.8407],[0.9805,51.8471],[0.9728,51.8494],[0.9658,51.8515],[0.9505,51.8561],[0.9524,51.8597],[0.9487,51.8647],[0.9355,51.8768],[0.9283,51.8802],[0.9282,51.8802],[0.9276,51.8802],[0.9355,51.8762],[0.9508,51.8598],[0.9492,51.8561],[0.9535,51.8537],[0.9519,51.8488],[0.9516,51.8483],[0.9521,51.8488],[0.9526,51.849],[0.9531,51.8504],[0.9553,51.8539],[0.9576,51.8533],[0.976,51.8464],[0.9776,51.8409],[0.9784,51.8381],[0.9744,51.8288],[0.9823,51.8173],[0.9663,51.8223],[0.9639,51.829],[0.9525,51.8333],[0.9629,51.8283],[0.9641,51.822],[0.9492,51.8246],[0.9435,51.8222],[0.9512,51.8234],[0.9666,51.8194],[0.9912,51.8072],[0.9696,51.8127],[0.9274,51.8075],[0.9253,51.8083],[0.9199,51.8079],[0.9232,51.8062],[0.9371,51.8058],[0.918,51.7991],[0.9043,51.7913],[0.8982,51.7847],[0.8961,51.7824],[0.8985,51.787],[0.899,51.7884],[0.9098,51.8005],[0.9043,51.8041],[0.9082,51.8003],[0.8986,51.7904],[0.8972,51.789],[0.8947,51.791],[0.8934,51.7744],[0.8785,51.7857],[0.8712,51.7843],[0.8722,51.7832],[0.8562,51.7874],[0.8596,51.7857],[0.8515,51.7863],[0.8417,51.7823],[0.8375,51.7842],[0.8401,51.7853],[0.8349,51.7844],[0.8433,51.7808],[0.8525,51.7828],[0.8579,51.784],[0.8772,51.7793],[0.8906,51.7697],[0.8866,51.7708],[0.8848,51.7683],[0.8945,51.7663],[0.8831,51.7638],[0.8604,51.7688],[0.8575,51.775],[0.8512,51.7741],[0.8514,51.7705],[0.8367,51.7739],[0.8346,51.7704],[0.8393,51.7732],[0.8389,51.771],[0.8425,51.7722],[0.8562,51.7677],[0.8409,51.7702],[0.8453,51.7675],[0.8422,51.7648],[0.8606,51.7643],[0.8504,51.7571],[0.8618,51.7631],[0.8827,51.7576],[0.8562,51.7438],[0.8506,51.7444],[0.8501,51.7475],[0.8475,51.7474],[0.8469,51.7451],[0.8524,51.7416],[0.8349,51.7387],[0.825,51.7384],[0.8225,51.7408],[0.8112,51.7388],[0.7923,51.7452],[0.7891,51.7376],[0.7966,51.7406],[0.7886,51.7366],[0.7807,51.7387],[0.7769,51.744],[0.7714,51.7413],[0.7744,51.7389],[0.7604,51.7425],[0.7631,51.7387],[0.7578,51.7364],[0.7552,51.7353],[0.745,51.7364],[0.745,51.7334],[0.7481,51.7341],[0.7476,51.7321],[0.7518,51.7327],[0.7449,51.731],[0.7443,51.731],[0.7373,51.7327],[0.7375,51.7326],[0.7394,51.7298],[0.7355,51.7295],[0.7129,51.7375],[0.7146,51.7341],[0.7053,51.7238],[0.7021,51.7279],[0.69,51.7324],[0.6895,51.7304],[0.6863,51.7332],[0.6905,51.7356],[0.6904,51.7362],[0.6852,51.7331],[0.6655,51.7388],[0.6652,51.7392],[0.6635,51.7432],[0.6623,51.7434],[0.664,51.7389],[0.6866,51.7319],[0.6887,51.7286],[0.6992,51.7262],[0.6974,51.7228],[0.712,51.7157],[0.711,51.7148],[0.7103,51.7139],[0.7162,51.7136],[0.7178,51.7162],[0.7471,51.7115],[0.7437,51.7065],[0.7481,51.7103],[0.7511,51.7079],[0.746,51.7049],[0.7515,51.7075],[0.7546,51.71],[0.761,51.7093],[0.7692,51.7084],[0.7498,51.7003],[0.7542,51.6954],[0.7469,51.6946],[0.7484,51.691],[0.7382,51.6937],[0.742,51.6914],[0.7392,51.6895],[0.7384,51.687],[0.7402,51.6894],[0.7513,51.6885],[0.7562,51.6917],[0.7576,51.6957],[0.7592,51.6999],[0.7721,51.7017],[0.7723,51.694],[0.7757,51.6905],[0.7734,51.6889],[0.776,51.6888],[0.7734,51.6875],[0.7768,51.6859],[0.7781,51.6852],[0.7768,51.6888],[0.7768,51.6891],[0.7765,51.6899],[0.7762,51.6907],[0.7765,51.6909],[0.776,51.6912],[0.7759,51.6915],[0.7798,51.6928],[0.7786,51.6929],[0.7785,51.6929],[0.7789,51.6933],[0.7785,51.6932],[0.7783,51.6929],[0.774,51.6935],[0.7755,51.7016],[0.7727,51.7033],[0.7715,51.7041],[0.7853,51.7081],[0.7902,51.7063],[0.7908,51.709],[0.7975,51.7079],[0.7908,51.7103],[0.7943,51.7173],[0.8012,51.7181],[0.8059,51.7178],[0.8196,51.7211],[0.8341,51.715],[0.8482,51.7157],[0.8514,51.716],[0.8751,51.7251],[0.8863,51.733],[0.8906,51.7413],[0.8956,51.7433],[0.8995,51.7449],[0.9277,51.7481],[0.9426,51.7398],[0.9505,51.7308],[0.9508,51.7229],[0.9395,51.6986],[0.95,51.6835],[0.9429,51.6723],[0.9424,51.6619],[0.9422,51.6606],[0.9355,51.6611],[0.9418,51.6603],[0.9366,51.66],[0.9399,51.6592],[0.9347,51.6551],[0.9392,51.6564],[0.9396,51.6545],[0.9342,51.6538],[0.9395,51.6543],[0.9379,51.6524],[0.9374,51.6519],[0.9371,51.6362],[0.9357,51.6353],[0.9266,51.6289],[0.909,51.6238],[0.9024,51.6227],[0.8919,51.624],[0.8879,51.6237],[0.8596,51.6212],[0.8383,51.624],[0.8383,51.624],[0.8228,51.6231],[0.8043,51.6261],[0.803,51.6294],[0.8028,51.6259],[0.7952,51.6255],[0.7952,51.6255],[0.777,51.6356],[0.7765,51.636],[0.7618,51.6441],[0.7455,51.6433],[0.7462,51.6456],[0.742,51.6412],[0.7169,51.643],[0.711,51.6399],[0.7107,51.6394],[0.7089,51.6367],[0.6959,51.6392],[0.692,51.637],[0.6622,51.637],[0.6598,51.6431],[0.6648,51.642],[0.6666,51.6426],[0.6506,51.6468],[0.6504,51.6484],[0.6493,51.646],[0.6584,51.6434],[0.6578,51.6379],[0.6296,51.6396],[0.6288,51.6416],[0.6284,51.6392],[0.6304,51.6376],[0.6466,51.6367],[0.6426,51.6326],[0.6269,51.6334],[0.6077,51.6298],[0.6029,51.6378],[0.6027,51.6378],[0.6065,51.6297],[0.5975,51.6323],[0.587,51.6312],[0.5859,51.6236],[0.5775,51.6252],[0.5754,51.6244],[0.571,51.6227],[0.5713,51.6225],[0.5781,51.6248],[0.5865,51.6226],[0.5881,51.6304],[0.6051,51.6289],[0.6054,51.629],[0.6372,51.6317],[0.6474,51.6299],[0.6469,51.6334],[0.6516,51.6359],[0.6561,51.6339],[0.6568,51.635],[0.6569,51.6352],[0.6695,51.6333],[0.7113,51.6353],[0.7218,51.6358],[0.7376,51.6305],[0.7515,51.6315],[0.7642,51.6369],[0.7844,51.6243],[0.7794,51.6188],[0.7852,51.6236],[0.8657,51.6156],[0.8661,51.5992],[0.8625,51.596],[0.8211,51.5987],[0.8167,51.6032],[0.7989,51.6147],[0.7853,51.6135],[0.7772,51.6092],[0.7981,51.6138],[0.8004,51.6096],[0.8149,51.6033],[0.8163,51.6022],[0.8191,51.5976],[0.8041,51.5893],[0.7646,51.5832],[0.7542,51.5881],[0.7511,51.5864],[0.7597,51.5847],[0.7584,51.5805],[0.7218,51.5798],[0.7234,51.5787],[0.7256,51.5771],[0.721,51.576],[0.7205,51.5757],[0.7136,51.5726],[0.7442,51.5787],[0.7531,51.5792],[0.7597,51.5789],[0.761,51.5764],[0.7646,51.5805],[0.8057,51.5861],[0.8067,51.5797],[0.7934,51.5763],[0.7981,51.5718],[0.7991,51.571],[0.8011,51.5689],[0.7857,51.5667],[0.7886,51.5663],[0.7949,51.5655],[0.8047,51.5691],[0.7996,51.5712],[0.802,51.5721],[0.807,51.5696],[0.8037,51.5672],[0.8082,51.5671],[0.8099,51.5698],[0.7956,51.5746],[0.8081,51.5787],[0.8144,51.5764],[0.8209,51.5644],[0.818,51.5628],[0.8246,51.5636],[0.8296,51.5585],[0.8404,51.5601],[0.8506,51.5559],[0.8483,51.5513],[0.8212,51.5407],[0.8211,51.5406],[0.8191,51.5422],[0.8149,51.5437],[0.8108,51.5401],[0.7891,51.5424],[0.7868,51.5473],[0.7868,51.5529],[0.7698,51.5518],[0.7531,51.5549],[0.7521,51.5584],[0.7389,51.5593],[0.7184,51.5609],[0.705,51.5671],[0.6678,51.5722],[0.6439,51.5751],[0.639,51.5768],[0.6322,51.5707],[0.632,51.5705],[0.6355,51.5606],[0.6317,51.5576],[0.624,51.5477],[0.6249,51.5377],[0.6084,51.5349],[0.5941,51.5376],[0.5875,51.5388],[0.5654,51.5419],[0.5646,51.5422],[0.5475,51.5477],[0.5455,51.5479],[0.5444,51.5464],[0.5442,51.5463],[0.5431,51.5374],[0.5428,51.5349],[0.5352,51.5312],[0.5241,51.5333],[0.5202,51.5316],[0.5147,51.5318],[0.509,51.5361],[0.5061,51.5435],[0.4965,51.5487],[0.5031,51.5531],[0.496,51.5488],[0.4999,51.5453],[0.4929,51.5489],[0.4945,51.5508],[0.4993,51.5567],[0.4947,51.5529],[0.4905,51.556],[0.4908,51.5546],[0.4926,51.5472],[0.5038,51.5436],[0.5071,51.5375],[0.5063,51.5382],[0.4977,51.5385],[0.4918,51.5401],[0.4848,51.5479],[0.4667,51.5467],[0.4616,51.5537],[0.4524,51.5519],[0.446,51.5512],[0.4399,51.5451],[0.4311,51.5497],[0.4303,51.546],[0.4248,51.5481],[0.4248,51.5527],[0.4182,51.5508],[0.4211,51.553],[0.4174,51.5571],[0.3935,51.5577],[0.3918,51.5672],[0.3827,51.5658],[0.3438,51.5678],[0.313,51.5659],[0.313,51.5658],[0.2902,51.5645],[0.2868,51.5735],[0.271,51.5903],[0.27,51.5996],[0.2608,51.6004],[0.2539,51.6019],[0.2631,51.6092],[0.2242,51.6317],[0.2003,51.6249],[0.1969,51.6256],[0.1806,51.6257],[0.169,51.6214],[0.151,51.6232],[0.1383,51.6235],[0.1293,51.6214],[0.1193,51.6154],[0.1167,51.6169],[0.1038,51.6125],[0.098,51.6154],[0.0923,51.6136],[0.0946,51.6107],[0.0871,51.6045],[0.0631,51.6069],[0.0625,51.6071],[0.0481,51.6133],[0.0536,51.6183],[0.0407,51.6157],[0.0218,51.6288],[0.0252,51.6352],[0.0251,51.6373],[0.0226,51.6411],[0.001,51.6418],[-0.0123,51.6462],[-0.0118,51.6488],[-0.01,51.6618],[-0.0104,51.6767],[-0.0118,51.6809],[-0.0185,51.6984],[-0.0198,51.7033],[-0.0176,51.7074],[-0.0155,51.7153],[-0.0142,51.7231],[-0.0137,51.7354],[-0.013,51.7427],[-0.0063,51.7417],[0.0012,51.7451],[0.0029,51.7538],[0.0041,51.7554],[0.0131,51.7575],[0.0139,51.7644],[0.0268,51.7742],[0.0423,51.7751],[0.0575,51.7797],[0.0636,51.7839],[0.0897,51.784],[0.0991,51.7832],[0.1072,51.7879],[0.1112,51.7884],[0.1325,51.7958],[0.1461,51.7962],[0.1507,51.797],[0.1582,51.8135],[0.1669,51.8133],[0.1726,51.8163],[0.173,51.8189],[0.1648,51.8192],[0.1662,51.8221],[0.1611,51.8259],[0.1661,51.8307],[0.1617,51.8321],[0.1619,51.8407],[0.1632,51.8448],[0.1668,51.8507],[0.1735,51.8498],[0.1704,51.8616],[0.1827,51.8651],[0.1864,51.8635],[0.1956,51.8681],[0.1908,51.8718],[0.1935,51.8732],[0.1766,51.8816],[0.1761,51.8873],[0.1839,51.8934],[0.1793,51.8955],[0.1571,51.8901],[0.1246,51.8846],[0.1217,51.9112],[0.1248,51.9235],[0.1201,51.9266],[0.118,51.9481],[0.1146,51.9558],[0.1057,51.9635],[0.107,51.9718],[0.0978,51.9772],[0.0964,51.9843],[0.0768,51.9808],[0.069,51.984],[0.0744,52.0009],[0.0681,52.0058],[0.0715,52.0083],[0.079,52.0077],[0.0922,52.0216],[0.0942,52.0329],[0.1012,52.0388],[0.1057,52.0603],[0.119,52.06],[0.1281,52.0473],[0.1511,52.0528],[0.1526,52.0503],[0.1606,52.0521],[0.1607,52.0484],[0.1664,52.0482],[0.1675,52.055],[0.1864,52.0567],[0.1898,52.0602],[0.1858,52.0739],[0.1939,52.0755],[0.2034,52.0927],[0.2352,52.089],[0.252,52.0771],[0.2762,52.0926],[0.322,52.0743],[0.3438,52.051],[0.3638,52.0436],[0.3717,52.0374],[0.3898,52.0365]]],[[[0.5565,51.5444],[0.5531,51.5419],[0.5584,51.544],[0.5586,51.544],[0.5646,51.542],[0.5732,51.5391],[0.5733,51.5391],[0.5852,51.5374],[0.5858,51.5364],[0.5786,51.537],[0.5771,51.5363],[0.5778,51.5359],[0.5912,51.5353],[0.5939,51.5346],[0.597,51.5337],[0.6016,51.5349],[0.6058,51.5307],[0.5967,51.5324],[0.5961,51.5305],[0.5967,51.5304],[0.628,51.5274],[0.6319,51.5246],[0.6259,51.5222],[0.6227,51.5214],[0.6168,51.5219],[0.6175,51.5211],[0.6188,51.5198],[0.6251,51.5209],[0.6294,51.5231],[0.6309,51.5234],[0.6368,51.522],[0.6278,51.5204],[0.6251,51.5164],[0.6038,51.5129],[0.6033,51.5128],[0.5926,51.5113],[0.5894,51.5108],[0.5857,51.5131],[0.583,51.5111],[0.5815,51.5097],[0.5733,51.5078],[0.5535,51.5099],[0.5413,51.5201],[0.5267,51.5192],[0.518,51.5299],[0.5219,51.5316],[0.5238,51.5325],[0.5297,51.5313],[0.5345,51.5304],[0.5431,51.5345],[0.5457,51.5467],[0.5465,51.5472],[0.5565,51.5444]]],[[[0.6254,51.5324],[0.609,51.5348],[0.6242,51.5365],[0.6251,51.5366],[0.6254,51.5324]]],[[[0.6006,51.5355],[0.5965,51.5341],[0.5939,51.535],[0.5872,51.5371],[0.5941,51.5363],[0.6006,51.5355]]],[[[0.6139,51.5307],[0.609,51.5307],[0.6062,51.5339],[0.6139,51.5307]]],[[[0.5833,51.5383],[0.5899,51.5374],[0.5874,51.5375],[0.5833,51.5383]]],[[[0.9934,51.8035],[1.006,51.7993],[0.9894,51.7875],[0.9505,51.7765],[0.9357,51.7736],[0.9041,51.7739],[0.8982,51.7797],[0.9032,51.7874],[0.9195,51.7941],[0.9237,51.8004],[0.9441,51.807],[0.9421,51.8021],[0.9453,51.8068],[0.9539,51.8077],[0.9676,51.8087],[0.9747,51.8044],[0.9934,51.8035]]],[[[0.8906,51.776],[0.8922,51.7718],[0.8856,51.7782],[0.8906,51.776]]],[[[0.9768,51.8174],[0.9845,51.8133],[0.9784,51.8149],[0.9768,51.8174]]],[[[0.9747,51.8102],[0.9774,51.808],[0.9708,51.8112],[0.9747,51.8102]]],[[[0.896,51.774],[0.8953,51.7721],[0.8956,51.775],[0.896,51.774]]],[[[0.7878,51.7223],[0.7723,51.7187],[0.7544,51.7245],[0.7562,51.7267],[0.7779,51.7266],[0.7878,51.7223]]],[[[0.7218,51.7305],[0.7245,51.7249],[0.7249,51.7271],[0.7287,51.7258],[0.7242,51.7221],[0.7284,51.7229],[0.7289,51.7183],[0.7104,51.7186],[0.7218,51.7305]]],[[[0.7492,51.6425],[0.7455,51.6397],[0.7333,51.6406],[0.7339,51.6365],[0.7384,51.6343],[0.7255,51.6385],[0.7123,51.6374],[0.7127,51.6384],[0.7168,51.6416],[0.7242,51.6412],[0.7297,51.6417],[0.7429,51.6405],[0.7492,51.6425]]],[[[0.7627,51.6403],[0.7497,51.6363],[0.7584,51.6407],[0.7518,51.6422],[0.7594,51.6415],[0.7627,51.6403]]],[[[0.886,51.7368],[0.8779,51.7306],[0.8859,51.7383],[0.886,51.7368]]],[[[0.7476,51.6346],[0.7389,51.6345],[0.7518,51.6361],[0.7476,51.6346]]],[[[0.8835,51.7612],[0.8805,51.7608],[0.8725,51.7637],[0.8835,51.7612]]],[[[0.8499,51.7459],[0.8476,51.7452],[0.8477,51.7473],[0.8499,51.7459]]],[[[0.8451,51.7387],[0.8417,51.7385],[0.8428,51.7397],[0.8451,51.7387]]],[[[0.8483,51.7159],[0.848,51.7159],[0.8488,51.7162],[0.8512,51.7173],[0.8512,51.7168],[0.8512,51.7162],[0.8489,51.7159],[0.8483,51.7159]]],[[[0.7373,51.6363],[0.7389,51.635],[0.7371,51.6355],[0.7373,51.6363]]],[[[0.9553,51.6132],[0.9298,51.5924],[0.8864,51.5696],[0.8845,51.5694],[0.8792,51.5689],[0.8663,51.5589],[0.8535,51.5569],[0.8401,51.5616],[0.8327,51.5758],[0.8386,51.5815],[0.8454,51.5821],[0.8477,51.5776],[0.8572,51.5765],[0.8634,51.5719],[0.8579,51.5772],[0.8483,51.5783],[0.8464,51.5827],[0.8401,51.582],[0.838,51.5936],[0.8586,51.5925],[0.8667,51.5952],[0.8743,51.6141],[0.8832,51.6162],[0.8874,51.6156],[0.9006,51.6137],[0.9576,51.6205],[0.9553,51.6132]]],[[[0.8375,51.5852],[0.8228,51.5649],[0.8154,51.5769],[0.8094,51.5791],[0.8082,51.585],[0.8081,51.5856],[0.8083,51.5858],[0.8183,51.5941],[0.8301,51.596],[0.8363,51.5949],[0.8375,51.5852]]],[[[0.8404,51.5609],[0.8314,51.5602],[0.8257,51.5645],[0.8289,51.5723],[0.8322,51.5743],[0.8338,51.57],[0.8404,51.5609]]],[[[1.257,51.8837],[1.2589,51.8763],[1.2544,51.8758],[1.2484,51.8742],[1.2497,51.8749],[1.254,51.8772],[1.2502,51.877],[1.2481,51.8742],[1.2444,51.8688],[1.2259,51.8751],[1.2294,51.8814],[1.2363,51.8819],[1.2386,51.8789],[1.2382,51.8812],[1.257,51.8837]]],[[[1.2318,51.9017],[1.2382,51.8965],[1.2347,51.8967],[1.2446,51.8955],[1.2446,51.888],[1.235,51.8911],[1.2426,51.8865],[1.2308,51.8883],[1.2342,51.893],[1.2286,51.8984],[1.2318,51.9017]]],[[[1.2676,51.8648],[1.2633,51.864],[1.2588,51.8687],[1.2518,51.8695],[1.2544,51.8736],[1.2646,51.8722],[1.2681,51.8651],[1.2681,51.8649],[1.2676,51.8648]]],[[[1.2637,51.875],[1.2636,51.873],[1.2546,51.8756],[1.2565,51.8756],[1.2597,51.8756],[1.2623,51.8807],[1.2637,51.875]]],[[[1.0396,51.8042],[1.0313,51.802],[1.0255,51.8033],[1.0396,51.8042]]],[[[1.2234,51.8982],[1.2289,51.8956],[1.2239,51.8965],[1.2187,51.8975],[1.2189,51.8975],[1.2234,51.8982]]],[[[1.2273,51.8883],[1.2298,51.8852],[1.2297,51.8849],[1.212,51.881],[1.2295,51.8851],[1.2262,51.8881],[1.221,51.8883],[1.2256,51.8886],[1.2273,51.8883]]],[[[1.2063,51.8837],[1.2078,51.8818],[1.205,51.8832],[1.2063,51.8837]]],[[[1.2126,51.8822],[1.2121,51.8815],[1.2098,51.8822],[1.2126,51.8822]]]]}},{"type":"Feature","properties":{"areacd":"E10000013","areanm":"Gloucestershire"},"geometry":{"type":"Polygon","coordinates":[[[-2.2916,51.5937],[-2.2965,51.595],[-2.3002,51.5915],[-2.3083,51.5929],[-2.3167,51.5898],[-2.3199,51.5939],[-2.3312,51.5916],[-2.3342,51.5966],[-2.3354,51.5943],[-2.3441,51.5942],[-2.3441,51.5965],[-2.3527,51.5967],[-2.3656,51.6037],[-2.3706,51.5976],[-2.3907,51.5971],[-2.3964,51.6001],[-2.3951,51.6049],[-2.389,51.6275],[-2.4006,51.6351],[-2.3882,51.6372],[-2.3861,51.6399],[-2.3971,51.6396],[-2.3948,51.6421],[-2.3988,51.6458],[-2.4072,51.6412],[-2.4308,51.6466],[-2.443,51.6525],[-2.4458,51.6493],[-2.4604,51.6526],[-2.4702,51.6475],[-2.4856,51.6451],[-2.4907,51.6448],[-2.485,51.6484],[-2.493,51.6519],[-2.4897,51.664],[-2.5089,51.666],[-2.5324,51.6781],[-2.5086,51.6863],[-2.4933,51.6977],[-2.49,51.7001],[-2.4858,51.6977],[-2.4846,51.697],[-2.4853,51.6977],[-2.4889,51.7016],[-2.4818,51.7256],[-2.4723,51.726],[-2.4495,51.7398],[-2.4326,51.7362],[-2.4281,51.7386],[-2.3827,51.7584],[-2.3826,51.7585],[-2.3793,51.7663],[-2.3838,51.7758],[-2.413,51.7861],[-2.4352,51.787],[-2.4455,51.7905],[-2.4471,51.7956],[-2.4343,51.8104],[-2.4243,51.815],[-2.4126,51.8053],[-2.3749,51.7928],[-2.3543,51.794],[-2.3541,51.794],[-2.3471,51.7977],[-2.3458,51.8039],[-2.3593,51.8112],[-2.3617,51.8222],[-2.3598,51.8266],[-2.3485,51.8294],[-2.3558,51.8352],[-2.3514,51.846],[-2.3328,51.8501],[-2.308,51.8465],[-2.3013,51.8345],[-2.3033,51.8397],[-2.3065,51.8456],[-2.3075,51.8473],[-2.333,51.8508],[-2.3519,51.8467],[-2.3522,51.8467],[-2.3572,51.8359],[-2.3504,51.8298],[-2.3609,51.8272],[-2.3632,51.8216],[-2.3604,51.8069],[-2.348,51.8028],[-2.35,51.7991],[-2.3507,51.7979],[-2.3514,51.7977],[-2.3693,51.7944],[-2.3895,51.8006],[-2.3904,51.8008],[-2.4019,51.8043],[-2.4146,51.8171],[-2.4239,51.8193],[-2.4405,51.8126],[-2.4518,51.7989],[-2.4487,51.7855],[-2.4484,51.7849],[-2.4414,51.7814],[-2.4113,51.7798],[-2.4056,51.7779],[-2.4046,51.7728],[-2.4342,51.7601],[-2.4378,51.7593],[-2.4376,51.759],[-2.4776,51.74],[-2.4773,51.7397],[-2.4773,51.7396],[-2.4965,51.726],[-2.5053,51.7104],[-2.547,51.6983],[-2.5481,51.6975],[-2.5537,51.6925],[-2.5567,51.6934],[-2.5527,51.6959],[-2.5695,51.6899],[-2.5666,51.6932],[-2.5749,51.6854],[-2.5801,51.6835],[-2.6101,51.6724],[-2.6104,51.6722],[-2.6259,51.6606],[-2.6235,51.654],[-2.6487,51.6314],[-2.6477,51.6133],[-2.6512,51.6098],[-2.6561,51.6102],[-2.6593,51.6166],[-2.6553,51.6227],[-2.6674,51.6336],[-2.6658,51.6432],[-2.67,51.6468],[-2.6776,51.6454],[-2.6789,51.6486],[-2.665,51.6632],[-2.6677,51.6658],[-2.6742,51.6619],[-2.6818,51.6606],[-2.6855,51.6625],[-2.6821,51.6684],[-2.6782,51.6689],[-2.6671,51.669],[-2.6587,51.6711],[-2.6564,51.6734],[-2.6569,51.6757],[-2.6722,51.6819],[-2.6684,51.6884],[-2.6687,51.6937],[-2.6727,51.6968],[-2.6738,51.6977],[-2.674,51.6978],[-2.6835,51.701],[-2.6815,51.7031],[-2.6758,51.7],[-2.6724,51.7002],[-2.6693,51.7012],[-2.669,51.7059],[-2.669,51.707],[-2.6793,51.714],[-2.6809,51.7191],[-2.6805,51.7246],[-2.6874,51.7309],[-2.6722,51.7364],[-2.6627,51.7539],[-2.6803,51.7689],[-2.6751,51.7768],[-2.6758,51.7881],[-2.6698,51.7943],[-2.6783,51.8033],[-2.6727,51.8089],[-2.6595,51.8107],[-2.6609,51.8227],[-2.6502,51.8241],[-2.6503,51.8261],[-2.6363,51.8395],[-2.6367,51.8431],[-2.6256,51.839],[-2.6217,51.8433],[-2.6093,51.8468],[-2.6064,51.852],[-2.5985,51.8565],[-2.5821,51.8497],[-2.5788,51.8532],[-2.5849,51.8602],[-2.5618,51.8643],[-2.5341,51.8604],[-2.5273,51.8629],[-2.5223,51.8647],[-2.5086,51.8852],[-2.5018,51.8863],[-2.5002,51.8817],[-2.4947,51.8842],[-2.4939,51.88],[-2.4878,51.8804],[-2.4868,51.8847],[-2.4807,51.8857],[-2.4734,51.8855],[-2.4652,51.893],[-2.4461,51.894],[-2.4392,51.8995],[-2.4455,51.9005],[-2.4403,51.9024],[-2.4463,51.9151],[-2.466,51.928],[-2.4679,51.9374],[-2.4634,51.9393],[-2.4655,51.9517],[-2.4737,51.9565],[-2.486,51.9574],[-2.4902,51.955],[-2.501,51.9606],[-2.4989,51.9637],[-2.4923,51.9641],[-2.4949,51.9811],[-2.4886,51.9874],[-2.471,51.9948],[-2.4776,52.0001],[-2.4855,52.0003],[-2.4913,52.0105],[-2.4804,52.0161],[-2.4789,52.0225],[-2.4662,52.0237],[-2.4626,52.0219],[-2.4634,52.0144],[-2.4361,52.0146],[-2.4336,52.0079],[-2.4374,51.9972],[-2.421,51.9942],[-2.399,51.9961],[-2.3929,52.0129],[-2.3869,52.0122],[-2.3514,52.0213],[-2.3525,52.0135],[-2.3409,52.0069],[-2.3294,52.0068],[-2.3246,52.0036],[-2.3207,51.9921],[-2.3267,51.9758],[-2.3126,51.9765],[-2.3096,51.9706],[-2.3004,51.9668],[-2.2883,51.9707],[-2.2706,51.9689],[-2.2515,51.9666],[-2.2206,51.9955],[-2.2029,51.9964],[-2.1851,51.9906],[-2.1795,51.9948],[-2.1811,51.9995],[-2.1748,51.9961],[-2.1643,51.9964],[-2.1647,52.0042],[-2.1841,52.0139],[-2.1877,52.0191],[-2.1769,52.0225],[-2.1808,52.0417],[-2.1714,52.0476],[-2.1582,52.0502],[-2.1185,52.0421],[-2.1172,52.0337],[-2.1396,52.0278],[-2.1508,52.0066],[-2.139,52.0039],[-2.1419,51.9998],[-2.1351,51.9997],[-2.1315,52.0059],[-2.1211,52.0113],[-2.118,52.0144],[-2.1088,52.0143],[-2.0977,52.0131],[-2.0849,52.0105],[-2.0608,52.0147],[-2.0596,52.01],[-2.0486,52.0071],[-2.0495,52.0038],[-2.0383,52.0046],[-2.0383,52.0096],[-2.027,52.0106],[-2.0294,52.0128],[-2.0237,52.0169],[-1.9986,52.0297],[-1.9952,52.0266],[-1.9842,52.0359],[-1.9514,52.0377],[-1.9475,52.0319],[-1.9317,52.0299],[-1.9271,52.0367],[-1.9222,52.0356],[-1.9135,52.0445],[-1.8623,52.0175],[-1.8616,52.0126],[-1.8391,52.0068],[-1.8354,52.0092],[-1.8357,52.0225],[-1.8249,52.0309],[-1.8306,52.0321],[-1.8299,52.0391],[-1.8346,52.0437],[-1.8635,52.0534],[-1.8629,52.0634],[-1.8651,52.0663],[-1.8717,52.0654],[-1.872,52.0719],[-1.8691,52.0738],[-1.8556,52.0744],[-1.8533,52.0724],[-1.8467,52.0794],[-1.8317,52.0728],[-1.819,52.0854],[-1.8128,52.0787],[-1.8023,52.0969],[-1.7902,52.1006],[-1.7894,52.1064],[-1.7677,52.1126],[-1.751,52.0954],[-1.7423,52.092],[-1.7379,52.0917],[-1.7286,52.1001],[-1.7308,52.0734],[-1.7129,52.0666],[-1.7099,52.0733],[-1.7016,52.0728],[-1.7053,52.0597],[-1.6996,52.0546],[-1.6902,52.0547],[-1.694,52.0395],[-1.6689,52.0366],[-1.6611,52.0316],[-1.6535,52.0354],[-1.6454,52.0342],[-1.6244,52.039],[-1.6177,52.0319],[-1.6202,52.0277],[-1.6285,52.0272],[-1.6388,52.0205],[-1.643,52.0092],[-1.6658,51.9972],[-1.6699,51.9931],[-1.6658,51.9875],[-1.669,51.9753],[-1.6625,51.964],[-1.6524,51.9615],[-1.6554,51.9575],[-1.6489,51.9589],[-1.6325,51.9556],[-1.6151,51.9377],[-1.6456,51.9223],[-1.6412,51.9216],[-1.6448,51.9137],[-1.6348,51.9129],[-1.6338,51.9055],[-1.6333,51.8996],[-1.6448,51.8946],[-1.6588,51.8965],[-1.669,51.8815],[-1.6672,51.877],[-1.6864,51.8663],[-1.6787,51.8529],[-1.6764,51.8503],[-1.6866,51.8344],[-1.6811,51.816],[-1.6769,51.817],[-1.6838,51.8013],[-1.7195,51.7832],[-1.7008,51.7706],[-1.695,51.7486],[-1.687,51.7399],[-1.6856,51.7306],[-1.6958,51.7238],[-1.6937,51.7216],[-1.6861,51.7102],[-1.6647,51.6969],[-1.6574,51.6964],[-1.6483,51.6841],[-1.6685,51.6804],[-1.6753,51.6825],[-1.676,51.6884],[-1.6831,51.6901],[-1.6969,51.692],[-1.7097,51.6817],[-1.7111,51.6718],[-1.7276,51.6672],[-1.7392,51.6674],[-1.7538,51.6622],[-1.7663,51.6627],[-1.7703,51.668],[-1.777,51.6694],[-1.7886,51.667],[-1.812,51.7031],[-1.8186,51.7023],[-1.8194,51.6943],[-1.8125,51.686],[-1.8232,51.6735],[-1.8152,51.6635],[-1.8345,51.6575],[-1.8504,51.6563],[-1.8739,51.6826],[-1.8933,51.6769],[-1.899,51.6797],[-1.8874,51.6601],[-1.8764,51.6531],[-1.8884,51.6489],[-1.9039,51.656],[-1.9208,51.6572],[-1.9311,51.663],[-1.9421,51.6704],[-1.9521,51.6678],[-1.9579,51.6597],[-1.9632,51.6587],[-1.9505,51.637],[-1.9687,51.64],[-1.9774,51.6381],[-1.9765,51.6433],[-1.9847,51.6432],[-1.9953,51.6514],[-2.0031,51.649],[-2.0156,51.6505],[-2.0572,51.6724],[-2.0734,51.6595],[-2.108,51.6309],[-2.1525,51.5903],[-2.1828,51.5992],[-2.1811,51.5965],[-2.19,51.5925],[-2.1924,51.5958],[-2.2066,51.5959],[-2.206,51.6013],[-2.2108,51.603],[-2.2229,51.5961],[-2.2419,51.5921],[-2.2451,51.5814],[-2.2676,51.5827],[-2.2726,51.5776],[-2.2765,51.5799],[-2.2828,51.5785],[-2.2809,51.5813],[-2.2873,51.5832],[-2.2835,51.585],[-2.2941,51.5886],[-2.2916,51.5937]]]}},{"type":"Feature","properties":{"areacd":"E10000014","areanm":"Hampshire"},"geometry":{"type":"MultiPolygon","coordinates":[[[[-0.9324,50.8461],[-0.9322,50.8434],[-0.9377,50.8444],[-0.94,50.8419],[-0.9516,50.8431],[-0.9562,50.8397],[-0.9579,50.8399],[-0.9745,50.8423],[-0.9814,50.8349],[-0.9834,50.8382],[-0.9876,50.84],[-0.9861,50.8378],[-0.9897,50.8377],[-1.0013,50.8437],[-0.9966,50.8466],[-1.0008,50.8449],[-1.0029,50.8482],[-1.0014,50.8448],[-1.0029,50.843],[-1.02,50.8432],[-1.0205,50.8391],[-1.025,50.8467],[-1.0226,50.8521],[-1.054,50.8566],[-1.0544,50.8551],[-1.0657,50.8585],[-1.0756,50.8564],[-1.0908,50.8586],[-1.1159,50.8583],[-1.1182,50.8442],[-1.1162,50.8415],[-1.1127,50.8366],[-1.1151,50.8363],[-1.1359,50.8382],[-1.1492,50.8406],[-1.1517,50.841],[-1.1524,50.8412],[-1.1538,50.8448],[-1.1727,50.8407],[-1.1767,50.848],[-1.1693,50.8483],[-1.1683,50.8503],[-1.1672,50.8526],[-1.1674,50.8528],[-1.1693,50.8496],[-1.1789,50.8489],[-1.179,50.8487],[-1.1759,50.8421],[-1.1795,50.8373],[-1.1761,50.8393],[-1.1664,50.8377],[-1.1664,50.8347],[-1.159,50.8385],[-1.1585,50.8387],[-1.1501,50.8331],[-1.1504,50.8268],[-1.1495,50.8266],[-1.149,50.8266],[-1.1459,50.826],[-1.1409,50.8163],[-1.1402,50.8159],[-1.1238,50.8062],[-1.1362,50.8045],[-1.1346,50.8021],[-1.1238,50.8041],[-1.1222,50.8],[-1.1214,50.7993],[-1.1172,50.7962],[-1.1167,50.7959],[-1.1182,50.7918],[-1.1283,50.7918],[-1.127,50.7893],[-1.1306,50.7888],[-1.1362,50.7904],[-1.1318,50.7873],[-1.1396,50.7849],[-1.1405,50.7846],[-1.1451,50.7853],[-1.1405,50.7842],[-1.133,50.7851],[-1.1246,50.7896],[-1.1164,50.788],[-1.1131,50.7914],[-1.1122,50.7894],[-1.1249,50.7822],[-1.1386,50.7738],[-1.1401,50.7736],[-1.1485,50.7775],[-1.1498,50.7783],[-1.1501,50.7784],[-1.1504,50.7786],[-1.1614,50.7844],[-1.176,50.7865],[-1.1774,50.7867],[-1.1924,50.7916],[-1.1987,50.7968],[-1.2141,50.8094],[-1.2144,50.8095],[-1.2415,50.8179],[-1.2429,50.8183],[-1.2463,50.8173],[-1.2671,50.8274],[-1.2673,50.8274],[-1.2978,50.8361],[-1.3064,50.8407],[-1.308,50.8453],[-1.3033,50.8486],[-1.3077,50.8631],[-1.3078,50.8634],[-1.3058,50.8744],[-1.3058,50.8745],[-1.3054,50.8746],[-1.2964,50.8793],[-1.302,50.8837],[-1.301,50.8846],[-1.3012,50.8847],[-1.3026,50.8855],[-1.3051,50.8831],[-1.3002,50.8795],[-1.3129,50.8765],[-1.3145,50.8731],[-1.3157,50.8756],[-1.3162,50.8733],[-1.3097,50.8689],[-1.3097,50.8684],[-1.3131,50.8651],[-1.3125,50.8548],[-1.3177,50.8542],[-1.3107,50.849],[-1.3242,50.8529],[-1.3517,50.87],[-1.352,50.8702],[-1.3639,50.8794],[-1.3494,50.8886],[-1.3351,50.8974],[-1.322,50.901],[-1.3278,50.9045],[-1.3246,50.9084],[-1.3299,50.915],[-1.3325,50.9181],[-1.358,50.9307],[-1.3559,50.9333],[-1.3528,50.9354],[-1.359,50.938],[-1.3546,50.941],[-1.367,50.9469],[-1.3798,50.9475],[-1.3909,50.9465],[-1.3929,50.9494],[-1.4014,50.9504],[-1.4061,50.9561],[-1.4095,50.9498],[-1.421,50.9517],[-1.4237,50.9472],[-1.4356,50.949],[-1.4413,50.9471],[-1.4495,50.9499],[-1.451,50.9443],[-1.4561,50.9461],[-1.4594,50.9432],[-1.4642,50.9351],[-1.4774,50.9285],[-1.475,50.9214],[-1.4769,50.9207],[-1.4766,50.9204],[-1.4742,50.9117],[-1.4789,50.9165],[-1.4784,50.9126],[-1.4821,50.9111],[-1.4816,50.9107],[-1.4782,50.912],[-1.4619,50.9036],[-1.4616,50.9034],[-1.4523,50.9004],[-1.4423,50.902],[-1.4326,50.8986],[-1.4265,50.8965],[-1.4252,50.8948],[-1.4219,50.895],[-1.4204,50.8917],[-1.4201,50.8909],[-1.3975,50.8748],[-1.4009,50.872],[-1.3956,50.8691],[-1.3954,50.8688],[-1.3883,50.8644],[-1.388,50.8642],[-1.3842,50.863],[-1.3842,50.8629],[-1.3793,50.8601],[-1.3816,50.859],[-1.3733,50.857],[-1.3768,50.8539],[-1.3725,50.8553],[-1.3528,50.8482],[-1.3604,50.8429],[-1.3517,50.8465],[-1.3541,50.8419],[-1.3506,50.8463],[-1.3422,50.8443],[-1.3346,50.8375],[-1.3403,50.8344],[-1.3393,50.8265],[-1.3261,50.8276],[-1.3284,50.8239],[-1.3235,50.8277],[-1.3193,50.8245],[-1.3204,50.8219],[-1.3275,50.8239],[-1.321,50.8211],[-1.3251,50.8173],[-1.3261,50.8166],[-1.3255,50.817],[-1.326,50.8165],[-1.3174,50.8179],[-1.3183,50.8187],[-1.3155,50.8212],[-1.3102,50.8171],[-1.3141,50.8159],[-1.3115,50.8135],[-1.307,50.82],[-1.3086,50.8149],[-1.3278,50.803],[-1.3323,50.7977],[-1.342,50.786],[-1.3526,50.784],[-1.3543,50.7841],[-1.3884,50.7859],[-1.4035,50.7834],[-1.4074,50.7853],[-1.4006,50.7843],[-1.4087,50.7867],[-1.4051,50.7914],[-1.408,50.7981],[-1.409,50.8007],[-1.414,50.8027],[-1.4122,50.8049],[-1.4201,50.8003],[-1.4191,50.8071],[-1.4265,50.8076],[-1.4293,50.8111],[-1.4336,50.8104],[-1.4361,50.81],[-1.4382,50.8154],[-1.4487,50.8201],[-1.4511,50.8192],[-1.4471,50.8186],[-1.4456,50.8136],[-1.4395,50.8141],[-1.44,50.8103],[-1.4337,50.8089],[-1.4204,50.8057],[-1.4229,50.8],[-1.4123,50.8001],[-1.4119,50.7981],[-1.4097,50.7905],[-1.413,50.784],[-1.398,50.7763],[-1.3925,50.7769],[-1.3933,50.7766],[-1.398,50.7755],[-1.4016,50.7739],[-1.3993,50.7743],[-1.4188,50.7666],[-1.4213,50.7662],[-1.4342,50.7645],[-1.4621,50.7608],[-1.465,50.7649],[-1.4675,50.7598],[-1.5139,50.7532],[-1.5355,50.7595],[-1.5356,50.7638],[-1.5369,50.7631],[-1.537,50.7631],[-1.5373,50.7629],[-1.5365,50.76],[-1.5355,50.7591],[-1.534,50.7581],[-1.5276,50.7532],[-1.5294,50.7511],[-1.5259,50.7495],[-1.5259,50.7445],[-1.5307,50.7425],[-1.5373,50.7451],[-1.5353,50.7418],[-1.5414,50.7399],[-1.5418,50.7398],[-1.5412,50.7399],[-1.5344,50.7412],[-1.5333,50.7414],[-1.5311,50.7371],[-1.5449,50.7273],[-1.5526,50.7277],[-1.5546,50.7234],[-1.5549,50.7233],[-1.5607,50.7211],[-1.5654,50.7229],[-1.565,50.721],[-1.5711,50.7182],[-1.5772,50.7167],[-1.5536,50.7066],[-1.5546,50.7127],[-1.5482,50.7078],[-1.5479,50.7075],[-1.5498,50.7071],[-1.5546,50.7063],[-1.5837,50.719],[-1.6304,50.7293],[-1.6582,50.7343],[-1.6918,50.7373],[-1.6847,50.7438],[-1.6818,50.7519],[-1.7137,50.7523],[-1.7442,50.7475],[-1.7447,50.7561],[-1.739,50.7633],[-1.7492,50.7795],[-1.7702,50.7726],[-1.7689,50.7698],[-1.7761,50.7664],[-1.7834,50.7647],[-1.7883,50.7669],[-1.7878,50.7789],[-1.7975,50.7838],[-1.801,50.7919],[-1.806,50.792],[-1.8009,50.7941],[-1.8039,50.796],[-1.8015,50.7997],[-1.8097,50.805],[-1.8117,50.8087],[-1.8029,50.8135],[-1.8073,50.8163],[-1.8018,50.821],[-1.8036,50.83],[-1.7944,50.831],[-1.7967,50.8332],[-1.7906,50.8363],[-1.8033,50.8445],[-1.7999,50.8485],[-1.8055,50.852],[-1.8057,50.8592],[-1.8115,50.8646],[-1.8148,50.8587],[-1.8296,50.8553],[-1.851,50.8587],[-1.8535,50.8665],[-1.8478,50.8697],[-1.848,50.8823],[-1.8441,50.8868],[-1.8485,50.8899],[-1.8399,50.8979],[-1.8249,50.8958],[-1.8165,50.904],[-1.8204,50.9121],[-1.8107,50.9272],[-1.8345,50.9294],[-1.8403,50.9319],[-1.8512,50.9288],[-1.8635,50.9194],[-1.8738,50.9172],[-1.8804,50.925],[-1.9093,50.9453],[-1.921,50.9615],[-1.9298,50.9678],[-1.9392,50.9697],[-1.9448,50.9758],[-1.9555,50.9783],[-1.9568,50.9898],[-1.95,50.9823],[-1.9279,50.9977],[-1.8867,50.9995],[-1.8745,51.0063],[-1.8742,50.9877],[-1.8733,50.985],[-1.8528,51.005],[-1.8358,51.0094],[-1.8154,50.9859],[-1.8075,50.9921],[-1.8003,50.9914],[-1.7471,50.9779],[-1.7196,50.9768],[-1.6977,50.9604],[-1.6769,50.9497],[-1.6616,50.9453],[-1.6464,50.9495],[-1.635,50.9592],[-1.6234,50.9546],[-1.6198,50.9586],[-1.603,50.9785],[-1.6144,50.9795],[-1.6196,50.983],[-1.6191,50.9874],[-1.6251,50.9903],[-1.6288,50.9991],[-1.6172,51.0042],[-1.6062,51.0019],[-1.6149,51.0067],[-1.6091,51.0098],[-1.605,51.007],[-1.5975,51.0081],[-1.6054,51.0173],[-1.5993,51.0237],[-1.6195,51.0331],[-1.6324,51.0328],[-1.635,51.0409],[-1.6277,51.078],[-1.6363,51.0928],[-1.627,51.1029],[-1.6309,51.1112],[-1.6263,51.1173],[-1.6406,51.1254],[-1.663,51.1272],[-1.6608,51.1344],[-1.654,51.156],[-1.6572,51.1593],[-1.6724,51.1785],[-1.6695,51.1848],[-1.6687,51.1908],[-1.6941,51.2039],[-1.6898,51.2148],[-1.6535,51.2205],[-1.6335,51.2175],[-1.6269,51.2286],[-1.6193,51.2412],[-1.6104,51.243],[-1.6075,51.2528],[-1.6007,51.2507],[-1.6002,51.2535],[-1.5776,51.2556],[-1.5452,51.2451],[-1.536,51.2486],[-1.5298,51.2605],[-1.5305,51.2626],[-1.5405,51.2608],[-1.5359,51.2773],[-1.5426,51.2813],[-1.5344,51.2871],[-1.5228,51.2871],[-1.5242,51.2932],[-1.5195,51.2959],[-1.5281,51.2998],[-1.5252,51.3071],[-1.5336,51.3162],[-1.5323,51.323],[-1.5275,51.3385],[-1.5163,51.3394],[-1.4984,51.3294],[-1.4297,51.3365],[-1.445,51.3481],[-1.444,51.3549],[-1.4285,51.3567],[-1.4156,51.3719],[-1.3571,51.3679],[-1.3529,51.3673],[-1.3342,51.3694],[-1.3123,51.3731],[-1.2734,51.3675],[-1.2708,51.3688],[-1.2512,51.372],[-1.2416,51.3662],[-1.2226,51.3698],[-1.2211,51.3676],[-1.2021,51.3662],[-1.1824,51.3601],[-1.1769,51.3573],[-1.1696,51.3607],[-1.1443,51.3573],[-1.144,51.3573],[-1.1249,51.3581],[-1.1238,51.3613],[-1.1159,51.3605],[-1.1138,51.3748],[-1.0866,51.3839],[-1.0754,51.3795],[-1.0799,51.3746],[-1.0725,51.3753],[-1.0657,51.3723],[-1.0499,51.3581],[-1.0111,51.3592],[-1.0003,51.3627],[-0.9861,51.3628],[-0.9868,51.3599],[-0.9393,51.3632],[-0.9361,51.3663],[-0.9178,51.3646],[-0.9151,51.3608],[-0.878,51.3526],[-0.8681,51.3547],[-0.8477,51.3525],[-0.8429,51.3523],[-0.8374,51.3529],[-0.8281,51.3529],[-0.8191,51.3488],[-0.8141,51.3416],[-0.8015,51.3415],[-0.7949,51.341],[-0.7847,51.3382],[-0.7755,51.332],[-0.7671,51.3262],[-0.7629,51.3187],[-0.7583,51.3159],[-0.7464,51.3106],[-0.7457,51.31],[-0.7395,51.2989],[-0.7334,51.2818],[-0.7311,51.2804],[-0.7316,51.2668],[-0.7332,51.2597],[-0.7305,51.2549],[-0.7358,51.2485],[-0.7382,51.2417],[-0.7358,51.2377],[-0.7455,51.2305],[-0.7587,51.2339],[-0.7677,51.2361],[-0.776,51.2419],[-0.7819,51.2417],[-0.7868,51.2419],[-0.7986,51.2394],[-0.8018,51.239],[-0.8048,51.2451],[-0.8207,51.2393],[-0.8209,51.2345],[-0.8265,51.2344],[-0.8286,51.2307],[-0.8286,51.2289],[-0.8402,51.2152],[-0.8488,51.2107],[-0.8455,51.2001],[-0.8393,51.1963],[-0.8273,51.1847],[-0.8265,51.1786],[-0.8341,51.1493],[-0.8342,51.1476],[-0.8284,51.1453],[-0.8174,51.1478],[-0.8047,51.1554],[-0.7945,51.1495],[-0.7913,51.1394],[-0.781,51.1352],[-0.7809,51.1281],[-0.7808,51.1278],[-0.7693,51.1171],[-0.7455,51.1122],[-0.7447,51.1064],[-0.7493,51.1033],[-0.7592,51.1048],[-0.7689,51.1033],[-0.7595,51.1036],[-0.7542,51.0959],[-0.7589,51.0909],[-0.7535,51.0865],[-0.7808,51.0794],[-0.797,51.0639],[-0.8116,51.063],[-0.8145,51.0667],[-0.8173,51.0612],[-0.8264,51.0613],[-0.8291,51.0678],[-0.8373,51.0692],[-0.8502,51.0593],[-0.8497,51.0557],[-0.8528,51.0448],[-0.8827,51.0269],[-0.8945,51.0235],[-0.8985,51.0177],[-0.8935,51.0031],[-0.8997,51.0013],[-0.9056,50.9968],[-0.9177,50.9787],[-0.9155,50.9706],[-0.9293,50.9584],[-0.9265,50.9525],[-0.9319,50.9456],[-0.9422,50.9429],[-0.9353,50.9411],[-0.9311,50.9353],[-0.924,50.9242],[-0.9394,50.9188],[-0.9497,50.9041],[-0.9577,50.8906],[-0.9387,50.8738],[-0.9385,50.8737],[-0.9265,50.8641],[-0.9327,50.8532],[-0.9324,50.8461]]],[[[-0.9691,50.8345],[-0.9703,50.8307],[-0.9637,50.8334],[-0.9574,50.8313],[-0.951,50.824],[-0.9577,50.8158],[-0.9571,50.8074],[-0.9611,50.8114],[-0.9711,50.8107],[-0.9617,50.8093],[-0.9652,50.8065],[-0.9713,50.8081],[-0.9707,50.8057],[-0.969,50.8028],[-0.9587,50.8047],[-0.9527,50.8011],[-0.9571,50.7991],[-0.9558,50.7949],[-0.9555,50.7937],[-0.9629,50.7895],[-0.9679,50.7902],[-0.9674,50.7872],[-0.9577,50.7898],[-0.9513,50.7869],[-0.9511,50.7842],[-0.9614,50.7822],[-0.9493,50.7831],[-0.9432,50.7867],[-0.9369,50.7825],[-0.9368,50.7868],[-0.9365,50.7782],[-0.9465,50.7771],[-0.9787,50.7826],[-1.0202,50.7856],[-1.0253,50.7954],[-1.0242,50.7955],[-1.02,50.7958],[-1.0202,50.7954],[-1.022,50.7938],[-1.0176,50.7925],[-1.0173,50.7952],[-1.0059,50.7933],[-1.0014,50.7953],[-0.9949,50.7981],[-0.9833,50.8208],[-0.9868,50.8269],[-0.9778,50.833],[-0.9691,50.8345]]],[[[-1.0218,50.8373],[-1.0102,50.835],[-1.0221,50.8358],[-1.0218,50.8373]]],[[[-1.0053,50.8338],[-1.0024,50.8293],[-1.0089,50.8333],[-1.0053,50.8338]]],[[[-1.0085,50.8255],[-1.0076,50.8219],[-1.0108,50.8239],[-1.0085,50.8255]]],[[[-1.0147,50.8288],[-1.0142,50.8256],[-1.0171,50.8279],[-1.0147,50.8288]]],[[[-1.3823,50.7791],[-1.3885,50.7777],[-1.3909,50.7781],[-1.3775,50.7809],[-1.3823,50.7791]]]]}},{"type":"Feature","properties":{"areacd":"E10000015","areanm":"Hertfordshire"},"geometry":{"type":"Polygon","coordinates":[[[-0.1573,52.0805],[-0.1475,52.0694],[-0.1551,52.0531],[-0.1446,52.047],[-0.1338,52.0462],[-0.1224,52.0296],[-0.1266,52.0209],[-0.1209,52.0195],[-0.1078,52.0283],[-0.0791,52.0379],[-0.0542,52.0466],[-0.0358,52.0588],[-0.0245,52.0633],[-0.0126,52.0616],[-0.0014,52.0517],[0.0071,52.0495],[0.0403,52.0533],[0.052,52.0246],[0.0681,52.0058],[0.0744,52.0009],[0.069,51.984],[0.0768,51.9808],[0.0964,51.9843],[0.0978,51.9772],[0.107,51.9718],[0.1057,51.9635],[0.1146,51.9558],[0.118,51.9481],[0.1201,51.9266],[0.1248,51.9235],[0.1217,51.9112],[0.1246,51.8846],[0.1571,51.8901],[0.1793,51.8955],[0.1839,51.8934],[0.1761,51.8873],[0.1766,51.8816],[0.1935,51.8732],[0.1908,51.8718],[0.1956,51.8681],[0.1864,51.8635],[0.1827,51.8651],[0.1704,51.8616],[0.1735,51.8498],[0.1668,51.8507],[0.1632,51.8448],[0.1619,51.8407],[0.1617,51.8321],[0.1661,51.8307],[0.1611,51.8259],[0.1662,51.8221],[0.1648,51.8192],[0.173,51.8189],[0.1726,51.8163],[0.1669,51.8133],[0.1582,51.8135],[0.1507,51.797],[0.1461,51.7962],[0.1325,51.7958],[0.1112,51.7884],[0.1072,51.7879],[0.0991,51.7832],[0.0897,51.784],[0.0636,51.7839],[0.0575,51.7797],[0.0423,51.7751],[0.0268,51.7742],[0.0139,51.7644],[0.0131,51.7575],[0.0041,51.7554],[0.0029,51.7538],[0.0012,51.7451],[-0.0063,51.7417],[-0.013,51.7427],[-0.0137,51.7354],[-0.0142,51.7231],[-0.0155,51.7153],[-0.0176,51.7074],[-0.0198,51.7033],[-0.0185,51.6984],[-0.0118,51.6809],[-0.0334,51.6825],[-0.0489,51.684],[-0.062,51.683],[-0.0839,51.69],[-0.1057,51.6919],[-0.1493,51.6855],[-0.1635,51.6881],[-0.1635,51.6859],[-0.1725,51.6731],[-0.1764,51.6726],[-0.1821,51.6686],[-0.1911,51.6639],[-0.1999,51.6702],[-0.2112,51.667],[-0.2079,51.6629],[-0.2266,51.6572],[-0.2289,51.66],[-0.2495,51.6561],[-0.2516,51.6479],[-0.2555,51.6433],[-0.2634,51.6448],[-0.2683,51.6424],[-0.2731,51.6412],[-0.2737,51.6387],[-0.3045,51.6363],[-0.3167,51.6405],[-0.3325,51.6338],[-0.3399,51.6307],[-0.3626,51.6235],[-0.3683,51.6206],[-0.3846,51.6162],[-0.3859,51.6158],[-0.4041,51.6132],[-0.4041,51.6132],[-0.412,51.6142],[-0.4406,51.6201],[-0.4572,51.6123],[-0.4598,51.6131],[-0.4971,51.6317],[-0.5,51.6292],[-0.5003,51.6221],[-0.4953,51.6187],[-0.4992,51.6089],[-0.4963,51.6024],[-0.5005,51.5997],[-0.5179,51.6002],[-0.5226,51.6051],[-0.5292,51.616],[-0.5342,51.6371],[-0.5392,51.638],[-0.5373,51.6429],[-0.531,51.6491],[-0.5368,51.6524],[-0.5369,51.6606],[-0.5326,51.663],[-0.5243,51.6579],[-0.521,51.668],[-0.5147,51.6654],[-0.505,51.6731],[-0.5108,51.6798],[-0.525,51.6787],[-0.5243,51.6821],[-0.5389,51.6798],[-0.5486,51.6827],[-0.544,51.6968],[-0.5476,51.7032],[-0.5631,51.7119],[-0.5613,51.718],[-0.5504,51.723],[-0.5536,51.7284],[-0.5501,51.7306],[-0.5537,51.7341],[-0.5607,51.7341],[-0.5594,51.7373],[-0.5656,51.7365],[-0.5637,51.7396],[-0.5728,51.7359],[-0.5825,51.7453],[-0.5865,51.7521],[-0.613,51.7474],[-0.6138,51.7509],[-0.6285,51.7546],[-0.6437,51.7541],[-0.6735,51.7685],[-0.6761,51.7785],[-0.6815,51.7881],[-0.6902,51.7923],[-0.6822,51.7946],[-0.6827,51.7972],[-0.7012,51.8149],[-0.7093,51.8205],[-0.7192,51.8161],[-0.7234,51.8176],[-0.7392,51.8347],[-0.7457,51.8421],[-0.7364,51.8424],[-0.7312,51.849],[-0.7227,51.85],[-0.7221,51.8547],[-0.7145,51.8576],[-0.7071,51.8544],[-0.6998,51.858],[-0.6924,51.8571],[-0.6869,51.8492],[-0.6956,51.8411],[-0.6872,51.8391],[-0.6672,51.8158],[-0.659,51.8154],[-0.6477,51.8136],[-0.636,51.818],[-0.633,51.8199],[-0.612,51.812],[-0.5949,51.814],[-0.5917,51.8081],[-0.582,51.8069],[-0.5724,51.8194],[-0.5672,51.8198],[-0.5608,51.8264],[-0.5584,51.8248],[-0.5605,51.8302],[-0.5572,51.831],[-0.5537,51.8267],[-0.5417,51.8184],[-0.5431,51.8155],[-0.5242,51.8058],[-0.5198,51.8051],[-0.5023,51.8155],[-0.5016,51.8215],[-0.5113,51.8259],[-0.5061,51.8273],[-0.5018,51.8368],[-0.4919,51.8353],[-0.491,51.8428],[-0.4795,51.8421],[-0.4711,51.8455],[-0.4782,51.8531],[-0.4704,51.8557],[-0.464,51.8501],[-0.454,51.853],[-0.4475,51.8476],[-0.439,51.8518],[-0.4253,51.8467],[-0.4214,51.8502],[-0.4049,51.8406],[-0.3832,51.8319],[-0.3741,51.8292],[-0.3688,51.8311],[-0.3644,51.8399],[-0.3633,51.8421],[-0.3561,51.8405],[-0.3394,51.8496],[-0.3529,51.8635],[-0.3549,51.874],[-0.3499,51.8787],[-0.3546,51.8845],[-0.3652,51.8944],[-0.3739,51.8953],[-0.3784,51.9016],[-0.3857,51.9157],[-0.3836,51.9183],[-0.3891,51.9258],[-0.4056,51.9324],[-0.4025,51.9334],[-0.4059,51.9434],[-0.3996,51.9677],[-0.3935,51.9686],[-0.3903,51.9777],[-0.3807,51.9794],[-0.3783,51.9716],[-0.3829,51.9514],[-0.3726,51.948],[-0.3503,51.9576],[-0.3491,51.9637],[-0.3507,51.9729],[-0.3638,51.9752],[-0.3673,51.9838],[-0.3587,51.9855],[-0.3387,51.9827],[-0.3116,51.9821],[-0.3068,51.9891],[-0.2954,51.9954],[-0.3002,52.0008],[-0.2839,52.0018],[-0.2834,51.9967],[-0.2724,51.9881],[-0.2739,51.9812],[-0.2603,51.9797],[-0.2574,51.9854],[-0.2479,51.9852],[-0.2441,51.999],[-0.2369,51.9979],[-0.2135,52.0084],[-0.2014,52.0098],[-0.2195,52.0367],[-0.195,52.0624],[-0.1727,52.0602],[-0.1643,52.077],[-0.1573,52.0805]]]}},{"type":"Feature","properties":{"areacd":"E10000016","areanm":"Kent"},"geometry":{"type":"MultiPolygon","coordinates":[[[[0.2097,51.4618],[0.2104,51.4621],[0.2105,51.459],[0.2113,51.459],[0.211,51.4607],[0.2092,51.4709],[0.2108,51.4726],[0.2181,51.4797],[0.2389,51.4689],[0.2397,51.4686],[0.255,51.4628],[0.2556,51.4625],[0.2765,51.4536],[0.277,51.4536],[0.293,51.4557],[0.2941,51.4559],[0.3018,51.461],[0.3073,51.4648],[0.311,51.4637],[0.3099,51.467],[0.3153,51.465],[0.3154,51.465],[0.3285,51.4508],[0.3252,51.4503],[0.3537,51.4459],[0.3559,51.4456],[0.3696,51.4452],[0.4056,51.4434],[0.4064,51.4433],[0.427,51.4465],[0.4285,51.4468],[0.4432,51.4495],[0.4432,51.4495],[0.4584,51.4552],[0.4593,51.4555],[0.4668,51.4546],[0.4757,51.4468],[0.4879,51.4433],[0.4909,51.4387],[0.4863,51.436],[0.4912,51.4248],[0.4892,51.4153],[0.4751,51.4129],[0.4776,51.4072],[0.4682,51.4032],[0.4677,51.3985],[0.4518,51.3983],[0.4567,51.3943],[0.4471,51.389],[0.4311,51.388],[0.4248,51.3766],[0.4196,51.3756],[0.4014,51.353],[0.3999,51.3445],[0.4067,51.3478],[0.4186,51.3479],[0.4453,51.3419],[0.4541,51.3409],[0.4486,51.348],[0.4566,51.3521],[0.4493,51.3642],[0.4563,51.3688],[0.4796,51.3574],[0.4939,51.3527],[0.4989,51.3537],[0.5031,51.3547],[0.5031,51.3477],[0.5118,51.3409],[0.5193,51.3399],[0.5257,51.3347],[0.5329,51.3372],[0.5373,51.3339],[0.5441,51.3279],[0.5633,51.3387],[0.5846,51.3347],[0.5917,51.3338],[0.6014,51.3333],[0.6038,51.3363],[0.6109,51.3365],[0.6306,51.3609],[0.6349,51.3664],[0.6233,51.3692],[0.6251,51.3753],[0.6269,51.3747],[0.6409,51.3875],[0.6398,51.3951],[0.648,51.3976],[0.6595,51.3918],[0.6603,51.3839],[0.6632,51.3854],[0.6626,51.3827],[0.6668,51.3831],[0.6669,51.3799],[0.6669,51.3788],[0.6717,51.3774],[0.67,51.3733],[0.6824,51.3803],[0.6865,51.3916],[0.6981,51.3941],[0.7032,51.3918],[0.6948,51.3849],[0.6953,51.3798],[0.7134,51.3839],[0.7192,51.3882],[0.7056,51.3946],[0.7063,51.398],[0.705,51.395],[0.7019,51.3957],[0.7046,51.3985],[0.7003,51.3988],[0.6959,51.4073],[0.6987,51.4096],[0.7003,51.4093],[0.6979,51.4146],[0.6976,51.4152],[0.699,51.4214],[0.7079,51.4198],[0.7279,51.4236],[0.7297,51.421],[0.7147,51.4198],[0.7287,51.4202],[0.7321,51.415],[0.7237,51.4174],[0.7168,51.4141],[0.7268,51.3989],[0.7359,51.3943],[0.7366,51.3961],[0.7429,51.3944],[0.7585,51.3833],[0.7628,51.3844],[0.7597,51.3714],[0.7595,51.3707],[0.7647,51.3631],[0.7627,51.3625],[0.7571,51.3609],[0.7549,51.3526],[0.7547,51.3524],[0.7543,51.3504],[0.7568,51.3547],[0.7601,51.3607],[0.7791,51.3616],[0.7794,51.3616],[0.8143,51.3583],[0.8092,51.3515],[0.8136,51.3487],[0.8117,51.3465],[0.8165,51.3463],[0.8154,51.3474],[0.8138,51.3491],[0.8111,51.3521],[0.817,51.3564],[0.8375,51.3538],[0.8627,51.3563],[0.8709,51.3548],[0.8759,51.3539],[0.8976,51.3444],[0.8927,51.3354],[0.884,51.3323],[0.8801,51.3287],[0.8834,51.331],[0.8864,51.3326],[0.8918,51.3339],[0.8945,51.3364],[0.8987,51.334],[0.9109,51.3343],[0.9116,51.3317],[0.9137,51.3304],[0.9153,51.3294],[0.9148,51.327],[0.9157,51.3297],[0.9111,51.3344],[0.9109,51.3346],[0.9106,51.3346],[0.9099,51.3355],[0.8964,51.3361],[0.8963,51.3361],[0.8963,51.3362],[0.8967,51.3415],[0.919,51.3457],[0.9502,51.3458],[0.9503,51.3458],[0.9977,51.3476],[1.0115,51.3517],[1.0115,51.3517],[1.0245,51.3636],[1.0252,51.3638],[1.0281,51.3631],[1.0265,51.3638],[1.0258,51.3641],[1.0262,51.3645],[1.0315,51.3647],[1.0531,51.3654],[1.0544,51.3655],[1.0694,51.3693],[1.0814,51.3682],[1.0823,51.3681],[1.0956,51.3688],[1.0988,51.3731],[1.1025,51.3728],[1.1122,51.372],[1.1366,51.373],[1.1366,51.373],[1.1597,51.3755],[1.1661,51.3762],[1.1933,51.3792],[1.2004,51.3798],[1.2242,51.3793],[1.2249,51.3793],[1.2446,51.3785],[1.2476,51.378],[1.2502,51.3782],[1.2631,51.3777],[1.2801,51.3782],[1.2901,51.3828],[1.3196,51.3819],[1.3207,51.382],[1.3311,51.3825],[1.3349,51.3864],[1.3448,51.3852],[1.3451,51.3851],[1.3743,51.3874],[1.3745,51.3874],[1.3789,51.3878],[1.3786,51.3912],[1.3877,51.3927],[1.3887,51.3928],[1.4029,51.3923],[1.404,51.3923],[1.425,51.3938],[1.4347,51.3893],[1.4353,51.3892],[1.4421,51.3872],[1.4434,51.3855],[1.4431,51.385],[1.4444,51.3841],[1.4476,51.3801],[1.4496,51.3775],[1.4468,51.3702],[1.446,51.3681],[1.4458,51.3676],[1.4434,51.3581],[1.4364,51.3427],[1.4363,51.3426],[1.43,51.3362],[1.4299,51.3362],[1.4253,51.3303],[1.425,51.3299],[1.4247,51.326],[1.4232,51.3314],[1.4182,51.3292],[1.4216,51.3277],[1.4145,51.3275],[1.415,51.3244],[1.4225,51.3238],[1.4113,51.3239],[1.4092,51.3269],[1.396,51.3261],[1.3769,51.3296],[1.3659,51.325],[1.3617,51.3196],[1.3631,51.3136],[1.3602,51.3161],[1.3624,51.3134],[1.3582,51.3144],[1.3579,51.3115],[1.3483,51.3018],[1.346,51.302],[1.3454,51.308],[1.3401,51.3127],[1.3353,51.3138],[1.333,51.3133],[1.3333,51.3131],[1.3354,51.3136],[1.3395,51.3126],[1.3448,51.3082],[1.3451,51.3079],[1.3451,51.3074],[1.3456,51.302],[1.328,51.2869],[1.3306,51.2821],[1.3359,51.282],[1.3385,51.2779],[1.348,51.2742],[1.3514,51.275],[1.3569,51.2781],[1.3501,51.287],[1.3541,51.2897],[1.3509,51.2911],[1.347,51.2929],[1.3495,51.2967],[1.3561,51.2972],[1.349,51.3013],[1.3561,51.3093],[1.3643,51.3124],[1.3677,51.3131],[1.3783,51.2903],[1.394,51.2565],[1.4025,51.2387],[1.4051,51.2184],[1.4051,51.2182],[1.4056,51.1895],[1.4056,51.1893],[1.4011,51.1652],[1.3795,51.1422],[1.3435,51.1314],[1.3435,51.1307],[1.3434,51.1234],[1.3433,51.1222],[1.3425,51.1269],[1.3382,51.1271],[1.3376,51.1272],[1.3369,51.1246],[1.3335,51.1263],[1.3359,51.1239],[1.3288,51.1232],[1.3269,51.1258],[1.3157,51.1221],[1.3128,51.1192],[1.3183,51.1165],[1.318,51.1163],[1.3112,51.1193],[1.3101,51.1168],[1.3278,51.1114],[1.3127,51.1144],[1.3017,51.1133],[1.2998,51.1127],[1.2778,51.1051],[1.2639,51.1023],[1.2614,51.1026],[1.2612,51.1026],[1.2211,51.0981],[1.221,51.0981],[1.2058,51.0928],[1.1992,51.0832],[1.1955,51.0822],[1.1955,51.0822],[1.1953,51.0822],[1.1858,51.0796],[1.1949,51.076],[1.1858,51.0765],[1.1787,51.0755],[1.1779,51.0755],[1.1769,51.0753],[1.1727,51.0747],[1.163,51.0732],[1.1624,51.0731],[1.139,51.072],[1.1249,51.0713],[1.1245,51.0713],[1.0936,51.067],[1.0758,51.0635],[1.0757,51.0635],[1.0349,51.0472],[1.0346,51.0471],[0.9973,51.0251],[0.978,51.0037],[0.977,51.0026],[0.9641,50.9681],[0.9641,50.9679],[0.9663,50.9518],[0.9708,50.9416],[0.9805,50.9193],[0.9789,50.9136],[0.9755,50.9125],[0.9511,50.9118],[0.9371,50.9123],[0.855,50.9237],[0.8679,50.9333],[0.8596,50.9397],[0.8559,50.9531],[0.8462,50.9519],[0.8414,50.9576],[0.8298,50.9457],[0.8191,50.9455],[0.8128,50.942],[0.8134,50.949],[0.7843,50.9772],[0.777,50.9754],[0.7817,50.9829],[0.777,50.9849],[0.781,50.9865],[0.7789,50.9895],[0.7405,51.0007],[0.7113,50.9985],[0.7066,50.9936],[0.6992,50.9985],[0.6769,51.0033],[0.6622,51.0175],[0.6551,51.0147],[0.6466,51.0168],[0.6371,51.0119],[0.6277,51.0179],[0.6054,51.0121],[0.578,51.0045],[0.572,51.0035],[0.5419,51.011],[0.5376,51.0217],[0.5096,51.0237],[0.4934,51.0311],[0.4773,51.0292],[0.4673,51.033],[0.467,51.0379],[0.4713,51.0491],[0.4537,51.057],[0.4408,51.0579],[0.4256,51.0641],[0.4182,51.0626],[0.4177,51.0679],[0.4114,51.0659],[0.409,51.0694],[0.4009,51.0712],[0.4066,51.0797],[0.3964,51.0831],[0.3908,51.0813],[0.3917,51.0858],[0.3738,51.0885],[0.3647,51.0882],[0.3567,51.0831],[0.3508,51.0841],[0.354,51.0936],[0.3507,51.099],[0.3589,51.1046],[0.3347,51.1056],[0.3246,51.1121],[0.3301,51.1178],[0.3262,51.1224],[0.3252,51.1229],[0.2986,51.1182],[0.2797,51.1178],[0.2759,51.1204],[0.2724,51.1186],[0.2789,51.1147],[0.2756,51.1124],[0.2484,51.1156],[0.2433,51.1153],[0.2274,51.1242],[0.1995,51.1169],[0.1626,51.1164],[0.1535,51.1206],[0.15,51.1312],[0.1546,51.1375],[0.1607,51.1373],[0.1609,51.1406],[0.1359,51.147],[0.1259,51.1469],[0.0783,51.1399],[0.05,51.1427],[0.0548,51.1495],[0.0515,51.1572],[0.0461,51.1718],[0.0526,51.1806],[0.0451,51.1886],[0.0478,51.1917],[0.0397,51.1978],[0.0373,51.2071],[0.0336,51.2143],[0.041,51.2166],[0.0428,51.2246],[0.0438,51.2309],[0.0528,51.2365],[0.0575,51.2449],[0.0519,51.2627],[0.0454,51.2767],[0.0481,51.2857],[0.0423,51.2927],[0.0507,51.294],[0.0586,51.2894],[0.0816,51.2918],[0.0912,51.2968],[0.0828,51.3056],[0.0849,51.316],[0.0938,51.3202],[0.1049,51.3274],[0.118,51.3297],[0.1217,51.3336],[0.1184,51.3441],[0.1369,51.3442],[0.1413,51.3498],[0.1472,51.367],[0.1516,51.3684],[0.1496,51.3736],[0.1532,51.378],[0.1477,51.3928],[0.1613,51.3924],[0.149,51.4085],[0.149,51.4086],[0.1529,51.4087],[0.1538,51.4113],[0.1491,51.4124],[0.1546,51.4185],[0.1511,51.4204],[0.1558,51.4309],[0.1643,51.4286],[0.1708,51.4412],[0.191,51.4488],[0.2027,51.4539],[0.2026,51.4562],[0.2097,51.4618]]],[[[1.3493,51.2872],[1.3564,51.2784],[1.3504,51.2748],[1.3483,51.2745],[1.3389,51.2782],[1.3359,51.2823],[1.3309,51.2823],[1.3283,51.2869],[1.3459,51.3017],[1.3482,51.3015],[1.3553,51.2973],[1.349,51.297],[1.3464,51.2929],[1.3501,51.2912],[1.3533,51.2896],[1.3493,51.2872]]],[[[0.9009,51.4168],[0.9382,51.3898],[0.9505,51.3722],[0.9435,51.3674],[0.9435,51.3703],[0.9371,51.3706],[0.9214,51.3598],[0.8972,51.3543],[0.8811,51.3578],[0.8746,51.3638],[0.8717,51.3639],[0.8577,51.3646],[0.8596,51.3696],[0.8564,51.3699],[0.8567,51.365],[0.8493,51.3706],[0.8404,51.3714],[0.8393,51.3706],[0.8428,51.3703],[0.8509,51.3666],[0.8504,51.364],[0.8438,51.3636],[0.8063,51.3722],[0.8059,51.3698],[0.7963,51.3686],[0.7969,51.3707],[0.792,51.3701],[0.7881,51.3734],[0.7807,51.3707],[0.7827,51.369],[0.7736,51.3677],[0.765,51.3708],[0.7655,51.3775],[0.7702,51.3792],[0.7642,51.3882],[0.7514,51.3911],[0.7513,51.3914],[0.7508,51.3947],[0.731,51.4014],[0.7216,51.4145],[0.7321,51.409],[0.7405,51.4112],[0.7429,51.4152],[0.7413,51.4151],[0.7363,51.4211],[0.7365,51.4297],[0.7366,51.4298],[0.7455,51.4404],[0.7437,51.4469],[0.756,51.4444],[0.7652,51.4419],[0.781,51.4408],[0.791,51.4394],[0.7912,51.4394],[0.8166,51.4276],[0.8363,51.4254],[0.8531,51.4235],[0.8751,51.4219],[0.884,51.4213],[0.9009,51.4168]]],[[[0.6911,51.4117],[0.6945,51.3966],[0.6803,51.3999],[0.6726,51.3984],[0.6713,51.4071],[0.6659,51.4063],[0.6721,51.4102],[0.6779,51.4064],[0.675,51.4087],[0.6824,51.409],[0.6829,51.4126],[0.6911,51.4117]]],[[[0.6869,51.4223],[0.6878,51.4143],[0.6806,51.4192],[0.6764,51.4193],[0.6723,51.4135],[0.6681,51.4205],[0.6601,51.4176],[0.6669,51.4239],[0.6869,51.4223]]],[[[0.6765,51.3925],[0.6726,51.3898],[0.6706,51.3944],[0.682,51.3963],[0.6765,51.3925]]],[[[0.8343,51.3564],[0.8276,51.3565],[0.823,51.3586],[0.8343,51.3564]]],[[[0.8522,51.3669],[0.857,51.3632],[0.8553,51.3639],[0.8517,51.3653],[0.8522,51.3668],[0.8522,51.3669]]]]}},{"type":"Feature","properties":{"areacd":"E10000017","areanm":"Lancashire"},"geometry":{"type":"MultiPolygon","coordinates":[[[[-2.8879,53.5038],[-2.8924,53.5111],[-2.8811,53.52],[-2.8917,53.5221],[-2.9166,53.5232],[-2.923,53.5252],[-2.9361,53.5384],[-2.9479,53.5443],[-2.9726,53.5479],[-2.9784,53.5429],[-2.9631,53.5248],[-2.9642,53.5186],[-2.976,53.5153],[-2.9826,53.5195],[-2.9915,53.523],[-3.0252,53.539],[-3.0386,53.5383],[-3.0467,53.5429],[-3.0388,53.5519],[-3.0407,53.565],[-3.0225,53.5696],[-3.0208,53.5828],[-3.0207,53.5837],[-3.0333,53.5851],[-3.0323,53.5985],[-3.0141,53.6113],[-2.9973,53.6269],[-2.9937,53.6283],[-2.9818,53.6222],[-2.9678,53.631],[-2.9604,53.6387],[-2.95,53.6523],[-2.9401,53.6586],[-2.9474,53.6673],[-2.9443,53.6791],[-2.9526,53.6823],[-2.9468,53.688],[-2.9502,53.6916],[-2.9505,53.6917],[-2.9552,53.6965],[-2.9555,53.6967],[-2.9562,53.6975],[-2.9527,53.6998],[-2.9416,53.6965],[-2.9511,53.6997],[-2.9426,53.7001],[-2.9536,53.7024],[-2.9474,53.7042],[-2.955,53.7044],[-2.9437,53.7081],[-2.9371,53.7045],[-2.9288,53.7045],[-2.9379,53.7054],[-2.9403,53.7114],[-2.9468,53.7103],[-2.9414,53.7133],[-2.9482,53.7118],[-2.9359,53.7254],[-2.9323,53.7187],[-2.9329,53.7245],[-2.9284,53.7221],[-2.9284,53.7161],[-2.9272,53.7207],[-2.9155,53.7133],[-2.9195,53.717],[-2.9158,53.7169],[-2.9294,53.7241],[-2.915,53.7261],[-2.9113,53.7167],[-2.9107,53.7177],[-2.9095,53.7194],[-2.9039,53.7143],[-2.9092,53.7198],[-2.9107,53.7209],[-2.9132,53.7228],[-2.9108,53.723],[-2.9107,53.723],[-2.9084,53.7231],[-2.8948,53.7089],[-2.8958,53.7107],[-2.8971,53.7126],[-2.8977,53.7135],[-2.8995,53.7162],[-2.899,53.7163],[-2.8961,53.7164],[-2.8995,53.7171],[-2.9003,53.7173],[-2.9011,53.7184],[-2.9021,53.7201],[-2.9082,53.7236],[-2.9108,53.7244],[-2.9121,53.7248],[-2.9108,53.7258],[-2.9075,53.7284],[-2.9074,53.7284],[-2.9043,53.7289],[-2.9061,53.7265],[-2.9062,53.7264],[-2.9063,53.726],[-2.9053,53.7241],[-2.9046,53.7239],[-2.9042,53.7238],[-2.8991,53.7215],[-2.9045,53.7241],[-2.9048,53.7243],[-2.9052,53.7244],[-2.9059,53.7259],[-2.9056,53.7259],[-2.8964,53.723],[-2.9006,53.7263],[-2.8946,53.73],[-2.8894,53.7306],[-2.8911,53.7257],[-2.8888,53.7307],[-2.8861,53.7268],[-2.884,53.7309],[-2.8648,53.7339],[-2.8511,53.7308],[-2.8407,53.7256],[-2.8327,53.7196],[-2.8271,53.7139],[-2.8262,53.7132],[-2.8267,53.7159],[-2.8177,53.7176],[-2.817,53.7177],[-2.8178,53.7176],[-2.8261,53.7164],[-2.8271,53.7162],[-2.8299,53.7195],[-2.8267,53.7201],[-2.8354,53.7243],[-2.8243,53.7308],[-2.8358,53.7247],[-2.843,53.729],[-2.8401,53.7288],[-2.8343,53.7304],[-2.8406,53.7294],[-2.8449,53.7337],[-2.8343,53.7377],[-2.8454,53.7341],[-2.8446,53.7301],[-2.8548,53.7353],[-2.8223,53.7437],[-2.8185,53.7399],[-2.832,53.737],[-2.829,53.7333],[-2.8317,53.7369],[-2.8178,53.7395],[-2.8201,53.7443],[-2.7761,53.7535],[-2.7746,53.7483],[-2.7744,53.7529],[-2.7744,53.7534],[-2.7602,53.7559],[-2.7573,53.7564],[-2.7532,53.7569],[-2.748,53.7573],[-2.7303,53.7577],[-2.7215,53.7562],[-2.7208,53.7569],[-2.7305,53.7585],[-2.7502,53.7585],[-2.7639,53.7564],[-2.7644,53.7564],[-2.7878,53.7533],[-2.7935,53.7613],[-2.7941,53.7613],[-2.7925,53.7592],[-2.7902,53.756],[-2.7902,53.7559],[-2.7886,53.7532],[-2.7932,53.7522],[-2.7941,53.752],[-2.8023,53.7502],[-2.8062,53.7522],[-2.8036,53.7498],[-2.8203,53.7463],[-2.8206,53.7468],[-2.8223,53.7492],[-2.8228,53.7454],[-2.8556,53.7385],[-2.8587,53.7506],[-2.8567,53.7384],[-2.863,53.7374],[-2.8638,53.7374],[-2.8748,53.7376],[-2.8761,53.7376],[-2.8952,53.7336],[-2.8998,53.7355],[-2.8959,53.7335],[-2.9001,53.7329],[-2.9021,53.7365],[-2.901,53.7328],[-2.911,53.7323],[-2.9288,53.7315],[-2.9292,53.7315],[-2.9295,53.7324],[-2.9292,53.7325],[-2.925,53.7334],[-2.9292,53.7326],[-2.9297,53.7326],[-2.9337,53.7319],[-2.93,53.733],[-2.93,53.7331],[-2.9365,53.7323],[-2.9303,53.7338],[-2.9298,53.7339],[-2.922,53.735],[-2.93,53.7341],[-2.9304,53.734],[-2.9345,53.7343],[-2.9321,53.7372],[-2.9321,53.7373],[-2.9372,53.7324],[-2.9395,53.7335],[-2.9408,53.7323],[-2.9494,53.7327],[-2.9497,53.7343],[-2.9378,53.7364],[-2.9429,53.7359],[-2.9337,53.7405],[-2.9324,53.7403],[-2.9303,53.7399],[-2.9326,53.7408],[-2.9342,53.7413],[-2.935,53.7421],[-2.9368,53.7446],[-2.9355,53.7416],[-2.9449,53.7415],[-2.9359,53.7412],[-2.9403,53.7376],[-2.9497,53.7349],[-2.9801,53.7344],[-2.981,53.7345],[-3.0008,53.7367],[-3.0267,53.743],[-3.0269,53.7431],[-3.0349,53.7481],[-3.0391,53.7475],[-3.0507,53.7593],[-3.055,53.762],[-3.0569,53.7766],[-3.0398,53.7796],[-3.0328,53.7807],[-3.0288,53.7731],[-3.0154,53.7746],[-2.9965,53.7745],[-3.006,53.788],[-2.9994,53.7943],[-2.9846,53.7938],[-2.9895,53.8004],[-2.9868,53.8022],[-2.9944,53.8177],[-3.0107,53.8262],[-3.0139,53.8292],[-3.0072,53.8329],[-3.0115,53.8372],[-3.0156,53.8407],[-3.0191,53.8371],[-3.0205,53.8408],[-3.0152,53.8428],[-3.0179,53.8474],[-3.0143,53.8506],[-3.0225,53.8617],[-3.0228,53.8627],[-3.0198,53.8686],[-3.0369,53.8751],[-3.048,53.8756],[-3.048,53.8757],[-3.0472,53.8917],[-3.0473,53.8922],[-3.0502,53.9192],[-3.0424,53.924],[-3.0234,53.9262],[-3.0073,53.9279],[-3.0053,53.9266],[-3.004,53.924],[-3.0081,53.9206],[-3.0107,53.9201],[-3.0125,53.9198],[-3.0057,53.9186],[-3.0059,53.9031],[-3.0086,53.9016],[-3.0083,53.9076],[-3.0092,53.902],[-3.0152,53.9044],[-3.0092,53.9014],[-3.006,53.9007],[-3.0036,53.8942],[-3.0031,53.893],[-2.9847,53.8814],[-2.983,53.8803],[-2.9759,53.8799],[-2.9688,53.874],[-2.9789,53.8708],[-2.9768,53.8624],[-2.9781,53.8619],[-2.9818,53.8581],[-2.9773,53.8619],[-2.9763,53.8619],[-2.96,53.861],[-2.9565,53.8587],[-2.9555,53.8574],[-2.9494,53.8538],[-2.9475,53.8525],[-2.944,53.8501],[-2.9418,53.8513],[-2.9372,53.8525],[-2.9371,53.8541],[-2.9343,53.8556],[-2.9334,53.8561],[-2.9266,53.8563],[-2.9242,53.8561],[-2.9234,53.8564],[-2.9207,53.8565],[-2.9142,53.8591],[-2.9137,53.8594],[-2.9063,53.8644],[-2.8961,53.8604],[-2.8868,53.8633],[-2.8806,53.8609],[-2.8804,53.8611],[-2.8853,53.863],[-2.8866,53.8636],[-2.8964,53.8607],[-2.9011,53.8646],[-2.9094,53.8649],[-2.9149,53.8597],[-2.9203,53.858],[-2.9245,53.8566],[-2.9366,53.8577],[-2.9447,53.8523],[-2.9527,53.8578],[-2.9531,53.8582],[-2.9585,53.8626],[-2.9723,53.8646],[-2.963,53.8781],[-2.9852,53.8898],[-2.9839,53.8956],[-2.9863,53.8926],[-2.9897,53.8943],[-2.9868,53.8955],[-2.9913,53.8955],[-2.9944,53.9054],[-2.9931,53.9042],[-2.9924,53.9057],[-2.9905,53.9066],[-2.9871,53.9044],[-2.985,53.9042],[-2.9894,53.9071],[-2.9921,53.9083],[-2.9926,53.9071],[-2.9968,53.9089],[-2.9968,53.9311],[-2.929,53.9498],[-2.9279,53.9501],[-2.9158,53.9514],[-2.915,53.9515],[-2.914,53.9458],[-2.9156,53.9458],[-2.9219,53.9462],[-2.9156,53.9453],[-2.9134,53.945],[-2.9156,53.9441],[-2.919,53.9426],[-2.9156,53.9433],[-2.9124,53.944],[-2.9049,53.9385],[-2.9053,53.9406],[-2.9001,53.9384],[-2.8993,53.9411],[-2.899,53.9385],[-2.8966,53.9411],[-2.8911,53.9395],[-2.8922,53.9421],[-2.8866,53.9416],[-2.8856,53.944],[-2.8948,53.9455],[-2.8887,53.9471],[-2.8882,53.947],[-2.8835,53.9463],[-2.8835,53.9459],[-2.884,53.9439],[-2.8827,53.9458],[-2.8824,53.9463],[-2.8743,53.9458],[-2.8784,53.9474],[-2.8762,53.9513],[-2.8658,53.9528],[-2.8753,53.9524],[-2.8651,53.9551],[-2.8617,53.9621],[-2.8577,53.9586],[-2.8572,53.9653],[-2.8356,53.9543],[-2.8542,53.9653],[-2.8485,53.9651],[-2.8412,53.9659],[-2.8464,53.9658],[-2.844,53.9682],[-2.8497,53.9657],[-2.8523,53.9672],[-2.8564,53.9664],[-2.8669,53.9685],[-2.879,53.9791],[-2.8697,53.9836],[-2.8681,53.9931],[-2.863,53.9954],[-2.8611,53.9926],[-2.8569,53.9936],[-2.8623,53.9953],[-2.8561,53.9996],[-2.8403,53.997],[-2.8341,53.9987],[-2.8323,53.9948],[-2.8304,53.9972],[-2.8232,53.9947],[-2.8327,53.9985],[-2.8296,54.0155],[-2.8296,54.0156],[-2.8293,54.0331],[-2.8293,54.0343],[-2.8297,54.0362],[-2.8301,54.0377],[-2.83,54.0361],[-2.8299,54.0343],[-2.8312,54.0331],[-2.8319,54.0324],[-2.8323,54.0331],[-2.833,54.0343],[-2.8333,54.0343],[-2.8346,54.0343],[-2.8351,54.035],[-2.8364,54.0372],[-2.8304,54.0373],[-2.8327,54.0395],[-2.8378,54.037],[-2.8332,54.0398],[-2.8384,54.0375],[-2.8356,54.0405],[-2.8398,54.0387],[-2.8369,54.0408],[-2.8413,54.0401],[-2.8377,54.042],[-2.8422,54.0411],[-2.8417,54.0446],[-2.8397,54.0462],[-2.8157,54.0533],[-2.8116,54.0543],[-2.8088,54.0537],[-2.8038,54.0527],[-2.8029,54.0526],[-2.7993,54.0521],[-2.7959,54.0541],[-2.792,54.0609],[-2.7926,54.0619],[-2.7933,54.0629],[-2.7948,54.0612],[-2.7971,54.0549],[-2.8016,54.0535],[-2.8087,54.0555],[-2.8088,54.0556],[-2.8364,54.0495],[-2.8391,54.0488],[-2.8503,54.0411],[-2.8456,54.043],[-2.8442,54.0395],[-2.848,54.0414],[-2.8488,54.039],[-2.8406,54.036],[-2.8425,54.0316],[-2.8406,54.0356],[-2.8367,54.0324],[-2.8412,54.0285],[-2.8369,54.0318],[-2.8335,54.0285],[-2.8338,54.0233],[-2.8422,54.0261],[-2.8396,54.0232],[-2.8425,54.0254],[-2.8438,54.0214],[-2.8396,54.0203],[-2.8412,54.0214],[-2.8383,54.0229],[-2.8341,54.0224],[-2.8354,54.0171],[-2.8378,54.019],[-2.8369,54.0166],[-2.8355,54.016],[-2.8393,54.0139],[-2.8354,54.0154],[-2.8352,54.0108],[-2.8414,54.0097],[-2.8381,54.0084],[-2.8422,54.0059],[-2.8533,54.0055],[-2.8451,54.0149],[-2.8609,54.0039],[-2.8668,54.0102],[-2.8709,54.0145],[-2.8706,54.0097],[-2.8672,54.01],[-2.87,54.0084],[-2.8653,54.0074],[-2.8688,54.006],[-2.8648,54.005],[-2.8703,54.0039],[-2.8726,54.0076],[-2.8755,54.0049],[-2.8719,54.0028],[-2.8764,54.0014],[-2.881,53.9894],[-2.8874,54.0017],[-2.8855,53.9978],[-2.8911,53.9994],[-2.8853,53.9973],[-2.884,53.9947],[-2.889,53.9959],[-2.8842,53.9943],[-2.8861,53.991],[-2.9003,53.992],[-2.9037,53.9984],[-2.8969,54.0007],[-2.9007,53.9999],[-2.9069,54.007],[-2.9035,54.0206],[-2.9174,54.0277],[-2.9245,54.0313],[-2.9188,54.0325],[-2.9175,54.0327],[-2.9123,54.0338],[-2.9227,54.0336],[-2.9177,54.036],[-2.9126,54.0384],[-2.9117,54.0386],[-2.9061,54.0397],[-2.9058,54.0456],[-2.9058,54.0483],[-2.8987,54.0483],[-2.8926,54.0578],[-2.8903,54.0614],[-2.8848,54.0649],[-2.8837,54.0655],[-2.8766,54.0711],[-2.8769,54.0718],[-2.8781,54.0748],[-2.8685,54.073],[-2.8538,54.0775],[-2.8517,54.0777],[-2.8407,54.0791],[-2.8262,54.0869],[-2.8204,54.0886],[-2.8285,54.0896],[-2.8293,54.0935],[-2.8213,54.0942],[-2.8275,54.0944],[-2.827,54.1],[-2.8188,54.1043],[-2.8086,54.1081],[-2.7986,54.1224],[-2.7945,54.1223],[-2.7938,54.1268],[-2.793,54.1276],[-2.7851,54.135],[-2.7935,54.1286],[-2.7946,54.1277],[-2.8048,54.1314],[-2.8017,54.126],[-2.8059,54.1226],[-2.8207,54.123],[-2.8304,54.1346],[-2.8288,54.1406],[-2.8312,54.1409],[-2.8285,54.1415],[-2.828,54.1435],[-2.8369,54.1422],[-2.8419,54.1496],[-2.8419,54.1497],[-2.8369,54.1506],[-2.8367,54.1507],[-2.863,54.1555],[-2.8661,54.1603],[-2.8619,54.1672],[-2.8695,54.1767],[-2.8372,54.1742],[-2.8157,54.1821],[-2.8162,54.1898],[-2.7991,54.1977],[-2.7681,54.186],[-2.7493,54.1889],[-2.7344,54.1841],[-2.7363,54.1709],[-2.7365,54.169],[-2.7089,54.1639],[-2.688,54.1646],[-2.6799,54.1611],[-2.6758,54.1637],[-2.6727,54.1747],[-2.6477,54.1873],[-2.6401,54.202],[-2.625,54.1956],[-2.5762,54.1956],[-2.5507,54.2003],[-2.5201,54.2164],[-2.4997,54.2195],[-2.4597,54.2396],[-2.4608,54.2267],[-2.4737,54.2153],[-2.48,54.2023],[-2.5286,54.1695],[-2.5289,54.1642],[-2.5365,54.1565],[-2.543,54.1577],[-2.5472,54.1533],[-2.5605,54.153],[-2.5579,54.1434],[-2.5634,54.1404],[-2.5634,54.1247],[-2.5449,54.1171],[-2.5457,54.1144],[-2.5362,54.1086],[-2.5367,54.1041],[-2.5241,54.1021],[-2.524,54.0946],[-2.5095,54.0954],[-2.5063,54.0915],[-2.4926,54.0899],[-2.4669,54.0757],[-2.464,54.0611],[-2.4695,54.0462],[-2.4588,54.0405],[-2.4327,54.0416],[-2.4258,54.0381],[-2.374,54.0491],[-2.362,54.0407],[-2.3572,54.0191],[-2.3435,54.0173],[-2.3396,54.0094],[-2.3409,54.0074],[-2.3503,54.0122],[-2.3523,54.0105],[-2.3525,53.9947],[-2.3399,53.9894],[-2.3188,53.9937],[-2.2967,53.9805],[-2.2954,53.9746],[-2.2845,53.9738],[-2.2347,53.9818],[-2.221,53.9779],[-2.2321,53.9712],[-2.2258,53.9672],[-2.2257,53.9611],[-2.2144,53.9651],[-2.2096,53.9629],[-2.2006,53.9701],[-2.196,53.9696],[-2.1845,53.9523],[-2.1795,53.946],[-2.1855,53.9419],[-2.1824,53.9354],[-2.1758,53.9342],[-2.1698,53.937],[-2.1621,53.9326],[-2.1629,53.9273],[-2.1516,53.9295],[-2.1493,53.926],[-2.1418,53.9257],[-2.1401,53.9283],[-2.1322,53.9265],[-2.1243,53.9232],[-2.1218,53.9173],[-2.1131,53.9154],[-2.1075,53.908],[-2.1133,53.9046],[-2.1034,53.8919],[-2.0959,53.8882],[-2.0814,53.8757],[-2.0899,53.8682],[-2.0812,53.87],[-2.0749,53.8624],[-2.0462,53.8501],[-2.0469,53.8295],[-2.0612,53.8256],[-2.1122,53.8057],[-2.1285,53.799],[-2.1295,53.7923],[-2.1248,53.788],[-2.1364,53.7801],[-2.1302,53.7703],[-2.1295,53.7546],[-2.1334,53.7497],[-2.1416,53.7457],[-2.1454,53.736],[-2.149,53.7339],[-2.1561,53.7353],[-2.1732,53.723],[-2.1658,53.7108],[-2.1627,53.6992],[-2.1453,53.6923],[-2.1463,53.6822],[-2.1589,53.6603],[-2.164,53.6549],[-2.1614,53.6414],[-2.1854,53.6382],[-2.1805,53.6405],[-2.1824,53.6482],[-2.1896,53.648],[-2.2003,53.6529],[-2.2153,53.6671],[-2.2177,53.669],[-2.2258,53.6708],[-2.2365,53.667],[-2.2615,53.6541],[-2.2699,53.6461],[-2.2631,53.625],[-2.2568,53.6204],[-2.2578,53.6164],[-2.2718,53.6145],[-2.2726,53.6185],[-2.2828,53.6202],[-2.29,53.6352],[-2.2957,53.6415],[-2.2975,53.6519],[-2.2938,53.658],[-2.299,53.6667],[-2.3157,53.6551],[-2.3254,53.6554],[-2.3533,53.6585],[-2.3556,53.6645],[-2.3711,53.6671],[-2.3759,53.6756],[-2.3743,53.6872],[-2.3914,53.6886],[-2.4032,53.6964],[-2.411,53.7051],[-2.4339,53.7192],[-2.4336,53.7276],[-2.4387,53.7323],[-2.44,53.7359],[-2.4397,53.7483],[-2.4468,53.7554],[-2.4518,53.7564],[-2.4521,53.7609],[-2.4463,53.7666],[-2.4555,53.774],[-2.4658,53.7808],[-2.4771,53.781],[-2.4808,53.774],[-2.4947,53.7701],[-2.4989,53.7686],[-2.5094,53.7692],[-2.5288,53.7595],[-2.5457,53.7594],[-2.5512,53.7564],[-2.554,53.7497],[-2.5617,53.7469],[-2.5646,53.7424],[-2.5572,53.7346],[-2.5565,53.7266],[-2.5462,53.7249],[-2.5395,53.7147],[-2.5433,53.7099],[-2.5396,53.7021],[-2.532,53.6964],[-2.5155,53.6917],[-2.5192,53.6763],[-2.5256,53.6747],[-2.5323,53.6649],[-2.522,53.6474],[-2.5239,53.6391],[-2.5201,53.6305],[-2.5112,53.627],[-2.5566,53.6036],[-2.5578,53.6016],[-2.574,53.5943],[-2.5831,53.6047],[-2.5959,53.6108],[-2.6151,53.6028],[-2.6175,53.5958],[-2.6259,53.5937],[-2.6314,53.6052],[-2.6361,53.6083],[-2.6595,53.6036],[-2.6614,53.6033],[-2.6893,53.6043],[-2.6926,53.5961],[-2.6934,53.5894],[-2.7013,53.5906],[-2.7192,53.5761],[-2.7113,53.5648],[-2.7047,53.5618],[-2.7126,53.5488],[-2.7186,53.5435],[-2.7147,53.5383],[-2.7179,53.5272],[-2.7305,53.5206],[-2.7599,53.5125],[-2.7689,53.5136],[-2.7825,53.5314],[-2.7946,53.5213],[-2.8167,53.5122],[-2.8226,53.5051],[-2.8199,53.4965],[-2.8251,53.4852],[-2.8256,53.4828],[-2.8443,53.4841],[-2.8439,53.4902],[-2.8498,53.4931],[-2.8614,53.4911],[-2.8711,53.495],[-2.8733,53.5],[-2.8879,53.5038]]],[[[-2.8933,53.9896],[-2.8982,53.9878],[-2.9001,53.9905],[-2.8933,53.9896]]],[[[-2.8006,54.1224],[-2.8045,54.1202],[-2.8039,54.1225],[-2.8013,54.1225],[-2.8006,54.1224]]],[[[-2.9376,53.8545],[-2.9421,53.8512],[-2.9437,53.8522],[-2.9376,53.8545]]]]}},{"type":"Feature","properties":{"areacd":"E10000018","areanm":"Leicestershire"},"geometry":{"type":"Polygon","coordinates":[[[-0.82,52.9604],[-0.8129,52.9574],[-0.8097,52.966],[-0.7963,52.9767],[-0.7783,52.9769],[-0.7784,52.9593],[-0.7553,52.9514],[-0.7661,52.928],[-0.7629,52.9238],[-0.7676,52.9224],[-0.7745,52.9073],[-0.7738,52.9025],[-0.7639,52.9031],[-0.7584,52.9005],[-0.7666,52.8868],[-0.7426,52.8831],[-0.7337,52.8669],[-0.7058,52.838],[-0.6924,52.8218],[-0.6819,52.8118],[-0.6831,52.7947],[-0.6741,52.7877],[-0.6757,52.7775],[-0.6641,52.7567],[-0.6714,52.7564],[-0.6844,52.7565],[-0.6844,52.7531],[-0.697,52.7492],[-0.6963,52.7465],[-0.7182,52.7448],[-0.7202,52.7409],[-0.7534,52.7366],[-0.758,52.7397],[-0.7647,52.7392],[-0.7677,52.7437],[-0.7765,52.7439],[-0.7808,52.7406],[-0.8012,52.7367],[-0.8174,52.7251],[-0.8218,52.7157],[-0.8002,52.7078],[-0.8023,52.7032],[-0.7964,52.7036],[-0.7958,52.6968],[-0.7858,52.6942],[-0.7839,52.677],[-0.7822,52.6691],[-0.7902,52.6672],[-0.7929,52.6597],[-0.8087,52.6461],[-0.8099,52.6403],[-0.8018,52.6388],[-0.811,52.626],[-0.8058,52.6207],[-0.8194,52.6097],[-0.821,52.5964],[-0.817,52.5937],[-0.7923,52.5976],[-0.7648,52.5812],[-0.7618,52.5691],[-0.7389,52.5489],[-0.7422,52.5395],[-0.7286,52.5358],[-0.73,52.533],[-0.7227,52.5268],[-0.7137,52.5249],[-0.7161,52.5224],[-0.7269,52.5231],[-0.7563,52.511],[-0.775,52.5183],[-0.7879,52.5137],[-0.7963,52.5163],[-0.8109,52.5194],[-0.8126,52.5159],[-0.8202,52.5155],[-0.8225,52.518],[-0.8502,52.5216],[-0.8633,52.5283],[-0.871,52.5247],[-0.8726,52.5184],[-0.8833,52.5138],[-0.879,52.4979],[-0.8838,52.4922],[-0.8956,52.492],[-0.8969,52.4855],[-0.8845,52.4813],[-0.8825,52.4714],[-0.8896,52.4704],[-0.9013,52.4597],[-0.9046,52.4629],[-0.9168,52.4626],[-0.9422,52.4678],[-0.9465,52.4746],[-0.9471,52.4757],[-0.9679,52.4772],[-0.9762,52.4707],[-1.0007,52.4709],[-1.0056,52.465],[-1.0278,52.4585],[-1.0444,52.4457],[-1.0352,52.4432],[-1.0343,52.4363],[-1.0495,52.4258],[-1.0499,52.4222],[-1.0599,52.4235],[-1.0694,52.4335],[-1.0794,52.4363],[-1.0909,52.4331],[-1.0934,52.4277],[-1.102,52.4248],[-1.1257,52.4177],[-1.1344,52.4123],[-1.1385,52.402],[-1.1495,52.397],[-1.1566,52.4],[-1.1643,52.3992],[-1.184,52.3922],[-1.1895,52.3964],[-1.2016,52.3967],[-1.2366,52.4357],[-1.2368,52.436],[-1.2579,52.4539],[-1.306,52.4934],[-1.3251,52.501],[-1.3951,52.527],[-1.4174,52.5344],[-1.419,52.5378],[-1.424,52.5396],[-1.46,52.5516],[-1.483,52.5587],[-1.5027,52.5645],[-1.5228,52.5706],[-1.5247,52.5738],[-1.5272,52.5827],[-1.5475,52.5919],[-1.5608,52.5961],[-1.5544,52.6147],[-1.5676,52.6226],[-1.5646,52.6312],[-1.571,52.6361],[-1.5562,52.6383],[-1.5428,52.6476],[-1.5424,52.6536],[-1.5473,52.656],[-1.5518,52.6674],[-1.5704,52.6758],[-1.5665,52.6776],[-1.5691,52.6797],[-1.5776,52.6786],[-1.5896,52.6872],[-1.5863,52.6945],[-1.5975,52.7004],[-1.577,52.7117],[-1.5669,52.7101],[-1.5501,52.7203],[-1.5502,52.7256],[-1.5453,52.7282],[-1.5453,52.7329],[-1.5562,52.7398],[-1.5625,52.7506],[-1.5549,52.762],[-1.5473,52.7641],[-1.5397,52.7601],[-1.5297,52.7611],[-1.5255,52.7655],[-1.504,52.7674],[-1.4958,52.7599],[-1.4924,52.7594],[-1.4785,52.7637],[-1.4665,52.768],[-1.4559,52.7771],[-1.4595,52.7771],[-1.4577,52.7844],[-1.4629,52.7868],[-1.4549,52.789],[-1.4419,52.7935],[-1.4436,52.8027],[-1.4177,52.8016],[-1.3978,52.8235],[-1.388,52.8331],[-1.3943,52.8368],[-1.3883,52.8394],[-1.3812,52.846],[-1.3655,52.8516],[-1.3581,52.8561],[-1.351,52.8534],[-1.3519,52.8576],[-1.3433,52.8628],[-1.3449,52.8675],[-1.3388,52.8646],[-1.3204,52.8691],[-1.3193,52.8729],[-1.3093,52.8733],[-1.306,52.8771],[-1.2894,52.8724],[-1.2784,52.8756],[-1.2679,52.8733],[-1.2752,52.8604],[-1.2647,52.8583],[-1.2722,52.8494],[-1.2663,52.8427],[-1.2692,52.8403],[-1.2668,52.8375],[-1.2744,52.8361],[-1.27,52.8233],[-1.2609,52.818],[-1.2619,52.8104],[-1.2554,52.8041],[-1.2454,52.8061],[-1.2319,52.8006],[-1.2284,52.7931],[-1.2221,52.7917],[-1.2112,52.7949],[-1.2003,52.7938],[-1.1961,52.7901],[-1.1767,52.8026],[-1.1619,52.8064],[-1.144,52.8039],[-1.1309,52.8058],[-1.1212,52.8123],[-1.1192,52.8191],[-1.0941,52.8219],[-1.0915,52.8201],[-1.0744,52.8247],[-1.0688,52.8212],[-1.0717,52.814],[-1.0592,52.8172],[-1.0498,52.8134],[-1.0368,52.8159],[-1.0363,52.8159],[-1.0218,52.822],[-0.9958,52.8213],[-0.9889,52.8182],[-0.975,52.8292],[-0.9771,52.8407],[-0.9705,52.845],[-0.9608,52.8433],[-0.9527,52.8504],[-0.9411,52.8539],[-0.9408,52.8615],[-0.9281,52.8661],[-0.9406,52.8768],[-0.9169,52.8789],[-0.912,52.8835],[-0.8855,52.8926],[-0.8575,52.9056],[-0.8629,52.9131],[-0.8415,52.9284],[-0.8349,52.9393],[-0.8228,52.9437],[-0.8339,52.9459],[-0.82,52.9604]],[[-1.0705,52.618],[-1.0553,52.6248],[-1.0562,52.6322],[-1.047,52.6346],[-1.051,52.6439],[-1.0486,52.655],[-1.0589,52.6564],[-1.0568,52.6638],[-1.0644,52.6647],[-1.0752,52.6696],[-1.0978,52.6701],[-1.1147,52.6727],[-1.1188,52.6732],[-1.1291,52.6654],[-1.1377,52.6754],[-1.1408,52.6844],[-1.1475,52.6906],[-1.1524,52.6884],[-1.1573,52.6915],[-1.1706,52.6835],[-1.179,52.6764],[-1.1767,52.6643],[-1.1853,52.6606],[-1.1838,52.6506],[-1.1906,52.6404],[-1.1987,52.6415],[-1.209,52.6421],[-1.2157,52.6347],[-1.2056,52.6289],[-1.2054,52.6288],[-1.2014,52.6273],[-1.1761,52.618],[-1.1641,52.6094],[-1.1711,52.6058],[-1.1654,52.603],[-1.168,52.6014],[-1.1721,52.5918],[-1.1593,52.5912],[-1.1556,52.5871],[-1.1593,52.5816],[-1.1495,52.581],[-1.1435,52.588],[-1.1264,52.5929],[-1.1264,52.5957],[-1.113,52.5969],[-1.1037,52.5959],[-1.0954,52.6074],[-1.0966,52.6164],[-1.0933,52.6161],[-1.0743,52.6134],[-1.0705,52.618]]]}},{"type":"Feature","properties":{"areacd":"E10000019","areanm":"Lincolnshire"},"geometry":{"type":"MultiPolygon","coordinates":[[[[-0.2125,52.6667],[-0.2245,52.6654],[-0.2587,52.6516],[-0.2792,52.666],[-0.31,52.6735],[-0.3349,52.6748],[-0.34,52.666],[-0.3594,52.66],[-0.3628,52.6601],[-0.4175,52.6468],[-0.4506,52.6541],[-0.453,52.6492],[-0.4677,52.6499],[-0.4758,52.6487],[-0.4753,52.645],[-0.4843,52.6461],[-0.4947,52.6403],[-0.495,52.6402],[-0.5236,52.6652],[-0.5189,52.6665],[-0.5066,52.6595],[-0.4939,52.6607],[-0.4947,52.6646],[-0.4839,52.6654],[-0.4616,52.669],[-0.4329,52.6862],[-0.4306,52.7054],[-0.4448,52.7062],[-0.4511,52.7096],[-0.4945,52.7096],[-0.5058,52.7136],[-0.5127,52.7197],[-0.5424,52.7233],[-0.54,52.7384],[-0.5599,52.7455],[-0.566,52.745],[-0.5726,52.7531],[-0.5896,52.7538],[-0.6054,52.7505],[-0.6086,52.7597],[-0.6641,52.7567],[-0.6757,52.7775],[-0.6741,52.7877],[-0.6831,52.7947],[-0.6819,52.8118],[-0.6924,52.8218],[-0.7058,52.838],[-0.7337,52.8669],[-0.7426,52.8831],[-0.7666,52.8868],[-0.7584,52.9005],[-0.7639,52.9031],[-0.7738,52.9025],[-0.7745,52.9073],[-0.7676,52.9224],[-0.7629,52.9238],[-0.7661,52.928],[-0.7553,52.9514],[-0.7784,52.9593],[-0.7783,52.9769],[-0.7776,52.9838],[-0.8002,53.0022],[-0.8044,53.0122],[-0.7958,53.0106],[-0.7884,53.0258],[-0.7767,53.0247],[-0.7608,53.0294],[-0.7534,53.0482],[-0.7496,53.0551],[-0.7311,53.0543],[-0.7227,53.0599],[-0.7161,53.059],[-0.7135,53.066],[-0.7015,53.0636],[-0.6951,53.0665],[-0.6987,53.0677],[-0.6985,53.0754],[-0.7103,53.0794],[-0.7061,53.0834],[-0.7244,53.0926],[-0.7296,53.0979],[-0.7213,53.1042],[-0.7169,53.1194],[-0.7311,53.124],[-0.7324,53.1278],[-0.7154,53.1369],[-0.7232,53.1551],[-0.716,53.1704],[-0.7182,53.1773],[-0.7641,53.1815],[-0.7622,53.1882],[-0.7538,53.1881],[-0.7306,53.2107],[-0.7148,53.2076],[-0.6976,53.2202],[-0.6759,53.2176],[-0.6666,53.2397],[-0.688,53.2584],[-0.6948,53.2584],[-0.7342,53.254],[-0.7351,53.2439],[-0.7771,53.2469],[-0.7784,53.252],[-0.7702,53.2531],[-0.7731,53.2607],[-0.7642,53.2727],[-0.7781,53.2836],[-0.7684,53.2906],[-0.7629,53.2996],[-0.7579,53.2928],[-0.7502,53.2945],[-0.7471,53.3044],[-0.7534,53.3104],[-0.7537,53.3202],[-0.75,53.3243],[-0.76,53.3247],[-0.7666,53.3301],[-0.7581,53.3419],[-0.7648,53.3463],[-0.7586,53.3538],[-0.7734,53.364],[-0.7808,53.3612],[-0.791,53.3635],[-0.786,53.3745],[-0.7755,53.3774],[-0.7868,53.3843],[-0.7902,53.3863],[-0.7763,53.3915],[-0.7774,53.3974],[-0.7857,53.4021],[-0.7913,53.4105],[-0.7884,53.4143],[-0.8036,53.4171],[-0.817,53.4256],[-0.8194,53.4371],[-0.8202,53.4411],[-0.8094,53.4436],[-0.7976,53.455],[-0.7844,53.4634],[-0.7844,53.4766],[-0.7716,53.4792],[-0.7755,53.489],[-0.7681,53.4989],[-0.7521,53.5005],[-0.7396,53.5199],[-0.7016,53.5142],[-0.6874,53.5164],[-0.6757,53.5125],[-0.6246,53.5128],[-0.6282,53.5068],[-0.6257,53.4956],[-0.6301,53.486],[-0.6341,53.4854],[-0.6349,53.4695],[-0.6266,53.462],[-0.6298,53.4582],[-0.5995,53.4564],[-0.5518,53.4595],[-0.4717,53.4749],[-0.4866,53.4804],[-0.4878,53.4878],[-0.4807,53.4962],[-0.4884,53.5048],[-0.4758,53.509],[-0.444,53.5094],[-0.4051,53.5176],[-0.4081,53.5321],[-0.4143,53.5358],[-0.4219,53.5344],[-0.4307,53.5463],[-0.5013,53.5374],[-0.4908,53.5459],[-0.4669,53.5489],[-0.4656,53.556],[-0.4569,53.5593],[-0.4508,53.5579],[-0.4394,53.5703],[-0.429,53.5745],[-0.4197,53.5638],[-0.3494,53.5558],[-0.346,53.5579],[-0.3487,53.5595],[-0.336,53.5586],[-0.3109,53.5901],[-0.3034,53.5908],[-0.3007,53.5955],[-0.3086,53.6143],[-0.3009,53.6164],[-0.2981,53.6125],[-0.2921,53.6132],[-0.2812,53.6062],[-0.2829,53.6045],[-0.2595,53.5969],[-0.2545,53.5925],[-0.2484,53.5936],[-0.2513,53.5846],[-0.2392,53.5881],[-0.2347,53.5862],[-0.2227,53.568],[-0.1951,53.5716],[-0.1874,53.5636],[-0.2199,53.5326],[-0.2106,53.5317],[-0.2135,53.5263],[-0.2041,53.5117],[-0.2106,53.4863],[-0.1886,53.4845],[-0.1818,53.4686],[-0.1537,53.4657],[-0.1585,53.4616],[-0.1492,53.4467],[-0.1446,53.4409],[-0.1341,53.4407],[-0.132,53.4359],[-0.1228,53.4373],[-0.1204,53.4335],[-0.0823,53.4511],[-0.1078,53.4698],[-0.0898,53.4777],[-0.0954,53.486],[-0.0753,53.4893],[-0.0671,53.5168],[-0.0605,53.5197],[-0.0466,53.5201],[-0.0397,53.5131],[-0.0287,53.5173],[-0.0195,53.5179],[-0.0174,53.515],[0.0054,53.5196],[0.0164,53.5264],[0.0173,53.5253],[0.0221,53.5199],[0.0323,53.5179],[0.0402,53.5101],[0.0383,53.5138],[0.0435,53.514],[0.0381,53.5166],[0.0441,53.5141],[0.0436,53.5136],[0.0391,53.513],[0.0439,53.5134],[0.0449,53.5142],[0.0449,53.5139],[0.0481,53.5076],[0.0502,53.5098],[0.0454,53.5137],[0.0494,53.5118],[0.0523,53.5136],[0.0549,53.5071],[0.052,53.505],[0.0478,53.507],[0.052,53.5049],[0.0623,53.511],[0.0562,53.5091],[0.0589,53.5115],[0.0523,53.5139],[0.0613,53.5143],[0.0515,53.5143],[0.0575,53.5177],[0.0474,53.5146],[0.0509,53.5194],[0.0378,53.5267],[0.0564,53.5191],[0.0565,53.5212],[0.0699,53.5175],[0.0706,53.5138],[0.0778,53.5112],[0.0825,53.5127],[0.0796,53.5166],[0.0849,53.5163],[0.0897,53.5106],[0.0838,53.5117],[0.0783,53.5073],[0.0849,53.497],[0.0851,53.4969],[0.093,53.494],[0.0873,53.4916],[0.0958,53.4947],[0.0965,53.4913],[0.1017,53.4928],[0.0964,53.4895],[0.1014,53.4923],[0.1052,53.4889],[0.1049,53.4866],[0.1033,53.4863],[0.1016,53.4847],[0.1054,53.4825],[0.1083,53.4829],[0.1085,53.4829],[0.1114,53.4823],[0.1088,53.4831],[0.1083,53.483],[0.1055,53.4827],[0.1019,53.4847],[0.1035,53.4862],[0.1051,53.4864],[0.1057,53.4886],[0.108,53.4878],[0.1075,53.4855],[0.1084,53.4875],[0.1085,53.4874],[0.1188,53.4838],[0.1085,53.4879],[0.1083,53.4881],[0.1054,53.4904],[0.1087,53.4894],[0.1097,53.4891],[0.1099,53.4892],[0.1087,53.4898],[0.1042,53.4917],[0.1087,53.4899],[0.11,53.4893],[0.1214,53.4838],[0.1101,53.4894],[0.1112,53.49],[0.1159,53.4897],[0.1125,53.491],[0.118,53.4947],[0.1093,53.5029],[0.1083,53.504],[0.1094,53.5037],[0.1245,53.4993],[0.1364,53.4954],[0.1322,53.4965],[0.1277,53.4906],[0.1285,53.4846],[0.1438,53.4819],[0.1475,53.4941],[0.1636,53.4821],[0.1677,53.477],[0.168,53.4765],[0.1669,53.4771],[0.1582,53.4813],[0.1574,53.4789],[0.1594,53.4772],[0.1668,53.471],[0.1722,53.4719],[0.1785,53.4648],[0.1729,53.467],[0.185,53.457],[0.1795,53.4584],[0.1822,53.4525],[0.1914,53.4494],[0.1852,53.4491],[0.1846,53.4444],[0.1971,53.4408],[0.2006,53.4361],[0.1908,53.4402],[0.1878,53.4377],[0.1948,53.43],[0.2045,53.4299],[0.2124,53.4213],[0.2048,53.4183],[0.2105,53.4173],[0.191,53.4182],[0.2105,53.4169],[0.2014,53.4151],[0.2085,53.4156],[0.2037,53.4121],[0.2076,53.4133],[0.2063,53.41],[0.211,53.416],[0.2081,53.4105],[0.2147,53.4097],[0.2163,53.4134],[0.2224,53.4115],[0.2297,53.4022],[0.2329,53.3981],[0.2284,53.4014],[0.2271,53.3966],[0.2313,53.3906],[0.2346,53.3922],[0.2436,53.3724],[0.2437,53.3722],[0.2633,53.3452],[0.2675,53.3393],[0.2807,53.3202],[0.2813,53.3193],[0.2852,53.3129],[0.2997,53.2948],[0.2999,53.2944],[0.322,53.2668],[0.3223,53.2664],[0.3372,53.2403],[0.347,53.2095],[0.3475,53.2083],[0.3556,53.192],[0.3527,53.173],[0.3525,53.1718],[0.3496,53.1448],[0.3495,53.1445],[0.3493,53.1374],[0.348,53.121],[0.348,53.1207],[0.348,53.114],[0.3482,53.1092],[0.3386,53.1015],[0.3453,53.1075],[0.3407,53.104],[0.3431,53.1121],[0.3379,53.1012],[0.3375,53.0945],[0.3373,53.0943],[0.3324,53.0867],[0.3302,53.0904],[0.3237,53.0912],[0.3263,53.0925],[0.3186,53.0921],[0.3208,53.0924],[0.3223,53.095],[0.3195,53.0928],[0.3165,53.0937],[0.3199,53.0982],[0.3039,53.1114],[0.312,53.1043],[0.3191,53.0981],[0.3156,53.0939],[0.3189,53.091],[0.3115,53.0949],[0.3136,53.0922],[0.3017,53.0915],[0.3139,53.0917],[0.3157,53.0887],[0.2779,53.0712],[0.264,53.062],[0.241,53.0467],[0.1995,53.0326],[0.1632,53.0131],[0.1514,53.0081],[0.1067,52.9664],[0.0933,52.9594],[0.082,52.9458],[0.079,52.942],[0.0787,52.9392],[0.0783,52.9337],[0.0741,52.9325],[0.0562,52.9311],[0.0254,52.9395],[0.0247,52.9401],[-0.005,52.9639],[-0.013,52.9684],[-0.0155,52.9679],[-0.0227,52.9665],[-0.025,52.9672],[-0.025,52.9682],[-0.0255,52.9702],[-0.0217,52.9732],[-0.0237,52.9745],[-0.0242,52.9745],[-0.0221,52.9732],[-0.026,52.9704],[-0.0258,52.9682],[-0.0255,52.9669],[-0.0237,52.9661],[-0.0123,52.9673],[0.0023,52.9563],[0.0026,52.9561],[0.0223,52.9402],[0.0231,52.9396],[0.0373,52.9343],[0.0376,52.9342],[0.0565,52.9301],[0.076,52.9316],[0.0761,52.9316],[0.0762,52.9316],[0.0765,52.9314],[0.0518,52.9172],[0.0426,52.9278],[0.0451,52.9227],[0.0464,52.9211],[0.0497,52.9169],[0.0436,52.918],[0.0418,52.9224],[0.0381,52.9234],[0.0373,52.9243],[0.0331,52.9239],[0.0323,52.9266],[0.0323,52.9258],[0.0323,52.924],[0.0331,52.9237],[0.0332,52.9236],[0.0373,52.9241],[0.0378,52.9232],[0.0364,52.9219],[0.036,52.9215],[0.0296,52.9214],[0.036,52.9213],[0.0376,52.922],[0.0381,52.9231],[0.041,52.9223],[0.0434,52.9181],[0.0438,52.9172],[0.0532,52.9159],[0.0384,52.9058],[0.0358,52.9133],[0.0361,52.9041],[0.0357,52.9038],[0.0207,52.904],[0.0364,52.9033],[0.0321,52.9016],[0.0223,52.8978],[0.0097,52.8944],[0.0099,52.8938],[0.0099,52.8933],[-0.0224,52.8788],[-0.0311,52.8752],[-0.0424,52.8716],[-0.0421,52.8713],[-0.0371,52.8724],[-0.0282,52.8746],[-0.002,52.8868],[0.0381,52.9025],[0.0686,52.9187],[0.0654,52.9121],[0.0691,52.9082],[0.0564,52.9034],[0.0733,52.9061],[0.0719,52.9032],[0.08,52.9007],[0.0825,52.8999],[0.0799,52.899],[0.077,52.8981],[0.0799,52.8986],[0.0859,52.8998],[0.0884,52.8951],[0.1162,52.8937],[0.1451,52.8851],[0.1468,52.882],[0.1456,52.8812],[0.144,52.8809],[0.1359,52.8746],[0.1498,52.8821],[0.1503,52.8822],[0.1513,52.8799],[0.1594,52.8803],[0.1764,52.8741],[0.1852,52.8557],[0.1929,52.8523],[0.2013,52.8383],[0.2143,52.8289],[0.1975,52.8297],[0.215,52.8285],[0.2108,52.8219],[0.2094,52.8195],[0.2149,52.8226],[0.2058,52.7875],[0.195,52.7667],[0.1958,52.7665],[0.2074,52.7883],[0.2168,52.8209],[0.2343,52.8233],[0.2452,52.8222],[0.2607,52.8153],[0.2686,52.8158],[0.2688,52.8158],[0.2627,52.8036],[0.2531,52.7973],[0.261,52.796],[0.252,52.7925],[0.245,52.7845],[0.2723,52.7728],[0.2484,52.7651],[0.2175,52.7532],[0.1864,52.7353],[0.1716,52.738],[0.1703,52.7399],[0.133,52.7393],[0.1138,52.73],[0.0988,52.7303],[0.089,52.7236],[0.0639,52.7274],[0.048,52.7188],[0.0441,52.7144],[0.048,52.681],[0.0215,52.6649],[-0.0313,52.6615],[-0.0321,52.6653],[-0.0449,52.6692],[-0.0581,52.6741],[-0.0639,52.6752],[-0.0655,52.672],[-0.0746,52.6721],[-0.0879,52.6668],[-0.1023,52.6722],[-0.1395,52.6548],[-0.1411,52.6515],[-0.1801,52.6605],[-0.193,52.6524],[-0.2061,52.6681],[-0.2125,52.6667]]],[[[0.2153,52.8277],[0.2153,52.8251],[0.2134,52.8252],[0.2153,52.8277]]]]}},{"type":"Feature","properties":{"areacd":"E10000020","areanm":"Norfolk"},"geometry":{"type":"MultiPolygon","coordinates":[[[[0.2363,52.5073],[0.2061,52.5196],[0.2197,52.5231],[0.2232,52.5214],[0.2224,52.5239],[0.2305,52.5279],[0.2256,52.5326],[0.2203,52.5289],[0.2149,52.532],[0.2081,52.5301],[0.2058,52.5338],[0.2132,52.5382],[0.2039,52.5454],[0.2113,52.5452],[0.2146,52.5491],[0.205,52.5479],[0.2048,52.5546],[0.2142,52.5562],[0.2172,52.5606],[0.2056,52.5656],[0.2185,52.5722],[0.2158,52.5794],[0.2026,52.5801],[0.1991,52.5918],[0.1937,52.5921],[0.1916,52.6015],[0.2016,52.6031],[0.2056,52.6118],[0.2174,52.6145],[0.2108,52.6179],[0.2192,52.6218],[0.192,52.6342],[0.172,52.6487],[0.1695,52.6527],[0.1782,52.6526],[0.1764,52.6557],[0.1837,52.6556],[0.1845,52.6721],[0.1811,52.6721],[0.1836,52.6748],[0.1848,52.6779],[0.1798,52.6776],[0.1571,52.6797],[0.1536,52.6822],[0.1564,52.7081],[0.1682,52.7261],[0.1716,52.738],[0.1864,52.7353],[0.2175,52.7532],[0.2484,52.7651],[0.2723,52.7728],[0.245,52.7845],[0.252,52.7925],[0.261,52.796],[0.2531,52.7973],[0.2627,52.8036],[0.2688,52.8158],[0.2875,52.8192],[0.3346,52.8172],[0.352,52.8094],[0.3686,52.7884],[0.3688,52.788],[0.3709,52.7847],[0.3748,52.779],[0.3748,52.7789],[0.3756,52.7779],[0.389,52.7535],[0.3922,52.748],[0.3847,52.74],[0.3847,52.7399],[0.3679,52.7281],[0.3646,52.7257],[0.3643,52.7255],[0.3543,52.717],[0.3541,52.7061],[0.3493,52.7025],[0.3547,52.7056],[0.3599,52.7007],[0.3662,52.696],[0.3714,52.6921],[0.3717,52.6862],[0.3651,52.6751],[0.3596,52.6662],[0.3638,52.6531],[0.3654,52.6479],[0.3656,52.6472],[0.3663,52.6456],[0.3677,52.641],[0.3677,52.6408],[0.3666,52.637],[0.3672,52.637],[0.3675,52.637],[0.3688,52.64],[0.3667,52.6472],[0.365,52.6538],[0.3641,52.6571],[0.3622,52.6637],[0.3625,52.6642],[0.3647,52.669],[0.3651,52.6699],[0.3734,52.6876],[0.3734,52.6877],[0.3722,52.6931],[0.3663,52.6971],[0.3606,52.7009],[0.3554,52.7073],[0.3564,52.7175],[0.3666,52.7255],[0.3667,52.7256],[0.3677,52.726],[0.3767,52.7297],[0.3953,52.7474],[0.3956,52.7475],[0.3931,52.7534],[0.3911,52.7585],[0.3898,52.7611],[0.3937,52.7605],[0.3889,52.7618],[0.3746,52.7843],[0.3802,52.7823],[0.375,52.7854],[0.3762,52.7859],[0.3799,52.7875],[0.3809,52.7854],[0.3814,52.7887],[0.3757,52.7861],[0.3748,52.7857],[0.3733,52.7875],[0.3719,52.7889],[0.3714,52.7899],[0.3704,52.7914],[0.3704,52.7916],[0.3578,52.8125],[0.373,52.8205],[0.4154,52.8427],[0.4158,52.8429],[0.4327,52.853],[0.4448,52.8533],[0.4454,52.8739],[0.4654,52.8981],[0.4774,52.9261],[0.4777,52.9268],[0.4805,52.9315],[0.4895,52.9472],[0.4977,52.9537],[0.5247,52.9691],[0.5352,52.9721],[0.531,52.9697],[0.5351,52.9702],[0.5409,52.9749],[0.5623,52.9765],[0.5625,52.975],[0.5699,52.973],[0.5631,52.9728],[0.5631,52.9727],[0.5631,52.97],[0.5683,52.9708],[0.5636,52.9695],[0.5757,52.964],[0.5835,52.9663],[0.5748,52.9656],[0.5778,52.9706],[0.5849,52.9674],[0.5817,52.9712],[0.5864,52.9731],[0.5862,52.9692],[0.587,52.9659],[0.59,52.9658],[0.5872,52.9661],[0.587,52.9688],[0.5909,52.9679],[0.5868,52.9693],[0.5886,52.9709],[0.5943,52.9681],[0.5909,52.9653],[0.5948,52.9678],[0.6041,52.9676],[0.5951,52.968],[0.5972,52.9732],[0.6019,52.9724],[0.5972,52.9734],[0.5938,52.9705],[0.5865,52.9751],[0.5901,52.9767],[0.6178,52.9736],[0.6142,52.9706],[0.6191,52.9726],[0.6193,52.9692],[0.6259,52.971],[0.6204,52.9704],[0.6198,52.9737],[0.6703,52.9778],[0.6748,52.9737],[0.6694,52.9707],[0.6565,52.9733],[0.6574,52.971],[0.6449,52.9714],[0.6397,52.97],[0.6456,52.968],[0.6356,52.9682],[0.6435,52.9661],[0.6498,52.9697],[0.6493,52.9668],[0.6661,52.9664],[0.6716,52.9697],[0.679,52.9678],[0.6816,52.9671],[0.6884,52.9708],[0.6808,52.9694],[0.679,52.97],[0.6753,52.9715],[0.6791,52.9717],[0.6846,52.972],[0.695,52.9781],[0.7004,52.9775],[0.6997,52.9747],[0.7032,52.9766],[0.7023,52.9733],[0.7116,52.9736],[0.7116,52.9736],[0.7166,52.972],[0.7171,52.9719],[0.7176,52.9717],[0.7185,52.9724],[0.7331,52.9739],[0.7347,52.9753],[0.7362,52.9753],[0.7521,52.9729],[0.7437,52.9654],[0.7368,52.9673],[0.7476,52.971],[0.7358,52.9674],[0.7381,52.9732],[0.7342,52.9706],[0.7317,52.9727],[0.7353,52.968],[0.7347,52.9668],[0.7333,52.9641],[0.7355,52.9643],[0.7468,52.9649],[0.7579,52.9693],[0.7598,52.9725],[0.7544,52.9705],[0.7543,52.9747],[0.7613,52.9758],[0.7515,52.9771],[0.7723,52.9788],[0.7814,52.9767],[0.8091,52.9736],[0.8124,52.9703],[0.8124,52.9735],[0.822,52.9766],[0.8217,52.9766],[0.8128,52.9741],[0.8114,52.9763],[0.8241,52.9773],[0.8443,52.9772],[0.8435,52.9747],[0.8522,52.9731],[0.8509,52.9578],[0.8688,52.957],[0.8699,52.9549],[0.8743,52.9593],[0.8795,52.9598],[0.8867,52.9588],[0.8899,52.9607],[0.8932,52.961],[0.8976,52.9594],[0.9079,52.9623],[0.9076,52.9585],[0.9118,52.9633],[0.9182,52.962],[0.9161,52.9618],[0.9171,52.96],[0.9137,52.9588],[0.9182,52.9597],[0.9167,52.9617],[0.9232,52.9601],[0.9195,52.9625],[0.9157,52.9634],[0.9198,52.9656],[0.9358,52.9628],[0.937,52.96],[0.9329,52.9584],[0.9296,52.9598],[0.9327,52.9575],[0.9295,52.9573],[0.9271,52.9593],[0.929,52.9572],[0.9324,52.9571],[0.935,52.9581],[0.9376,52.96],[0.9382,52.963],[0.9406,52.9605],[0.9402,52.9632],[0.945,52.9638],[0.946,52.9589],[0.961,52.9598],[0.9621,52.9593],[0.9577,52.9575],[0.9609,52.9573],[0.9621,52.9581],[0.9693,52.9637],[0.9766,52.9637],[0.9839,52.9638],[0.9792,52.9604],[0.9826,52.9613],[0.9826,52.9576],[0.9994,52.9559],[1.0071,52.9559],[1.0092,52.9588],[1.0097,52.9575],[1.0154,52.9555],[1.0178,52.9564],[1.0164,52.9628],[1.0181,52.9607],[1.0186,52.9641],[1.0258,52.966],[1.0257,52.9656],[1.0255,52.9645],[1.0271,52.9646],[1.0433,52.9659],[1.0449,52.9622],[1.0464,52.9657],[1.0278,52.9687],[1.0273,52.9688],[1.0034,52.9747],[1.0177,52.9724],[1.028,52.9704],[1.0281,52.9704],[1.1151,52.9528],[1.1214,52.9522],[1.1232,52.9518],[1.1348,52.9508],[1.165,52.9477],[1.1863,52.9464],[1.1866,52.9463],[1.2297,52.9435],[1.2298,52.9435],[1.2411,52.9425],[1.242,52.9424],[1.2724,52.9375],[1.2833,52.9358],[1.3063,52.9309],[1.3065,52.9309],[1.3215,52.9259],[1.3351,52.9222],[1.3803,52.9046],[1.4066,52.8938],[1.4137,52.8907],[1.414,52.8907],[1.4973,52.8446],[1.5599,52.8129],[1.5633,52.8111],[1.5867,52.8016],[1.6382,52.7674],[1.675,52.7426],[1.6771,52.741],[1.6987,52.7199],[1.6992,52.7192],[1.7147,52.6879],[1.7147,52.6878],[1.7284,52.6635],[1.7284,52.6634],[1.7318,52.6547],[1.7415,52.6344],[1.7418,52.6337],[1.743,52.6205],[1.7421,52.618],[1.7421,52.6177],[1.7407,52.6084],[1.7407,52.6081],[1.7381,52.5824],[1.7433,52.5799],[1.7434,52.5792],[1.7388,52.58],[1.7391,52.5748],[1.7434,52.5759],[1.7434,52.5752],[1.7398,52.573],[1.7337,52.5741],[1.7257,52.604],[1.7242,52.6059],[1.7242,52.606],[1.72,52.6107],[1.7231,52.6121],[1.7237,52.6141],[1.7218,52.6159],[1.725,52.6211],[1.7268,52.624],[1.7256,52.6269],[1.7214,52.6304],[1.7213,52.6304],[1.7101,52.631],[1.6982,52.626],[1.6979,52.6257],[1.6929,52.6215],[1.6876,52.6278],[1.6791,52.6296],[1.653,52.6321],[1.6421,52.6308],[1.6342,52.6325],[1.6335,52.6328],[1.6162,52.6324],[1.6174,52.6289],[1.6061,52.6241],[1.5935,52.629],[1.5922,52.6375],[1.5917,52.6373],[1.5922,52.6319],[1.5925,52.6291],[1.6062,52.6238],[1.6177,52.6287],[1.6178,52.6288],[1.6171,52.6321],[1.6335,52.6325],[1.6385,52.6302],[1.644,52.6302],[1.6532,52.6318],[1.6792,52.6293],[1.6874,52.6275],[1.6892,52.6226],[1.6924,52.6213],[1.6927,52.6212],[1.6943,52.6216],[1.7101,52.6306],[1.7163,52.6305],[1.7202,52.6303],[1.7218,52.6287],[1.7244,52.6225],[1.7218,52.62],[1.7215,52.6156],[1.7234,52.614],[1.7226,52.6121],[1.7202,52.6115],[1.7153,52.613],[1.716,52.6168],[1.7107,52.619],[1.6949,52.618],[1.6817,52.6083],[1.6579,52.6039],[1.6453,52.5894],[1.6385,52.5874],[1.6361,52.5818],[1.6274,52.5799],[1.6235,52.5747],[1.6071,52.5742],[1.6081,52.5694],[1.6011,52.5674],[1.5919,52.5583],[1.5788,52.5567],[1.5726,52.5586],[1.5759,52.5568],[1.6007,52.543],[1.6237,52.5302],[1.6274,52.5279],[1.6308,52.5205],[1.6464,52.5143],[1.6448,52.5086],[1.654,52.5013],[1.6721,52.5031],[1.6761,52.4974],[1.682,52.4952],[1.6758,52.4843],[1.6691,52.4819],[1.6708,52.4775],[1.6708,52.477],[1.6629,52.4747],[1.659,52.4688],[1.6575,52.4687],[1.6519,52.4703],[1.6487,52.4736],[1.6435,52.4727],[1.6336,52.4629],[1.6335,52.4629],[1.6072,52.4667],[1.604,52.4718],[1.5867,52.4789],[1.583,52.4771],[1.5677,52.4747],[1.5625,52.4668],[1.563,52.4667],[1.5671,52.4723],[1.5625,52.4612],[1.5578,52.4577],[1.5529,52.4591],[1.5294,52.4684],[1.5241,52.4674],[1.5216,52.4618],[1.5161,52.464],[1.5081,52.4617],[1.4832,52.4718],[1.4748,52.4696],[1.4587,52.4581],[1.4411,52.4567],[1.4263,52.4706],[1.4164,52.4684],[1.4111,52.4616],[1.4332,52.4559],[1.435,52.448],[1.4322,52.4452],[1.4161,52.4449],[1.398,52.441],[1.3909,52.4369],[1.3919,52.434],[1.3727,52.4304],[1.3579,52.4242],[1.3612,52.4132],[1.3463,52.409],[1.3472,52.4044],[1.3357,52.4019],[1.3306,52.3935],[1.3163,52.3874],[1.3015,52.3917],[1.2912,52.3901],[1.2812,52.3885],[1.2594,52.3709],[1.2468,52.3654],[1.233,52.3649],[1.2302,52.3602],[1.2142,52.3554],[1.1968,52.3606],[1.1903,52.3618],[1.1823,52.3588],[1.1569,52.3613],[1.1314,52.3676],[1.0964,52.3718],[1.0807,52.3727],[1.0686,52.3784],[1.059,52.3772],[1.0299,52.3787],[1.0277,52.3786],[1.0068,52.3757],[0.9978,52.3715],[0.9674,52.3701],[0.9468,52.376],[0.9367,52.3867],[0.9189,52.3889],[0.9048,52.3858],[0.8911,52.3908],[0.8667,52.3903],[0.8569,52.3967],[0.8569,52.3969],[0.8554,52.3994],[0.8383,52.4007],[0.8081,52.3895],[0.7962,52.3912],[0.7859,52.3865],[0.7734,52.3863],[0.7659,52.3903],[0.7498,52.3829],[0.741,52.3882],[0.7418,52.3927],[0.7352,52.3953],[0.7124,52.3946],[0.7024,52.3964],[0.6843,52.3992],[0.6684,52.4092],[0.6848,52.4249],[0.7175,52.4467],[0.7188,52.4496],[0.7056,52.4526],[0.6945,52.451],[0.6839,52.4531],[0.6661,52.4625],[0.6422,52.451],[0.6288,52.4501],[0.6298,52.454],[0.6204,52.4544],[0.6217,52.4512],[0.6151,52.4491],[0.6096,52.4527],[0.5972,52.4542],[0.5825,52.4518],[0.5548,52.456],[0.5445,52.4516],[0.5403,52.4503],[0.5305,52.4536],[0.5238,52.4482],[0.5009,52.4502],[0.496,52.4473],[0.4781,52.4456],[0.4456,52.4474],[0.4293,52.4364],[0.4234,52.451],[0.4285,52.4546],[0.4021,52.4653],[0.3919,52.4755],[0.3806,52.4795],[0.3672,52.4959],[0.367,52.5012],[0.3621,52.4989],[0.345,52.5017],[0.3323,52.5085],[0.3183,52.5076],[0.3173,52.513],[0.3094,52.5136],[0.2565,52.5077],[0.246,52.4999],[0.2388,52.5092],[0.2363,52.5073]]],[[[1.629,52.5261],[1.6278,52.5283],[1.6211,52.5327],[1.6213,52.5398],[1.6064,52.5423],[1.6104,52.5504],[1.6223,52.5522],[1.6281,52.5556],[1.634,52.5611],[1.6361,52.5735],[1.6416,52.5747],[1.6506,52.5762],[1.6503,52.5931],[1.6511,52.5942],[1.6836,52.6007],[1.6849,52.6013],[1.6974,52.6069],[1.6975,52.607],[1.7134,52.6115],[1.7173,52.6101],[1.7201,52.6083],[1.7242,52.6041],[1.7257,52.597],[1.7266,52.591],[1.7266,52.5906],[1.7288,52.585],[1.7288,52.5849],[1.7326,52.5724],[1.7386,52.572],[1.7326,52.5695],[1.732,52.5693],[1.7328,52.5569],[1.7384,52.5387],[1.7404,52.5321],[1.726,52.5306],[1.7056,52.5399],[1.7026,52.5444],[1.6904,52.5449],[1.686,52.5494],[1.6658,52.5496],[1.6591,52.5422],[1.6366,52.5374],[1.6382,52.5338],[1.6311,52.5323],[1.6365,52.5279],[1.629,52.5261]]],[[[0.6845,52.9883],[0.7379,52.9822],[0.7511,52.9784],[0.7402,52.9771],[0.7294,52.9801],[0.7388,52.9763],[0.7337,52.9765],[0.7265,52.9784],[0.7134,52.9786],[0.7129,52.9796],[0.6995,52.9797],[0.6984,52.9841],[0.6974,52.9806],[0.6945,52.9839],[0.6961,52.9809],[0.6859,52.9809],[0.6813,52.9774],[0.6797,52.9814],[0.6792,52.9828],[0.6798,52.9835],[0.684,52.9876],[0.6801,52.9871],[0.6717,52.9861],[0.6723,52.9841],[0.6652,52.986],[0.663,52.9825],[0.6633,52.987],[0.6801,52.988],[0.6845,52.9883]]],[[[0.7334,52.9752],[0.7324,52.9743],[0.7187,52.973],[0.715,52.9727],[0.7101,52.9755],[0.7061,52.9741],[0.7061,52.9773],[0.7061,52.9778],[0.714,52.9777],[0.726,52.9776],[0.7318,52.9765],[0.7344,52.976],[0.7343,52.9758],[0.7342,52.9757],[0.7334,52.9752]]],[[[0.8827,52.9698],[0.8924,52.9688],[0.8832,52.9651],[0.8759,52.9675],[0.8728,52.9699],[0.8685,52.9687],[0.8653,52.9695],[0.8633,52.9681],[0.8628,52.9659],[0.8583,52.9647],[0.8575,52.9641],[0.8634,52.9658],[0.8634,52.962],[0.853,52.9578],[0.8572,52.9602],[0.8538,52.9635],[0.8611,52.9666],[0.8554,52.9688],[0.8666,52.979],[0.8719,52.9791],[0.8793,52.9765],[0.8827,52.9698]]],[[[0.8974,52.9695],[0.9038,52.962],[0.8961,52.9613],[0.8915,52.9617],[0.8864,52.9595],[0.8754,52.9603],[0.8738,52.9598],[0.8719,52.9591],[0.8753,52.9642],[0.8853,52.964],[0.8754,52.9644],[0.8759,52.9669],[0.8835,52.9649],[0.8974,52.9695]]],[[[1.0131,52.9617],[1.0139,52.9594],[1.0154,52.9624],[1.0157,52.9593],[1.0168,52.9564],[1.0154,52.9557],[1.0126,52.9573],[1.0132,52.9581],[1.0113,52.9594],[1.0131,52.9581],[1.0103,52.9575],[1.0102,52.9589],[1.0078,52.9589],[1.0068,52.956],[0.9978,52.9581],[0.9981,52.9606],[0.9903,52.9605],[0.9918,52.9628],[0.9865,52.9634],[0.9986,52.9643],[1.0145,52.9635],[1.0131,52.9617]]],[[[0.9748,52.9793],[0.9881,52.9772],[0.9774,52.974],[0.9789,52.9715],[0.9771,52.9724],[0.9715,52.9752],[0.9702,52.9705],[0.9681,52.973],[0.9737,52.9787],[0.9583,52.9692],[0.9582,52.9715],[0.9658,52.9776],[0.9748,52.9793]]],[[[0.8753,52.9673],[0.8724,52.9603],[0.8644,52.9618],[0.8679,52.9675],[0.8753,52.9673]]],[[[0.9522,52.9635],[0.9632,52.9602],[0.9634,52.9601],[0.9631,52.9601],[0.9595,52.9605],[0.9463,52.959],[0.9458,52.9637],[0.9522,52.9635]]],[[[0.8689,52.9577],[0.8573,52.9576],[0.8659,52.9605],[0.8714,52.9602],[0.8689,52.9577]]],[[[0.9941,52.9762],[0.9818,52.9707],[0.9884,52.9771],[0.9941,52.9762]]],[[[0.9963,52.9588],[0.9984,52.9563],[0.9921,52.9577],[0.9963,52.9588]]],[[[1.6209,52.5395],[1.6206,52.5326],[1.6023,52.543],[1.5793,52.5561],[1.593,52.5583],[1.6017,52.5672],[1.6085,52.5692],[1.6077,52.5738],[1.6237,52.5742],[1.6274,52.5788],[1.6375,52.5815],[1.64,52.5867],[1.6435,52.5876],[1.6484,52.5771],[1.6485,52.5767],[1.6377,52.575],[1.6346,52.5733],[1.6329,52.5609],[1.622,52.5525],[1.6101,52.5509],[1.6061,52.5421],[1.6209,52.5395]]]]}},{"type":"Feature","properties":{"areacd":"E10000024","areanm":"Nottinghamshire"},"geometry":{"type":"Polygon","coordinates":[[[-1.116,53.4073],[-1.1082,53.4059],[-1.0988,53.4187],[-1.087,53.4255],[-1.0791,53.4228],[-1.0804,53.4268],[-1.0733,53.428],[-1.057,53.4253],[-1.031,53.431],[-1.0305,53.4252],[-1.0231,53.4245],[-1.0143,53.4263],[-1.0126,53.4328],[-0.9958,53.4369],[-0.9975,53.4436],[-0.9855,53.4613],[-0.9861,53.4717],[-0.9533,53.4844],[-0.9356,53.5025],[-0.9006,53.4751],[-0.9201,53.4655],[-0.9162,53.4603],[-0.8738,53.4615],[-0.8719,53.4663],[-0.7976,53.455],[-0.8094,53.4436],[-0.8202,53.4411],[-0.8194,53.4371],[-0.817,53.4256],[-0.8036,53.4171],[-0.7884,53.4143],[-0.7913,53.4105],[-0.7857,53.4021],[-0.7774,53.3974],[-0.7763,53.3915],[-0.7902,53.3863],[-0.7868,53.3843],[-0.7755,53.3774],[-0.786,53.3745],[-0.791,53.3635],[-0.7808,53.3612],[-0.7734,53.364],[-0.7586,53.3538],[-0.7648,53.3463],[-0.7581,53.3419],[-0.7666,53.3301],[-0.76,53.3247],[-0.75,53.3243],[-0.7537,53.3202],[-0.7534,53.3104],[-0.7471,53.3044],[-0.7502,53.2945],[-0.7579,53.2928],[-0.7629,53.2996],[-0.7684,53.2906],[-0.7781,53.2836],[-0.7642,53.2727],[-0.7731,53.2607],[-0.7702,53.2531],[-0.7784,53.252],[-0.7771,53.2469],[-0.7351,53.2439],[-0.7342,53.254],[-0.6948,53.2584],[-0.688,53.2584],[-0.6666,53.2397],[-0.6759,53.2176],[-0.6976,53.2202],[-0.7148,53.2076],[-0.7306,53.2107],[-0.7538,53.1881],[-0.7622,53.1882],[-0.7641,53.1815],[-0.7182,53.1773],[-0.716,53.1704],[-0.7232,53.1551],[-0.7154,53.1369],[-0.7324,53.1278],[-0.7311,53.124],[-0.7169,53.1194],[-0.7213,53.1042],[-0.7296,53.0979],[-0.7244,53.0926],[-0.7061,53.0834],[-0.7103,53.0794],[-0.6985,53.0754],[-0.6987,53.0677],[-0.6951,53.0665],[-0.7015,53.0636],[-0.7135,53.066],[-0.7161,53.059],[-0.7227,53.0599],[-0.7311,53.0543],[-0.7496,53.0551],[-0.7534,53.0482],[-0.7608,53.0294],[-0.7767,53.0247],[-0.7884,53.0258],[-0.7958,53.0106],[-0.8044,53.0122],[-0.8002,53.0022],[-0.7776,52.9838],[-0.7783,52.9769],[-0.7963,52.9767],[-0.8097,52.966],[-0.8129,52.9574],[-0.82,52.9604],[-0.8339,52.9459],[-0.8228,52.9437],[-0.8349,52.9393],[-0.8415,52.9284],[-0.8629,52.9131],[-0.8575,52.9056],[-0.8855,52.8926],[-0.912,52.8835],[-0.9169,52.8789],[-0.9406,52.8768],[-0.9281,52.8661],[-0.9408,52.8615],[-0.9411,52.8539],[-0.9527,52.8504],[-0.9608,52.8433],[-0.9705,52.845],[-0.9771,52.8407],[-0.975,52.8292],[-0.9889,52.8182],[-0.9958,52.8213],[-1.0218,52.822],[-1.0363,52.8159],[-1.0368,52.8159],[-1.0498,52.8134],[-1.0592,52.8172],[-1.0717,52.814],[-1.0688,52.8212],[-1.0744,52.8247],[-1.0915,52.8201],[-1.0941,52.8219],[-1.1192,52.8191],[-1.1212,52.8123],[-1.1309,52.8058],[-1.144,52.8039],[-1.1619,52.8064],[-1.1767,52.8026],[-1.1961,52.7901],[-1.2003,52.7938],[-1.2112,52.7949],[-1.2221,52.7917],[-1.2284,52.7931],[-1.2319,52.8006],[-1.2454,52.8061],[-1.2554,52.8041],[-1.2619,52.8104],[-1.2609,52.818],[-1.27,52.8233],[-1.2744,52.8361],[-1.2668,52.8375],[-1.2692,52.8403],[-1.2663,52.8427],[-1.2722,52.8494],[-1.2647,52.8583],[-1.2752,52.8604],[-1.2679,52.8733],[-1.2661,52.8733],[-1.2537,52.8793],[-1.24,52.8801],[-1.239,52.8835],[-1.2464,52.8891],[-1.2397,52.8923],[-1.2474,52.8987],[-1.2466,52.9031],[-1.2566,52.9018],[-1.2718,52.9051],[-1.2819,52.9107],[-1.2828,52.9193],[-1.2858,52.926],[-1.2781,52.9336],[-1.2792,52.9368],[-1.281,52.9408],[-1.2828,52.9455],[-1.2823,52.9512],[-1.2925,52.9556],[-1.2906,52.9598],[-1.2878,52.9696],[-1.2949,52.9798],[-1.2978,52.9897],[-1.3007,52.9918],[-1.3074,53.0036],[-1.308,53.0039],[-1.3133,53.0052],[-1.3228,53.0216],[-1.328,53.0292],[-1.3331,53.0339],[-1.3358,53.0507],[-1.3359,53.0529],[-1.3441,53.0623],[-1.3438,53.0687],[-1.3346,53.0776],[-1.3316,53.081],[-1.3032,53.0881],[-1.3093,53.0968],[-1.3007,53.1016],[-1.3118,53.1087],[-1.3107,53.1102],[-1.3123,53.1163],[-1.3142,53.1249],[-1.3217,53.1306],[-1.3151,53.1361],[-1.3189,53.1397],[-1.3257,53.1576],[-1.3167,53.1653],[-1.302,53.1638],[-1.2961,53.1712],[-1.2889,53.1714],[-1.2821,53.1674],[-1.269,53.1682],[-1.2603,53.1647],[-1.2599,53.1645],[-1.2532,53.1655],[-1.2416,53.1781],[-1.2299,53.1785],[-1.2157,53.1809],[-1.2042,53.1823],[-1.1987,53.1831],[-1.1951,53.1893],[-1.2016,53.2001],[-1.2011,53.2039],[-1.2047,53.2083],[-1.2082,53.2117],[-1.2095,53.2177],[-1.2019,53.2355],[-1.2125,53.2456],[-1.2027,53.2611],[-1.1748,53.2651],[-1.1815,53.27],[-1.1664,53.2776],[-1.1801,53.2871],[-1.1716,53.2946],[-1.1743,53.2983],[-1.1743,53.3025],[-1.1793,53.3064],[-1.1872,53.304],[-1.1998,53.3114],[-1.1903,53.3199],[-1.1719,53.3227],[-1.1751,53.3257],[-1.1593,53.3335],[-1.1486,53.3385],[-1.1388,53.3414],[-1.1404,53.3465],[-1.1569,53.3449],[-1.1619,53.3542],[-1.1619,53.3579],[-1.1517,53.3545],[-1.1385,53.3559],[-1.1406,53.364],[-1.1451,53.3634],[-1.1464,53.3657],[-1.1448,53.3712],[-1.1382,53.3722],[-1.1301,53.3775],[-1.1335,53.3915],[-1.1333,53.3914],[-1.1228,53.3983],[-1.1156,53.3972],[-1.116,53.4073]],[[-1.0862,52.9485],[-1.0965,52.9554],[-1.1041,52.9641],[-1.1151,52.9648],[-1.1201,52.9721],[-1.1264,52.9848],[-1.1312,52.9861],[-1.1425,52.9863],[-1.1383,52.9948],[-1.1461,52.9984],[-1.1524,52.9966],[-1.1435,53.0065],[-1.1669,53.0106],[-1.1677,53.0143],[-1.1845,53.0144],[-1.1827,53.0185],[-1.1845,53.0164],[-1.1877,53.0179],[-1.1953,53.0154],[-1.2099,53.0181],[-1.2129,53.0127],[-1.2253,53.0081],[-1.2187,53.0065],[-1.2206,53.0034],[-1.214,52.9974],[-1.2192,52.9915],[-1.2037,52.9871],[-1.2037,52.987],[-1.2151,52.9831],[-1.2225,52.986],[-1.2261,52.9812],[-1.2468,52.9845],[-1.2321,52.9676],[-1.2408,52.963],[-1.2468,52.9531],[-1.2451,52.9504],[-1.2324,52.942],[-1.2242,52.9424],[-1.2171,52.9389],[-1.2153,52.934],[-1.2051,52.9334],[-1.2031,52.9323],[-1.1958,52.9278],[-1.1824,52.9173],[-1.1934,52.9124],[-1.199,52.9095],[-1.2105,52.9123],[-1.214,52.9044],[-1.2166,52.9001],[-1.2113,52.9026],[-1.1769,52.889],[-1.1663,52.8989],[-1.1586,52.9],[-1.1589,52.9128],[-1.1522,52.937],[-1.1464,52.9322],[-1.1393,52.9332],[-1.1317,52.9428],[-1.1151,52.9439],[-1.0996,52.942],[-1.0862,52.9485]]]}},{"type":"Feature","properties":{"areacd":"E10000025","areanm":"Oxfordshire"},"geometry":{"type":"Polygon","coordinates":[[[-0.9127,51.737],[-0.904,51.732],[-0.8972,51.7228],[-0.8877,51.7183],[-0.8867,51.7051],[-0.8948,51.6925],[-0.8799,51.6809],[-0.8868,51.6814],[-0.898,51.6764],[-0.8842,51.6738],[-0.8777,51.6684],[-0.8948,51.6683],[-0.9104,51.6738],[-0.9178,51.6724],[-0.9249,51.6654],[-0.9322,51.6649],[-0.923,51.657],[-0.9272,51.6514],[-0.9295,51.6557],[-0.9332,51.6526],[-0.9464,51.6538],[-0.945,51.6498],[-0.9507,51.6507],[-0.9377,51.6416],[-0.9353,51.6357],[-0.9501,51.6289],[-0.9498,51.6207],[-0.9385,51.6179],[-0.9432,51.605],[-0.9335,51.6016],[-0.9293,51.6043],[-0.9201,51.6036],[-0.9169,51.5993],[-0.9249,51.5909],[-0.9416,51.5855],[-0.9394,51.574],[-0.9242,51.5634],[-0.9214,51.5646],[-0.9017,51.5561],[-0.9032,51.5459],[-0.8969,51.5449],[-0.8998,51.5362],[-0.8839,51.5272],[-0.8783,51.523],[-0.8803,51.5118],[-0.8701,51.5041],[-0.8898,51.4988],[-0.8977,51.487],[-0.9082,51.484],[-0.9106,51.4768],[-0.9269,51.4673],[-0.9493,51.4595],[-0.9555,51.4613],[-0.9552,51.4653],[-0.9472,51.4667],[-0.9468,51.4717],[-0.9411,51.475],[-0.9469,51.4861],[-0.9619,51.4931],[-0.9753,51.4874],[-0.9913,51.4853],[-0.9984,51.4843],[-0.9982,51.4775],[-1.0069,51.4734],[-1.0074,51.4682],[-1.0182,51.4666],[-1.0366,51.4752],[-1.0376,51.484],[-1.0437,51.4894],[-1.0555,51.492],[-1.0712,51.4897],[-1.0883,51.4858],[-1.1028,51.4902],[-1.107,51.5011],[-1.1149,51.5105],[-1.1338,51.5112],[-1.1421,51.5162],[-1.1435,51.5235],[-1.1346,51.5337],[-1.1404,51.5429],[-1.1608,51.5346],[-1.2047,51.5284],[-1.2047,51.5376],[-1.2269,51.5352],[-1.23,51.5346],[-1.2424,51.5378],[-1.2568,51.537],[-1.2664,51.5412],[-1.2855,51.5483],[-1.2876,51.5528],[-1.3262,51.5596],[-1.3287,51.5637],[-1.338,51.5458],[-1.3426,51.5436],[-1.3588,51.5466],[-1.3672,51.5525],[-1.378,51.5497],[-1.377,51.5458],[-1.3867,51.54],[-1.3959,51.5403],[-1.4049,51.5472],[-1.4227,51.5358],[-1.4266,51.5456],[-1.4478,51.5364],[-1.4568,51.5355],[-1.4645,51.5385],[-1.463,51.5302],[-1.4708,51.5286],[-1.4859,51.5341],[-1.4894,51.5427],[-1.513,51.5508],[-1.5213,51.5509],[-1.531,51.5461],[-1.5473,51.5531],[-1.5565,51.553],[-1.5662,51.5456],[-1.5699,51.5474],[-1.5694,51.5433],[-1.5812,51.537],[-1.5847,51.5249],[-1.6028,51.5183],[-1.6138,51.5365],[-1.6341,51.5533],[-1.6477,51.572],[-1.6551,51.5765],[-1.6766,51.5694],[-1.6841,51.5729],[-1.6911,51.5835],[-1.6903,51.5844],[-1.6848,51.5903],[-1.6906,51.6054],[-1.6814,51.6136],[-1.675,51.6117],[-1.667,51.6163],[-1.6737,51.6228],[-1.6601,51.635],[-1.6632,51.6399],[-1.6757,51.6414],[-1.6863,51.6524],[-1.6919,51.6522],[-1.6885,51.6568],[-1.6906,51.6638],[-1.7002,51.6707],[-1.6966,51.6821],[-1.6831,51.6901],[-1.676,51.6884],[-1.6753,51.6825],[-1.6685,51.6804],[-1.6483,51.6841],[-1.6574,51.6964],[-1.6647,51.6969],[-1.6861,51.7102],[-1.6937,51.7216],[-1.6958,51.7238],[-1.6856,51.7306],[-1.687,51.7399],[-1.695,51.7486],[-1.7008,51.7706],[-1.7195,51.7832],[-1.6838,51.8013],[-1.6769,51.817],[-1.6811,51.816],[-1.6866,51.8344],[-1.6764,51.8503],[-1.6787,51.8529],[-1.6864,51.8663],[-1.6672,51.877],[-1.669,51.8815],[-1.6588,51.8965],[-1.6448,51.8946],[-1.6333,51.8996],[-1.6338,51.9055],[-1.6348,51.9129],[-1.6448,51.9137],[-1.6412,51.9216],[-1.6456,51.9223],[-1.6151,51.9377],[-1.6325,51.9556],[-1.6489,51.9589],[-1.6554,51.9575],[-1.6524,51.9615],[-1.6625,51.964],[-1.669,51.9753],[-1.6658,51.9875],[-1.6383,51.9752],[-1.6124,51.9554],[-1.5917,51.9704],[-1.6004,51.9769],[-1.5807,51.973],[-1.5636,51.977],[-1.5497,51.9808],[-1.5572,51.9916],[-1.5418,51.9964],[-1.5279,51.9917],[-1.5228,51.9968],[-1.5102,52.0255],[-1.4973,52.0589],[-1.4992,52.0635],[-1.5018,52.0716],[-1.4907,52.0771],[-1.4945,52.0822],[-1.4856,52.0877],[-1.4878,52.0939],[-1.4801,52.0935],[-1.4774,52.1013],[-1.4676,52.097],[-1.4472,52.0976],[-1.4534,52.113],[-1.449,52.116],[-1.4195,52.1176],[-1.4039,52.1101],[-1.3854,52.0941],[-1.3743,52.0997],[-1.3578,52.1013],[-1.3652,52.1113],[-1.3704,52.1127],[-1.3709,52.1175],[-1.3907,52.1168],[-1.3933,52.119],[-1.3855,52.1284],[-1.3662,52.1361],[-1.3487,52.1351],[-1.35,52.1416],[-1.3412,52.1448],[-1.3435,52.1532],[-1.3383,52.1588],[-1.3341,52.1591],[-1.3319,52.1685],[-1.3064,52.1455],[-1.3084,52.1435],[-1.2768,52.1171],[-1.2529,52.1039],[-1.248,52.0968],[-1.2716,52.0979],[-1.2871,52.0926],[-1.308,52.0923],[-1.3207,52.0876],[-1.3206,52.0822],[-1.3161,52.0795],[-1.2994,52.0801],[-1.2986,52.0757],[-1.307,52.0703],[-1.3002,52.0694],[-1.3013,52.0661],[-1.3078,52.0643],[-1.3074,52.0576],[-1.3129,52.0514],[-1.3091,52.0488],[-1.2965,52.0409],[-1.2949,52.0398],[-1.2944,52.028],[-1.2852,52.0265],[-1.2781,52.0143],[-1.2786,52.0114],[-1.2847,52.0106],[-1.2784,52.0082],[-1.2789,52.0044],[-1.2834,51.9995],[-1.2831,51.9915],[-1.2889,51.9897],[-1.2826,51.9792],[-1.2809,51.9824],[-1.2609,51.9809],[-1.2416,51.9863],[-1.2297,51.9814],[-1.2008,51.9779],[-1.1963,51.9774],[-1.1906,51.9815],[-1.1761,51.982],[-1.1638,51.9934],[-1.1567,51.9922],[-1.1343,51.9973],[-1.1314,52.0049],[-1.118,52.0154],[-1.112,52.0166],[-1.1028,52.0121],[-1.0959,52.015],[-1.0881,52.0058],[-1.0772,52.0088],[-1.0739,52.0063],[-1.061,52.0086],[-1.0531,52.0025],[-1.0782,51.981],[-1.0953,51.9571],[-1.082,51.951],[-1.0791,51.9434],[-1.0565,51.9492],[-1.0559,51.9426],[-1.0621,51.9351],[-1.0776,51.9316],[-1.0756,51.9299],[-1.0867,51.9226],[-1.0794,51.9172],[-1.0863,51.9053],[-1.0843,51.8995],[-1.0936,51.8939],[-1.0767,51.8878],[-1.0704,51.8887],[-1.0702,51.8821],[-1.0776,51.8767],[-1.0692,51.8746],[-1.0647,51.8687],[-1.066,51.8528],[-1.062,51.8442],[-1.047,51.8398],[-1.062,51.8324],[-1.0715,51.8339],[-1.0723,51.831],[-1.0844,51.8306],[-1.1025,51.8403],[-1.1212,51.8453],[-1.1406,51.8347],[-1.1101,51.8173],[-1.1249,51.8075],[-1.1175,51.7992],[-1.1235,51.7942],[-1.1201,51.7923],[-1.122,51.7871],[-1.1154,51.7869],[-1.1065,51.7816],[-1.083,51.7803],[-1.0789,51.7713],[-1.0828,51.7641],[-1.081,51.7565],[-1.0728,51.7583],[-1.0665,51.7536],[-1.055,51.7522],[-1.0455,51.7446],[-1.0336,51.7446],[-1.0297,51.746],[-1.0315,51.7572],[-1.0074,51.7559],[-1.0016,51.7548],[-0.9832,51.7525],[-0.9814,51.76],[-0.9537,51.7578],[-0.945,51.7536],[-0.9333,51.7524],[-0.9284,51.7459],[-0.924,51.7477],[-0.9182,51.7372],[-0.9127,51.737]]]}},{"type":"Feature","properties":{"areacd":"E10000028","areanm":"Staffordshire"},"geometry":{"type":"Polygon","coordinates":[[[-1.9546,52.6626],[-1.96,52.662],[-1.955,52.6541],[-1.9605,52.6537],[-1.9603,52.6443],[-1.964,52.6418],[-1.9866,52.6404],[-1.991,52.6367],[-1.9958,52.6383],[-2.0099,52.6346],[-2.0354,52.6218],[-2.0301,52.6169],[-2.0507,52.6205],[-2.064,52.6207],[-2.0686,52.6181],[-2.0673,52.6121],[-2.0809,52.6119],[-2.0883,52.6198],[-2.0949,52.6207],[-2.0988,52.629],[-2.0993,52.6327],[-2.1183,52.6377],[-2.1317,52.6376],[-2.134,52.6335],[-2.1372,52.6296],[-2.153,52.6297],[-2.1516,52.6246],[-2.1628,52.6212],[-2.1616,52.6191],[-2.1685,52.6199],[-2.165,52.6165],[-2.1711,52.6143],[-2.1692,52.6093],[-2.1725,52.6103],[-2.1803,52.6049],[-2.1871,52.609],[-2.1953,52.6071],[-2.1899,52.5993],[-2.1886,52.5921],[-2.1893,52.5886],[-2.1982,52.5892],[-2.2068,52.5866],[-2.1999,52.5838],[-2.204,52.5838],[-2.2018,52.5788],[-2.1895,52.5773],[-2.1883,52.5742],[-2.1829,52.5769],[-2.1731,52.5546],[-2.1531,52.5537],[-2.1411,52.5585],[-2.1335,52.5541],[-2.1392,52.548],[-2.1356,52.5345],[-2.1519,52.5262],[-2.1445,52.5214],[-2.1487,52.5147],[-2.1782,52.5116],[-2.188,52.5083],[-2.1866,52.5048],[-2.1918,52.5034],[-2.1848,52.5003],[-2.1887,52.4945],[-2.1853,52.4948],[-2.1785,52.4827],[-2.1674,52.4712],[-2.1748,52.4586],[-2.1648,52.4302],[-2.1638,52.4232],[-2.1677,52.4238],[-2.1858,52.4262],[-2.1929,52.4233],[-2.197,52.4277],[-2.2105,52.4299],[-2.2179,52.4354],[-2.2615,52.4369],[-2.2626,52.4407],[-2.2694,52.4386],[-2.2873,52.4456],[-2.2949,52.4489],[-2.2874,52.4553],[-2.291,52.4567],[-2.2884,52.461],[-2.2957,52.4739],[-2.3128,52.4892],[-2.3064,52.4998],[-2.2915,52.5117],[-2.2609,52.5241],[-2.2691,52.5307],[-2.2564,52.5418],[-2.2657,52.5493],[-2.2825,52.5534],[-2.2673,52.5615],[-2.2607,52.5631],[-2.2628,52.5703],[-2.2787,52.5834],[-2.2951,52.5846],[-2.301,52.5932],[-2.3086,52.5911],[-2.322,52.5936],[-2.3255,52.6001],[-2.321,52.6146],[-2.3135,52.614],[-2.3096,52.6074],[-2.2793,52.6058],[-2.268,52.6102],[-2.2558,52.61],[-2.2479,52.6254],[-2.2425,52.6322],[-2.2368,52.6361],[-2.2329,52.6477],[-2.2376,52.6511],[-2.2348,52.6559],[-2.2477,52.6566],[-2.2387,52.6637],[-2.2477,52.6831],[-2.2736,52.6798],[-2.3031,52.6829],[-2.308,52.6933],[-2.3199,52.6954],[-2.3248,52.7053],[-2.3086,52.7207],[-2.3146,52.7245],[-2.3157,52.7329],[-2.3167,52.738],[-2.3122,52.7409],[-2.3216,52.7499],[-2.3304,52.7516],[-2.3301,52.758],[-2.3575,52.7722],[-2.3688,52.7773],[-2.3659,52.7832],[-2.3764,52.7838],[-2.3856,52.7907],[-2.3809,52.7911],[-2.3807,52.7947],[-2.3714,52.7953],[-2.3777,52.8116],[-2.4164,52.827],[-2.4077,52.8346],[-2.3971,52.8338],[-2.3937,52.8366],[-2.3885,52.8622],[-2.3811,52.867],[-2.3824,52.8766],[-2.3753,52.8915],[-2.379,52.8917],[-2.3856,52.888],[-2.4119,52.8879],[-2.4259,52.882],[-2.4404,52.8812],[-2.4461,52.874],[-2.4576,52.8791],[-2.4563,52.8852],[-2.4652,52.8921],[-2.4708,52.9059],[-2.4608,52.9094],[-2.4558,52.9155],[-2.4568,52.9243],[-2.4469,52.9286],[-2.4371,52.9436],[-2.4253,52.95],[-2.4056,52.9473],[-2.4072,52.9579],[-2.4135,52.9614],[-2.3993,52.9606],[-2.3937,52.9506],[-2.3871,52.9527],[-2.3848,52.9598],[-2.3771,52.965],[-2.3827,52.9706],[-2.3798,52.976],[-2.3707,52.9775],[-2.3703,52.9821],[-2.3798,52.991],[-2.3767,52.9976],[-2.3809,52.9984],[-2.383,53.0078],[-2.3706,53.0146],[-2.3842,53.0262],[-2.3798,53.0276],[-2.3862,53.0335],[-2.3822,53.0458],[-2.3851,53.0481],[-2.3751,53.0545],[-2.3575,53.0547],[-2.3538,53.0588],[-2.3485,53.0558],[-2.3304,53.0708],[-2.329,53.0766],[-2.3167,53.0811],[-2.3033,53.0829],[-2.2945,53.0783],[-2.2818,53.0803],[-2.2747,53.0839],[-2.2771,53.0859],[-2.2571,53.09],[-2.2532,53.094],[-2.2465,53.0902],[-2.238,53.101],[-2.2231,53.1038],[-2.2113,53.1158],[-2.1935,53.1296],[-2.1866,53.136],[-2.1732,53.1476],[-2.1595,53.1529],[-2.1556,53.1596],[-2.1414,53.1566],[-2.1448,53.1737],[-2.1406,53.1836],[-2.1335,53.1828],[-2.1279,53.1746],[-2.1144,53.1725],[-2.1154,53.1695],[-2.1004,53.1695],[-2.0907,53.1723],[-2.0872,53.1698],[-2.078,53.1704],[-2.0582,53.1763],[-2.0592,53.1809],[-2.0523,53.1839],[-2.055,53.1865],[-2.0465,53.1927],[-2.0286,53.1933],[-2.0182,53.189],[-2.0017,53.193],[-1.9873,53.2136],[-1.9624,53.2262],[-1.9566,53.2137],[-1.9377,53.2118],[-1.908,53.1985],[-1.8985,53.1999],[-1.8849,53.1965],[-1.874,53.1953],[-1.8372,53.1757],[-1.8161,53.1586],[-1.812,53.1527],[-1.8222,53.138],[-1.8141,53.1319],[-1.8009,53.1151],[-1.7899,53.1095],[-1.7836,53.1028],[-1.7831,53.0933],[-1.7923,53.0915],[-1.7942,53.0884],[-1.7886,53.0809],[-1.7915,53.0782],[-1.7857,53.0631],[-1.7757,53.0593],[-1.7841,53.0547],[-1.779,53.0448],[-1.7787,53.043],[-1.7681,53.044],[-1.759,53.0375],[-1.7615,53.0334],[-1.7573,53.0288],[-1.7636,53.0214],[-1.7577,53.0171],[-1.7629,53.0134],[-1.7636,53.0114],[-1.7663,53.007],[-1.7626,52.9997],[-1.7894,52.9927],[-1.7876,52.9894],[-1.7933,52.9896],[-1.7968,52.9851],[-1.8046,52.9855],[-1.8032,52.9813],[-1.8261,52.9775],[-1.8301,52.9713],[-1.8255,52.9618],[-1.8345,52.9549],[-1.8288,52.9477],[-1.8357,52.9452],[-1.833,52.9413],[-1.8396,52.9414],[-1.8493,52.9356],[-1.8496,52.9311],[-1.853,52.9317],[-1.8567,52.9234],[-1.8546,52.92],[-1.8475,52.9201],[-1.849,52.9166],[-1.848,52.913],[-1.8426,52.913],[-1.8475,52.9099],[-1.8441,52.9072],[-1.8333,52.9021],[-1.83,52.8966],[-1.8344,52.8955],[-1.833,52.8874],[-1.8267,52.884],[-1.822,52.886],[-1.8236,52.8829],[-1.8112,52.8806],[-1.8015,52.8862],[-1.7881,52.88],[-1.7836,52.8839],[-1.7773,52.8838],[-1.7742,52.8792],[-1.7586,52.8772],[-1.7508,52.8737],[-1.7523,52.8688],[-1.7476,52.8706],[-1.746,52.8687],[-1.7494,52.8667],[-1.7397,52.8677],[-1.7392,52.8648],[-1.7264,52.863],[-1.7253,52.8596],[-1.7222,52.8632],[-1.717,52.8608],[-1.7177,52.8645],[-1.7121,52.8659],[-1.7035,52.8664],[-1.7006,52.8606],[-1.69,52.8644],[-1.6745,52.8611],[-1.6588,52.8568],[-1.6427,52.8563],[-1.6351,52.853],[-1.6266,52.8543],[-1.6282,52.8518],[-1.6191,52.846],[-1.6072,52.8434],[-1.5989,52.8377],[-1.5912,52.8362],[-1.592,52.8323],[-1.588,52.8315],[-1.5886,52.8289],[-1.603,52.8263],[-1.6104,52.8156],[-1.5918,52.8095],[-1.5891,52.7998],[-1.5936,52.7969],[-1.5979,52.7983],[-1.6035,52.7954],[-1.6027,52.792],[-1.6117,52.7898],[-1.6137,52.7861],[-1.6093,52.7844],[-1.6125,52.7812],[-1.6193,52.7852],[-1.627,52.7798],[-1.6382,52.7867],[-1.6499,52.7795],[-1.6656,52.7851],[-1.6706,52.7811],[-1.6701,52.7736],[-1.6702,52.7734],[-1.6821,52.7702],[-1.686,52.759],[-1.6969,52.7528],[-1.6922,52.7441],[-1.6976,52.7437],[-1.6979,52.7354],[-1.7042,52.7321],[-1.697,52.7272],[-1.678,52.7275],[-1.6756,52.7249],[-1.6566,52.7217],[-1.6593,52.7141],[-1.6543,52.7082],[-1.655,52.6988],[-1.6377,52.6997],[-1.6353,52.7025],[-1.6253,52.6974],[-1.6154,52.7007],[-1.6054,52.6965],[-1.5975,52.7004],[-1.5863,52.6945],[-1.5896,52.6872],[-1.6043,52.679],[-1.6043,52.6737],[-1.6156,52.672],[-1.6156,52.6687],[-1.645,52.6575],[-1.6343,52.643],[-1.6424,52.6409],[-1.6382,52.6377],[-1.6425,52.6314],[-1.6382,52.6255],[-1.6431,52.6232],[-1.6415,52.6202],[-1.636,52.6196],[-1.6398,52.6084],[-1.6437,52.6036],[-1.6517,52.5984],[-1.6608,52.5945],[-1.6657,52.5956],[-1.6656,52.5922],[-1.6792,52.5927],[-1.6858,52.5933],[-1.6857,52.5893],[-1.6979,52.591],[-1.7003,52.5909],[-1.7048,52.5875],[-1.7293,52.5879],[-1.739,52.5893],[-1.7423,52.5943],[-1.7684,52.5891],[-1.7763,52.5922],[-1.7881,52.5878],[-1.7881,52.5879],[-1.7965,52.5991],[-1.8278,52.6087],[-1.8325,52.6078],[-1.8541,52.6019],[-1.8726,52.5849],[-1.8904,52.5983],[-1.8851,52.6127],[-1.8943,52.6226],[-1.9161,52.6353],[-1.9051,52.6432],[-1.9179,52.6499],[-1.9087,52.654],[-1.9127,52.6582],[-1.9237,52.6555],[-1.9335,52.6615],[-1.9453,52.6563],[-1.9546,52.6626]],[[-2.088,52.9738],[-2.0841,52.975],[-2.0795,52.974],[-2.0918,52.9853],[-2.0901,52.9902],[-2.0901,52.9982],[-2.1014,52.9956],[-2.1079,53.0026],[-2.1035,53.0108],[-2.115,53.0139],[-2.1209,53.0203],[-2.1237,53.0216],[-2.1188,53.0264],[-2.1292,53.0356],[-2.1264,53.0401],[-2.129,53.0436],[-2.1293,53.0482],[-2.1166,53.048],[-2.1275,53.0537],[-2.1254,53.0646],[-2.1392,53.0652],[-2.1399,53.0682],[-2.1611,53.0701],[-2.1673,53.0832],[-2.1776,53.0912],[-2.1812,53.0898],[-2.1986,53.0927],[-2.2013,53.0867],[-2.2147,53.0855],[-2.2158,53.0853],[-2.2389,53.0733],[-2.2341,53.0644],[-2.2279,53.0637],[-2.2221,53.0499],[-2.215,53.0404],[-2.2115,53.0377],[-2.2083,53.0344],[-2.2057,53.0258],[-2.2026,53.02],[-2.2155,53.0153],[-2.2121,53.0069],[-2.216,53.0024],[-2.2171,53.0016],[-2.2103,52.9848],[-2.2042,52.9814],[-2.2125,52.9806],[-2.2071,52.9718],[-2.1954,52.9642],[-2.1913,52.9501],[-2.186,52.951],[-2.1816,52.9462],[-2.1745,52.9472],[-2.1769,52.9537],[-2.1722,52.9549],[-2.1711,52.9517],[-2.1627,52.9533],[-2.1595,52.9636],[-2.1498,52.9653],[-2.1515,52.9712],[-2.1457,52.9761],[-2.1314,52.9715],[-2.1282,52.9664],[-2.1217,52.9561],[-2.1102,52.9578],[-2.1088,52.9623],[-2.103,52.9634],[-2.1001,52.9607],[-2.0812,52.9669],[-2.088,52.9738]]]}},{"type":"Feature","properties":{"areacd":"E10000029","areanm":"Suffolk"},"geometry":{"type":"MultiPolygon","coordinates":[[[[0.5125,52.215],[0.5145,52.2268],[0.495,52.2392],[0.4803,52.2327],[0.4718,52.2403],[0.4651,52.2404],[0.4555,52.2476],[0.4503,52.2433],[0.4434,52.2426],[0.4269,52.2536],[0.4145,52.2478],[0.4214,52.2397],[0.4153,52.2381],[0.4115,52.2401],[0.4025,52.2354],[0.3948,52.2307],[0.385,52.2339],[0.3804,52.2316],[0.3712,52.2265],[0.3575,52.2341],[0.3427,52.2423],[0.3566,52.2463],[0.3604,52.2502],[0.3399,52.2677],[0.3551,52.2793],[0.3507,52.2829],[0.3592,52.2891],[0.3606,52.2978],[0.3777,52.2912],[0.3827,52.2933],[0.3853,52.283],[0.3953,52.2804],[0.4095,52.269],[0.4243,52.2559],[0.4989,52.273],[0.4958,52.2804],[0.5047,52.2863],[0.4728,52.3039],[0.4621,52.3088],[0.4574,52.3163],[0.4308,52.3171],[0.4243,52.3292],[0.4363,52.3335],[0.4425,52.3488],[0.4274,52.3537],[0.4201,52.3521],[0.4192,52.3579],[0.4077,52.3615],[0.3821,52.3963],[0.3748,52.4097],[0.4253,52.4303],[0.4232,52.4339],[0.4293,52.4364],[0.4456,52.4474],[0.4781,52.4456],[0.496,52.4473],[0.5009,52.4502],[0.5238,52.4482],[0.5305,52.4536],[0.5403,52.4503],[0.5445,52.4516],[0.5548,52.456],[0.5825,52.4518],[0.5972,52.4542],[0.6096,52.4527],[0.6151,52.4491],[0.6217,52.4512],[0.6204,52.4544],[0.6298,52.454],[0.6288,52.4501],[0.6422,52.451],[0.6661,52.4625],[0.6839,52.4531],[0.6945,52.451],[0.7056,52.4526],[0.7188,52.4496],[0.7175,52.4467],[0.6848,52.4249],[0.6684,52.4092],[0.6843,52.3992],[0.7024,52.3964],[0.7124,52.3946],[0.7352,52.3953],[0.7418,52.3927],[0.741,52.3882],[0.7498,52.3829],[0.7659,52.3903],[0.7734,52.3863],[0.7859,52.3865],[0.7962,52.3912],[0.8081,52.3895],[0.8383,52.4007],[0.8554,52.3994],[0.8569,52.3969],[0.8569,52.3967],[0.8667,52.3903],[0.8911,52.3908],[0.9048,52.3858],[0.9189,52.3889],[0.9367,52.3867],[0.9468,52.376],[0.9674,52.3701],[0.9978,52.3715],[1.0068,52.3757],[1.0277,52.3786],[1.0299,52.3787],[1.059,52.3772],[1.0686,52.3784],[1.0807,52.3727],[1.0964,52.3718],[1.1314,52.3676],[1.1569,52.3613],[1.1823,52.3588],[1.1903,52.3618],[1.1968,52.3606],[1.2142,52.3554],[1.2302,52.3602],[1.233,52.3649],[1.2468,52.3654],[1.2594,52.3709],[1.2812,52.3885],[1.2912,52.3901],[1.3015,52.3917],[1.3163,52.3874],[1.3306,52.3935],[1.3357,52.4019],[1.3472,52.4044],[1.3463,52.409],[1.3612,52.4132],[1.3579,52.4242],[1.3727,52.4304],[1.3919,52.434],[1.3909,52.4369],[1.398,52.441],[1.4161,52.4449],[1.4322,52.4452],[1.435,52.448],[1.4332,52.4559],[1.4111,52.4616],[1.4164,52.4684],[1.4263,52.4706],[1.4411,52.4567],[1.4587,52.4581],[1.4748,52.4696],[1.4832,52.4718],[1.5081,52.4617],[1.5161,52.464],[1.5216,52.4618],[1.5241,52.4674],[1.5294,52.4684],[1.5529,52.4591],[1.5578,52.4577],[1.5625,52.4612],[1.5671,52.4723],[1.5688,52.4747],[1.573,52.4749],[1.5833,52.4768],[1.5843,52.4773],[1.5869,52.4782],[1.6003,52.4721],[1.6003,52.472],[1.6069,52.4664],[1.6277,52.4621],[1.6348,52.4627],[1.6465,52.4718],[1.6542,52.4677],[1.6592,52.4683],[1.6637,52.4747],[1.6637,52.4748],[1.6708,52.476],[1.6719,52.4778],[1.6713,52.4819],[1.6763,52.4842],[1.6816,52.4893],[1.6813,52.4743],[1.6889,52.4721],[1.6911,52.4701],[1.6917,52.4701],[1.703,52.4712],[1.7031,52.4712],[1.706,52.4737],[1.7087,52.4743],[1.7168,52.4729],[1.7218,52.4768],[1.7292,52.4743],[1.7301,52.474],[1.7391,52.4726],[1.7391,52.4709],[1.7449,52.4725],[1.7537,52.4714],[1.7515,52.4713],[1.7415,52.4594],[1.7413,52.4592],[1.7334,52.4448],[1.7285,52.4002],[1.7,52.3601],[1.6971,52.356],[1.6971,52.3559],[1.6755,52.3134],[1.6595,52.3249],[1.6519,52.3249],[1.6488,52.3268],[1.6453,52.3289],[1.6349,52.3325],[1.631,52.3321],[1.6308,52.3321],[1.6264,52.3343],[1.6261,52.3345],[1.6259,52.3342],[1.6258,52.3341],[1.6311,52.3314],[1.6122,52.3272],[1.6101,52.3206],[1.6019,52.3298],[1.5962,52.3269],[1.5974,52.3235],[1.5949,52.3233],[1.5951,52.323],[1.5975,52.3234],[1.608,52.3155],[1.6082,52.3165],[1.609,52.3158],[1.6172,52.3164],[1.6314,52.3244],[1.6306,52.3266],[1.6336,52.3281],[1.6371,52.3275],[1.6382,52.3298],[1.6397,52.3293],[1.652,52.3241],[1.6585,52.3237],[1.6595,52.3227],[1.6687,52.3153],[1.6729,52.3139],[1.6676,52.3118],[1.6672,52.3116],[1.6607,52.3078],[1.645,52.2947],[1.6406,52.2883],[1.6366,52.2832],[1.6362,52.2817],[1.634,52.2786],[1.6335,52.2742],[1.6306,52.2662],[1.6298,52.2496],[1.6293,52.2459],[1.6293,52.2458],[1.623,52.204],[1.6223,52.1862],[1.6198,52.1826],[1.6082,52.1649],[1.5972,52.1353],[1.5961,52.1314],[1.5801,52.0866],[1.5797,52.086],[1.4997,52.0605],[1.4855,52.0559],[1.4713,52.0491],[1.4664,52.044],[1.4645,52.0429],[1.4681,52.0487],[1.486,52.0581],[1.488,52.0593],[1.4889,52.0596],[1.4999,52.063],[1.5375,52.0748],[1.5617,52.0861],[1.542,52.0792],[1.5396,52.088],[1.5548,52.0898],[1.5688,52.0981],[1.5687,52.1098],[1.5868,52.1197],[1.5956,52.1353],[1.5956,52.1354],[1.5991,52.1436],[1.5932,52.1455],[1.5835,52.1422],[1.5754,52.1442],[1.5712,52.1481],[1.5798,52.1548],[1.5722,52.1597],[1.5623,52.1599],[1.5555,52.1587],[1.5535,52.1611],[1.5574,52.1626],[1.5517,52.1666],[1.531,52.1631],[1.5289,52.1651],[1.5278,52.1611],[1.5235,52.1618],[1.5112,52.1551],[1.5091,52.1642],[1.5078,52.1643],[1.4947,52.1652],[1.4994,52.1638],[1.5023,52.1622],[1.4991,52.1594],[1.5034,52.1609],[1.5039,52.1537],[1.5068,52.1528],[1.5089,52.1522],[1.5081,52.1572],[1.5107,52.151],[1.5233,52.1512],[1.5249,52.1572],[1.5399,52.1574],[1.5532,52.1502],[1.5675,52.1561],[1.5729,52.1528],[1.5693,52.1516],[1.5683,52.1485],[1.5733,52.1427],[1.5829,52.1397],[1.5946,52.1416],[1.5933,52.1382],[1.5817,52.1197],[1.5662,52.1118],[1.5655,52.1001],[1.5526,52.092],[1.5375,52.0903],[1.5378,52.081],[1.5249,52.082],[1.5107,52.0696],[1.4906,52.0734],[1.4906,52.0735],[1.4912,52.0804],[1.4981,52.0856],[1.4935,52.1013],[1.4936,52.0997],[1.486,52.0994],[1.4857,52.1116],[1.4825,52.1035],[1.486,52.0982],[1.4931,52.0977],[1.4965,52.0868],[1.4899,52.0809],[1.4897,52.0796],[1.4894,52.0735],[1.5005,52.0709],[1.5013,52.0707],[1.5005,52.0698],[1.4952,52.0643],[1.4792,52.0592],[1.4623,52.0484],[1.4571,52.0439],[1.451,52.0441],[1.4577,52.0433],[1.4622,52.0453],[1.4574,52.0376],[1.4458,52.0273],[1.4441,52.026],[1.4334,52.0083],[1.4312,52.0049],[1.3973,51.988],[1.3937,51.9876],[1.3956,51.9985],[1.3921,51.9962],[1.3885,51.9993],[1.3951,51.9993],[1.3648,52.0088],[1.3647,52.0103],[1.363,52.0225],[1.3443,52.032],[1.3527,52.0382],[1.3517,52.0456],[1.3409,52.0531],[1.3437,52.0641],[1.3293,52.0688],[1.3191,52.0807],[1.3193,52.087],[1.3249,52.0887],[1.332,52.0941],[1.3317,52.0984],[1.3443,52.102],[1.3372,52.1038],[1.3257,52.0956],[1.3251,52.0904],[1.3207,52.0901],[1.3122,52.0806],[1.3137,52.0777],[1.3041,52.0781],[1.2952,52.0773],[1.2946,52.0755],[1.3031,52.0768],[1.3175,52.0761],[1.3243,52.0632],[1.3251,52.0637],[1.3338,52.0586],[1.3346,52.0521],[1.3343,52.0513],[1.3349,52.051],[1.3351,52.0487],[1.3475,52.0423],[1.3462,52.0385],[1.3414,52.0407],[1.338,52.0449],[1.3372,52.0333],[1.3409,52.0397],[1.3446,52.038],[1.3391,52.0331],[1.3433,52.0272],[1.3373,52.0246],[1.3444,52.0264],[1.3563,52.0221],[1.3593,52.0147],[1.3561,52.0125],[1.3588,52.0158],[1.3557,52.0161],[1.3543,52.0137],[1.3576,52.0105],[1.364,52.0045],[1.3803,51.9985],[1.3801,51.997],[1.3798,51.996],[1.3828,51.9966],[1.388,51.9902],[1.3838,51.9895],[1.3914,51.9893],[1.3889,51.9794],[1.3759,51.9697],[1.3689,51.9641],[1.3685,51.9639],[1.3625,51.9624],[1.3519,51.9597],[1.3459,51.9567],[1.3441,51.9562],[1.3435,51.9557],[1.343,51.9554],[1.3201,51.9334],[1.3188,51.9455],[1.3175,51.945],[1.316,51.9442],[1.314,51.9478],[1.314,51.9479],[1.3159,51.9512],[1.3153,51.9514],[1.3154,51.9515],[1.2962,51.9601],[1.2827,51.9661],[1.2802,51.9931],[1.2798,51.9932],[1.2641,51.9958],[1.2584,52.003],[1.2569,51.9965],[1.2378,52.0035],[1.23,52.0063],[1.2155,52.0065],[1.2102,52.0115],[1.2045,52.0133],[1.1989,52.0149],[1.1918,52.0151],[1.1884,52.015],[1.1879,52.0152],[1.1788,52.0215],[1.1778,52.0225],[1.1697,52.0303],[1.1662,52.0298],[1.1662,52.0299],[1.1595,52.0332],[1.1577,52.036],[1.1608,52.042],[1.163,52.046],[1.1577,52.051],[1.1553,52.0517],[1.154,52.0521],[1.154,52.0516],[1.1537,52.0516],[1.1577,52.0507],[1.1598,52.0473],[1.1598,52.0457],[1.1572,52.0392],[1.1503,52.0342],[1.15,52.034],[1.1619,52.0268],[1.1666,52.0187],[1.1669,52.0182],[1.1711,52.0157],[1.1852,52.0074],[1.2034,52.0048],[1.2037,52.0044],[1.2116,51.9966],[1.2313,51.9958],[1.243,51.9927],[1.243,51.99],[1.2444,51.9919],[1.2673,51.9879],[1.2707,51.9792],[1.2675,51.9764],[1.2791,51.9604],[1.275,51.956],[1.2694,51.9545],[1.2428,51.9614],[1.2197,51.9529],[1.2118,51.9554],[1.2101,51.956],[1.2004,51.9559],[1.1874,51.9557],[1.1778,51.9648],[1.163,51.9673],[1.1635,51.9705],[1.1598,51.9652],[1.1542,51.9649],[1.1532,51.9648],[1.1322,51.9576],[1.1303,51.9535],[1.1185,51.9562],[1.0998,51.9537],[1.0861,51.9589],[1.0694,51.9552],[1.0729,51.9541],[1.069,51.9545],[1.0659,51.949],[1.0588,51.9559],[1.0636,51.9484],[1.0539,51.953],[1.0483,51.9593],[1.0247,51.9549],[1.0115,51.9551],[1.0012,51.9634],[0.9715,51.9623],[0.9681,51.9641],[0.9713,51.9698],[0.9641,51.9731],[0.9619,51.9769],[0.9429,51.9707],[0.9293,51.9714],[0.9251,51.9762],[0.9076,51.973],[0.8898,51.9734],[0.8864,51.9684],[0.8801,51.9664],[0.8631,51.9683],[0.8583,51.963],[0.8502,51.9608],[0.8217,51.9687],[0.8152,51.967],[0.8125,51.961],[0.8078,51.9618],[0.787,51.9631],[0.7852,51.9675],[0.7814,51.9665],[0.7723,51.9704],[0.7746,51.9826],[0.7597,51.9854],[0.7611,51.9975],[0.7498,51.9998],[0.7491,52.0055],[0.7385,52.0107],[0.7424,52.0163],[0.741,52.0254],[0.7391,52.0323],[0.7145,52.0273],[0.7065,52.0295],[0.7126,52.0349],[0.6987,52.0367],[0.6994,52.0484],[0.7162,52.0487],[0.7114,52.0534],[0.7032,52.0653],[0.7098,52.067],[0.7121,52.0722],[0.7021,52.0795],[0.6924,52.0787],[0.6882,52.0848],[0.6832,52.087],[0.679,52.0839],[0.6724,52.0862],[0.6608,52.0837],[0.6569,52.0854],[0.6519,52.0831],[0.6345,52.0863],[0.6317,52.0819],[0.6193,52.0766],[0.6055,52.0802],[0.5948,52.0742],[0.5822,52.0759],[0.5717,52.0691],[0.5631,52.0708],[0.5513,52.0687],[0.5515,52.062],[0.5428,52.0579],[0.53,52.0594],[0.5231,52.0568],[0.511,52.0598],[0.5005,52.0538],[0.4877,52.0625],[0.4902,52.0671],[0.4747,52.0752],[0.4708,52.0735],[0.4666,52.0784],[0.4582,52.0761],[0.4618,52.0723],[0.4538,52.0711],[0.4537,52.0681],[0.444,52.0685],[0.4461,52.0721],[0.4382,52.0723],[0.4353,52.0691],[0.4187,52.0649],[0.4045,52.0655],[0.4072,52.0708],[0.4019,52.0725],[0.3995,52.0841],[0.3943,52.0843],[0.3908,52.0885],[0.395,52.096],[0.3869,52.0973],[0.3888,52.0992],[0.3818,52.1027],[0.3896,52.1175],[0.3983,52.1188],[0.3963,52.1223],[0.4085,52.1237],[0.4047,52.1293],[0.4101,52.1344],[0.4183,52.1343],[0.4209,52.1556],[0.4172,52.1593],[0.4358,52.1595],[0.4383,52.1652],[0.4442,52.1647],[0.4445,52.1711],[0.4525,52.1732],[0.4628,52.171],[0.4708,52.1632],[0.4771,52.1676],[0.4913,52.1651],[0.4874,52.1698],[0.4939,52.1815],[0.495,52.1887],[0.5025,52.196],[0.5031,52.207],[0.5125,52.215]]],[[[1.0804,51.9463],[1.0855,51.9456],[1.0823,51.9446],[1.0804,51.9463]]],[[[1.5362,52.0761],[1.512,52.0673],[1.5002,52.0655],[1.5,52.0655],[1.5002,52.0656],[1.5029,52.0695],[1.5138,52.0691],[1.5252,52.0802],[1.5383,52.079],[1.5362,52.0761]]],[[[1.6371,52.3301],[1.6366,52.328],[1.6335,52.3292],[1.6298,52.3272],[1.6291,52.3255],[1.6304,52.3247],[1.6278,52.3235],[1.6303,52.3287],[1.6322,52.3297],[1.6356,52.3289],[1.6368,52.3302],[1.6372,52.3306],[1.6345,52.3321],[1.6387,52.3305],[1.6371,52.3303],[1.6371,52.3301]]],[[[1.4834,52.0589],[1.4738,52.0549],[1.4796,52.0589],[1.4834,52.0589]]],[[[1.4637,52.0479],[1.4606,52.0453],[1.4629,52.0482],[1.4637,52.0479]]],[[[1.5034,52.1636],[1.5071,52.1628],[1.5002,52.1637],[1.5034,52.1636]]],[[[1.7404,52.5321],[1.7602,52.4902],[1.7602,52.49],[1.7611,52.4762],[1.7581,52.4725],[1.7557,52.4727],[1.7605,52.4762],[1.7576,52.4769],[1.7541,52.4727],[1.7413,52.4737],[1.7397,52.4738],[1.7223,52.4775],[1.7215,52.4776],[1.7194,52.4766],[1.712,52.475],[1.7102,52.4751],[1.7097,52.4776],[1.7008,52.4741],[1.6927,52.4763],[1.6892,52.4744],[1.6888,52.4742],[1.6821,52.4771],[1.6836,52.4952],[1.6816,52.4959],[1.6746,52.5021],[1.6742,52.5033],[1.6719,52.5041],[1.654,52.5017],[1.6453,52.5088],[1.6507,52.5136],[1.6314,52.5206],[1.629,52.5261],[1.6365,52.5279],[1.6311,52.5323],[1.6382,52.5338],[1.6366,52.5374],[1.6591,52.5422],[1.6658,52.5496],[1.686,52.5494],[1.6904,52.5449],[1.7026,52.5444],[1.7056,52.5399],[1.726,52.5306],[1.7404,52.5321]]]]}},{"type":"Feature","properties":{"areacd":"E10000030","areanm":"Surrey"},"geometry":{"type":"Polygon","coordinates":[[[0.05,51.1427],[0.0273,51.1399],[-0.0066,51.1376],[-0.0178,51.1412],[-0.0321,51.139],[-0.0333,51.1393],[-0.0563,51.1368],[-0.0631,51.1413],[-0.0826,51.1426],[-0.0931,51.1387],[-0.0937,51.1384],[-0.1173,51.1416],[-0.1311,51.1395],[-0.1376,51.1422],[-0.133,51.1589],[-0.1405,51.1601],[-0.1511,51.16],[-0.1609,51.1598],[-0.1767,51.1669],[-0.1853,51.1648],[-0.1869,51.1617],[-0.1959,51.1623],[-0.2041,51.1557],[-0.2122,51.1555],[-0.2143,51.1485],[-0.2553,51.1441],[-0.2545,51.1391],[-0.2752,51.1303],[-0.2864,51.1305],[-0.3005,51.1247],[-0.3194,51.1246],[-0.3265,51.1258],[-0.342,51.1199],[-0.3528,51.1183],[-0.3581,51.121],[-0.3846,51.1147],[-0.3916,51.1165],[-0.4001,51.1084],[-0.4193,51.1052],[-0.4385,51.0979],[-0.4424,51.0981],[-0.439,51.1003],[-0.4414,51.1033],[-0.4449,51.0996],[-0.4885,51.0973],[-0.4921,51.0945],[-0.5055,51.0883],[-0.5231,51.0916],[-0.5271,51.0896],[-0.5263,51.0919],[-0.535,51.0936],[-0.5355,51.0832],[-0.5565,51.0846],[-0.5776,51.0867],[-0.6007,51.0797],[-0.6293,51.089],[-0.6641,51.0817],[-0.669,51.0774],[-0.6874,51.0755],[-0.6969,51.0715],[-0.7066,51.0787],[-0.7106,51.0779],[-0.7235,51.0778],[-0.73,51.0806],[-0.7355,51.0847],[-0.7535,51.0865],[-0.7589,51.0909],[-0.7542,51.0959],[-0.7595,51.1036],[-0.7689,51.1033],[-0.7592,51.1048],[-0.7493,51.1033],[-0.7447,51.1064],[-0.7455,51.1122],[-0.7693,51.1171],[-0.7808,51.1278],[-0.7809,51.1281],[-0.781,51.1352],[-0.7913,51.1394],[-0.7945,51.1495],[-0.8047,51.1554],[-0.8174,51.1478],[-0.8284,51.1453],[-0.8342,51.1476],[-0.8341,51.1493],[-0.8265,51.1786],[-0.8273,51.1847],[-0.8393,51.1963],[-0.8455,51.2001],[-0.8488,51.2107],[-0.8402,51.2152],[-0.8286,51.2289],[-0.8286,51.2307],[-0.8265,51.2344],[-0.8209,51.2345],[-0.8207,51.2393],[-0.8048,51.2451],[-0.8018,51.239],[-0.7986,51.2394],[-0.7868,51.2419],[-0.7819,51.2417],[-0.776,51.2419],[-0.7677,51.2361],[-0.7587,51.2339],[-0.7455,51.2305],[-0.7358,51.2377],[-0.7382,51.2417],[-0.7358,51.2485],[-0.7305,51.2549],[-0.7332,51.2597],[-0.7316,51.2668],[-0.7311,51.2804],[-0.7334,51.2818],[-0.7395,51.2989],[-0.7457,51.31],[-0.7464,51.3106],[-0.7583,51.3159],[-0.7629,51.3187],[-0.7671,51.3262],[-0.7755,51.332],[-0.7581,51.3406],[-0.7595,51.3435],[-0.7482,51.3523],[-0.7442,51.3546],[-0.7354,51.365],[-0.7353,51.365],[-0.6815,51.3796],[-0.6677,51.3846],[-0.6553,51.3872],[-0.6364,51.3854],[-0.6165,51.3835],[-0.6236,51.3895],[-0.6185,51.3924],[-0.6146,51.3974],[-0.6183,51.399],[-0.6085,51.412],[-0.605,51.4214],[-0.6052,51.4313],[-0.5941,51.4415],[-0.5797,51.4447],[-0.5717,51.451],[-0.5556,51.4415],[-0.5505,51.4435],[-0.5346,51.4374],[-0.5229,51.4353],[-0.5246,51.4399],[-0.5316,51.4417],[-0.5268,51.4475],[-0.5405,51.4579],[-0.53,51.4702],[-0.5245,51.4715],[-0.5158,51.4683],[-0.5097,51.4692],[-0.4939,51.4627],[-0.4587,51.4563],[-0.4613,51.4524],[-0.4565,51.4382],[-0.4464,51.44],[-0.4477,51.435],[-0.4398,51.4346],[-0.44,51.4306],[-0.428,51.4293],[-0.4185,51.4321],[-0.4078,51.4236],[-0.3914,51.4223],[-0.3867,51.4201],[-0.3897,51.4107],[-0.3833,51.4085],[-0.3739,51.4085],[-0.3591,51.4119],[-0.3384,51.4008],[-0.326,51.3914],[-0.3177,51.3937],[-0.316,51.3876],[-0.3132,51.3888],[-0.3083,51.3801],[-0.3084,51.3759],[-0.3126,51.3748],[-0.3178,51.3698],[-0.3183,51.3637],[-0.3278,51.3522],[-0.3307,51.329],[-0.3239,51.3267],[-0.3063,51.3351],[-0.2979,51.3493],[-0.2857,51.3641],[-0.2841,51.3652],[-0.2739,51.3707],[-0.2726,51.3723],[-0.2611,51.3796],[-0.2451,51.38],[-0.2447,51.3691],[-0.2454,51.3668],[-0.234,51.3654],[-0.227,51.3626],[-0.2173,51.3434],[-0.2298,51.3365],[-0.2211,51.3299],[-0.2141,51.3304],[-0.2131,51.3355],[-0.2021,51.3401],[-0.1973,51.3436],[-0.1846,51.3392],[-0.1824,51.338],[-0.173,51.33],[-0.1631,51.3303],[-0.1643,51.326],[-0.1566,51.3215],[-0.162,51.3196],[-0.1583,51.311],[-0.1543,51.3103],[-0.1577,51.3044],[-0.1501,51.3003],[-0.1373,51.3008],[-0.1243,51.2868],[-0.1178,51.2871],[-0.1157,51.2907],[-0.1012,51.2963],[-0.0944,51.2994],[-0.0973,51.3003],[-0.0888,51.3051],[-0.082,51.3106],[-0.0836,51.3167],[-0.0823,51.317],[-0.071,51.3212],[-0.064,51.3186],[-0.0563,51.3217],[-0.0479,51.3252],[-0.0502,51.3326],[-0.042,51.3338],[-0.0379,51.3386],[-0.0221,51.3381],[-0.0145,51.3298],[-0.0108,51.3336],[0.0023,51.3291],[0.0066,51.3157],[0.0103,51.3161],[0.0121,51.2996],[0.015,51.2918],[0.0192,51.2917],[0.0248,51.3022],[0.0329,51.3075],[0.0415,51.303],[0.0423,51.2927],[0.0481,51.2857],[0.0454,51.2767],[0.0519,51.2627],[0.0575,51.2449],[0.0528,51.2365],[0.0438,51.2309],[0.0428,51.2246],[0.041,51.2166],[0.0336,51.2143],[0.0373,51.2071],[0.0397,51.1978],[0.0478,51.1917],[0.0451,51.1886],[0.0526,51.1806],[0.0461,51.1718],[0.0515,51.1572],[0.0548,51.1495],[0.05,51.1427]]]}},{"type":"Feature","properties":{"areacd":"E10000031","areanm":"Warwickshire"},"geometry":{"type":"Polygon","coordinates":[[[-1.7535,52.513],[-1.7571,52.5178],[-1.7538,52.5212],[-1.7458,52.5201],[-1.7289,52.5245],[-1.7397,52.5291],[-1.7395,52.5319],[-1.7492,52.5314],[-1.7509,52.5363],[-1.7464,52.5417],[-1.7536,52.5453],[-1.756,52.5554],[-1.7652,52.5567],[-1.7668,52.5616],[-1.7742,52.5646],[-1.7636,52.571],[-1.7697,52.575],[-1.778,52.5751],[-1.7881,52.5878],[-1.7763,52.5922],[-1.7684,52.5891],[-1.7423,52.5943],[-1.739,52.5893],[-1.7293,52.5879],[-1.7048,52.5875],[-1.7003,52.5909],[-1.6979,52.591],[-1.6857,52.5893],[-1.6858,52.5933],[-1.6792,52.5927],[-1.6656,52.5922],[-1.6657,52.5956],[-1.6608,52.5945],[-1.6517,52.5984],[-1.6437,52.6036],[-1.6398,52.6084],[-1.636,52.6196],[-1.6415,52.6202],[-1.6431,52.6232],[-1.6382,52.6255],[-1.6425,52.6314],[-1.6382,52.6377],[-1.6424,52.6409],[-1.6343,52.643],[-1.645,52.6575],[-1.6156,52.6687],[-1.6156,52.672],[-1.6043,52.6737],[-1.6043,52.679],[-1.5896,52.6872],[-1.5776,52.6786],[-1.5691,52.6797],[-1.5665,52.6776],[-1.5704,52.6758],[-1.5518,52.6674],[-1.5473,52.656],[-1.5424,52.6536],[-1.5428,52.6476],[-1.5562,52.6383],[-1.571,52.6361],[-1.5646,52.6312],[-1.5676,52.6226],[-1.5544,52.6147],[-1.5608,52.5961],[-1.5475,52.5919],[-1.5272,52.5827],[-1.5247,52.5738],[-1.5228,52.5706],[-1.5027,52.5645],[-1.483,52.5587],[-1.46,52.5516],[-1.424,52.5396],[-1.419,52.5378],[-1.4174,52.5344],[-1.3951,52.527],[-1.3251,52.501],[-1.306,52.4934],[-1.2579,52.4539],[-1.2368,52.436],[-1.2366,52.4357],[-1.2016,52.3967],[-1.1872,52.3786],[-1.1748,52.3643],[-1.1721,52.3613],[-1.1792,52.3544],[-1.2242,52.3481],[-1.2382,52.3441],[-1.258,52.3372],[-1.2652,52.3284],[-1.2464,52.3216],[-1.2093,52.3147],[-1.2338,52.2903],[-1.2237,52.2868],[-1.2169,52.2675],[-1.2179,52.2618],[-1.2329,52.2532],[-1.2379,52.2484],[-1.2545,52.2476],[-1.2663,52.2408],[-1.2668,52.2352],[-1.2847,52.2386],[-1.2784,52.2287],[-1.2726,52.2275],[-1.2768,52.2252],[-1.2752,52.222],[-1.2609,52.216],[-1.2548,52.1989],[-1.2626,52.1959],[-1.2812,52.1958],[-1.2812,52.1919],[-1.3131,52.1905],[-1.3183,52.1814],[-1.3228,52.1818],[-1.3315,52.1741],[-1.3319,52.1685],[-1.3341,52.1591],[-1.3383,52.1588],[-1.3435,52.1532],[-1.3412,52.1448],[-1.35,52.1416],[-1.3487,52.1351],[-1.3662,52.1361],[-1.3855,52.1284],[-1.3933,52.119],[-1.3907,52.1168],[-1.3709,52.1175],[-1.3704,52.1127],[-1.3652,52.1113],[-1.3578,52.1013],[-1.3743,52.0997],[-1.3854,52.0941],[-1.4039,52.1101],[-1.4195,52.1176],[-1.449,52.116],[-1.4534,52.113],[-1.4472,52.0976],[-1.4676,52.097],[-1.4774,52.1013],[-1.4801,52.0935],[-1.4878,52.0939],[-1.4856,52.0877],[-1.4945,52.0822],[-1.4907,52.0771],[-1.5018,52.0716],[-1.4992,52.0635],[-1.4973,52.0589],[-1.5102,52.0255],[-1.5228,51.9968],[-1.5279,51.9917],[-1.5418,51.9964],[-1.5572,51.9916],[-1.5497,51.9808],[-1.5636,51.977],[-1.5807,51.973],[-1.6004,51.9769],[-1.5917,51.9704],[-1.6124,51.9554],[-1.6383,51.9752],[-1.6658,51.9875],[-1.6699,51.9931],[-1.6658,51.9972],[-1.643,52.0092],[-1.6388,52.0205],[-1.6285,52.0272],[-1.6202,52.0277],[-1.6177,52.0319],[-1.6244,52.039],[-1.6454,52.0342],[-1.6535,52.0354],[-1.6611,52.0316],[-1.6689,52.0366],[-1.694,52.0395],[-1.6902,52.0547],[-1.6996,52.0546],[-1.7053,52.0597],[-1.7016,52.0728],[-1.7099,52.0733],[-1.7129,52.0666],[-1.7308,52.0734],[-1.7286,52.1001],[-1.7379,52.0917],[-1.7423,52.092],[-1.751,52.0954],[-1.7677,52.1126],[-1.7579,52.1161],[-1.7697,52.1153],[-1.7806,52.1201],[-1.791,52.1202],[-1.7958,52.1244],[-1.7857,52.132],[-1.8084,52.1399],[-1.8232,52.1364],[-1.8278,52.1412],[-1.8233,52.1459],[-1.8315,52.1457],[-1.831,52.1483],[-1.8397,52.1527],[-1.8483,52.15],[-1.8519,52.148],[-1.847,52.1472],[-1.8458,52.1426],[-1.8542,52.1385],[-1.8669,52.1446],[-1.8639,52.147],[-1.8669,52.153],[-1.8907,52.1557],[-1.8942,52.1482],[-1.8851,52.1468],[-1.9032,52.1334],[-1.9051,52.1427],[-1.9169,52.1467],[-1.9219,52.153],[-1.9401,52.153],[-1.9443,52.1553],[-1.934,52.1654],[-1.9355,52.1695],[-1.9604,52.1687],[-1.9617,52.1725],[-1.9446,52.1748],[-1.9359,52.1899],[-1.9356,52.2041],[-1.9201,52.2103],[-1.9174,52.2183],[-1.9248,52.2409],[-1.9346,52.252],[-1.9345,52.2646],[-1.9387,52.2705],[-1.9355,52.277],[-1.9343,52.277],[-1.9211,52.2765],[-1.9146,52.2754],[-1.9009,52.2835],[-1.8956,52.2827],[-1.8865,52.2866],[-1.8804,52.2983],[-1.8752,52.3055],[-1.8809,52.3109],[-1.8704,52.3126],[-1.8648,52.3331],[-1.873,52.3373],[-1.889,52.3611],[-1.8761,52.3636],[-1.872,52.3676],[-1.8429,52.3651],[-1.8349,52.3674],[-1.8078,52.3666],[-1.8042,52.3628],[-1.7858,52.3538],[-1.7845,52.3501],[-1.7758,52.3479],[-1.7719,52.3559],[-1.7781,52.3566],[-1.7791,52.3645],[-1.7628,52.3643],[-1.7596,52.3584],[-1.7489,52.3548],[-1.7413,52.3572],[-1.7383,52.365],[-1.7339,52.3707],[-1.7203,52.3726],[-1.7186,52.3557],[-1.7183,52.3587],[-1.7103,52.355],[-1.6982,52.3557],[-1.694,52.351],[-1.6848,52.356],[-1.6841,52.3632],[-1.6609,52.3657],[-1.6514,52.3564],[-1.6464,52.3595],[-1.6364,52.3652],[-1.6234,52.3655],[-1.6209,52.3679],[-1.6266,52.3692],[-1.6237,52.3718],[-1.6191,52.3705],[-1.6182,52.3762],[-1.6154,52.3744],[-1.608,52.3763],[-1.6104,52.3825],[-1.6011,52.3893],[-1.5757,52.3846],[-1.5767,52.3828],[-1.5678,52.3848],[-1.5625,52.3769],[-1.555,52.3744],[-1.5556,52.365],[-1.5418,52.3666],[-1.5457,52.3693],[-1.5355,52.3776],[-1.5247,52.3794],[-1.5139,52.369],[-1.5044,52.3778],[-1.4823,52.3771],[-1.4804,52.3743],[-1.4666,52.3772],[-1.464,52.3733],[-1.4604,52.3748],[-1.4629,52.3764],[-1.4632,52.3797],[-1.445,52.3864],[-1.4323,52.3959],[-1.4381,52.4101],[-1.4324,52.4157],[-1.4242,52.434],[-1.4465,52.4431],[-1.4437,52.4474],[-1.4521,52.4496],[-1.4591,52.4551],[-1.4639,52.4583],[-1.4708,52.4569],[-1.483,52.4581],[-1.4929,52.4584],[-1.4917,52.455],[-1.5,52.451],[-1.5197,52.4533],[-1.5176,52.4568],[-1.5297,52.4571],[-1.5398,52.4648],[-1.5514,52.457],[-1.5612,52.4552],[-1.5899,52.4619],[-1.5949,52.4607],[-1.5954,52.4559],[-1.5986,52.4543],[-1.6106,52.4586],[-1.6143,52.463],[-1.6246,52.4635],[-1.6247,52.457],[-1.6414,52.4433],[-1.6548,52.4407],[-1.6624,52.4443],[-1.6666,52.4355],[-1.6772,52.4363],[-1.7084,52.4656],[-1.7153,52.4784],[-1.7331,52.4919],[-1.7332,52.4921],[-1.7432,52.5069],[-1.7535,52.513]]]}},{"type":"Feature","properties":{"areacd":"E10000032","areanm":"West Sussex"},"geometry":{"type":"MultiPolygon","coordinates":[[[[-0.2166,50.8276],[-0.2382,50.8284],[-0.245,50.8283],[-0.2458,50.827],[-0.2469,50.8256],[-0.2457,50.8287],[-0.2374,50.8297],[-0.2521,50.8311],[-0.2524,50.8311],[-0.2644,50.8319],[-0.2752,50.8313],[-0.2813,50.8339],[-0.2818,50.834],[-0.287,50.8405],[-0.2871,50.8415],[-0.2873,50.8462],[-0.2918,50.8483],[-0.2915,50.849],[-0.2905,50.851],[-0.2931,50.8532],[-0.2954,50.8541],[-0.2926,50.8585],[-0.2938,50.8595],[-0.2963,50.8604],[-0.2984,50.8611],[-0.301,50.8611],[-0.3013,50.8612],[-0.3009,50.8634],[-0.3002,50.8646],[-0.2996,50.8648],[-0.2992,50.8649],[-0.2984,50.8655],[-0.2981,50.868],[-0.3005,50.8693],[-0.301,50.871],[-0.3035,50.8722],[-0.3026,50.8739],[-0.3042,50.8773],[-0.3045,50.8774],[-0.3034,50.874],[-0.3036,50.872],[-0.3015,50.8708],[-0.3013,50.8695],[-0.2986,50.868],[-0.2987,50.8663],[-0.2993,50.8652],[-0.3005,50.8649],[-0.3012,50.8647],[-0.3022,50.8608],[-0.2932,50.8586],[-0.2961,50.8542],[-0.2954,50.8537],[-0.2913,50.851],[-0.2929,50.8493],[-0.2929,50.8473],[-0.2886,50.8455],[-0.2889,50.8441],[-0.2894,50.8391],[-0.287,50.8366],[-0.2855,50.8334],[-0.2803,50.8313],[-0.2842,50.8293],[-0.2712,50.8306],[-0.2655,50.8312],[-0.2516,50.8303],[-0.2482,50.8248],[-0.2482,50.8247],[-0.2634,50.8261],[-0.2687,50.8266],[-0.2689,50.8266],[-0.2734,50.827],[-0.29,50.8254],[-0.2906,50.8253],[-0.2977,50.8241],[-0.3234,50.8197],[-0.3239,50.8196],[-0.3323,50.8175],[-0.3328,50.8175],[-0.3602,50.8113],[-0.3602,50.8113],[-0.3783,50.8081],[-0.3784,50.8081],[-0.3884,50.8067],[-0.3887,50.8067],[-0.4058,50.8057],[-0.4361,50.8032],[-0.4529,50.8024],[-0.4533,50.8024],[-0.4952,50.8026],[-0.5074,50.8026],[-0.5075,50.8026],[-0.5224,50.8021],[-0.5227,50.8021],[-0.5371,50.8023],[-0.5381,50.8023],[-0.5418,50.8014],[-0.5447,50.8078],[-0.5515,50.8113],[-0.5585,50.8122],[-0.5594,50.8123],[-0.5626,50.8193],[-0.5712,50.8165],[-0.5757,50.8267],[-0.5665,50.8292],[-0.5666,50.8293],[-0.5705,50.835],[-0.5668,50.8368],[-0.5607,50.8512],[-0.5599,50.8517],[-0.5604,50.8519],[-0.5613,50.8512],[-0.5673,50.8371],[-0.5712,50.835],[-0.5694,50.8322],[-0.5681,50.8308],[-0.567,50.8294],[-0.5763,50.827],[-0.574,50.8183],[-0.5712,50.8157],[-0.5655,50.8179],[-0.5628,50.8187],[-0.5608,50.8125],[-0.5594,50.8118],[-0.5569,50.8106],[-0.552,50.8106],[-0.5455,50.8065],[-0.542,50.8002],[-0.5594,50.7998],[-0.5604,50.7998],[-0.5825,50.7951],[-0.5944,50.7926],[-0.595,50.7925],[-0.605,50.7912],[-0.6275,50.7885],[-0.6422,50.7874],[-0.6424,50.7874],[-0.6586,50.7842],[-0.6596,50.784],[-0.6719,50.782],[-0.6725,50.7819],[-0.6882,50.7795],[-0.6883,50.7795],[-0.7164,50.7745],[-0.7166,50.7745],[-0.7286,50.7713],[-0.7513,50.7581],[-0.7542,50.759],[-0.7542,50.7591],[-0.7505,50.7626],[-0.7568,50.7677],[-0.7554,50.772],[-0.7615,50.7727],[-0.7631,50.7729],[-0.7676,50.7718],[-0.7663,50.7709],[-0.7634,50.7721],[-0.7624,50.7683],[-0.7818,50.7685],[-0.7777,50.7665],[-0.7847,50.7609],[-0.7855,50.7602],[-0.7728,50.7617],[-0.7618,50.7509],[-0.7535,50.7573],[-0.75,50.7574],[-0.759,50.7516],[-0.771,50.7347],[-0.7797,50.7279],[-0.7799,50.7278],[-0.7857,50.7229],[-0.7941,50.7241],[-0.8047,50.7305],[-0.8048,50.7306],[-0.8167,50.739],[-0.8174,50.7394],[-0.8429,50.7536],[-0.8671,50.7625],[-0.8758,50.7658],[-0.8761,50.7658],[-0.8959,50.7711],[-0.9029,50.7732],[-0.9168,50.7804],[-0.9125,50.7889],[-0.9084,50.7865],[-0.9156,50.7805],[-0.9054,50.782],[-0.9013,50.7899],[-0.8945,50.7902],[-0.8929,50.7943],[-0.8909,50.7998],[-0.8778,50.8077],[-0.8687,50.8081],[-0.8659,50.8064],[-0.8603,50.8029],[-0.8446,50.7993],[-0.8349,50.8048],[-0.8252,50.8049],[-0.8251,50.8057],[-0.8248,50.8101],[-0.8145,50.8144],[-0.817,50.8194],[-0.8103,50.8266],[-0.8097,50.8272],[-0.8078,50.8306],[-0.812,50.8339],[-0.8176,50.8286],[-0.8177,50.828],[-0.8199,50.8169],[-0.8446,50.8049],[-0.857,50.8076],[-0.8559,50.8103],[-0.8488,50.8108],[-0.8648,50.8117],[-0.8659,50.8127],[-0.87,50.8165],[-0.8657,50.821],[-0.863,50.8236],[-0.8512,50.8278],[-0.8613,50.8281],[-0.8581,50.8395],[-0.8619,50.8379],[-0.8652,50.8389],[-0.8709,50.8405],[-0.869,50.8343],[-0.8741,50.8325],[-0.8658,50.827],[-0.8714,50.824],[-0.877,50.8115],[-0.8923,50.8185],[-0.8971,50.8289],[-0.8929,50.8343],[-0.8926,50.8348],[-0.8951,50.8386],[-0.9087,50.8378],[-0.9132,50.8401],[-0.9172,50.8366],[-0.9125,50.8277],[-0.9175,50.8282],[-0.924,50.8323],[-0.9346,50.8302],[-0.9381,50.8316],[-0.933,50.8429],[-0.9301,50.8418],[-0.9324,50.8461],[-0.9327,50.8532],[-0.9265,50.8641],[-0.9385,50.8737],[-0.9387,50.8738],[-0.9577,50.8906],[-0.9497,50.9041],[-0.9394,50.9188],[-0.924,50.9242],[-0.9311,50.9353],[-0.9353,50.9411],[-0.9422,50.9429],[-0.9319,50.9456],[-0.9265,50.9525],[-0.9293,50.9584],[-0.9155,50.9706],[-0.9177,50.9787],[-0.9056,50.9968],[-0.8997,51.0013],[-0.8935,51.0031],[-0.8985,51.0177],[-0.8945,51.0235],[-0.8827,51.0269],[-0.8528,51.0448],[-0.8497,51.0557],[-0.8502,51.0593],[-0.8373,51.0692],[-0.8291,51.0678],[-0.8264,51.0613],[-0.8173,51.0612],[-0.8145,51.0667],[-0.8116,51.063],[-0.797,51.0639],[-0.7808,51.0794],[-0.7535,51.0865],[-0.7355,51.0847],[-0.73,51.0806],[-0.7235,51.0778],[-0.7106,51.0779],[-0.7066,51.0787],[-0.6969,51.0715],[-0.6874,51.0755],[-0.669,51.0774],[-0.6641,51.0817],[-0.6293,51.089],[-0.6007,51.0797],[-0.5776,51.0867],[-0.5565,51.0846],[-0.5355,51.0832],[-0.535,51.0936],[-0.5263,51.0919],[-0.5271,51.0896],[-0.5231,51.0916],[-0.5055,51.0883],[-0.4921,51.0945],[-0.4885,51.0973],[-0.4449,51.0996],[-0.4414,51.1033],[-0.439,51.1003],[-0.4424,51.0981],[-0.4385,51.0979],[-0.4193,51.1052],[-0.4001,51.1084],[-0.3916,51.1165],[-0.3846,51.1147],[-0.3581,51.121],[-0.3528,51.1183],[-0.342,51.1199],[-0.3265,51.1258],[-0.3194,51.1246],[-0.3005,51.1247],[-0.2864,51.1305],[-0.2752,51.1303],[-0.2545,51.1391],[-0.2553,51.1441],[-0.2143,51.1485],[-0.2122,51.1555],[-0.2041,51.1557],[-0.1959,51.1623],[-0.1869,51.1617],[-0.1853,51.1648],[-0.1767,51.1669],[-0.1609,51.1598],[-0.1511,51.16],[-0.1405,51.1601],[-0.133,51.1589],[-0.1376,51.1422],[-0.1311,51.1395],[-0.1173,51.1416],[-0.0937,51.1384],[-0.0931,51.1387],[-0.0826,51.1426],[-0.0631,51.1413],[-0.0563,51.1368],[-0.0333,51.1393],[-0.0321,51.139],[-0.0178,51.1412],[-0.0066,51.1376],[0.0273,51.1399],[0.0255,51.1273],[0.0281,51.1177],[0.0445,51.1106],[0.0254,51.109],[0.0186,51.1036],[0.0094,51.1104],[0.005,51.1053],[0.0105,51.1022],[0.0029,51.1023],[-0.0108,51.0965],[-0.0214,51.0968],[-0.0262,51.0918],[-0.0308,51.0942],[-0.0362,51.0935],[-0.0329,51.0924],[-0.0269,51.0751],[-0.0133,51.074],[-0.015,51.0694],[-0.0098,51.0635],[-0.0082,51.0563],[0.0136,51.057],[0.0077,51.0509],[-0.003,51.0476],[-0.002,51.0431],[-0.0079,51.039],[-0.0016,51.0358],[-0.0218,51.0265],[-0.0221,51.0168],[-0.0161,51.0148],[-0.0201,51.0035],[-0.0163,51.0025],[-0.0201,50.9854],[-0.0246,50.98],[-0.0347,50.9775],[-0.0471,50.9812],[-0.0634,50.9791],[-0.0705,50.9913],[-0.0839,50.9907],[-0.0931,50.9792],[-0.1027,50.9808],[-0.1152,50.9761],[-0.1162,50.9704],[-0.1163,50.9672],[-0.1104,50.9678],[-0.1065,50.9629],[-0.1047,50.9456],[-0.1054,50.9431],[-0.1181,50.9453],[-0.1199,50.9417],[-0.1169,50.9411],[-0.1283,50.9189],[-0.1334,50.894],[-0.135,50.8866],[-0.1372,50.8846],[-0.1446,50.887],[-0.1525,50.8855],[-0.153,50.8799],[-0.1664,50.8809],[-0.1659,50.8923],[-0.1825,50.8883],[-0.1819,50.8809],[-0.1898,50.8744],[-0.1877,50.8686],[-0.199,50.8701],[-0.2027,50.8759],[-0.2054,50.8701],[-0.214,50.8705],[-0.2143,50.8752],[-0.2267,50.8782],[-0.2393,50.8679],[-0.245,50.8638],[-0.2398,50.862],[-0.226,50.8429],[-0.2229,50.8391],[-0.2166,50.8276]]],[[[-0.9245,50.8318],[-0.9198,50.8289],[-0.9177,50.8278],[-0.9122,50.8274],[-0.9082,50.8227],[-0.9111,50.8033],[-0.9196,50.8056],[-0.9317,50.8137],[-0.9426,50.8154],[-0.9385,50.8178],[-0.9424,50.8244],[-0.9395,50.8303],[-0.9327,50.8292],[-0.9245,50.8318]]],[[[-0.9069,50.801],[-0.908,50.7986],[-0.911,50.8001],[-0.9069,50.801]]]]}},{"type":"Feature","properties":{"areacd":"E10000034","areanm":"Worcestershire"},"geometry":{"type":"Polygon","coordinates":[[[-1.8688,52.4047],[-1.8457,52.3994],[-1.8613,52.3839],[-1.8668,52.3727],[-1.872,52.3676],[-1.8761,52.3636],[-1.889,52.3611],[-1.873,52.3373],[-1.8648,52.3331],[-1.8704,52.3126],[-1.8809,52.3109],[-1.8752,52.3055],[-1.8804,52.2983],[-1.8865,52.2866],[-1.8956,52.2827],[-1.9009,52.2835],[-1.9146,52.2754],[-1.9211,52.2765],[-1.9343,52.277],[-1.9355,52.277],[-1.9387,52.2705],[-1.9345,52.2646],[-1.9346,52.252],[-1.9248,52.2409],[-1.9174,52.2183],[-1.9201,52.2103],[-1.9356,52.2041],[-1.9359,52.1899],[-1.9446,52.1748],[-1.9617,52.1725],[-1.9604,52.1687],[-1.9355,52.1695],[-1.934,52.1654],[-1.9443,52.1553],[-1.9401,52.153],[-1.9219,52.153],[-1.9169,52.1467],[-1.9051,52.1427],[-1.9032,52.1334],[-1.8851,52.1468],[-1.8942,52.1482],[-1.8907,52.1557],[-1.8669,52.153],[-1.8639,52.147],[-1.8669,52.1446],[-1.8542,52.1385],[-1.8458,52.1426],[-1.847,52.1472],[-1.8519,52.148],[-1.8483,52.15],[-1.8397,52.1527],[-1.831,52.1483],[-1.8315,52.1457],[-1.8233,52.1459],[-1.8278,52.1412],[-1.8232,52.1364],[-1.8084,52.1399],[-1.7857,52.132],[-1.7958,52.1244],[-1.791,52.1202],[-1.7806,52.1201],[-1.7697,52.1153],[-1.7579,52.1161],[-1.7677,52.1126],[-1.7894,52.1064],[-1.7902,52.1006],[-1.8023,52.0969],[-1.8128,52.0787],[-1.819,52.0854],[-1.8317,52.0728],[-1.8467,52.0794],[-1.8533,52.0724],[-1.8556,52.0744],[-1.8691,52.0738],[-1.872,52.0719],[-1.8717,52.0654],[-1.8651,52.0663],[-1.8629,52.0634],[-1.8635,52.0534],[-1.8346,52.0437],[-1.8299,52.0391],[-1.8306,52.0321],[-1.8249,52.0309],[-1.8357,52.0225],[-1.8354,52.0092],[-1.8391,52.0068],[-1.8616,52.0126],[-1.8623,52.0175],[-1.9135,52.0445],[-1.9222,52.0356],[-1.9271,52.0367],[-1.9317,52.0299],[-1.9475,52.0319],[-1.9514,52.0377],[-1.9842,52.0359],[-1.9952,52.0266],[-1.9986,52.0297],[-2.0237,52.0169],[-2.0294,52.0128],[-2.027,52.0106],[-2.0383,52.0096],[-2.0383,52.0046],[-2.0495,52.0038],[-2.0486,52.0071],[-2.0596,52.01],[-2.0608,52.0147],[-2.0849,52.0105],[-2.0977,52.0131],[-2.1088,52.0143],[-2.118,52.0144],[-2.1211,52.0113],[-2.1315,52.0059],[-2.1351,51.9997],[-2.1419,51.9998],[-2.139,52.0039],[-2.1508,52.0066],[-2.1396,52.0278],[-2.1172,52.0337],[-2.1185,52.0421],[-2.1582,52.0502],[-2.1714,52.0476],[-2.1808,52.0417],[-2.1769,52.0225],[-2.1877,52.0191],[-2.1841,52.0139],[-2.1647,52.0042],[-2.1643,51.9964],[-2.1748,51.9961],[-2.1811,51.9995],[-2.1795,51.9948],[-2.1851,51.9906],[-2.2029,51.9964],[-2.2206,51.9955],[-2.2515,51.9666],[-2.2706,51.9689],[-2.2883,51.9707],[-2.3004,51.9668],[-2.3096,51.9706],[-2.3126,51.9765],[-2.3267,51.9758],[-2.3207,51.9921],[-2.3246,52.0036],[-2.3294,52.0068],[-2.3409,52.0069],[-2.3525,52.0135],[-2.3514,52.0213],[-2.3507,52.03],[-2.3485,52.0489],[-2.3516,52.0564],[-2.3394,52.0689],[-2.3383,52.0954],[-2.3491,52.0956],[-2.3545,52.1194],[-2.3556,52.1282],[-2.3446,52.1326],[-2.3512,52.1418],[-2.3587,52.1519],[-2.3652,52.151],[-2.3793,52.1551],[-2.394,52.1467],[-2.4003,52.1482],[-2.4152,52.1452],[-2.4352,52.1682],[-2.433,52.172],[-2.422,52.1724],[-2.4255,52.177],[-2.415,52.1833],[-2.4191,52.188],[-2.4087,52.1964],[-2.4079,52.2027],[-2.4006,52.2017],[-2.4027,52.2071],[-2.3961,52.2057],[-2.3929,52.2103],[-2.4016,52.2154],[-2.404,52.2212],[-2.3977,52.2217],[-2.3965,52.2248],[-2.3865,52.2222],[-2.3859,52.2264],[-2.3933,52.231],[-2.4142,52.2317],[-2.4232,52.2372],[-2.4649,52.2344],[-2.4747,52.2413],[-2.4737,52.2507],[-2.4681,52.256],[-2.4279,52.2706],[-2.4514,52.2851],[-2.4834,52.2844],[-2.492,52.2782],[-2.5031,52.2774],[-2.5044,52.2745],[-2.4936,52.264],[-2.4957,52.2569],[-2.5155,52.256],[-2.5226,52.251],[-2.5257,52.2481],[-2.5317,52.2533],[-2.5481,52.2497],[-2.5531,52.2525],[-2.5675,52.2501],[-2.5741,52.2527],[-2.5762,52.2477],[-2.5854,52.2483],[-2.5964,52.2442],[-2.6289,52.2403],[-2.6343,52.2507],[-2.6283,52.2612],[-2.6144,52.2657],[-2.6067,52.2757],[-2.5964,52.2766],[-2.599,52.2835],[-2.6127,52.2867],[-2.6185,52.2822],[-2.6263,52.2889],[-2.6399,52.2864],[-2.6443,52.2937],[-2.6524,52.2952],[-2.6632,52.3039],[-2.6363,52.3089],[-2.6324,52.3056],[-2.618,52.3069],[-2.6101,52.3063],[-2.5951,52.3139],[-2.5846,52.3132],[-2.5749,52.3176],[-2.5625,52.3111],[-2.5622,52.3331],[-2.5392,52.3441],[-2.522,52.3418],[-2.5121,52.3371],[-2.5084,52.3332],[-2.5131,52.3292],[-2.4818,52.3311],[-2.4782,52.3384],[-2.4844,52.3445],[-2.4818,52.3511],[-2.4884,52.3554],[-2.4839,52.3605],[-2.4742,52.3606],[-2.4747,52.3671],[-2.4678,52.3645],[-2.4576,52.3678],[-2.4263,52.3658],[-2.4149,52.3682],[-2.4098,52.3706],[-2.4152,52.379],[-2.4106,52.3871],[-2.4053,52.3831],[-2.3936,52.3844],[-2.3907,52.3815],[-2.3874,52.3845],[-2.378,52.3831],[-2.3674,52.388],[-2.3526,52.3889],[-2.3501,52.3857],[-2.3355,52.3853],[-2.3341,52.3888],[-2.3422,52.3932],[-2.3729,52.402],[-2.3659,52.4078],[-2.3667,52.423],[-2.3627,52.4258],[-2.3642,52.4319],[-2.3635,52.4394],[-2.3451,52.4393],[-2.333,52.4353],[-2.3259,52.4383],[-2.3216,52.4362],[-2.3117,52.4375],[-2.3062,52.4459],[-2.2874,52.4553],[-2.2949,52.4489],[-2.2873,52.4456],[-2.2694,52.4386],[-2.2626,52.4407],[-2.2615,52.4369],[-2.2179,52.4354],[-2.2105,52.4299],[-2.197,52.4277],[-2.1929,52.4233],[-2.1858,52.4262],[-2.1677,52.4238],[-2.1638,52.4232],[-2.1648,52.4302],[-2.1435,52.426],[-2.136,52.4263],[-2.1298,52.4322],[-2.1175,52.4339],[-2.1088,52.4412],[-2.1053,52.4442],[-2.0933,52.4453],[-2.0862,52.4329],[-2.0799,52.4323],[-2.068,52.4352],[-2.0676,52.4325],[-2.0624,52.4324],[-2.0657,52.4281],[-2.0607,52.4275],[-2.0594,52.44],[-2.0379,52.4415],[-2.037,52.4275],[-2.0297,52.4273],[-2.0247,52.4349],[-2.017,52.4327],[-2.0097,52.4265],[-2.0047,52.4284],[-1.9971,52.4174],[-1.986,52.4167],[-1.9978,52.4097],[-2.0092,52.4104],[-2.0176,52.4056],[-2.0275,52.4081],[-2.0323,52.4015],[-2.0207,52.3993],[-2.0114,52.3862],[-1.9973,52.3811],[-1.9855,52.386],[-1.9663,52.3895],[-1.9649,52.3922],[-1.9604,52.3891],[-1.9595,52.3889],[-1.9529,52.3934],[-1.9343,52.3872],[-1.9185,52.3982],[-1.9137,52.4074],[-1.9046,52.4031],[-1.8871,52.4047],[-1.8867,52.4047],[-1.8827,52.3998],[-1.8688,52.4047]]]}},{"type":"Feature","properties":{"areacd":"E08000001","areanm":"Bolton"},"geometry":{"type":"Polygon","coordinates":[[[-2.6259,53.5937],[-2.6175,53.5958],[-2.6151,53.6028],[-2.5959,53.6108],[-2.5831,53.6047],[-2.574,53.5943],[-2.5578,53.6016],[-2.5566,53.6036],[-2.5112,53.627],[-2.5104,53.6263],[-2.473,53.6166],[-2.466,53.6217],[-2.4537,53.622],[-2.4584,53.6246],[-2.4505,53.6278],[-2.4503,53.6414],[-2.4387,53.646],[-2.4261,53.635],[-2.4259,53.6258],[-2.4198,53.6236],[-2.4053,53.6251],[-2.4011,53.6246],[-2.3978,53.6322],[-2.3791,53.6309],[-2.3793,53.6293],[-2.3835,53.6255],[-2.3764,53.6221],[-2.3794,53.6203],[-2.363,53.6103],[-2.3664,53.6019],[-2.3684,53.596],[-2.3769,53.5933],[-2.374,53.5715],[-2.361,53.5683],[-2.3572,53.5632],[-2.3583,53.5532],[-2.3622,53.5561],[-2.3667,53.5533],[-2.3736,53.5539],[-2.3442,53.5456],[-2.3383,53.5336],[-2.3459,53.5374],[-2.3538,53.535],[-2.3509,53.5296],[-2.3543,53.5262],[-2.3853,53.5315],[-2.4001,53.5386],[-2.4103,53.5385],[-2.4214,53.541],[-2.4358,53.542],[-2.4446,53.5309],[-2.4511,53.5286],[-2.4902,53.5356],[-2.5073,53.5378],[-2.5102,53.5341],[-2.5155,53.5358],[-2.5157,53.5292],[-2.5312,53.5229],[-2.5537,53.5362],[-2.5618,53.5389],[-2.558,53.5444],[-2.5692,53.5475],[-2.5598,53.5555],[-2.5634,53.5595],[-2.5601,53.5621],[-2.5685,53.5647],[-2.5678,53.5714],[-2.5851,53.5851],[-2.618,53.5911],[-2.6274,53.5894],[-2.6259,53.5937]]]}},{"type":"Feature","properties":{"areacd":"E08000002","areanm":"Bury"},"geometry":{"type":"Polygon","coordinates":[[[-2.3791,53.6309],[-2.3703,53.6315],[-2.3714,53.6433],[-2.3626,53.656],[-2.3711,53.6671],[-2.3556,53.6645],[-2.3533,53.6585],[-2.3254,53.6554],[-2.3157,53.6551],[-2.299,53.6667],[-2.2938,53.658],[-2.2975,53.6519],[-2.2957,53.6415],[-2.29,53.6352],[-2.2828,53.6202],[-2.2726,53.6185],[-2.2718,53.6145],[-2.2665,53.6091],[-2.2594,53.6061],[-2.251,53.6072],[-2.249,53.6033],[-2.2455,53.5991],[-2.2555,53.5971],[-2.2592,53.5922],[-2.27,53.5919],[-2.2702,53.5891],[-2.2765,53.5915],[-2.2781,53.5873],[-2.2823,53.5867],[-2.2815,53.5827],[-2.2722,53.5794],[-2.2655,53.5856],[-2.2592,53.5853],[-2.2444,53.5723],[-2.2481,53.5633],[-2.2426,53.5615],[-2.2365,53.5592],[-2.2418,53.5571],[-2.2358,53.5482],[-2.2371,53.5388],[-2.248,53.5441],[-2.2589,53.5431],[-2.2686,53.5371],[-2.266,53.5302],[-2.2641,53.5247],[-2.2465,53.5292],[-2.2486,53.5251],[-2.2518,53.5257],[-2.257,53.5179],[-2.2793,53.5159],[-2.2907,53.512],[-2.3023,53.5171],[-2.3104,53.5272],[-2.3268,53.5285],[-2.3383,53.5336],[-2.3442,53.5456],[-2.3736,53.5539],[-2.3667,53.5533],[-2.3622,53.5561],[-2.3583,53.5532],[-2.3572,53.5632],[-2.361,53.5683],[-2.374,53.5715],[-2.3769,53.5933],[-2.3684,53.596],[-2.3664,53.6019],[-2.363,53.6103],[-2.3794,53.6203],[-2.3764,53.6221],[-2.3835,53.6255],[-2.3793,53.6293],[-2.3791,53.6309]]]}},{"type":"Feature","properties":{"areacd":"E08000003","areanm":"Manchester"},"geometry":{"type":"Polygon","coordinates":[[[-2.2408,53.3596],[-2.2564,53.3607],[-2.2671,53.3506],[-2.2806,53.346],[-2.2878,53.3431],[-2.3017,53.3402],[-2.297,53.3486],[-2.3141,53.3574],[-2.2986,53.3608],[-2.2862,53.3758],[-2.2999,53.3843],[-2.2996,53.3876],[-2.3002,53.3921],[-2.3199,53.4116],[-2.3044,53.4099],[-2.2977,53.4083],[-2.2941,53.4136],[-2.2806,53.4153],[-2.2736,53.4225],[-2.2836,53.425],[-2.2867,53.4302],[-2.2999,53.4334],[-2.2997,53.4373],[-2.2944,53.436],[-2.2954,53.4388],[-2.2899,53.4413],[-2.2931,53.4444],[-2.2862,53.4491],[-2.2731,53.4505],[-2.2715,53.4507],[-2.2581,53.4588],[-2.2536,53.4599],[-2.2538,53.4627],[-2.2578,53.4624],[-2.2681,53.4697],[-2.2652,53.4727],[-2.2634,53.4757],[-2.2463,53.4872],[-2.2486,53.4882],[-2.2505,53.4901],[-2.2554,53.4991],[-2.2515,53.5039],[-2.2471,53.5024],[-2.2452,53.5049],[-2.2492,53.5095],[-2.2452,53.5121],[-2.257,53.5179],[-2.2518,53.5257],[-2.2486,53.5251],[-2.2465,53.5292],[-2.2641,53.5247],[-2.266,53.5302],[-2.2686,53.5371],[-2.2589,53.5431],[-2.248,53.5441],[-2.2371,53.5388],[-2.2187,53.5439],[-2.2071,53.5382],[-2.2068,53.5342],[-2.194,53.5316],[-2.186,53.529],[-2.1702,53.5276],[-2.1705,53.5239],[-2.1648,53.5201],[-2.1592,53.5221],[-2.1561,53.5158],[-2.1612,53.5129],[-2.1714,53.5132],[-2.1783,53.5068],[-2.1756,53.5026],[-2.1619,53.4983],[-2.1629,53.4928],[-2.166,53.4916],[-2.1674,53.4811],[-2.166,53.4786],[-2.1503,53.4725],[-2.1499,53.4709],[-2.149,53.4651],[-2.1528,53.4632],[-2.149,53.4606],[-2.1585,53.4549],[-2.1614,53.4518],[-2.166,53.4538],[-2.174,53.4437],[-2.1747,53.438],[-2.1769,53.433],[-2.1874,53.4367],[-2.1913,53.4351],[-2.1931,53.4276],[-2.1995,53.4269],[-2.2097,53.4179],[-2.2134,53.4189],[-2.2142,53.4146],[-2.2126,53.407],[-2.2184,53.4054],[-2.2226,53.4012],[-2.2381,53.4008],[-2.2423,53.399],[-2.2468,53.396],[-2.2412,53.3795],[-2.2387,53.3708],[-2.2408,53.3596]]]}},{"type":"Feature","properties":{"areacd":"E08000004","areanm":"Oldham"},"geometry":{"type":"Polygon","coordinates":[[[-2.0268,53.6242],[-2.023,53.6158],[-2.0095,53.6168],[-1.9816,53.5893],[-1.9481,53.5728],[-1.9427,53.5616],[-1.9275,53.5546],[-1.9258,53.5532],[-1.9129,53.5516],[-1.9095,53.5384],[-1.9224,53.5308],[-1.9268,53.5209],[-1.9168,53.5145],[-1.922,53.5099],[-1.9513,53.5042],[-1.9634,53.5098],[-1.9858,53.5164],[-1.9969,53.522],[-2.0091,53.5191],[-2.0188,53.5214],[-2.0181,53.5248],[-2.0268,53.5294],[-2.0486,53.5303],[-2.0569,53.5307],[-2.0541,53.5223],[-2.062,53.5223],[-2.0707,53.5217],[-2.0772,53.5203],[-2.0921,53.5206],[-2.1033,53.5097],[-2.1198,53.5057],[-2.126,53.499],[-2.1317,53.4981],[-2.1361,53.4919],[-2.1563,53.4939],[-2.1629,53.4928],[-2.1619,53.4983],[-2.1756,53.5026],[-2.1783,53.5068],[-2.1714,53.5132],[-2.1612,53.5129],[-2.1561,53.5158],[-2.1592,53.5221],[-2.1648,53.5201],[-2.1705,53.5239],[-2.1702,53.5276],[-2.186,53.529],[-2.1708,53.5438],[-2.1699,53.5514],[-2.1719,53.5551],[-2.1718,53.5582],[-2.1553,53.5653],[-2.1509,53.5671],[-2.1566,53.5823],[-2.1367,53.5831],[-2.1259,53.5865],[-2.1188,53.5924],[-2.1127,53.5928],[-2.1106,53.5997],[-2.098,53.5963],[-2.0699,53.595],[-2.0673,53.5924],[-2.0552,53.5946],[-2.0569,53.5974],[-2.0357,53.6029],[-2.0268,53.6242]]]}},{"type":"Feature","properties":{"areacd":"E08000005","areanm":"Rochdale"},"geometry":{"type":"Polygon","coordinates":[[[-2.2718,53.6145],[-2.2578,53.6164],[-2.2568,53.6204],[-2.2631,53.625],[-2.2699,53.6461],[-2.2615,53.6541],[-2.2365,53.667],[-2.2258,53.6708],[-2.2177,53.669],[-2.2153,53.6671],[-2.2003,53.6529],[-2.1896,53.648],[-2.1824,53.6482],[-2.1805,53.6405],[-2.1854,53.6382],[-2.1614,53.6414],[-2.164,53.6549],[-2.1589,53.6603],[-2.1463,53.6822],[-2.1422,53.678],[-2.1341,53.6857],[-2.1254,53.6748],[-2.1141,53.6711],[-2.087,53.6708],[-2.0833,53.6781],[-2.0734,53.6775],[-2.0567,53.683],[-2.0512,53.6837],[-2.0507,53.6795],[-2.0549,53.6756],[-2.0528,53.6703],[-2.0357,53.6593],[-2.0415,53.6425],[-2.0299,53.6362],[-2.031,53.6292],[-2.0268,53.6242],[-2.0357,53.6029],[-2.0569,53.5974],[-2.0552,53.5946],[-2.0673,53.5924],[-2.0699,53.595],[-2.098,53.5963],[-2.1106,53.5997],[-2.1127,53.5928],[-2.1188,53.5924],[-2.1259,53.5865],[-2.1367,53.5831],[-2.1566,53.5823],[-2.1509,53.5671],[-2.1553,53.5653],[-2.1718,53.5582],[-2.1719,53.5551],[-2.1699,53.5514],[-2.1708,53.5438],[-2.186,53.529],[-2.194,53.5316],[-2.2068,53.5342],[-2.2071,53.5382],[-2.2187,53.5439],[-2.2371,53.5388],[-2.2358,53.5482],[-2.2418,53.5571],[-2.2365,53.5592],[-2.2426,53.5615],[-2.2481,53.5633],[-2.2444,53.5723],[-2.2592,53.5853],[-2.2655,53.5856],[-2.2722,53.5794],[-2.2815,53.5827],[-2.2823,53.5867],[-2.2781,53.5873],[-2.2765,53.5915],[-2.2702,53.5891],[-2.27,53.5919],[-2.2592,53.5922],[-2.2555,53.5971],[-2.2455,53.5991],[-2.249,53.6033],[-2.251,53.6072],[-2.2594,53.6061],[-2.2665,53.6091],[-2.2718,53.6145]]]}},{"type":"Feature","properties":{"areacd":"E08000006","areanm":"Salford"},"geometry":{"type":"Polygon","coordinates":[[[-2.4494,53.4159],[-2.4516,53.4267],[-2.4617,53.4364],[-2.4676,53.4374],[-2.4782,53.4434],[-2.476,53.4482],[-2.4897,53.4603],[-2.4384,53.4647],[-2.4345,53.465],[-2.4361,53.4719],[-2.4385,53.4924],[-2.4304,53.5048],[-2.4206,53.5068],[-2.4195,53.5121],[-2.4153,53.512],[-2.4182,53.5181],[-2.4324,53.5224],[-2.4542,53.5262],[-2.4511,53.5286],[-2.4446,53.5309],[-2.4358,53.542],[-2.4214,53.541],[-2.4103,53.5385],[-2.4001,53.5386],[-2.3853,53.5315],[-2.3543,53.5262],[-2.3509,53.5296],[-2.3538,53.535],[-2.3459,53.5374],[-2.3383,53.5336],[-2.3268,53.5285],[-2.3104,53.5272],[-2.3023,53.5171],[-2.2907,53.512],[-2.2793,53.5159],[-2.257,53.5179],[-2.2452,53.5121],[-2.2492,53.5095],[-2.2452,53.5049],[-2.2471,53.5024],[-2.2515,53.5039],[-2.2554,53.4991],[-2.2505,53.4901],[-2.2486,53.4882],[-2.2463,53.4872],[-2.2634,53.4757],[-2.2652,53.4727],[-2.2839,53.4653],[-2.3044,53.4731],[-2.3191,53.4796],[-2.3296,53.48],[-2.3522,53.4747],[-2.3691,53.4692],[-2.3956,53.4588],[-2.4095,53.4457],[-2.4135,53.4375],[-2.4224,53.4273],[-2.4494,53.4159]]]}},{"type":"Feature","properties":{"areacd":"E08000007","areanm":"Stockport"},"geometry":{"type":"Polygon","coordinates":[[[-2.0263,53.4298],[-2.0197,53.4251],[-2.0237,53.4205],[-2.0137,53.4159],[-1.9923,53.4152],[-2.0052,53.3905],[-2.0046,53.3863],[-2.0197,53.3806],[-2.017,53.3778],[-2.022,53.3759],[-2.0262,53.3736],[-2.0339,53.3755],[-2.0311,53.3702],[-2.0407,53.3741],[-2.0553,53.3669],[-2.0612,53.3584],[-2.0786,53.3581],[-2.095,53.366],[-2.1038,53.3661],[-2.1144,53.3646],[-2.1232,53.3619],[-2.128,53.3646],[-2.139,53.3673],[-2.1382,53.3569],[-2.1425,53.3542],[-2.1512,53.3481],[-2.1441,53.3429],[-2.1501,53.3383],[-2.1525,53.3285],[-2.1599,53.3281],[-2.185,53.3327],[-2.1942,53.3386],[-2.1811,53.344],[-2.188,53.3487],[-2.1854,53.3526],[-2.2083,53.355],[-2.2161,53.3589],[-2.2331,53.3588],[-2.2408,53.3596],[-2.2387,53.3708],[-2.2412,53.3795],[-2.2468,53.396],[-2.2423,53.399],[-2.2381,53.4008],[-2.2226,53.4012],[-2.2184,53.4054],[-2.2126,53.407],[-2.2142,53.4146],[-2.2134,53.4189],[-2.2097,53.4179],[-2.1995,53.4269],[-2.1931,53.4276],[-2.1913,53.4351],[-2.1874,53.4367],[-2.1769,53.433],[-2.1747,53.438],[-2.174,53.4437],[-2.166,53.4538],[-2.1614,53.4518],[-2.1585,53.4549],[-2.1434,53.4448],[-2.1416,53.4382],[-2.1306,53.4394],[-2.123,53.4377],[-2.1232,53.441],[-2.1204,53.4364],[-2.116,53.4407],[-2.1027,53.4326],[-2.0928,53.4375],[-2.084,53.4341],[-2.083,53.4268],[-2.0694,53.4277],[-2.0557,53.4318],[-2.0391,53.4272],[-2.0263,53.4298]]]}},{"type":"Feature","properties":{"areacd":"E08000008","areanm":"Tameside"},"geometry":{"type":"Polygon","coordinates":[[[-1.9634,53.5098],[-1.9727,53.5025],[-1.9746,53.4879],[-1.9871,53.4816],[-1.9885,53.47],[-1.9816,53.4645],[-1.9873,53.4589],[-1.9869,53.4543],[-1.9982,53.4458],[-2.0084,53.4414],[-2.0042,53.4359],[-2.0137,53.4399],[-2.0273,53.4324],[-2.0263,53.4298],[-2.0391,53.4272],[-2.0557,53.4318],[-2.0694,53.4277],[-2.083,53.4268],[-2.084,53.4341],[-2.0928,53.4375],[-2.1027,53.4326],[-2.116,53.4407],[-2.1204,53.4364],[-2.1232,53.441],[-2.123,53.4377],[-2.1306,53.4394],[-2.1416,53.4382],[-2.1434,53.4448],[-2.1585,53.4549],[-2.149,53.4606],[-2.1528,53.4632],[-2.149,53.4651],[-2.1499,53.4709],[-2.1503,53.4725],[-2.166,53.4786],[-2.1674,53.4811],[-2.166,53.4916],[-2.1629,53.4928],[-2.1563,53.4939],[-2.1361,53.4919],[-2.1317,53.4981],[-2.126,53.499],[-2.1198,53.5057],[-2.1033,53.5097],[-2.0921,53.5206],[-2.0772,53.5203],[-2.0707,53.5217],[-2.062,53.5223],[-2.0541,53.5223],[-2.0569,53.5307],[-2.0486,53.5303],[-2.0268,53.5294],[-2.0181,53.5248],[-2.0188,53.5214],[-2.0091,53.5191],[-1.9969,53.522],[-1.9858,53.5164],[-1.9634,53.5098]]]}},{"type":"Feature","properties":{"areacd":"E08000009","areanm":"Trafford"},"geometry":{"type":"Polygon","coordinates":[[[-2.4266,53.3874],[-2.4484,53.3948],[-2.4585,53.393],[-2.4659,53.3948],[-2.471,53.3923],[-2.4785,53.3962],[-2.466,53.4007],[-2.4537,53.4132],[-2.4494,53.4159],[-2.4224,53.4273],[-2.4135,53.4375],[-2.4095,53.4457],[-2.3956,53.4588],[-2.3691,53.4692],[-2.3522,53.4747],[-2.3296,53.48],[-2.3191,53.4796],[-2.3044,53.4731],[-2.2839,53.4653],[-2.2652,53.4727],[-2.2681,53.4697],[-2.2578,53.4624],[-2.2538,53.4627],[-2.2536,53.4599],[-2.2581,53.4588],[-2.2715,53.4507],[-2.2731,53.4505],[-2.2862,53.4491],[-2.2931,53.4444],[-2.2899,53.4413],[-2.2954,53.4388],[-2.2944,53.436],[-2.2997,53.4373],[-2.2999,53.4334],[-2.2867,53.4302],[-2.2836,53.425],[-2.2736,53.4225],[-2.2806,53.4153],[-2.2941,53.4136],[-2.2977,53.4083],[-2.3044,53.4099],[-2.3199,53.4116],[-2.3002,53.3921],[-2.2996,53.3876],[-2.2999,53.3843],[-2.2862,53.3758],[-2.2986,53.3608],[-2.3141,53.3574],[-2.3233,53.3583],[-2.3243,53.3614],[-2.329,53.3608],[-2.3299,53.3639],[-2.3401,53.3674],[-2.349,53.3659],[-2.3541,53.3682],[-2.3651,53.3631],[-2.3848,53.37],[-2.4007,53.3752],[-2.4106,53.3838],[-2.4266,53.3874]]]}},{"type":"Feature","properties":{"areacd":"E08000010","areanm":"Wigan"},"geometry":{"type":"Polygon","coordinates":[[[-2.5767,53.446],[-2.5833,53.4489],[-2.584,53.4539],[-2.5962,53.4564],[-2.5996,53.461],[-2.6148,53.4633],[-2.6169,53.4662],[-2.6146,53.4703],[-2.6079,53.4708],[-2.6121,53.4811],[-2.6456,53.4802],[-2.6558,53.4903],[-2.6629,53.4928],[-2.6663,53.4998],[-2.6802,53.4995],[-2.7055,53.5048],[-2.71,53.5146],[-2.7231,53.51],[-2.7305,53.5206],[-2.7179,53.5272],[-2.7147,53.5383],[-2.7186,53.5435],[-2.7126,53.5488],[-2.7047,53.5618],[-2.7113,53.5648],[-2.7192,53.5761],[-2.7013,53.5906],[-2.6934,53.5894],[-2.6926,53.5961],[-2.6893,53.6043],[-2.6614,53.6033],[-2.6595,53.6036],[-2.6361,53.6083],[-2.6314,53.6052],[-2.6259,53.5937],[-2.6274,53.5894],[-2.618,53.5911],[-2.5851,53.5851],[-2.5678,53.5714],[-2.5685,53.5647],[-2.5601,53.5621],[-2.5634,53.5595],[-2.5598,53.5555],[-2.5692,53.5475],[-2.558,53.5444],[-2.5618,53.5389],[-2.5537,53.5362],[-2.5312,53.5229],[-2.5157,53.5292],[-2.5155,53.5358],[-2.5102,53.5341],[-2.5073,53.5378],[-2.4902,53.5356],[-2.4511,53.5286],[-2.4542,53.5262],[-2.4324,53.5224],[-2.4182,53.5181],[-2.4153,53.512],[-2.4195,53.5121],[-2.4206,53.5068],[-2.4304,53.5048],[-2.4385,53.4924],[-2.4361,53.4719],[-2.4345,53.465],[-2.4384,53.4647],[-2.4897,53.4603],[-2.4891,53.4758],[-2.4963,53.4809],[-2.5365,53.4715],[-2.5525,53.4678],[-2.5491,53.4615],[-2.5704,53.4585],[-2.5767,53.446]]]}},{"type":"Feature","properties":{"areacd":"E08000011","areanm":"Knowsley"},"geometry":{"type":"Polygon","coordinates":[[[-2.8879,53.5038],[-2.8733,53.5],[-2.8711,53.495],[-2.8614,53.4911],[-2.8498,53.4931],[-2.8439,53.4902],[-2.8443,53.4841],[-2.8256,53.4828],[-2.8251,53.4852],[-2.8168,53.4778],[-2.8187,53.4669],[-2.8044,53.4672],[-2.807,53.4558],[-2.7951,53.4432],[-2.7968,53.4406],[-2.8046,53.4411],[-2.8049,53.4386],[-2.7878,53.4304],[-2.7762,53.4267],[-2.7817,53.4208],[-2.7783,53.4163],[-2.7857,53.415],[-2.7868,53.4012],[-2.7452,53.4021],[-2.7434,53.3953],[-2.7506,53.3938],[-2.7471,53.3924],[-2.7494,53.3882],[-2.7603,53.3843],[-2.7577,53.3807],[-2.772,53.3829],[-2.7813,53.3717],[-2.7813,53.3716],[-2.7848,53.3607],[-2.7873,53.3563],[-2.8091,53.3551],[-2.8188,53.348],[-2.8404,53.3473],[-2.8464,53.354],[-2.8522,53.3612],[-2.8562,53.3787],[-2.8538,53.3798],[-2.8443,53.382],[-2.822,53.3807],[-2.8336,53.3889],[-2.8372,53.3999],[-2.8562,53.3949],[-2.8753,53.401],[-2.8797,53.4056],[-2.8817,53.408],[-2.8906,53.4069],[-2.8924,53.4118],[-2.884,53.4169],[-2.8711,53.4124],[-2.8687,53.4156],[-2.868,53.4205],[-2.8668,53.4283],[-2.8735,53.4365],[-2.8701,53.4417],[-2.8706,53.4425],[-2.8684,53.4499],[-2.8914,53.4631],[-2.8919,53.4632],[-2.9059,53.4702],[-2.9049,53.4652],[-2.9145,53.465],[-2.9226,53.475],[-2.9168,53.4792],[-2.9195,53.4821],[-2.9143,53.4825],[-2.9053,53.492],[-2.8995,53.4928],[-2.8984,53.5008],[-2.8879,53.5038]]]}},{"type":"Feature","properties":{"areacd":"E08000012","areanm":"Liverpool"},"geometry":{"type":"Polygon","coordinates":[[[-2.8258,53.3318],[-2.8267,53.3316],[-2.8364,53.327],[-2.8551,53.3275],[-2.8782,53.3342],[-2.9027,53.3461],[-2.91,53.3495],[-2.9103,53.3498],[-2.9224,53.3572],[-2.9447,53.3668],[-2.9458,53.3672],[-2.9681,53.3753],[-2.9692,53.3758],[-2.985,53.3865],[-2.9952,53.4009],[-2.996,53.4023],[-3.0018,53.411],[-3.0018,53.4117],[-3.0086,53.4378],[-2.9852,53.4416],[-2.9753,53.4432],[-2.973,53.4499],[-2.9726,53.4584],[-2.9698,53.466],[-2.9602,53.468],[-2.9597,53.4676],[-2.9563,53.473],[-2.9226,53.475],[-2.9145,53.465],[-2.9049,53.4652],[-2.9059,53.4702],[-2.8919,53.4632],[-2.8914,53.4631],[-2.8684,53.4499],[-2.8706,53.4425],[-2.8701,53.4417],[-2.8735,53.4365],[-2.8668,53.4283],[-2.868,53.4205],[-2.8687,53.4156],[-2.8711,53.4124],[-2.884,53.4169],[-2.8924,53.4118],[-2.8906,53.4069],[-2.8817,53.408],[-2.8797,53.4056],[-2.8753,53.401],[-2.8562,53.3949],[-2.8372,53.3999],[-2.8336,53.3889],[-2.822,53.3807],[-2.8443,53.382],[-2.8538,53.3798],[-2.8562,53.3787],[-2.8522,53.3612],[-2.8464,53.354],[-2.8404,53.3473],[-2.8188,53.348],[-2.8188,53.3478],[-2.8188,53.3398],[-2.8325,53.3373],[-2.8258,53.3318]]]}},{"type":"Feature","properties":{"areacd":"E08000013","areanm":"St. Helens"},"geometry":{"type":"Polygon","coordinates":[[[-2.8251,53.4852],[-2.8199,53.4965],[-2.8226,53.5051],[-2.8167,53.5122],[-2.7946,53.5213],[-2.7825,53.5314],[-2.7689,53.5136],[-2.7599,53.5125],[-2.7305,53.5206],[-2.7231,53.51],[-2.71,53.5146],[-2.7055,53.5048],[-2.6802,53.4995],[-2.6663,53.4998],[-2.6629,53.4928],[-2.6558,53.4903],[-2.6456,53.4802],[-2.6121,53.4811],[-2.6079,53.4708],[-2.6146,53.4703],[-2.6169,53.4662],[-2.6148,53.4633],[-2.5996,53.461],[-2.5962,53.4564],[-2.584,53.4539],[-2.5833,53.4489],[-2.5767,53.446],[-2.5846,53.4404],[-2.5988,53.4504],[-2.5962,53.4427],[-2.6114,53.4423],[-2.6274,53.4344],[-2.6324,53.4416],[-2.6395,53.4444],[-2.6737,53.4524],[-2.6771,53.4527],[-2.6822,53.4392],[-2.6687,53.441],[-2.6753,53.4329],[-2.664,53.4297],[-2.6724,53.422],[-2.6669,53.4162],[-2.6719,53.4153],[-2.6721,53.4118],[-2.6713,53.4002],[-2.676,53.395],[-2.6763,53.3876],[-2.6906,53.3854],[-2.705,53.3867],[-2.7128,53.3906],[-2.7152,53.399],[-2.7344,53.4005],[-2.7452,53.4021],[-2.7868,53.4012],[-2.7857,53.415],[-2.7783,53.4163],[-2.7817,53.4208],[-2.7762,53.4267],[-2.7878,53.4304],[-2.8049,53.4386],[-2.8046,53.4411],[-2.7968,53.4406],[-2.7951,53.4432],[-2.807,53.4558],[-2.8044,53.4672],[-2.8187,53.4669],[-2.8168,53.4778],[-2.8251,53.4852]]]}},{"type":"Feature","properties":{"areacd":"E08000014","areanm":"Sefton"},"geometry":{"type":"MultiPolygon","coordinates":[[[[-3.0086,53.4378],[-3.0088,53.4384],[-3.0236,53.4562],[-3.0254,53.4557],[-3.036,53.4611],[-3.0365,53.4614],[-3.0404,53.4647],[-3.0415,53.4656],[-3.0376,53.4685],[-3.0434,53.4778],[-3.0434,53.4779],[-3.0549,53.492],[-3.0651,53.5048],[-3.0641,53.5105],[-3.0641,53.5114],[-3.0627,53.5268],[-3.0627,53.5274],[-3.0641,53.5306],[-3.0634,53.5265],[-3.0709,53.5215],[-3.0791,53.5261],[-3.0854,53.5337],[-3.1015,53.5408],[-3.1056,53.5515],[-3.1005,53.5694],[-3.0862,53.5873],[-3.0862,53.5874],[-3.0621,53.6102],[-3.062,53.6103],[-3.0427,53.6363],[-3.0312,53.6476],[-3.0178,53.6542],[-3.0176,53.6543],[-2.9973,53.6723],[-2.9794,53.6883],[-2.9789,53.6888],[-2.9739,53.691],[-2.9771,53.6965],[-2.9653,53.6982],[-2.9646,53.6935],[-2.9715,53.6921],[-2.9629,53.6929],[-2.9584,53.6876],[-2.9539,53.691],[-2.9542,53.6821],[-2.9447,53.6788],[-2.9445,53.679],[-2.9539,53.6822],[-2.9502,53.6916],[-2.9468,53.688],[-2.9526,53.6823],[-2.9443,53.6791],[-2.9474,53.6673],[-2.9401,53.6586],[-2.95,53.6523],[-2.9604,53.6387],[-2.9678,53.631],[-2.9818,53.6222],[-2.9937,53.6283],[-2.9973,53.6269],[-3.0141,53.6113],[-3.0323,53.5985],[-3.0333,53.5851],[-3.0207,53.5837],[-3.0208,53.5828],[-3.0225,53.5696],[-3.0407,53.565],[-3.0388,53.5519],[-3.0467,53.5429],[-3.0386,53.5383],[-3.0252,53.539],[-2.9915,53.523],[-2.9826,53.5195],[-2.976,53.5153],[-2.9642,53.5186],[-2.9631,53.5248],[-2.9784,53.5429],[-2.9726,53.5479],[-2.9479,53.5443],[-2.9361,53.5384],[-2.923,53.5252],[-2.9166,53.5232],[-2.8917,53.5221],[-2.8811,53.52],[-2.8924,53.5111],[-2.8879,53.5038],[-2.8984,53.5008],[-2.8995,53.4928],[-2.9053,53.492],[-2.9143,53.4825],[-2.9195,53.4821],[-2.9168,53.4792],[-2.9226,53.475],[-2.9563,53.473],[-2.9597,53.4676],[-2.9602,53.468],[-2.9698,53.466],[-2.9726,53.4584],[-2.973,53.4499],[-2.9753,53.4432],[-2.9852,53.4416],[-3.0086,53.4378]]],[[[-2.9552,53.6965],[-2.9505,53.6917],[-2.9573,53.691],[-2.9623,53.6938],[-2.9552,53.6965]]]]}},{"type":"Feature","properties":{"areacd":"E08000015","areanm":"Wirral"},"geometry":{"type":"MultiPolygon","coordinates":[[[[-2.9288,53.3084],[-2.9316,53.3061],[-2.9395,53.3104],[-2.9466,53.3055],[-2.9681,53.3012],[-2.9802,53.3046],[-2.9927,53.3071],[-3.0128,53.299],[-3.0298,53.299],[-3.0483,53.3109],[-3.0596,53.309],[-3.0641,53.3122],[-3.0727,53.3158],[-3.0946,53.3042],[-3.0956,53.3049],[-3.1057,53.3118],[-3.1379,53.3337],[-3.1387,53.3343],[-3.1906,53.3682],[-3.1909,53.3685],[-3.1984,53.3757],[-3.2005,53.3875],[-3.1776,53.3997],[-3.1411,53.4118],[-3.1406,53.4119],[-3.1189,53.4164],[-3.1185,53.4166],[-3.0899,53.4269],[-3.0567,53.4401],[-3.0566,53.4401],[-3.0404,53.4429],[-3.0301,53.4271],[-3.0292,53.4259],[-3.0243,53.4193],[-3.0241,53.4191],[-3.0128,53.4015],[-3.0128,53.4014],[-3.0068,53.3859],[-3.0065,53.3854],[-2.9956,53.3684],[-2.9953,53.368],[-2.9731,53.353],[-2.9584,53.3326],[-2.9581,53.3325],[-2.9347,53.3133],[-2.9288,53.3084]]],[[[-3.095,53.304],[-3.1054,53.2985],[-3.109,53.2972],[-3.1093,53.297],[-3.1106,53.2963],[-3.1164,53.3032],[-3.107,53.3021],[-3.1159,53.3048],[-3.1201,53.3099],[-3.1203,53.3117],[-3.1224,53.3225],[-3.1064,53.3118],[-3.0959,53.3047],[-3.095,53.304]]],[[[-3.2263,53.3823],[-3.2236,53.3795],[-3.2283,53.3822],[-3.2263,53.3823]]],[[[-3.2215,53.3791],[-3.2173,53.3763],[-3.2202,53.3772],[-3.2215,53.3791]]],[[[-3.2051,53.3719],[-3.2042,53.3702],[-3.2071,53.3718],[-3.2051,53.3719]]]]}},{"type":"Feature","properties":{"areacd":"E08000017","areanm":"Doncaster"},"geometry":{"type":"Polygon","coordinates":[[[-1.0486,53.656],[-1.0294,53.6549],[-0.9905,53.6612],[-0.9903,53.659],[-0.9468,53.6591],[-0.8654,53.6377],[-0.887,53.6097],[-0.887,53.601],[-0.898,53.5833],[-0.8962,53.5829],[-0.9012,53.5687],[-0.891,53.5665],[-0.9003,53.5556],[-0.8998,53.5445],[-0.8923,53.5376],[-0.8981,53.5327],[-0.9437,53.5306],[-0.9485,53.5204],[-0.95,53.5136],[-0.9322,53.5107],[-0.9356,53.5025],[-0.9533,53.4844],[-0.9861,53.4717],[-0.9855,53.4613],[-0.9975,53.4436],[-0.9958,53.4369],[-1.0126,53.4328],[-1.0143,53.4263],[-1.0231,53.4245],[-1.0305,53.4252],[-1.031,53.431],[-1.057,53.4253],[-1.0733,53.428],[-1.0804,53.4268],[-1.0791,53.4228],[-1.087,53.4255],[-1.0988,53.4187],[-1.1082,53.4059],[-1.116,53.4073],[-1.118,53.4109],[-1.1334,53.4087],[-1.1459,53.4123],[-1.136,53.4245],[-1.1459,53.4263],[-1.1605,53.4243],[-1.1701,53.4352],[-1.1858,53.4338],[-1.1951,53.4371],[-1.1973,53.4315],[-1.2098,53.4322],[-1.2166,53.435],[-1.2382,53.4327],[-1.2402,53.4345],[-1.2376,53.4411],[-1.2508,53.4408],[-1.2531,53.446],[-1.2581,53.4554],[-1.2521,53.4546],[-1.2593,53.4641],[-1.25,53.4763],[-1.2539,53.4808],[-1.2697,53.4858],[-1.2809,53.4784],[-1.2986,53.4765],[-1.296,53.4805],[-1.3013,53.4835],[-1.2932,53.4857],[-1.2907,53.4911],[-1.306,53.496],[-1.3132,53.502],[-1.312,53.508],[-1.3123,53.5138],[-1.2813,53.5165],[-1.2765,53.5206],[-1.286,53.5269],[-1.2757,53.5298],[-1.2938,53.5358],[-1.287,53.5377],[-1.2976,53.5514],[-1.3268,53.5582],[-1.332,53.5628],[-1.3487,53.5833],[-1.3078,53.5753],[-1.2986,53.5774],[-1.2823,53.583],[-1.2767,53.59],[-1.258,53.592],[-1.2529,53.5971],[-1.2576,53.5998],[-1.2471,53.6007],[-1.2522,53.6071],[-1.245,53.6081],[-1.2481,53.6163],[-1.2313,53.6169],[-1.2279,53.6173],[-1.2328,53.6211],[-1.2174,53.6242],[-1.2195,53.6367],[-1.2155,53.642],[-1.2109,53.6409],[-1.2098,53.6431],[-1.1903,53.6359],[-1.1522,53.6428],[-1.1354,53.6327],[-1.1289,53.6349],[-1.1291,53.643],[-1.1217,53.6467],[-1.0849,53.6517],[-1.066,53.6489],[-1.0533,53.6515],[-1.0486,53.656]]]}},{"type":"Feature","properties":{"areacd":"E08000018","areanm":"Rotherham"},"geometry":{"type":"Polygon","coordinates":[[[-1.116,53.4073],[-1.1156,53.3972],[-1.1228,53.3983],[-1.1333,53.3914],[-1.1335,53.3915],[-1.1301,53.3775],[-1.1382,53.3722],[-1.1448,53.3712],[-1.1464,53.3657],[-1.1451,53.3634],[-1.1406,53.364],[-1.1385,53.3559],[-1.1517,53.3545],[-1.1619,53.3579],[-1.1619,53.3542],[-1.1569,53.3449],[-1.1404,53.3465],[-1.1388,53.3414],[-1.1486,53.3385],[-1.1593,53.3335],[-1.1751,53.3257],[-1.1719,53.3227],[-1.1903,53.3199],[-1.1998,53.3114],[-1.2032,53.3042],[-1.2199,53.3041],[-1.2308,53.3085],[-1.2434,53.3016],[-1.2542,53.3017],[-1.2736,53.3104],[-1.2821,53.3094],[-1.2957,53.315],[-1.2952,53.3218],[-1.2886,53.3262],[-1.2991,53.3325],[-1.3123,53.3341],[-1.3104,53.3293],[-1.3217,53.3257],[-1.3246,53.3288],[-1.3257,53.3369],[-1.332,53.3524],[-1.3378,53.3535],[-1.352,53.3665],[-1.3612,53.3666],[-1.3767,53.3789],[-1.3911,53.3833],[-1.3758,53.3937],[-1.3907,53.4131],[-1.3894,53.4186],[-1.3935,53.42],[-1.3823,53.421],[-1.3817,53.4254],[-1.3982,53.4246],[-1.4085,53.4203],[-1.4256,53.4339],[-1.4333,53.4383],[-1.4429,53.4473],[-1.4477,53.4619],[-1.4552,53.4717],[-1.4504,53.4774],[-1.4521,53.4849],[-1.4408,53.4911],[-1.4279,53.4858],[-1.4152,53.4925],[-1.4085,53.5033],[-1.3896,53.5094],[-1.379,53.5145],[-1.3693,53.5144],[-1.3688,53.5152],[-1.3601,53.5129],[-1.3436,53.5143],[-1.3123,53.5138],[-1.312,53.508],[-1.3132,53.502],[-1.306,53.496],[-1.2907,53.4911],[-1.2932,53.4857],[-1.3013,53.4835],[-1.296,53.4805],[-1.2986,53.4765],[-1.2809,53.4784],[-1.2697,53.4858],[-1.2539,53.4808],[-1.25,53.4763],[-1.2593,53.4641],[-1.2521,53.4546],[-1.2581,53.4554],[-1.2531,53.446],[-1.2508,53.4408],[-1.2376,53.4411],[-1.2402,53.4345],[-1.2382,53.4327],[-1.2166,53.435],[-1.2098,53.4322],[-1.1973,53.4315],[-1.1951,53.4371],[-1.1858,53.4338],[-1.1701,53.4352],[-1.1605,53.4243],[-1.1459,53.4263],[-1.136,53.4245],[-1.1459,53.4123],[-1.1334,53.4087],[-1.118,53.4109],[-1.116,53.4073]]]}},{"type":"Feature","properties":{"areacd":"E08000021","areanm":"Newcastle upon Tyne"},"geometry":{"type":"Polygon","coordinates":[[[-1.5305,54.9841],[-1.5308,54.984],[-1.535,54.9775],[-1.5352,54.9772],[-1.5407,54.963],[-1.5502,54.9608],[-1.5552,54.9604],[-1.5654,54.9646],[-1.5657,54.9646],[-1.5807,54.9661],[-1.588,54.9707],[-1.5888,54.9708],[-1.596,54.971],[-1.6064,54.9684],[-1.6062,54.968],[-1.606,54.968],[-1.6162,54.9631],[-1.6188,54.962],[-1.6331,54.959],[-1.6569,54.9625],[-1.6789,54.9646],[-1.6979,54.9703],[-1.7186,54.9673],[-1.726,54.9701],[-1.7276,54.9752],[-1.7379,54.9787],[-1.7516,54.9825],[-1.7697,54.981],[-1.7757,54.9896],[-1.7738,55.0041],[-1.7576,55.003],[-1.7568,55.0078],[-1.7502,55.024],[-1.74,55.0246],[-1.7393,55.0296],[-1.7268,55.0331],[-1.7144,55.034],[-1.7168,55.0386],[-1.7086,55.0423],[-1.695,55.0429],[-1.6979,55.0524],[-1.7105,55.0527],[-1.7137,55.0655],[-1.7041,55.0658],[-1.7045,55.0709],[-1.6913,55.0697],[-1.6911,55.0728],[-1.6477,55.0794],[-1.6379,55.0648],[-1.6322,55.0482],[-1.639,55.0451],[-1.6385,55.0415],[-1.6246,55.04],[-1.5975,55.0396],[-1.5925,55.0389],[-1.5873,55.026],[-1.5967,55.0207],[-1.6004,55.0098],[-1.5792,55.0098],[-1.572,55.0039],[-1.5585,55.0055],[-1.5607,54.9958],[-1.5625,54.9922],[-1.5563,54.9934],[-1.5523,54.9897],[-1.5479,54.9926],[-1.5457,54.989],[-1.5404,54.9899],[-1.5399,54.9833],[-1.5337,54.9857],[-1.5305,54.9841]]]}},{"type":"Feature","properties":{"areacd":"E08000022","areanm":"North Tyneside"},"geometry":{"type":"Polygon","coordinates":[[[-1.462,55.0746],[-1.4619,55.0743],[-1.4558,55.0719],[-1.4561,55.0708],[-1.454,55.0712],[-1.4514,55.0701],[-1.455,55.0641],[-1.4504,55.0536],[-1.4503,55.0535],[-1.4459,55.0484],[-1.4458,55.0483],[-1.4356,55.043],[-1.4316,55.0402],[-1.4307,55.0371],[-1.4307,55.0365],[-1.4304,55.0344],[-1.4307,55.0342],[-1.4303,55.0341],[-1.4298,55.0305],[-1.4297,55.0303],[-1.4197,55.0188],[-1.4158,55.0178],[-1.4143,55.0166],[-1.4027,55.0145],[-1.4172,55.0167],[-1.4169,55.0153],[-1.4169,55.0144],[-1.4298,55.0132],[-1.441,55.007],[-1.4411,55.0068],[-1.451,54.9963],[-1.4487,54.9931],[-1.4565,54.9886],[-1.4718,54.9892],[-1.4703,54.991],[-1.482,54.9882],[-1.5018,54.9885],[-1.5047,54.9923],[-1.5029,54.9887],[-1.5237,54.9872],[-1.5305,54.9841],[-1.5337,54.9857],[-1.5399,54.9833],[-1.5404,54.9899],[-1.5457,54.989],[-1.5479,54.9926],[-1.5523,54.9897],[-1.5563,54.9934],[-1.5625,54.9922],[-1.5607,54.9958],[-1.5585,55.0055],[-1.572,55.0039],[-1.5792,55.0098],[-1.6004,55.0098],[-1.5967,55.0207],[-1.5873,55.026],[-1.5925,55.0389],[-1.5975,55.0396],[-1.6246,55.04],[-1.6385,55.0415],[-1.639,55.0451],[-1.6322,55.0482],[-1.6379,55.0648],[-1.633,55.0659],[-1.5921,55.0642],[-1.5843,55.0624],[-1.5791,55.063],[-1.5752,55.0556],[-1.5598,55.0545],[-1.5476,55.0566],[-1.5399,55.0616],[-1.5323,55.0541],[-1.5102,55.055],[-1.5073,55.0483],[-1.4926,55.0544],[-1.4878,55.0536],[-1.4913,55.0659],[-1.4795,55.0672],[-1.4707,55.0745],[-1.462,55.0746]]]}},{"type":"Feature","properties":{"areacd":"E08000023","areanm":"South Tyneside"},"geometry":{"type":"Polygon","coordinates":[[[-1.5344,54.9649],[-1.5341,54.9651],[-1.5302,54.9809],[-1.5214,54.9847],[-1.5157,54.9857],[-1.5063,54.9861],[-1.506,54.986],[-1.4814,54.9858],[-1.4808,54.9859],[-1.4723,54.9862],[-1.4704,54.9802],[-1.4714,54.9796],[-1.4703,54.9799],[-1.4645,54.9791],[-1.4695,54.9801],[-1.4718,54.9861],[-1.4648,54.9838],[-1.4516,54.9851],[-1.4491,54.9854],[-1.4437,54.993],[-1.4436,54.9932],[-1.4398,55.0039],[-1.4291,55.0073],[-1.4237,55.0081],[-1.4185,55.0033],[-1.4122,55.0062],[-1.412,55.0057],[-1.4143,55.0046],[-1.4111,54.9993],[-1.4109,54.9989],[-1.3935,54.9882],[-1.3813,54.9858],[-1.3807,54.9837],[-1.3809,54.9804],[-1.3809,54.9803],[-1.3767,54.9784],[-1.3607,54.9713],[-1.3567,54.9652],[-1.3543,54.9601],[-1.3543,54.9561],[-1.3641,54.9441],[-1.3641,54.944],[-1.3743,54.9435],[-1.3756,54.9369],[-1.3935,54.9396],[-1.4048,54.9378],[-1.4124,54.9358],[-1.4194,54.9299],[-1.4501,54.9339],[-1.4574,54.9327],[-1.4663,54.9301],[-1.4836,54.9284],[-1.5113,54.9317],[-1.5181,54.947],[-1.5163,54.955],[-1.5189,54.9593],[-1.5307,54.958],[-1.5294,54.9633],[-1.5344,54.9649]]]}},{"type":"Feature","properties":{"areacd":"E08000024","areanm":"Sunderland"},"geometry":{"type":"Polygon","coordinates":[[[-1.3641,54.944],[-1.3645,54.9396],[-1.3651,54.9394],[-1.3646,54.9376],[-1.3652,54.933],[-1.3654,54.9311],[-1.3633,54.9229],[-1.3613,54.9226],[-1.3612,54.9225],[-1.3633,54.9227],[-1.3607,54.9197],[-1.3604,54.9186],[-1.3659,54.9173],[-1.3675,54.9198],[-1.371,54.9117],[-1.3775,54.9108],[-1.383,54.9102],[-1.3906,54.912],[-1.3958,54.9179],[-1.4051,54.9142],[-1.4139,54.9174],[-1.4278,54.9167],[-1.4285,54.9167],[-1.449,54.9104],[-1.4584,54.9046],[-1.4581,54.9043],[-1.4577,54.904],[-1.454,54.9061],[-1.4439,54.9105],[-1.4403,54.9114],[-1.4398,54.9115],[-1.4214,54.9165],[-1.4061,54.9133],[-1.4059,54.9133],[-1.3954,54.9166],[-1.392,54.9115],[-1.3829,54.9095],[-1.3827,54.9095],[-1.3775,54.9095],[-1.3722,54.9096],[-1.3612,54.9173],[-1.3572,54.9145],[-1.3528,54.9192],[-1.3568,54.9142],[-1.3585,54.913],[-1.3557,54.9104],[-1.3504,54.9058],[-1.3548,54.9076],[-1.3515,54.9053],[-1.3616,54.8983],[-1.358,54.8857],[-1.3474,54.8606],[-1.3688,54.8576],[-1.3816,54.8472],[-1.4136,54.8449],[-1.412,54.8419],[-1.4216,54.8381],[-1.4132,54.8245],[-1.413,54.8233],[-1.4229,54.8082],[-1.4224,54.8032],[-1.4375,54.8005],[-1.444,54.8025],[-1.4546,54.8],[-1.4934,54.8],[-1.4818,54.8096],[-1.4943,54.816],[-1.4902,54.8202],[-1.4937,54.8235],[-1.4975,54.8226],[-1.5043,54.8312],[-1.5033,54.8366],[-1.5036,54.8375],[-1.5102,54.8601],[-1.5068,54.8711],[-1.5197,54.876],[-1.5328,54.877],[-1.5415,54.8735],[-1.5618,54.8757],[-1.5594,54.882],[-1.5582,54.9027],[-1.5628,54.9051],[-1.5586,54.9065],[-1.5689,54.9246],[-1.5568,54.93],[-1.5533,54.9277],[-1.543,54.9314],[-1.5273,54.9331],[-1.5113,54.9317],[-1.4836,54.9284],[-1.4663,54.9301],[-1.4574,54.9327],[-1.4501,54.9339],[-1.4194,54.9299],[-1.4124,54.9358],[-1.4048,54.9378],[-1.3935,54.9396],[-1.3756,54.9369],[-1.3743,54.9435],[-1.3641,54.944]]]}},{"type":"Feature","properties":{"areacd":"E08000025","areanm":"Birmingham"},"geometry":{"type":"Polygon","coordinates":[[[-1.8726,52.5849],[-1.8541,52.6019],[-1.8325,52.6078],[-1.8278,52.6087],[-1.7965,52.5991],[-1.7881,52.5879],[-1.7881,52.5878],[-1.778,52.5751],[-1.7697,52.575],[-1.7636,52.571],[-1.7742,52.5646],[-1.7668,52.5616],[-1.7652,52.5567],[-1.756,52.5554],[-1.7536,52.5453],[-1.7464,52.5417],[-1.7509,52.5363],[-1.7492,52.5314],[-1.7395,52.5319],[-1.7397,52.5291],[-1.7289,52.5245],[-1.7458,52.5201],[-1.7538,52.5212],[-1.7571,52.5178],[-1.7535,52.513],[-1.7684,52.5142],[-1.7873,52.5095],[-1.7918,52.5092],[-1.7994,52.5048],[-1.7945,52.5028],[-1.7558,52.4995],[-1.759,52.4952],[-1.7636,52.4871],[-1.7558,52.4719],[-1.7593,52.4689],[-1.7634,52.4638],[-1.755,52.4563],[-1.7613,52.4509],[-1.7825,52.4511],[-1.7987,52.4575],[-1.806,52.4541],[-1.8083,52.4465],[-1.8093,52.4454],[-1.8173,52.4324],[-1.8254,52.4293],[-1.8307,52.4228],[-1.8329,52.4195],[-1.8436,52.4105],[-1.8494,52.4108],[-1.8578,52.4084],[-1.8667,52.411],[-1.8688,52.4047],[-1.8827,52.3998],[-1.8867,52.4047],[-1.8871,52.4047],[-1.9046,52.4031],[-1.9137,52.4074],[-1.9185,52.3982],[-1.9343,52.3872],[-1.9529,52.3934],[-1.9595,52.3889],[-1.9604,52.3891],[-1.9649,52.3922],[-1.9663,52.3895],[-1.9855,52.386],[-1.9973,52.3811],[-2.0114,52.3862],[-2.0207,52.3993],[-2.0323,52.4015],[-2.0275,52.4081],[-2.0176,52.4056],[-2.0092,52.4104],[-1.9978,52.4097],[-1.986,52.4167],[-1.9971,52.4174],[-2.0047,52.4284],[-2.0097,52.4265],[-2.017,52.4327],[-2.013,52.4504],[-2.0131,52.4621],[-2.0131,52.4622],[-1.9817,52.4663],[-1.9684,52.4722],[-1.9647,52.4815],[-1.9588,52.4828],[-1.9508,52.4832],[-1.9432,52.4911],[-1.9443,52.4957],[-1.9381,52.4984],[-1.9574,52.5032],[-1.963,52.5049],[-1.962,52.5099],[-1.9595,52.5097],[-1.9626,52.5136],[-1.9579,52.52],[-1.9603,52.5313],[-1.9513,52.5298],[-1.9458,52.5339],[-1.9294,52.5313],[-1.9332,52.5458],[-1.9185,52.547],[-1.9182,52.5473],[-1.8998,52.555],[-1.8933,52.5613],[-1.8916,52.5624],[-1.8798,52.5688],[-1.8726,52.5849]]]}},{"type":"Feature","properties":{"areacd":"E08000026","areanm":"Coventry"},"geometry":{"type":"Polygon","coordinates":[[[-1.5954,52.4559],[-1.5949,52.4607],[-1.5899,52.4619],[-1.5612,52.4552],[-1.5514,52.457],[-1.5398,52.4648],[-1.5297,52.4571],[-1.5176,52.4568],[-1.5197,52.4533],[-1.5,52.451],[-1.4917,52.455],[-1.4929,52.4584],[-1.483,52.4581],[-1.4708,52.4569],[-1.4639,52.4583],[-1.4591,52.4551],[-1.4521,52.4496],[-1.4437,52.4474],[-1.4465,52.4431],[-1.4242,52.434],[-1.4324,52.4157],[-1.4381,52.4101],[-1.4323,52.3959],[-1.445,52.3864],[-1.4632,52.3797],[-1.4629,52.3764],[-1.4604,52.3748],[-1.464,52.3733],[-1.4666,52.3772],[-1.4804,52.3743],[-1.4823,52.3771],[-1.5044,52.3778],[-1.5139,52.369],[-1.5247,52.3794],[-1.5355,52.3776],[-1.5457,52.3693],[-1.5418,52.3666],[-1.5556,52.365],[-1.555,52.3744],[-1.5625,52.3769],[-1.5678,52.3848],[-1.5767,52.3828],[-1.5757,52.3846],[-1.6011,52.3893],[-1.6034,52.4077],[-1.6022,52.416],[-1.6111,52.4223],[-1.6064,52.4254],[-1.6146,52.428],[-1.6114,52.4321],[-1.6066,52.431],[-1.6083,52.4388],[-1.5951,52.4399],[-1.5954,52.4559]]]}},{"type":"Feature","properties":{"areacd":"E08000027","areanm":"Dudley"},"geometry":{"type":"Polygon","coordinates":[[[-2.017,52.4327],[-2.0247,52.4349],[-2.0297,52.4273],[-2.037,52.4275],[-2.0379,52.4415],[-2.0594,52.44],[-2.0607,52.4275],[-2.0657,52.4281],[-2.0624,52.4324],[-2.0676,52.4325],[-2.068,52.4352],[-2.0799,52.4323],[-2.0862,52.4329],[-2.0933,52.4453],[-2.1053,52.4442],[-2.1088,52.4412],[-2.1175,52.4339],[-2.1298,52.4322],[-2.136,52.4263],[-2.1435,52.426],[-2.1648,52.4302],[-2.1748,52.4586],[-2.1674,52.4712],[-2.1785,52.4827],[-2.1853,52.4948],[-2.1887,52.4945],[-2.1848,52.5003],[-2.1918,52.5034],[-2.1866,52.5048],[-2.188,52.5083],[-2.1782,52.5116],[-2.1487,52.5147],[-2.1445,52.5214],[-2.1519,52.5262],[-2.1356,52.5345],[-2.1392,52.548],[-2.1335,52.5541],[-2.1285,52.5538],[-2.1276,52.5582],[-2.1215,52.5568],[-2.1077,52.5441],[-2.0921,52.548],[-2.0891,52.5515],[-2.0822,52.5525],[-2.078,52.5569],[-2.0738,52.5499],[-2.073,52.5418],[-2.0759,52.5341],[-2.0793,52.5354],[-2.0778,52.532],[-2.0796,52.5241],[-2.0714,52.5218],[-2.0633,52.5137],[-2.0573,52.5123],[-2.0624,52.5077],[-2.0628,52.4999],[-2.0704,52.4918],[-2.0643,52.4872],[-2.0705,52.4816],[-2.0754,52.4772],[-2.0943,52.4736],[-2.0972,52.4684],[-2.0766,52.464],[-2.0723,52.4607],[-2.0591,52.462],[-2.0481,52.4675],[-2.0475,52.4675],[-2.0418,52.4735],[-2.0228,52.4803],[-2.0185,52.4744],[-2.0131,52.4622],[-2.0131,52.4621],[-2.013,52.4504],[-2.017,52.4327]]]}},{"type":"Feature","properties":{"areacd":"E08000028","areanm":"Sandwell"},"geometry":{"type":"Polygon","coordinates":[[[-1.9182,52.5473],[-1.9185,52.547],[-1.9332,52.5458],[-1.9294,52.5313],[-1.9458,52.5339],[-1.9513,52.5298],[-1.9603,52.5313],[-1.9579,52.52],[-1.9626,52.5136],[-1.9595,52.5097],[-1.962,52.5099],[-1.963,52.5049],[-1.9574,52.5032],[-1.9381,52.4984],[-1.9443,52.4957],[-1.9432,52.4911],[-1.9508,52.4832],[-1.9588,52.4828],[-1.9647,52.4815],[-1.9684,52.4722],[-1.9817,52.4663],[-2.0131,52.4622],[-2.0185,52.4744],[-2.0228,52.4803],[-2.0418,52.4735],[-2.0475,52.4675],[-2.0481,52.4675],[-2.0591,52.462],[-2.0723,52.4607],[-2.0766,52.464],[-2.0972,52.4684],[-2.0943,52.4736],[-2.0754,52.4772],[-2.0705,52.4816],[-2.0643,52.4872],[-2.0704,52.4918],[-2.0628,52.4999],[-2.0624,52.5077],[-2.0573,52.5123],[-2.0633,52.5137],[-2.0714,52.5218],[-2.0796,52.5241],[-2.0778,52.532],[-2.0793,52.5354],[-2.0759,52.5341],[-2.073,52.5418],[-2.0738,52.5499],[-2.0615,52.5469],[-2.051,52.5527],[-2.0485,52.5517],[-2.0255,52.5623],[-2.027,52.5646],[-2.011,52.569],[-1.9998,52.5652],[-1.9752,52.5559],[-1.9669,52.5626],[-1.9542,52.5622],[-1.9511,52.5568],[-1.9423,52.5607],[-1.9326,52.5593],[-1.9332,52.5538],[-1.9182,52.5473]]]}},{"type":"Feature","properties":{"areacd":"E08000029","areanm":"Solihull"},"geometry":{"type":"Polygon","coordinates":[[[-1.7535,52.513],[-1.7432,52.5069],[-1.7332,52.4921],[-1.7331,52.4919],[-1.7153,52.4784],[-1.7084,52.4656],[-1.6772,52.4363],[-1.6666,52.4355],[-1.6624,52.4443],[-1.6548,52.4407],[-1.6414,52.4433],[-1.6247,52.457],[-1.6246,52.4635],[-1.6143,52.463],[-1.6106,52.4586],[-1.5986,52.4543],[-1.5954,52.4559],[-1.5951,52.4399],[-1.6083,52.4388],[-1.6066,52.431],[-1.6114,52.4321],[-1.6146,52.428],[-1.6064,52.4254],[-1.6111,52.4223],[-1.6022,52.416],[-1.6034,52.4077],[-1.6011,52.3893],[-1.6104,52.3825],[-1.608,52.3763],[-1.6154,52.3744],[-1.6182,52.3762],[-1.6191,52.3705],[-1.6237,52.3718],[-1.6266,52.3692],[-1.6209,52.3679],[-1.6234,52.3655],[-1.6364,52.3652],[-1.6464,52.3595],[-1.6514,52.3564],[-1.6609,52.3657],[-1.6841,52.3632],[-1.6848,52.356],[-1.694,52.351],[-1.6982,52.3557],[-1.7103,52.355],[-1.7183,52.3587],[-1.7186,52.3557],[-1.7203,52.3726],[-1.7339,52.3707],[-1.7383,52.365],[-1.7413,52.3572],[-1.7489,52.3548],[-1.7596,52.3584],[-1.7628,52.3643],[-1.7791,52.3645],[-1.7781,52.3566],[-1.7719,52.3559],[-1.7758,52.3479],[-1.7845,52.3501],[-1.7858,52.3538],[-1.8042,52.3628],[-1.8078,52.3666],[-1.8349,52.3674],[-1.8429,52.3651],[-1.872,52.3676],[-1.8668,52.3727],[-1.8613,52.3839],[-1.8457,52.3994],[-1.8688,52.4047],[-1.8667,52.411],[-1.8578,52.4084],[-1.8494,52.4108],[-1.8436,52.4105],[-1.8329,52.4195],[-1.8307,52.4228],[-1.8254,52.4293],[-1.8173,52.4324],[-1.8093,52.4454],[-1.8083,52.4465],[-1.806,52.4541],[-1.7987,52.4575],[-1.7825,52.4511],[-1.7613,52.4509],[-1.755,52.4563],[-1.7634,52.4638],[-1.7593,52.4689],[-1.7558,52.4719],[-1.7636,52.4871],[-1.759,52.4952],[-1.7558,52.4995],[-1.7945,52.5028],[-1.7994,52.5048],[-1.7918,52.5092],[-1.7873,52.5095],[-1.7684,52.5142],[-1.7535,52.513]]]}},{"type":"Feature","properties":{"areacd":"E08000030","areanm":"Walsall"},"geometry":{"type":"Polygon","coordinates":[[[-1.9866,52.6404],[-1.964,52.6418],[-1.9603,52.6443],[-1.9605,52.6537],[-1.955,52.6541],[-1.96,52.662],[-1.9546,52.6626],[-1.9453,52.6563],[-1.9335,52.6615],[-1.9237,52.6555],[-1.9127,52.6582],[-1.9087,52.654],[-1.9179,52.6499],[-1.9051,52.6432],[-1.9161,52.6353],[-1.8943,52.6226],[-1.8851,52.6127],[-1.8904,52.5983],[-1.8726,52.5849],[-1.8798,52.5688],[-1.8916,52.5624],[-1.8933,52.5613],[-1.8998,52.555],[-1.9182,52.5473],[-1.9332,52.5538],[-1.9326,52.5593],[-1.9423,52.5607],[-1.9511,52.5568],[-1.9542,52.5622],[-1.9669,52.5626],[-1.9752,52.5559],[-1.9998,52.5652],[-2.011,52.569],[-2.027,52.5646],[-2.0255,52.5623],[-2.0485,52.5517],[-2.051,52.5527],[-2.062,52.5582],[-2.0554,52.561],[-2.0581,52.5642],[-2.051,52.5724],[-2.057,52.5737],[-2.0563,52.5769],[-2.0659,52.5815],[-2.0778,52.5861],[-2.0628,52.5977],[-2.057,52.5983],[-2.0524,52.6049],[-2.0481,52.616],[-2.0528,52.6173],[-2.0507,52.6205],[-2.0301,52.6169],[-2.0354,52.6218],[-2.0099,52.6346],[-1.9958,52.6383],[-1.991,52.6367],[-1.9866,52.6404]]]}},{"type":"Feature","properties":{"areacd":"E08000031","areanm":"Wolverhampton"},"geometry":{"type":"Polygon","coordinates":[[[-2.1335,52.5541],[-2.1411,52.5585],[-2.1531,52.5537],[-2.1731,52.5546],[-2.1829,52.5769],[-2.1883,52.5742],[-2.1895,52.5773],[-2.2018,52.5788],[-2.204,52.5838],[-2.1999,52.5838],[-2.2068,52.5866],[-2.1982,52.5892],[-2.1893,52.5886],[-2.1886,52.5921],[-2.1899,52.5993],[-2.1953,52.6071],[-2.1871,52.609],[-2.1803,52.6049],[-2.1725,52.6103],[-2.1692,52.6093],[-2.1711,52.6143],[-2.165,52.6165],[-2.1685,52.6199],[-2.1616,52.6191],[-2.1628,52.6212],[-2.1516,52.6246],[-2.153,52.6297],[-2.1372,52.6296],[-2.134,52.6335],[-2.1317,52.6376],[-2.1183,52.6377],[-2.0993,52.6327],[-2.0988,52.629],[-2.0949,52.6207],[-2.0883,52.6198],[-2.0809,52.6119],[-2.0673,52.6121],[-2.0686,52.6181],[-2.064,52.6207],[-2.0507,52.6205],[-2.0528,52.6173],[-2.0481,52.616],[-2.0524,52.6049],[-2.057,52.5983],[-2.0628,52.5977],[-2.0778,52.5861],[-2.0659,52.5815],[-2.0563,52.5769],[-2.057,52.5737],[-2.051,52.5724],[-2.0581,52.5642],[-2.0554,52.561],[-2.062,52.5582],[-2.051,52.5527],[-2.0615,52.5469],[-2.0738,52.5499],[-2.078,52.5569],[-2.0822,52.5525],[-2.0891,52.5515],[-2.0921,52.548],[-2.1077,52.5441],[-2.1215,52.5568],[-2.1276,52.5582],[-2.1285,52.5538],[-2.1335,52.5541]]]}},{"type":"Feature","properties":{"areacd":"E08000032","areanm":"Bradford"},"geometry":{"type":"Polygon","coordinates":[[[-2.0612,53.8256],[-2.0469,53.8295],[-2.0462,53.8501],[-2.0317,53.8586],[-2.0215,53.8715],[-2.0136,53.8697],[-1.9995,53.8721],[-1.9876,53.8677],[-1.9771,53.8755],[-1.9771,53.8756],[-1.9807,53.897],[-1.9792,53.9012],[-1.9697,53.9034],[-1.9526,53.9035],[-1.9532,53.9117],[-1.9769,53.9264],[-1.9718,53.93],[-1.9659,53.9279],[-1.9679,53.9318],[-1.9632,53.9334],[-1.9705,53.9433],[-1.9623,53.9432],[-1.965,53.9482],[-1.9662,53.9515],[-1.9494,53.953],[-1.9507,53.9567],[-1.9279,53.9504],[-1.9227,53.9556],[-1.9064,53.9584],[-1.893,53.9554],[-1.8822,53.9631],[-1.8787,53.9624],[-1.8788,53.9543],[-1.874,53.9451],[-1.8622,53.9406],[-1.8596,53.9325],[-1.8362,53.9314],[-1.8487,53.936],[-1.8477,53.9408],[-1.8301,53.9404],[-1.8301,53.938],[-1.8051,53.939],[-1.8029,53.9359],[-1.7975,53.9365],[-1.798,53.9297],[-1.7823,53.9294],[-1.7776,53.9229],[-1.7723,53.9209],[-1.7654,53.9247],[-1.7555,53.921],[-1.7455,53.923],[-1.7422,53.9146],[-1.7271,53.9102],[-1.7321,53.8959],[-1.7173,53.8923],[-1.7267,53.8882],[-1.7254,53.8857],[-1.7564,53.8847],[-1.7673,53.8902],[-1.7794,53.8912],[-1.7767,53.8938],[-1.7876,53.8969],[-1.7949,53.8946],[-1.8004,53.886],[-1.7948,53.8805],[-1.7787,53.8786],[-1.7783,53.8718],[-1.761,53.8638],[-1.7536,53.8675],[-1.7444,53.8656],[-1.7464,53.8634],[-1.7153,53.8662],[-1.7103,53.8635],[-1.7021,53.8578],[-1.6951,53.8575],[-1.694,53.8513],[-1.7037,53.8423],[-1.7031,53.8363],[-1.7063,53.8292],[-1.708,53.8098],[-1.7066,53.8041],[-1.7013,53.8022],[-1.7099,53.7929],[-1.7111,53.7916],[-1.7071,53.788],[-1.7121,53.7831],[-1.6824,53.7864],[-1.6743,53.78],[-1.6406,53.78],[-1.6406,53.7737],[-1.6517,53.7673],[-1.663,53.7667],[-1.6816,53.7565],[-1.705,53.7648],[-1.7222,53.7588],[-1.7295,53.7513],[-1.7363,53.7472],[-1.7473,53.7467],[-1.746,53.7345],[-1.7609,53.7346],[-1.7702,53.7262],[-1.7736,53.7243],[-1.7794,53.7296],[-1.7793,53.7371],[-1.7865,53.7422],[-1.7925,53.7449],[-1.7947,53.753],[-1.8012,53.7549],[-1.8089,53.7639],[-1.8278,53.7637],[-1.8401,53.7556],[-1.8526,53.7526],[-1.8555,53.7483],[-1.8556,53.7508],[-1.8656,53.7524],[-1.8727,53.7549],[-1.8694,53.7597],[-1.8733,53.7786],[-1.8956,53.7809],[-1.9146,53.7816],[-1.9269,53.7875],[-1.9507,53.786],[-1.9597,53.7843],[-1.9808,53.7863],[-1.9868,53.7961],[-2.0097,53.8071],[-2.0315,53.8091],[-2.0369,53.8145],[-2.0612,53.8256]]]}},{"type":"Feature","properties":{"areacd":"E08000033","areanm":"Calderdale"},"geometry":{"type":"Polygon","coordinates":[[[-2.0268,53.6242],[-2.031,53.6292],[-2.0299,53.6362],[-2.0415,53.6425],[-2.0357,53.6593],[-2.0528,53.6703],[-2.0549,53.6756],[-2.0507,53.6795],[-2.0512,53.6837],[-2.0567,53.683],[-2.0734,53.6775],[-2.0833,53.6781],[-2.087,53.6708],[-2.1141,53.6711],[-2.1254,53.6748],[-2.1341,53.6857],[-2.1422,53.678],[-2.1463,53.6822],[-2.1453,53.6923],[-2.1627,53.6992],[-2.1658,53.7108],[-2.1732,53.723],[-2.1561,53.7353],[-2.149,53.7339],[-2.1454,53.736],[-2.1416,53.7457],[-2.1334,53.7497],[-2.1295,53.7546],[-2.1302,53.7703],[-2.1364,53.7801],[-2.1248,53.788],[-2.1295,53.7923],[-2.1285,53.799],[-2.1122,53.8057],[-2.0612,53.8256],[-2.0369,53.8145],[-2.0315,53.8091],[-2.0097,53.8071],[-1.9868,53.7961],[-1.9808,53.7863],[-1.9597,53.7843],[-1.9507,53.786],[-1.9269,53.7875],[-1.9146,53.7816],[-1.8956,53.7809],[-1.8733,53.7786],[-1.8694,53.7597],[-1.8727,53.7549],[-1.8656,53.7524],[-1.8556,53.7508],[-1.8555,53.7483],[-1.8526,53.7526],[-1.8401,53.7556],[-1.8278,53.7637],[-1.8089,53.7639],[-1.8012,53.7549],[-1.7947,53.753],[-1.7925,53.7449],[-1.7865,53.7422],[-1.7793,53.7371],[-1.7794,53.7296],[-1.7736,53.7243],[-1.7702,53.7262],[-1.7536,53.7258],[-1.7554,53.7207],[-1.7445,53.7158],[-1.7368,53.7141],[-1.7395,53.6994],[-1.7332,53.6948],[-1.7322,53.6846],[-1.7271,53.6828],[-1.7313,53.6803],[-1.7463,53.6945],[-1.7597,53.6927],[-1.78,53.6836],[-1.7952,53.6813],[-1.8122,53.6776],[-1.8188,53.6729],[-1.8355,53.669],[-1.8536,53.6725],[-1.8436,53.6661],[-1.8635,53.6611],[-1.8751,53.6581],[-1.8978,53.6446],[-1.9342,53.6483],[-1.9413,53.6408],[-1.9632,53.6327],[-1.9727,53.6258],[-1.9795,53.623],[-2.0044,53.6224],[-2.0095,53.6168],[-2.023,53.6158],[-2.0268,53.6242]]]}},{"type":"Feature","properties":{"areacd":"E08000034","areanm":"Kirklees"},"geometry":{"type":"Polygon","coordinates":[[[-1.9095,53.5384],[-1.9129,53.5516],[-1.9258,53.5532],[-1.9275,53.5546],[-1.9427,53.5616],[-1.9481,53.5728],[-1.9816,53.5893],[-2.0095,53.6168],[-2.0044,53.6224],[-1.9795,53.623],[-1.9727,53.6258],[-1.9632,53.6327],[-1.9413,53.6408],[-1.9342,53.6483],[-1.8978,53.6446],[-1.8751,53.6581],[-1.8635,53.6611],[-1.8436,53.6661],[-1.8536,53.6725],[-1.8355,53.669],[-1.8188,53.6729],[-1.8122,53.6776],[-1.7952,53.6813],[-1.78,53.6836],[-1.7597,53.6927],[-1.7463,53.6945],[-1.7313,53.6803],[-1.7271,53.6828],[-1.7322,53.6846],[-1.7332,53.6948],[-1.7395,53.6994],[-1.7368,53.7141],[-1.7445,53.7158],[-1.7554,53.7207],[-1.7536,53.7258],[-1.7702,53.7262],[-1.7609,53.7346],[-1.746,53.7345],[-1.7473,53.7467],[-1.7363,53.7472],[-1.7295,53.7513],[-1.7222,53.7588],[-1.705,53.7648],[-1.6816,53.7565],[-1.6585,53.7454],[-1.6386,53.7461],[-1.6322,53.7308],[-1.6234,53.7185],[-1.6054,53.7212],[-1.5821,53.7139],[-1.5711,53.7064],[-1.5841,53.7031],[-1.5983,53.6998],[-1.6025,53.6922],[-1.5922,53.6915],[-1.592,53.6893],[-1.605,53.6794],[-1.6151,53.6776],[-1.6141,53.6738],[-1.5909,53.6605],[-1.6241,53.6541],[-1.6192,53.6463],[-1.6233,53.6381],[-1.6172,53.6377],[-1.6121,53.6327],[-1.6157,53.6302],[-1.6104,53.628],[-1.6146,53.6259],[-1.6075,53.6196],[-1.592,53.6147],[-1.5865,53.6072],[-1.5911,53.6068],[-1.5851,53.6005],[-1.588,53.5935],[-1.6017,53.5877],[-1.6004,53.5773],[-1.5962,53.577],[-1.6096,53.572],[-1.6156,53.563],[-1.6193,53.5631],[-1.6566,53.5605],[-1.664,53.5575],[-1.6619,53.5537],[-1.6695,53.5532],[-1.699,53.5538],[-1.7041,53.5602],[-1.7232,53.5599],[-1.73,53.5468],[-1.7558,53.5367],[-1.7974,53.5339],[-1.8044,53.537],[-1.8222,53.5211],[-1.8273,53.5235],[-1.8417,53.5199],[-1.8735,53.5404],[-1.894,53.5336],[-1.8993,53.5381],[-1.9095,53.5384]]]}},{"type":"Feature","properties":{"areacd":"E08000035","areanm":"Leeds"},"geometry":{"type":"Polygon","coordinates":[[[-1.7271,53.9102],[-1.7224,53.9119],[-1.718,53.9085],[-1.7164,53.9176],[-1.7061,53.9171],[-1.7071,53.9191],[-1.687,53.9164],[-1.6892,53.9126],[-1.6845,53.9106],[-1.6551,53.9125],[-1.6519,53.9057],[-1.6422,53.9073],[-1.6205,53.9034],[-1.6001,53.9098],[-1.5992,53.904],[-1.5869,53.9012],[-1.5828,53.9093],[-1.5678,53.9108],[-1.5628,53.9039],[-1.5526,53.903],[-1.5488,53.9109],[-1.5286,53.9087],[-1.4988,53.9153],[-1.486,53.9109],[-1.4684,53.911],[-1.4632,53.906],[-1.4508,53.9071],[-1.4404,53.9139],[-1.4324,53.9112],[-1.4335,53.9263],[-1.4298,53.9289],[-1.4067,53.9278],[-1.4106,53.9301],[-1.4093,53.9354],[-1.4007,53.9375],[-1.3972,53.9425],[-1.3619,53.9415],[-1.3404,53.9459],[-1.3446,53.9395],[-1.3396,53.9408],[-1.307,53.9344],[-1.309,53.9241],[-1.3005,53.9294],[-1.2942,53.927],[-1.3073,53.9215],[-1.2973,53.9217],[-1.3006,53.9075],[-1.3136,53.9047],[-1.321,53.9035],[-1.3223,53.9004],[-1.3177,53.8963],[-1.3207,53.8838],[-1.3157,53.8817],[-1.3197,53.8789],[-1.3126,53.8653],[-1.353,53.8567],[-1.3384,53.8517],[-1.342,53.8452],[-1.3265,53.8404],[-1.3252,53.8353],[-1.3361,53.8336],[-1.3097,53.8229],[-1.3104,53.8199],[-1.3036,53.8165],[-1.3123,53.8144],[-1.3149,53.8095],[-1.3138,53.7815],[-1.3038,53.7751],[-1.3068,53.773],[-1.2981,53.7728],[-1.292,53.7672],[-1.2922,53.7605],[-1.2967,53.7589],[-1.2949,53.7554],[-1.3122,53.7559],[-1.3154,53.7437],[-1.302,53.7417],[-1.3081,53.7391],[-1.3138,53.7409],[-1.3231,53.7348],[-1.3401,53.7363],[-1.372,53.7296],[-1.3945,53.7238],[-1.3988,53.7194],[-1.412,53.7231],[-1.4282,53.7213],[-1.4346,53.7257],[-1.4432,53.7282],[-1.481,53.7278],[-1.4884,53.7277],[-1.4914,53.7222],[-1.5044,53.725],[-1.5056,53.7291],[-1.5131,53.7275],[-1.547,53.7101],[-1.5544,53.7028],[-1.5594,53.699],[-1.5711,53.7064],[-1.5821,53.7139],[-1.6054,53.7212],[-1.6234,53.7185],[-1.6322,53.7308],[-1.6386,53.7461],[-1.6585,53.7454],[-1.6816,53.7565],[-1.663,53.7667],[-1.6517,53.7673],[-1.6406,53.7737],[-1.6406,53.78],[-1.6743,53.78],[-1.6824,53.7864],[-1.7121,53.7831],[-1.7071,53.788],[-1.7111,53.7916],[-1.7099,53.7929],[-1.7013,53.8022],[-1.7066,53.8041],[-1.708,53.8098],[-1.7063,53.8292],[-1.7031,53.8363],[-1.7037,53.8423],[-1.694,53.8513],[-1.6951,53.8575],[-1.7021,53.8578],[-1.7103,53.8635],[-1.7153,53.8662],[-1.7464,53.8634],[-1.7444,53.8656],[-1.7536,53.8675],[-1.761,53.8638],[-1.7783,53.8718],[-1.7787,53.8786],[-1.7948,53.8805],[-1.8004,53.886],[-1.7949,53.8946],[-1.7876,53.8969],[-1.7767,53.8938],[-1.7794,53.8912],[-1.7673,53.8902],[-1.7564,53.8847],[-1.7254,53.8857],[-1.7267,53.8882],[-1.7173,53.8923],[-1.7321,53.8959],[-1.7271,53.9102]]]}},{"type":"Feature","properties":{"areacd":"E08000036","areanm":"Wakefield"},"geometry":{"type":"Polygon","coordinates":[[[-1.3487,53.5833],[-1.3515,53.5811],[-1.3539,53.5834],[-1.3561,53.5953],[-1.3767,53.6065],[-1.4001,53.5987],[-1.4249,53.6045],[-1.4329,53.6089],[-1.4393,53.607],[-1.4477,53.6127],[-1.4839,53.5949],[-1.4921,53.597],[-1.4916,53.6028],[-1.495,53.6032],[-1.4966,53.5974],[-1.5014,53.5998],[-1.5104,53.5968],[-1.5186,53.5997],[-1.5284,53.597],[-1.5308,53.5931],[-1.5355,53.5939],[-1.5473,53.6031],[-1.5576,53.6059],[-1.572,53.6086],[-1.582,53.6057],[-1.5865,53.6072],[-1.592,53.6147],[-1.6075,53.6196],[-1.6146,53.6259],[-1.6104,53.628],[-1.6157,53.6302],[-1.6121,53.6327],[-1.6172,53.6377],[-1.6233,53.6381],[-1.6192,53.6463],[-1.6241,53.6541],[-1.5909,53.6605],[-1.6141,53.6738],[-1.6151,53.6776],[-1.605,53.6794],[-1.592,53.6893],[-1.5922,53.6915],[-1.6025,53.6922],[-1.5983,53.6998],[-1.5841,53.7031],[-1.5711,53.7064],[-1.5594,53.699],[-1.5544,53.7028],[-1.547,53.7101],[-1.5131,53.7275],[-1.5056,53.7291],[-1.5044,53.725],[-1.4914,53.7222],[-1.4884,53.7277],[-1.481,53.7278],[-1.4432,53.7282],[-1.4346,53.7257],[-1.4282,53.7213],[-1.412,53.7231],[-1.3988,53.7194],[-1.3945,53.7238],[-1.372,53.7296],[-1.3401,53.7363],[-1.3231,53.7348],[-1.3138,53.7409],[-1.3081,53.7391],[-1.302,53.7417],[-1.2838,53.732],[-1.2721,53.7249],[-1.269,53.7151],[-1.2577,53.7118],[-1.2296,53.7149],[-1.2261,53.7099],[-1.2198,53.7144],[-1.2184,53.7071],[-1.1987,53.7007],[-1.199,53.6949],[-1.2444,53.6924],[-1.2439,53.6732],[-1.2523,53.6666],[-1.247,53.6556],[-1.2487,53.6496],[-1.2552,53.6489],[-1.2537,53.6412],[-1.2429,53.6346],[-1.2328,53.6211],[-1.2279,53.6173],[-1.2313,53.6169],[-1.2481,53.6163],[-1.245,53.6081],[-1.2522,53.6071],[-1.2471,53.6007],[-1.2576,53.5998],[-1.2529,53.5971],[-1.258,53.592],[-1.2767,53.59],[-1.2823,53.583],[-1.2986,53.5774],[-1.3078,53.5753],[-1.3487,53.5833]]]}},{"type":"Feature","properties":{"areacd":"E08000037","areanm":"Gateshead"},"geometry":{"type":"Polygon","coordinates":[[[-1.606,54.968],[-1.6054,54.9675],[-1.5999,54.9686],[-1.5928,54.9694],[-1.5791,54.9638],[-1.5788,54.9638],[-1.5682,54.9639],[-1.5586,54.9597],[-1.5579,54.9595],[-1.5524,54.958],[-1.5382,54.9606],[-1.5344,54.9649],[-1.5294,54.9633],[-1.5307,54.958],[-1.5189,54.9593],[-1.5163,54.955],[-1.5181,54.947],[-1.5113,54.9317],[-1.5273,54.9331],[-1.543,54.9314],[-1.5533,54.9277],[-1.5568,54.93],[-1.5689,54.9246],[-1.5586,54.9065],[-1.5628,54.9051],[-1.5582,54.9027],[-1.5594,54.882],[-1.5799,54.8778],[-1.5807,54.8811],[-1.5876,54.8943],[-1.5938,54.9017],[-1.5978,54.9016],[-1.612,54.8953],[-1.6188,54.8871],[-1.6276,54.8863],[-1.6437,54.8788],[-1.6511,54.8797],[-1.6463,54.8814],[-1.6501,54.8936],[-1.6599,54.8907],[-1.663,54.8959],[-1.6782,54.8998],[-1.6748,54.9093],[-1.6876,54.9079],[-1.6906,54.9027],[-1.6976,54.9062],[-1.7006,54.9093],[-1.725,54.9088],[-1.7376,54.9187],[-1.7506,54.9174],[-1.7607,54.9085],[-1.7673,54.9096],[-1.7707,54.9072],[-1.7818,54.9115],[-1.7912,54.9087],[-1.7949,54.9035],[-1.8075,54.9072],[-1.821,54.9057],[-1.8267,54.9101],[-1.8528,54.9174],[-1.8412,54.9297],[-1.827,54.9307],[-1.8248,54.9403],[-1.8312,54.9443],[-1.8338,54.9533],[-1.823,54.9557],[-1.8226,54.9648],[-1.8155,54.9673],[-1.8128,54.9763],[-1.8028,54.9788],[-1.7861,54.9845],[-1.7728,54.9814],[-1.7697,54.981],[-1.7516,54.9825],[-1.7379,54.9787],[-1.7276,54.9752],[-1.726,54.9701],[-1.7186,54.9673],[-1.6979,54.9703],[-1.6789,54.9646],[-1.6569,54.9625],[-1.6331,54.959],[-1.6188,54.962],[-1.6162,54.9631],[-1.606,54.968]]]}},{"type":"Feature","properties":{"areacd":"E09000001","areanm":"City of London"},"geometry":{"type":"Polygon","coordinates":[[[-0.0786,51.5077],[-0.0794,51.5078],[-0.0812,51.5081],[-0.0852,51.5087],[-0.0885,51.5091],[-0.0924,51.5097],[-0.0963,51.5102],[-0.0994,51.5107],[-0.0999,51.5108],[-0.1083,51.5108],[-0.1115,51.5108],[-0.1115,51.5153],[-0.1138,51.5183],[-0.1053,51.5185],[-0.1018,51.5197],[-0.1002,51.5201],[-0.0976,51.521],[-0.0973,51.5216],[-0.0924,51.521],[-0.0862,51.5188],[-0.0852,51.5203],[-0.0785,51.5215],[-0.0769,51.5167],[-0.074,51.5145],[-0.0731,51.5118],[-0.0746,51.51],[-0.0786,51.5077]]]}},{"type":"Feature","properties":{"areacd":"E09000002","areanm":"Barking and Dagenham"},"geometry":{"type":"Polygon","coordinates":[[[0.1593,51.512],[0.1587,51.5122],[0.1432,51.5153],[0.1417,51.5157],[0.1264,51.5194],[0.109,51.5142],[0.1004,51.5146],[0.0957,51.517],[0.092,51.5267],[0.0809,51.5278],[0.0804,51.5276],[0.0726,51.5308],[0.0687,51.5362],[0.0683,51.5443],[0.0683,51.5444],[0.0802,51.5448],[0.0886,51.5477],[0.0926,51.5497],[0.0935,51.5458],[0.1062,51.551],[0.1074,51.552],[0.1125,51.553],[0.1133,51.5573],[0.1204,51.5585],[0.119,51.5631],[0.1251,51.5643],[0.1293,51.5665],[0.1297,51.5681],[0.13,51.5708],[0.1293,51.5763],[0.1335,51.58],[0.1278,51.5816],[0.1264,51.5867],[0.1419,51.5966],[0.1482,51.599],[0.1511,51.5954],[0.1484,51.5808],[0.1469,51.5757],[0.1498,51.5697],[0.1468,51.5688],[0.1543,51.5661],[0.1619,51.5616],[0.1682,51.5635],[0.185,51.5648],[0.1826,51.5613],[0.1903,51.5527],[0.1861,51.5476],[0.1737,51.5374],[0.1661,51.5288],[0.1593,51.512]]]}},{"type":"Feature","properties":{"areacd":"E09000003","areanm":"Barnet"},"geometry":{"type":"Polygon","coordinates":[[[-0.3045,51.6363],[-0.2737,51.6387],[-0.2731,51.6412],[-0.2683,51.6424],[-0.2634,51.6448],[-0.2555,51.6433],[-0.2516,51.6479],[-0.2495,51.6561],[-0.2289,51.66],[-0.2266,51.6572],[-0.2079,51.6629],[-0.2112,51.667],[-0.1999,51.6702],[-0.1911,51.6639],[-0.1821,51.6686],[-0.1859,51.6628],[-0.1756,51.6606],[-0.1549,51.6555],[-0.1499,51.6488],[-0.1522,51.6458],[-0.1422,51.6393],[-0.1383,51.6365],[-0.1291,51.6323],[-0.1341,51.624],[-0.1446,51.6155],[-0.1388,51.6102],[-0.1435,51.6088],[-0.1421,51.6033],[-0.147,51.5992],[-0.1514,51.5975],[-0.1564,51.6054],[-0.1618,51.5975],[-0.1572,51.5862],[-0.1614,51.5853],[-0.1662,51.582],[-0.1714,51.5724],[-0.1735,51.5711],[-0.1835,51.568],[-0.1903,51.5628],[-0.1969,51.5592],[-0.1993,51.5562],[-0.2135,51.5552],[-0.2206,51.5617],[-0.2224,51.5633],[-0.2322,51.571],[-0.2442,51.5726],[-0.2471,51.5687],[-0.2526,51.5717],[-0.2537,51.5773],[-0.2542,51.5816],[-0.2483,51.5844],[-0.258,51.5926],[-0.2597,51.5942],[-0.2671,51.6004],[-0.275,51.607],[-0.2795,51.6107],[-0.3039,51.6315],[-0.3045,51.6363]]]}},{"type":"Feature","properties":{"areacd":"E09000004","areanm":"Bexley"},"geometry":{"type":"Polygon","coordinates":[[[0.1188,51.5113],[0.1201,51.5114],[0.1285,51.5133],[0.1513,51.5063],[0.152,51.5062],[0.1643,51.5045],[0.1645,51.5044],[0.1708,51.4988],[0.1711,51.4986],[0.1752,51.4853],[0.1855,51.4809],[0.1866,51.4804],[0.2008,51.4787],[0.2117,51.4827],[0.2176,51.4804],[0.2081,51.4708],[0.2103,51.4626],[0.2024,51.4586],[0.2097,51.4618],[0.2026,51.4562],[0.2027,51.4539],[0.191,51.4488],[0.1708,51.4412],[0.1643,51.4286],[0.1558,51.4309],[0.1511,51.4204],[0.1546,51.4185],[0.1491,51.4124],[0.1538,51.4113],[0.1529,51.4087],[0.149,51.4086],[0.149,51.4085],[0.1298,51.4148],[0.1188,51.4133],[0.1088,51.4138],[0.1045,51.4152],[0.0754,51.432],[0.076,51.4345],[0.0784,51.4371],[0.0828,51.4433],[0.0874,51.4432],[0.0859,51.4556],[0.0788,51.4591],[0.0829,51.4598],[0.0823,51.4616],[0.0823,51.4666],[0.0983,51.4755],[0.1083,51.4761],[0.1117,51.4732],[0.1155,51.4762],[0.1185,51.4789],[0.1242,51.4768],[0.1212,51.4963],[0.121,51.5008],[0.1188,51.5113]]]}},{"type":"Feature","properties":{"areacd":"E09000005","areanm":"Brent"},"geometry":{"type":"Polygon","coordinates":[[[-0.2671,51.6004],[-0.2597,51.5942],[-0.258,51.5926],[-0.2483,51.5844],[-0.2542,51.5816],[-0.2537,51.5773],[-0.2526,51.5717],[-0.2471,51.5687],[-0.2442,51.5726],[-0.2322,51.571],[-0.2224,51.5633],[-0.2206,51.5617],[-0.2135,51.5552],[-0.2037,51.547],[-0.2035,51.5468],[-0.2019,51.5453],[-0.1915,51.5363],[-0.1966,51.5277],[-0.203,51.5329],[-0.2031,51.5329],[-0.2153,51.5314],[-0.216,51.5279],[-0.2237,51.5299],[-0.2285,51.5304],[-0.2463,51.5328],[-0.2471,51.5334],[-0.2557,51.534],[-0.2829,51.5288],[-0.2894,51.5317],[-0.279,51.5332],[-0.2825,51.5387],[-0.3026,51.532],[-0.3076,51.5331],[-0.3047,51.5399],[-0.3086,51.5432],[-0.3126,51.5492],[-0.3357,51.5566],[-0.3313,51.5616],[-0.3297,51.5671],[-0.3222,51.5697],[-0.3265,51.5782],[-0.3171,51.5821],[-0.3021,51.5873],[-0.2825,51.585],[-0.2847,51.591],[-0.2905,51.5936],[-0.2795,51.5962],[-0.2671,51.6004]]]}},{"type":"Feature","properties":{"areacd":"E09000006","areanm":"Bromley"},"geometry":{"type":"Polygon","coordinates":[[[0.149,51.4085],[0.1613,51.3924],[0.1477,51.3928],[0.1532,51.378],[0.1496,51.3736],[0.1516,51.3684],[0.1472,51.367],[0.1413,51.3498],[0.1369,51.3442],[0.1184,51.3441],[0.1217,51.3336],[0.118,51.3297],[0.1049,51.3274],[0.0938,51.3202],[0.0849,51.316],[0.0828,51.3056],[0.0912,51.2968],[0.0816,51.2918],[0.0586,51.2894],[0.0507,51.294],[0.0423,51.2927],[0.0415,51.303],[0.0329,51.3075],[0.0248,51.3022],[0.0192,51.2917],[0.015,51.2918],[0.0121,51.2996],[0.0103,51.3161],[0.0066,51.3157],[0.0023,51.3291],[0.0034,51.3322],[-0.0029,51.3455],[-0.0053,51.3526],[-0.0184,51.3613],[-0.0198,51.3636],[-0.0236,51.3653],[-0.0268,51.3794],[-0.0371,51.377],[-0.0365,51.3885],[-0.0418,51.3893],[-0.0534,51.3949],[-0.0505,51.398],[-0.053,51.4015],[-0.0605,51.3991],[-0.0639,51.4016],[-0.0686,51.4038],[-0.0728,51.4127],[-0.081,51.4171],[-0.0785,51.4198],[-0.0784,51.4206],[-0.0739,51.4262],[-0.0563,51.423],[-0.04,51.4243],[-0.0334,51.4246],[-0.0208,51.4209],[-0.021,51.416],[-0.0076,51.4145],[0.0035,51.4174],[0.0081,51.423],[0.0209,51.4268],[0.0254,51.429],[0.0347,51.4234],[0.039,51.4247],[0.0377,51.4333],[0.031,51.4321],[0.0287,51.4364],[0.0254,51.4357],[0.0294,51.4417],[0.0306,51.4443],[0.0397,51.441],[0.0581,51.4249],[0.0632,51.4242],[0.0754,51.432],[0.1045,51.4152],[0.1088,51.4138],[0.1188,51.4133],[0.1298,51.4148],[0.149,51.4085]]]}},{"type":"Feature","properties":{"areacd":"E09000007","areanm":"Camden"},"geometry":{"type":"Polygon","coordinates":[[[-0.1053,51.5185],[-0.1138,51.5183],[-0.1115,51.5153],[-0.1291,51.5134],[-0.1304,51.5164],[-0.1392,51.5208],[-0.1435,51.5239],[-0.1472,51.525],[-0.1527,51.5375],[-0.1605,51.5373],[-0.165,51.5358],[-0.1785,51.5398],[-0.1888,51.5345],[-0.1915,51.5363],[-0.2019,51.5453],[-0.2035,51.5468],[-0.2037,51.547],[-0.2135,51.5552],[-0.1993,51.5562],[-0.1969,51.5592],[-0.1903,51.5628],[-0.1835,51.568],[-0.1735,51.5711],[-0.1714,51.5724],[-0.1424,51.5691],[-0.1395,51.5583],[-0.1383,51.5569],[-0.1291,51.5488],[-0.1265,51.5451],[-0.1251,51.5411],[-0.1225,51.5307],[-0.1199,51.5309],[-0.1143,51.5255],[-0.1053,51.5185]]]}},{"type":"Feature","properties":{"areacd":"E09000008","areanm":"Croydon"},"geometry":{"type":"Polygon","coordinates":[[[-0.1243,51.2868],[-0.1373,51.3008],[-0.1501,51.3003],[-0.1577,51.3044],[-0.1543,51.3103],[-0.1583,51.311],[-0.162,51.3196],[-0.1566,51.3215],[-0.1456,51.3235],[-0.1446,51.3265],[-0.1493,51.3288],[-0.1441,51.3307],[-0.1475,51.3388],[-0.1443,51.3399],[-0.1443,51.3402],[-0.1283,51.3475],[-0.1269,51.3449],[-0.1173,51.3457],[-0.1247,51.3589],[-0.1212,51.3631],[-0.1234,51.3706],[-0.1325,51.3901],[-0.1344,51.3909],[-0.1343,51.3909],[-0.1254,51.3988],[-0.1315,51.4049],[-0.1278,51.4123],[-0.1127,51.4232],[-0.106,51.4226],[-0.0969,51.4227],[-0.0785,51.4198],[-0.081,51.4171],[-0.0728,51.4127],[-0.0686,51.4038],[-0.0639,51.4016],[-0.0605,51.3991],[-0.053,51.4015],[-0.0505,51.398],[-0.0534,51.3949],[-0.0418,51.3893],[-0.0365,51.3885],[-0.0371,51.377],[-0.0268,51.3794],[-0.0236,51.3653],[-0.0198,51.3636],[-0.0184,51.3613],[-0.0053,51.3526],[-0.0029,51.3455],[0.0034,51.3322],[0.0023,51.3291],[-0.0108,51.3336],[-0.0145,51.3298],[-0.0221,51.3381],[-0.0379,51.3386],[-0.042,51.3338],[-0.0502,51.3326],[-0.0479,51.3252],[-0.0563,51.3217],[-0.064,51.3186],[-0.071,51.3212],[-0.0823,51.317],[-0.0836,51.3167],[-0.082,51.3106],[-0.0888,51.3051],[-0.0973,51.3003],[-0.0944,51.2994],[-0.1012,51.2963],[-0.1157,51.2907],[-0.1178,51.2871],[-0.1243,51.2868]]]}},{"type":"Feature","properties":{"areacd":"E09000009","areanm":"Ealing"},"geometry":{"type":"Polygon","coordinates":[[[-0.3357,51.5566],[-0.3126,51.5492],[-0.3086,51.5432],[-0.3047,51.5399],[-0.3076,51.5331],[-0.3026,51.532],[-0.2825,51.5387],[-0.279,51.5332],[-0.2894,51.5317],[-0.2829,51.5288],[-0.2557,51.534],[-0.2471,51.5334],[-0.2463,51.5328],[-0.2526,51.5248],[-0.249,51.5139],[-0.2451,51.5067],[-0.2511,51.5046],[-0.2551,51.5043],[-0.2531,51.5014],[-0.2554,51.4949],[-0.2689,51.494],[-0.2742,51.4973],[-0.2808,51.5029],[-0.2851,51.501],[-0.3007,51.4993],[-0.2976,51.4949],[-0.306,51.4962],[-0.3119,51.492],[-0.3158,51.4959],[-0.3249,51.4959],[-0.3313,51.4955],[-0.3354,51.4962],[-0.3507,51.4991],[-0.367,51.4928],[-0.3719,51.4905],[-0.3778,51.4966],[-0.3875,51.4948],[-0.4069,51.4997],[-0.4039,51.5029],[-0.3936,51.507],[-0.3904,51.5132],[-0.3833,51.5175],[-0.3764,51.5289],[-0.381,51.5294],[-0.3968,51.532],[-0.4117,51.5341],[-0.4185,51.5402],[-0.3954,51.5425],[-0.3987,51.5479],[-0.3951,51.548],[-0.3778,51.555],[-0.3759,51.5531],[-0.3622,51.5573],[-0.3475,51.5597],[-0.3357,51.5566]]]}},{"type":"Feature","properties":{"areacd":"E09000010","areanm":"Enfield"},"geometry":{"type":"Polygon","coordinates":[[[-0.0118,51.6809],[-0.0104,51.6767],[-0.01,51.6618],[-0.0118,51.6488],[-0.0123,51.6462],[-0.0147,51.6367],[-0.0168,51.6335],[-0.0229,51.6258],[-0.0252,51.6225],[-0.026,51.6218],[-0.0355,51.613],[-0.034,51.6095],[-0.0414,51.6056],[-0.0544,51.6089],[-0.0756,51.6085],[-0.0897,51.6088],[-0.0991,51.6085],[-0.1104,51.6083],[-0.1353,51.6112],[-0.1388,51.6102],[-0.1446,51.6155],[-0.1341,51.624],[-0.1291,51.6323],[-0.1383,51.6365],[-0.1422,51.6393],[-0.1522,51.6458],[-0.1499,51.6488],[-0.1549,51.6555],[-0.1756,51.6606],[-0.1859,51.6628],[-0.1821,51.6686],[-0.1764,51.6726],[-0.1725,51.6731],[-0.1635,51.6859],[-0.1635,51.6881],[-0.1493,51.6855],[-0.1057,51.6919],[-0.0839,51.69],[-0.062,51.683],[-0.0489,51.684],[-0.0334,51.6825],[-0.0118,51.6809]]]}},{"type":"Feature","properties":{"areacd":"E09000011","areanm":"Greenwich"},"geometry":{"type":"Polygon","coordinates":[[[-0.0243,51.4853],[-0.0188,51.4834],[-0.0181,51.482],[-0.0179,51.4832],[-0.0046,51.4847],[0.0023,51.4899],[-0.0023,51.5001],[-0.0017,51.5019],[-0.001,51.504],[0.0038,51.505],[0.008,51.5017],[0.0154,51.4961],[0.0157,51.4959],[0.029,51.4939],[0.0296,51.494],[0.0402,51.4955],[0.0599,51.4947],[0.076,51.4959],[0.0762,51.4959],[0.0825,51.4989],[0.0828,51.4992],[0.0839,51.5004],[0.092,51.509],[0.1188,51.5113],[0.121,51.5008],[0.1212,51.4963],[0.1242,51.4768],[0.1185,51.4789],[0.1155,51.4762],[0.1117,51.4732],[0.1083,51.4761],[0.0983,51.4755],[0.0823,51.4666],[0.0823,51.4616],[0.0829,51.4598],[0.0788,51.4591],[0.0859,51.4556],[0.0874,51.4432],[0.0828,51.4433],[0.0784,51.4371],[0.076,51.4345],[0.0754,51.432],[0.0632,51.4242],[0.0581,51.4249],[0.0397,51.441],[0.0306,51.4443],[0.0294,51.4417],[0.0215,51.4427],[0.0223,51.4481],[0.0151,51.45],[0.0194,51.4517],[0.0115,51.4567],[0.0093,51.464],[0.0181,51.4739],[0.0121,51.4732],[-0.0142,51.4727],[-0.0132,51.4689],[-0.0172,51.4693],[-0.0229,51.4745],[-0.0169,51.4803],[-0.0232,51.4796],[-0.0263,51.4815],[-0.0243,51.4853]]]}},{"type":"Feature","properties":{"areacd":"E09000012","areanm":"Hackney"},"geometry":{"type":"Polygon","coordinates":[[[-0.0785,51.5215],[-0.0852,51.5203],[-0.085,51.5262],[-0.0954,51.5292],[-0.097,51.533],[-0.0897,51.536],[-0.0866,51.5373],[-0.0866,51.5374],[-0.0839,51.5466],[-0.0768,51.5461],[-0.0778,51.5495],[-0.0795,51.5517],[-0.0904,51.5544],[-0.0917,51.5602],[-0.0986,51.5608],[-0.1044,51.5647],[-0.1044,51.5648],[-0.0981,51.5691],[-0.0978,51.5737],[-0.0762,51.5749],[-0.0613,51.5778],[-0.0513,51.5677],[-0.045,51.5618],[-0.0301,51.5614],[-0.0172,51.5517],[-0.0172,51.5516],[-0.0166,51.5434],[-0.0289,51.5423],[-0.0331,51.5447],[-0.0373,51.5413],[-0.0407,51.5381],[-0.0529,51.5349],[-0.0573,51.5344],[-0.0626,51.5355],[-0.0663,51.5312],[-0.0757,51.5284],[-0.076,51.5224],[-0.0785,51.5215]]]}},{"type":"Feature","properties":{"areacd":"E09000013","areanm":"Hammersmith and Fulham"},"geometry":{"type":"Polygon","coordinates":[[[-0.1819,51.4781],[-0.1838,51.4774],[-0.1793,51.4776],[-0.1846,51.4676],[-0.1864,51.4667],[-0.1885,51.4658],[-0.1877,51.4651],[-0.1877,51.465],[-0.1951,51.4639],[-0.1974,51.4641],[-0.2127,51.4668],[-0.2216,51.4724],[-0.2257,51.4821],[-0.2287,51.487],[-0.2345,51.4896],[-0.2434,51.4879],[-0.2444,51.4979],[-0.2492,51.4969],[-0.2521,51.5007],[-0.2531,51.5014],[-0.2551,51.5043],[-0.2511,51.5046],[-0.2451,51.5067],[-0.249,51.5139],[-0.2526,51.5248],[-0.2463,51.5328],[-0.2285,51.5304],[-0.2266,51.5196],[-0.2225,51.5154],[-0.2203,51.5117],[-0.2156,51.5084],[-0.217,51.5045],[-0.2099,51.4978],[-0.2031,51.4934],[-0.2018,51.4919],[-0.2024,51.4917],[-0.1964,51.4872],[-0.196,51.4874],[-0.1908,51.4832],[-0.1883,51.481],[-0.1866,51.4799],[-0.1854,51.4786],[-0.1819,51.4781]]]}},{"type":"Feature","properties":{"areacd":"E09000014","areanm":"Haringey"},"geometry":{"type":"Polygon","coordinates":[[[-0.1714,51.5724],[-0.1662,51.582],[-0.1614,51.5853],[-0.1572,51.5862],[-0.1618,51.5975],[-0.1564,51.6054],[-0.1514,51.5975],[-0.147,51.5992],[-0.1421,51.6033],[-0.1435,51.6088],[-0.1388,51.6102],[-0.1353,51.6112],[-0.1104,51.6083],[-0.0991,51.6085],[-0.0897,51.6088],[-0.0756,51.6085],[-0.0544,51.6089],[-0.0414,51.6056],[-0.0502,51.5969],[-0.0531,51.5869],[-0.0598,51.5815],[-0.0613,51.5778],[-0.0762,51.5749],[-0.0978,51.5737],[-0.0981,51.5691],[-0.1044,51.5648],[-0.1062,51.5655],[-0.1107,51.5686],[-0.1172,51.5738],[-0.1189,51.5747],[-0.1334,51.5729],[-0.1383,51.5706],[-0.1424,51.5691],[-0.1714,51.5724]]]}},{"type":"Feature","properties":{"areacd":"E09000015","areanm":"Harrow"},"geometry":{"type":"Polygon","coordinates":[[[-0.3626,51.6235],[-0.3399,51.6307],[-0.3325,51.6338],[-0.3167,51.6405],[-0.3045,51.6363],[-0.3039,51.6315],[-0.2795,51.6107],[-0.275,51.607],[-0.2671,51.6004],[-0.2795,51.5962],[-0.2905,51.5936],[-0.2847,51.591],[-0.2825,51.585],[-0.3021,51.5873],[-0.3171,51.5821],[-0.3265,51.5782],[-0.3222,51.5697],[-0.3297,51.5671],[-0.3313,51.5616],[-0.3357,51.5566],[-0.3475,51.5597],[-0.3622,51.5573],[-0.3759,51.5531],[-0.3778,51.555],[-0.3801,51.5596],[-0.382,51.5631],[-0.3859,51.571],[-0.3884,51.5773],[-0.3955,51.5902],[-0.3977,51.5969],[-0.4041,51.6132],[-0.4041,51.6132],[-0.3859,51.6158],[-0.3846,51.6162],[-0.3683,51.6206],[-0.3626,51.6235]]]}},{"type":"Feature","properties":{"areacd":"E09000016","areanm":"Havering"},"geometry":{"type":"Polygon","coordinates":[[[0.2119,51.4899],[0.2105,51.4902],[0.1877,51.4879],[0.182,51.4986],[0.1785,51.5053],[0.1779,51.5055],[0.1593,51.512],[0.1661,51.5288],[0.1737,51.5374],[0.1861,51.5476],[0.1903,51.5527],[0.1826,51.5613],[0.185,51.5648],[0.1682,51.5635],[0.1619,51.5616],[0.1543,51.5661],[0.1468,51.5688],[0.1498,51.5697],[0.1469,51.5757],[0.1484,51.5808],[0.1511,51.5954],[0.1482,51.599],[0.149,51.6015],[0.1475,51.6123],[0.1383,51.6235],[0.151,51.6232],[0.169,51.6214],[0.1806,51.6257],[0.1969,51.6256],[0.2003,51.6249],[0.2242,51.6317],[0.2631,51.6092],[0.2539,51.6019],[0.2608,51.6004],[0.27,51.5996],[0.271,51.5903],[0.2868,51.5735],[0.2902,51.5645],[0.313,51.5658],[0.3153,51.5578],[0.3278,51.551],[0.3338,51.5425],[0.3314,51.54],[0.3224,51.5405],[0.2653,51.5321],[0.2666,51.523],[0.2623,51.5179],[0.2539,51.5179],[0.2508,51.5288],[0.2458,51.5235],[0.2429,51.5244],[0.2407,51.5212],[0.2449,51.5188],[0.2371,51.5193],[0.2418,51.508],[0.2266,51.5066],[0.23,51.4994],[0.2142,51.496],[0.2119,51.4899]]]}},{"type":"Feature","properties":{"areacd":"E09000017","areanm":"Hillingdon"},"geometry":{"type":"Polygon","coordinates":[[[-0.49,51.4947],[-0.4832,51.5066],[-0.4856,51.51],[-0.4898,51.5115],[-0.4917,51.5189],[-0.4897,51.5301],[-0.4955,51.5384],[-0.4911,51.5446],[-0.4853,51.5507],[-0.4774,51.5553],[-0.4769,51.5596],[-0.4829,51.5628],[-0.484,51.5751],[-0.4892,51.5778],[-0.5005,51.5997],[-0.4963,51.6024],[-0.4992,51.6089],[-0.4953,51.6187],[-0.5003,51.6221],[-0.5,51.6292],[-0.4971,51.6317],[-0.4598,51.6131],[-0.4572,51.6123],[-0.4406,51.6201],[-0.412,51.6142],[-0.4041,51.6132],[-0.3977,51.5969],[-0.3955,51.5902],[-0.3884,51.5773],[-0.3859,51.571],[-0.382,51.5631],[-0.3801,51.5596],[-0.3778,51.555],[-0.3951,51.548],[-0.3987,51.5479],[-0.3954,51.5425],[-0.4185,51.5402],[-0.4117,51.5341],[-0.3968,51.532],[-0.381,51.5294],[-0.3764,51.5289],[-0.3833,51.5175],[-0.3904,51.5132],[-0.3936,51.507],[-0.4039,51.5029],[-0.4069,51.4997],[-0.4093,51.5003],[-0.4107,51.4982],[-0.4119,51.4924],[-0.412,51.4921],[-0.4168,51.4809],[-0.4112,51.4699],[-0.4222,51.4666],[-0.444,51.4533],[-0.4587,51.4563],[-0.4939,51.4627],[-0.5097,51.4692],[-0.4992,51.4886],[-0.4901,51.4946],[-0.49,51.4947]]]}},{"type":"Feature","properties":{"areacd":"E09000018","areanm":"Hounslow"},"geometry":{"type":"Polygon","coordinates":[[[-0.3914,51.4223],[-0.4078,51.4236],[-0.4185,51.4321],[-0.428,51.4293],[-0.44,51.4306],[-0.4398,51.4346],[-0.4477,51.435],[-0.4464,51.44],[-0.4565,51.4382],[-0.4613,51.4524],[-0.4587,51.4563],[-0.444,51.4533],[-0.4222,51.4666],[-0.4112,51.4699],[-0.4168,51.4809],[-0.412,51.4921],[-0.4119,51.4924],[-0.4107,51.4982],[-0.4093,51.5003],[-0.4069,51.4997],[-0.3875,51.4948],[-0.3778,51.4966],[-0.3719,51.4905],[-0.367,51.4928],[-0.3507,51.4991],[-0.3354,51.4962],[-0.3313,51.4955],[-0.3249,51.4959],[-0.3158,51.4959],[-0.3119,51.492],[-0.306,51.4962],[-0.2976,51.4949],[-0.3007,51.4993],[-0.2851,51.501],[-0.2808,51.5029],[-0.2742,51.4973],[-0.2689,51.494],[-0.2554,51.4949],[-0.2531,51.5014],[-0.2521,51.5007],[-0.2492,51.4969],[-0.2444,51.4979],[-0.2434,51.4879],[-0.2497,51.4835],[-0.2526,51.474],[-0.2597,51.4709],[-0.2699,51.4731],[-0.2787,51.4835],[-0.2876,51.487],[-0.2974,51.4852],[-0.3105,51.4739],[-0.3187,51.4709],[-0.3207,51.4654],[-0.3254,51.4636],[-0.327,51.457],[-0.337,51.4546],[-0.3418,51.459],[-0.3428,51.4581],[-0.3681,51.4572],[-0.3696,51.457],[-0.3877,51.4494],[-0.3842,51.4457],[-0.3671,51.4417],[-0.3762,51.4355],[-0.3884,51.4281],[-0.3849,51.4213],[-0.3914,51.4223]]]}},{"type":"Feature","properties":{"areacd":"E09000019","areanm":"Islington"},"geometry":{"type":"Polygon","coordinates":[[[-0.0852,51.5203],[-0.0862,51.5188],[-0.0924,51.521],[-0.0973,51.5216],[-0.0976,51.521],[-0.1002,51.5201],[-0.1018,51.5197],[-0.1053,51.5185],[-0.1143,51.5255],[-0.1199,51.5309],[-0.1225,51.5307],[-0.1251,51.5411],[-0.1265,51.5451],[-0.1291,51.5488],[-0.1383,51.5569],[-0.1395,51.5583],[-0.1424,51.5691],[-0.1383,51.5706],[-0.1334,51.5729],[-0.1189,51.5747],[-0.1172,51.5738],[-0.1107,51.5686],[-0.1062,51.5655],[-0.1044,51.5648],[-0.1044,51.5647],[-0.0986,51.5608],[-0.0917,51.5602],[-0.0904,51.5544],[-0.0795,51.5517],[-0.0778,51.5495],[-0.0768,51.5461],[-0.0839,51.5466],[-0.0866,51.5374],[-0.0866,51.5373],[-0.0897,51.536],[-0.097,51.533],[-0.0954,51.5292],[-0.085,51.5262],[-0.0852,51.5203]]]}},{"type":"Feature","properties":{"areacd":"E09000020","areanm":"Kensington and Chelsea"},"geometry":{"type":"Polygon","coordinates":[[[-0.1506,51.4854],[-0.1646,51.4836],[-0.1672,51.4832],[-0.1819,51.4781],[-0.1854,51.4786],[-0.1866,51.4799],[-0.1883,51.481],[-0.1908,51.4832],[-0.196,51.4874],[-0.1964,51.4872],[-0.2024,51.4917],[-0.2018,51.4919],[-0.2031,51.4934],[-0.2099,51.4978],[-0.217,51.5045],[-0.2156,51.5084],[-0.2203,51.5117],[-0.2225,51.5154],[-0.2266,51.5196],[-0.2285,51.5304],[-0.2237,51.5299],[-0.216,51.5279],[-0.2156,51.5267],[-0.2073,51.5262],[-0.2016,51.5227],[-0.2038,51.5206],[-0.1999,51.5168],[-0.1992,51.5146],[-0.1944,51.5127],[-0.1921,51.5099],[-0.1879,51.5102],[-0.1843,51.5018],[-0.1796,51.4978],[-0.1656,51.4987],[-0.1585,51.5023],[-0.1559,51.4947],[-0.1557,51.4911],[-0.1506,51.4854]]]}},{"type":"Feature","properties":{"areacd":"E09000021","areanm":"Kingston upon Thames"},"geometry":{"type":"Polygon","coordinates":[[[-0.3307,51.329],[-0.3278,51.3522],[-0.3183,51.3637],[-0.3178,51.3698],[-0.3126,51.3748],[-0.3084,51.3759],[-0.3083,51.3801],[-0.3132,51.3888],[-0.316,51.3876],[-0.3177,51.3937],[-0.3131,51.3971],[-0.3121,51.3981],[-0.3084,51.4135],[-0.3078,51.4165],[-0.3065,51.4227],[-0.3145,51.4283],[-0.3107,51.4322],[-0.3016,51.4314],[-0.2948,51.4265],[-0.2906,51.429],[-0.2866,51.4202],[-0.2563,51.4363],[-0.2541,51.4373],[-0.2511,51.4326],[-0.2542,51.4293],[-0.2495,51.4148],[-0.2471,51.4096],[-0.2447,51.4039],[-0.2466,51.3992],[-0.2408,51.3921],[-0.2398,51.3893],[-0.245,51.3806],[-0.2451,51.38],[-0.2611,51.3796],[-0.2726,51.3723],[-0.2739,51.3707],[-0.2841,51.3652],[-0.2857,51.3641],[-0.2979,51.3493],[-0.3063,51.3351],[-0.3239,51.3267],[-0.3307,51.329]]]}},{"type":"Feature","properties":{"areacd":"E09000022","areanm":"Lambeth"},"geometry":{"type":"Polygon","coordinates":[[[-0.128,51.4853],[-0.1256,51.4869],[-0.1251,51.4877],[-0.1214,51.4943],[-0.1212,51.4944],[-0.1185,51.5038],[-0.1176,51.507],[-0.1089,51.5084],[-0.1086,51.5084],[-0.1059,51.502],[-0.111,51.4955],[-0.1033,51.4915],[-0.1085,51.4858],[-0.104,51.4809],[-0.1082,51.4803],[-0.1056,51.4791],[-0.0999,51.4769],[-0.0994,51.4726],[-0.096,51.4699],[-0.093,51.472],[-0.0911,51.4676],[-0.0923,51.4611],[-0.1008,51.4504],[-0.0928,51.4411],[-0.0905,51.4361],[-0.0836,51.423],[-0.0784,51.4206],[-0.0785,51.4198],[-0.0969,51.4227],[-0.106,51.4226],[-0.1127,51.4232],[-0.1278,51.4123],[-0.148,51.4129],[-0.1433,51.4173],[-0.1404,51.4192],[-0.1379,51.4211],[-0.1383,51.4305],[-0.1353,51.4303],[-0.1398,51.4357],[-0.1375,51.4401],[-0.136,51.442],[-0.1435,51.4418],[-0.1422,51.451],[-0.1478,51.4523],[-0.1482,51.4564],[-0.1496,51.4613],[-0.1506,51.4676],[-0.1396,51.4714],[-0.134,51.4756],[-0.1307,51.4802],[-0.1265,51.4845],[-0.128,51.4853]]]}},{"type":"Feature","properties":{"areacd":"E09000023","areanm":"Lewisham"},"geometry":{"type":"Polygon","coordinates":[[[-0.0324,51.4934],[-0.0324,51.4931],[-0.0247,51.4855],[-0.0243,51.4853],[-0.0263,51.4815],[-0.0232,51.4796],[-0.0169,51.4803],[-0.0229,51.4745],[-0.0172,51.4693],[-0.0132,51.4689],[-0.0142,51.4727],[0.0121,51.4732],[0.0181,51.4739],[0.0093,51.464],[0.0115,51.4567],[0.0194,51.4517],[0.0151,51.45],[0.0223,51.4481],[0.0215,51.4427],[0.0294,51.4417],[0.0254,51.4357],[0.0287,51.4364],[0.031,51.4321],[0.0377,51.4333],[0.039,51.4247],[0.0347,51.4234],[0.0254,51.429],[0.0209,51.4268],[0.0081,51.423],[0.0035,51.4174],[-0.0076,51.4145],[-0.021,51.416],[-0.0208,51.4209],[-0.0334,51.4246],[-0.04,51.4243],[-0.0563,51.423],[-0.0739,51.4262],[-0.0728,51.4321],[-0.0634,51.4375],[-0.0623,51.4474],[-0.0576,51.4503],[-0.0462,51.4499],[-0.0416,51.455],[-0.0462,51.457],[-0.0527,51.478],[-0.0543,51.4786],[-0.054,51.4879],[-0.0502,51.4881],[-0.0494,51.49],[-0.0426,51.4902],[-0.0405,51.4928],[-0.0324,51.4934]]]}},{"type":"Feature","properties":{"areacd":"E09000024","areanm":"Merton"},"geometry":{"type":"Polygon","coordinates":[[[-0.1278,51.4123],[-0.1315,51.4049],[-0.1254,51.3988],[-0.1343,51.3909],[-0.1344,51.3909],[-0.1527,51.3898],[-0.1653,51.388],[-0.1701,51.3917],[-0.1748,51.3934],[-0.1822,51.3883],[-0.1898,51.3861],[-0.194,51.3879],[-0.2003,51.385],[-0.2089,51.3879],[-0.2182,51.3802],[-0.2347,51.3905],[-0.2398,51.3893],[-0.2408,51.3921],[-0.2466,51.3992],[-0.2447,51.4039],[-0.2471,51.4096],[-0.2495,51.4148],[-0.2542,51.4293],[-0.2511,51.4326],[-0.2245,51.4386],[-0.209,51.4383],[-0.2045,51.439],[-0.1901,51.4415],[-0.1911,51.433],[-0.1843,51.4313],[-0.1819,51.4247],[-0.1788,51.4243],[-0.1733,51.4231],[-0.1617,51.4199],[-0.1596,51.4226],[-0.1446,51.4178],[-0.1404,51.4192],[-0.1433,51.4173],[-0.148,51.4129],[-0.1278,51.4123]]]}},{"type":"Feature","properties":{"areacd":"E09000025","areanm":"Newham"},"geometry":{"type":"MultiPolygon","coordinates":[[[[0.0804,51.5276],[0.0802,51.5275],[0.092,51.5256],[0.0941,51.5179],[0.0968,51.5152],[0.0846,51.5122],[0.0773,51.5052],[0.077,51.5049],[0.0733,51.5006],[0.0728,51.4999],[0.0587,51.4983],[0.0413,51.4999],[0.0244,51.4983],[0.0176,51.5006],[0.0163,51.5016],[0.0157,51.5021],[0.0131,51.5041],[0.0097,51.5068],[0.01,51.509],[0.0074,51.5097],[0.0073,51.5142],[0.0022,51.511],[0.0041,51.5146],[-0.0021,51.5179],[-0.0058,51.5168],[-0.0081,51.5238],[-0.0078,51.5253],[-0.0078,51.5254],[-0.0137,51.5298],[-0.0213,51.5365],[-0.0166,51.5434],[-0.0172,51.5516],[-0.0108,51.5526],[-0.0087,51.5499],[0.0057,51.5519],[0.0055,51.5507],[0.0203,51.5563],[0.0252,51.5541],[0.0354,51.5553],[0.0462,51.5548],[0.0441,51.5578],[0.0419,51.5615],[0.0503,51.564],[0.0526,51.5617],[0.06,51.5565],[0.0636,51.5573],[0.0678,51.5531],[0.0683,51.5444],[0.0683,51.5443],[0.0687,51.5362],[0.0726,51.5308],[0.0804,51.5276]]],[[[0.0076,51.5094],[0.0092,51.5087],[0.0084,51.5071],[0.0076,51.5074],[0.0076,51.5094]]]]}},{"type":"Feature","properties":{"areacd":"E09000026","areanm":"Redbridge"},"geometry":{"type":"Polygon","coordinates":[[[0.0218,51.6288],[0.0407,51.6157],[0.0536,51.6183],[0.0481,51.6133],[0.0625,51.6071],[0.0631,51.6069],[0.0871,51.6045],[0.0946,51.6107],[0.0923,51.6136],[0.098,51.6154],[0.1038,51.6125],[0.1167,51.6169],[0.1193,51.6154],[0.1293,51.6214],[0.1383,51.6235],[0.1475,51.6123],[0.149,51.6015],[0.1482,51.599],[0.1419,51.5966],[0.1264,51.5867],[0.1278,51.5816],[0.1335,51.58],[0.1293,51.5763],[0.13,51.5708],[0.1297,51.5681],[0.1293,51.5665],[0.1251,51.5643],[0.119,51.5631],[0.1204,51.5585],[0.1133,51.5573],[0.1125,51.553],[0.1074,51.552],[0.1062,51.551],[0.0935,51.5458],[0.0926,51.5497],[0.0886,51.5477],[0.0802,51.5448],[0.0683,51.5444],[0.0678,51.5531],[0.0636,51.5573],[0.06,51.5565],[0.0526,51.5617],[0.0503,51.564],[0.0419,51.5615],[0.0441,51.5578],[0.0462,51.5548],[0.0354,51.5553],[0.0252,51.5541],[0.0203,51.5563],[0.0142,51.5638],[0.019,51.5665],[0.0189,51.5723],[0.0165,51.5729],[0.015,51.5834],[0.0123,51.5943],[0.0125,51.5954],[0.0176,51.6054],[0.0192,51.6082],[0.021,51.6125],[0.0087,51.6191],[0.0145,51.6189],[0.0202,51.6264],[0.0218,51.6288]]]}},{"type":"Feature","properties":{"areacd":"E09000027","areanm":"Richmond upon Thames"},"geometry":{"type":"Polygon","coordinates":[[[-0.3833,51.4085],[-0.3897,51.4107],[-0.3867,51.4201],[-0.3914,51.4223],[-0.3849,51.4213],[-0.3884,51.4281],[-0.3762,51.4355],[-0.3671,51.4417],[-0.3842,51.4457],[-0.3877,51.4494],[-0.3696,51.457],[-0.3681,51.4572],[-0.3428,51.4581],[-0.3418,51.459],[-0.337,51.4546],[-0.327,51.457],[-0.3254,51.4636],[-0.3207,51.4654],[-0.3187,51.4709],[-0.3105,51.4739],[-0.2974,51.4852],[-0.2876,51.487],[-0.2787,51.4835],[-0.2699,51.4731],[-0.2597,51.4709],[-0.2526,51.474],[-0.2497,51.4835],[-0.2434,51.4879],[-0.2345,51.4896],[-0.2287,51.487],[-0.2257,51.4821],[-0.2216,51.4724],[-0.2329,51.4717],[-0.2337,51.4653],[-0.244,51.4652],[-0.2529,51.4652],[-0.2592,51.4549],[-0.2416,51.4431],[-0.2541,51.4373],[-0.2563,51.4363],[-0.2866,51.4202],[-0.2906,51.429],[-0.2948,51.4265],[-0.3016,51.4314],[-0.3107,51.4322],[-0.3145,51.4283],[-0.3065,51.4227],[-0.3078,51.4165],[-0.3084,51.4135],[-0.3121,51.3981],[-0.3131,51.3971],[-0.3177,51.3937],[-0.326,51.3914],[-0.3384,51.4008],[-0.3591,51.4119],[-0.3739,51.4085],[-0.3833,51.4085]]]}},{"type":"Feature","properties":{"areacd":"E09000028","areanm":"Southwark"},"geometry":{"type":"Polygon","coordinates":[[[-0.1086,51.5084],[-0.0968,51.5085],[-0.0882,51.5071],[-0.0818,51.5061],[-0.0718,51.5032],[-0.0715,51.5031],[-0.0647,51.5009],[-0.0597,51.501],[-0.0562,51.5011],[-0.0526,51.5028],[-0.0484,51.5046],[-0.0471,51.5052],[-0.043,51.5072],[-0.0379,51.5076],[-0.0339,51.5061],[-0.0321,51.5044],[-0.0321,51.5024],[-0.0324,51.4934],[-0.0405,51.4928],[-0.0426,51.4902],[-0.0494,51.49],[-0.0502,51.4881],[-0.054,51.4879],[-0.0543,51.4786],[-0.0527,51.478],[-0.0462,51.457],[-0.0416,51.455],[-0.0462,51.4499],[-0.0576,51.4503],[-0.0623,51.4474],[-0.0634,51.4375],[-0.0728,51.4321],[-0.0739,51.4262],[-0.0784,51.4206],[-0.0836,51.423],[-0.0905,51.4361],[-0.0928,51.4411],[-0.1008,51.4504],[-0.0923,51.4611],[-0.0911,51.4676],[-0.093,51.472],[-0.096,51.4699],[-0.0994,51.4726],[-0.0999,51.4769],[-0.1056,51.4791],[-0.1082,51.4803],[-0.104,51.4809],[-0.1085,51.4858],[-0.1033,51.4915],[-0.111,51.4955],[-0.1059,51.502],[-0.1086,51.5084]]]}},{"type":"Feature","properties":{"areacd":"E09000029","areanm":"Sutton"},"geometry":{"type":"Polygon","coordinates":[[[-0.2211,51.3299],[-0.2298,51.3365],[-0.2173,51.3434],[-0.227,51.3626],[-0.234,51.3654],[-0.2454,51.3668],[-0.2447,51.3691],[-0.2451,51.38],[-0.245,51.3806],[-0.2398,51.3893],[-0.2347,51.3905],[-0.2182,51.3802],[-0.2089,51.3879],[-0.2003,51.385],[-0.194,51.3879],[-0.1898,51.3861],[-0.1822,51.3883],[-0.1748,51.3934],[-0.1701,51.3917],[-0.1653,51.388],[-0.1527,51.3898],[-0.1344,51.3909],[-0.1325,51.3901],[-0.1234,51.3706],[-0.1212,51.3631],[-0.1247,51.3589],[-0.1173,51.3457],[-0.1269,51.3449],[-0.1283,51.3475],[-0.1443,51.3402],[-0.1443,51.3399],[-0.1475,51.3388],[-0.1441,51.3307],[-0.1493,51.3288],[-0.1446,51.3265],[-0.1456,51.3235],[-0.1566,51.3215],[-0.1643,51.326],[-0.1631,51.3303],[-0.173,51.33],[-0.1824,51.338],[-0.1846,51.3392],[-0.1973,51.3436],[-0.2021,51.3401],[-0.2131,51.3355],[-0.2141,51.3304],[-0.2211,51.3299]]]}},{"type":"Feature","properties":{"areacd":"E09000030","areanm":"Tower Hamlets"},"geometry":{"type":"Polygon","coordinates":[[[0.0074,51.5097],[0.0066,51.51],[0.0057,51.51],[0.0076,51.5094],[0.0076,51.5074],[0.0037,51.5082],[-0.0029,51.507],[-0.0082,51.502],[-0.009,51.5012],[-0.0032,51.4912],[-0.0027,51.4906],[-0.0062,51.4871],[-0.0158,51.4858],[-0.0237,51.4886],[-0.0276,51.494],[-0.0278,51.4941],[-0.0272,51.5023],[-0.0271,51.5033],[-0.03,51.5074],[-0.041,51.51],[-0.0418,51.5098],[-0.0497,51.5079],[-0.0602,51.5029],[-0.0604,51.5028],[-0.0605,51.5029],[-0.0786,51.5077],[-0.0746,51.51],[-0.0731,51.5118],[-0.074,51.5145],[-0.0769,51.5167],[-0.0785,51.5215],[-0.076,51.5224],[-0.0757,51.5284],[-0.0663,51.5312],[-0.0626,51.5355],[-0.0573,51.5344],[-0.0529,51.5349],[-0.0407,51.5381],[-0.0373,51.5413],[-0.0331,51.5447],[-0.0289,51.5423],[-0.0166,51.5434],[-0.0213,51.5365],[-0.0137,51.5298],[-0.0078,51.5254],[-0.0078,51.5253],[-0.0081,51.5238],[-0.0058,51.5168],[-0.0021,51.5179],[0.0041,51.5146],[0.0022,51.511],[0.0073,51.5142],[0.0074,51.5097]]]}},{"type":"Feature","properties":{"areacd":"E09000031","areanm":"Waltham Forest"},"geometry":{"type":"Polygon","coordinates":[[[-0.0123,51.6462],[0.001,51.6418],[0.0226,51.6411],[0.0251,51.6373],[0.0252,51.6352],[0.0218,51.6288],[0.0202,51.6264],[0.0145,51.6189],[0.0087,51.6191],[0.021,51.6125],[0.0192,51.6082],[0.0176,51.6054],[0.0125,51.5954],[0.0123,51.5943],[0.015,51.5834],[0.0165,51.5729],[0.0189,51.5723],[0.019,51.5665],[0.0142,51.5638],[0.0203,51.5563],[0.0055,51.5507],[0.0057,51.5519],[-0.0087,51.5499],[-0.0108,51.5526],[-0.0172,51.5516],[-0.0172,51.5517],[-0.0301,51.5614],[-0.045,51.5618],[-0.0513,51.5677],[-0.0613,51.5778],[-0.0598,51.5815],[-0.0531,51.5869],[-0.0502,51.5969],[-0.0414,51.6056],[-0.034,51.6095],[-0.0355,51.613],[-0.026,51.6218],[-0.0252,51.6225],[-0.0229,51.6258],[-0.0168,51.6335],[-0.0147,51.6367],[-0.0123,51.6462]]]}},{"type":"Feature","properties":{"areacd":"E09000032","areanm":"Wandsworth"},"geometry":{"type":"Polygon","coordinates":[[[-0.1877,51.4651],[-0.1869,51.4643],[-0.178,51.4706],[-0.1743,51.4789],[-0.1663,51.4813],[-0.1285,51.485],[-0.128,51.4853],[-0.1265,51.4845],[-0.1307,51.4802],[-0.134,51.4756],[-0.1396,51.4714],[-0.1506,51.4676],[-0.1496,51.4613],[-0.1482,51.4564],[-0.1478,51.4523],[-0.1422,51.451],[-0.1435,51.4418],[-0.136,51.442],[-0.1375,51.4401],[-0.1398,51.4357],[-0.1353,51.4303],[-0.1383,51.4305],[-0.1379,51.4211],[-0.1404,51.4192],[-0.1446,51.4178],[-0.1596,51.4226],[-0.1617,51.4199],[-0.1733,51.4231],[-0.1788,51.4243],[-0.1819,51.4247],[-0.1843,51.4313],[-0.1911,51.433],[-0.1901,51.4415],[-0.2045,51.439],[-0.209,51.4383],[-0.2245,51.4386],[-0.2511,51.4326],[-0.2541,51.4373],[-0.2416,51.4431],[-0.2592,51.4549],[-0.2529,51.4652],[-0.244,51.4652],[-0.2337,51.4653],[-0.2329,51.4717],[-0.2216,51.4724],[-0.2127,51.4668],[-0.1974,51.4641],[-0.1951,51.4639],[-0.1877,51.465],[-0.1877,51.4651]]]}},{"type":"Feature","properties":{"areacd":"E09000033","areanm":"Westminster"},"geometry":{"type":"Polygon","coordinates":[[[-0.1115,51.5108],[-0.1115,51.5108],[-0.1214,51.5074],[-0.1223,51.5039],[-0.1247,51.4947],[-0.1249,51.4944],[-0.1285,51.4883],[-0.1285,51.4882],[-0.138,51.4848],[-0.1382,51.4848],[-0.1501,51.4855],[-0.1506,51.4854],[-0.1557,51.4911],[-0.1559,51.4947],[-0.1585,51.5023],[-0.1656,51.4987],[-0.1796,51.4978],[-0.1843,51.5018],[-0.1879,51.5102],[-0.1921,51.5099],[-0.1944,51.5127],[-0.1992,51.5146],[-0.1999,51.5168],[-0.2038,51.5206],[-0.2016,51.5227],[-0.2073,51.5262],[-0.2156,51.5267],[-0.216,51.5279],[-0.2153,51.5314],[-0.2031,51.5329],[-0.203,51.5329],[-0.1966,51.5277],[-0.1915,51.5363],[-0.1888,51.5345],[-0.1785,51.5398],[-0.165,51.5358],[-0.1605,51.5373],[-0.1527,51.5375],[-0.1472,51.525],[-0.1435,51.5239],[-0.1392,51.5208],[-0.1304,51.5164],[-0.1291,51.5134],[-0.1115,51.5153],[-0.1115,51.5108]]]}},{"type":"Feature","properties":{"areacd":"E06000058","areanm":"Bournemouth, Christchurch and Poole"},"geometry":{"type":"MultiPolygon","coordinates":[[[[-1.6918,50.7373],[-1.6927,50.7374],[-1.718,50.7351],[-1.7221,50.7347],[-1.7222,50.7347],[-1.7408,50.7243],[-1.741,50.7241],[-1.7423,50.7235],[-1.7426,50.7246],[-1.7434,50.7283],[-1.7526,50.7275],[-1.7542,50.7274],[-1.7571,50.7302],[-1.7576,50.7236],[-1.7621,50.7253],[-1.7603,50.7228],[-1.7644,50.7233],[-1.7655,50.7289],[-1.7718,50.7296],[-1.7689,50.7307],[-1.7716,50.7367],[-1.7741,50.7378],[-1.7741,50.7377],[-1.7747,50.7375],[-1.7739,50.7345],[-1.7718,50.7315],[-1.7707,50.7305],[-1.7716,50.7303],[-1.7718,50.7303],[-1.7886,50.7304],[-1.7909,50.7305],[-1.7923,50.7305],[-1.7925,50.7307],[-1.7929,50.7365],[-1.7931,50.7365],[-1.7933,50.7365],[-1.7942,50.7308],[-1.7926,50.7302],[-1.7739,50.7296],[-1.767,50.7218],[-1.7609,50.7201],[-1.7657,50.7199],[-1.7634,50.7186],[-1.7471,50.718],[-1.7502,50.7174],[-1.746,50.7155],[-1.7426,50.7215],[-1.7426,50.7216],[-1.7408,50.7236],[-1.741,50.7216],[-1.7489,50.711],[-1.768,50.7161],[-1.7693,50.7165],[-1.8089,50.7207],[-1.8091,50.7207],[-1.8162,50.7208],[-1.8377,50.7201],[-1.838,50.7201],[-1.8438,50.7195],[-1.8441,50.7195],[-1.8652,50.7175],[-1.8762,50.7154],[-1.8764,50.7154],[-1.9009,50.7094],[-1.9206,50.7007],[-1.9469,50.6828],[-1.9513,50.6866],[-1.9321,50.6939],[-1.9382,50.7009],[-1.9478,50.7069],[-1.9521,50.7041],[-1.9501,50.7091],[-1.9492,50.7112],[-1.953,50.7116],[-1.9537,50.7083],[-1.9603,50.7119],[-1.9576,50.7153],[-1.9632,50.7157],[-1.9727,50.7104],[-1.9926,50.7127],[-1.9897,50.7188],[-1.9846,50.7203],[-1.9923,50.7234],[-1.9923,50.7294],[-2.0014,50.7296],[-2.0031,50.7296],[-2.0052,50.7296],[-2.0014,50.7297],[-1.992,50.7298],[-1.9972,50.7356],[-2.0014,50.7348],[-2.0102,50.7333],[-2.0105,50.7327],[-2.0118,50.7288],[-2.0056,50.7296],[-2.0114,50.7266],[-2.0073,50.7269],[-2.0031,50.7178],[-2.0014,50.7178],[-1.9939,50.7178],[-1.9934,50.7123],[-1.991,50.7118],[-1.9871,50.7112],[-1.9865,50.7082],[-1.9966,50.7073],[-2.0002,50.7108],[-2.0014,50.7108],[-2.0102,50.7105],[-2.0136,50.7103],[-2.0402,50.7191],[-2.035,50.7228],[-2.0368,50.726],[-2.0326,50.7274],[-2.0247,50.7294],[-2.0226,50.7366],[-2.0166,50.7363],[-2.0127,50.7483],[-2.0127,50.7485],[-2.0102,50.7738],[-2.0094,50.7826],[-1.9991,50.7881],[-2.0059,50.7909],[-1.9911,50.7914],[-1.9663,50.7909],[-1.9523,50.7905],[-1.9408,50.7988],[-1.9352,50.7943],[-1.9371,50.7828],[-1.9326,50.78],[-1.9195,50.784],[-1.9193,50.7747],[-1.9142,50.7734],[-1.8939,50.7801],[-1.8835,50.7721],[-1.8735,50.7634],[-1.8654,50.7739],[-1.8645,50.7958],[-1.8646,50.8066],[-1.8567,50.8049],[-1.8452,50.8096],[-1.8339,50.8001],[-1.8039,50.796],[-1.8009,50.7941],[-1.806,50.792],[-1.801,50.7919],[-1.7975,50.7838],[-1.7878,50.7789],[-1.7883,50.7669],[-1.7834,50.7647],[-1.7761,50.7664],[-1.7689,50.7698],[-1.7702,50.7726],[-1.7492,50.7795],[-1.739,50.7633],[-1.7447,50.7561],[-1.7442,50.7475],[-1.7137,50.7523],[-1.6818,50.7519],[-1.6847,50.7438],[-1.6918,50.7373]]],[[[-2.0014,50.7315],[-2.0034,50.7309],[-2.0014,50.7327],[-1.9998,50.7341],[-2.0004,50.7318],[-2.0014,50.7315]]],[[[-1.7716,50.736],[-1.7697,50.7311],[-1.7718,50.7328],[-1.7739,50.7347],[-1.7718,50.7364],[-1.7716,50.736]]]]}},{"type":"Feature","properties":{"areacd":"E06000059","areanm":"Dorset"},"geometry":{"type":"MultiPolygon","coordinates":[[[[-2.9474,50.7183],[-2.9531,50.7285],[-2.9379,50.7441],[-2.9405,50.7499],[-2.935,50.7543],[-2.9526,50.7614],[-2.9543,50.7677],[-2.9392,50.7784],[-2.9295,50.7824],[-2.9074,50.7851],[-2.8975,50.7861],[-2.8869,50.7925],[-2.8903,50.8035],[-2.9187,50.8056],[-2.9384,50.8098],[-2.9479,50.8154],[-2.9613,50.8157],[-2.9543,50.8212],[-2.9474,50.8237],[-2.9417,50.8359],[-2.9345,50.8365],[-2.9301,50.841],[-2.9165,50.8418],[-2.8862,50.8506],[-2.8791,50.8465],[-2.8769,50.8493],[-2.8452,50.8516],[-2.8427,50.8474],[-2.829,50.8487],[-2.829,50.8517],[-2.8177,50.8556],[-2.8115,50.8634],[-2.8004,50.8562],[-2.789,50.8535],[-2.7823,50.8597],[-2.7618,50.8608],[-2.7599,50.866],[-2.7549,50.8668],[-2.7505,50.8638],[-2.7231,50.8662],[-2.7147,50.8639],[-2.7144,50.8712],[-2.7071,50.8698],[-2.6957,50.876],[-2.679,50.8775],[-2.6606,50.8871],[-2.6503,50.8833],[-2.6472,50.8884],[-2.628,50.8863],[-2.6241,50.8793],[-2.6112,50.885],[-2.6098,50.8919],[-2.6148,50.8933],[-2.6241,50.9079],[-2.6166,50.9134],[-2.6148,50.9233],[-2.604,50.9267],[-2.604,50.931],[-2.616,50.9415],[-2.6117,50.9402],[-2.6017,50.9469],[-2.5982,50.9486],[-2.5996,50.9544],[-2.5985,50.9595],[-2.5948,50.9621],[-2.5999,50.9674],[-2.598,50.9735],[-2.6034,50.9764],[-2.5959,50.9813],[-2.5893,50.9769],[-2.5843,50.9789],[-2.5749,50.9833],[-2.5746,50.9867],[-2.5624,50.9777],[-2.5562,50.9795],[-2.5454,50.9851],[-2.5447,50.9917],[-2.552,50.9937],[-2.5515,50.9964],[-2.5473,50.9964],[-2.5475,50.9995],[-2.5352,50.9994],[-2.5356,50.994],[-2.5265,50.9919],[-2.511,50.9944],[-2.5023,50.9938],[-2.4884,50.9758],[-2.4902,50.9728],[-2.4746,50.9625],[-2.4747,50.958],[-2.4668,50.9598],[-2.4587,50.9543],[-2.4587,50.9498],[-2.4526,50.9503],[-2.4434,50.9585],[-2.4472,50.9679],[-2.4319,50.9713],[-2.425,50.9703],[-2.4149,50.9606],[-2.3835,50.9724],[-2.3446,50.9788],[-2.3439,50.9844],[-2.3551,50.9909],[-2.3778,50.9914],[-2.3819,51.002],[-2.3756,51.0093],[-2.3781,51.0117],[-2.3693,51.0143],[-2.3607,51.0252],[-2.3498,51.0301],[-2.33,51.0414],[-2.3326,51.0506],[-2.3401,51.0561],[-2.3445,51.0555],[-2.35,51.0688],[-2.3438,51.0746],[-2.3343,51.0753],[-2.3259,51.0797],[-2.2913,51.0771],[-2.2686,51.0687],[-2.2447,51.0723],[-2.2258,51.0576],[-2.218,51.0552],[-2.2053,51.0428],[-2.1932,51.0377],[-2.1887,51.0253],[-2.1886,51.0185],[-2.1764,51.0128],[-2.1782,51.0083],[-2.1718,51.001],[-2.1482,50.9863],[-2.1198,50.9782],[-2.1206,50.9694],[-2.1195,50.9597],[-2.1105,50.9555],[-2.103,50.9456],[-2.083,50.9513],[-2.0673,50.9518],[-2.0583,50.9636],[-2.0412,50.9681],[-2.0372,50.972],[-1.994,50.9757],[-1.9852,50.9848],[-1.9655,50.992],[-1.9568,50.9898],[-1.9555,50.9783],[-1.9448,50.9758],[-1.9392,50.9697],[-1.9298,50.9678],[-1.921,50.9615],[-1.9093,50.9453],[-1.8804,50.925],[-1.8738,50.9172],[-1.8635,50.9194],[-1.8512,50.9288],[-1.8403,50.9319],[-1.8345,50.9294],[-1.8107,50.9272],[-1.8204,50.9121],[-1.8165,50.904],[-1.8249,50.8958],[-1.8399,50.8979],[-1.8485,50.8899],[-1.8441,50.8868],[-1.848,50.8823],[-1.8478,50.8697],[-1.8535,50.8665],[-1.851,50.8587],[-1.8296,50.8553],[-1.8148,50.8587],[-1.8115,50.8646],[-1.8057,50.8592],[-1.8055,50.852],[-1.7999,50.8485],[-1.8033,50.8445],[-1.7906,50.8363],[-1.7967,50.8332],[-1.7944,50.831],[-1.8036,50.83],[-1.8018,50.821],[-1.8073,50.8163],[-1.8029,50.8135],[-1.8117,50.8087],[-1.8097,50.805],[-1.8015,50.7997],[-1.8039,50.796],[-1.8339,50.8001],[-1.8452,50.8096],[-1.8567,50.8049],[-1.8646,50.8066],[-1.8645,50.7958],[-1.8654,50.7739],[-1.8735,50.7634],[-1.8835,50.7721],[-1.8939,50.7801],[-1.9142,50.7734],[-1.9193,50.7747],[-1.9195,50.784],[-1.9326,50.78],[-1.9371,50.7828],[-1.9352,50.7943],[-1.9408,50.7988],[-1.9523,50.7905],[-1.9663,50.7909],[-1.9911,50.7914],[-2.0059,50.7909],[-1.9991,50.7881],[-2.0094,50.7826],[-2.0102,50.7738],[-2.0127,50.7485],[-2.0127,50.7483],[-2.0166,50.7363],[-2.0226,50.7366],[-2.0247,50.7294],[-2.0326,50.7274],[-2.0269,50.7293],[-2.0352,50.7279],[-2.0352,50.7284],[-2.0349,50.7301],[-2.0425,50.7319],[-2.0501,50.7257],[-2.0515,50.7281],[-2.051,50.7252],[-2.0482,50.7228],[-2.0417,50.7238],[-2.0441,50.7197],[-2.0415,50.7199],[-2.0415,50.7197],[-2.0469,50.7175],[-2.0415,50.714],[-2.0556,50.7178],[-2.0628,50.7166],[-2.0709,50.7099],[-2.0714,50.7077],[-2.0576,50.7056],[-2.0723,50.7051],[-2.0711,50.6979],[-2.0792,50.6948],[-2.0793,50.6953],[-2.0836,50.6932],[-2.0793,50.6944],[-2.0783,50.6887],[-2.0837,50.6909],[-2.0836,50.6907],[-2.0812,50.6863],[-2.0657,50.6867],[-2.0544,50.6998],[-2.043,50.703],[-2.0399,50.7072],[-2.026,50.7074],[-2.0181,50.7016],[-2.0331,50.7021],[-2.0292,50.7012],[-2.0302,50.6971],[-2.026,50.6982],[-2.024,50.6907],[-2.0279,50.6889],[-2.0244,50.6876],[-2.0369,50.6805],[-2.0465,50.6814],[-2.0527,50.678],[-2.0465,50.679],[-2.0511,50.6779],[-2.0473,50.6741],[-2.0465,50.6781],[-2.0352,50.6791],[-2.0252,50.6844],[-2.0247,50.6846],[-2.0252,50.6842],[-2.0298,50.6806],[-2.0269,50.6815],[-2.0266,50.6781],[-2.0266,50.678],[-2.0327,50.6734],[-2.0302,50.674],[-2.0288,50.6744],[-2.0249,50.6726],[-2.0273,50.668],[-2.0228,50.6724],[-2.026,50.6747],[-2.0231,50.6776],[-2.021,50.6762],[-2.0221,50.6821],[-2.0115,50.6828],[-2.004,50.6778],[-2.013,50.6742],[-2.0094,50.6747],[-2.0097,50.6709],[-2.0072,50.6754],[-2.0014,50.6762],[-1.9986,50.6766],[-1.9958,50.6734],[-2.0014,50.671],[-2.0018,50.6707],[-2.0014,50.6704],[-1.9958,50.6672],[-1.9918,50.6727],[-1.9784,50.677],[-1.9853,50.6699],[-1.9808,50.6639],[-1.9747,50.6652],[-1.9782,50.6593],[-1.9729,50.6643],[-1.9681,50.6605],[-1.9711,50.6694],[-1.9634,50.6705],[-1.9613,50.6749],[-1.9581,50.6723],[-1.9498,50.6801],[-1.9475,50.6781],[-1.9469,50.6756],[-1.9434,50.6745],[-1.9417,50.6731],[-1.9523,50.6563],[-1.9494,50.6459],[-1.9408,50.6407],[-1.9237,50.642],[-1.9332,50.6309],[-1.9437,50.6292],[-1.9543,50.6197],[-1.9563,50.6179],[-1.9563,50.6167],[-1.9566,50.6164],[-1.9563,50.6156],[-1.9566,50.6092],[-1.9534,50.6088],[-1.953,50.6076],[-1.9449,50.6076],[-1.944,50.6075],[-1.9476,50.6048],[-1.9516,50.6026],[-1.9514,50.6019],[-1.9526,50.601],[-1.9513,50.595],[-1.9513,50.5943],[-1.961,50.5908],[-1.9882,50.5908],[-2.0014,50.5902],[-2.0268,50.5889],[-2.0312,50.5859],[-2.0397,50.5802],[-2.0475,50.5783],[-2.0553,50.5765],[-2.062,50.5813],[-2.0634,50.5932],[-2.0636,50.5932],[-2.0728,50.5923],[-2.077,50.5954],[-2.103,50.5972],[-2.127,50.6042],[-2.1311,50.6088],[-2.1344,50.6126],[-2.146,50.6085],[-2.1474,50.6093],[-2.1473,50.6106],[-2.1496,50.6106],[-2.1577,50.6154],[-2.1874,50.6149],[-2.185,50.6181],[-2.1848,50.6182],[-2.188,50.6196],[-2.1931,50.6217],[-2.1931,50.6218],[-2.2071,50.6224],[-2.2205,50.6202],[-2.2206,50.62],[-2.2208,50.6199],[-2.2208,50.6197],[-2.221,50.6195],[-2.2231,50.6169],[-2.2334,50.6162],[-2.2379,50.6161],[-2.246,50.6166],[-2.246,50.6194],[-2.2463,50.6192],[-2.2463,50.6193],[-2.2484,50.6178],[-2.2497,50.617],[-2.2729,50.622],[-2.2931,50.6232],[-2.3242,50.6253],[-2.3387,50.632],[-2.3397,50.632],[-2.3425,50.6319],[-2.3656,50.631],[-2.3936,50.6367],[-2.3946,50.6365],[-2.3948,50.6366],[-2.3985,50.636],[-2.4111,50.6341],[-2.4113,50.6341],[-2.4234,50.6359],[-2.441,50.6266],[-2.4411,50.6265],[-2.4439,50.6242],[-2.444,50.624],[-2.4479,50.6188],[-2.4526,50.6129],[-2.4505,50.6086],[-2.4437,50.609],[-2.4508,50.6045],[-2.4505,50.6043],[-2.4507,50.6042],[-2.4503,50.6034],[-2.4495,50.602],[-2.4492,50.6019],[-2.4489,50.6015],[-2.435,50.5971],[-2.4334,50.5966],[-2.4424,50.5991],[-2.45,50.6013],[-2.45,50.6012],[-2.45,50.6012],[-2.4513,50.6005],[-2.4636,50.5939],[-2.4647,50.5932],[-2.4662,50.5918],[-2.4663,50.5917],[-2.4713,50.5847],[-2.4724,50.5845],[-2.4878,50.5911],[-2.4957,50.5951],[-2.4981,50.5963],[-2.4981,50.5966],[-2.4957,50.6029],[-2.5014,50.6069],[-2.5065,50.606],[-2.5085,50.6113],[-2.5136,50.6102],[-2.5175,50.6179],[-2.5317,50.6175],[-2.5333,50.6185],[-2.5456,50.6259],[-2.5488,50.6249],[-2.552,50.6274],[-2.5467,50.6277],[-2.5453,50.6309],[-2.558,50.6308],[-2.5605,50.6392],[-2.567,50.6381],[-2.5704,50.6376],[-2.5985,50.6491],[-2.5982,50.654],[-2.6115,50.6541],[-2.5669,50.6312],[-2.542,50.6184],[-2.5162,50.6052],[-2.5026,50.5976],[-2.47,50.5781],[-2.4695,50.5824],[-2.4614,50.5722],[-2.461,50.5716],[-2.4608,50.5716],[-2.4604,50.571],[-2.4459,50.5683],[-2.445,50.5685],[-2.4411,50.5688],[-2.4407,50.5695],[-2.439,50.5699],[-2.439,50.5693],[-2.4387,50.5694],[-2.4385,50.5693],[-2.4387,50.5692],[-2.4382,50.5692],[-2.4333,50.5677],[-2.4221,50.5693],[-2.4287,50.5671],[-2.4239,50.5621],[-2.4158,50.5492],[-2.4182,50.5427],[-2.4295,50.536],[-2.4295,50.536],[-2.4429,50.5205],[-2.4566,50.5131],[-2.4592,50.5142],[-2.4571,50.5244],[-2.4537,50.5389],[-2.4563,50.5425],[-2.4497,50.5557],[-2.4505,50.5586],[-2.451,50.5617],[-2.4514,50.562],[-2.4516,50.5623],[-2.504,50.5966],[-2.5173,50.6043],[-2.5443,50.6184],[-2.5669,50.6303],[-2.5922,50.6436],[-2.6516,50.6697],[-2.6527,50.67],[-2.7603,50.7089],[-2.7615,50.709],[-2.7676,50.7109],[-2.7676,50.711],[-2.7678,50.7111],[-2.777,50.7139],[-2.7833,50.7153],[-2.793,50.718],[-2.8112,50.7179],[-2.8177,50.7191],[-2.8304,50.7228],[-2.8361,50.7223],[-2.8514,50.7251],[-2.8945,50.7328],[-2.8949,50.7328],[-2.9159,50.7323],[-2.9172,50.7317],[-2.92,50.7317],[-2.9279,50.7283],[-2.9279,50.727],[-2.9378,50.7227],[-2.9359,50.719],[-2.9474,50.7183]]],[[[-1.9568,50.6882],[-1.9666,50.6859],[-1.9836,50.6871],[-1.9881,50.6925],[-1.9742,50.6972],[-1.9582,50.6949],[-1.9568,50.6882]]],[[[-2.0123,50.688],[-2.0173,50.6844],[-2.022,50.694],[-2.0186,50.6941],[-2.0146,50.6909],[-2.0179,50.6893],[-2.0123,50.688]]],[[[-1.9801,50.6835],[-1.9889,50.6817],[-1.9911,50.6842],[-1.9862,50.6847],[-1.9801,50.6835]]],[[[-1.9871,50.6793],[-1.9905,50.6771],[-1.9968,50.68],[-1.9939,50.6829],[-1.9955,50.6806],[-1.9871,50.6793]]],[[[-2.0421,50.7245],[-2.0468,50.7234],[-2.0459,50.7261],[-2.042,50.7261],[-2.0421,50.7245]]],[[[-2.0014,50.682],[-2.0029,50.6803],[-2.003,50.6839],[-2.0014,50.6839],[-1.9998,50.6838],[-2.0014,50.682]]],[[[-2.0046,50.6847],[-2.0052,50.6833],[-2.0097,50.6841],[-2.0046,50.6847]]],[[[-2.0071,50.6822],[-2.0052,50.6788],[-2.0084,50.6821],[-2.0071,50.6822]]],[[[-1.9913,50.6763],[-1.9946,50.6761],[-1.9936,50.6773],[-1.9913,50.6763]]],[[[-2.0728,50.6916],[-2.0724,50.6906],[-2.0744,50.6917],[-2.0736,50.6924],[-2.0728,50.6916]]],[[[-1.9778,50.6658],[-1.9802,50.6655],[-1.9792,50.6666],[-1.9778,50.6658]]],[[[-2.4375,50.5697],[-2.4334,50.571],[-2.4332,50.5711],[-2.4348,50.5705],[-2.4375,50.5697]]]]}},{"type":"Feature","properties":{"areacd":"E06000060","areanm":"Buckinghamshire"},"geometry":{"type":"Polygon","coordinates":[[[-0.49,51.4947],[-0.5318,51.4934],[-0.5288,51.4971],[-0.5271,51.5095],[-0.552,51.5091],[-0.564,51.5102],[-0.5686,51.5114],[-0.5652,51.5207],[-0.5752,51.5293],[-0.5681,51.5303],[-0.5672,51.5329],[-0.576,51.5339],[-0.581,51.5231],[-0.595,51.5242],[-0.5962,51.5279],[-0.607,51.5321],[-0.6107,51.5315],[-0.6178,51.5346],[-0.6196,51.5379],[-0.6249,51.538],[-0.6396,51.5371],[-0.6601,51.5275],[-0.6602,51.5204],[-0.655,51.5188],[-0.6538,51.5122],[-0.6593,51.5049],[-0.6538,51.5042],[-0.6535,51.5005],[-0.643,51.5027],[-0.6422,51.5006],[-0.6446,51.4965],[-0.6338,51.4927],[-0.6464,51.49],[-0.6517,51.4855],[-0.6622,51.4879],[-0.6785,51.4946],[-0.6885,51.5085],[-0.7032,51.5111],[-0.7021,51.5239],[-0.6927,51.544],[-0.6943,51.5622],[-0.6987,51.5656],[-0.7056,51.5622],[-0.7112,51.5643],[-0.7169,51.5772],[-0.7279,51.5772],[-0.7489,51.5684],[-0.7576,51.5648],[-0.7732,51.5673],[-0.7825,51.5562],[-0.791,51.5528],[-0.7945,51.5512],[-0.8102,51.5527],[-0.8249,51.5502],[-0.8289,51.5456],[-0.8375,51.547],[-0.8428,51.5448],[-0.8625,51.549],[-0.8728,51.5603],[-0.8797,51.5621],[-0.8874,51.5595],[-0.8969,51.5449],[-0.9032,51.5459],[-0.9017,51.5561],[-0.9214,51.5646],[-0.9242,51.5634],[-0.9394,51.574],[-0.9416,51.5855],[-0.9249,51.5909],[-0.9169,51.5993],[-0.9201,51.6036],[-0.9293,51.6043],[-0.9335,51.6016],[-0.9432,51.605],[-0.9385,51.6179],[-0.9498,51.6207],[-0.9501,51.6289],[-0.9353,51.6357],[-0.9377,51.6416],[-0.9507,51.6507],[-0.945,51.6498],[-0.9464,51.6538],[-0.9332,51.6526],[-0.9295,51.6557],[-0.9272,51.6514],[-0.923,51.657],[-0.9322,51.6649],[-0.9249,51.6654],[-0.9178,51.6724],[-0.9104,51.6738],[-0.8948,51.6683],[-0.8777,51.6684],[-0.8842,51.6738],[-0.898,51.6764],[-0.8868,51.6814],[-0.8799,51.6809],[-0.8948,51.6925],[-0.8867,51.7051],[-0.8877,51.7183],[-0.8972,51.7228],[-0.904,51.732],[-0.9127,51.737],[-0.9182,51.7372],[-0.924,51.7477],[-0.9284,51.7459],[-0.9333,51.7524],[-0.945,51.7536],[-0.9537,51.7578],[-0.9814,51.76],[-0.9832,51.7525],[-1.0016,51.7548],[-1.0074,51.7559],[-1.0315,51.7572],[-1.0297,51.746],[-1.0336,51.7446],[-1.0455,51.7446],[-1.055,51.7522],[-1.0665,51.7536],[-1.0728,51.7583],[-1.081,51.7565],[-1.0828,51.7641],[-1.0789,51.7713],[-1.083,51.7803],[-1.1065,51.7816],[-1.1154,51.7869],[-1.122,51.7871],[-1.1201,51.7923],[-1.1235,51.7942],[-1.1175,51.7992],[-1.1249,51.8075],[-1.1101,51.8173],[-1.1406,51.8347],[-1.1212,51.8453],[-1.1025,51.8403],[-1.0844,51.8306],[-1.0723,51.831],[-1.0715,51.8339],[-1.062,51.8324],[-1.047,51.8398],[-1.062,51.8442],[-1.066,51.8528],[-1.0647,51.8687],[-1.0692,51.8746],[-1.0776,51.8767],[-1.0702,51.8821],[-1.0704,51.8887],[-1.0767,51.8878],[-1.0936,51.8939],[-1.0843,51.8995],[-1.0863,51.9053],[-1.0794,51.9172],[-1.0867,51.9226],[-1.0756,51.9299],[-1.0776,51.9316],[-1.0621,51.9351],[-1.0559,51.9426],[-1.0565,51.9492],[-1.0791,51.9434],[-1.082,51.951],[-1.0953,51.9571],[-1.0782,51.981],[-1.0531,52.0025],[-1.061,52.0086],[-1.0739,52.0063],[-1.0772,52.0088],[-1.0881,52.0058],[-1.0959,52.015],[-1.1028,52.0121],[-1.112,52.0166],[-1.118,52.0154],[-1.1362,52.02],[-1.1314,52.0329],[-1.1172,52.0473],[-1.0833,52.0523],[-1.0767,52.0588],[-1.0717,52.0581],[-1.0621,52.0627],[-1.053,52.0596],[-1.0401,52.0659],[-1.031,52.0629],[-1.0263,52.0644],[-1.0297,52.0701],[-1.0423,52.0737],[-1.0263,52.0757],[-1.0076,52.0721],[-0.9678,52.0709],[-0.9608,52.0786],[-0.9519,52.0815],[-0.9401,52.0758],[-0.9445,52.07],[-0.9393,52.0673],[-0.9393,52.0621],[-0.9337,52.0626],[-0.9371,52.0588],[-0.9248,52.0365],[-0.9059,52.0212],[-0.8959,52.0281],[-0.89,52.0316],[-0.8832,52.0282],[-0.8777,52.0298],[-0.8713,52.0402],[-0.867,52.0401],[-0.8449,52.0227],[-0.8273,52.0152],[-0.8199,52.0123],[-0.818,52.0061],[-0.8123,52.006],[-0.8035,51.9855],[-0.7893,51.9879],[-0.7763,51.9886],[-0.7712,51.9829],[-0.7618,51.9853],[-0.7437,51.9752],[-0.7476,51.9735],[-0.7403,51.9699],[-0.714,51.9779],[-0.7179,51.9824],[-0.7134,51.9898],[-0.7016,51.987],[-0.6961,51.9822],[-0.6773,51.9767],[-0.669,51.9785],[-0.653,51.9692],[-0.6514,51.9683],[-0.6621,51.9556],[-0.6719,51.956],[-0.6703,51.9438],[-0.6824,51.9427],[-0.6803,51.9355],[-0.6817,51.9351],[-0.6915,51.927],[-0.7022,51.9091],[-0.6922,51.9002],[-0.6732,51.9018],[-0.6604,51.8945],[-0.6548,51.8879],[-0.6375,51.8826],[-0.6283,51.8821],[-0.6201,51.8855],[-0.6091,51.8756],[-0.5836,51.8703],[-0.5694,51.8581],[-0.5694,51.8518],[-0.5637,51.8512],[-0.5668,51.8508],[-0.5641,51.8471],[-0.5376,51.8314],[-0.5437,51.8245],[-0.5489,51.828],[-0.5537,51.8267],[-0.5572,51.831],[-0.5605,51.8302],[-0.5584,51.8248],[-0.5608,51.8264],[-0.5672,51.8198],[-0.5724,51.8194],[-0.582,51.8069],[-0.5917,51.8081],[-0.5949,51.814],[-0.612,51.812],[-0.633,51.8199],[-0.636,51.818],[-0.6477,51.8136],[-0.659,51.8154],[-0.6672,51.8158],[-0.6872,51.8391],[-0.6956,51.8411],[-0.6869,51.8492],[-0.6924,51.8571],[-0.6998,51.858],[-0.7071,51.8544],[-0.7145,51.8576],[-0.7221,51.8547],[-0.7227,51.85],[-0.7312,51.849],[-0.7364,51.8424],[-0.7457,51.8421],[-0.7392,51.8347],[-0.7234,51.8176],[-0.7192,51.8161],[-0.7093,51.8205],[-0.7012,51.8149],[-0.6827,51.7972],[-0.6822,51.7946],[-0.6902,51.7923],[-0.6815,51.7881],[-0.6761,51.7785],[-0.6735,51.7685],[-0.6437,51.7541],[-0.6285,51.7546],[-0.6138,51.7509],[-0.613,51.7474],[-0.5865,51.7521],[-0.5825,51.7453],[-0.5728,51.7359],[-0.5637,51.7396],[-0.5656,51.7365],[-0.5594,51.7373],[-0.5607,51.7341],[-0.5537,51.7341],[-0.5501,51.7306],[-0.5536,51.7284],[-0.5504,51.723],[-0.5613,51.718],[-0.5631,51.7119],[-0.5476,51.7032],[-0.544,51.6968],[-0.5486,51.6827],[-0.5389,51.6798],[-0.5243,51.6821],[-0.525,51.6787],[-0.5108,51.6798],[-0.505,51.6731],[-0.5147,51.6654],[-0.521,51.668],[-0.5243,51.6579],[-0.5326,51.663],[-0.5369,51.6606],[-0.5368,51.6524],[-0.531,51.6491],[-0.5373,51.6429],[-0.5392,51.638],[-0.5342,51.6371],[-0.5292,51.616],[-0.5226,51.6051],[-0.5179,51.6002],[-0.5005,51.5997],[-0.4892,51.5778],[-0.484,51.5751],[-0.4829,51.5628],[-0.4769,51.5596],[-0.4774,51.5553],[-0.4853,51.5507],[-0.4911,51.5446],[-0.4955,51.5384],[-0.4897,51.5301],[-0.4917,51.5189],[-0.4898,51.5115],[-0.4856,51.51],[-0.4832,51.5066],[-0.49,51.4947]]]}},{"type":"Feature","properties":{"areacd":"E06000061","areanm":"North Northamptonshire"},"geometry":{"type":"Polygon","coordinates":[[[-0.4947,52.6403],[-0.4888,52.6328],[-0.4861,52.6344],[-0.4735,52.6282],[-0.471,52.6179],[-0.4737,52.6144],[-0.4795,52.6144],[-0.481,52.6028],[-0.4855,52.6022],[-0.4907,52.5905],[-0.4976,52.5868],[-0.4917,52.5813],[-0.4788,52.5774],[-0.4788,52.5736],[-0.469,52.5749],[-0.4251,52.5824],[-0.4154,52.5787],[-0.4156,52.5701],[-0.4072,52.564],[-0.4196,52.5589],[-0.4154,52.5515],[-0.4022,52.5483],[-0.4013,52.5387],[-0.4046,52.5323],[-0.4135,52.5284],[-0.4119,52.5247],[-0.3909,52.5194],[-0.3778,52.5106],[-0.3544,52.5065],[-0.3522,52.5033],[-0.3591,52.4973],[-0.3596,52.4901],[-0.3478,52.4772],[-0.3497,52.4729],[-0.3416,52.4669],[-0.3535,52.4603],[-0.3719,52.437],[-0.3625,52.4335],[-0.4109,52.4128],[-0.4171,52.4116],[-0.4196,52.4073],[-0.4162,52.4036],[-0.4329,52.3963],[-0.4438,52.3838],[-0.4551,52.3857],[-0.4568,52.3823],[-0.4682,52.3829],[-0.4698,52.3799],[-0.4848,52.3816],[-0.4868,52.379],[-0.4961,52.3795],[-0.4885,52.374],[-0.4995,52.367],[-0.4987,52.3601],[-0.4774,52.3484],[-0.4832,52.3409],[-0.4666,52.3389],[-0.4653,52.3229],[-0.4763,52.318],[-0.4872,52.3211],[-0.5198,52.3177],[-0.5142,52.3147],[-0.5421,52.2897],[-0.534,52.2812],[-0.5313,52.2704],[-0.5392,52.2661],[-0.541,52.2565],[-0.5547,52.2582],[-0.5657,52.2535],[-0.5883,52.2738],[-0.6057,52.2788],[-0.6107,52.2795],[-0.627,52.2749],[-0.6314,52.27],[-0.6399,52.2724],[-0.6537,52.2683],[-0.6428,52.2334],[-0.6373,52.2273],[-0.6615,52.2081],[-0.6682,52.195],[-0.6847,52.1963],[-0.7056,52.1916],[-0.7116,52.1973],[-0.717,52.2133],[-0.7142,52.2211],[-0.7274,52.2381],[-0.7487,52.246],[-0.7645,52.2482],[-0.7913,52.2422],[-0.7951,52.2541],[-0.8012,52.2535],[-0.8026,52.263],[-0.8091,52.2753],[-0.806,52.2882],[-0.818,52.3096],[-0.7858,52.3306],[-0.7887,52.3473],[-0.7963,52.3616],[-0.8294,52.3751],[-0.8331,52.3811],[-0.8406,52.3928],[-0.8617,52.3962],[-0.8738,52.4027],[-0.8907,52.399],[-0.887,52.4233],[-0.8751,52.4235],[-0.8643,52.4342],[-0.8652,52.4346],[-0.9043,52.4422],[-0.9064,52.4536],[-0.9013,52.4597],[-0.8896,52.4704],[-0.8825,52.4714],[-0.8845,52.4813],[-0.8969,52.4855],[-0.8956,52.492],[-0.8838,52.4922],[-0.879,52.4979],[-0.8833,52.5138],[-0.8726,52.5184],[-0.871,52.5247],[-0.8633,52.5283],[-0.8502,52.5216],[-0.8225,52.518],[-0.8202,52.5155],[-0.8126,52.5159],[-0.8109,52.5194],[-0.7963,52.5163],[-0.7879,52.5137],[-0.775,52.5183],[-0.7563,52.511],[-0.7269,52.5231],[-0.7161,52.5224],[-0.7137,52.5249],[-0.6964,52.5385],[-0.6977,52.5457],[-0.6885,52.5461],[-0.6748,52.5586],[-0.6609,52.5689],[-0.6422,52.573],[-0.6379,52.5718],[-0.603,52.5886],[-0.587,52.5874],[-0.5815,52.5959],[-0.5781,52.5879],[-0.5718,52.5858],[-0.5626,52.5863],[-0.5581,52.5945],[-0.5442,52.5929],[-0.5429,52.5957],[-0.553,52.6013],[-0.5476,52.6069],[-0.5501,52.6122],[-0.5391,52.6179],[-0.5402,52.6259],[-0.5236,52.6349],[-0.5174,52.6424],[-0.495,52.6402],[-0.4947,52.6403]]]}},{"type":"Feature","properties":{"areacd":"E06000062","areanm":"West Northamptonshire"},"geometry":{"type":"Polygon","coordinates":[[[-0.8713,52.0402],[-0.8777,52.0298],[-0.8832,52.0282],[-0.89,52.0316],[-0.8959,52.0281],[-0.9059,52.0212],[-0.9248,52.0365],[-0.9371,52.0588],[-0.9337,52.0626],[-0.9393,52.0621],[-0.9393,52.0673],[-0.9445,52.07],[-0.9401,52.0758],[-0.9519,52.0815],[-0.9608,52.0786],[-0.9678,52.0709],[-1.0076,52.0721],[-1.0263,52.0757],[-1.0423,52.0737],[-1.0297,52.0701],[-1.0263,52.0644],[-1.031,52.0629],[-1.0401,52.0659],[-1.053,52.0596],[-1.0621,52.0627],[-1.0717,52.0581],[-1.0767,52.0588],[-1.0833,52.0523],[-1.1172,52.0473],[-1.1314,52.0329],[-1.1362,52.02],[-1.118,52.0154],[-1.1314,52.0049],[-1.1343,51.9973],[-1.1567,51.9922],[-1.1638,51.9934],[-1.1761,51.982],[-1.1906,51.9815],[-1.1963,51.9774],[-1.2008,51.9779],[-1.2297,51.9814],[-1.2416,51.9863],[-1.2609,51.9809],[-1.2809,51.9824],[-1.2826,51.9792],[-1.2889,51.9897],[-1.2831,51.9915],[-1.2834,51.9995],[-1.2789,52.0044],[-1.2784,52.0082],[-1.2847,52.0106],[-1.2786,52.0114],[-1.2781,52.0143],[-1.2852,52.0265],[-1.2944,52.028],[-1.2949,52.0398],[-1.2965,52.0409],[-1.3091,52.0488],[-1.3129,52.0514],[-1.3074,52.0576],[-1.3078,52.0643],[-1.3013,52.0661],[-1.3002,52.0694],[-1.307,52.0703],[-1.2986,52.0757],[-1.2994,52.0801],[-1.3161,52.0795],[-1.3206,52.0822],[-1.3207,52.0876],[-1.308,52.0923],[-1.2871,52.0926],[-1.2716,52.0979],[-1.248,52.0968],[-1.2529,52.1039],[-1.2768,52.1171],[-1.3084,52.1435],[-1.3064,52.1455],[-1.3319,52.1685],[-1.3315,52.1741],[-1.3228,52.1818],[-1.3183,52.1814],[-1.3131,52.1905],[-1.2812,52.1919],[-1.2812,52.1958],[-1.2626,52.1959],[-1.2548,52.1989],[-1.2609,52.216],[-1.2752,52.222],[-1.2768,52.2252],[-1.2726,52.2275],[-1.2784,52.2287],[-1.2847,52.2386],[-1.2668,52.2352],[-1.2663,52.2408],[-1.2545,52.2476],[-1.2379,52.2484],[-1.2329,52.2532],[-1.2179,52.2618],[-1.2169,52.2675],[-1.2237,52.2868],[-1.2338,52.2903],[-1.2093,52.3147],[-1.2464,52.3216],[-1.2652,52.3284],[-1.258,52.3372],[-1.2382,52.3441],[-1.2242,52.3481],[-1.1792,52.3544],[-1.1721,52.3613],[-1.1748,52.3643],[-1.1872,52.3786],[-1.2016,52.3967],[-1.1895,52.3964],[-1.184,52.3922],[-1.1643,52.3992],[-1.1566,52.4],[-1.1495,52.397],[-1.1385,52.402],[-1.1344,52.4123],[-1.1257,52.4177],[-1.102,52.4248],[-1.0934,52.4277],[-1.0909,52.4331],[-1.0794,52.4363],[-1.0694,52.4335],[-1.0599,52.4235],[-1.0499,52.4222],[-1.0495,52.4258],[-1.0343,52.4363],[-1.0352,52.4432],[-1.0444,52.4457],[-1.0278,52.4585],[-1.0056,52.465],[-1.0007,52.4709],[-0.9762,52.4707],[-0.9679,52.4772],[-0.9471,52.4757],[-0.9465,52.4746],[-0.9422,52.4678],[-0.9168,52.4626],[-0.9046,52.4629],[-0.9013,52.4597],[-0.9064,52.4536],[-0.9043,52.4422],[-0.8652,52.4346],[-0.8643,52.4342],[-0.8751,52.4235],[-0.887,52.4233],[-0.8907,52.399],[-0.8738,52.4027],[-0.8617,52.3962],[-0.8406,52.3928],[-0.8331,52.3811],[-0.8294,52.3751],[-0.7963,52.3616],[-0.7887,52.3473],[-0.7858,52.3306],[-0.818,52.3096],[-0.806,52.2882],[-0.8091,52.2753],[-0.8026,52.263],[-0.8012,52.2535],[-0.7951,52.2541],[-0.7913,52.2422],[-0.7645,52.2482],[-0.7487,52.246],[-0.7274,52.2381],[-0.7142,52.2211],[-0.717,52.2133],[-0.7116,52.1973],[-0.7056,52.1916],[-0.7497,52.1669],[-0.7568,52.1674],[-0.7621,52.1634],[-0.7652,52.1711],[-0.7832,52.1659],[-0.7803,52.1633],[-0.7921,52.1513],[-0.802,52.1587],[-0.8076,52.157],[-0.8093,52.15],[-0.8141,52.1425],[-0.832,52.1437],[-0.8281,52.1326],[-0.832,52.1312],[-0.869,52.1306],[-0.8807,52.1263],[-0.8807,52.1202],[-0.887,52.1142],[-0.8714,52.1117],[-0.8654,52.1029],[-0.8696,52.1],[-0.8578,52.0975],[-0.8548,52.0923],[-0.8467,52.0915],[-0.8315,52.0719],[-0.8388,52.0641],[-0.8499,52.0644],[-0.853,52.0643],[-0.863,52.0603],[-0.853,52.0499],[-0.8594,52.0446],[-0.8661,52.0467],[-0.8706,52.0438],[-0.8713,52.0402]]]}},{"type":"Feature","properties":{"areacd":"E06000063","areanm":"Cumberland"},"geometry":{"type":"MultiPolygon","coordinates":[[[[-2.6897,55.189],[-2.6745,55.1759],[-2.6832,55.1666],[-2.6773,55.1555],[-2.6686,55.1473],[-2.6616,55.1464],[-2.6569,55.1361],[-2.6327,55.1278],[-2.6214,55.1292],[-2.5989,55.1246],[-2.6005,55.1172],[-2.5934,55.1128],[-2.5935,55.1051],[-2.5854,55.1031],[-2.5833,55.099],[-2.5793,55.0961],[-2.5683,55.0963],[-2.5667,55.092],[-2.5583,55.0888],[-2.5628,55.0844],[-2.5569,55.081],[-2.5181,55.085],[-2.5165,55.0891],[-2.5037,55.0907],[-2.4863,55.083],[-2.4866,55.0811],[-2.4947,55.0818],[-2.5013,55.0752],[-2.4923,55.0681],[-2.504,55.0624],[-2.4999,55.062],[-2.5007,55.0566],[-2.4947,55.0531],[-2.4907,55.0545],[-2.4943,55.0507],[-2.4829,55.0437],[-2.483,55.04],[-2.5053,55.0369],[-2.5044,55.0332],[-2.5102,55.0363],[-2.5123,55.0338],[-2.5269,55.0329],[-2.5276,55.0291],[-2.5396,55.0289],[-2.5525,55.021],[-2.565,55.0201],[-2.5733,55.0161],[-2.5736,55.0067],[-2.5702,55.0065],[-2.5741,55.0037],[-2.5678,55.0027],[-2.5733,54.9876],[-2.5792,54.9829],[-2.5866,54.982],[-2.5917,54.9741],[-2.6004,54.9737],[-2.6014,54.9713],[-2.5956,54.9635],[-2.5683,54.9583],[-2.5712,54.9484],[-2.5676,54.9408],[-2.5602,54.9341],[-2.5454,54.9284],[-2.5662,54.9192],[-2.5676,54.909],[-2.5764,54.8967],[-2.6054,54.8844],[-2.5902,54.8738],[-2.5733,54.8535],[-2.5827,54.8459],[-2.6038,54.8533],[-2.6553,54.8548],[-2.6577,54.8494],[-2.669,54.845],[-2.68,54.8353],[-2.6863,54.8379],[-2.7012,54.8336],[-2.6897,54.8192],[-2.7057,54.8164],[-2.7145,54.8199],[-2.7292,54.8186],[-2.7436,54.8278],[-2.7549,54.8271],[-2.7564,54.8229],[-2.767,54.8233],[-2.7732,54.8205],[-2.7831,54.8223],[-2.7994,54.8187],[-2.8178,54.8275],[-2.8294,54.8255],[-2.8383,54.8342],[-2.8487,54.8331],[-2.863,54.8372],[-2.8709,54.8348],[-2.872,54.8286],[-2.8814,54.8235],[-2.9074,54.822],[-2.9045,54.813],[-2.9211,54.8092],[-2.9197,54.806],[-2.9347,54.793],[-2.9313,54.7922],[-2.9447,54.784],[-2.9621,54.7786],[-2.9676,54.7799],[-2.9692,54.7771],[-2.9844,54.7762],[-2.9886,54.77],[-2.9857,54.766],[-2.993,54.7602],[-2.9978,54.7621],[-3.001,54.7553],[-3.0262,54.7479],[-3.0215,54.7401],[-3.012,54.7348],[-2.9966,54.7336],[-2.9897,54.7278],[-2.983,54.7194],[-2.9913,54.7128],[-2.9957,54.6945],[-3.0337,54.6943],[-3.0638,54.7001],[-3.0819,54.6952],[-3.0872,54.6861],[-3.0704,54.6849],[-3.0546,54.6797],[-3.0801,54.665],[-3.0864,54.6633],[-3.093,54.6542],[-3.0924,54.6172],[-3.0869,54.6126],[-3.0777,54.6106],[-3.0678,54.6142],[-3.0447,54.6143],[-3.0391,54.6123],[-3.0343,54.6028],[-3.0228,54.6028],[-3.0078,54.5954],[-3.037,54.581],[-3.027,54.5745],[-3.0183,54.575],[-3.0288,54.5669],[-3.0168,54.5616],[-3.0204,54.5589],[-3.0166,54.548],[-3.0252,54.541],[-3.0257,54.5301],[-3.0153,54.5256],[-3.017,54.5149],[-3.0114,54.5074],[-3.0149,54.4998],[-3.0483,54.4963],[-3.0508,54.4913],[-3.0734,54.4903],[-3.0883,54.484],[-3.0977,54.4719],[-3.1095,54.474],[-3.1157,54.4666],[-3.1127,54.4615],[-3.1193,54.4602],[-3.1322,54.4645],[-3.1364,54.4707],[-3.1456,54.4684],[-3.1538,54.4601],[-3.1671,54.4541],[-3.1663,54.4478],[-3.1611,54.447],[-3.1586,54.4422],[-3.1579,54.4313],[-3.136,54.4219],[-3.1287,54.4215],[-3.124,54.4275],[-3.1148,54.422],[-3.1153,54.415],[-3.1593,54.4072],[-3.1708,54.3997],[-3.1725,54.389],[-3.1815,54.3848],[-3.1811,54.3754],[-3.1892,54.3683],[-3.1947,54.3543],[-3.2071,54.3529],[-3.2186,54.345],[-3.2184,54.336],[-3.2419,54.3235],[-3.2394,54.3172],[-3.2309,54.3147],[-3.2381,54.294],[-3.2255,54.2772],[-3.2278,54.2777],[-3.2245,54.2756],[-3.2281,54.264],[-3.2322,54.26],[-3.231,54.2651],[-3.2334,54.2623],[-3.2336,54.2601],[-3.2294,54.2568],[-3.2229,54.2516],[-3.2293,54.25],[-3.2436,54.2464],[-3.2293,54.2498],[-3.2239,54.2472],[-3.2255,54.2398],[-3.2289,54.2375],[-3.23,54.2367],[-3.23,54.2409],[-3.2344,54.2323],[-3.2367,54.2362],[-3.2383,54.2336],[-3.2407,54.2353],[-3.2355,54.2314],[-3.2434,54.234],[-3.2331,54.2288],[-3.2377,54.2255],[-3.2364,54.2279],[-3.2458,54.2318],[-3.2376,54.2278],[-3.2434,54.2253],[-3.2439,54.2268],[-3.2478,54.2291],[-3.2444,54.2262],[-3.2462,54.2234],[-3.2476,54.227],[-3.251,54.2199],[-3.2515,54.2282],[-3.2541,54.2191],[-3.2549,54.2171],[-3.256,54.2191],[-3.2548,54.2222],[-3.256,54.2191],[-3.2573,54.2134],[-3.2586,54.2139],[-3.2655,54.2129],[-3.258,54.2133],[-3.2568,54.2122],[-3.2607,54.2122],[-3.2541,54.2103],[-3.257,54.214],[-3.2515,54.2158],[-3.2499,54.2095],[-3.2493,54.2093],[-3.2393,54.2031],[-3.2541,54.1916],[-3.2687,54.1901],[-3.2777,54.1939],[-3.2778,54.194],[-3.2878,54.197],[-3.2906,54.1907],[-3.3143,54.1886],[-3.33,54.1963],[-3.3301,54.1965],[-3.3419,54.2083],[-3.3649,54.2317],[-3.3942,54.2544],[-3.4172,54.2811],[-3.4176,54.2818],[-3.4227,54.2928],[-3.4158,54.3036],[-3.4249,54.3287],[-3.4224,54.3398],[-3.41,54.3503],[-3.4119,54.338],[-3.4003,54.3351],[-3.4006,54.3341],[-3.3991,54.3311],[-3.4,54.3344],[-3.3921,54.3394],[-3.3914,54.3365],[-3.3829,54.3499],[-3.3749,54.3495],[-3.3737,54.3555],[-3.3739,54.3558],[-3.3755,54.3501],[-3.3837,54.3503],[-3.3901,54.342],[-3.4024,54.3406],[-3.4045,54.3379],[-3.4116,54.3573],[-3.4048,54.3616],[-3.4042,54.362],[-3.4153,54.3634],[-3.412,54.3577],[-3.4226,54.3597],[-3.43,54.3557],[-3.4379,54.3591],[-3.4347,54.3642],[-3.4424,54.3695],[-3.4421,54.3713],[-3.4321,54.3731],[-3.4308,54.3768],[-3.4324,54.3732],[-3.4431,54.3716],[-3.4434,54.3694],[-3.4397,54.3575],[-3.4175,54.3533],[-3.4174,54.3489],[-3.4268,54.3431],[-3.4353,54.3434],[-3.4734,54.3755],[-3.4765,54.3864],[-3.4766,54.3864],[-3.4988,54.4051],[-3.4995,54.4056],[-3.501,54.4066],[-3.5015,54.4069],[-3.5433,54.4387],[-3.5779,54.4648],[-3.5786,54.4656],[-3.593,54.4821],[-3.608,54.4909],[-3.6196,54.4909],[-3.627,54.502],[-3.636,54.5072],[-3.6389,54.5173],[-3.6383,54.5175],[-3.6282,54.5201],[-3.6263,54.5206],[-3.6135,54.525],[-3.6063,54.5327],[-3.6061,54.5328],[-3.6001,54.5477],[-3.6001,54.548],[-3.5989,54.5529],[-3.5935,54.5482],[-3.5901,54.5516],[-3.5901,54.5517],[-3.5912,54.552],[-3.5956,54.5527],[-3.5953,54.5527],[-3.5927,54.5523],[-3.5917,54.5522],[-3.5846,54.5642],[-3.5843,54.5645],[-3.5841,54.5648],[-3.5804,54.5719],[-3.5828,54.5909],[-3.5725,54.6007],[-3.5714,54.6126],[-3.5659,54.6122],[-3.5688,54.6157],[-3.5691,54.6161],[-3.5746,54.6389],[-3.5746,54.6393],[-3.5799,54.6523],[-3.5625,54.6464],[-3.5572,54.6462],[-3.5646,54.648],[-3.5583,54.6479],[-3.5638,54.6483],[-3.5717,54.6508],[-3.552,54.6685],[-3.5508,54.6696],[-3.5336,54.6819],[-3.5333,54.6821],[-3.5191,54.693],[-3.5124,54.7054],[-3.512,54.7063],[-3.5099,54.7176],[-3.5011,54.7147],[-3.5011,54.7153],[-3.507,54.7176],[-3.5011,54.7171],[-3.4936,54.7258],[-3.4804,54.7318],[-3.4789,54.7324],[-3.4555,54.7462],[-3.4463,54.7516],[-3.4455,54.7522],[-3.4333,54.7662],[-3.4316,54.7811],[-3.4379,54.8016],[-3.4103,54.8397],[-3.4103,54.8399],[-3.399,54.8685],[-3.3943,54.868],[-3.3971,54.8696],[-3.3669,54.8915],[-3.3388,54.9002],[-3.3351,54.8987],[-3.3569,54.8927],[-3.359,54.8914],[-3.3593,54.8858],[-3.3568,54.8921],[-3.3524,54.8869],[-3.353,54.8898],[-3.3482,54.8879],[-3.3548,54.891],[-3.3498,54.8936],[-3.3487,54.889],[-3.3385,54.8858],[-3.3411,54.8825],[-3.3382,54.8858],[-3.3417,54.889],[-3.3487,54.8895],[-3.3472,54.8914],[-3.3351,54.8885],[-3.3456,54.8913],[-3.3448,54.8945],[-3.3351,54.8887],[-3.3445,54.8945],[-3.3398,54.8963],[-3.3335,54.8894],[-3.3309,54.8906],[-3.3326,54.8887],[-3.3284,54.8872],[-3.3296,54.8916],[-3.3225,54.8896],[-3.3265,54.8865],[-3.321,54.8897],[-3.3196,54.8868],[-3.3114,54.8883],[-3.3091,54.8851],[-3.3088,54.8874],[-3.3077,54.8835],[-3.3022,54.8851],[-3.2886,54.8723],[-3.2945,54.8788],[-3.2858,54.8753],[-3.2896,54.8802],[-3.2819,54.8757],[-3.2871,54.8673],[-3.2819,54.8615],[-3.2804,54.8618],[-3.2802,54.8619],[-3.2846,54.8672],[-3.2796,54.8699],[-3.2828,54.8702],[-3.2778,54.8778],[-3.2836,54.8803],[-3.2812,54.8832],[-3.2867,54.8884],[-3.28,54.884],[-3.288,54.8926],[-3.2751,54.8917],[-3.2777,54.8911],[-3.2778,54.8863],[-3.2754,54.8906],[-3.2773,54.8856],[-3.2725,54.8911],[-3.2733,54.8873],[-3.2664,54.8917],[-3.268,54.8882],[-3.2631,54.8885],[-3.2662,54.8857],[-3.26,54.8905],[-3.2664,54.8901],[-3.2591,54.8922],[-3.2645,54.892],[-3.2609,54.8955],[-3.2577,54.8944],[-3.2574,54.8977],[-3.2533,54.8954],[-3.2554,54.9011],[-3.2516,54.9029],[-3.2526,54.8975],[-3.2486,54.9021],[-3.2548,54.9053],[-3.2554,54.9101],[-3.2507,54.9118],[-3.2412,54.9067],[-3.2447,54.9104],[-3.2326,54.9091],[-3.2216,54.9018],[-3.2094,54.9036],[-3.209,54.9039],[-3.2067,54.9051],[-3.2047,54.9062],[-3.2048,54.9064],[-3.2094,54.904],[-3.2121,54.9047],[-3.2145,54.9054],[-3.2212,54.9024],[-3.2336,54.9114],[-3.2476,54.9139],[-3.2486,54.9135],[-3.2489,54.9135],[-3.2604,54.9099],[-3.2615,54.9083],[-3.2746,54.9031],[-3.303,54.9092],[-3.3138,54.9149],[-3.3135,54.9189],[-3.302,54.9277],[-3.2833,54.9421],[-3.2652,54.943],[-3.2689,54.9371],[-3.2649,54.9431],[-3.2504,54.9442],[-3.2478,54.9444],[-3.2322,54.9532],[-3.2044,54.9539],[-3.186,54.9499],[-3.1767,54.9418],[-3.157,54.9378],[-3.1553,54.9324],[-3.1444,54.9293],[-3.138,54.9275],[-3.1251,54.9282],[-3.1214,54.928],[-3.1196,54.9261],[-3.1189,54.9253],[-3.1182,54.9277],[-3.1002,54.9284],[-3.1043,54.9285],[-3.1019,54.9297],[-3.0972,54.932],[-3.073,54.9371],[-3.063,54.9453],[-3.0502,54.946],[-3.0522,54.9429],[-3.047,54.9456],[-3.0417,54.9457],[-3.0383,54.9451],[-3.0249,54.946],[-3.0097,54.9462],[-3.0026,54.9378],[-3.0044,54.9342],[-3.0065,54.9309],[-2.9959,54.9359],[-2.9998,54.9372],[-3.0008,54.9376],[-3.0081,54.947],[-3.0399,54.9461],[-3.0425,54.9494],[-3.0441,54.9475],[-3.0559,54.9504],[-3.0499,54.9524],[-3.0564,54.9509],[-3.055,54.9536],[-3.0664,54.9486],[-3.0769,54.9521],[-3.0686,54.9489],[-3.0747,54.9487],[-3.0717,54.9464],[-3.0828,54.94],[-3.1006,54.9393],[-3.0947,54.9379],[-3.1101,54.9334],[-3.1298,54.9344],[-3.1156,54.9376],[-3.1241,54.9366],[-3.1206,54.9405],[-3.1286,54.938],[-3.126,54.9401],[-3.1311,54.9476],[-3.1209,54.9519],[-3.1151,54.9471],[-3.116,54.9524],[-3.1088,54.9491],[-3.1137,54.9533],[-3.1032,54.9546],[-3.116,54.9569],[-3.1163,54.9607],[-3.1088,54.9659],[-3.095,54.9662],[-3.1085,54.9677],[-3.1044,54.971],[-3.0757,54.9676],[-3.0695,54.9713],[-3.0706,54.9727],[-3.0709,54.9758],[-3.0641,54.9803],[-3.0627,54.9775],[-3.0583,54.9831],[-3.0609,54.9773],[-3.0566,54.9828],[-3.0492,54.9772],[-3.0537,54.976],[-3.0424,54.9747],[-3.0404,54.97],[-3.0379,54.9741],[-3.0509,54.9849],[-3.0418,54.9796],[-3.0469,54.9847],[-3.0564,54.9866],[-3.0576,54.9917],[-3.0534,54.9928],[-3.0579,54.9917],[-3.044,54.9987],[-3.0449,55.0077],[-3.0488,55.0068],[-3.0495,55.0094],[-3.0394,55.0164],[-3.0401,55.0226],[-3.0302,55.0246],[-3.0343,55.0299],[-3.0262,55.0354],[-3.0401,55.0411],[-3.0434,55.0474],[-3.0534,55.0473],[-3.0509,55.0528],[-3.0433,55.0557],[-3.0275,55.0553],[-2.9587,55.0493],[-2.9555,55.0548],[-2.9363,55.0596],[-2.943,55.0642],[-2.9404,55.0691],[-2.9262,55.0706],[-2.915,55.0789],[-2.9107,55.0771],[-2.8966,55.0781],[-2.8933,55.0878],[-2.8837,55.0875],[-2.8823,55.0929],[-2.8864,55.0948],[-2.8769,55.0952],[-2.8707,55.1063],[-2.8585,55.1083],[-2.8522,55.1085],[-2.8445,55.1119],[-2.8438,55.1167],[-2.8383,55.117],[-2.8412,55.1225],[-2.8326,55.1215],[-2.8275,55.1248],[-2.833,55.1324],[-2.8255,55.1383],[-2.8128,55.1362],[-2.7849,55.1418],[-2.7749,55.1493],[-2.7463,55.1582],[-2.7331,55.1671],[-2.7034,55.1732],[-2.6897,55.189]]],[[[-3.2864,54.8798],[-3.2877,54.8793],[-3.2886,54.8812],[-3.2864,54.8798]]]]}},{"type":"Feature","properties":{"areacd":"E06000064","areanm":"Westmorland and Furness"},"geometry":{"type":"MultiPolygon","coordinates":[[[[-2.312,54.791],[-2.3139,54.7811],[-2.3086,54.7735],[-2.3225,54.764],[-2.3209,54.755],[-2.3323,54.732],[-2.3257,54.7266],[-2.3422,54.7161],[-2.3443,54.7018],[-2.3555,54.6972],[-2.3516,54.6857],[-2.3357,54.6753],[-2.3271,54.6737],[-2.3275,54.6709],[-2.3033,54.6696],[-2.3033,54.6668],[-2.2929,54.6639],[-2.288,54.6505],[-2.3249,54.6316],[-2.3088,54.6119],[-2.3045,54.5962],[-2.2709,54.5822],[-2.246,54.5651],[-2.2095,54.5517],[-2.21,54.5436],[-2.1974,54.5327],[-2.1824,54.5358],[-2.1724,54.5324],[-2.1745,54.5217],[-2.1687,54.5196],[-2.1624,54.5039],[-2.1666,54.4899],[-2.1595,54.4711],[-2.1702,54.4582],[-2.1706,54.4611],[-2.1774,54.4616],[-2.1893,54.449],[-2.2355,54.4482],[-2.2494,54.4519],[-2.2678,54.4472],[-2.2654,54.4429],[-2.2713,54.4409],[-2.2929,54.4393],[-2.2918,54.4315],[-2.3035,54.4262],[-2.3083,54.4165],[-2.3062,54.3987],[-2.292,54.3915],[-2.2954,54.3871],[-2.292,54.3842],[-2.2974,54.3769],[-2.317,54.3763],[-2.3261,54.3681],[-2.3446,54.3596],[-2.3607,54.3549],[-2.3677,54.3561],[-2.3358,54.3404],[-2.3346,54.3349],[-2.3201,54.3317],[-2.3099,54.3243],[-2.3149,54.3136],[-2.323,54.3111],[-2.3204,54.3068],[-2.3245,54.3032],[-2.3204,54.299],[-2.3242,54.2936],[-2.3172,54.2872],[-2.3259,54.2797],[-2.3155,54.2703],[-2.3191,54.2571],[-2.3257,54.2414],[-2.3377,54.2376],[-2.348,54.2378],[-2.3623,54.2497],[-2.3723,54.2482],[-2.373,54.2401],[-2.3968,54.2394],[-2.4056,54.2249],[-2.412,54.2267],[-2.4353,54.2229],[-2.4414,54.2257],[-2.4608,54.2267],[-2.4597,54.2396],[-2.4997,54.2195],[-2.5201,54.2164],[-2.5507,54.2003],[-2.5762,54.1956],[-2.625,54.1956],[-2.6401,54.202],[-2.6477,54.1873],[-2.6727,54.1747],[-2.6758,54.1637],[-2.6799,54.1611],[-2.688,54.1646],[-2.7089,54.1639],[-2.7365,54.169],[-2.7363,54.1709],[-2.7344,54.1841],[-2.7493,54.1889],[-2.7681,54.186],[-2.7991,54.1977],[-2.8162,54.1898],[-2.8157,54.1821],[-2.8372,54.1742],[-2.8695,54.1767],[-2.8656,54.1806],[-2.8574,54.179],[-2.8648,54.1838],[-2.864,54.192],[-2.8535,54.1927],[-2.8362,54.2015],[-2.8354,54.2052],[-2.8267,54.2045],[-2.8184,54.208],[-2.821,54.2092],[-2.8125,54.2155],[-2.8075,54.2187],[-2.7909,54.227],[-2.7904,54.2269],[-2.7862,54.2263],[-2.7893,54.2313],[-2.7894,54.2314],[-2.7946,54.2338],[-2.8006,54.246],[-2.8041,54.247],[-2.8091,54.246],[-2.8061,54.2459],[-2.8103,54.2451],[-2.8128,54.245],[-2.8128,54.2498],[-2.8128,54.2498],[-2.8025,54.2494],[-2.8007,54.2509],[-2.8044,54.25],[-2.8149,54.2558],[-2.8128,54.2602],[-2.8151,54.256],[-2.8151,54.2557],[-2.8125,54.2542],[-2.8078,54.2511],[-2.8133,54.2502],[-2.8154,54.2486],[-2.8145,54.2444],[-2.8107,54.2428],[-2.8015,54.2444],[-2.8012,54.2314],[-2.8012,54.2306],[-2.7944,54.2274],[-2.8041,54.2247],[-2.8046,54.2245],[-2.8322,54.2192],[-2.8369,54.2128],[-2.8425,54.2055],[-2.8685,54.2021],[-2.8674,54.2048],[-2.8701,54.2018],[-2.8716,54.204],[-2.8785,54.2015],[-2.8795,54.2009],[-2.8859,54.1976],[-2.8872,54.1994],[-2.8874,54.1945],[-2.8893,54.1988],[-2.905,54.1947],[-2.9123,54.1864],[-2.9124,54.1863],[-2.9195,54.1776],[-2.9201,54.1771],[-2.9207,54.1764],[-2.9294,54.1675],[-2.9352,54.167],[-2.9318,54.1514],[-2.9356,54.1582],[-2.9437,54.158],[-2.9442,54.1595],[-2.9474,54.1638],[-2.9446,54.1593],[-2.9481,54.1577],[-2.9392,54.1566],[-2.9655,54.1502],[-2.9684,54.146],[-2.9876,54.1485],[-2.9966,54.1512],[-2.9995,54.1533],[-2.9968,54.1557],[-3.0002,54.1538],[-3.0053,54.1563],[-3.0043,54.1663],[-3.0004,54.1684],[-2.997,54.1667],[-2.9973,54.1731],[-2.993,54.1703],[-2.996,54.1778],[-2.9894,54.1795],[-2.9963,54.1779],[-2.996,54.1744],[-2.9994,54.1755],[-2.9962,54.1733],[-3.0002,54.1744],[-3.001,54.1721],[-3.0036,54.1758],[-3.0015,54.1722],[-3.0065,54.1723],[-3.0097,54.1768],[-3.0052,54.1803],[-3.0102,54.1769],[-3.0098,54.1828],[-3.0127,54.1797],[-3.0211,54.1853],[-3.0202,54.1896],[-3.0221,54.1858],[-3.027,54.1896],[-3.0246,54.1918],[-3.0278,54.1901],[-3.0292,54.1938],[-3.0388,54.1972],[-3.0318,54.1952],[-3.0228,54.1918],[-3.0288,54.1944],[-3.024,54.1933],[-3.0349,54.1965],[-3.0254,54.1968],[-3.0228,54.2011],[-3.0201,54.2008],[-3.0162,54.2011],[-3.0198,54.2011],[-3.0144,54.2064],[-3.0215,54.2114],[-3.0223,54.2119],[-3.0233,54.2191],[-3.0233,54.2194],[-3.0276,54.2193],[-3.0278,54.2249],[-3.0286,54.2204],[-3.0336,54.2293],[-3.0463,54.2268],[-3.0488,54.2332],[-3.034,54.2397],[-3.0333,54.2438],[-3.0273,54.2422],[-3.0305,54.2449],[-3.0281,54.2466],[-3.0283,54.2472],[-3.0299,54.2499],[-3.0304,54.2499],[-3.0283,54.2466],[-3.0357,54.2442],[-3.037,54.2401],[-3.048,54.2423],[-3.0494,54.2353],[-3.0509,54.2349],[-3.0522,54.2358],[-3.052,54.2347],[-3.0518,54.2342],[-3.0517,54.2333],[-3.0515,54.233],[-3.0517,54.2325],[-3.0531,54.2208],[-3.0356,54.2156],[-3.0324,54.2113],[-3.0391,54.2057],[-3.0344,54.2113],[-3.0343,54.2114],[-3.0347,54.2113],[-3.0388,54.2101],[-3.0447,54.1994],[-3.0531,54.1989],[-3.0549,54.194],[-3.055,54.1935],[-3.0533,54.1885],[-3.0596,54.1894],[-3.0559,54.1872],[-3.062,54.1805],[-3.0634,54.1862],[-3.0625,54.1791],[-3.0625,54.1785],[-3.0591,54.1731],[-3.0609,54.162],[-3.078,54.154],[-3.0876,54.1362],[-3.1006,54.128],[-3.1047,54.12],[-3.1421,54.097],[-3.149,54.0935],[-3.1648,54.0832],[-3.1724,54.0818],[-3.1527,54.0677],[-3.1518,54.0702],[-3.1508,54.0648],[-3.1713,54.0796],[-3.1732,54.0736],[-3.178,54.0749],[-3.1738,54.0834],[-3.1868,54.0904],[-3.1853,54.0957],[-3.191,54.1026],[-3.1986,54.103],[-3.2192,54.0956],[-3.2202,54.0898],[-3.2258,54.0939],[-3.2381,54.1033],[-3.2394,54.1045],[-3.2418,54.112],[-3.2435,54.1287],[-3.2405,54.1471],[-3.2377,54.1559],[-3.2405,54.1584],[-3.2496,54.1548],[-3.2565,54.1687],[-3.2461,54.172],[-3.2284,54.1714],[-3.227,54.1721],[-3.2173,54.1775],[-3.2151,54.1848],[-3.2231,54.1878],[-3.2148,54.1857],[-3.219,54.1875],[-3.2121,54.1997],[-3.2131,54.2072],[-3.2045,54.2095],[-3.2102,54.2086],[-3.2092,54.2097],[-3.2055,54.2143],[-3.205,54.215],[-3.2018,54.2111],[-3.205,54.2176],[-3.1989,54.22],[-3.1892,54.2336],[-3.1797,54.239],[-3.1874,54.2361],[-3.1976,54.2288],[-3.2,54.2377],[-3.2126,54.2475],[-3.2105,54.254],[-3.2119,54.2518],[-3.2164,54.258],[-3.2287,54.2598],[-3.2216,54.2627],[-3.2278,54.2604],[-3.2244,54.2647],[-3.2244,54.2728],[-3.2221,54.2803],[-3.2238,54.2769],[-3.2255,54.2772],[-3.2381,54.294],[-3.2309,54.3147],[-3.2394,54.3172],[-3.2419,54.3235],[-3.2184,54.336],[-3.2186,54.345],[-3.2071,54.3529],[-3.1947,54.3543],[-3.1892,54.3683],[-3.1811,54.3754],[-3.1815,54.3848],[-3.1725,54.389],[-3.1708,54.3997],[-3.1593,54.4072],[-3.1153,54.415],[-3.1148,54.422],[-3.124,54.4275],[-3.1287,54.4215],[-3.136,54.4219],[-3.1579,54.4313],[-3.1586,54.4422],[-3.1611,54.447],[-3.1663,54.4478],[-3.1671,54.4541],[-3.1538,54.4601],[-3.1456,54.4684],[-3.1364,54.4707],[-3.1322,54.4645],[-3.1193,54.4602],[-3.1127,54.4615],[-3.1157,54.4666],[-3.1095,54.474],[-3.0977,54.4719],[-3.0883,54.484],[-3.0734,54.4903],[-3.0508,54.4913],[-3.0483,54.4963],[-3.0149,54.4998],[-3.0114,54.5074],[-3.017,54.5149],[-3.0153,54.5256],[-3.0257,54.5301],[-3.0252,54.541],[-3.0166,54.548],[-3.0204,54.5589],[-3.0168,54.5616],[-3.0288,54.5669],[-3.0183,54.575],[-3.027,54.5745],[-3.037,54.581],[-3.0078,54.5954],[-3.0228,54.6028],[-3.0343,54.6028],[-3.0391,54.6123],[-3.0447,54.6143],[-3.0678,54.6142],[-3.0777,54.6106],[-3.0869,54.6126],[-3.0924,54.6172],[-3.093,54.6542],[-3.0864,54.6633],[-3.0801,54.665],[-3.0546,54.6797],[-3.0704,54.6849],[-3.0872,54.6861],[-3.0819,54.6952],[-3.0638,54.7001],[-3.0337,54.6943],[-2.9957,54.6945],[-2.9913,54.7128],[-2.983,54.7194],[-2.9897,54.7278],[-2.9966,54.7336],[-3.012,54.7348],[-3.0215,54.7401],[-3.0262,54.7479],[-3.001,54.7553],[-2.9978,54.7621],[-2.993,54.7602],[-2.9857,54.766],[-2.9886,54.77],[-2.9844,54.7762],[-2.9692,54.7771],[-2.9676,54.7799],[-2.9621,54.7786],[-2.9447,54.784],[-2.9313,54.7922],[-2.9347,54.793],[-2.9197,54.806],[-2.9211,54.8092],[-2.9045,54.813],[-2.9074,54.822],[-2.8814,54.8235],[-2.872,54.8286],[-2.8709,54.8348],[-2.863,54.8372],[-2.8487,54.8331],[-2.8383,54.8342],[-2.8294,54.8255],[-2.8178,54.8275],[-2.7994,54.8187],[-2.7831,54.8223],[-2.7732,54.8205],[-2.767,54.8233],[-2.7564,54.8229],[-2.7549,54.8271],[-2.7436,54.8278],[-2.7292,54.8186],[-2.7145,54.8199],[-2.7057,54.8164],[-2.6897,54.8192],[-2.7012,54.8336],[-2.6863,54.8379],[-2.68,54.8353],[-2.669,54.845],[-2.6577,54.8494],[-2.6553,54.8548],[-2.6038,54.8533],[-2.5827,54.8459],[-2.5678,54.8236],[-2.5583,54.8167],[-2.5433,54.8121],[-2.5297,54.8059],[-2.4956,54.8102],[-2.4605,54.8342],[-2.4521,54.832],[-2.4227,54.8428],[-2.4116,54.8564],[-2.4016,54.8515],[-2.3927,54.8345],[-2.3727,54.8274],[-2.3698,54.821],[-2.3484,54.8071],[-2.3274,54.8053],[-2.3233,54.795],[-2.312,54.791]]],[[[-3.246,54.1072],[-3.2429,54.099],[-3.2528,54.0993],[-3.2476,54.0981],[-3.2515,54.0963],[-3.2473,54.0949],[-3.2477,54.0973],[-3.2432,54.0975],[-3.247,54.0939],[-3.2389,54.0863],[-3.23,54.0885],[-3.2332,54.0841],[-3.2244,54.0815],[-3.2209,54.0805],[-3.2244,54.079],[-3.2265,54.078],[-3.2239,54.0691],[-3.2234,54.067],[-3.2102,54.0651],[-3.2057,54.0523],[-3.1961,54.0487],[-3.1784,54.0553],[-3.1741,54.0483],[-3.1729,54.0552],[-3.1731,54.0471],[-3.1955,54.0443],[-3.2097,54.0475],[-3.2236,54.0618],[-3.2641,54.1026],[-3.2645,54.1039],[-3.2767,54.1418],[-3.2713,54.1482],[-3.2573,54.1527],[-3.252,54.1507],[-3.2645,54.1478],[-3.2648,54.1385],[-3.2607,54.1385],[-3.2612,54.1379],[-3.2561,54.1352],[-3.2594,54.1351],[-3.2551,54.132],[-3.2589,54.1318],[-3.2547,54.1318],[-3.2507,54.1257],[-3.246,54.1072]]],[[[-3.1741,54.0665],[-3.1737,54.0618],[-3.1768,54.0635],[-3.1741,54.0665]]],[[[-3.2006,54.0649],[-3.201,54.0641],[-3.2029,54.0657],[-3.2006,54.0649]]],[[[-2.9939,54.1493],[-2.9723,54.1455],[-2.9784,54.1399],[-3.0004,54.1323],[-3.0165,54.1326],[-3.0094,54.1405],[-2.9999,54.1394],[-3.0068,54.1427],[-3.003,54.15],[-2.9944,54.1478],[-3.002,54.1503],[-3.0007,54.1524],[-2.9939,54.1493]]],[[[-3.0408,54.174],[-3.0417,54.1733],[-3.0423,54.1757],[-3.0408,54.174]]]]}},{"type":"Feature","properties":{"areacd":"E06000065","areanm":"North Yorkshire"},"geometry":{"type":"Polygon","coordinates":[[[-1.0368,54.494],[-1.0239,54.502],[-1.0034,54.503],[-0.9662,54.4962],[-0.9526,54.488],[-0.8942,54.4969],[-0.8809,54.497],[-0.8758,54.4912],[-0.8565,54.4879],[-0.8486,54.488],[-0.8439,54.4912],[-0.8533,54.5027],[-0.8486,54.53],[-0.827,54.5486],[-0.8157,54.5525],[-0.8005,54.551],[-0.7989,54.5556],[-0.7934,54.5583],[-0.7745,54.5574],[-0.7742,54.5532],[-0.7651,54.5487],[-0.7671,54.5464],[-0.7648,54.5457],[-0.7509,54.5419],[-0.7473,54.5341],[-0.7483,54.5331],[-0.7451,54.5296],[-0.7445,54.5285],[-0.7313,54.5279],[-0.7211,54.5311],[-0.72,54.5312],[-0.7199,54.5315],[-0.7129,54.5336],[-0.6937,54.5204],[-0.6824,54.5197],[-0.6776,54.5162],[-0.6774,54.5145],[-0.6734,54.5131],[-0.6727,54.5125],[-0.6751,54.506],[-0.6703,54.5007],[-0.6401,54.4956],[-0.6399,54.4956],[-0.6141,54.491],[-0.6131,54.4942],[-0.613,54.4941],[-0.6133,54.4897],[-0.6134,54.4869],[-0.6125,54.482],[-0.6159,54.4744],[-0.6183,54.4747],[-0.6207,54.4746],[-0.623,54.4747],[-0.6234,54.4711],[-0.6278,54.4695],[-0.6276,54.4691],[-0.6254,54.4696],[-0.6212,54.4711],[-0.6209,54.4712],[-0.6227,54.4744],[-0.6154,54.4738],[-0.6111,54.4814],[-0.6123,54.4931],[-0.6123,54.4939],[-0.6109,54.4924],[-0.6104,54.4915],[-0.6102,54.4915],[-0.6094,54.4905],[-0.5933,54.4878],[-0.5924,54.4881],[-0.5894,54.489],[-0.5882,54.4888],[-0.5852,54.4839],[-0.5689,54.4797],[-0.5569,54.4651],[-0.5302,54.4514],[-0.5301,54.4512],[-0.5298,54.4512],[-0.5216,54.447],[-0.5226,54.4409],[-0.5317,54.4363],[-0.5311,54.4255],[-0.5229,54.4163],[-0.5032,54.4075],[-0.5029,54.4074],[-0.4916,54.4079],[-0.4717,54.397],[-0.4617,54.3858],[-0.4616,54.3857],[-0.4498,54.3725],[-0.4471,54.3598],[-0.4469,54.3593],[-0.433,54.3503],[-0.4326,54.3401],[-0.4233,54.339],[-0.4169,54.3314],[-0.4216,54.326],[-0.4188,54.3199],[-0.4188,54.3195],[-0.4177,54.3105],[-0.4135,54.3083],[-0.4133,54.3082],[-0.4132,54.3082],[-0.4075,54.3052],[-0.4087,54.3037],[-0.4096,54.3025],[-0.4068,54.2949],[-0.4069,54.2945],[-0.4067,54.2944],[-0.4059,54.2921],[-0.397,54.288],[-0.3954,54.2884],[-0.3952,54.2883],[-0.3939,54.2889],[-0.3914,54.2896],[-0.391,54.2898],[-0.3865,54.2901],[-0.3846,54.2858],[-0.3972,54.2794],[-0.3971,54.2787],[-0.3967,54.2744],[-0.3696,54.2554],[-0.3691,54.2552],[-0.3677,54.2517],[-0.3696,54.2493],[-0.3639,54.2451],[-0.3504,54.2409],[-0.3387,54.2426],[-0.3349,54.2384],[-0.3139,54.232],[-0.3126,54.2286],[-0.3026,54.2272],[-0.2592,54.2159],[-0.2754,54.2177],[-0.28,54.2149],[-0.2851,54.2035],[-0.2852,54.2032],[-0.2826,54.1951],[-0.2826,54.195],[-0.2644,54.1765],[-0.2328,54.1618],[-0.2127,54.1576],[-0.2216,54.138],[-0.229,54.1357],[-0.2298,54.1324],[-0.2371,54.1372],[-0.2654,54.1405],[-0.2692,54.1383],[-0.2906,54.1397],[-0.3041,54.1363],[-0.3138,54.1464],[-0.3226,54.1453],[-0.3238,54.1503],[-0.3464,54.1469],[-0.36,54.1531],[-0.3749,54.1541],[-0.3745,54.1625],[-0.3907,54.1765],[-0.4183,54.174],[-0.4181,54.1712],[-0.4245,54.1696],[-0.4229,54.1663],[-0.4332,54.1641],[-0.4326,54.1575],[-0.4271,54.1374],[-0.4585,54.126],[-0.4543,54.1167],[-0.4682,54.1112],[-0.4659,54.1076],[-0.4969,54.0972],[-0.5246,54.0855],[-0.5279,54.0893],[-0.534,54.0872],[-0.5418,54.0915],[-0.5631,54.094],[-0.5665,54.0903],[-0.591,54.087],[-0.6154,54.0705],[-0.6604,54.0631],[-0.6446,54.0551],[-0.658,54.0436],[-0.6595,54.0372],[-0.6799,54.0367],[-0.6885,54.024],[-0.6785,54.0182],[-0.6818,54.0103],[-0.7048,54.0061],[-0.7108,54.0112],[-0.7305,54.0127],[-0.7342,54.0302],[-0.7992,54.019],[-0.799,54.0241],[-0.8204,54.0209],[-0.8431,54.0217],[-0.8597,54.0164],[-0.8787,54.0168],[-0.8777,54.0135],[-0.8885,54.0095],[-0.8935,53.9997],[-0.9075,53.9975],[-0.9119,53.9929],[-0.9253,53.9915],[-0.9445,53.9891],[-0.9577,53.9839],[-0.9671,53.9859],[-0.9846,53.9815],[-0.9958,53.984],[-0.9813,53.9911],[-0.9791,53.9959],[-0.9719,53.9967],[-0.9753,54.0047],[-0.9847,54.0027],[-0.9792,54.0054],[-0.9827,54.01],[-0.9769,54.0158],[-0.9794,54.0174],[-0.9668,54.023],[-0.9705,54.0231],[-0.9733,54.0293],[-0.9823,54.0309],[-0.9821,54.0394],[-0.9874,54.0403],[-0.9933,54.0423],[-1.0023,54.0553],[-1.0144,54.0493],[-1.0597,54.0566],[-1.0586,54.0478],[-1.0623,54.0501],[-1.0943,54.0466],[-1.0962,54.0404],[-1.1011,54.0409],[-1.0998,54.0377],[-1.1149,54.0358],[-1.1204,54.029],[-1.1408,54.0298],[-1.145,54.0245],[-1.1424,54.0189],[-1.148,54.0157],[-1.143,54.0108],[-1.149,54.0029],[-1.137,53.9911],[-1.1519,53.9892],[-1.1756,54.0022],[-1.1795,53.9988],[-1.1886,54.0025],[-1.1919,54.0005],[-1.1832,53.9962],[-1.1821,53.9853],[-1.1922,53.9842],[-1.2003,53.989],[-1.2166,53.9856],[-1.2221,53.9793],[-1.2199,53.9626],[-1.2041,53.9435],[-1.1956,53.9224],[-1.1911,53.9226],[-1.1857,53.916],[-1.1793,53.9169],[-1.1706,53.9088],[-1.1648,53.9106],[-1.1601,53.9004],[-1.1501,53.8936],[-1.1417,53.8926],[-1.1367,53.8959],[-1.125,53.8827],[-1.1051,53.8757],[-1.1004,53.8766],[-1.0956,53.8846],[-1.0778,53.8836],[-1.065,53.8746],[-1.0215,53.8884],[-1.0082,53.89],[-0.9929,53.8752],[-0.9677,53.8828],[-0.9479,53.8848],[-0.944,53.8881],[-0.9385,53.8875],[-0.9343,53.8798],[-0.9268,53.8825],[-0.9235,53.8807],[-0.9249,53.878],[-0.9407,53.8741],[-0.939,53.8677],[-0.9481,53.8621],[-0.945,53.8575],[-0.942,53.8548],[-0.9456,53.8466],[-0.9406,53.8234],[-0.9201,53.816],[-0.9345,53.8018],[-0.928,53.7971],[-0.9366,53.7799],[-0.9282,53.7703],[-0.9322,53.7622],[-0.9516,53.7537],[-0.9729,53.75],[-0.9733,53.7502],[-0.985,53.7571],[-0.9862,53.7652],[-0.9963,53.7655],[-0.9989,53.7671],[-1.0008,53.7696],[-1.0259,53.7605],[-1.0331,53.7655],[-1.0333,53.7655],[-1.0331,53.7656],[-1.0213,53.7712],[-1.0213,53.7724],[-1.0213,53.7725],[-1.0213,53.7736],[-1.0268,53.7775],[-1.0365,53.7776],[-1.0365,53.7777],[-1.0643,53.785],[-1.0646,53.7848],[-1.0376,53.7773],[-1.0263,53.7768],[-1.0221,53.7722],[-1.0281,53.7704],[-1.0308,53.7698],[-1.0342,53.7647],[-1.0244,53.7595],[-1.0016,53.7686],[-0.9982,53.765],[-0.9955,53.7644],[-0.9871,53.7642],[-0.9887,53.7609],[-0.9852,53.7568],[-0.9852,53.7566],[-0.9849,53.7564],[-0.9821,53.7532],[-0.9639,53.7465],[-0.9616,53.7357],[-0.9364,53.7313],[-0.9119,53.7324],[-0.9119,53.7321],[-0.9125,53.7283],[-0.9084,53.7264],[-0.9058,53.7212],[-0.9054,53.7181],[-0.9239,53.7188],[-0.9442,53.7127],[-0.9578,53.715],[-0.9582,53.7143],[-0.9579,53.7142],[-0.9613,53.7077],[-0.9577,53.705],[-0.9626,53.7008],[-0.9701,53.7022],[-0.9679,53.7067],[-0.9805,53.705],[-0.9834,53.7026],[-0.9803,53.6969],[-1.0003,53.6989],[-1.0068,53.6953],[-1.0224,53.698],[-1.0391,53.6939],[-1.0457,53.6986],[-1.0536,53.6968],[-1.054,53.7014],[-1.0626,53.7069],[-1.0697,53.7029],[-1.0749,53.704],[-1.0786,53.6941],[-1.085,53.6869],[-1.0811,53.6846],[-1.102,53.6744],[-1.1036,53.6695],[-1.0915,53.6687],[-1.0856,53.6624],[-1.0711,53.66],[-1.0712,53.6579],[-1.0602,53.6592],[-1.0486,53.656],[-1.0533,53.6515],[-1.066,53.6489],[-1.0849,53.6517],[-1.1217,53.6467],[-1.1291,53.643],[-1.1289,53.6349],[-1.1354,53.6327],[-1.1522,53.6428],[-1.1903,53.6359],[-1.2098,53.6431],[-1.2109,53.6409],[-1.2155,53.642],[-1.2195,53.6367],[-1.2174,53.6242],[-1.2328,53.6211],[-1.2429,53.6346],[-1.2537,53.6412],[-1.2552,53.6489],[-1.2487,53.6496],[-1.247,53.6556],[-1.2523,53.6666],[-1.2439,53.6732],[-1.2444,53.6924],[-1.199,53.6949],[-1.1987,53.7007],[-1.2184,53.7071],[-1.2198,53.7144],[-1.2261,53.7099],[-1.2296,53.7149],[-1.2577,53.7118],[-1.269,53.7151],[-1.2721,53.7249],[-1.2838,53.732],[-1.302,53.7417],[-1.3154,53.7437],[-1.3122,53.7559],[-1.2949,53.7554],[-1.2967,53.7589],[-1.2922,53.7605],[-1.292,53.7672],[-1.2981,53.7728],[-1.3068,53.773],[-1.3038,53.7751],[-1.3138,53.7815],[-1.3149,53.8095],[-1.3123,53.8144],[-1.3036,53.8165],[-1.3104,53.8199],[-1.3097,53.8229],[-1.3361,53.8336],[-1.3252,53.8353],[-1.3265,53.8404],[-1.342,53.8452],[-1.3384,53.8517],[-1.353,53.8567],[-1.3126,53.8653],[-1.3197,53.8789],[-1.3157,53.8817],[-1.3207,53.8838],[-1.3177,53.8963],[-1.3223,53.9004],[-1.321,53.9035],[-1.3136,53.9047],[-1.3006,53.9075],[-1.2973,53.9217],[-1.3073,53.9215],[-1.2942,53.927],[-1.3005,53.9294],[-1.309,53.9241],[-1.307,53.9344],[-1.3396,53.9408],[-1.3446,53.9395],[-1.3404,53.9459],[-1.3619,53.9415],[-1.3972,53.9425],[-1.4007,53.9375],[-1.4093,53.9354],[-1.4106,53.9301],[-1.4067,53.9278],[-1.4298,53.9289],[-1.4335,53.9263],[-1.4324,53.9112],[-1.4404,53.9139],[-1.4508,53.9071],[-1.4632,53.906],[-1.4684,53.911],[-1.486,53.9109],[-1.4988,53.9153],[-1.5286,53.9087],[-1.5488,53.9109],[-1.5526,53.903],[-1.5628,53.9039],[-1.5678,53.9108],[-1.5828,53.9093],[-1.5869,53.9012],[-1.5992,53.904],[-1.6001,53.9098],[-1.6205,53.9034],[-1.6422,53.9073],[-1.6519,53.9057],[-1.6551,53.9125],[-1.6845,53.9106],[-1.6892,53.9126],[-1.687,53.9164],[-1.7071,53.9191],[-1.7061,53.9171],[-1.7164,53.9176],[-1.718,53.9085],[-1.7224,53.9119],[-1.7271,53.9102],[-1.7422,53.9146],[-1.7455,53.923],[-1.7555,53.921],[-1.7654,53.9247],[-1.7723,53.9209],[-1.7776,53.9229],[-1.7823,53.9294],[-1.798,53.9297],[-1.7975,53.9365],[-1.8029,53.9359],[-1.8051,53.939],[-1.8301,53.938],[-1.8301,53.9404],[-1.8477,53.9408],[-1.8487,53.936],[-1.8362,53.9314],[-1.8596,53.9325],[-1.8622,53.9406],[-1.874,53.9451],[-1.8788,53.9543],[-1.8787,53.9624],[-1.8822,53.9631],[-1.893,53.9554],[-1.9064,53.9584],[-1.9227,53.9556],[-1.9279,53.9504],[-1.9507,53.9567],[-1.9494,53.953],[-1.9662,53.9515],[-1.965,53.9482],[-1.9623,53.9432],[-1.9705,53.9433],[-1.9632,53.9334],[-1.9679,53.9318],[-1.9659,53.9279],[-1.9718,53.93],[-1.9769,53.9264],[-1.9532,53.9117],[-1.9526,53.9035],[-1.9697,53.9034],[-1.9792,53.9012],[-1.9807,53.897],[-1.9771,53.8756],[-1.9771,53.8755],[-1.9876,53.8677],[-1.9995,53.8721],[-2.0136,53.8697],[-2.0215,53.8715],[-2.0317,53.8586],[-2.0462,53.8501],[-2.0749,53.8624],[-2.0812,53.87],[-2.0899,53.8682],[-2.0814,53.8757],[-2.0959,53.8882],[-2.1034,53.8919],[-2.1133,53.9046],[-2.1075,53.908],[-2.1131,53.9154],[-2.1218,53.9173],[-2.1243,53.9232],[-2.1322,53.9265],[-2.1401,53.9283],[-2.1418,53.9257],[-2.1493,53.926],[-2.1516,53.9295],[-2.1629,53.9273],[-2.1621,53.9326],[-2.1698,53.937],[-2.1758,53.9342],[-2.1824,53.9354],[-2.1855,53.9419],[-2.1795,53.946],[-2.1845,53.9523],[-2.196,53.9696],[-2.2006,53.9701],[-2.2096,53.9629],[-2.2144,53.9651],[-2.2257,53.9611],[-2.2258,53.9672],[-2.2321,53.9712],[-2.221,53.9779],[-2.2347,53.9818],[-2.2845,53.9738],[-2.2954,53.9746],[-2.2967,53.9805],[-2.3188,53.9937],[-2.3399,53.9894],[-2.3525,53.9947],[-2.3523,54.0105],[-2.3503,54.0122],[-2.3409,54.0074],[-2.3396,54.0094],[-2.3435,54.0173],[-2.3572,54.0191],[-2.362,54.0407],[-2.374,54.0491],[-2.4258,54.0381],[-2.4327,54.0416],[-2.4588,54.0405],[-2.4695,54.0462],[-2.464,54.0611],[-2.4669,54.0757],[-2.4926,54.0899],[-2.5063,54.0915],[-2.5095,54.0954],[-2.524,54.0946],[-2.5241,54.1021],[-2.5367,54.1041],[-2.5362,54.1086],[-2.5457,54.1144],[-2.5449,54.1171],[-2.5634,54.1247],[-2.5634,54.1404],[-2.5579,54.1434],[-2.5605,54.153],[-2.5472,54.1533],[-2.543,54.1577],[-2.5365,54.1565],[-2.5289,54.1642],[-2.5286,54.1695],[-2.48,54.2023],[-2.4737,54.2153],[-2.4608,54.2267],[-2.4414,54.2257],[-2.4353,54.2229],[-2.412,54.2267],[-2.4056,54.2249],[-2.3968,54.2394],[-2.373,54.2401],[-2.3723,54.2482],[-2.3623,54.2497],[-2.348,54.2378],[-2.3377,54.2376],[-2.3257,54.2414],[-2.3191,54.2571],[-2.3155,54.2703],[-2.3259,54.2797],[-2.3172,54.2872],[-2.3242,54.2936],[-2.3204,54.299],[-2.3245,54.3032],[-2.3204,54.3068],[-2.323,54.3111],[-2.3149,54.3136],[-2.3099,54.3243],[-2.3201,54.3317],[-2.3346,54.3349],[-2.3358,54.3404],[-2.3677,54.3561],[-2.3607,54.3549],[-2.3446,54.3596],[-2.3261,54.3681],[-2.317,54.3763],[-2.2974,54.3769],[-2.292,54.3842],[-2.2954,54.3871],[-2.292,54.3915],[-2.3062,54.3987],[-2.3083,54.4165],[-2.3035,54.4262],[-2.2918,54.4315],[-2.2929,54.4393],[-2.2713,54.4409],[-2.2654,54.4429],[-2.2678,54.4472],[-2.2494,54.4519],[-2.2355,54.4482],[-2.1893,54.449],[-2.1774,54.4616],[-2.1706,54.4611],[-2.1702,54.4582],[-2.1593,54.4555],[-2.1501,54.46],[-2.1166,54.4623],[-2.0864,54.4684],[-2.0612,54.4805],[-2.0431,54.4836],[-2.0447,54.4752],[-1.9968,54.4669],[-1.9855,54.4599],[-1.976,54.4597],[-1.9701,54.4515],[-1.9424,54.4534],[-1.8935,54.4669],[-1.8777,54.478],[-1.8672,54.4821],[-1.8591,54.4818],[-1.8578,54.5035],[-1.8483,54.5037],[-1.8394,54.5084],[-1.8278,54.5029],[-1.8225,54.4952],[-1.7931,54.4845],[-1.7873,54.501],[-1.7822,54.507],[-1.7761,54.5067],[-1.7797,54.5319],[-1.7697,54.5328],[-1.7612,54.5289],[-1.7331,54.5277],[-1.7273,54.5305],[-1.7213,54.5423],[-1.6986,54.5361],[-1.6969,54.536],[-1.6822,54.5333],[-1.6579,54.5346],[-1.6547,54.5246],[-1.6322,54.524],[-1.633,54.5187],[-1.6393,54.5164],[-1.6285,54.5138],[-1.6188,54.5164],[-1.6095,54.5199],[-1.6007,54.5171],[-1.6028,54.5106],[-1.5795,54.5116],[-1.5843,54.508],[-1.592,54.5043],[-1.5791,54.5051],[-1.5836,54.4977],[-1.5741,54.4911],[-1.5552,54.485],[-1.5478,54.4723],[-1.5337,54.4692],[-1.5195,54.4716],[-1.5301,54.4757],[-1.5291,54.4847],[-1.5142,54.4838],[-1.5113,54.475],[-1.5055,54.4823],[-1.4918,54.4862],[-1.4989,54.4757],[-1.4755,54.4738],[-1.4676,54.4621],[-1.472,54.4556],[-1.4632,54.4514],[-1.4561,54.4524],[-1.4629,54.4614],[-1.4534,54.466],[-1.4637,54.4735],[-1.4577,54.4815],[-1.4619,54.4859],[-1.4594,54.4946],[-1.4755,54.4981],[-1.4674,54.5025],[-1.4578,54.5036],[-1.4349,54.4875],[-1.4266,54.4848],[-1.4322,54.4794],[-1.4127,54.4772],[-1.4071,54.4935],[-1.3993,54.4929],[-1.3951,54.4857],[-1.383,54.4873],[-1.381,54.494],[-1.3703,54.4861],[-1.3748,54.4825],[-1.3725,54.4723],[-1.3643,54.4659],[-1.3565,54.4729],[-1.3449,54.4724],[-1.3436,54.4641],[-1.3183,54.4722],[-1.3131,54.4773],[-1.3032,54.4784],[-1.3003,54.4758],[-1.2916,54.4834],[-1.2867,54.4827],[-1.2896,54.488],[-1.2745,54.4911],[-1.2574,54.4873],[-1.2532,54.4978],[-1.2567,54.5011],[-1.2424,54.5016],[-1.2344,54.5061],[-1.235,54.5103],[-1.22,54.5109],[-1.2073,54.5081],[-1.1956,54.5066],[-1.1851,54.5073],[-1.1744,54.5029],[-1.1461,54.5028],[-1.1183,54.4982],[-1.1118,54.5044],[-1.0946,54.5067],[-1.0679,54.5004],[-1.0368,54.494]]]}},{"type":"Feature","properties":{"areacd":"E06000066","areanm":"Somerset"},"geometry":{"type":"MultiPolygon","coordinates":[[[[-2.695,51.3181],[-2.6705,51.3112],[-2.6625,51.3066],[-2.6669,51.3024],[-2.6558,51.3013],[-2.6387,51.2948],[-2.6383,51.2883],[-2.625,51.2825],[-2.6247,51.2854],[-2.613,51.2842],[-2.6004,51.289],[-2.5948,51.2924],[-2.5954,51.2962],[-2.5822,51.2919],[-2.5578,51.3027],[-2.5528,51.3013],[-2.5541,51.2987],[-2.5499,51.3005],[-2.5281,51.2932],[-2.5081,51.2915],[-2.4968,51.2905],[-2.4965,51.2875],[-2.5065,51.279],[-2.4781,51.2731],[-2.4739,51.278],[-2.4559,51.2737],[-2.4517,51.2743],[-2.4524,51.2771],[-2.4443,51.2774],[-2.4461,51.2808],[-2.439,51.2852],[-2.4221,51.2875],[-2.4174,51.2921],[-2.4203,51.2966],[-2.4008,51.3048],[-2.3895,51.2946],[-2.3816,51.3001],[-2.3629,51.3029],[-2.3416,51.3097],[-2.3325,51.3084],[-2.3248,51.3136],[-2.2891,51.3253],[-2.2777,51.3257],[-2.2731,51.3229],[-2.2723,51.3185],[-2.2755,51.3187],[-2.272,51.3143],[-2.2851,51.3095],[-2.2781,51.3026],[-2.28,51.2922],[-2.2649,51.2962],[-2.2652,51.2929],[-2.2535,51.2898],[-2.2486,51.2803],[-2.2444,51.2631],[-2.2496,51.259],[-2.2452,51.2539],[-2.2529,51.2474],[-2.2638,51.2344],[-2.2697,51.219],[-2.2667,51.2155],[-2.2845,51.1974],[-2.2986,51.1753],[-2.3102,51.1684],[-2.3323,51.145],[-2.3322,51.138],[-2.3459,51.1334],[-2.3464,51.1305],[-2.3445,51.1247],[-2.3645,51.1189],[-2.3625,51.1016],[-2.3471,51.0882],[-2.3291,51.0853],[-2.3259,51.0797],[-2.3343,51.0753],[-2.3438,51.0746],[-2.35,51.0688],[-2.3445,51.0555],[-2.3401,51.0561],[-2.3326,51.0506],[-2.33,51.0414],[-2.3498,51.0301],[-2.3607,51.0252],[-2.3693,51.0143],[-2.3781,51.0117],[-2.3756,51.0093],[-2.3819,51.002],[-2.3778,50.9914],[-2.3551,50.9909],[-2.3439,50.9844],[-2.3446,50.9788],[-2.3835,50.9724],[-2.4149,50.9606],[-2.425,50.9703],[-2.4319,50.9713],[-2.4472,50.9679],[-2.4434,50.9585],[-2.4526,50.9503],[-2.4587,50.9498],[-2.4587,50.9543],[-2.4668,50.9598],[-2.4747,50.958],[-2.4746,50.9625],[-2.4902,50.9728],[-2.4884,50.9758],[-2.5023,50.9938],[-2.511,50.9944],[-2.5265,50.9919],[-2.5356,50.994],[-2.5352,50.9994],[-2.5475,50.9995],[-2.5473,50.9964],[-2.5515,50.9964],[-2.552,50.9937],[-2.5447,50.9917],[-2.5454,50.9851],[-2.5562,50.9795],[-2.5624,50.9777],[-2.5746,50.9867],[-2.5749,50.9833],[-2.5843,50.9789],[-2.5893,50.9769],[-2.5959,50.9813],[-2.6034,50.9764],[-2.598,50.9735],[-2.5999,50.9674],[-2.5948,50.9621],[-2.5985,50.9595],[-2.5996,50.9544],[-2.5982,50.9486],[-2.6017,50.9469],[-2.6117,50.9402],[-2.616,50.9415],[-2.604,50.931],[-2.604,50.9267],[-2.6148,50.9233],[-2.6166,50.9134],[-2.6241,50.9079],[-2.6148,50.8933],[-2.6098,50.8919],[-2.6112,50.885],[-2.6241,50.8793],[-2.628,50.8863],[-2.6472,50.8884],[-2.6503,50.8833],[-2.6606,50.8871],[-2.679,50.8775],[-2.6957,50.876],[-2.7071,50.8698],[-2.7144,50.8712],[-2.7147,50.8639],[-2.7231,50.8662],[-2.7505,50.8638],[-2.7549,50.8668],[-2.7599,50.866],[-2.7618,50.8608],[-2.7823,50.8597],[-2.789,50.8535],[-2.8004,50.8562],[-2.8115,50.8634],[-2.8177,50.8556],[-2.829,50.8517],[-2.829,50.8487],[-2.8427,50.8474],[-2.8452,50.8516],[-2.8769,50.8493],[-2.8791,50.8465],[-2.8862,50.8506],[-2.9165,50.8418],[-2.9301,50.841],[-2.9345,50.8365],[-2.9417,50.8359],[-2.9474,50.8237],[-2.9543,50.8212],[-2.9698,50.8342],[-2.9726,50.846],[-2.9681,50.8513],[-2.9746,50.8524],[-2.9736,50.8557],[-2.9941,50.8552],[-2.9985,50.851],[-3.0114,50.8572],[-3.0367,50.8511],[-3.0325,50.8616],[-3.0383,50.8683],[-3.0437,50.8681],[-3.0549,50.8746],[-3.0524,50.9083],[-3.1095,50.9024],[-3.1221,50.8981],[-3.1263,50.9017],[-3.1392,50.8917],[-3.1442,50.8914],[-3.1529,50.8938],[-3.1561,50.9001],[-3.1703,50.9004],[-3.1705,50.9076],[-3.1879,50.9104],[-3.1803,50.9229],[-3.1725,50.9256],[-3.1725,50.9357],[-3.164,50.946],[-3.1884,50.9486],[-3.2183,50.9433],[-3.2548,50.9419],[-3.2938,50.9551],[-3.3054,50.9649],[-3.3198,50.9706],[-3.3232,50.9775],[-3.3338,50.9828],[-3.3787,50.9775],[-3.3835,50.9945],[-3.3806,51.0185],[-3.4142,51.0197],[-3.4158,51.0278],[-3.4268,51.0314],[-3.4472,51.0257],[-3.4637,51.0253],[-3.4837,51.0338],[-3.5204,51.0259],[-3.5189,51.0148],[-3.5275,51.0055],[-3.535,51.0034],[-3.6032,51.0072],[-3.6098,51.008],[-3.6145,51.0155],[-3.5982,51.037],[-3.6003,51.0506],[-3.5946,51.0552],[-3.6103,51.058],[-3.613,51.0561],[-3.6243,51.0612],[-3.6353,51.0563],[-3.6524,51.0596],[-3.6502,51.0641],[-3.6824,51.0733],[-3.6923,51.0806],[-3.7199,51.0808],[-3.7674,51.1058],[-3.8043,51.1157],[-3.8214,51.1264],[-3.8348,51.1414],[-3.8322,51.1512],[-3.8398,51.1767],[-3.8064,51.1779],[-3.7862,51.1719],[-3.7573,51.1774],[-3.746,51.1756],[-3.7252,51.1794],[-3.7244,51.1839],[-3.732,51.191],[-3.7263,51.1994],[-3.7316,51.2151],[-3.7287,51.2189],[-3.7332,51.2227],[-3.7205,51.2331],[-3.7202,51.233],[-3.688,51.2296],[-3.6403,51.2234],[-3.6382,51.2244],[-3.6332,51.2239],[-3.6243,51.2184],[-3.6216,51.2168],[-3.5922,51.2227],[-3.5903,51.224],[-3.5898,51.2244],[-3.5788,51.2321],[-3.5433,51.2324],[-3.503,51.223],[-3.4969,51.224],[-3.4865,51.2199],[-3.4862,51.2199],[-3.4724,51.2136],[-3.4699,51.2092],[-3.4692,51.2078],[-3.4495,51.2089],[-3.442,51.2065],[-3.4326,51.1982],[-3.4243,51.1908],[-3.4239,51.1906],[-3.4116,51.1839],[-3.3932,51.1825],[-3.3929,51.1825],[-3.3736,51.1847],[-3.3501,51.1815],[-3.3496,51.1816],[-3.3288,51.1841],[-3.3281,51.1819],[-3.3132,51.1796],[-3.3114,51.1798],[-3.2939,51.1827],[-3.2854,51.1809],[-3.2841,51.1806],[-3.2758,51.1798],[-3.257,51.1877],[-3.23,51.1917],[-3.229,51.1918],[-3.2163,51.1943],[-3.2022,51.2015],[-3.19,51.2027],[-3.1805,51.1998],[-3.1642,51.2026],[-3.1548,51.2086],[-3.1466,51.2094],[-3.1314,51.2108],[-3.1144,51.207],[-3.1006,51.2084],[-3.0764,51.2014],[-3.0546,51.2057],[-3.0538,51.206],[-3.0308,51.2181],[-3.0191,51.2183],[-3.0241,51.2129],[-3.0265,51.2149],[-3.0304,51.2082],[-3.0244,51.2122],[-3.0327,51.1944],[-3.0451,51.1947],[-3.0564,51.1865],[-3.0614,51.1736],[-3.0572,51.1734],[-3.0562,51.1734],[-3.0369,51.1624],[-3.0291,51.1661],[-3.0273,51.175],[-3.0102,51.1735],[-3.0036,51.1669],[-3.0044,51.1613],[-2.9908,51.1615],[-2.9918,51.1539],[-2.9995,51.1517],[-2.9992,51.145],[-2.9939,51.1442],[-2.9931,51.144],[-2.9928,51.144],[-2.9939,51.1432],[-2.9968,51.141],[-2.9981,51.1402],[-2.9982,51.14],[-3.0012,51.1382],[-3.001,51.1379],[-2.9984,51.1393],[-2.9962,51.1405],[-2.992,51.1441],[-2.9924,51.1448],[-2.9931,51.1448],[-2.9937,51.1449],[-2.9986,51.1452],[-2.9986,51.1516],[-2.9899,51.1539],[-2.9895,51.1551],[-2.9876,51.1597],[-2.9907,51.1629],[-3.0015,51.1623],[-3.0021,51.1673],[-3.0021,51.1674],[-3.0094,51.1745],[-3.0221,51.177],[-3.0223,51.177],[-3.0233,51.1772],[-3.0312,51.1745],[-3.032,51.1658],[-3.0391,51.1641],[-3.0546,51.1757],[-3.0554,51.1816],[-3.0509,51.1871],[-3.0346,51.1889],[-3.027,51.1927],[-3.0181,51.2072],[-3.0162,51.2029],[-3.0157,51.2101],[-3.0068,51.2207],[-3.0037,51.2213],[-3.001,51.2261],[-2.9982,51.2221],[-2.985,51.2202],[-2.9847,51.2204],[-2.9981,51.2226],[-2.9999,51.2268],[-3.0041,51.2255],[-3.0018,51.2301],[-3.0018,51.2303],[-2.9994,51.2369],[-2.9994,51.237],[-3.0018,51.2449],[-3.0156,51.2576],[-3.022,51.269],[-3.0112,51.3203],[-3.0139,51.3235],[-3.0281,51.3242],[-3.0359,51.3285],[-3.003,51.3252],[-2.9941,51.321],[-2.9941,51.3209],[-2.9976,51.3191],[-2.9865,51.3125],[-2.9952,51.3076],[-2.9946,51.3056],[-2.9944,51.3026],[-2.9892,51.2988],[-2.9753,51.2963],[-2.9643,51.2979],[-2.9629,51.3045],[-2.9582,51.3047],[-2.9363,51.303],[-2.9132,51.2937],[-2.8971,51.2906],[-2.8849,51.3067],[-2.8771,51.3001],[-2.868,51.3022],[-2.8532,51.2995],[-2.8101,51.3014],[-2.812,51.3107],[-2.8074,51.3116],[-2.8078,51.3149],[-2.818,51.3191],[-2.8187,51.3264],[-2.8065,51.3262],[-2.7647,51.3226],[-2.7548,51.3246],[-2.7539,51.3198],[-2.7281,51.3172],[-2.7209,51.3215],[-2.7168,51.3168],[-2.6968,51.3161],[-2.695,51.3181]]],[[[-3.0157,51.2285],[-3.0149,51.2231],[-3.0186,51.2284],[-3.0157,51.2285]]],[[[-3.0188,51.2343],[-3.0154,51.2317],[-3.0188,51.2327],[-3.0188,51.2343]]],[[[-3.0036,51.2229],[-3.0043,51.222],[-3.0053,51.2224],[-3.0043,51.2236],[-3.0036,51.2229]]]]}},{"type":"Feature","properties":{"areacd":"E08000038","areanm":"Barnsley"},"geometry":{"type":"Polygon","coordinates":[[[-1.8015,53.481],[-1.8003,53.4933],[-1.7949,53.4959],[-1.7962,53.5031],[-1.8104,53.5063],[-1.8007,53.5114],[-1.8196,53.5134],[-1.8222,53.5211],[-1.8044,53.537],[-1.7974,53.5339],[-1.7558,53.5367],[-1.73,53.5468],[-1.7232,53.5599],[-1.7041,53.5602],[-1.699,53.5538],[-1.6695,53.5532],[-1.6619,53.5537],[-1.664,53.5575],[-1.6566,53.5605],[-1.6193,53.5631],[-1.6156,53.563],[-1.6096,53.572],[-1.5962,53.577],[-1.6004,53.5773],[-1.6017,53.5877],[-1.588,53.5935],[-1.5851,53.6005],[-1.5911,53.6068],[-1.5865,53.6072],[-1.582,53.6057],[-1.572,53.6086],[-1.5576,53.6059],[-1.5473,53.6031],[-1.5355,53.5939],[-1.5308,53.5931],[-1.5284,53.597],[-1.5186,53.5997],[-1.5104,53.5968],[-1.5014,53.5998],[-1.4966,53.5974],[-1.495,53.6032],[-1.4916,53.6028],[-1.4921,53.597],[-1.4839,53.5949],[-1.4477,53.6127],[-1.4393,53.607],[-1.4329,53.6089],[-1.4249,53.6045],[-1.4001,53.5987],[-1.3767,53.6065],[-1.3561,53.5953],[-1.3539,53.5834],[-1.3515,53.5811],[-1.3487,53.5833],[-1.332,53.5628],[-1.3268,53.5582],[-1.2976,53.5514],[-1.287,53.5377],[-1.2938,53.5358],[-1.2757,53.5298],[-1.286,53.5269],[-1.2765,53.5206],[-1.2813,53.5165],[-1.3123,53.5138],[-1.3436,53.5143],[-1.3601,53.5129],[-1.3688,53.5152],[-1.3693,53.5144],[-1.379,53.5145],[-1.3896,53.5094],[-1.4085,53.5033],[-1.4152,53.4925],[-1.4279,53.4858],[-1.4408,53.4911],[-1.4521,53.4849],[-1.4504,53.4774],[-1.4552,53.4717],[-1.4559,53.4718],[-1.4669,53.478],[-1.4947,53.4863],[-1.4952,53.4803],[-1.5147,53.4636],[-1.5182,53.4572],[-1.5131,53.4514],[-1.521,53.4443],[-1.5265,53.4391],[-1.5328,53.4383],[-1.5512,53.4461],[-1.5473,53.4499],[-1.5514,53.4554],[-1.5402,53.4561],[-1.5389,53.4617],[-1.5481,53.4713],[-1.5436,53.4727],[-1.5594,53.4836],[-1.6066,53.4929],[-1.6146,53.4931],[-1.6149,53.4906],[-1.6244,53.4921],[-1.669,53.5007],[-1.6887,53.4991],[-1.7011,53.5031],[-1.7111,53.5012],[-1.72,53.4923],[-1.7321,53.4909],[-1.7387,53.4771],[-1.7836,53.4848],[-1.8015,53.481]]]}},{"type":"Feature","properties":{"areacd":"E08000039","areanm":"Sheffield"},"geometry":{"type":"Polygon","coordinates":[[[-1.3246,53.3288],[-1.3283,53.329],[-1.3403,53.3155],[-1.3472,53.3188],[-1.3617,53.3185],[-1.3626,53.315],[-1.3851,53.3178],[-1.392,53.3226],[-1.3867,53.3349],[-1.3888,53.3364],[-1.4087,53.3419],[-1.4209,53.3345],[-1.4421,53.3374],[-1.4617,53.3284],[-1.4552,53.3219],[-1.4679,53.3171],[-1.4745,53.3185],[-1.496,53.3164],[-1.5105,53.316],[-1.5262,53.3104],[-1.5313,53.3106],[-1.5368,53.3047],[-1.5491,53.307],[-1.5585,53.3053],[-1.5618,53.3066],[-1.5557,53.3115],[-1.5614,53.3158],[-1.5805,53.3117],[-1.583,53.3157],[-1.5789,53.3167],[-1.5849,53.3216],[-1.5991,53.3113],[-1.6015,53.3182],[-1.6092,53.3226],[-1.6256,53.3164],[-1.6327,53.3208],[-1.6122,53.3432],[-1.6017,53.3426],[-1.5905,53.3459],[-1.6256,53.352],[-1.6306,53.3561],[-1.664,53.3669],[-1.6632,53.3742],[-1.6535,53.3848],[-1.6538,53.3919],[-1.6682,53.3931],[-1.6818,53.4018],[-1.6945,53.4011],[-1.705,53.405],[-1.704,53.4149],[-1.7168,53.4193],[-1.73,53.416],[-1.7467,53.4261],[-1.7442,53.4313],[-1.7497,53.4391],[-1.7437,53.445],[-1.7468,53.4634],[-1.7684,53.4648],[-1.7763,53.4683],[-1.7791,53.4742],[-1.791,53.4758],[-1.8015,53.481],[-1.7836,53.4848],[-1.7387,53.4771],[-1.7321,53.4909],[-1.72,53.4923],[-1.7111,53.5012],[-1.7011,53.5031],[-1.6887,53.4991],[-1.669,53.5007],[-1.6244,53.4921],[-1.6149,53.4906],[-1.6146,53.4931],[-1.6066,53.4929],[-1.5594,53.4836],[-1.5436,53.4727],[-1.5481,53.4713],[-1.5389,53.4617],[-1.5402,53.4561],[-1.5514,53.4554],[-1.5473,53.4499],[-1.5512,53.4461],[-1.5328,53.4383],[-1.5265,53.4391],[-1.521,53.4443],[-1.5131,53.4514],[-1.5182,53.4572],[-1.5147,53.4636],[-1.4952,53.4803],[-1.4947,53.4863],[-1.4669,53.478],[-1.4559,53.4718],[-1.4552,53.4717],[-1.4477,53.4619],[-1.4429,53.4473],[-1.4333,53.4383],[-1.4256,53.4339],[-1.4085,53.4203],[-1.3982,53.4246],[-1.3817,53.4254],[-1.3823,53.421],[-1.3935,53.42],[-1.3894,53.4186],[-1.3907,53.4131],[-1.3758,53.3937],[-1.3911,53.3833],[-1.3767,53.3789],[-1.3612,53.3666],[-1.352,53.3665],[-1.3378,53.3535],[-1.332,53.3524],[-1.3257,53.3369],[-1.3246,53.3288]]]}}]}