timestamp,data_id,model,month,thresholds,start_date,end_date,data_split_date,F2,Precision,Recall,MCC,AUC,BalancedAccuracy,TP,TN,FP,FN
2025-11-20 11:57:47,France_level_2_final,k-Nearest Neighbors,Month+1,0.5,2005-01-01,2024-12-31,2022-01-01,0.956,0.814,1.0,0.764,0.872,0.859,180,104,41,0
2025-11-20 11:57:47,France_level_2_final,k-Nearest Neighbors,Month+2,0.5,2005-01-01,2024-12-31,2022-01-01,0.935,0.769,0.988,0.701,0.843,0.828,170,102,51,2
2025-11-20 11:57:47,France_level_2_final,k-Nearest Neighbors,Month+3,0.5,2005-01-01,2024-12-31,2022-01-01,0.896,0.724,0.952,0.604,0.8,0.782,160,96,61,8
2025-11-20 11:57:47,France_level_2_final,k-Nearest Neighbors,Month+4,0.5,2005-01-01,2024-12-31,2022-01-01,0.844,0.679,0.898,0.481,0.744,0.724,150,87,71,17
2025-11-20 11:57:47,France_level_2_final,k-Nearest Neighbors,Month+5,0.5,2005-01-01,2024-12-31,2022-01-01,0.793,0.638,0.844,0.362,0.694,0.669,141,78,80,26
2025-11-20 11:57:47,France_level_2_final,k-Nearest Neighbors,Month+6,0.5,2005-01-01,2024-12-31,2022-01-01,0.756,0.611,0.804,0.274,0.647,0.628,135,71,86,33
2025-11-20 11:57:52,France_level_2_final,SVC (RBF Kernel),Month+1,0.5,2005-01-01 00:00:00,2024-12-31 00:00:00,2022-01-01 00:00:00,0.966,0.849,1.0,0.813,0.933,0.89,180,113,32,0
2025-11-20 11:57:52,France_level_2_final,SVC (RBF Kernel),Month+2,0.5,2005-01-01 00:00:00,2024-12-31 00:00:00,2022-01-01 00:00:00,0.944,0.802,0.988,0.748,0.885,0.857,170,111,42,2
2025-11-20 11:57:52,France_level_2_final,SVC (RBF Kernel),Month+3,0.5,2005-01-01 00:00:00,2024-12-31 00:00:00,2022-01-01 00:00:00,0.904,0.751,0.952,0.646,0.839,0.807,160,104,53,8
2025-11-20 11:57:52,France_level_2_final,SVC (RBF Kernel),Month+4,0.5,2005-01-01 00:00:00,2024-12-31 00:00:00,2022-01-01 00:00:00,0.852,0.708,0.898,0.531,0.784,0.753,150,96,62,17
2025-11-20 11:57:52,France_level_2_final,SVC (RBF Kernel),Month+5,0.5,2005-01-01 00:00:00,2024-12-31 00:00:00,2022-01-01 00:00:00,0.795,0.66,0.838,0.402,0.729,0.691,140,86,72,27
2025-11-20 11:57:52,France_level_2_final,SVC (RBF Kernel),Month+6,0.5,2005-01-01 00:00:00,2024-12-31 00:00:00,2022-01-01 00:00:00,0.74,0.615,0.78,0.271,0.671,0.629,131,75,82,37
2025-11-20 11:57:55,France_level_2_final,Logistic Regression,Month+1,0.5,2005-01-01 00:00:00,2024-12-31 00:00:00,2022-01-01 00:00:00,0.978,0.9,1.0,0.881,0.918,0.931,180,125,20,0
2025-11-20 11:57:55,France_level_2_final,Logistic Regression,Month+2,0.5,2005-01-01 00:00:00,2024-12-31 00:00:00,2022-01-01 00:00:00,0.957,0.85,0.988,0.813,0.866,0.896,170,123,30,2
2025-11-20 11:57:55,France_level_2_final,Logistic Regression,Month+3,0.5,2005-01-01 00:00:00,2024-12-31 00:00:00,2022-01-01 00:00:00,0.917,0.8,0.952,0.717,0.82,0.849,160,117,40,8
2025-11-20 11:57:55,France_level_2_final,Logistic Regression,Month+4,0.5,2005-01-01 00:00:00,2024-12-31 00:00:00,2022-01-01 00:00:00,0.864,0.75,0.898,0.598,0.78,0.791,150,108,50,17
2025-11-20 11:57:55,France_level_2_final,Logistic Regression,Month+5,0.5,2005-01-01 00:00:00,2024-12-31 00:00:00,2022-01-01 00:00:00,0.806,0.7,0.838,0.471,0.743,0.729,140,98,60,27
2025-11-20 11:57:55,France_level_2_final,Logistic Regression,Month+6,0.5,2005-01-01 00:00:00,2024-12-31 00:00:00,2022-01-01 00:00:00,0.758,0.649,0.792,0.345,0.694,0.667,133,85,72,35
2025-11-20 11:57:55,France_level_2_final,Linear SVM (Calibrated),Month+1,0.5,2005-01-01 00:00:00,2024-12-31 00:00:00,2022-01-01 00:00:00,0.978,0.9,1.0,0.881,0.934,0.931,180,125,20,0
2025-11-20 11:57:55,France_level_2_final,Linear SVM (Calibrated),Month+2,0.5,2005-01-01 00:00:00,2024-12-31 00:00:00,2022-01-01 00:00:00,0.957,0.85,0.988,0.813,0.878,0.896,170,123,30,2
2025-11-20 11:57:55,France_level_2_final,Linear SVM (Calibrated),Month+3,0.5,2005-01-01 00:00:00,2024-12-31 00:00:00,2022-01-01 00:00:00,0.917,0.8,0.952,0.717,0.832,0.849,160,117,40,8
2025-11-20 11:57:55,France_level_2_final,Linear SVM (Calibrated),Month+4,0.5,2005-01-01 00:00:00,2024-12-31 00:00:00,2022-01-01 00:00:00,0.864,0.75,0.898,0.598,0.782,0.791,150,108,50,17
2025-11-20 11:57:55,France_level_2_final,Linear SVM (Calibrated),Month+5,0.5,2005-01-01 00:00:00,2024-12-31 00:00:00,2022-01-01 00:00:00,0.807,0.704,0.838,0.477,0.744,0.732,140,99,59,27
2025-11-20 11:57:55,France_level_2_final,Linear SVM (Calibrated),Month+6,0.5,2005-01-01 00:00:00,2024-12-31 00:00:00,2022-01-01 00:00:00,0.746,0.653,0.774,0.343,0.695,0.667,130,88,69,38
2025-11-20 11:57:56,France_level_2_final,RidgeClassifier (Calibrated),Month+1,0.5,2005-01-01 00:00:00,2024-12-31 00:00:00,2022-01-01 00:00:00,0.978,0.9,1.0,0.881,0.929,0.931,180,125,20,0
2025-11-20 11:57:56,France_level_2_final,RidgeClassifier (Calibrated),Month+2,0.5,2005-01-01 00:00:00,2024-12-31 00:00:00,2022-01-01 00:00:00,0.957,0.85,0.988,0.813,0.88,0.896,170,123,30,2
2025-11-20 11:57:56,France_level_2_final,RidgeClassifier (Calibrated),Month+3,0.5,2005-01-01 00:00:00,2024-12-31 00:00:00,2022-01-01 00:00:00,0.917,0.8,0.952,0.717,0.837,0.849,160,117,40,8
2025-11-20 11:57:56,France_level_2_final,RidgeClassifier (Calibrated),Month+4,0.5,2005-01-01 00:00:00,2024-12-31 00:00:00,2022-01-01 00:00:00,0.864,0.75,0.898,0.598,0.786,0.791,150,108,50,17
2025-11-20 11:57:56,France_level_2_final,RidgeClassifier (Calibrated),Month+5,0.5,2005-01-01 00:00:00,2024-12-31 00:00:00,2022-01-01 00:00:00,0.806,0.7,0.838,0.471,0.746,0.729,140,98,60,27
2025-11-20 11:57:56,France_level_2_final,RidgeClassifier (Calibrated),Month+6,0.5,2005-01-01 00:00:00,2024-12-31 00:00:00,2022-01-01 00:00:00,0.745,0.65,0.774,0.337,0.693,0.664,130,87,70,38
2025-11-20 11:58:03,France_level_2_final,Random Forest,Month+1,0.5,2005-01-01 00:00:00,2024-12-31 00:00:00,2022-01-01 00:00:00,0.977,0.896,1.0,0.875,0.964,0.928,180,124,21,0
2025-11-20 11:58:03,France_level_2_final,Random Forest,Month+2,0.5,2005-01-01 00:00:00,2024-12-31 00:00:00,2022-01-01 00:00:00,0.947,0.81,0.988,0.759,0.925,0.863,170,113,40,2
2025-11-20 11:58:03,France_level_2_final,Random Forest,Month+3,0.5,2005-01-01 00:00:00,2024-12-31 00:00:00,2022-01-01 00:00:00,0.91,0.773,0.952,0.679,0.867,0.827,160,110,47,8
2025-11-20 11:58:03,France_level_2_final,Random Forest,Month+4,0.5,2005-01-01 00:00:00,2024-12-31 00:00:00,2022-01-01 00:00:00,0.86,0.735,0.898,0.575,0.817,0.778,150,104,54,17
2025-11-20 11:58:03,France_level_2_final,Random Forest,Month+5,0.5,2005-01-01 00:00:00,2024-12-31 00:00:00,2022-01-01 00:00:00,0.8,0.676,0.838,0.431,0.762,0.707,140,91,67,27
2025-11-20 11:58:03,France_level_2_final,Random Forest,Month+6,0.5,2005-01-01 00:00:00,2024-12-31 00:00:00,2022-01-01 00:00:00,0.751,0.621,0.792,0.291,0.703,0.638,133,76,81,35
2025-11-20 11:58:15,France_level_2_final,Balanced Random Forest,Month+1,0.5,2005-01-01 00:00:00,2024-12-31 00:00:00,2022-01-01 00:00:00,0.952,0.8,1.0,0.743,0.966,0.845,180,100,45,0
2025-11-20 11:58:15,France_level_2_final,Balanced Random Forest,Month+2,0.5,2005-01-01 00:00:00,2024-12-31 00:00:00,2022-01-01 00:00:00,0.931,0.756,0.988,0.68,0.927,0.814,170,98,55,2
2025-11-20 11:58:15,France_level_2_final,Balanced Random Forest,Month+3,0.5,2005-01-01 00:00:00,2024-12-31 00:00:00,2022-01-01 00:00:00,0.896,0.724,0.952,0.604,0.878,0.782,160,96,61,8
2025-11-20 11:58:15,France_level_2_final,Balanced Random Forest,Month+4,0.5,2005-01-01 00:00:00,2024-12-31 00:00:00,2022-01-01 00:00:00,0.848,0.694,0.898,0.509,0.822,0.74,150,92,66,17
2025-11-20 11:58:15,France_level_2_final,Balanced Random Forest,Month+5,0.5,2005-01-01 00:00:00,2024-12-31 00:00:00,2022-01-01 00:00:00,0.809,0.636,0.868,0.375,0.765,0.671,145,75,83,22
2025-11-20 11:58:15,France_level_2_final,Balanced Random Forest,Month+6,0.5,2005-01-01 00:00:00,2024-12-31 00:00:00,2022-01-01 00:00:00,0.764,0.609,0.815,0.276,0.706,0.627,137,69,88,31
2025-11-20 11:58:25,France_level_2_final,ExtraTrees,Month+1,0.5,2005-01-01 00:00:00,2024-12-31 00:00:00,2022-01-01 00:00:00,0.97,0.865,1.0,0.836,0.966,0.903,180,117,28,0
2025-11-20 11:58:25,France_level_2_final,ExtraTrees,Month+2,0.5,2005-01-01 00:00:00,2024-12-31 00:00:00,2022-01-01 00:00:00,0.945,0.806,0.988,0.754,0.927,0.86,170,112,41,2
2025-11-20 11:58:25,France_level_2_final,ExtraTrees,Month+3,0.5,2005-01-01 00:00:00,2024-12-31 00:00:00,2022-01-01 00:00:00,0.906,0.758,0.952,0.657,0.871,0.814,160,106,51,8
2025-11-20 11:58:25,France_level_2_final,ExtraTrees,Month+4,0.5,2005-01-01 00:00:00,2024-12-31 00:00:00,2022-01-01 00:00:00,0.856,0.721,0.898,0.553,0.827,0.766,150,100,58,17
2025-11-20 11:58:25,France_level_2_final,ExtraTrees,Month+5,0.5,2005-01-01 00:00:00,2024-12-31 00:00:00,2022-01-01 00:00:00,0.796,0.664,0.838,0.407,0.772,0.694,140,87,71,27
2025-11-20 11:58:25,France_level_2_final,ExtraTrees,Month+6,0.5,2005-01-01 00:00:00,2024-12-31 00:00:00,2022-01-01 00:00:00,0.743,0.624,0.78,0.289,0.715,0.638,131,78,79,37
2025-11-20 11:58:30,France_level_2_final,Gradient Boosting,Month+1,0.5,2005-01-01 00:00:00,2024-12-31 00:00:00,2022-01-01 00:00:00,0.972,0.874,1.0,0.847,0.966,0.91,180,119,26,0
2025-11-20 11:58:30,France_level_2_final,Gradient Boosting,Month+2,0.5,2005-01-01 00:00:00,2024-12-31 00:00:00,2022-01-01 00:00:00,0.945,0.806,0.988,0.754,0.918,0.86,170,112,41,2
2025-11-20 11:58:30,France_level_2_final,Gradient Boosting,Month+3,0.5,2005-01-01 00:00:00,2024-12-31 00:00:00,2022-01-01 00:00:00,0.905,0.755,0.952,0.652,0.849,0.811,160,105,52,8
2025-11-20 11:58:30,France_level_2_final,Gradient Boosting,Month+4,0.5,2005-01-01 00:00:00,2024-12-31 00:00:00,2022-01-01 00:00:00,0.859,0.732,0.898,0.57,0.778,0.775,150,103,55,17
2025-11-20 11:58:30,France_level_2_final,Gradient Boosting,Month+5,0.5,2005-01-01 00:00:00,2024-12-31 00:00:00,2022-01-01 00:00:00,0.798,0.67,0.838,0.419,0.7,0.701,140,89,69,27
2025-11-20 11:58:30,France_level_2_final,Gradient Boosting,Month+6,0.5,2005-01-01 00:00:00,2024-12-31 00:00:00,2022-01-01 00:00:00,0.742,0.608,0.786,0.259,0.661,0.622,132,72,85,36
2025-11-20 11:58:32,France_level_2_final,AdaBoost,Month+1,0.5,2005-01-01 00:00:00,2024-12-31 00:00:00,2022-01-01 00:00:00,0.986,0.933,1.0,0.921,0.964,0.955,180,132,13,0
2025-11-20 11:58:32,France_level_2_final,AdaBoost,Month+2,0.5,2005-01-01 00:00:00,2024-12-31 00:00:00,2022-01-01 00:00:00,0.968,0.895,0.988,0.869,0.925,0.929,170,133,20,2
2025-11-20 11:58:32,France_level_2_final,AdaBoost,Month+3,0.5,2005-01-01 00:00:00,2024-12-31 00:00:00,2022-01-01 00:00:00,0.928,0.842,0.952,0.772,0.875,0.881,160,127,30,8
2025-11-20 11:58:32,France_level_2_final,AdaBoost,Month+4,0.5,2005-01-01 00:00:00,2024-12-31 00:00:00,2022-01-01 00:00:00,0.874,0.789,0.898,0.654,0.828,0.823,150,118,40,17
2025-11-20 11:58:32,France_level_2_final,AdaBoost,Month+5,0.5,2005-01-01 00:00:00,2024-12-31 00:00:00,2022-01-01 00:00:00,0.816,0.737,0.838,0.529,0.771,0.761,140,108,50,27
2025-11-20 11:58:32,France_level_2_final,AdaBoost,Month+6,0.5,2005-01-01 00:00:00,2024-12-31 00:00:00,2022-01-01 00:00:00,0.754,0.684,0.774,0.397,0.716,0.696,130,97,60,38
2025-11-20 11:58:35,France_level_2_final,Hist Gradient Boosting,Month+1,0.5,2005-01-01 00:00:00,2024-12-31 00:00:00,2022-01-01 00:00:00,0.984,0.923,1.0,0.91,0.979,0.948,180,130,15,0
2025-11-20 11:58:35,France_level_2_final,Hist Gradient Boosting,Month+2,0.5,2005-01-01 00:00:00,2024-12-31 00:00:00,2022-01-01 00:00:00,0.956,0.846,0.988,0.807,0.917,0.893,170,122,31,2
2025-11-20 11:58:35,France_level_2_final,Hist Gradient Boosting,Month+3,0.5,2005-01-01 00:00:00,2024-12-31 00:00:00,2022-01-01 00:00:00,0.928,0.842,0.952,0.772,0.854,0.881,160,127,30,8
2025-11-20 11:58:35,France_level_2_final,Hist Gradient Boosting,Month+4,0.5,2005-01-01 00:00:00,2024-12-31 00:00:00,2022-01-01 00:00:00,0.871,0.777,0.898,0.637,0.797,0.813,150,115,43,17
2025-11-20 11:58:35,France_level_2_final,Hist Gradient Boosting,Month+5,0.5,2005-01-01 00:00:00,2024-12-31 00:00:00,2022-01-01 00:00:00,0.812,0.722,0.838,0.506,0.723,0.748,140,104,54,27
2025-11-20 11:58:35,France_level_2_final,Hist Gradient Boosting,Month+6,0.5,2005-01-01 00:00:00,2024-12-31 00:00:00,2022-01-01 00:00:00,0.753,0.681,0.774,0.391,0.651,0.693,130,96,61,38
2025-11-20 11:58:36,France_level_2_final,XGBoost,Month+1,0.5,2005-01-01 00:00:00,2024-12-31 00:00:00,2022-01-01 00:00:00,0.974,0.882,1.0,0.858,0.96,0.917,180,121,24,0
2025-11-20 11:58:36,France_level_2_final,XGBoost,Month+2,0.5,2005-01-01 00:00:00,2024-12-31 00:00:00,2022-01-01 00:00:00,0.951,0.825,0.988,0.78,0.904,0.877,170,117,36,2
2025-11-20 11:58:36,France_level_2_final,XGBoost,Month+3,0.5,2005-01-01 00:00:00,2024-12-31 00:00:00,2022-01-01 00:00:00,0.908,0.766,0.952,0.668,0.846,0.82,160,108,49,8
2025-11-20 11:58:36,France_level_2_final,XGBoost,Month+4,0.5,2005-01-01 00:00:00,2024-12-31 00:00:00,2022-01-01 00:00:00,0.854,0.714,0.898,0.542,0.788,0.759,150,98,60,17
2025-11-20 11:58:36,France_level_2_final,XGBoost,Month+5,0.5,2005-01-01 00:00:00,2024-12-31 00:00:00,2022-01-01 00:00:00,0.803,0.657,0.85,0.404,0.714,0.691,142,84,74,25
2025-11-20 11:58:36,France_level_2_final,XGBoost,Month+6,0.5,2005-01-01 00:00:00,2024-12-31 00:00:00,2022-01-01 00:00:00,0.752,0.612,0.798,0.273,0.667,0.628,134,72,85,34
2025-11-20 11:58:37,France_level_2_final,LightGBM,Month+1,0.5,2005-01-01 00:00:00,2024-12-31 00:00:00,2022-01-01 00:00:00,0.977,0.896,1.0,0.875,0.963,0.928,180,124,21,0
2025-11-20 11:58:37,France_level_2_final,LightGBM,Month+2,0.5,2005-01-01 00:00:00,2024-12-31 00:00:00,2022-01-01 00:00:00,0.958,0.854,0.988,0.818,0.919,0.899,170,124,29,2
2025-11-20 11:58:37,France_level_2_final,LightGBM,Month+3,0.5,2005-01-01 00:00:00,2024-12-31 00:00:00,2022-01-01 00:00:00,0.916,0.796,0.952,0.711,0.836,0.846,160,116,41,8
2025-11-20 11:58:37,France_level_2_final,LightGBM,Month+4,0.5,2005-01-01 00:00:00,2024-12-31 00:00:00,2022-01-01 00:00:00,0.867,0.761,0.898,0.615,0.785,0.8,150,111,47,17
2025-11-20 11:58:37,France_level_2_final,LightGBM,Month+5,0.5,2005-01-01 00:00:00,2024-12-31 00:00:00,2022-01-01 00:00:00,0.8,0.676,0.838,0.431,0.703,0.707,140,91,67,27
2025-11-20 11:58:37,France_level_2_final,LightGBM,Month+6,0.5,2005-01-01 00:00:00,2024-12-31 00:00:00,2022-01-01 00:00:00,0.742,0.621,0.78,0.283,0.624,0.635,131,77,80,37
2025-11-20 11:58:43,France_level_2_final,CatBoost,Month+1,0.5,2005-01-01 00:00:00,2024-12-31 00:00:00,2022-01-01 00:00:00,0.973,0.878,1.0,0.852,0.946,0.914,180,120,25,0
2025-11-20 11:58:43,France_level_2_final,CatBoost,Month+2,0.5,2005-01-01 00:00:00,2024-12-31 00:00:00,2022-01-01 00:00:00,0.944,0.802,0.988,0.748,0.9,0.857,170,111,42,2
2025-11-20 11:58:43,France_level_2_final,CatBoost,Month+3,0.5,2005-01-01 00:00:00,2024-12-31 00:00:00,2022-01-01 00:00:00,0.903,0.748,0.952,0.641,0.84,0.804,160,103,54,8
2025-11-20 11:58:43,France_level_2_final,CatBoost,Month+4,0.5,2005-01-01 00:00:00,2024-12-31 00:00:00,2022-01-01 00:00:00,0.851,0.704,0.898,0.525,0.789,0.75,150,95,63,17
2025-11-20 11:58:43,France_level_2_final,CatBoost,Month+5,0.5,2005-01-01 00:00:00,2024-12-31 00:00:00,2022-01-01 00:00:00,0.799,0.659,0.844,0.403,0.722,0.691,141,85,73,26
2025-11-20 11:58:43,France_level_2_final,CatBoost,Month+6,0.5,2005-01-01 00:00:00,2024-12-31 00:00:00,2022-01-01 00:00:00,0.76,0.638,0.798,0.328,0.674,0.657,134,81,76,34
2025-11-20 12:01:57,France_level_2_final,Ensemble (mean weight) top 3 models_TH_auto_not_equal_weight,Month+1,0.38,2005-01-01 00:00:00,2024-12-31 00:00:00,2022-01-01 00:00:00,0.95,0.793,1.0,0.732,0.964,0.838,180,98,47,0
2025-11-20 12:01:57,France_level_2_final,Ensemble (mean weight) top 3 models_TH_auto_not_equal_weight,Month+2,0.37,2005-01-01 00:00:00,2024-12-31 00:00:00,2022-01-01 00:00:00,0.927,0.742,0.988,0.659,0.925,0.801,170,94,59,2
2025-11-20 12:01:57,France_level_2_final,Ensemble (mean weight) top 3 models_TH_auto_not_equal_weight,Month+3,0.56,2005-01-01 00:00:00,2024-12-31 00:00:00,2022-01-01 00:00:00,0.911,0.777,0.952,0.684,0.868,0.83,160,111,46,8
2025-11-20 12:01:57,France_level_2_final,Ensemble (mean weight) top 3 models_TH_auto_not_equal_weight,Month+4,0.51,2005-01-01 00:00:00,2024-12-31 00:00:00,2022-01-01 00:00:00,0.859,0.732,0.898,0.57,0.819,0.775,150,103,55,17
2025-11-20 12:01:57,France_level_2_final,Ensemble (mean weight) top 3 models_TH_auto_not_equal_weight,Month+5,0.5,2005-01-01 00:00:00,2024-12-31 00:00:00,2022-01-01 00:00:00,0.8,0.662,0.844,0.409,0.763,0.694,141,86,72,26
2025-11-20 12:01:57,France_level_2_final,Ensemble (mean weight) top 3 models_TH_auto_not_equal_weight,Month+6,0.51,2005-01-01 00:00:00,2024-12-31 00:00:00,2022-01-01 00:00:00,0.749,0.616,0.792,0.278,0.712,0.632,133,74,83,35
2025-11-20 12:05:31,France_level_2_final,Ensemble (mean weight) top 4 models_TH_auto_not_equal_weight,Month+1,0.34,2005-01-01 00:00:00,2024-12-31 00:00:00,2022-01-01 00:00:00,0.967,0.853,1.0,0.819,0.963,0.893,180,114,31,0
2025-11-20 12:05:31,France_level_2_final,Ensemble (mean weight) top 4 models_TH_auto_not_equal_weight,Month+2,0.58,2005-01-01 00:00:00,2024-12-31 00:00:00,2022-01-01 00:00:00,0.955,0.842,0.988,0.802,0.921,0.89,170,121,32,2
2025-11-20 12:05:31,France_level_2_final,Ensemble (mean weight) top 4 models_TH_auto_not_equal_weight,Month+3,0.51,2005-01-01 00:00:00,2024-12-31 00:00:00,2022-01-01 00:00:00,0.907,0.762,0.952,0.662,0.868,0.817,160,107,50,8
2025-11-20 12:05:31,France_level_2_final,Ensemble (mean weight) top 4 models_TH_auto_not_equal_weight,Month+4,0.53,2005-01-01 00:00:00,2024-12-31 00:00:00,2022-01-01 00:00:00,0.859,0.732,0.898,0.57,0.819,0.775,150,103,55,17
2025-11-20 12:05:31,France_level_2_final,Ensemble (mean weight) top 4 models_TH_auto_not_equal_weight,Month+5,0.38,2005-01-01 00:00:00,2024-12-31 00:00:00,2022-01-01 00:00:00,0.789,0.639,0.838,0.361,0.738,0.669,140,79,79,27
2025-11-20 12:05:31,France_level_2_final,Ensemble (mean weight) top 4 models_TH_auto_not_equal_weight,Month+6,0.4,2005-01-01 00:00:00,2024-12-31 00:00:00,2022-01-01 00:00:00,0.775,0.618,0.827,0.303,0.705,0.64,139,71,86,29
2025-11-20 12:09:27,France_level_2_final,Ensemble (mean weight) top 5 models_TH_auto_not_equal_weight,Month+1,0.11,2005-01-01 00:00:00,2024-12-31 00:00:00,2022-01-01 00:00:00,0.946,0.779,1.0,0.711,0.947,0.824,180,94,51,0
2025-11-20 12:09:27,France_level_2_final,Ensemble (mean weight) top 5 models_TH_auto_not_equal_weight,Month+2,0.46,2005-01-01 00:00:00,2024-12-31 00:00:00,2022-01-01 00:00:00,0.947,0.81,0.988,0.759,0.902,0.863,170,113,40,2
2025-11-20 12:09:27,France_level_2_final,Ensemble (mean weight) top 5 models_TH_auto_not_equal_weight,Month+3,0.51,2005-01-01 00:00:00,2024-12-31 00:00:00,2022-01-01 00:00:00,0.91,0.773,0.952,0.679,0.838,0.827,160,110,47,8
2025-11-20 12:09:27,France_level_2_final,Ensemble (mean weight) top 5 models_TH_auto_not_equal_weight,Month+4,0.41,2005-01-01 00:00:00,2024-12-31 00:00:00,2022-01-01 00:00:00,0.852,0.708,0.898,0.531,0.788,0.753,150,96,62,17
2025-11-20 12:09:27,France_level_2_final,Ensemble (mean weight) top 5 models_TH_auto_not_equal_weight,Month+5,0.38,2005-01-01 00:00:00,2024-12-31 00:00:00,2022-01-01 00:00:00,0.803,0.644,0.856,0.383,0.723,0.678,143,79,79,24
2025-11-20 12:09:27,France_level_2_final,Ensemble (mean weight) top 5 models_TH_auto_not_equal_weight,Month+6,0.34,2005-01-01 00:00:00,2024-12-31 00:00:00,2022-01-01 00:00:00,0.751,0.609,0.798,0.267,0.667,0.625,134,71,86,34
2025-11-20 12:13:42,France_level_2_final,Ensemble (mean weight) top 6 models_TH_auto_not_equal_weight,Month+1,0.34,2005-01-01 00:00:00,2024-12-31 00:00:00,2022-01-01 00:00:00,0.957,0.818,1.0,0.77,0.966,0.862,180,105,40,0
2025-11-20 12:13:42,France_level_2_final,Ensemble (mean weight) top 6 models_TH_auto_not_equal_weight,Month+2,0.32,2005-01-01 00:00:00,2024-12-31 00:00:00,2022-01-01 00:00:00,0.935,0.769,0.988,0.701,0.902,0.828,170,102,51,2
2025-11-20 12:13:42,France_level_2_final,Ensemble (mean weight) top 6 models_TH_auto_not_equal_weight,Month+3,0.38,2005-01-01 00:00:00,2024-12-31 00:00:00,2022-01-01 00:00:00,0.898,0.731,0.952,0.615,0.84,0.788,160,98,59,8
2025-11-20 12:13:42,France_level_2_final,Ensemble (mean weight) top 6 models_TH_auto_not_equal_weight,Month+4,0.43,2005-01-01 00:00:00,2024-12-31 00:00:00,2022-01-01 00:00:00,0.852,0.708,0.898,0.531,0.789,0.753,150,96,62,17
2025-11-20 12:13:42,France_level_2_final,Ensemble (mean weight) top 6 models_TH_auto_not_equal_weight,Month+5,0.34,2005-01-01 00:00:00,2024-12-31 00:00:00,2022-01-01 00:00:00,0.793,0.638,0.844,0.362,0.721,0.669,141,78,80,26
2025-11-20 12:13:42,France_level_2_final,Ensemble (mean weight) top 6 models_TH_auto_not_equal_weight,Month+6,0.4,2005-01-01 00:00:00,2024-12-31 00:00:00,2022-01-01 00:00:00,0.761,0.615,0.81,0.287,0.684,0.634,136,72,85,32
2025-11-20 12:18:13,France_level_2_final,Ensemble (mean weight) top 7 models_TH_auto_not_equal_weight,Month+1,0.18,2005-01-01 00:00:00,2024-12-31 00:00:00,2022-01-01 00:00:00,0.957,0.818,1.0,0.77,0.951,0.862,180,105,40,0
2025-11-20 12:18:13,France_level_2_final,Ensemble (mean weight) top 7 models_TH_auto_not_equal_weight,Month+2,0.48,2005-01-01 00:00:00,2024-12-31 00:00:00,2022-01-01 00:00:00,0.948,0.813,0.988,0.764,0.903,0.867,170,114,39,2
2025-11-20 12:18:13,France_level_2_final,Ensemble (mean weight) top 7 models_TH_auto_not_equal_weight,Month+3,0.44,2005-01-01 00:00:00,2024-12-31 00:00:00,2022-01-01 00:00:00,0.908,0.766,0.952,0.668,0.839,0.82,160,108,49,8
2025-11-20 12:18:13,France_level_2_final,Ensemble (mean weight) top 7 models_TH_auto_not_equal_weight,Month+4,0.39,2005-01-01 00:00:00,2024-12-31 00:00:00,2022-01-01 00:00:00,0.853,0.711,0.898,0.536,0.79,0.756,150,97,61,17
2025-11-20 12:18:13,France_level_2_final,Ensemble (mean weight) top 7 models_TH_auto_not_equal_weight,Month+5,0.38,2005-01-01 00:00:00,2024-12-31 00:00:00,2022-01-01 00:00:00,0.789,0.639,0.838,0.361,0.724,0.669,140,79,79,27
2025-11-20 12:18:13,France_level_2_final,Ensemble (mean weight) top 7 models_TH_auto_not_equal_weight,Month+6,0.39,2005-01-01 00:00:00,2024-12-31 00:00:00,2022-01-01 00:00:00,0.752,0.612,0.798,0.273,0.677,0.628,134,72,85,34
2025-11-20 12:23:02,France_level_2_final,Ensemble (mean weight) top 8 models_TH_auto_not_equal_weight,Month+1,0.17,2005-01-01 00:00:00,2024-12-31 00:00:00,2022-01-01 00:00:00,0.956,0.814,1.0,0.764,0.959,0.859,180,104,41,0
2025-11-20 12:23:02,France_level_2_final,Ensemble (mean weight) top 8 models_TH_auto_not_equal_weight,Month+2,0.51,2005-01-01 00:00:00,2024-12-31 00:00:00,2022-01-01 00:00:00,0.949,0.817,0.988,0.77,0.904,0.87,170,115,38,2
2025-11-20 12:23:02,France_level_2_final,Ensemble (mean weight) top 8 models_TH_auto_not_equal_weight,Month+3,0.36,2005-01-01 00:00:00,2024-12-31 00:00:00,2022-01-01 00:00:00,0.903,0.748,0.952,0.641,0.839,0.804,160,103,54,8
2025-11-20 12:23:02,France_level_2_final,Ensemble (mean weight) top 8 models_TH_auto_not_equal_weight,Month+4,0.37,2005-01-01 00:00:00,2024-12-31 00:00:00,2022-01-01 00:00:00,0.85,0.701,0.898,0.52,0.791,0.747,150,94,64,17
2025-11-20 12:23:02,France_level_2_final,Ensemble (mean weight) top 8 models_TH_auto_not_equal_weight,Month+5,0.51,2005-01-01 00:00:00,2024-12-31 00:00:00,2022-01-01 00:00:00,0.795,0.657,0.838,0.396,0.726,0.688,140,85,73,27
2025-11-20 12:23:02,France_level_2_final,Ensemble (mean weight) top 8 models_TH_auto_not_equal_weight,Month+6,0.39,2005-01-01 00:00:00,2024-12-31 00:00:00,2022-01-01 00:00:00,0.756,0.611,0.804,0.274,0.681,0.628,135,71,86,33
2025-11-20 12:25:00,France_level_2_final,Ensemble (mean weight) top 3 model_TH_0.5_equal_weights,Month+1,0.5,2005-01-01 00:00:00,2024-12-31 00:00:00,2022-01-01 00:00:00,0.977,0.896,1.0,0.875,0.96,0.928,180,124,21,0
2025-11-20 12:25:00,France_level_2_final,Ensemble (mean weight) top 3 model_TH_0.5_equal_weights,Month+2,0.5,2005-01-01 00:00:00,2024-12-31 00:00:00,2022-01-01 00:00:00,0.945,0.806,0.988,0.754,0.905,0.86,170,112,41,2
2025-11-20 12:25:00,France_level_2_final,Ensemble (mean weight) top 3 model_TH_0.5_equal_weights,Month+3,0.5,2005-01-01 00:00:00,2024-12-31 00:00:00,2022-01-01 00:00:00,0.905,0.755,0.952,0.652,0.845,0.811,160,105,52,8
2025-11-20 12:25:00,France_level_2_final,Ensemble (mean weight) top 3 model_TH_0.5_equal_weights,Month+4,0.5,2005-01-01 00:00:00,2024-12-31 00:00:00,2022-01-01 00:00:00,0.855,0.718,0.898,0.547,0.79,0.762,150,99,59,17
2025-11-20 12:25:00,France_level_2_final,Ensemble (mean weight) top 3 model_TH_0.5_equal_weights,Month+5,0.5,2005-01-01 00:00:00,2024-12-31 00:00:00,2022-01-01 00:00:00,0.806,0.653,0.856,0.4,0.724,0.688,143,82,76,24
2025-11-20 12:25:00,France_level_2_final,Ensemble (mean weight) top 3 model_TH_0.5_equal_weights,Month+6,0.5,2005-01-01 00:00:00,2024-12-31 00:00:00,2022-01-01 00:00:00,0.758,0.616,0.804,0.286,0.675,0.634,135,73,84,33
2025-11-20 12:27:24,France_level_2_final,Ensemble (mean weight) top 4 model_TH_0.5_equal_weights,Month+1,0.5,2005-01-01 00:00:00,2024-12-31 00:00:00,2022-01-01 00:00:00,0.977,0.896,1.0,0.875,0.96,0.928,180,124,21,0
2025-11-20 12:27:24,France_level_2_final,Ensemble (mean weight) top 4 model_TH_0.5_equal_weights,Month+2,0.5,2005-01-01 00:00:00,2024-12-31 00:00:00,2022-01-01 00:00:00,0.945,0.806,0.988,0.754,0.905,0.86,170,112,41,2
2025-11-20 12:27:24,France_level_2_final,Ensemble (mean weight) top 4 model_TH_0.5_equal_weights,Month+3,0.5,2005-01-01 00:00:00,2024-12-31 00:00:00,2022-01-01 00:00:00,0.906,0.758,0.952,0.657,0.846,0.814,160,106,51,8
2025-11-20 12:27:24,France_level_2_final,Ensemble (mean weight) top 4 model_TH_0.5_equal_weights,Month+4,0.5,2005-01-01 00:00:00,2024-12-31 00:00:00,2022-01-01 00:00:00,0.856,0.721,0.898,0.553,0.792,0.766,150,100,58,17
2025-11-20 12:27:24,France_level_2_final,Ensemble (mean weight) top 4 model_TH_0.5_equal_weights,Month+5,0.5,2005-01-01 00:00:00,2024-12-31 00:00:00,2022-01-01 00:00:00,0.801,0.651,0.85,0.393,0.726,0.685,142,82,76,25
2025-11-20 12:27:24,France_level_2_final,Ensemble (mean weight) top 4 model_TH_0.5_equal_weights,Month+6,0.5,2005-01-01 00:00:00,2024-12-31 00:00:00,2022-01-01 00:00:00,0.754,0.618,0.798,0.285,0.678,0.634,134,74,83,34
2025-11-20 12:29:57,France_level_2_final,Ensemble (mean weight) top 5 model_TH_0.5_equal_weights,Month+1,0.5,2005-01-01 00:00:00,2024-12-31 00:00:00,2022-01-01 00:00:00,0.976,0.891,1.0,0.869,0.96,0.924,180,123,22,0
2025-11-20 12:29:57,France_level_2_final,Ensemble (mean weight) top 5 model_TH_0.5_equal_weights,Month+2,0.5,2005-01-01 00:00:00,2024-12-31 00:00:00,2022-01-01 00:00:00,0.953,0.833,0.988,0.791,0.908,0.883,170,119,34,2
2025-11-20 12:29:57,France_level_2_final,Ensemble (mean weight) top 5 model_TH_0.5_equal_weights,Month+3,0.5,2005-01-01 00:00:00,2024-12-31 00:00:00,2022-01-01 00:00:00,0.91,0.773,0.952,0.679,0.843,0.827,160,110,47,8
2025-11-20 12:29:57,France_level_2_final,Ensemble (mean weight) top 5 model_TH_0.5_equal_weights,Month+4,0.5,2005-01-01 00:00:00,2024-12-31 00:00:00,2022-01-01 00:00:00,0.858,0.728,0.898,0.564,0.788,0.772,150,102,56,17
2025-11-20 12:29:57,France_level_2_final,Ensemble (mean weight) top 5 model_TH_0.5_equal_weights,Month+5,0.5,2005-01-01 00:00:00,2024-12-31 00:00:00,2022-01-01 00:00:00,0.796,0.664,0.838,0.407,0.715,0.694,140,87,71,27
2025-11-20 12:29:57,France_level_2_final,Ensemble (mean weight) top 5 model_TH_0.5_equal_weights,Month+6,0.5,2005-01-01 00:00:00,2024-12-31 00:00:00,2022-01-01 00:00:00,0.744,0.614,0.786,0.271,0.656,0.629,132,74,83,36
2025-11-20 12:32:52,France_level_2_final,Ensemble (mean weight) top 6 model_TH_0.5_equal_weights,Month+1,0.5,2005-01-01 00:00:00,2024-12-31 00:00:00,2022-01-01 00:00:00,0.978,0.9,1.0,0.881,0.973,0.931,180,125,20,0
2025-11-20 12:32:52,France_level_2_final,Ensemble (mean weight) top 6 model_TH_0.5_equal_weights,Month+2,0.5,2005-01-01 00:00:00,2024-12-31 00:00:00,2022-01-01 00:00:00,0.955,0.842,0.988,0.802,0.911,0.89,170,121,32,2
2025-11-20 12:32:52,France_level_2_final,Ensemble (mean weight) top 6 model_TH_0.5_equal_weights,Month+3,0.5,2005-01-01 00:00:00,2024-12-31 00:00:00,2022-01-01 00:00:00,0.916,0.796,0.952,0.711,0.844,0.846,160,116,41,8
2025-11-20 12:32:52,France_level_2_final,Ensemble (mean weight) top 6 model_TH_0.5_equal_weights,Month+4,0.5,2005-01-01 00:00:00,2024-12-31 00:00:00,2022-01-01 00:00:00,0.862,0.743,0.898,0.586,0.788,0.785,150,106,52,17
2025-11-20 12:32:52,France_level_2_final,Ensemble (mean weight) top 6 model_TH_0.5_equal_weights,Month+5,0.5,2005-01-01 00:00:00,2024-12-31 00:00:00,2022-01-01 00:00:00,0.802,0.683,0.838,0.442,0.715,0.713,140,93,65,27
2025-11-20 12:32:52,France_level_2_final,Ensemble (mean weight) top 6 model_TH_0.5_equal_weights,Month+6,0.5,2005-01-01 00:00:00,2024-12-31 00:00:00,2022-01-01 00:00:00,0.739,0.628,0.774,0.294,0.653,0.642,130,80,77,38
2025-11-20 12:35:58,France_level_2_final,Ensemble (mean weight) top 7 model_TH_0.5_equal_weights,Month+1,0.5,2005-01-01 00:00:00,2024-12-31 00:00:00,2022-01-01 00:00:00,0.978,0.9,1.0,0.881,0.959,0.931,180,125,20,0
2025-11-20 12:35:58,France_level_2_final,Ensemble (mean weight) top 7 model_TH_0.5_equal_weights,Month+2,0.5,2005-01-01 00:00:00,2024-12-31 00:00:00,2022-01-01 00:00:00,0.955,0.842,0.988,0.802,0.903,0.89,170,121,32,2
2025-11-20 12:35:58,France_level_2_final,Ensemble (mean weight) top 7 model_TH_0.5_equal_weights,Month+3,0.5,2005-01-01 00:00:00,2024-12-31 00:00:00,2022-01-01 00:00:00,0.913,0.784,0.952,0.695,0.837,0.836,160,113,44,8
2025-11-20 12:35:58,France_level_2_final,Ensemble (mean weight) top 7 model_TH_0.5_equal_weights,Month+4,0.5,2005-01-01 00:00:00,2024-12-31 00:00:00,2022-01-01 00:00:00,0.861,0.739,0.898,0.581,0.786,0.781,150,105,53,17
2025-11-20 12:35:58,France_level_2_final,Ensemble (mean weight) top 7 model_TH_0.5_equal_weights,Month+5,0.5,2005-01-01 00:00:00,2024-12-31 00:00:00,2022-01-01 00:00:00,0.801,0.68,0.838,0.436,0.711,0.71,140,92,66,27
2025-11-20 12:35:58,France_level_2_final,Ensemble (mean weight) top 7 model_TH_0.5_equal_weights,Month+6,0.5,2005-01-01 00:00:00,2024-12-31 00:00:00,2022-01-01 00:00:00,0.744,0.63,0.78,0.301,0.655,0.645,131,80,77,37
2025-11-20 12:39:21,France_level_2_final,Ensemble (mean weight) top 8 model_TH_0.5_equal_weights,Month+1,0.5,2005-01-01 00:00:00,2024-12-31 00:00:00,2022-01-01 00:00:00,0.978,0.9,1.0,0.881,0.96,0.931,180,125,20,0
2025-11-20 12:39:21,France_level_2_final,Ensemble (mean weight) top 8 model_TH_0.5_equal_weights,Month+2,0.5,2005-01-01 00:00:00,2024-12-31 00:00:00,2022-01-01 00:00:00,0.955,0.842,0.988,0.802,0.905,0.89,170,121,32,2
2025-11-20 12:39:21,France_level_2_final,Ensemble (mean weight) top 8 model_TH_0.5_equal_weights,Month+3,0.5,2005-01-01 00:00:00,2024-12-31 00:00:00,2022-01-01 00:00:00,0.915,0.792,0.952,0.706,0.841,0.842,160,115,42,8
2025-11-20 12:39:21,France_level_2_final,Ensemble (mean weight) top 8 model_TH_0.5_equal_weights,Month+4,0.5,2005-01-01 00:00:00,2024-12-31 00:00:00,2022-01-01 00:00:00,0.861,0.739,0.898,0.581,0.788,0.781,150,105,53,17
2025-11-20 12:39:21,France_level_2_final,Ensemble (mean weight) top 8 model_TH_0.5_equal_weights,Month+5,0.5,2005-01-01 00:00:00,2024-12-31 00:00:00,2022-01-01 00:00:00,0.802,0.683,0.838,0.442,0.715,0.713,140,93,65,27
2025-11-20 12:39:21,France_level_2_final,Ensemble (mean weight) top 8 model_TH_0.5_equal_weights,Month+6,0.5,2005-01-01 00:00:00,2024-12-31 00:00:00,2022-01-01 00:00:00,0.74,0.631,0.774,0.301,0.66,0.645,130,81,76,38
2025-11-20 12:42:36,France_level_2_final,Ensemble (mean weight) top 3 models_TH_auto_equal_weight,Month+1,0.38,2005-01-01 00:00:00,2024-12-31 00:00:00,2022-01-01 00:00:00,0.95,0.793,1.0,0.732,0.964,0.838,180,98,47,0
2025-11-20 12:42:36,France_level_2_final,Ensemble (mean weight) top 3 models_TH_auto_equal_weight,Month+2,0.37,2005-01-01 00:00:00,2024-12-31 00:00:00,2022-01-01 00:00:00,0.927,0.742,0.988,0.659,0.925,0.801,170,94,59,2
2025-11-20 12:42:36,France_level_2_final,Ensemble (mean weight) top 3 models_TH_auto_equal_weight,Month+3,0.56,2005-01-01 00:00:00,2024-12-31 00:00:00,2022-01-01 00:00:00,0.909,0.769,0.952,0.673,0.868,0.823,160,109,48,8
2025-11-20 12:42:36,France_level_2_final,Ensemble (mean weight) top 3 models_TH_auto_equal_weight,Month+4,0.51,2005-01-01 00:00:00,2024-12-31 00:00:00,2022-01-01 00:00:00,0.859,0.732,0.898,0.57,0.819,0.775,150,103,55,17
2025-11-20 12:42:36,France_level_2_final,Ensemble (mean weight) top 3 models_TH_auto_equal_weight,Month+5,0.5,2005-01-01 00:00:00,2024-12-31 00:00:00,2022-01-01 00:00:00,0.803,0.657,0.85,0.404,0.763,0.691,142,84,74,25
2025-11-20 12:42:36,France_level_2_final,Ensemble (mean weight) top 3 models_TH_auto_equal_weight,Month+6,0.51,2005-01-01 00:00:00,2024-12-31 00:00:00,2022-01-01 00:00:00,0.749,0.616,0.792,0.278,0.703,0.632,133,74,83,35
2025-11-20 12:46:09,France_level_2_final,Ensemble (mean weight) top 4 models_TH_auto_equal_weight,Month+1,0.34,2005-01-01 00:00:00,2024-12-31 00:00:00,2022-01-01 00:00:00,0.966,0.849,1.0,0.813,0.963,0.89,180,113,32,0
2025-11-20 12:46:09,France_level_2_final,Ensemble (mean weight) top 4 models_TH_auto_equal_weight,Month+2,0.58,2005-01-01 00:00:00,2024-12-31 00:00:00,2022-01-01 00:00:00,0.956,0.846,0.988,0.807,0.92,0.893,170,122,31,2
2025-11-20 12:46:09,France_level_2_final,Ensemble (mean weight) top 4 models_TH_auto_equal_weight,Month+3,0.51,2005-01-01 00:00:00,2024-12-31 00:00:00,2022-01-01 00:00:00,0.911,0.777,0.952,0.684,0.84,0.83,160,111,46,8
2025-11-20 12:46:09,France_level_2_final,Ensemble (mean weight) top 4 models_TH_auto_equal_weight,Month+4,0.53,2005-01-01 00:00:00,2024-12-31 00:00:00,2022-01-01 00:00:00,0.863,0.746,0.898,0.592,0.793,0.788,150,107,51,17
2025-11-20 12:46:09,France_level_2_final,Ensemble (mean weight) top 4 models_TH_auto_equal_weight,Month+5,0.38,2005-01-01 00:00:00,2024-12-31 00:00:00,2022-01-01 00:00:00,0.792,0.648,0.838,0.378,0.727,0.679,140,82,76,27
2025-11-20 12:46:09,France_level_2_final,Ensemble (mean weight) top 4 models_TH_auto_equal_weight,Month+6,0.4,2005-01-01 00:00:00,2024-12-31 00:00:00,2022-01-01 00:00:00,0.75,0.606,0.798,0.261,0.654,0.622,134,70,87,34
2025-11-20 12:50:00,France_level_2_final,Ensemble (mean weight) top 5 models_TH_auto_equal_weight,Month+1,0.11,2005-01-01 00:00:00,2024-12-31 00:00:00,2022-01-01 00:00:00,0.941,0.763,1.0,0.684,0.947,0.807,180,89,56,0
2025-11-20 12:50:00,France_level_2_final,Ensemble (mean weight) top 5 models_TH_auto_equal_weight,Month+2,0.46,2005-01-01 00:00:00,2024-12-31 00:00:00,2022-01-01 00:00:00,0.948,0.813,0.988,0.764,0.902,0.867,170,114,39,2
2025-11-20 12:50:00,France_level_2_final,Ensemble (mean weight) top 5 models_TH_auto_equal_weight,Month+3,0.51,2005-01-01 00:00:00,2024-12-31 00:00:00,2022-01-01 00:00:00,0.91,0.773,0.952,0.679,0.838,0.827,160,110,47,8
2025-11-20 12:50:00,France_level_2_final,Ensemble (mean weight) top 5 models_TH_auto_equal_weight,Month+4,0.41,2005-01-01 00:00:00,2024-12-31 00:00:00,2022-01-01 00:00:00,0.855,0.718,0.898,0.547,0.786,0.762,150,99,59,17
2025-11-20 12:50:00,France_level_2_final,Ensemble (mean weight) top 5 models_TH_auto_equal_weight,Month+5,0.38,2005-01-01 00:00:00,2024-12-31 00:00:00,2022-01-01 00:00:00,0.794,0.641,0.844,0.368,0.714,0.672,141,79,79,26
2025-11-20 12:50:00,France_level_2_final,Ensemble (mean weight) top 5 models_TH_auto_equal_weight,Month+6,0.34,2005-01-01 00:00:00,2024-12-31 00:00:00,2022-01-01 00:00:00,0.754,0.605,0.804,0.262,0.66,0.622,135,69,88,33
2025-11-20 12:54:10,France_level_2_final,Ensemble (mean weight) top 6 models_TH_auto_equal_weight,Month+1,0.34,2005-01-01 00:00:00,2024-12-31 00:00:00,2022-01-01 00:00:00,0.965,0.845,1.0,0.808,0.948,0.886,180,112,33,0
2025-11-20 12:54:10,France_level_2_final,Ensemble (mean weight) top 6 models_TH_auto_equal_weight,Month+2,0.32,2005-01-01 00:00:00,2024-12-31 00:00:00,2022-01-01 00:00:00,0.937,0.776,0.988,0.711,0.904,0.834,170,104,49,2
2025-11-20 12:54:10,France_level_2_final,Ensemble (mean weight) top 6 models_TH_auto_equal_weight,Month+3,0.38,2005-01-01 00:00:00,2024-12-31 00:00:00,2022-01-01 00:00:00,0.9,0.737,0.952,0.625,0.839,0.795,160,100,57,8
2025-11-20 12:54:10,France_level_2_final,Ensemble (mean weight) top 6 models_TH_auto_equal_weight,Month+4,0.43,2005-01-01 00:00:00,2024-12-31 00:00:00,2022-01-01 00:00:00,0.857,0.725,0.898,0.559,0.784,0.769,150,101,57,17
2025-11-20 12:54:10,France_level_2_final,Ensemble (mean weight) top 6 models_TH_auto_equal_weight,Month+5,0.34,2005-01-01 00:00:00,2024-12-31 00:00:00,2022-01-01 00:00:00,0.796,0.647,0.844,0.38,0.711,0.678,141,81,77,26
2025-11-20 12:54:10,France_level_2_final,Ensemble (mean weight) top 6 models_TH_auto_equal_weight,Month+6,0.4,2005-01-01 00:00:00,2024-12-31 00:00:00,2022-01-01 00:00:00,0.749,0.604,0.798,0.255,0.658,0.619,134,69,88,34
2025-11-20 12:58:34,France_level_2_final,Ensemble (mean weight) top 7 models_TH_auto_equal_weight,Month+1,0.18,2005-01-01 00:00:00,2024-12-31 00:00:00,2022-01-01 00:00:00,0.956,0.814,1.0,0.764,0.951,0.859,180,104,41,0
2025-11-20 12:58:34,France_level_2_final,Ensemble (mean weight) top 7 models_TH_auto_equal_weight,Month+2,0.48,2005-01-01 00:00:00,2024-12-31 00:00:00,2022-01-01 00:00:00,0.948,0.813,0.988,0.764,0.903,0.867,170,114,39,2
2025-11-20 12:58:34,France_level_2_final,Ensemble (mean weight) top 7 models_TH_auto_equal_weight,Month+3,0.44,2005-01-01 00:00:00,2024-12-31 00:00:00,2022-01-01 00:00:00,0.905,0.755,0.952,0.652,0.84,0.811,160,105,52,8
2025-11-20 12:58:34,France_level_2_final,Ensemble (mean weight) top 7 models_TH_auto_equal_weight,Month+4,0.39,2005-01-01 00:00:00,2024-12-31 00:00:00,2022-01-01 00:00:00,0.853,0.711,0.898,0.536,0.785,0.756,150,97,61,17
2025-11-20 12:58:34,France_level_2_final,Ensemble (mean weight) top 7 models_TH_auto_equal_weight,Month+5,0.38,2005-01-01 00:00:00,2024-12-31 00:00:00,2022-01-01 00:00:00,0.797,0.65,0.844,0.385,0.713,0.682,141,82,76,26
2025-11-20 12:58:34,France_level_2_final,Ensemble (mean weight) top 7 models_TH_auto_equal_weight,Month+6,0.39,2005-01-01 00:00:00,2024-12-31 00:00:00,2022-01-01 00:00:00,0.754,0.605,0.804,0.262,0.659,0.622,135,69,88,33
2025-11-20 13:03:15,France_level_2_final,Ensemble (mean weight) top 8 models_TH_auto_equal_weight,Month+1,0.17,2005-01-01 00:00:00,2024-12-31 00:00:00,2022-01-01 00:00:00,0.957,0.818,1.0,0.77,0.959,0.862,180,105,40,0
2025-11-20 13:03:15,France_level_2_final,Ensemble (mean weight) top 8 models_TH_auto_equal_weight,Month+2,0.51,2005-01-01 00:00:00,2024-12-31 00:00:00,2022-01-01 00:00:00,0.955,0.842,0.988,0.802,0.904,0.89,170,121,32,2
2025-11-20 13:03:15,France_level_2_final,Ensemble (mean weight) top 8 models_TH_auto_equal_weight,Month+3,0.36,2005-01-01 00:00:00,2024-12-31 00:00:00,2022-01-01 00:00:00,0.905,0.755,0.952,0.652,0.838,0.811,160,105,52,8
2025-11-20 13:03:15,France_level_2_final,Ensemble (mean weight) top 8 models_TH_auto_equal_weight,Month+4,0.37,2005-01-01 00:00:00,2024-12-31 00:00:00,2022-01-01 00:00:00,0.854,0.714,0.898,0.542,0.784,0.759,150,98,60,17
2025-11-20 13:03:15,France_level_2_final,Ensemble (mean weight) top 8 models_TH_auto_equal_weight,Month+5,0.51,2005-01-01 00:00:00,2024-12-31 00:00:00,2022-01-01 00:00:00,0.801,0.68,0.838,0.436,0.711,0.71,140,92,66,27
2025-11-20 13:03:15,France_level_2_final,Ensemble (mean weight) top 8 models_TH_auto_equal_weight,Month+6,0.39,2005-01-01 00:00:00,2024-12-31 00:00:00,2022-01-01 00:00:00,0.749,0.616,0.792,0.278,0.655,0.632,133,74,83,35
2025-11-20 13:05:10,France_level_2_final,Ensemble (mean weight) top 3 models_TH_0.5_not_equal_weight,Month+1,0.5,2005-01-01 00:00:00,2024-12-31 00:00:00,2022-01-01 00:00:00,0.977,0.896,1.0,0.875,0.96,0.928,180,124,21,0
2025-11-20 13:05:10,France_level_2_final,Ensemble (mean weight) top 3 models_TH_0.5_not_equal_weight,Month+2,0.5,2005-01-01 00:00:00,2024-12-31 00:00:00,2022-01-01 00:00:00,0.945,0.806,0.988,0.754,0.905,0.86,170,112,41,2
2025-11-20 13:05:10,France_level_2_final,Ensemble (mean weight) top 3 models_TH_0.5_not_equal_weight,Month+3,0.5,2005-01-01 00:00:00,2024-12-31 00:00:00,2022-01-01 00:00:00,0.91,0.773,0.952,0.679,0.867,0.827,160,110,47,8
2025-11-20 13:05:10,France_level_2_final,Ensemble (mean weight) top 3 models_TH_0.5_not_equal_weight,Month+4,0.5,2005-01-01 00:00:00,2024-12-31 00:00:00,2022-01-01 00:00:00,0.857,0.725,0.898,0.559,0.789,0.769,150,101,57,17
2025-11-20 13:05:10,France_level_2_final,Ensemble (mean weight) top 3 models_TH_0.5_not_equal_weight,Month+5,0.5,2005-01-01 00:00:00,2024-12-31 00:00:00,2022-01-01 00:00:00,0.815,0.653,0.868,0.409,0.761,0.69,145,81,77,22
2025-11-20 13:05:10,France_level_2_final,Ensemble (mean weight) top 3 models_TH_0.5_not_equal_weight,Month+6,0.5,2005-01-01 00:00:00,2024-12-31 00:00:00,2022-01-01 00:00:00,0.761,0.613,0.81,0.281,0.7,0.631,136,71,86,32
2025-11-20 13:07:30,France_level_2_final,Ensemble (mean weight) top 4 models_TH_0.5_not_equal_weight,Month+1,0.5,2005-01-01 00:00:00,2024-12-31 00:00:00,2022-01-01 00:00:00,0.978,0.9,1.0,0.881,0.96,0.931,180,125,20,0
2025-11-20 13:07:30,France_level_2_final,Ensemble (mean weight) top 4 models_TH_0.5_not_equal_weight,Month+2,0.5,2005-01-01 00:00:00,2024-12-31 00:00:00,2022-01-01 00:00:00,0.945,0.806,0.988,0.754,0.905,0.86,170,112,41,2
2025-11-20 13:07:30,France_level_2_final,Ensemble (mean weight) top 4 models_TH_0.5_not_equal_weight,Month+3,0.5,2005-01-01 00:00:00,2024-12-31 00:00:00,2022-01-01 00:00:00,0.907,0.762,0.952,0.662,0.845,0.817,160,107,50,8
2025-11-20 13:07:30,France_level_2_final,Ensemble (mean weight) top 4 models_TH_0.5_not_equal_weight,Month+4,0.5,2005-01-01 00:00:00,2024-12-31 00:00:00,2022-01-01 00:00:00,0.857,0.725,0.898,0.559,0.789,0.769,150,101,57,17
2025-11-20 13:07:30,France_level_2_final,Ensemble (mean weight) top 4 models_TH_0.5_not_equal_weight,Month+5,0.5,2005-01-01 00:00:00,2024-12-31 00:00:00,2022-01-01 00:00:00,0.798,0.656,0.844,0.397,0.725,0.688,141,84,74,26
2025-11-20 13:07:30,France_level_2_final,Ensemble (mean weight) top 4 models_TH_0.5_not_equal_weight,Month+6,0.5,2005-01-01 00:00:00,2024-12-31 00:00:00,2022-01-01 00:00:00,0.758,0.616,0.804,0.286,0.676,0.634,135,73,84,33
2025-11-20 13:10:00,France_level_2_final,Ensemble (mean weight) top 5 models_TH_0.5_not_equal_weight,Month+1,0.5,2005-01-01 00:00:00,2024-12-31 00:00:00,2022-01-01 00:00:00,0.976,0.891,1.0,0.869,0.96,0.924,180,123,22,0
2025-11-20 13:10:00,France_level_2_final,Ensemble (mean weight) top 5 models_TH_0.5_not_equal_weight,Month+2,0.5,2005-01-01 00:00:00,2024-12-31 00:00:00,2022-01-01 00:00:00,0.955,0.842,0.988,0.802,0.906,0.89,170,121,32,2
2025-11-20 13:10:00,France_level_2_final,Ensemble (mean weight) top 5 models_TH_0.5_not_equal_weight,Month+3,0.5,2005-01-01 00:00:00,2024-12-31 00:00:00,2022-01-01 00:00:00,0.907,0.762,0.952,0.662,0.845,0.817,160,107,50,8
2025-11-20 13:10:00,France_level_2_final,Ensemble (mean weight) top 5 models_TH_0.5_not_equal_weight,Month+4,0.5,2005-01-01 00:00:00,2024-12-31 00:00:00,2022-01-01 00:00:00,0.853,0.711,0.898,0.536,0.79,0.756,150,97,61,17
2025-11-20 13:10:00,France_level_2_final,Ensemble (mean weight) top 5 models_TH_0.5_not_equal_weight,Month+5,0.5,2005-01-01 00:00:00,2024-12-31 00:00:00,2022-01-01 00:00:00,0.799,0.659,0.844,0.403,0.71,0.691,141,85,73,26
2025-11-20 13:10:00,France_level_2_final,Ensemble (mean weight) top 5 models_TH_0.5_not_equal_weight,Month+6,0.5,2005-01-01 00:00:00,2024-12-31 00:00:00,2022-01-01 00:00:00,0.754,0.618,0.798,0.285,0.676,0.634,134,74,83,34
2025-11-20 13:12:51,France_level_2_final,Ensemble (mean weight) top 6 models_TH_0.5_not_equal_weight,Month+1,0.5,2005-01-01 00:00:00,2024-12-31 00:00:00,2022-01-01 00:00:00,0.978,0.9,1.0,0.881,0.973,0.931,180,125,20,0
2025-11-20 13:12:51,France_level_2_final,Ensemble (mean weight) top 6 models_TH_0.5_not_equal_weight,Month+2,0.5,2005-01-01 00:00:00,2024-12-31 00:00:00,2022-01-01 00:00:00,0.956,0.846,0.988,0.807,0.915,0.893,170,122,31,2
2025-11-20 13:12:51,France_level_2_final,Ensemble (mean weight) top 6 models_TH_0.5_not_equal_weight,Month+3,0.5,2005-01-01 00:00:00,2024-12-31 00:00:00,2022-01-01 00:00:00,0.918,0.804,0.952,0.722,0.85,0.852,160,118,39,8
2025-11-20 13:12:51,France_level_2_final,Ensemble (mean weight) top 6 models_TH_0.5_not_equal_weight,Month+4,0.5,2005-01-01 00:00:00,2024-12-31 00:00:00,2022-01-01 00:00:00,0.864,0.75,0.898,0.598,0.794,0.791,150,108,50,17
2025-11-20 13:12:51,France_level_2_final,Ensemble (mean weight) top 6 models_TH_0.5_not_equal_weight,Month+5,0.5,2005-01-01 00:00:00,2024-12-31 00:00:00,2022-01-01 00:00:00,0.808,0.707,0.838,0.483,0.724,0.736,140,100,58,27
2025-11-20 13:12:51,France_level_2_final,Ensemble (mean weight) top 6 models_TH_0.5_not_equal_weight,Month+6,0.5,2005-01-01 00:00:00,2024-12-31 00:00:00,2022-01-01 00:00:00,0.751,0.674,0.774,0.379,0.65,0.686,130,94,63,38
2025-11-20 13:15:55,France_level_2_final,Ensemble (mean weight) top 7 models_TH_0.5_not_equal_weight,Month+1,0.5,2005-01-01 00:00:00,2024-12-31 00:00:00,2022-01-01 00:00:00,0.978,0.9,1.0,0.881,0.959,0.931,180,125,20,0
2025-11-20 13:15:55,France_level_2_final,Ensemble (mean weight) top 7 models_TH_0.5_not_equal_weight,Month+2,0.5,2005-01-01 00:00:00,2024-12-31 00:00:00,2022-01-01 00:00:00,0.956,0.846,0.988,0.807,0.91,0.893,170,122,31,2
2025-11-20 13:15:55,France_level_2_final,Ensemble (mean weight) top 7 models_TH_0.5_not_equal_weight,Month+3,0.5,2005-01-01 00:00:00,2024-12-31 00:00:00,2022-01-01 00:00:00,0.921,0.812,0.952,0.733,0.851,0.858,160,120,37,8
2025-11-20 13:15:55,France_level_2_final,Ensemble (mean weight) top 7 models_TH_0.5_not_equal_weight,Month+4,0.5,2005-01-01 00:00:00,2024-12-31 00:00:00,2022-01-01 00:00:00,0.859,0.732,0.898,0.57,0.787,0.775,150,103,55,17
2025-11-20 13:15:55,France_level_2_final,Ensemble (mean weight) top 7 models_TH_0.5_not_equal_weight,Month+5,0.5,2005-01-01 00:00:00,2024-12-31 00:00:00,2022-01-01 00:00:00,0.808,0.707,0.838,0.483,0.717,0.736,140,100,58,27
2025-11-20 13:15:55,France_level_2_final,Ensemble (mean weight) top 7 models_TH_0.5_not_equal_weight,Month+6,0.5,2005-01-01 00:00:00,2024-12-31 00:00:00,2022-01-01 00:00:00,0.747,0.657,0.774,0.349,0.658,0.67,130,89,68,38
2025-11-20 13:19:14,France_level_2_final,Ensemble (mean weight) top 8 models_TH_0.5_not_equal_weight,Month+1,0.5,2005-01-01 00:00:00,2024-12-31 00:00:00,2022-01-01 00:00:00,0.978,0.9,1.0,0.881,0.96,0.931,180,125,20,0
2025-11-20 13:19:14,France_level_2_final,Ensemble (mean weight) top 8 models_TH_0.5_not_equal_weight,Month+2,0.5,2005-01-01 00:00:00,2024-12-31 00:00:00,2022-01-01 00:00:00,0.957,0.85,0.988,0.813,0.913,0.896,170,123,30,2
2025-11-20 13:19:14,France_level_2_final,Ensemble (mean weight) top 8 models_TH_0.5_not_equal_weight,Month+3,0.5,2005-01-01 00:00:00,2024-12-31 00:00:00,2022-01-01 00:00:00,0.916,0.796,0.952,0.711,0.857,0.846,160,116,41,8
2025-11-20 13:19:14,France_level_2_final,Ensemble (mean weight) top 8 models_TH_0.5_not_equal_weight,Month+4,0.5,2005-01-01 00:00:00,2024-12-31 00:00:00,2022-01-01 00:00:00,0.858,0.728,0.898,0.564,0.792,0.772,150,102,56,17
2025-11-20 13:19:14,France_level_2_final,Ensemble (mean weight) top 8 models_TH_0.5_not_equal_weight,Month+5,0.5,2005-01-01 00:00:00,2024-12-31 00:00:00,2022-01-01 00:00:00,0.796,0.664,0.838,0.407,0.741,0.694,140,87,71,27
2025-11-20 13:19:14,France_level_2_final,Ensemble (mean weight) top 8 models_TH_0.5_not_equal_weight,Month+6,0.5,2005-01-01 00:00:00,2024-12-31 00:00:00,2022-01-01 00:00:00,0.743,0.64,0.774,0.319,0.693,0.654,130,84,73,38
2025-11-20 13:19:19,Greece_level_3_final,k-Nearest Neighbors,Month+1,0.5,2005-01-01 00:00:00,2024-12-31 00:00:00,2022-01-01 00:00:00,1.0,1.0,1.0,1.0,1.0,1.0,174,45,0,0
2025-11-20 13:19:19,Greece_level_3_final,k-Nearest Neighbors,Month+2,0.5,2005-01-01 00:00:00,2024-12-31 00:00:00,2022-01-01 00:00:00,1.0,1.0,1.0,1.0,1.0,1.0,174,45,0,0
2025-11-20 13:19:19,Greece_level_3_final,k-Nearest Neighbors,Month+3,0.5,2005-01-01 00:00:00,2024-12-31 00:00:00,2022-01-01 00:00:00,1.0,1.0,1.0,1.0,1.0,1.0,174,45,0,0
2025-11-20 13:19:19,Greece_level_3_final,k-Nearest Neighbors,Month+4,0.5,2005-01-01 00:00:00,2024-12-31 00:00:00,2022-01-01 00:00:00,1.0,1.0,1.0,1.0,1.0,1.0,174,45,0,0
2025-11-20 13:19:19,Greece_level_3_final,k-Nearest Neighbors,Month+5,0.5,2005-01-01 00:00:00,2024-12-31 00:00:00,2022-01-01 00:00:00,0.995,1.0,0.994,0.986,1.0,0.997,173,45,0,1
2025-11-20 13:19:19,Greece_level_3_final,k-Nearest Neighbors,Month+6,0.5,2005-01-01 00:00:00,2024-12-31 00:00:00,2022-01-01 00:00:00,0.995,1.0,0.994,0.986,1.0,0.997,173,45,0,1
2025-11-20 13:20:15,Greece_level_3_final,SVC (RBF Kernel),Month+1,0.5,2005-01-01 00:00:00,2024-12-31 00:00:00,2022-01-01 00:00:00,1.0,1.0,1.0,1.0,1.0,1.0,174,45,0,0
2025-11-20 13:20:15,Greece_level_3_final,SVC (RBF Kernel),Month+2,0.5,2005-01-01 00:00:00,2024-12-31 00:00:00,2022-01-01 00:00:00,0.982,1.0,0.977,0.947,1.0,0.989,170,45,0,4
2025-11-20 13:20:15,Greece_level_3_final,SVC (RBF Kernel),Month+3,0.5,2005-01-01 00:00:00,2024-12-31 00:00:00,2022-01-01 00:00:00,0.304,1.0,0.259,0.259,1.0,0.629,45,45,0,129
2025-11-20 13:20:15,Greece_level_3_final,SVC (RBF Kernel),Month+4,0.5,2005-01-01 00:00:00,2024-12-31 00:00:00,2022-01-01 00:00:00,0.0,0.0,0.0,0.0,0.999,0.5,0,45,0,174
2025-11-20 13:20:15,Greece_level_3_final,SVC (RBF Kernel),Month+5,0.5,2005-01-01 00:00:00,2024-12-31 00:00:00,2022-01-01 00:00:00,0.0,0.0,0.0,0.0,0.995,0.5,0,45,0,174
2025-11-20 13:20:15,Greece_level_3_final,SVC (RBF Kernel),Month+6,0.5,2005-01-01 00:00:00,2024-12-31 00:00:00,2022-01-01 00:00:00,0.0,0.0,0.0,0.0,0.991,0.5,0,45,0,174
2025-11-20 13:20:46,Greece_level_3_final,Logistic Regression,Month+1,0.5,2005-01-01 00:00:00,2024-12-31 00:00:00,2022-01-01 00:00:00,1.0,1.0,1.0,1.0,1.0,1.0,174,45,0,0
2025-11-20 13:20:46,Greece_level_3_final,Logistic Regression,Month+2,0.5,2005-01-01 00:00:00,2024-12-31 00:00:00,2022-01-01 00:00:00,1.0,1.0,1.0,1.0,1.0,1.0,174,45,0,0
2025-11-20 13:20:46,Greece_level_3_final,Logistic Regression,Month+3,0.5,2005-01-01 00:00:00,2024-12-31 00:00:00,2022-01-01 00:00:00,1.0,1.0,1.0,1.0,1.0,1.0,174,45,0,0
2025-11-20 13:20:46,Greece_level_3_final,Logistic Regression,Month+4,0.5,2005-01-01 00:00:00,2024-12-31 00:00:00,2022-01-01 00:00:00,1.0,1.0,1.0,1.0,1.0,1.0,174,45,0,0
2025-11-20 13:20:46,Greece_level_3_final,Logistic Regression,Month+5,0.5,2005-01-01 00:00:00,2024-12-31 00:00:00,2022-01-01 00:00:00,1.0,1.0,1.0,1.0,1.0,1.0,174,45,0,0
2025-11-20 13:20:46,Greece_level_3_final,Logistic Regression,Month+6,0.5,2005-01-01 00:00:00,2024-12-31 00:00:00,2022-01-01 00:00:00,0.993,0.989,0.994,0.958,0.999,0.975,173,43,2,1
2025-11-20 13:20:51,Greece_level_3_final,Linear SVM (Calibrated),Month+1,0.5,2005-01-01 00:00:00,2024-12-31 00:00:00,2022-01-01 00:00:00,0.761,1.0,0.718,0.586,1.0,0.859,125,45,0,49
2025-11-20 13:20:51,Greece_level_3_final,Linear SVM (Calibrated),Month+2,0.5,2005-01-01 00:00:00,2024-12-31 00:00:00,2022-01-01 00:00:00,0.735,1.0,0.69,0.56,1.0,0.845,120,45,0,54
2025-11-20 13:20:51,Greece_level_3_final,Linear SVM (Calibrated),Month+3,0.5,2005-01-01 00:00:00,2024-12-31 00:00:00,2022-01-01 00:00:00,0.817,1.0,0.782,0.651,1.0,0.891,136,45,0,38
2025-11-20 13:20:51,Greece_level_3_final,Linear SVM (Calibrated),Month+4,0.5,2005-01-01 00:00:00,2024-12-31 00:00:00,2022-01-01 00:00:00,0.797,1.0,0.759,0.626,1.0,0.879,132,45,0,42
2025-11-20 13:20:51,Greece_level_3_final,Linear SVM (Calibrated),Month+5,0.5,2005-01-01 00:00:00,2024-12-31 00:00:00,2022-01-01 00:00:00,0.698,1.0,0.649,0.525,1.0,0.825,113,45,0,61
2025-11-20 13:20:51,Greece_level_3_final,Linear SVM (Calibrated),Month+6,0.5,2005-01-01 00:00:00,2024-12-31 00:00:00,2022-01-01 00:00:00,0.589,1.0,0.534,0.437,1.0,0.767,93,45,0,81
2025-11-20 13:20:51,Greece_level_3_final,RidgeClassifier (Calibrated),Month+1,0.5,2005-01-01 00:00:00,2024-12-31 00:00:00,2022-01-01 00:00:00,1.0,1.0,1.0,1.0,1.0,1.0,174,45,0,0
2025-11-20 13:20:51,Greece_level_3_final,RidgeClassifier (Calibrated),Month+2,0.5,2005-01-01 00:00:00,2024-12-31 00:00:00,2022-01-01 00:00:00,0.968,1.0,0.96,0.911,1.0,0.98,167,45,0,7
2025-11-20 13:20:51,Greece_level_3_final,RidgeClassifier (Calibrated),Month+3,0.5,2005-01-01 00:00:00,2024-12-31 00:00:00,2022-01-01 00:00:00,0.078,1.0,0.063,0.117,1.0,0.532,11,45,0,163
2025-11-20 13:20:51,Greece_level_3_final,RidgeClassifier (Calibrated),Month+4,0.5,2005-01-01 00:00:00,2024-12-31 00:00:00,2022-01-01 00:00:00,0.036,1.0,0.029,0.078,1.0,0.514,5,45,0,169
2025-11-20 13:20:51,Greece_level_3_final,RidgeClassifier (Calibrated),Month+5,0.5,2005-01-01 00:00:00,2024-12-31 00:00:00,2022-01-01 00:00:00,0.036,1.0,0.029,0.078,1.0,0.514,5,45,0,169
2025-11-20 13:20:51,Greece_level_3_final,RidgeClassifier (Calibrated),Month+6,0.5,2005-01-01 00:00:00,2024-12-31 00:00:00,2022-01-01 00:00:00,0.099,1.0,0.08,0.133,1.0,0.54,14,45,0,160
2025-11-20 13:21:03,Greece_level_3_final,Random Forest,Month+1,0.5,2005-01-01 00:00:00,2024-12-31 00:00:00,2022-01-01 00:00:00,1.0,1.0,1.0,1.0,1.0,1.0,174,45,0,0
2025-11-20 13:21:03,Greece_level_3_final,Random Forest,Month+2,0.5,2005-01-01 00:00:00,2024-12-31 00:00:00,2022-01-01 00:00:00,1.0,1.0,1.0,1.0,1.0,1.0,174,45,0,0
2025-11-20 13:21:03,Greece_level_3_final,Random Forest,Month+3,0.5,2005-01-01 00:00:00,2024-12-31 00:00:00,2022-01-01 00:00:00,1.0,1.0,1.0,1.0,1.0,1.0,174,45,0,0
2025-11-20 13:21:03,Greece_level_3_final,Random Forest,Month+4,0.5,2005-01-01 00:00:00,2024-12-31 00:00:00,2022-01-01 00:00:00,1.0,1.0,1.0,1.0,1.0,1.0,174,45,0,0
2025-11-20 13:21:03,Greece_level_3_final,Random Forest,Month+5,0.5,2005-01-01 00:00:00,2024-12-31 00:00:00,2022-01-01 00:00:00,1.0,1.0,1.0,1.0,1.0,1.0,174,45,0,0
2025-11-20 13:21:03,Greece_level_3_final,Random Forest,Month+6,0.5,2005-01-01 00:00:00,2024-12-31 00:00:00,2022-01-01 00:00:00,1.0,1.0,1.0,1.0,1.0,1.0,174,45,0,0
2025-11-20 13:21:15,Greece_level_3_final,Balanced Random Forest,Month+1,0.5,2005-01-01 00:00:00,2024-12-31 00:00:00,2022-01-01 00:00:00,0.995,0.978,1.0,0.944,1.0,0.956,174,41,4,0
2025-11-20 13:21:15,Greece_level_3_final,Balanced Random Forest,Month+2,0.5,2005-01-01 00:00:00,2024-12-31 00:00:00,2022-01-01 00:00:00,0.99,0.951,1.0,0.872,1.0,0.9,174,36,9,0
2025-11-20 13:21:15,Greece_level_3_final,Balanced Random Forest,Month+3,0.5,2005-01-01 00:00:00,2024-12-31 00:00:00,2022-01-01 00:00:00,0.988,0.941,1.0,0.843,1.0,0.878,174,34,11,0
2025-11-20 13:21:15,Greece_level_3_final,Balanced Random Forest,Month+4,0.5,2005-01-01 00:00:00,2024-12-31 00:00:00,2022-01-01 00:00:00,0.985,0.93,1.0,0.813,1.0,0.856,174,32,13,0
2025-11-20 13:21:15,Greece_level_3_final,Balanced Random Forest,Month+5,0.5,2005-01-01 00:00:00,2024-12-31 00:00:00,2022-01-01 00:00:00,0.986,0.935,1.0,0.828,1.0,0.867,174,33,12,0
2025-11-20 13:21:15,Greece_level_3_final,Balanced Random Forest,Month+6,0.5,2005-01-01 00:00:00,2024-12-31 00:00:00,2022-01-01 00:00:00,0.989,0.946,1.0,0.858,1.0,0.889,174,35,10,0
2025-11-20 13:21:33,Greece_level_3_final,ExtraTrees,Month+1,0.5,2005-01-01 00:00:00,2024-12-31 00:00:00,2022-01-01 00:00:00,1.0,1.0,1.0,1.0,1.0,1.0,174,45,0,0
2025-11-20 13:21:33,Greece_level_3_final,ExtraTrees,Month+2,0.5,2005-01-01 00:00:00,2024-12-31 00:00:00,2022-01-01 00:00:00,1.0,1.0,1.0,1.0,1.0,1.0,174,45,0,0
2025-11-20 13:21:33,Greece_level_3_final,ExtraTrees,Month+3,0.5,2005-01-01 00:00:00,2024-12-31 00:00:00,2022-01-01 00:00:00,1.0,1.0,1.0,1.0,1.0,1.0,174,45,0,0
2025-11-20 13:21:33,Greece_level_3_final,ExtraTrees,Month+4,0.5,2005-01-01 00:00:00,2024-12-31 00:00:00,2022-01-01 00:00:00,1.0,1.0,1.0,1.0,1.0,1.0,174,45,0,0
2025-11-20 13:21:33,Greece_level_3_final,ExtraTrees,Month+5,0.5,2005-01-01 00:00:00,2024-12-31 00:00:00,2022-01-01 00:00:00,0.995,1.0,0.994,0.986,1.0,0.997,173,45,0,1
2025-11-20 13:21:33,Greece_level_3_final,ExtraTrees,Month+6,0.5,2005-01-01 00:00:00,2024-12-31 00:00:00,2022-01-01 00:00:00,1.0,1.0,1.0,1.0,1.0,1.0,174,45,0,0
2025-11-20 13:21:41,Greece_level_3_final,Gradient Boosting,Month+1,0.5,2005-01-01 00:00:00,2024-12-31 00:00:00,2022-01-01 00:00:00,1.0,1.0,1.0,1.0,1.0,1.0,174,45,0,0
2025-11-20 13:21:41,Greece_level_3_final,Gradient Boosting,Month+2,0.5,2005-01-01 00:00:00,2024-12-31 00:00:00,2022-01-01 00:00:00,1.0,1.0,1.0,1.0,1.0,1.0,174,45,0,0
2025-11-20 13:21:41,Greece_level_3_final,Gradient Boosting,Month+3,0.5,2005-01-01 00:00:00,2024-12-31 00:00:00,2022-01-01 00:00:00,1.0,1.0,1.0,1.0,1.0,1.0,174,45,0,0
2025-11-20 13:21:41,Greece_level_3_final,Gradient Boosting,Month+4,0.5,2005-01-01 00:00:00,2024-12-31 00:00:00,2022-01-01 00:00:00,1.0,1.0,1.0,1.0,1.0,1.0,174,45,0,0
2025-11-20 13:21:41,Greece_level_3_final,Gradient Boosting,Month+5,0.5,2005-01-01 00:00:00,2024-12-31 00:00:00,2022-01-01 00:00:00,1.0,1.0,1.0,1.0,1.0,1.0,174,45,0,0
2025-11-20 13:21:41,Greece_level_3_final,Gradient Boosting,Month+6,0.5,2005-01-01 00:00:00,2024-12-31 00:00:00,2022-01-01 00:00:00,1.0,1.0,1.0,1.0,1.0,1.0,174,45,0,0
2025-11-20 13:21:44,Greece_level_3_final,AdaBoost,Month+1,0.5,2005-01-01 00:00:00,2024-12-31 00:00:00,2022-01-01 00:00:00,1.0,1.0,1.0,1.0,1.0,1.0,174,45,0,0
2025-11-20 13:21:44,Greece_level_3_final,AdaBoost,Month+2,0.5,2005-01-01 00:00:00,2024-12-31 00:00:00,2022-01-01 00:00:00,1.0,1.0,1.0,1.0,1.0,1.0,174,45,0,0
2025-11-20 13:21:44,Greece_level_3_final,AdaBoost,Month+3,0.5,2005-01-01 00:00:00,2024-12-31 00:00:00,2022-01-01 00:00:00,1.0,1.0,1.0,1.0,1.0,1.0,174,45,0,0
2025-11-20 13:21:44,Greece_level_3_final,AdaBoost,Month+4,0.5,2005-01-01 00:00:00,2024-12-31 00:00:00,2022-01-01 00:00:00,1.0,1.0,1.0,1.0,1.0,1.0,174,45,0,0
2025-11-20 13:21:44,Greece_level_3_final,AdaBoost,Month+5,0.5,2005-01-01 00:00:00,2024-12-31 00:00:00,2022-01-01 00:00:00,1.0,1.0,1.0,1.0,1.0,1.0,174,45,0,0
2025-11-20 13:21:44,Greece_level_3_final,AdaBoost,Month+6,0.5,2005-01-01 00:00:00,2024-12-31 00:00:00,2022-01-01 00:00:00,0.972,1.0,0.966,0.923,1.0,0.983,168,45,0,6
2025-11-20 13:21:46,Greece_level_3_final,Hist Gradient Boosting,Month+1,0.5,2005-01-01 00:00:00,2024-12-31 00:00:00,2022-01-01 00:00:00,1.0,1.0,1.0,1.0,1.0,1.0,174,45,0,0
2025-11-20 13:21:46,Greece_level_3_final,Hist Gradient Boosting,Month+2,0.5,2005-01-01 00:00:00,2024-12-31 00:00:00,2022-01-01 00:00:00,1.0,1.0,1.0,1.0,1.0,1.0,174,45,0,0
2025-11-20 13:21:46,Greece_level_3_final,Hist Gradient Boosting,Month+3,0.5,2005-01-01 00:00:00,2024-12-31 00:00:00,2022-01-01 00:00:00,1.0,1.0,1.0,1.0,1.0,1.0,174,45,0,0
2025-11-20 13:21:46,Greece_level_3_final,Hist Gradient Boosting,Month+4,0.5,2005-01-01 00:00:00,2024-12-31 00:00:00,2022-01-01 00:00:00,1.0,1.0,1.0,1.0,1.0,1.0,174,45,0,0
2025-11-20 13:21:46,Greece_level_3_final,Hist Gradient Boosting,Month+5,0.5,2005-01-01 00:00:00,2024-12-31 00:00:00,2022-01-01 00:00:00,1.0,1.0,1.0,1.0,1.0,1.0,174,45,0,0
2025-11-20 13:21:46,Greece_level_3_final,Hist Gradient Boosting,Month+6,0.5,2005-01-01 00:00:00,2024-12-31 00:00:00,2022-01-01 00:00:00,1.0,1.0,1.0,1.0,1.0,1.0,174,45,0,0
2025-11-20 13:21:48,Greece_level_3_final,XGBoost,Month+1,0.5,2005-01-01 00:00:00,2024-12-31 00:00:00,2022-01-01 00:00:00,1.0,1.0,1.0,1.0,1.0,1.0,174,45,0,0
2025-11-20 13:21:48,Greece_level_3_final,XGBoost,Month+2,0.5,2005-01-01 00:00:00,2024-12-31 00:00:00,2022-01-01 00:00:00,1.0,1.0,1.0,1.0,1.0,1.0,174,45,0,0
2025-11-20 13:21:48,Greece_level_3_final,XGBoost,Month+3,0.5,2005-01-01 00:00:00,2024-12-31 00:00:00,2022-01-01 00:00:00,1.0,1.0,1.0,1.0,1.0,1.0,174,45,0,0
2025-11-20 13:21:48,Greece_level_3_final,XGBoost,Month+4,0.5,2005-01-01 00:00:00,2024-12-31 00:00:00,2022-01-01 00:00:00,1.0,1.0,1.0,1.0,1.0,1.0,174,45,0,0
2025-11-20 13:21:48,Greece_level_3_final,XGBoost,Month+5,0.5,2005-01-01 00:00:00,2024-12-31 00:00:00,2022-01-01 00:00:00,1.0,1.0,1.0,1.0,1.0,1.0,174,45,0,0
2025-11-20 13:21:48,Greece_level_3_final,XGBoost,Month+6,0.5,2005-01-01 00:00:00,2024-12-31 00:00:00,2022-01-01 00:00:00,1.0,1.0,1.0,1.0,1.0,1.0,174,45,0,0
2025-11-20 13:21:50,Greece_level_3_final,LightGBM,Month+1,0.5,2005-01-01 00:00:00,2024-12-31 00:00:00,2022-01-01 00:00:00,0.997,0.983,1.0,0.958,1.0,0.967,174,42,3,0
2025-11-20 13:21:50,Greece_level_3_final,LightGBM,Month+2,0.5,2005-01-01 00:00:00,2024-12-31 00:00:00,2022-01-01 00:00:00,0.991,0.956,1.0,0.887,1.0,0.911,174,37,8,0
2025-11-20 13:21:50,Greece_level_3_final,LightGBM,Month+3,0.5,2005-01-01 00:00:00,2024-12-31 00:00:00,2022-01-01 00:00:00,0.991,0.956,1.0,0.887,1.0,0.911,174,37,8,0
2025-11-20 13:21:50,Greece_level_3_final,LightGBM,Month+4,0.5,2005-01-01 00:00:00,2024-12-31 00:00:00,2022-01-01 00:00:00,0.981,0.93,0.994,0.797,0.998,0.853,173,32,13,1
2025-11-20 13:21:50,Greece_level_3_final,LightGBM,Month+5,0.5,2005-01-01 00:00:00,2024-12-31 00:00:00,2022-01-01 00:00:00,0.986,0.935,1.0,0.828,1.0,0.867,174,33,12,0
2025-11-20 13:21:50,Greece_level_3_final,LightGBM,Month+6,0.5,2005-01-01 00:00:00,2024-12-31 00:00:00,2022-01-01 00:00:00,0.993,0.967,1.0,0.915,1.0,0.933,174,39,6,0
2025-11-20 13:21:57,Greece_level_3_final,CatBoost,Month+1,0.5,2005-01-01 00:00:00,2024-12-31 00:00:00,2022-01-01 00:00:00,1.0,1.0,1.0,1.0,1.0,1.0,174,45,0,0
2025-11-20 13:21:57,Greece_level_3_final,CatBoost,Month+2,0.5,2005-01-01 00:00:00,2024-12-31 00:00:00,2022-01-01 00:00:00,1.0,1.0,1.0,1.0,1.0,1.0,174,45,0,0
2025-11-20 13:21:57,Greece_level_3_final,CatBoost,Month+3,0.5,2005-01-01 00:00:00,2024-12-31 00:00:00,2022-01-01 00:00:00,1.0,1.0,1.0,1.0,1.0,1.0,174,45,0,0
2025-11-20 13:21:57,Greece_level_3_final,CatBoost,Month+4,0.5,2005-01-01 00:00:00,2024-12-31 00:00:00,2022-01-01 00:00:00,1.0,1.0,1.0,1.0,1.0,1.0,174,45,0,0
2025-11-20 13:21:57,Greece_level_3_final,CatBoost,Month+5,0.5,2005-01-01 00:00:00,2024-12-31 00:00:00,2022-01-01 00:00:00,0.991,0.977,0.994,0.929,0.999,0.953,173,41,4,1
2025-11-20 13:21:57,Greece_level_3_final,CatBoost,Month+6,0.5,2005-01-01 00:00:00,2024-12-31 00:00:00,2022-01-01 00:00:00,0.986,0.977,0.989,0.915,0.999,0.95,172,41,4,2
2025-11-20 13:28:00,Greece_level_3_final,Ensemble (mean weight) top 3 models_TH_auto_not_equal_weight,Month+1,0.25,2005-01-01 00:00:00,2024-12-31 00:00:00,2022-01-01 00:00:00,0.998,0.989,1.0,0.972,1.0,0.978,174,43,2,0
2025-11-20 13:28:00,Greece_level_3_final,Ensemble (mean weight) top 3 models_TH_auto_not_equal_weight,Month+2,0.24,2005-01-01 00:00:00,2024-12-31 00:00:00,2022-01-01 00:00:00,0.992,0.961,1.0,0.901,1.0,0.922,174,38,7,0
2025-11-20 13:28:00,Greece_level_3_final,Ensemble (mean weight) top 3 models_TH_auto_not_equal_weight,Month+3,0.2,2005-01-01 00:00:00,2024-12-31 00:00:00,2022-01-01 00:00:00,0.985,0.93,1.0,0.813,1.0,0.856,174,32,13,0
2025-11-20 13:28:00,Greece_level_3_final,Ensemble (mean weight) top 3 models_TH_auto_not_equal_weight,Month+4,0.19,2005-01-01 00:00:00,2024-12-31 00:00:00,2022-01-01 00:00:00,0.966,0.849,1.0,0.514,1.0,0.656,174,14,31,0
2025-11-20 13:28:00,Greece_level_3_final,Ensemble (mean weight) top 3 models_TH_auto_not_equal_weight,Month+5,0.13,2005-01-01 00:00:00,2024-12-31 00:00:00,2022-01-01 00:00:00,0.951,0.795,1.0,0.0,1.0,0.5,174,0,45,0
2025-11-20 13:28:00,Greece_level_3_final,Ensemble (mean weight) top 3 models_TH_auto_not_equal_weight,Month+6,0.05,2005-01-01 00:00:00,2024-12-31 00:00:00,2022-01-01 00:00:00,0.951,0.795,1.0,0.0,1.0,0.5,174,0,45,0
2025-11-20 13:33:32,Greece_level_3_final,Ensemble (mean weight) top 4 models_TH_auto_not_equal_weight,Month+1,0.34,2005-01-01 00:00:00,2024-12-31 00:00:00,2022-01-01 00:00:00,0.998,0.989,1.0,0.972,1.0,0.978,174,43,2,0
2025-11-20 13:33:32,Greece_level_3_final,Ensemble (mean weight) top 4 models_TH_auto_not_equal_weight,Month+2,0.35,2005-01-01 00:00:00,2024-12-31 00:00:00,2022-01-01 00:00:00,0.992,0.961,1.0,0.901,1.0,0.922,174,38,7,0
2025-11-20 13:33:32,Greece_level_3_final,Ensemble (mean weight) top 4 models_TH_auto_not_equal_weight,Month+3,0.3,2005-01-01 00:00:00,2024-12-31 00:00:00,2022-01-01 00:00:00,0.989,0.946,1.0,0.858,1.0,0.889,174,35,10,0
2025-11-20 13:33:32,Greece_level_3_final,Ensemble (mean weight) top 4 models_TH_auto_not_equal_weight,Month+4,0.15,2005-01-01 00:00:00,2024-12-31 00:00:00,2022-01-01 00:00:00,0.976,0.892,1.0,0.69,1.0,0.767,174,24,21,0
2025-11-20 13:33:32,Greece_level_3_final,Ensemble (mean weight) top 4 models_TH_auto_not_equal_weight,Month+5,0.17,2005-01-01 00:00:00,2024-12-31 00:00:00,2022-01-01 00:00:00,0.986,0.935,1.0,0.828,1.0,0.867,174,33,12,0
2025-11-20 13:33:32,Greece_level_3_final,Ensemble (mean weight) top 4 models_TH_auto_not_equal_weight,Month+6,0.05,2005-01-01 00:00:00,2024-12-31 00:00:00,2022-01-01 00:00:00,0.958,0.821,1.0,0.357,1.0,0.578,174,7,38,0
2025-11-20 13:41:22,Greece_level_3_final,Ensemble (mean weight) top 5 models_TH_auto_not_equal_weight,Month+1,0.28,2005-01-01 00:00:00,2024-12-31 00:00:00,2022-01-01 00:00:00,0.997,0.983,1.0,0.958,1.0,0.967,174,42,3,0
2025-11-20 13:41:22,Greece_level_3_final,Ensemble (mean weight) top 5 models_TH_auto_not_equal_weight,Month+2,0.31,2005-01-01 00:00:00,2024-12-31 00:00:00,2022-01-01 00:00:00,0.991,0.956,1.0,0.887,1.0,0.911,174,37,8,0
2025-11-20 13:41:22,Greece_level_3_final,Ensemble (mean weight) top 5 models_TH_auto_not_equal_weight,Month+3,0.28,2005-01-01 00:00:00,2024-12-31 00:00:00,2022-01-01 00:00:00,0.989,0.946,1.0,0.858,1.0,0.889,174,35,10,0
2025-11-20 13:41:22,Greece_level_3_final,Ensemble (mean weight) top 5 models_TH_auto_not_equal_weight,Month+4,0.11,2005-01-01 00:00:00,2024-12-31 00:00:00,2022-01-01 00:00:00,0.976,0.892,1.0,0.69,1.0,0.767,174,24,21,0
2025-11-20 13:41:22,Greece_level_3_final,Ensemble (mean weight) top 5 models_TH_auto_not_equal_weight,Month+5,0.16,2005-01-01 00:00:00,2024-12-31 00:00:00,2022-01-01 00:00:00,0.986,0.935,1.0,0.828,1.0,0.867,174,33,12,0
2025-11-20 13:41:22,Greece_level_3_final,Ensemble (mean weight) top 5 models_TH_auto_not_equal_weight,Month+6,0.11,2005-01-01 00:00:00,2024-12-31 00:00:00,2022-01-01 00:00:00,0.985,0.93,1.0,0.813,1.0,0.856,174,32,13,0
2025-11-20 13:48:10,Greece_level_3_final,Ensemble (mean weight) top 6 models_TH_auto_not_equal_weight,Month+1,0.2,2005-01-01 00:00:00,2024-12-31 00:00:00,2022-01-01 00:00:00,0.997,0.983,1.0,0.958,1.0,0.967,174,42,3,0
2025-11-20 13:48:10,Greece_level_3_final,Ensemble (mean weight) top 6 models_TH_auto_not_equal_weight,Month+2,0.26,2005-01-01 00:00:00,2024-12-31 00:00:00,2022-01-01 00:00:00,0.992,0.961,1.0,0.901,1.0,0.922,174,38,7,0
2025-11-20 13:48:10,Greece_level_3_final,Ensemble (mean weight) top 6 models_TH_auto_not_equal_weight,Month+3,0.25,2005-01-01 00:00:00,2024-12-31 00:00:00,2022-01-01 00:00:00,0.99,0.951,1.0,0.872,1.0,0.9,174,36,9,0
2025-11-20 13:48:10,Greece_level_3_final,Ensemble (mean weight) top 6 models_TH_auto_not_equal_weight,Month+4,0.06,2005-01-01 00:00:00,2024-12-31 00:00:00,2022-01-01 00:00:00,0.967,0.853,1.0,0.533,1.0,0.667,174,15,30,0
2025-11-20 13:48:10,Greece_level_3_final,Ensemble (mean weight) top 6 models_TH_auto_not_equal_weight,Month+5,0.12,2005-01-01 00:00:00,2024-12-31 00:00:00,2022-01-01 00:00:00,0.986,0.935,1.0,0.828,1.0,0.867,174,33,12,0
2025-11-20 13:48:10,Greece_level_3_final,Ensemble (mean weight) top 6 models_TH_auto_not_equal_weight,Month+6,0.09,2005-01-01 00:00:00,2024-12-31 00:00:00,2022-01-01 00:00:00,0.978,0.897,1.0,0.706,1.0,0.778,174,25,20,0
2025-11-20 13:55:58,Greece_level_3_final,Ensemble (mean weight) top 7 models_TH_auto_not_equal_weight,Month+1,0.15,2005-01-01 00:00:00,2024-12-31 00:00:00,2022-01-01 00:00:00,0.997,0.983,1.0,0.958,1.0,0.967,174,42,3,0
2025-11-20 13:55:58,Greece_level_3_final,Ensemble (mean weight) top 7 models_TH_auto_not_equal_weight,Month+2,0.2,2005-01-01 00:00:00,2024-12-31 00:00:00,2022-01-01 00:00:00,0.992,0.961,1.0,0.901,1.0,0.922,174,38,7,0
2025-11-20 13:55:58,Greece_level_3_final,Ensemble (mean weight) top 7 models_TH_auto_not_equal_weight,Month+3,0.21,2005-01-01 00:00:00,2024-12-31 00:00:00,2022-01-01 00:00:00,0.99,0.951,1.0,0.872,1.0,0.9,174,36,9,0
2025-11-20 13:55:58,Greece_level_3_final,Ensemble (mean weight) top 7 models_TH_auto_not_equal_weight,Month+4,0.11,2005-01-01 00:00:00,2024-12-31 00:00:00,2022-01-01 00:00:00,0.984,0.926,1.0,0.798,1.0,0.844,174,31,14,0
2025-11-20 13:55:58,Greece_level_3_final,Ensemble (mean weight) top 7 models_TH_auto_not_equal_weight,Month+5,0.14,2005-01-01 00:00:00,2024-12-31 00:00:00,2022-01-01 00:00:00,0.992,0.961,1.0,0.901,1.0,0.922,174,38,7,0
2025-11-20 13:55:58,Greece_level_3_final,Ensemble (mean weight) top 7 models_TH_auto_not_equal_weight,Month+6,0.13,2005-01-01 00:00:00,2024-12-31 00:00:00,2022-01-01 00:00:00,0.981,0.911,1.0,0.753,1.0,0.811,174,28,17,0
2025-11-20 14:04:23,Greece_level_3_final,Ensemble (mean weight) top 8 models_TH_auto_not_equal_weight,Month+1,0.13,2005-01-01 00:00:00,2024-12-31 00:00:00,2022-01-01 00:00:00,0.997,0.983,1.0,0.958,1.0,0.967,174,42,3,0
2025-11-20 14:04:23,Greece_level_3_final,Ensemble (mean weight) top 8 models_TH_auto_not_equal_weight,Month+2,0.19,2005-01-01 00:00:00,2024-12-31 00:00:00,2022-01-01 00:00:00,0.998,0.989,1.0,0.972,1.0,0.978,174,43,2,0
2025-11-20 14:04:23,Greece_level_3_final,Ensemble (mean weight) top 8 models_TH_auto_not_equal_weight,Month+3,0.2,2005-01-01 00:00:00,2024-12-31 00:00:00,2022-01-01 00:00:00,0.994,0.972,1.0,0.93,1.0,0.944,174,40,5,0
2025-11-20 14:04:23,Greece_level_3_final,Ensemble (mean weight) top 8 models_TH_auto_not_equal_weight,Month+4,0.2,2005-01-01 00:00:00,2024-12-31 00:00:00,2022-01-01 00:00:00,0.985,0.93,1.0,0.813,1.0,0.856,174,32,13,0
2025-11-20 14:04:23,Greece_level_3_final,Ensemble (mean weight) top 8 models_TH_auto_not_equal_weight,Month+5,0.12,2005-01-01 00:00:00,2024-12-31 00:00:00,2022-01-01 00:00:00,0.986,0.935,1.0,0.828,1.0,0.867,174,33,12,0
2025-11-20 14:04:23,Greece_level_3_final,Ensemble (mean weight) top 8 models_TH_auto_not_equal_weight,Month+6,0.15,2005-01-01 00:00:00,2024-12-31 00:00:00,2022-01-01 00:00:00,0.989,0.946,1.0,0.858,1.0,0.889,174,35,10,0
2025-11-20 14:07:09,Greece_level_3_final,Ensemble (mean weight) top 3 model_TH_0.5_equal_weights,Month+1,0.5,2005-01-01 00:00:00,2024-12-31 00:00:00,2022-01-01 00:00:00,1.0,1.0,1.0,1.0,1.0,1.0,174,45,0,0
2025-11-20 14:07:09,Greece_level_3_final,Ensemble (mean weight) top 3 model_TH_0.5_equal_weights,Month+2,0.5,2005-01-01 00:00:00,2024-12-31 00:00:00,2022-01-01 00:00:00,1.0,1.0,1.0,1.0,1.0,1.0,174,45,0,0
2025-11-20 14:07:09,Greece_level_3_final,Ensemble (mean weight) top 3 model_TH_0.5_equal_weights,Month+3,0.5,2005-01-01 00:00:00,2024-12-31 00:00:00,2022-01-01 00:00:00,1.0,1.0,1.0,1.0,1.0,1.0,174,45,0,0
2025-11-20 14:07:09,Greece_level_3_final,Ensemble (mean weight) top 3 model_TH_0.5_equal_weights,Month+4,0.5,2005-01-01 00:00:00,2024-12-31 00:00:00,2022-01-01 00:00:00,1.0,1.0,1.0,1.0,1.0,1.0,174,45,0,0
2025-11-20 14:07:09,Greece_level_3_final,Ensemble (mean weight) top 3 model_TH_0.5_equal_weights,Month+5,0.5,2005-01-01 00:00:00,2024-12-31 00:00:00,2022-01-01 00:00:00,1.0,1.0,1.0,1.0,1.0,1.0,174,45,0,0
2025-11-20 14:07:09,Greece_level_3_final,Ensemble (mean weight) top 3 model_TH_0.5_equal_weights,Month+6,0.5,2005-01-01 00:00:00,2024-12-31 00:00:00,2022-01-01 00:00:00,1.0,1.0,1.0,1.0,1.0,1.0,174,45,0,0
2025-11-20 14:10:07,Greece_level_3_final,Ensemble (mean weight) top 4 model_TH_0.5_equal_weights,Month+1,0.5,2005-01-01 00:00:00,2024-12-31 00:00:00,2022-01-01 00:00:00,1.0,1.0,1.0,1.0,1.0,1.0,174,45,0,0
2025-11-20 14:10:07,Greece_level_3_final,Ensemble (mean weight) top 4 model_TH_0.5_equal_weights,Month+2,0.5,2005-01-01 00:00:00,2024-12-31 00:00:00,2022-01-01 00:00:00,1.0,1.0,1.0,1.0,1.0,1.0,174,45,0,0
2025-11-20 14:10:07,Greece_level_3_final,Ensemble (mean weight) top 4 model_TH_0.5_equal_weights,Month+3,0.5,2005-01-01 00:00:00,2024-12-31 00:00:00,2022-01-01 00:00:00,1.0,1.0,1.0,1.0,1.0,1.0,174,45,0,0
2025-11-20 14:10:07,Greece_level_3_final,Ensemble (mean weight) top 4 model_TH_0.5_equal_weights,Month+4,0.5,2005-01-01 00:00:00,2024-12-31 00:00:00,2022-01-01 00:00:00,1.0,1.0,1.0,1.0,1.0,1.0,174,45,0,0
2025-11-20 14:10:07,Greece_level_3_final,Ensemble (mean weight) top 4 model_TH_0.5_equal_weights,Month+5,0.5,2005-01-01 00:00:00,2024-12-31 00:00:00,2022-01-01 00:00:00,1.0,1.0,1.0,1.0,1.0,1.0,174,45,0,0
2025-11-20 14:10:07,Greece_level_3_final,Ensemble (mean weight) top 4 model_TH_0.5_equal_weights,Month+6,0.5,2005-01-01 00:00:00,2024-12-31 00:00:00,2022-01-01 00:00:00,1.0,1.0,1.0,1.0,1.0,1.0,174,45,0,0
2025-11-20 14:13:16,Greece_level_3_final,Ensemble (mean weight) top 5 model_TH_0.5_equal_weights,Month+1,0.5,2005-01-01 00:00:00,2024-12-31 00:00:00,2022-01-01 00:00:00,1.0,1.0,1.0,1.0,1.0,1.0,174,45,0,0
2025-11-20 14:13:16,Greece_level_3_final,Ensemble (mean weight) top 5 model_TH_0.5_equal_weights,Month+2,0.5,2005-01-01 00:00:00,2024-12-31 00:00:00,2022-01-01 00:00:00,1.0,1.0,1.0,1.0,1.0,1.0,174,45,0,0
2025-11-20 14:13:16,Greece_level_3_final,Ensemble (mean weight) top 5 model_TH_0.5_equal_weights,Month+3,0.5,2005-01-01 00:00:00,2024-12-31 00:00:00,2022-01-01 00:00:00,1.0,1.0,1.0,1.0,1.0,1.0,174,45,0,0
2025-11-20 14:13:16,Greece_level_3_final,Ensemble (mean weight) top 5 model_TH_0.5_equal_weights,Month+4,0.5,2005-01-01 00:00:00,2024-12-31 00:00:00,2022-01-01 00:00:00,1.0,1.0,1.0,1.0,1.0,1.0,174,45,0,0
2025-11-20 14:13:16,Greece_level_3_final,Ensemble (mean weight) top 5 model_TH_0.5_equal_weights,Month+5,0.5,2005-01-01 00:00:00,2024-12-31 00:00:00,2022-01-01 00:00:00,1.0,1.0,1.0,1.0,1.0,1.0,174,45,0,0
2025-11-20 14:13:16,Greece_level_3_final,Ensemble (mean weight) top 5 model_TH_0.5_equal_weights,Month+6,0.5,2005-01-01 00:00:00,2024-12-31 00:00:00,2022-01-01 00:00:00,1.0,1.0,1.0,1.0,1.0,1.0,174,45,0,0
2025-11-20 14:16:57,Greece_level_3_final,Ensemble (mean weight) top 6 model_TH_0.5_equal_weights,Month+1,0.5,2005-01-01 00:00:00,2024-12-31 00:00:00,2022-01-01 00:00:00,1.0,1.0,1.0,1.0,1.0,1.0,174,45,0,0
2025-11-20 14:16:57,Greece_level_3_final,Ensemble (mean weight) top 6 model_TH_0.5_equal_weights,Month+2,0.5,2005-01-01 00:00:00,2024-12-31 00:00:00,2022-01-01 00:00:00,1.0,1.0,1.0,1.0,1.0,1.0,174,45,0,0
2025-11-20 14:16:57,Greece_level_3_final,Ensemble (mean weight) top 6 model_TH_0.5_equal_weights,Month+3,0.5,2005-01-01 00:00:00,2024-12-31 00:00:00,2022-01-01 00:00:00,1.0,1.0,1.0,1.0,1.0,1.0,174,45,0,0
2025-11-20 14:16:57,Greece_level_3_final,Ensemble (mean weight) top 6 model_TH_0.5_equal_weights,Month+4,0.5,2005-01-01 00:00:00,2024-12-31 00:00:00,2022-01-01 00:00:00,1.0,1.0,1.0,1.0,1.0,1.0,174,45,0,0
2025-11-20 14:16:57,Greece_level_3_final,Ensemble (mean weight) top 6 model_TH_0.5_equal_weights,Month+5,0.5,2005-01-01 00:00:00,2024-12-31 00:00:00,2022-01-01 00:00:00,1.0,1.0,1.0,1.0,1.0,1.0,174,45,0,0
2025-11-20 14:16:57,Greece_level_3_final,Ensemble (mean weight) top 6 model_TH_0.5_equal_weights,Month+6,0.5,2005-01-01 00:00:00,2024-12-31 00:00:00,2022-01-01 00:00:00,1.0,1.0,1.0,1.0,1.0,1.0,174,45,0,0
2025-11-20 14:20:55,Greece_level_3_final,Ensemble (mean weight) top 7 model_TH_0.5_equal_weights,Month+1,0.5,2005-01-01 00:00:00,2024-12-31 00:00:00,2022-01-01 00:00:00,1.0,1.0,1.0,1.0,1.0,1.0,174,45,0,0
2025-11-20 14:20:55,Greece_level_3_final,Ensemble (mean weight) top 7 model_TH_0.5_equal_weights,Month+2,0.5,2005-01-01 00:00:00,2024-12-31 00:00:00,2022-01-01 00:00:00,1.0,1.0,1.0,1.0,1.0,1.0,174,45,0,0
2025-11-20 14:20:55,Greece_level_3_final,Ensemble (mean weight) top 7 model_TH_0.5_equal_weights,Month+3,0.5,2005-01-01 00:00:00,2024-12-31 00:00:00,2022-01-01 00:00:00,1.0,1.0,1.0,1.0,1.0,1.0,174,45,0,0
2025-11-20 14:20:55,Greece_level_3_final,Ensemble (mean weight) top 7 model_TH_0.5_equal_weights,Month+4,0.5,2005-01-01 00:00:00,2024-12-31 00:00:00,2022-01-01 00:00:00,1.0,1.0,1.0,1.0,1.0,1.0,174,45,0,0
2025-11-20 14:20:55,Greece_level_3_final,Ensemble (mean weight) top 7 model_TH_0.5_equal_weights,Month+5,0.5,2005-01-01 00:00:00,2024-12-31 00:00:00,2022-01-01 00:00:00,1.0,1.0,1.0,1.0,1.0,1.0,174,45,0,0
2025-11-20 14:20:55,Greece_level_3_final,Ensemble (mean weight) top 7 model_TH_0.5_equal_weights,Month+6,0.5,2005-01-01 00:00:00,2024-12-31 00:00:00,2022-01-01 00:00:00,1.0,1.0,1.0,1.0,1.0,1.0,174,45,0,0
2025-11-20 14:25:19,Greece_level_3_final,Ensemble (mean weight) top 8 model_TH_0.5_equal_weights,Month+1,0.5,2005-01-01 00:00:00,2024-12-31 00:00:00,2022-01-01 00:00:00,1.0,1.0,1.0,1.0,1.0,1.0,174,45,0,0
2025-11-20 14:25:19,Greece_level_3_final,Ensemble (mean weight) top 8 model_TH_0.5_equal_weights,Month+2,0.5,2005-01-01 00:00:00,2024-12-31 00:00:00,2022-01-01 00:00:00,1.0,1.0,1.0,1.0,1.0,1.0,174,45,0,0
2025-11-20 14:25:19,Greece_level_3_final,Ensemble (mean weight) top 8 model_TH_0.5_equal_weights,Month+3,0.5,2005-01-01 00:00:00,2024-12-31 00:00:00,2022-01-01 00:00:00,1.0,1.0,1.0,1.0,1.0,1.0,174,45,0,0
2025-11-20 14:25:19,Greece_level_3_final,Ensemble (mean weight) top 8 model_TH_0.5_equal_weights,Month+4,0.5,2005-01-01 00:00:00,2024-12-31 00:00:00,2022-01-01 00:00:00,1.0,1.0,1.0,1.0,1.0,1.0,174,45,0,0
2025-11-20 14:25:19,Greece_level_3_final,Ensemble (mean weight) top 8 model_TH_0.5_equal_weights,Month+5,0.5,2005-01-01 00:00:00,2024-12-31 00:00:00,2022-01-01 00:00:00,1.0,1.0,1.0,1.0,1.0,1.0,174,45,0,0
2025-11-20 14:25:19,Greece_level_3_final,Ensemble (mean weight) top 8 model_TH_0.5_equal_weights,Month+6,0.5,2005-01-01 00:00:00,2024-12-31 00:00:00,2022-01-01 00:00:00,1.0,1.0,1.0,1.0,1.0,1.0,174,45,0,0
2025-11-20 14:30:21,Greece_level_3_final,Ensemble (mean weight) top 3 models_TH_auto_equal_weight,Month+1,0.25,2005-01-01 00:00:00,2024-12-31 00:00:00,2022-01-01 00:00:00,0.998,0.989,1.0,0.972,1.0,0.978,174,43,2,0
2025-11-20 14:30:21,Greece_level_3_final,Ensemble (mean weight) top 3 models_TH_auto_equal_weight,Month+2,0.24,2005-01-01 00:00:00,2024-12-31 00:00:00,2022-01-01 00:00:00,0.992,0.961,1.0,0.901,1.0,0.922,174,38,7,0
2025-11-20 14:30:21,Greece_level_3_final,Ensemble (mean weight) top 3 models_TH_auto_equal_weight,Month+3,0.2,2005-01-01 00:00:00,2024-12-31 00:00:00,2022-01-01 00:00:00,0.985,0.93,1.0,0.813,1.0,0.856,174,32,13,0
2025-11-20 14:30:21,Greece_level_3_final,Ensemble (mean weight) top 3 models_TH_auto_equal_weight,Month+4,0.19,2005-01-01 00:00:00,2024-12-31 00:00:00,2022-01-01 00:00:00,0.985,0.93,1.0,0.813,1.0,0.856,174,32,13,0
2025-11-20 14:30:21,Greece_level_3_final,Ensemble (mean weight) top 3 models_TH_auto_equal_weight,Month+5,0.13,2005-01-01 00:00:00,2024-12-31 00:00:00,2022-01-01 00:00:00,0.971,0.87,1.0,0.606,1.0,0.711,174,19,26,0
2025-11-20 14:30:21,Greece_level_3_final,Ensemble (mean weight) top 3 models_TH_auto_equal_weight,Month+6,0.05,2005-01-01 00:00:00,2024-12-31 00:00:00,2022-01-01 00:00:00,0.956,0.813,1.0,0.301,1.0,0.556,174,5,40,0
2025-11-20 14:35:49,Greece_level_3_final,Ensemble (mean weight) top 4 models_TH_auto_equal_weight,Month+1,0.34,2005-01-01 00:00:00,2024-12-31 00:00:00,2022-01-01 00:00:00,0.998,0.989,1.0,0.972,1.0,0.978,174,43,2,0
2025-11-20 14:35:49,Greece_level_3_final,Ensemble (mean weight) top 4 models_TH_auto_equal_weight,Month+2,0.35,2005-01-01 00:00:00,2024-12-31 00:00:00,2022-01-01 00:00:00,0.992,0.961,1.0,0.901,1.0,0.922,174,38,7,0
2025-11-20 14:35:49,Greece_level_3_final,Ensemble (mean weight) top 4 models_TH_auto_equal_weight,Month+3,0.3,2005-01-01 00:00:00,2024-12-31 00:00:00,2022-01-01 00:00:00,0.989,0.946,1.0,0.858,1.0,0.889,174,35,10,0
2025-11-20 14:35:49,Greece_level_3_final,Ensemble (mean weight) top 4 models_TH_auto_equal_weight,Month+4,0.15,2005-01-01 00:00:00,2024-12-31 00:00:00,2022-01-01 00:00:00,0.976,0.892,1.0,0.69,1.0,0.767,174,24,21,0
2025-11-20 14:35:49,Greece_level_3_final,Ensemble (mean weight) top 4 models_TH_auto_equal_weight,Month+5,0.17,2005-01-01 00:00:00,2024-12-31 00:00:00,2022-01-01 00:00:00,0.981,0.911,1.0,0.753,1.0,0.811,174,28,17,0
2025-11-20 14:35:49,Greece_level_3_final,Ensemble (mean weight) top 4 models_TH_auto_equal_weight,Month+6,0.05,2005-01-01 00:00:00,2024-12-31 00:00:00,2022-01-01 00:00:00,0.956,0.813,1.0,0.301,1.0,0.556,174,5,40,0
2025-11-20 14:41:29,Greece_level_3_final,Ensemble (mean weight) top 5 models_TH_auto_equal_weight,Month+1,0.28,2005-01-01 00:00:00,2024-12-31 00:00:00,2022-01-01 00:00:00,0.997,0.983,1.0,0.958,1.0,0.967,174,42,3,0
2025-11-20 14:41:29,Greece_level_3_final,Ensemble (mean weight) top 5 models_TH_auto_equal_weight,Month+2,0.31,2005-01-01 00:00:00,2024-12-31 00:00:00,2022-01-01 00:00:00,0.991,0.956,1.0,0.887,1.0,0.911,174,37,8,0
2025-11-20 14:41:29,Greece_level_3_final,Ensemble (mean weight) top 5 models_TH_auto_equal_weight,Month+3,0.28,2005-01-01 00:00:00,2024-12-31 00:00:00,2022-01-01 00:00:00,0.989,0.946,1.0,0.858,1.0,0.889,174,35,10,0
2025-11-20 14:41:29,Greece_level_3_final,Ensemble (mean weight) top 5 models_TH_auto_equal_weight,Month+4,0.11,2005-01-01 00:00:00,2024-12-31 00:00:00,2022-01-01 00:00:00,0.978,0.897,1.0,0.706,1.0,0.778,174,25,20,0
2025-11-20 14:41:29,Greece_level_3_final,Ensemble (mean weight) top 5 models_TH_auto_equal_weight,Month+5,0.16,2005-01-01 00:00:00,2024-12-31 00:00:00,2022-01-01 00:00:00,0.986,0.935,1.0,0.828,1.0,0.867,174,33,12,0
2025-11-20 14:41:29,Greece_level_3_final,Ensemble (mean weight) top 5 models_TH_auto_equal_weight,Month+6,0.11,2005-01-01 00:00:00,2024-12-31 00:00:00,2022-01-01 00:00:00,0.981,0.911,1.0,0.753,1.0,0.811,174,28,17,0
2025-11-20 14:47:28,Greece_level_3_final,Ensemble (mean weight) top 6 models_TH_auto_equal_weight,Month+1,0.2,2005-01-01 00:00:00,2024-12-31 00:00:00,2022-01-01 00:00:00,0.997,0.983,1.0,0.958,1.0,0.967,174,42,3,0
2025-11-20 14:47:28,Greece_level_3_final,Ensemble (mean weight) top 6 models_TH_auto_equal_weight,Month+2,0.26,2005-01-01 00:00:00,2024-12-31 00:00:00,2022-01-01 00:00:00,0.992,0.961,1.0,0.901,1.0,0.922,174,38,7,0
2025-11-20 14:47:28,Greece_level_3_final,Ensemble (mean weight) top 6 models_TH_auto_equal_weight,Month+3,0.25,2005-01-01 00:00:00,2024-12-31 00:00:00,2022-01-01 00:00:00,0.99,0.951,1.0,0.872,1.0,0.9,174,36,9,0
2025-11-20 14:47:28,Greece_level_3_final,Ensemble (mean weight) top 6 models_TH_auto_equal_weight,Month+4,0.06,2005-01-01 00:00:00,2024-12-31 00:00:00,2022-01-01 00:00:00,0.972,0.874,1.0,0.623,1.0,0.722,174,20,25,0
2025-11-20 14:47:28,Greece_level_3_final,Ensemble (mean weight) top 6 models_TH_auto_equal_weight,Month+5,0.12,2005-01-01 00:00:00,2024-12-31 00:00:00,2022-01-01 00:00:00,0.986,0.935,1.0,0.828,1.0,0.867,174,33,12,0
2025-11-20 14:47:28,Greece_level_3_final,Ensemble (mean weight) top 6 models_TH_auto_equal_weight,Month+6,0.09,2005-01-01 00:00:00,2024-12-31 00:00:00,2022-01-01 00:00:00,0.981,0.911,1.0,0.753,1.0,0.811,174,28,17,0
2025-11-20 14:54:35,Greece_level_3_final,Ensemble (mean weight) top 7 models_TH_auto_equal_weight,Month+1,0.15,2005-01-01 00:00:00,2024-12-31 00:00:00,2022-01-01 00:00:00,0.997,0.983,1.0,0.958,1.0,0.967,174,42,3,0
2025-11-20 14:54:35,Greece_level_3_final,Ensemble (mean weight) top 7 models_TH_auto_equal_weight,Month+2,0.2,2005-01-01 00:00:00,2024-12-31 00:00:00,2022-01-01 00:00:00,0.992,0.961,1.0,0.901,1.0,0.922,174,38,7,0
2025-11-20 14:54:35,Greece_level_3_final,Ensemble (mean weight) top 7 models_TH_auto_equal_weight,Month+3,0.21,2005-01-01 00:00:00,2024-12-31 00:00:00,2022-01-01 00:00:00,0.99,0.951,1.0,0.872,1.0,0.9,174,36,9,0
2025-11-20 14:54:35,Greece_level_3_final,Ensemble (mean weight) top 7 models_TH_auto_equal_weight,Month+4,0.11,2005-01-01 00:00:00,2024-12-31 00:00:00,2022-01-01 00:00:00,0.985,0.93,1.0,0.813,1.0,0.856,174,32,13,0
2025-11-20 14:54:35,Greece_level_3_final,Ensemble (mean weight) top 7 models_TH_auto_equal_weight,Month+5,0.14,2005-01-01 00:00:00,2024-12-31 00:00:00,2022-01-01 00:00:00,0.986,0.935,1.0,0.828,1.0,0.867,174,33,12,0
2025-11-20 14:54:35,Greece_level_3_final,Ensemble (mean weight) top 7 models_TH_auto_equal_weight,Month+6,0.13,2005-01-01 00:00:00,2024-12-31 00:00:00,2022-01-01 00:00:00,0.989,0.946,1.0,0.858,1.0,0.889,174,35,10,0
2025-11-20 15:02:10,Greece_level_3_final,Ensemble (mean weight) top 8 models_TH_auto_equal_weight,Month+1,0.13,2005-01-01 00:00:00,2024-12-31 00:00:00,2022-01-01 00:00:00,0.997,0.983,1.0,0.958,1.0,0.967,174,42,3,0
2025-11-20 15:02:10,Greece_level_3_final,Ensemble (mean weight) top 8 models_TH_auto_equal_weight,Month+2,0.19,2005-01-01 00:00:00,2024-12-31 00:00:00,2022-01-01 00:00:00,0.998,0.989,1.0,0.972,1.0,0.978,174,43,2,0
2025-11-20 15:02:10,Greece_level_3_final,Ensemble (mean weight) top 8 models_TH_auto_equal_weight,Month+3,0.2,2005-01-01 00:00:00,2024-12-31 00:00:00,2022-01-01 00:00:00,0.994,0.972,1.0,0.93,1.0,0.944,174,40,5,0
2025-11-20 15:02:10,Greece_level_3_final,Ensemble (mean weight) top 8 models_TH_auto_equal_weight,Month+4,0.2,2005-01-01 00:00:00,2024-12-31 00:00:00,2022-01-01 00:00:00,0.988,0.941,1.0,0.843,1.0,0.878,174,34,11,0
2025-11-20 15:02:10,Greece_level_3_final,Ensemble (mean weight) top 8 models_TH_auto_equal_weight,Month+5,0.12,2005-01-01 00:00:00,2024-12-31 00:00:00,2022-01-01 00:00:00,0.986,0.935,1.0,0.828,1.0,0.867,174,33,12,0
2025-11-20 15:02:10,Greece_level_3_final,Ensemble (mean weight) top 8 models_TH_auto_equal_weight,Month+6,0.15,2005-01-01 00:00:00,2024-12-31 00:00:00,2022-01-01 00:00:00,0.989,0.946,1.0,0.858,1.0,0.889,174,35,10,0
2025-11-20 15:04:54,Greece_level_3_final,Ensemble (mean weight) top 3 models_TH_0.5_not_equal_weight,Month+1,0.5,2005-01-01 00:00:00,2024-12-31 00:00:00,2022-01-01 00:00:00,1.0,1.0,1.0,1.0,1.0,1.0,174,45,0,0
2025-11-20 15:04:54,Greece_level_3_final,Ensemble (mean weight) top 3 models_TH_0.5_not_equal_weight,Month+2,0.5,2005-01-01 00:00:00,2024-12-31 00:00:00,2022-01-01 00:00:00,1.0,1.0,1.0,1.0,1.0,1.0,174,45,0,0
2025-11-20 15:04:54,Greece_level_3_final,Ensemble (mean weight) top 3 models_TH_0.5_not_equal_weight,Month+3,0.5,2005-01-01 00:00:00,2024-12-31 00:00:00,2022-01-01 00:00:00,1.0,1.0,1.0,1.0,1.0,1.0,174,45,0,0
2025-11-20 15:04:54,Greece_level_3_final,Ensemble (mean weight) top 3 models_TH_0.5_not_equal_weight,Month+4,0.5,2005-01-01 00:00:00,2024-12-31 00:00:00,2022-01-01 00:00:00,1.0,1.0,1.0,1.0,1.0,1.0,174,45,0,0
2025-11-20 15:04:54,Greece_level_3_final,Ensemble (mean weight) top 3 models_TH_0.5_not_equal_weight,Month+5,0.5,2005-01-01 00:00:00,2024-12-31 00:00:00,2022-01-01 00:00:00,1.0,1.0,1.0,1.0,1.0,1.0,174,45,0,0
2025-11-20 15:04:54,Greece_level_3_final,Ensemble (mean weight) top 3 models_TH_0.5_not_equal_weight,Month+6,0.5,2005-01-01 00:00:00,2024-12-31 00:00:00,2022-01-01 00:00:00,1.0,1.0,1.0,1.0,1.0,1.0,174,45,0,0
2025-11-20 15:07:52,Greece_level_3_final,Ensemble (mean weight) top 4 models_TH_0.5_not_equal_weight,Month+1,0.5,2005-01-01 00:00:00,2024-12-31 00:00:00,2022-01-01 00:00:00,1.0,1.0,1.0,1.0,1.0,1.0,174,45,0,0
2025-11-20 15:07:52,Greece_level_3_final,Ensemble (mean weight) top 4 models_TH_0.5_not_equal_weight,Month+2,0.5,2005-01-01 00:00:00,2024-12-31 00:00:00,2022-01-01 00:00:00,1.0,1.0,1.0,1.0,1.0,1.0,174,45,0,0
2025-11-20 15:07:52,Greece_level_3_final,Ensemble (mean weight) top 4 models_TH_0.5_not_equal_weight,Month+3,0.5,2005-01-01 00:00:00,2024-12-31 00:00:00,2022-01-01 00:00:00,1.0,1.0,1.0,1.0,1.0,1.0,174,45,0,0
2025-11-20 15:07:52,Greece_level_3_final,Ensemble (mean weight) top 4 models_TH_0.5_not_equal_weight,Month+4,0.5,2005-01-01 00:00:00,2024-12-31 00:00:00,2022-01-01 00:00:00,1.0,1.0,1.0,1.0,1.0,1.0,174,45,0,0
2025-11-20 15:07:52,Greece_level_3_final,Ensemble (mean weight) top 4 models_TH_0.5_not_equal_weight,Month+5,0.5,2005-01-01 00:00:00,2024-12-31 00:00:00,2022-01-01 00:00:00,1.0,1.0,1.0,1.0,1.0,1.0,174,45,0,0
2025-11-20 15:07:52,Greece_level_3_final,Ensemble (mean weight) top 4 models_TH_0.5_not_equal_weight,Month+6,0.5,2005-01-01 00:00:00,2024-12-31 00:00:00,2022-01-01 00:00:00,1.0,1.0,1.0,1.0,1.0,1.0,174,45,0,0
2025-11-20 15:11:00,Greece_level_3_final,Ensemble (mean weight) top 5 models_TH_0.5_not_equal_weight,Month+1,0.5,2005-01-01 00:00:00,2024-12-31 00:00:00,2022-01-01 00:00:00,1.0,1.0,1.0,1.0,1.0,1.0,174,45,0,0
2025-11-20 15:11:00,Greece_level_3_final,Ensemble (mean weight) top 5 models_TH_0.5_not_equal_weight,Month+2,0.5,2005-01-01 00:00:00,2024-12-31 00:00:00,2022-01-01 00:00:00,1.0,1.0,1.0,1.0,1.0,1.0,174,45,0,0
2025-11-20 15:11:00,Greece_level_3_final,Ensemble (mean weight) top 5 models_TH_0.5_not_equal_weight,Month+3,0.5,2005-01-01 00:00:00,2024-12-31 00:00:00,2022-01-01 00:00:00,1.0,1.0,1.0,1.0,1.0,1.0,174,45,0,0
2025-11-20 15:11:00,Greece_level_3_final,Ensemble (mean weight) top 5 models_TH_0.5_not_equal_weight,Month+4,0.5,2005-01-01 00:00:00,2024-12-31 00:00:00,2022-01-01 00:00:00,1.0,1.0,1.0,1.0,1.0,1.0,174,45,0,0
2025-11-20 15:11:00,Greece_level_3_final,Ensemble (mean weight) top 5 models_TH_0.5_not_equal_weight,Month+5,0.5,2005-01-01 00:00:00,2024-12-31 00:00:00,2022-01-01 00:00:00,1.0,1.0,1.0,1.0,1.0,1.0,174,45,0,0
2025-11-20 15:11:00,Greece_level_3_final,Ensemble (mean weight) top 5 models_TH_0.5_not_equal_weight,Month+6,0.5,2005-01-01 00:00:00,2024-12-31 00:00:00,2022-01-01 00:00:00,1.0,1.0,1.0,1.0,1.0,1.0,174,45,0,0
2025-11-20 15:14:42,Greece_level_3_final,Ensemble (mean weight) top 6 models_TH_0.5_not_equal_weight,Month+1,0.5,2005-01-01 00:00:00,2024-12-31 00:00:00,2022-01-01 00:00:00,1.0,1.0,1.0,1.0,1.0,1.0,174,45,0,0
2025-11-20 15:14:42,Greece_level_3_final,Ensemble (mean weight) top 6 models_TH_0.5_not_equal_weight,Month+2,0.5,2005-01-01 00:00:00,2024-12-31 00:00:00,2022-01-01 00:00:00,1.0,1.0,1.0,1.0,1.0,1.0,174,45,0,0
2025-11-20 15:14:42,Greece_level_3_final,Ensemble (mean weight) top 6 models_TH_0.5_not_equal_weight,Month+3,0.5,2005-01-01 00:00:00,2024-12-31 00:00:00,2022-01-01 00:00:00,1.0,1.0,1.0,1.0,1.0,1.0,174,45,0,0
2025-11-20 15:14:42,Greece_level_3_final,Ensemble (mean weight) top 6 models_TH_0.5_not_equal_weight,Month+4,0.5,2005-01-01 00:00:00,2024-12-31 00:00:00,2022-01-01 00:00:00,1.0,1.0,1.0,1.0,1.0,1.0,174,45,0,0
2025-11-20 15:14:42,Greece_level_3_final,Ensemble (mean weight) top 6 models_TH_0.5_not_equal_weight,Month+5,0.5,2005-01-01 00:00:00,2024-12-31 00:00:00,2022-01-01 00:00:00,1.0,1.0,1.0,1.0,1.0,1.0,174,45,0,0
2025-11-20 15:14:42,Greece_level_3_final,Ensemble (mean weight) top 6 models_TH_0.5_not_equal_weight,Month+6,0.5,2005-01-01 00:00:00,2024-12-31 00:00:00,2022-01-01 00:00:00,1.0,1.0,1.0,1.0,1.0,1.0,174,45,0,0
2025-11-20 15:18:42,Greece_level_3_final,Ensemble (mean weight) top 7 models_TH_0.5_not_equal_weight,Month+1,0.5,2005-01-01 00:00:00,2024-12-31 00:00:00,2022-01-01 00:00:00,1.0,1.0,1.0,1.0,1.0,1.0,174,45,0,0
2025-11-20 15:18:42,Greece_level_3_final,Ensemble (mean weight) top 7 models_TH_0.5_not_equal_weight,Month+2,0.5,2005-01-01 00:00:00,2024-12-31 00:00:00,2022-01-01 00:00:00,1.0,1.0,1.0,1.0,1.0,1.0,174,45,0,0
2025-11-20 15:18:42,Greece_level_3_final,Ensemble (mean weight) top 7 models_TH_0.5_not_equal_weight,Month+3,0.5,2005-01-01 00:00:00,2024-12-31 00:00:00,2022-01-01 00:00:00,1.0,1.0,1.0,1.0,1.0,1.0,174,45,0,0
2025-11-20 15:18:42,Greece_level_3_final,Ensemble (mean weight) top 7 models_TH_0.5_not_equal_weight,Month+4,0.5,2005-01-01 00:00:00,2024-12-31 00:00:00,2022-01-01 00:00:00,1.0,1.0,1.0,1.0,1.0,1.0,174,45,0,0
2025-11-20 15:18:42,Greece_level_3_final,Ensemble (mean weight) top 7 models_TH_0.5_not_equal_weight,Month+5,0.5,2005-01-01 00:00:00,2024-12-31 00:00:00,2022-01-01 00:00:00,1.0,1.0,1.0,1.0,1.0,1.0,174,45,0,0
2025-11-20 15:18:42,Greece_level_3_final,Ensemble (mean weight) top 7 models_TH_0.5_not_equal_weight,Month+6,0.5,2005-01-01 00:00:00,2024-12-31 00:00:00,2022-01-01 00:00:00,1.0,1.0,1.0,1.0,1.0,1.0,174,45,0,0
2025-11-20 15:23:06,Greece_level_3_final,Ensemble (mean weight) top 8 models_TH_0.5_not_equal_weight,Month+1,0.500,2005-01-01 00:00:00,2024-12-31 00:00:00,2022-01-01 00:00:00,1.000,1.000,1.000,1.000,1.000,1.000,174,45,0,0
2025-11-20 15:23:06,Greece_level_3_final,Ensemble (mean weight) top 8 models_TH_0.5_not_equal_weight,Month+2,0.500,2005-01-01 00:00:00,2024-12-31 00:00:00,2022-01-01 00:00:00,1.000,1.000,1.000,1.000,1.000,1.000,174,45,0,0
2025-11-20 15:23:06,Greece_level_3_final,Ensemble (mean weight) top 8 models_TH_0.5_not_equal_weight,Month+3,0.500,2005-01-01 00:00:00,2024-12-31 00:00:00,2022-01-01 00:00:00,1.000,1.000,1.000,1.000,1.000,1.000,174,45,0,0
2025-11-20 15:23:06,Greece_level_3_final,Ensemble (mean weight) top 8 models_TH_0.5_not_equal_weight,Month+4,0.500,2005-01-01 00:00:00,2024-12-31 00:00:00,2022-01-01 00:00:00,1.000,1.000,1.000,1.000,1.000,1.000,174,45,0,0
2025-11-20 15:23:06,Greece_level_3_final,Ensemble (mean weight) top 8 models_TH_0.5_not_equal_weight,Month+5,0.500,2005-01-01 00:00:00,2024-12-31 00:00:00,2022-01-01 00:00:00,1.000,1.000,1.000,1.000,1.000,1.000,174,45,0,0
2025-11-20 15:23:06,Greece_level_3_final,Ensemble (mean weight) top 8 models_TH_0.5_not_equal_weight,Month+6,0.500,2005-01-01 00:00:00,2024-12-31 00:00:00,2022-01-01 00:00:00,1.000,1.000,1.000,1.000,1.000,1.000,174,45,0,0
2025-11-19 17:50:44,Italy_level_3_final,k-Nearest Neighbors,Month+1,0.5,2005-01-01,2024-12-31,2022-01-01,0.797,0.701,0.825,0.755,0.953,0.908,47,2576,20,10
2025-11-19 17:50:44,Italy_level_3_final,k-Nearest Neighbors,Month+2,0.5,2005-01-01,2024-12-31,2022-01-01,0.69,0.631,0.707,0.66,0.916,0.849,41,2571,24,17
2025-11-19 17:50:44,Italy_level_3_final,k-Nearest Neighbors,Month+3,0.5,2005-01-01,2024-12-31,2022-01-01,0.483,0.565,0.467,0.5,0.802,0.728,35,2551,27,40
2025-11-19 17:50:44,Italy_level_3_final,k-Nearest Neighbors,Month+4,0.5,2005-01-01,2024-12-31,2022-01-01,0.444,0.533,0.427,0.464,0.8,0.708,32,2550,28,43
2025-11-19 17:50:44,Italy_level_3_final,k-Nearest Neighbors,Month+5,0.5,2005-01-01,2024-12-31,2022-01-01,0.401,0.5,0.382,0.422,0.786,0.685,29,2548,29,47
2025-11-19 17:50:44,Italy_level_3_final,k-Nearest Neighbors,Month+6,0.5,2005-01-01,2024-12-31,2022-01-01,0.385,0.491,0.365,0.409,0.778,0.677,27,2551,28,47
2025-11-19 18:00:41,Italy_level_3_final,SVC (RBF Kernel),Month+1,0.5,2005-01-01 00:00:00,2024-12-31 00:00:00,2022-01-01 00:00:00,0.762,0.796,0.754,0.77,0.987,0.875,43,2585,11,14
2025-11-19 18:00:41,Italy_level_3_final,SVC (RBF Kernel),Month+2,0.5,2005-01-01 00:00:00,2024-12-31 00:00:00,2022-01-01 00:00:00,0.669,0.731,0.655,0.685,0.94,0.825,38,2581,14,20
2025-11-19 18:00:41,Italy_level_3_final,SVC (RBF Kernel),Month+3,0.5,2005-01-01 00:00:00,2024-12-31 00:00:00,2022-01-01 00:00:00,0.47,0.647,0.44,0.523,0.763,0.717,33,2560,18,42
2025-11-19 18:00:41,Italy_level_3_final,SVC (RBF Kernel),Month+4,0.5,2005-01-01 00:00:00,2024-12-31 00:00:00,2022-01-01 00:00:00,0.443,0.62,0.413,0.495,0.741,0.703,31,2559,19,44
2025-11-19 18:00:41,Italy_level_3_final,SVC (RBF Kernel),Month+5,0.5,2005-01-01 00:00:00,2024-12-31 00:00:00,2022-01-01 00:00:00,0.397,0.571,0.368,0.446,0.774,0.68,28,2556,21,48
2025-11-19 18:00:41,Italy_level_3_final,SVC (RBF Kernel),Month+6,0.5,2005-01-01 00:00:00,2024-12-31 00:00:00,2022-01-01 00:00:00,0.378,0.542,0.351,0.424,0.723,0.671,26,2557,22,48
2025-11-19 18:22:40,Italy_level_3_final,Logistic Regression,Month+1,0.5,2005-01-01 00:00:00,2024-12-31 00:00:00,2022-01-01 00:00:00,0.868,0.833,0.877,0.852,0.968,0.937,50,2586,10,7
2025-11-19 18:22:40,Italy_level_3_final,Logistic Regression,Month+2,0.5,2005-01-01 00:00:00,2024-12-31 00:00:00,2022-01-01 00:00:00,0.753,0.733,0.759,0.74,0.885,0.876,44,2579,16,14
2025-11-19 18:22:40,Italy_level_3_final,Logistic Regression,Month+3,0.5,2005-01-01 00:00:00,2024-12-31 00:00:00,2022-01-01 00:00:00,0.529,0.644,0.507,0.56,0.736,0.749,38,2557,21,37
2025-11-19 18:22:40,Italy_level_3_final,Logistic Regression,Month+4,0.5,2005-01-01 00:00:00,2024-12-31 00:00:00,2022-01-01 00:00:00,0.44,0.44,0.44,0.424,0.639,0.712,33,2536,42,42
2025-11-19 18:22:40,Italy_level_3_final,Logistic Regression,Month+5,0.5,2005-01-01 00:00:00,2024-12-31 00:00:00,2022-01-01 00:00:00,0.336,0.227,0.382,0.267,0.589,0.672,29,2478,99,47
2025-11-19 18:22:40,Italy_level_3_final,Logistic Regression,Month+6,0.5,2005-01-01 00:00:00,2024-12-31 00:00:00,2022-01-01 00:00:00,0.29,0.159,0.365,0.208,0.554,0.655,27,2436,143,47
2025-11-19 18:22:58,Italy_level_3_final,Linear SVM (Calibrated),Month+1,0.5,2005-01-01 00:00:00,2024-12-31 00:00:00,2022-01-01 00:00:00,0.868,0.833,0.877,0.852,0.973,0.937,50,2586,10,7
2025-11-19 18:22:58,Italy_level_3_final,Linear SVM (Calibrated),Month+2,0.5,2005-01-01 00:00:00,2024-12-31 00:00:00,2022-01-01 00:00:00,0.756,0.746,0.759,0.747,0.89,0.876,44,2580,15,14
2025-11-19 18:22:58,Italy_level_3_final,Linear SVM (Calibrated),Month+3,0.5,2005-01-01 00:00:00,2024-12-31 00:00:00,2022-01-01 00:00:00,0.471,0.66,0.44,0.528,0.751,0.717,33,2561,17,42
2025-11-19 18:22:58,Italy_level_3_final,Linear SVM (Calibrated),Month+4,0.5,2005-01-01 00:00:00,2024-12-31 00:00:00,2022-01-01 00:00:00,0.348,0.533,0.32,0.4,0.643,0.656,24,2557,21,51
2025-11-19 18:22:58,Italy_level_3_final,Linear SVM (Calibrated),Month+5,0.5,2005-01-01 00:00:00,2024-12-31 00:00:00,2022-01-01 00:00:00,0.262,0.45,0.237,0.313,0.604,0.614,18,2555,22,58
2025-11-19 18:22:58,Italy_level_3_final,Linear SVM (Calibrated),Month+6,0.5,2005-01-01 00:00:00,2024-12-31 00:00:00,2022-01-01 00:00:00,0.199,0.419,0.176,0.258,0.566,0.584,13,2561,18,61
2025-11-19 18:22:59,Italy_level_3_final,RidgeClassifier (Calibrated),Month+1,0.5,2005-01-01 00:00:00,2024-12-31 00:00:00,2022-01-01 00:00:00,0.807,0.807,0.807,0.803,0.93,0.901,46,2585,11,11
2025-11-19 18:22:59,Italy_level_3_final,RidgeClassifier (Calibrated),Month+2,0.5,2005-01-01 00:00:00,2024-12-31 00:00:00,2022-01-01 00:00:00,0.724,0.724,0.724,0.718,0.832,0.859,42,2579,16,16
2025-11-19 18:22:59,Italy_level_3_final,RidgeClassifier (Calibrated),Month+3,0.5,2005-01-01 00:00:00,2024-12-31 00:00:00,2022-01-01 00:00:00,0.503,0.621,0.48,0.534,0.727,0.736,36,2556,22,39
2025-11-19 18:22:59,Italy_level_3_final,RidgeClassifier (Calibrated),Month+4,0.5,2005-01-01 00:00:00,2024-12-31 00:00:00,2022-01-01 00:00:00,0.447,0.552,0.427,0.472,0.623,0.708,32,2552,26,43
2025-11-19 18:22:59,Italy_level_3_final,RidgeClassifier (Calibrated),Month+5,0.5,2005-01-01 00:00:00,2024-12-31 00:00:00,2022-01-01 00:00:00,0.387,0.483,0.368,0.407,0.615,0.678,28,2547,30,48
2025-11-19 18:22:59,Italy_level_3_final,RidgeClassifier (Calibrated),Month+6,0.5,2005-01-01 00:00:00,2024-12-31 00:00:00,2022-01-01 00:00:00,0.32,0.458,0.297,0.355,0.59,0.644,22,2553,26,52
2025-11-19 18:23:32,Italy_level_3_final,Random Forest,Month+1,0.5,2005-01-01 00:00:00,2024-12-31 00:00:00,2022-01-01 00:00:00,0.903,0.867,0.912,0.887,0.97,0.955,52,2588,8,5
2025-11-19 18:23:32,Italy_level_3_final,Random Forest,Month+2,0.5,2005-01-01 00:00:00,2024-12-31 00:00:00,2022-01-01 00:00:00,0.782,0.742,0.793,0.762,0.917,0.893,46,2579,16,12
2025-11-19 18:23:32,Italy_level_3_final,Random Forest,Month+3,0.5,2005-01-01 00:00:00,2024-12-31 00:00:00,2022-01-01 00:00:00,0.565,0.651,0.547,0.586,0.785,0.769,41,2556,22,34
2025-11-19 18:23:32,Italy_level_3_final,Random Forest,Month+4,0.5,2005-01-01 00:00:00,2024-12-31 00:00:00,2022-01-01 00:00:00,0.496,0.571,0.48,0.511,0.75,0.735,36,2551,27,39
2025-11-19 18:23:32,Italy_level_3_final,Random Forest,Month+5,0.5,2005-01-01 00:00:00,2024-12-31 00:00:00,2022-01-01 00:00:00,0.452,0.541,0.434,0.471,0.727,0.712,33,2549,28,43
2025-11-19 18:23:32,Italy_level_3_final,Random Forest,Month+6,0.5,2005-01-01 00:00:00,2024-12-31 00:00:00,2022-01-01 00:00:00,0.434,0.508,0.419,0.447,0.715,0.704,31,2549,30,43
2025-11-19 18:23:55,Italy_level_3_final,Balanced Random Forest,Month+1,0.5,2005-01-01 00:00:00,2024-12-31 00:00:00,2022-01-01 00:00:00,0.625,0.265,0.947,0.484,0.991,0.945,54,2446,150,3
2025-11-19 18:23:55,Italy_level_3_final,Balanced Random Forest,Month+2,0.5,2005-01-01 00:00:00,2024-12-31 00:00:00,2022-01-01 00:00:00,0.435,0.146,0.862,0.327,0.947,0.875,50,2302,293,8
2025-11-19 18:23:55,Italy_level_3_final,Balanced Random Forest,Month+3,0.5,2005-01-01 00:00:00,2024-12-31 00:00:00,2022-01-01 00:00:00,0.309,0.1,0.653,0.205,0.78,0.741,49,2135,443,26
2025-11-19 18:23:55,Italy_level_3_final,Balanced Random Forest,Month+4,0.5,2005-01-01 00:00:00,2024-12-31 00:00:00,2022-01-01 00:00:00,0.249,0.073,0.627,0.153,0.742,0.698,47,1981,597,28
2025-11-19 18:23:55,Italy_level_3_final,Balanced Random Forest,Month+5,0.5,2005-01-01 00:00:00,2024-12-31 00:00:00,2022-01-01 00:00:00,0.211,0.058,0.605,0.116,0.7,0.659,46,1836,741,30
2025-11-19 18:23:55,Italy_level_3_final,Balanced Random Forest,Month+6,0.5,2005-01-01 00:00:00,2024-12-31 00:00:00,2022-01-01 00:00:00,0.193,0.051,0.635,0.102,0.685,0.648,47,1702,877,27
2025-11-19 18:24:48,Italy_level_3_final,ExtraTrees,Month+1,0.5,2005-01-01 00:00:00,2024-12-31 00:00:00,2022-01-01 00:00:00,0.887,0.8,0.912,0.851,0.97,0.954,52,2583,13,5
2025-11-19 18:24:48,Italy_level_3_final,ExtraTrees,Month+2,0.5,2005-01-01 00:00:00,2024-12-31 00:00:00,2022-01-01 00:00:00,0.76,0.703,0.776,0.732,0.915,0.884,45,2576,19,13
2025-11-19 18:24:48,Italy_level_3_final,ExtraTrees,Month+3,0.5,2005-01-01 00:00:00,2024-12-31 00:00:00,2022-01-01 00:00:00,0.537,0.619,0.52,0.556,0.79,0.755,39,2554,24,36
2025-11-19 18:24:48,Italy_level_3_final,ExtraTrees,Month+4,0.5,2005-01-01 00:00:00,2024-12-31 00:00:00,2022-01-01 00:00:00,0.461,0.569,0.44,0.488,0.759,0.715,33,2553,25,42
2025-11-19 18:24:48,Italy_level_3_final,ExtraTrees,Month+5,0.5,2005-01-01 00:00:00,2024-12-31 00:00:00,2022-01-01 00:00:00,0.403,0.518,0.382,0.431,0.73,0.686,29,2550,27,47
2025-11-19 18:24:48,Italy_level_3_final,ExtraTrees,Month+6,0.5,2005-01-01 00:00:00,2024-12-31 00:00:00,2022-01-01 00:00:00,0.372,0.491,0.351,0.401,0.721,0.67,26,2552,27,48
2025-11-19 18:25:12,Italy_level_3_final,Gradient Boosting,Month+1,0.5,2005-01-01 00:00:00,2024-12-31 00:00:00,2022-01-01 00:00:00,0.906,0.881,0.912,0.894,0.989,0.955,52,2589,7,5
2025-11-19 18:25:12,Italy_level_3_final,Gradient Boosting,Month+2,0.5,2005-01-01 00:00:00,2024-12-31 00:00:00,2022-01-01 00:00:00,0.776,0.776,0.776,0.771,0.945,0.885,45,2582,13,13
2025-11-19 18:25:12,Italy_level_3_final,Gradient Boosting,Month+3,0.5,2005-01-01 00:00:00,2024-12-31 00:00:00,2022-01-01 00:00:00,0.548,0.696,0.52,0.592,0.795,0.757,39,2561,17,36
2025-11-19 18:25:12,Italy_level_3_final,Gradient Boosting,Month+4,0.5,2005-01-01 00:00:00,2024-12-31 00:00:00,2022-01-01 00:00:00,0.466,0.611,0.44,0.507,0.717,0.716,33,2557,21,42
2025-11-19 18:25:12,Italy_level_3_final,Gradient Boosting,Month+5,0.5,2005-01-01 00:00:00,2024-12-31 00:00:00,2022-01-01 00:00:00,0.411,0.592,0.382,0.463,0.665,0.687,29,2557,20,47
2025-11-19 18:25:12,Italy_level_3_final,Gradient Boosting,Month+6,0.5,2005-01-01 00:00:00,2024-12-31 00:00:00,2022-01-01 00:00:00,0.377,0.531,0.351,0.419,0.644,0.671,26,2556,23,48
2025-11-19 18:25:21,Italy_level_3_final,AdaBoost,Month+1,0.5,2005-01-01 00:00:00,2024-12-31 00:00:00,2022-01-01 00:00:00,0.906,0.881,0.912,0.894,0.981,0.955,52,2589,7,5
2025-11-19 18:25:21,Italy_level_3_final,AdaBoost,Month+2,0.5,2005-01-01 00:00:00,2024-12-31 00:00:00,2022-01-01 00:00:00,0.773,0.763,0.776,0.764,0.914,0.885,45,2581,14,13
2025-11-19 18:25:21,Italy_level_3_final,AdaBoost,Month+3,0.5,2005-01-01 00:00:00,2024-12-31 00:00:00,2022-01-01 00:00:00,0.506,0.643,0.48,0.545,0.784,0.736,36,2558,20,39
2025-11-19 18:25:21,Italy_level_3_final,AdaBoost,Month+4,0.5,2005-01-01 00:00:00,2024-12-31 00:00:00,2022-01-01 00:00:00,0.397,0.528,0.373,0.431,0.682,0.682,28,2553,25,47
2025-11-19 18:25:21,Italy_level_3_final,AdaBoost,Month+5,0.5,2005-01-01 00:00:00,2024-12-31 00:00:00,2022-01-01 00:00:00,0.271,0.413,0.25,0.306,0.617,0.62,19,2550,27,57
2025-11-19 18:25:21,Italy_level_3_final,AdaBoost,Month+6,0.5,2005-01-01 00:00:00,2024-12-31 00:00:00,2022-01-01 00:00:00,0.259,0.531,0.23,0.338,0.584,0.612,17,2564,15,57
2025-11-19 18:25:28,Italy_level_3_final,Hist Gradient Boosting,Month+1,0.5,2005-01-01 00:00:00,2024-12-31 00:00:00,2022-01-01 00:00:00,0.895,0.895,0.895,0.892,0.992,0.946,51,2590,6,6
2025-11-19 18:25:28,Italy_level_3_final,Hist Gradient Boosting,Month+2,0.5,2005-01-01 00:00:00,2024-12-31 00:00:00,2022-01-01 00:00:00,0.773,0.763,0.776,0.764,0.945,0.885,45,2581,14,13
2025-11-19 18:25:28,Italy_level_3_final,Hist Gradient Boosting,Month+3,0.5,2005-01-01 00:00:00,2024-12-31 00:00:00,2022-01-01 00:00:00,0.545,0.672,0.52,0.581,0.759,0.756,39,2559,19,36
2025-11-19 18:25:28,Italy_level_3_final,Hist Gradient Boosting,Month+4,0.5,2005-01-01 00:00:00,2024-12-31 00:00:00,2022-01-01 00:00:00,0.463,0.589,0.44,0.497,0.726,0.716,33,2555,23,42
2025-11-19 18:25:28,Italy_level_3_final,Hist Gradient Boosting,Month+5,0.5,2005-01-01 00:00:00,2024-12-31 00:00:00,2022-01-01 00:00:00,0.406,0.547,0.382,0.444,0.692,0.686,29,2553,24,47
2025-11-19 18:25:28,Italy_level_3_final,Hist Gradient Boosting,Month+6,0.5,2005-01-01 00:00:00,2024-12-31 00:00:00,2022-01-01 00:00:00,0.376,0.52,0.351,0.414,0.677,0.671,26,2555,24,48
2025-11-19 18:25:33,Italy_level_3_final,XGBoost,Month+1,0.5,2005-01-01 00:00:00,2024-12-31 00:00:00,2022-01-01 00:00:00,0.906,0.881,0.912,0.894,0.993,0.955,52,2589,7,5
2025-11-19 18:25:33,Italy_level_3_final,XGBoost,Month+2,0.5,2005-01-01 00:00:00,2024-12-31 00:00:00,2022-01-01 00:00:00,0.773,0.763,0.776,0.764,0.942,0.885,45,2581,14,13
2025-11-19 18:25:33,Italy_level_3_final,XGBoost,Month+3,0.5,2005-01-01 00:00:00,2024-12-31 00:00:00,2022-01-01 00:00:00,0.545,0.672,0.52,0.581,0.777,0.756,39,2559,19,36
2025-11-19 18:25:33,Italy_level_3_final,XGBoost,Month+4,0.5,2005-01-01 00:00:00,2024-12-31 00:00:00,2022-01-01 00:00:00,0.463,0.589,0.44,0.497,0.742,0.716,33,2555,23,42
2025-11-19 18:25:33,Italy_level_3_final,XGBoost,Month+5,0.5,2005-01-01 00:00:00,2024-12-31 00:00:00,2022-01-01 00:00:00,0.406,0.547,0.382,0.444,0.695,0.686,29,2553,24,47
2025-11-19 18:25:33,Italy_level_3_final,XGBoost,Month+6,0.5,2005-01-01 00:00:00,2024-12-31 00:00:00,2022-01-01 00:00:00,0.375,0.51,0.351,0.41,0.668,0.671,26,2554,25,48
2025-11-19 18:25:38,Italy_level_3_final,LightGBM,Month+1,0.5,2005-01-01 00:00:00,2024-12-31 00:00:00,2022-01-01 00:00:00,0.893,0.825,0.912,0.865,0.992,0.954,52,2585,11,5
2025-11-19 18:25:38,Italy_level_3_final,LightGBM,Month+2,0.5,2005-01-01 00:00:00,2024-12-31 00:00:00,2022-01-01 00:00:00,0.776,0.662,0.81,0.726,0.938,0.901,47,2571,24,11
2025-11-19 18:25:38,Italy_level_3_final,LightGBM,Month+3,0.5,2005-01-01 00:00:00,2024-12-31 00:00:00,2022-01-01 00:00:00,0.539,0.434,0.573,0.482,0.767,0.776,43,2522,56,32
2025-11-19 18:25:38,Italy_level_3_final,LightGBM,Month+4,0.5,2005-01-01 00:00:00,2024-12-31 00:00:00,2022-01-01 00:00:00,0.428,0.22,0.56,0.322,0.736,0.751,42,2429,149,33
2025-11-19 18:25:38,Italy_level_3_final,LightGBM,Month+5,0.5,2005-01-01 00:00:00,2024-12-31 00:00:00,2022-01-01 00:00:00,0.297,0.104,0.553,0.192,0.695,0.706,42,2216,361,34
2025-11-19 18:25:38,Italy_level_3_final,LightGBM,Month+6,0.5,2005-01-01 00:00:00,2024-12-31 00:00:00,2022-01-01 00:00:00,0.238,0.072,0.554,0.141,0.674,0.675,41,2054,525,33
2025-11-19 18:25:58,Italy_level_3_final,CatBoost,Month+1,0.5,2005-01-01 00:00:00,2024-12-31 00:00:00,2022-01-01 00:00:00,0.903,0.867,0.912,0.887,0.994,0.955,52,2588,8,5
2025-11-19 18:25:58,Italy_level_3_final,CatBoost,Month+2,0.5,2005-01-01 00:00:00,2024-12-31 00:00:00,2022-01-01 00:00:00,0.771,0.75,0.776,0.757,0.941,0.885,45,2580,15,13
2025-11-19 18:25:58,Italy_level_3_final,CatBoost,Month+3,0.5,2005-01-01 00:00:00,2024-12-31 00:00:00,2022-01-01 00:00:00,0.56,0.621,0.547,0.571,0.765,0.768,41,2553,25,34
2025-11-19 18:25:58,Italy_level_3_final,CatBoost,Month+4,0.5,2005-01-01 00:00:00,2024-12-31 00:00:00,2022-01-01 00:00:00,0.424,0.272,0.493,0.342,0.713,0.727,37,2479,99,38
2025-11-19 18:25:58,Italy_level_3_final,CatBoost,Month+5,0.5,2005-01-01 00:00:00,2024-12-31 00:00:00,2022-01-01 00:00:00,0.34,0.159,0.474,0.239,0.672,0.7,36,2387,190,40
2025-11-19 18:25:58,Italy_level_3_final,CatBoost,Month+6,0.5,2005-01-01 00:00:00,2024-12-31 00:00:00,2022-01-01 00:00:00,0.296,0.115,0.486,0.194,0.65,0.69,36,2302,277,38
2025-11-19 19:22:07,Italy_level_3_final,Ensemble (mean weight) top 3 models_TH_auto_not_equal_weight,Month+1,0.44,2005-01-01 00:00:00,2024-12-31 00:00:00,2022-01-01 00:00:00,0.906,0.881,0.912,0.894,0.992,0.955,52,2589,7,5
2025-11-19 19:22:07,Italy_level_3_final,Ensemble (mean weight) top 3 models_TH_auto_not_equal_weight,Month+2,0.38,2005-01-01 00:00:00,2024-12-31 00:00:00,2022-01-01 00:00:00,0.773,0.763,0.776,0.764,0.942,0.885,45,2581,14,13
2025-11-19 19:22:07,Italy_level_3_final,Ensemble (mean weight) top 3 models_TH_auto_not_equal_weight,Month+3,0.28,2005-01-01 00:00:00,2024-12-31 00:00:00,2022-01-01 00:00:00,0.545,0.672,0.52,0.581,0.794,0.756,39,2559,19,36
2025-11-19 19:22:07,Italy_level_3_final,Ensemble (mean weight) top 3 models_TH_auto_not_equal_weight,Month+4,0.26,2005-01-01 00:00:00,2024-12-31 00:00:00,2022-01-01 00:00:00,0.463,0.589,0.44,0.497,0.725,0.716,33,2555,23,42
2025-11-19 19:22:07,Italy_level_3_final,Ensemble (mean weight) top 3 models_TH_auto_not_equal_weight,Month+5,0.26,2005-01-01 00:00:00,2024-12-31 00:00:00,2022-01-01 00:00:00,0.406,0.547,0.382,0.444,0.674,0.686,29,2553,24,47
2025-11-19 19:22:07,Italy_level_3_final,Ensemble (mean weight) top 3 models_TH_auto_not_equal_weight,Month+6,0.18,2005-01-01 00:00:00,2024-12-31 00:00:00,2022-01-01 00:00:00,0.375,0.51,0.351,0.41,0.647,0.671,26,2554,25,48
2025-11-19 20:25:51,Italy_level_3_final,Ensemble (mean weight) top 4 models_TH_auto_not_equal_weight,Month+1,0.53,2005-01-01 00:00:00,2024-12-31 00:00:00,2022-01-01 00:00:00,0.877,0.877,0.877,0.874,0.991,0.937,50,2589,7,7
2025-11-19 20:25:51,Italy_level_3_final,Ensemble (mean weight) top 4 models_TH_auto_not_equal_weight,Month+2,0.48,2005-01-01 00:00:00,2024-12-31 00:00:00,2022-01-01 00:00:00,0.761,0.772,0.759,0.76,0.95,0.877,44,2582,13,14
2025-11-19 20:25:51,Italy_level_3_final,Ensemble (mean weight) top 4 models_TH_auto_not_equal_weight,Month+3,0.33,2005-01-01 00:00:00,2024-12-31 00:00:00,2022-01-01 00:00:00,0.528,0.633,0.507,0.555,0.81,0.749,38,2556,22,37
2025-11-19 20:25:51,Italy_level_3_final,Ensemble (mean weight) top 4 models_TH_auto_not_equal_weight,Month+4,0.36,2005-01-01 00:00:00,2024-12-31 00:00:00,2022-01-01 00:00:00,0.463,0.589,0.44,0.497,0.74,0.716,33,2555,23,42
2025-11-19 20:25:51,Italy_level_3_final,Ensemble (mean weight) top 4 models_TH_auto_not_equal_weight,Month+5,0.27,2005-01-01 00:00:00,2024-12-31 00:00:00,2022-01-01 00:00:00,0.404,0.527,0.382,0.435,0.704,0.686,29,2551,26,47
2025-11-19 20:25:51,Italy_level_3_final,Ensemble (mean weight) top 4 models_TH_auto_not_equal_weight,Month+6,0.23,2005-01-01 00:00:00,2024-12-31 00:00:00,2022-01-01 00:00:00,0.385,0.491,0.365,0.409,0.668,0.677,27,2551,28,47
2025-11-19 21:30:50,Italy_level_3_final,Ensemble (mean weight) top 5 models_TH_auto_not_equal_weight,Month+1,0.54,2005-01-01 00:00:00,2024-12-31 00:00:00,2022-01-01 00:00:00,0.851,0.889,0.842,0.862,0.99,0.92,48,2590,6,9
2025-11-19 21:30:50,Italy_level_3_final,Ensemble (mean weight) top 5 models_TH_auto_not_equal_weight,Month+2,0.43,2005-01-01 00:00:00,2024-12-31 00:00:00,2022-01-01 00:00:00,0.741,0.741,0.741,0.736,0.95,0.868,43,2580,15,15
2025-11-19 21:30:50,Italy_level_3_final,Ensemble (mean weight) top 5 models_TH_auto_not_equal_weight,Month+3,0.35,2005-01-01 00:00:00,2024-12-31 00:00:00,2022-01-01 00:00:00,0.528,0.633,0.507,0.555,0.81,0.749,38,2556,22,37
2025-11-19 21:30:50,Italy_level_3_final,Ensemble (mean weight) top 5 models_TH_auto_not_equal_weight,Month+4,0.33,2005-01-01 00:00:00,2024-12-31 00:00:00,2022-01-01 00:00:00,0.46,0.559,0.44,0.483,0.749,0.715,33,2552,26,42
2025-11-19 21:30:50,Italy_level_3_final,Ensemble (mean weight) top 5 models_TH_auto_not_equal_weight,Month+5,0.29,2005-01-01 00:00:00,2024-12-31 00:00:00,2022-01-01 00:00:00,0.401,0.5,0.382,0.422,0.698,0.685,29,2548,29,47
2025-11-19 21:30:50,Italy_level_3_final,Ensemble (mean weight) top 5 models_TH_auto_not_equal_weight,Month+6,0.24,2005-01-01 00:00:00,2024-12-31 00:00:00,2022-01-01 00:00:00,0.38,0.458,0.365,0.394,0.663,0.676,27,2547,32,47
2025-11-19 22:56:50,Italy_level_3_final,Ensemble (mean weight) top 6 models_TH_auto_not_equal_weight,Month+1,0.64,2005-01-01 00:00:00,2024-12-31 00:00:00,2022-01-01 00:00:00,0.821,0.885,0.807,0.842,0.99,0.902,46,2590,6,11
2025-11-19 22:56:50,Italy_level_3_final,Ensemble (mean weight) top 6 models_TH_auto_not_equal_weight,Month+2,0.59,2005-01-01 00:00:00,2024-12-31 00:00:00,2022-01-01 00:00:00,0.724,0.804,0.707,0.749,0.949,0.852,41,2585,10,17
2025-11-19 22:56:50,Italy_level_3_final,Ensemble (mean weight) top 6 models_TH_auto_not_equal_weight,Month+3,0.46,2005-01-01 00:00:00,2024-12-31 00:00:00,2022-01-01 00:00:00,0.507,0.655,0.48,0.55,0.81,0.736,36,2559,19,39
2025-11-19 22:56:50,Italy_level_3_final,Ensemble (mean weight) top 6 models_TH_auto_not_equal_weight,Month+4,0.45,2005-01-01 00:00:00,2024-12-31 00:00:00,2022-01-01 00:00:00,0.462,0.579,0.44,0.492,0.715,0.715,33,2554,24,42
2025-11-19 22:56:50,Italy_level_3_final,Ensemble (mean weight) top 6 models_TH_auto_not_equal_weight,Month+5,0.31,2005-01-01 00:00:00,2024-12-31 00:00:00,2022-01-01 00:00:00,0.402,0.509,0.382,0.426,0.712,0.685,29,2549,28,47
2025-11-19 22:56:50,Italy_level_3_final,Ensemble (mean weight) top 6 models_TH_auto_not_equal_weight,Month+6,0.28,2005-01-01 00:00:00,2024-12-31 00:00:00,2022-01-01 00:00:00,0.38,0.458,0.365,0.394,0.646,0.676,27,2547,32,47
2025-11-20 00:23:27,Italy_level_3_final,Ensemble (mean weight) top 7 models_TH_auto_not_equal_weight,Month+1,0.62,2005-01-01 00:00:00,2024-12-31 00:00:00,2022-01-01 00:00:00,0.868,0.833,0.877,0.852,0.978,0.937,50,2586,10,7
2025-11-20 00:23:27,Italy_level_3_final,Ensemble (mean weight) top 7 models_TH_auto_not_equal_weight,Month+2,0.55,2005-01-01 00:00:00,2024-12-31 00:00:00,2022-01-01 00:00:00,0.756,0.746,0.759,0.747,0.927,0.876,44,2580,15,14
2025-11-20 00:23:27,Italy_level_3_final,Ensemble (mean weight) top 7 models_TH_auto_not_equal_weight,Month+3,0.46,2005-01-01 00:00:00,2024-12-31 00:00:00,2022-01-01 00:00:00,0.529,0.644,0.507,0.56,0.787,0.749,38,2557,21,37
2025-11-20 00:23:27,Italy_level_3_final,Ensemble (mean weight) top 7 models_TH_auto_not_equal_weight,Month+4,0.39,2005-01-01 00:00:00,2024-12-31 00:00:00,2022-01-01 00:00:00,0.46,0.559,0.44,0.483,0.709,0.715,33,2552,26,42
2025-11-20 00:23:27,Italy_level_3_final,Ensemble (mean weight) top 7 models_TH_auto_not_equal_weight,Month+5,0.35,2005-01-01 00:00:00,2024-12-31 00:00:00,2022-01-01 00:00:00,0.401,0.5,0.382,0.422,0.645,0.685,29,2548,29,47
2025-11-20 00:23:27,Italy_level_3_final,Ensemble (mean weight) top 7 models_TH_auto_not_equal_weight,Month+6,0.25,2005-01-01 00:00:00,2024-12-31 00:00:00,2022-01-01 00:00:00,0.367,0.448,0.351,0.382,0.639,0.669,26,2547,32,48
2025-11-20 01:50:54,Italy_level_3_final,Ensemble (mean weight) top 8 models_TH_auto_not_equal_weight,Month+1,0.59,2005-01-01 00:00:00,2024-12-31 00:00:00,2022-01-01 00:00:00,0.868,0.833,0.877,0.852,0.988,0.937,50,2586,10,7
2025-11-20 01:50:54,Italy_level_3_final,Ensemble (mean weight) top 8 models_TH_auto_not_equal_weight,Month+2,0.57,2005-01-01 00:00:00,2024-12-31 00:00:00,2022-01-01 00:00:00,0.756,0.746,0.759,0.747,0.923,0.876,44,2580,15,14
2025-11-20 01:50:54,Italy_level_3_final,Ensemble (mean weight) top 8 models_TH_auto_not_equal_weight,Month+3,0.51,2005-01-01 00:00:00,2024-12-31 00:00:00,2022-01-01 00:00:00,0.532,0.667,0.507,0.571,0.792,0.75,38,2559,19,37
2025-11-20 01:50:54,Italy_level_3_final,Ensemble (mean weight) top 8 models_TH_auto_not_equal_weight,Month+4,0.37,2005-01-01 00:00:00,2024-12-31 00:00:00,2022-01-01 00:00:00,0.462,0.579,0.44,0.492,0.73,0.715,33,2554,24,42
2025-11-20 01:50:54,Italy_level_3_final,Ensemble (mean weight) top 8 models_TH_auto_not_equal_weight,Month+5,0.29,2005-01-01 00:00:00,2024-12-31 00:00:00,2022-01-01 00:00:00,0.401,0.5,0.382,0.422,0.67,0.685,29,2548,29,47
2025-11-20 01:50:54,Italy_level_3_final,Ensemble (mean weight) top 8 models_TH_auto_not_equal_weight,Month+6,0.25,2005-01-01 00:00:00,2024-12-31 00:00:00,2022-01-01 00:00:00,0.367,0.448,0.351,0.382,0.642,0.669,26,2547,32,48
2025-11-20 02:48:27,Italy_level_3_final,Ensemble (mean weight) top 3 model_TH_0.5_equal_weights,Month+1,0.5,2005-01-01 00:00:00,2024-12-31 00:00:00,2022-01-01 00:00:00,0.868,0.833,0.877,0.852,0.987,0.937,50,2586,10,7
2025-11-20 02:48:27,Italy_level_3_final,Ensemble (mean weight) top 3 model_TH_0.5_equal_weights,Month+2,0.5,2005-01-01 00:00:00,2024-12-31 00:00:00,2022-01-01 00:00:00,0.753,0.733,0.759,0.74,0.927,0.876,44,2579,16,14
2025-11-20 02:48:27,Italy_level_3_final,Ensemble (mean weight) top 3 model_TH_0.5_equal_weights,Month+3,0.5,2005-01-01 00:00:00,2024-12-31 00:00:00,2022-01-01 00:00:00,0.529,0.644,0.507,0.56,0.781,0.749,38,2557,21,37
2025-11-20 02:48:27,Italy_level_3_final,Ensemble (mean weight) top 3 model_TH_0.5_equal_weights,Month+4,0.5,2005-01-01 00:00:00,2024-12-31 00:00:00,2022-01-01 00:00:00,0.46,0.559,0.44,0.483,0.709,0.715,33,2552,26,42
2025-11-20 02:48:27,Italy_level_3_final,Ensemble (mean weight) top 3 model_TH_0.5_equal_weights,Month+5,0.5,2005-01-01 00:00:00,2024-12-31 00:00:00,2022-01-01 00:00:00,0.401,0.5,0.382,0.422,0.661,0.685,29,2548,29,47
2025-11-20 02:48:27,Italy_level_3_final,Ensemble (mean weight) top 3 model_TH_0.5_equal_weights,Month+6,0.5,2005-01-01 00:00:00,2024-12-31 00:00:00,2022-01-01 00:00:00,0.367,0.448,0.351,0.382,0.631,0.669,26,2547,32,48
2025-11-20 03:46:30,Italy_level_3_final,Ensemble (mean weight) top 4 model_TH_0.5_equal_weights,Month+1,0.5,2005-01-01 00:00:00,2024-12-31 00:00:00,2022-01-01 00:00:00,0.895,0.895,0.895,0.892,0.988,0.946,51,2590,6,6
2025-11-20 03:46:30,Italy_level_3_final,Ensemble (mean weight) top 4 model_TH_0.5_equal_weights,Month+2,0.5,2005-01-01 00:00:00,2024-12-31 00:00:00,2022-01-01 00:00:00,0.776,0.776,0.776,0.771,0.931,0.885,45,2582,13,13
2025-11-20 03:46:30,Italy_level_3_final,Ensemble (mean weight) top 4 model_TH_0.5_equal_weights,Month+3,0.5,2005-01-01 00:00:00,2024-12-31 00:00:00,2022-01-01 00:00:00,0.548,0.696,0.52,0.592,0.786,0.757,39,2561,17,36
2025-11-20 03:46:30,Italy_level_3_final,Ensemble (mean weight) top 4 model_TH_0.5_equal_weights,Month+4,0.5,2005-01-01 00:00:00,2024-12-31 00:00:00,2022-01-01 00:00:00,0.466,0.611,0.44,0.507,0.71,0.716,33,2557,21,42
2025-11-20 03:46:30,Italy_level_3_final,Ensemble (mean weight) top 4 model_TH_0.5_equal_weights,Month+5,0.5,2005-01-01 00:00:00,2024-12-31 00:00:00,2022-01-01 00:00:00,0.404,0.527,0.382,0.435,0.664,0.686,29,2551,26,47
2025-11-20 03:46:30,Italy_level_3_final,Ensemble (mean weight) top 4 model_TH_0.5_equal_weights,Month+6,0.5,2005-01-01 00:00:00,2024-12-31 00:00:00,2022-01-01 00:00:00,0.37,0.473,0.351,0.393,0.636,0.67,26,2550,29,48
2025-11-20 04:43:15,Italy_level_3_final,Ensemble (mean weight) top 5 model_TH_0.5_equal_weights,Month+1,0.5,2005-01-01 00:00:00,2024-12-31 00:00:00,2022-01-01 00:00:00,0.909,0.897,0.912,0.902,0.991,0.955,52,2590,6,5
2025-11-20 04:43:15,Italy_level_3_final,Ensemble (mean weight) top 5 model_TH_0.5_equal_weights,Month+2,0.5,2005-01-01 00:00:00,2024-12-31 00:00:00,2022-01-01 00:00:00,0.776,0.776,0.776,0.771,0.936,0.885,45,2582,13,13
2025-11-20 04:43:15,Italy_level_3_final,Ensemble (mean weight) top 5 model_TH_0.5_equal_weights,Month+3,0.5,2005-01-01 00:00:00,2024-12-31 00:00:00,2022-01-01 00:00:00,0.546,0.684,0.52,0.586,0.773,0.757,39,2560,18,36
2025-11-20 04:43:15,Italy_level_3_final,Ensemble (mean weight) top 5 model_TH_0.5_equal_weights,Month+4,0.5,2005-01-01 00:00:00,2024-12-31 00:00:00,2022-01-01 00:00:00,0.463,0.589,0.44,0.497,0.713,0.716,33,2555,23,42
2025-11-20 04:43:15,Italy_level_3_final,Ensemble (mean weight) top 5 model_TH_0.5_equal_weights,Month+5,0.5,2005-01-01 00:00:00,2024-12-31 00:00:00,2022-01-01 00:00:00,0.405,0.537,0.382,0.439,0.673,0.686,29,2552,25,47
2025-11-20 04:43:15,Italy_level_3_final,Ensemble (mean weight) top 5 model_TH_0.5_equal_weights,Month+6,0.5,2005-01-01 00:00:00,2024-12-31 00:00:00,2022-01-01 00:00:00,0.372,0.491,0.351,0.401,0.65,0.67,26,2552,27,48
2025-11-20 05:41:12,Italy_level_3_final,Ensemble (mean weight) top 6 model_TH_0.5_equal_weights,Month+1,0.5,2005-01-01 00:00:00,2024-12-31 00:00:00,2022-01-01 00:00:00,0.909,0.897,0.912,0.902,0.992,0.955,52,2590,6,5
2025-11-20 05:41:12,Italy_level_3_final,Ensemble (mean weight) top 6 model_TH_0.5_equal_weights,Month+2,0.5,2005-01-01 00:00:00,2024-12-31 00:00:00,2022-01-01 00:00:00,0.776,0.776,0.776,0.771,0.938,0.885,45,2582,13,13
2025-11-20 05:41:12,Italy_level_3_final,Ensemble (mean weight) top 6 model_TH_0.5_equal_weights,Month+3,0.5,2005-01-01 00:00:00,2024-12-31 00:00:00,2022-01-01 00:00:00,0.546,0.684,0.52,0.586,0.769,0.757,39,2560,18,36
2025-11-20 05:41:12,Italy_level_3_final,Ensemble (mean weight) top 6 model_TH_0.5_equal_weights,Month+4,0.5,2005-01-01 00:00:00,2024-12-31 00:00:00,2022-01-01 00:00:00,0.463,0.589,0.44,0.497,0.712,0.716,33,2555,23,42
2025-11-20 05:41:12,Italy_level_3_final,Ensemble (mean weight) top 6 model_TH_0.5_equal_weights,Month+5,0.5,2005-01-01 00:00:00,2024-12-31 00:00:00,2022-01-01 00:00:00,0.405,0.537,0.382,0.439,0.67,0.686,29,2552,25,47
2025-11-20 05:41:12,Italy_level_3_final,Ensemble (mean weight) top 6 model_TH_0.5_equal_weights,Month+6,0.5,2005-01-01 00:00:00,2024-12-31 00:00:00,2022-01-01 00:00:00,0.374,0.5,0.351,0.405,0.65,0.671,26,2553,26,48
2025-11-20 06:38:21,Italy_level_3_final,Ensemble (mean weight) top 7 model_TH_0.5_equal_weights,Month+1,0.5,2005-01-01 00:00:00,2024-12-31 00:00:00,2022-01-01 00:00:00,0.909,0.897,0.912,0.902,0.992,0.955,52,2590,6,5
2025-11-20 06:38:21,Italy_level_3_final,Ensemble (mean weight) top 7 model_TH_0.5_equal_weights,Month+2,0.5,2005-01-01 00:00:00,2024-12-31 00:00:00,2022-01-01 00:00:00,0.776,0.776,0.776,0.771,0.937,0.885,45,2582,13,13
2025-11-20 06:38:21,Italy_level_3_final,Ensemble (mean weight) top 7 model_TH_0.5_equal_weights,Month+3,0.5,2005-01-01 00:00:00,2024-12-31 00:00:00,2022-01-01 00:00:00,0.546,0.684,0.52,0.586,0.767,0.757,39,2560,18,36
2025-11-20 06:38:21,Italy_level_3_final,Ensemble (mean weight) top 7 model_TH_0.5_equal_weights,Month+4,0.5,2005-01-01 00:00:00,2024-12-31 00:00:00,2022-01-01 00:00:00,0.463,0.589,0.44,0.497,0.717,0.716,33,2555,23,42
2025-11-20 06:38:21,Italy_level_3_final,Ensemble (mean weight) top 7 model_TH_0.5_equal_weights,Month+5,0.5,2005-01-01 00:00:00,2024-12-31 00:00:00,2022-01-01 00:00:00,0.406,0.547,0.382,0.444,0.675,0.686,29,2553,24,47
2025-11-20 06:38:21,Italy_level_3_final,Ensemble (mean weight) top 7 model_TH_0.5_equal_weights,Month+6,0.5,2005-01-01 00:00:00,2024-12-31 00:00:00,2022-01-01 00:00:00,0.375,0.51,0.351,0.41,0.657,0.671,26,2554,25,48
2025-11-20 07:35:56,Italy_level_3_final,Ensemble (mean weight) top 8 model_TH_0.5_equal_weights,Month+1,0.5,2005-01-01 00:00:00,2024-12-31 00:00:00,2022-01-01 00:00:00,0.909,0.897,0.912,0.902,0.992,0.955,52,2590,6,5
2025-11-20 07:35:56,Italy_level_3_final,Ensemble (mean weight) top 8 model_TH_0.5_equal_weights,Month+2,0.5,2005-01-01 00:00:00,2024-12-31 00:00:00,2022-01-01 00:00:00,0.776,0.776,0.776,0.771,0.937,0.885,45,2582,13,13
2025-11-20 07:35:56,Italy_level_3_final,Ensemble (mean weight) top 8 model_TH_0.5_equal_weights,Month+3,0.5,2005-01-01 00:00:00,2024-12-31 00:00:00,2022-01-01 00:00:00,0.546,0.684,0.52,0.586,0.766,0.757,39,2560,18,36
2025-11-20 07:35:56,Italy_level_3_final,Ensemble (mean weight) top 8 model_TH_0.5_equal_weights,Month+4,0.5,2005-01-01 00:00:00,2024-12-31 00:00:00,2022-01-01 00:00:00,0.463,0.589,0.44,0.497,0.715,0.716,33,2555,23,42
2025-11-20 07:35:56,Italy_level_3_final,Ensemble (mean weight) top 8 model_TH_0.5_equal_weights,Month+5,0.5,2005-01-01 00:00:00,2024-12-31 00:00:00,2022-01-01 00:00:00,0.405,0.537,0.382,0.439,0.673,0.686,29,2552,25,47
2025-11-20 07:35:56,Italy_level_3_final,Ensemble (mean weight) top 8 model_TH_0.5_equal_weights,Month+6,0.5,2005-01-01 00:00:00,2024-12-31 00:00:00,2022-01-01 00:00:00,0.375,0.51,0.351,0.41,0.657,0.671,26,2554,25,48
2025-11-20 08:30:06,Italy_level_3_final,Ensemble (mean weight) top 3 models_TH_auto_equal_weight,Month+1,0.44,2005-01-01 00:00:00,2024-12-31 00:00:00,2022-01-01 00:00:00,0.906,0.881,0.912,0.894,0.992,0.955,52,2589,7,5
2025-11-20 08:30:06,Italy_level_3_final,Ensemble (mean weight) top 3 models_TH_auto_equal_weight,Month+2,0.38,2005-01-01 00:00:00,2024-12-31 00:00:00,2022-01-01 00:00:00,0.773,0.763,0.776,0.764,0.941,0.885,45,2581,14,13
2025-11-20 08:30:06,Italy_level_3_final,Ensemble (mean weight) top 3 models_TH_auto_equal_weight,Month+3,0.28,2005-01-01 00:00:00,2024-12-31 00:00:00,2022-01-01 00:00:00,0.543,0.661,0.52,0.576,0.789,0.756,39,2558,20,36
2025-11-20 08:30:06,Italy_level_3_final,Ensemble (mean weight) top 3 models_TH_auto_equal_weight,Month+4,0.26,2005-01-01 00:00:00,2024-12-31 00:00:00,2022-01-01 00:00:00,0.463,0.589,0.44,0.497,0.725,0.716,33,2555,23,42
2025-11-20 08:30:06,Italy_level_3_final,Ensemble (mean weight) top 3 models_TH_auto_equal_weight,Month+5,0.26,2005-01-01 00:00:00,2024-12-31 00:00:00,2022-01-01 00:00:00,0.406,0.547,0.382,0.444,0.674,0.686,29,2553,24,47
2025-11-20 08:30:06,Italy_level_3_final,Ensemble (mean weight) top 3 models_TH_auto_equal_weight,Month+6,0.18,2005-01-01 00:00:00,2024-12-31 00:00:00,2022-01-01 00:00:00,0.384,0.482,0.365,0.405,0.651,0.677,27,2550,29,47
2025-11-20 09:32:33,Italy_level_3_final,Ensemble (mean weight) top 4 models_TH_auto_equal_weight,Month+1,0.53,2005-01-01 00:00:00,2024-12-31 00:00:00,2022-01-01 00:00:00,0.906,0.881,0.912,0.894,0.991,0.955,52,2589,7,5
2025-11-20 09:32:33,Italy_level_3_final,Ensemble (mean weight) top 4 models_TH_auto_equal_weight,Month+2,0.48,2005-01-01 00:00:00,2024-12-31 00:00:00,2022-01-01 00:00:00,0.773,0.763,0.776,0.764,0.946,0.885,45,2581,14,13
2025-11-20 09:32:33,Italy_level_3_final,Ensemble (mean weight) top 4 models_TH_auto_equal_weight,Month+3,0.33,2005-01-01 00:00:00,2024-12-31 00:00:00,2022-01-01 00:00:00,0.545,0.672,0.52,0.581,0.802,0.756,39,2559,19,36
2025-11-20 09:32:33,Italy_level_3_final,Ensemble (mean weight) top 4 models_TH_auto_equal_weight,Month+4,0.36,2005-01-01 00:00:00,2024-12-31 00:00:00,2022-01-01 00:00:00,0.463,0.589,0.44,0.497,0.74,0.716,33,2555,23,42
2025-11-20 09:32:33,Italy_level_3_final,Ensemble (mean weight) top 4 models_TH_auto_equal_weight,Month+5,0.27,2005-01-01 00:00:00,2024-12-31 00:00:00,2022-01-01 00:00:00,0.405,0.537,0.382,0.439,0.691,0.686,29,2552,25,47
2025-11-20 09:32:33,Italy_level_3_final,Ensemble (mean weight) top 4 models_TH_auto_equal_weight,Month+6,0.23,2005-01-01 00:00:00,2024-12-31 00:00:00,2022-01-01 00:00:00,0.387,0.509,0.365,0.418,0.662,0.677,27,2553,26,47
2025-11-20 10:35:36,Italy_level_3_final,Ensemble (mean weight) top 5 models_TH_auto_equal_weight,Month+1,0.54,2005-01-01 00:00:00,2024-12-31 00:00:00,2022-01-01 00:00:00,0.88,0.893,0.877,0.882,0.991,0.937,50,2590,6,7
2025-11-20 10:35:36,Italy_level_3_final,Ensemble (mean weight) top 5 models_TH_auto_equal_weight,Month+2,0.43,2005-01-01 00:00:00,2024-12-31 00:00:00,2022-01-01 00:00:00,0.764,0.786,0.759,0.767,0.944,0.877,44,2583,12,14
2025-11-20 10:35:36,Italy_level_3_final,Ensemble (mean weight) top 5 models_TH_auto_equal_weight,Month+3,0.35,2005-01-01 00:00:00,2024-12-31 00:00:00,2022-01-01 00:00:00,0.545,0.672,0.52,0.581,0.8,0.756,39,2559,19,36
2025-11-20 10:35:36,Italy_level_3_final,Ensemble (mean weight) top 5 models_TH_auto_equal_weight,Month+4,0.33,2005-01-01 00:00:00,2024-12-31 00:00:00,2022-01-01 00:00:00,0.463,0.589,0.44,0.497,0.733,0.716,33,2555,23,42
2025-11-20 10:35:36,Italy_level_3_final,Ensemble (mean weight) top 5 models_TH_auto_equal_weight,Month+5,0.29,2005-01-01 00:00:00,2024-12-31 00:00:00,2022-01-01 00:00:00,0.401,0.5,0.382,0.422,0.69,0.685,29,2548,29,47
2025-11-20 10:35:36,Italy_level_3_final,Ensemble (mean weight) top 5 models_TH_auto_equal_weight,Month+6,0.24,2005-01-01 00:00:00,2024-12-31 00:00:00,2022-01-01 00:00:00,0.381,0.466,0.365,0.397,0.658,0.676,27,2548,31,47
2025-11-20 11:38:48,Italy_level_3_final,Ensemble (mean weight) top 6 models_TH_auto_equal_weight,Month+1,0.55,2005-01-01 00:00:00,2024-12-31 00:00:00,2022-01-01 00:00:00,0.88,0.893,0.877,0.882,0.989,0.937,50,2590,6,7
2025-11-20 11:38:48,Italy_level_3_final,Ensemble (mean weight) top 6 models_TH_auto_equal_weight,Month+2,0.5,2005-01-01 00:00:00,2024-12-31 00:00:00,2022-01-01 00:00:00,0.767,0.8,0.759,0.774,0.928,0.877,44,2584,11,14
2025-11-20 11:38:48,Italy_level_3_final,Ensemble (mean weight) top 6 models_TH_auto_equal_weight,Month+3,0.36,2005-01-01 00:00:00,2024-12-31 00:00:00,2022-01-01 00:00:00,0.537,0.704,0.507,0.587,0.785,0.75,38,2562,16,37
2025-11-20 11:38:48,Italy_level_3_final,Ensemble (mean weight) top 6 models_TH_auto_equal_weight,Month+4,0.35,2005-01-01 00:00:00,2024-12-31 00:00:00,2022-01-01 00:00:00,0.466,0.611,0.44,0.507,0.706,0.716,33,2557,21,42
2025-11-20 11:38:48,Italy_level_3_final,Ensemble (mean weight) top 6 models_TH_auto_equal_weight,Month+5,0.27,2005-01-01 00:00:00,2024-12-31 00:00:00,2022-01-01 00:00:00,0.405,0.537,0.382,0.439,0.659,0.686,29,2552,25,47
2025-11-20 11:38:48,Italy_level_3_final,Ensemble (mean weight) top 6 models_TH_auto_equal_weight,Month+6,0.23,2005-01-01 00:00:00,2024-12-31 00:00:00,2022-01-01 00:00:00,0.369,0.464,0.351,0.389,0.629,0.67,26,2549,30,48
2025-11-20 13:05:20,Italy_level_3_final,Ensemble (mean weight) top 7 models_TH_auto_equal_weight,Month+1,0.62,2005-01-01 00:00:00,2024-12-31 00:00:00,2022-01-01 00:00:00,0.88,0.893,0.877,0.882,0.985,0.937,50,2590,6,7
2025-11-20 13:05:20,Italy_level_3_final,Ensemble (mean weight) top 7 models_TH_auto_equal_weight,Month+2,0.55,2005-01-01 00:00:00,2024-12-31 00:00:00,2022-01-01 00:00:00,0.767,0.8,0.759,0.774,0.923,0.877,44,2584,11,14
2025-11-20 13:05:20,Italy_level_3_final,Ensemble (mean weight) top 7 models_TH_auto_equal_weight,Month+3,0.46,2005-01-01 00:00:00,2024-12-31 00:00:00,2022-01-01 00:00:00,0.534,0.679,0.507,0.576,0.776,0.75,38,2560,18,37
2025-11-20 13:05:20,Italy_level_3_final,Ensemble (mean weight) top 7 models_TH_auto_equal_weight,Month+4,0.39,2005-01-01 00:00:00,2024-12-31 00:00:00,2022-01-01 00:00:00,0.463,0.589,0.44,0.497,0.692,0.716,33,2555,23,42
2025-11-20 13:05:20,Italy_level_3_final,Ensemble (mean weight) top 7 models_TH_auto_equal_weight,Month+5,0.3,2005-01-01 00:00:00,2024-12-31 00:00:00,2022-01-01 00:00:00,0.402,0.509,0.382,0.426,0.646,0.685,29,2549,28,47
2025-11-20 13:05:20,Italy_level_3_final,Ensemble (mean weight) top 7 models_TH_auto_equal_weight,Month+6,0.28,2005-01-01 00:00:00,2024-12-31 00:00:00,2022-01-01 00:00:00,0.368,0.456,0.351,0.385,0.617,0.67,26,2548,31,48
2025-11-20 14:32:12,Italy_level_3_final,Ensemble (mean weight) top 8 models_TH_auto_equal_weight,Month+1,0.59,2005-01-01 00:00:00,2024-12-31 00:00:00,2022-01-01 00:00:00,0.88,0.893,0.877,0.882,0.989,0.937,50,2590,6,7
2025-11-20 14:32:12,Italy_level_3_final,Ensemble (mean weight) top 8 models_TH_auto_equal_weight,Month+2,0.57,2005-01-01 00:00:00,2024-12-31 00:00:00,2022-01-01 00:00:00,0.767,0.8,0.759,0.774,0.929,0.877,44,2584,11,14
2025-11-20 14:32:12,Italy_level_3_final,Ensemble (mean weight) top 8 models_TH_auto_equal_weight,Month+3,0.51,2005-01-01 00:00:00,2024-12-31 00:00:00,2022-01-01 00:00:00,0.535,0.691,0.507,0.582,0.776,0.75,38,2561,17,37
2025-11-20 14:32:12,Italy_level_3_final,Ensemble (mean weight) top 8 models_TH_auto_equal_weight,Month+4,0.37,2005-01-01 00:00:00,2024-12-31 00:00:00,2022-01-01 00:00:00,0.463,0.589,0.44,0.497,0.695,0.716,33,2555,23,42
2025-11-20 14:32:12,Italy_level_3_final,Ensemble (mean weight) top 8 models_TH_auto_equal_weight,Month+5,0.3,2005-01-01 00:00:00,2024-12-31 00:00:00,2022-01-01 00:00:00,0.402,0.509,0.382,0.426,0.65,0.685,29,2549,28,47
2025-11-20 14:32:12,Italy_level_3_final,Ensemble (mean weight) top 8 models_TH_auto_equal_weight,Month+6,0.25,2005-01-01 00:00:00,2024-12-31 00:00:00,2022-01-01 00:00:00,0.366,0.441,0.351,0.378,0.622,0.669,26,2546,33,48
2025-11-20 15:29:23,Italy_level_3_final,Ensemble (mean weight) top 3 models_TH_0.5_not_equal_weight,Month+1,0.5,2005-01-01 00:00:00,2024-12-31 00:00:00,2022-01-01 00:00:00,0.906,0.881,0.912,0.894,0.993,0.955,52,2589,7,5
2025-11-20 15:29:23,Italy_level_3_final,Ensemble (mean weight) top 3 models_TH_0.5_not_equal_weight,Month+2,0.5,2005-01-01 00:00:00,2024-12-31 00:00:00,2022-01-01 00:00:00,0.773,0.763,0.776,0.764,0.946,0.885,45,2581,14,13
2025-11-20 15:29:23,Italy_level_3_final,Ensemble (mean weight) top 3 models_TH_0.5_not_equal_weight,Month+3,0.5,2005-01-01 00:00:00,2024-12-31 00:00:00,2022-01-01 00:00:00,0.545,0.672,0.52,0.581,0.777,0.756,39,2559,19,36
2025-11-20 15:29:23,Italy_level_3_final,Ensemble (mean weight) top 3 models_TH_0.5_not_equal_weight,Month+4,0.5,2005-01-01 00:00:00,2024-12-31 00:00:00,2022-01-01 00:00:00,0.463,0.589,0.44,0.497,0.742,0.716,33,2555,23,42
2025-11-20 15:29:23,Italy_level_3_final,Ensemble (mean weight) top 3 models_TH_0.5_not_equal_weight,Month+5,0.5,2005-01-01 00:00:00,2024-12-31 00:00:00,2022-01-01 00:00:00,0.406,0.547,0.382,0.444,0.695,0.686,29,2553,24,47
2025-11-20 15:29:23,Italy_level_3_final,Ensemble (mean weight) top 3 models_TH_0.5_not_equal_weight,Month+6,0.5,2005-01-01 00:00:00,2024-12-31 00:00:00,2022-01-01 00:00:00,0.38,0.458,0.365,0.394,0.621,0.676,27,2547,32,47
2025-11-20 16:25:30,Italy_level_3_final,Ensemble (mean weight) top 4 models_TH_0.5_not_equal_weight,Month+1,0.5,2005-01-01 00:00:00,2024-12-31 00:00:00,2022-01-01 00:00:00,0.906,0.881,0.912,0.894,0.992,0.955,52,2589,7,5
2025-11-20 16:25:30,Italy_level_3_final,Ensemble (mean weight) top 4 models_TH_0.5_not_equal_weight,Month+2,0.5,2005-01-01 00:00:00,2024-12-31 00:00:00,2022-01-01 00:00:00,0.773,0.763,0.776,0.764,0.943,0.885,45,2581,14,13
2025-11-20 16:25:30,Italy_level_3_final,Ensemble (mean weight) top 4 models_TH_0.5_not_equal_weight,Month+3,0.5,2005-01-01 00:00:00,2024-12-31 00:00:00,2022-01-01 00:00:00,0.545,0.672,0.52,0.581,0.804,0.756,39,2559,19,36
2025-11-20 16:25:30,Italy_level_3_final,Ensemble (mean weight) top 4 models_TH_0.5_not_equal_weight,Month+4,0.5,2005-01-01 00:00:00,2024-12-31 00:00:00,2022-01-01 00:00:00,0.462,0.579,0.44,0.492,0.705,0.715,33,2554,24,42
2025-11-20 16:25:30,Italy_level_3_final,Ensemble (mean weight) top 4 models_TH_0.5_not_equal_weight,Month+5,0.5,2005-01-01 00:00:00,2024-12-31 00:00:00,2022-01-01 00:00:00,0.403,0.518,0.382,0.431,0.656,0.686,29,2550,27,47
2025-11-20 16:25:30,Italy_level_3_final,Ensemble (mean weight) top 4 models_TH_0.5_not_equal_weight,Month+6,0.5,2005-01-01 00:00:00,2024-12-31 00:00:00,2022-01-01 00:00:00,0.368,0.456,0.351,0.385,0.637,0.67,26,2548,31,48
2025-11-20 17:22:08,Italy_level_3_final,Ensemble (mean weight) top 5 models_TH_0.5_not_equal_weight,Month+1,0.5,2005-01-01 00:00:00,2024-12-31 00:00:00,2022-01-01 00:00:00,0.909,0.897,0.912,0.902,0.991,0.955,52,2590,6,5
2025-11-20 17:22:08,Italy_level_3_final,Ensemble (mean weight) top 5 models_TH_0.5_not_equal_weight,Month+2,0.5,2005-01-01 00:00:00,2024-12-31 00:00:00,2022-01-01 00:00:00,0.776,0.776,0.776,0.771,0.941,0.885,45,2582,13,13
2025-11-20 17:22:08,Italy_level_3_final,Ensemble (mean weight) top 5 models_TH_0.5_not_equal_weight,Month+3,0.5,2005-01-01 00:00:00,2024-12-31 00:00:00,2022-01-01 00:00:00,0.546,0.684,0.52,0.586,0.765,0.757,39,2560,18,36
2025-11-20 17:22:08,Italy_level_3_final,Ensemble (mean weight) top 5 models_TH_0.5_not_equal_weight,Month+4,0.5,2005-01-01 00:00:00,2024-12-31 00:00:00,2022-01-01 00:00:00,0.463,0.589,0.44,0.497,0.714,0.716,33,2555,23,42
2025-11-20 17:22:08,Italy_level_3_final,Ensemble (mean weight) top 5 models_TH_0.5_not_equal_weight,Month+5,0.5,2005-01-01 00:00:00,2024-12-31 00:00:00,2022-01-01 00:00:00,0.404,0.527,0.382,0.435,0.663,0.686,29,2551,26,47
2025-11-20 17:22:08,Italy_level_3_final,Ensemble (mean weight) top 5 models_TH_0.5_not_equal_weight,Month+6,0.5,2005-01-01 00:00:00,2024-12-31 00:00:00,2022-01-01 00:00:00,0.376,0.52,0.351,0.414,0.668,0.671,26,2555,24,48
2025-11-20 18:19:57,Italy_level_3_final,Ensemble (mean weight) top 6 models_TH_0.5_not_equal_weight,Month+1,0.5,2005-01-01 00:00:00,2024-12-31 00:00:00,2022-01-01 00:00:00,0.906,0.881,0.912,0.894,0.994,0.955,52,2589,7,5
2025-11-20 18:19:57,Italy_level_3_final,Ensemble (mean weight) top 6 models_TH_0.5_not_equal_weight,Month+2,0.5,2005-01-01 00:00:00,2024-12-31 00:00:00,2022-01-01 00:00:00,0.776,0.776,0.776,0.771,0.942,0.885,45,2582,13,13
2025-11-20 18:19:57,Italy_level_3_final,Ensemble (mean weight) top 6 models_TH_0.5_not_equal_weight,Month+3,0.5,2005-01-01 00:00:00,2024-12-31 00:00:00,2022-01-01 00:00:00,0.546,0.684,0.52,0.586,0.765,0.757,39,2560,18,36
2025-11-20 18:19:57,Italy_level_3_final,Ensemble (mean weight) top 6 models_TH_0.5_not_equal_weight,Month+4,0.5,2005-01-01 00:00:00,2024-12-31 00:00:00,2022-01-01 00:00:00,0.463,0.589,0.44,0.497,0.717,0.716,33,2555,23,42
2025-11-20 18:19:57,Italy_level_3_final,Ensemble (mean weight) top 6 models_TH_0.5_not_equal_weight,Month+5,0.5,2005-01-01 00:00:00,2024-12-31 00:00:00,2022-01-01 00:00:00,0.406,0.547,0.382,0.444,0.677,0.686,29,2553,24,47
2025-11-20 18:19:57,Italy_level_3_final,Ensemble (mean weight) top 6 models_TH_0.5_not_equal_weight,Month+6,0.5,2005-01-01 00:00:00,2024-12-31 00:00:00,2022-01-01 00:00:00,0.376,0.52,0.351,0.414,0.661,0.671,26,2555,24,48
2025-11-20 19:19:01,Italy_level_3_final,Ensemble (mean weight) top 7 models_TH_0.5_not_equal_weight,Month+1,0.5,2005-01-01 00:00:00,2024-12-31 00:00:00,2022-01-01 00:00:00,0.909,0.897,0.912,0.902,0.992,0.955,52,2590,6,5
2025-11-20 19:19:01,Italy_level_3_final,Ensemble (mean weight) top 7 models_TH_0.5_not_equal_weight,Month+2,0.5,2005-01-01 00:00:00,2024-12-31 00:00:00,2022-01-01 00:00:00,0.776,0.776,0.776,0.771,0.942,0.885,45,2582,13,13
2025-11-20 19:19:01,Italy_level_3_final,Ensemble (mean weight) top 7 models_TH_0.5_not_equal_weight,Month+3,0.5,2005-01-01 00:00:00,2024-12-31 00:00:00,2022-01-01 00:00:00,0.546,0.684,0.52,0.586,0.769,0.757,39,2560,18,36
2025-11-20 19:19:01,Italy_level_3_final,Ensemble (mean weight) top 7 models_TH_0.5_not_equal_weight,Month+4,0.5,2005-01-01 00:00:00,2024-12-31 00:00:00,2022-01-01 00:00:00,0.463,0.589,0.44,0.497,0.717,0.716,33,2555,23,42
2025-11-20 19:19:01,Italy_level_3_final,Ensemble (mean weight) top 7 models_TH_0.5_not_equal_weight,Month+5,0.5,2005-01-01 00:00:00,2024-12-31 00:00:00,2022-01-01 00:00:00,0.405,0.537,0.382,0.439,0.674,0.686,29,2552,25,47
2025-11-20 19:19:01,Italy_level_3_final,Ensemble (mean weight) top 7 models_TH_0.5_not_equal_weight,Month+6,0.5,2005-01-01 00:00:00,2024-12-31 00:00:00,2022-01-01 00:00:00,0.376,0.52,0.351,0.414,0.669,0.671,26,2555,24,48
2025-11-20 20:16:43,Italy_level_3_final,Ensemble (mean weight) top 8 models_TH_0.5_not_equal_weight,Month+1,0.500,2005-01-01 00:00:00,2024-12-31 00:00:00,2022-01-01 00:00:00,0.906,0.881,0.912,0.894,0.993,0.955,52,2589,7,5
2025-11-20 20:16:43,Italy_level_3_final,Ensemble (mean weight) top 8 models_TH_0.5_not_equal_weight,Month+2,0.500,2005-01-01 00:00:00,2024-12-31 00:00:00,2022-01-01 00:00:00,0.776,0.776,0.776,0.771,0.937,0.885,45,2582,13,13
2025-11-20 20:16:43,Italy_level_3_final,Ensemble (mean weight) top 8 models_TH_0.5_not_equal_weight,Month+3,0.500,2005-01-01 00:00:00,2024-12-31 00:00:00,2022-01-01 00:00:00,0.546,0.684,0.520,0.586,0.768,0.757,39,2560,18,36
2025-11-20 20:16:43,Italy_level_3_final,Ensemble (mean weight) top 8 models_TH_0.5_not_equal_weight,Month+4,0.500,2005-01-01 00:00:00,2024-12-31 00:00:00,2022-01-01 00:00:00,0.463,0.589,0.440,0.497,0.707,0.716,33,2555,23,42
2025-11-20 20:16:43,Italy_level_3_final,Ensemble (mean weight) top 8 models_TH_0.5_not_equal_weight,Month+5,0.500,2005-01-01 00:00:00,2024-12-31 00:00:00,2022-01-01 00:00:00,0.406,0.547,0.382,0.444,0.671,0.686,29,2553,24,47
2025-11-20 20:16:43,Italy_level_3_final,Ensemble (mean weight) top 8 models_TH_0.5_not_equal_weight,Month+6,0.500,2005-01-01 00:00:00,2024-12-31 00:00:00,2022-01-01 00:00:00,0.376,0.520,0.351,0.414,0.657,0.671,26,2555,24,48
