time,area_name,lat,lon,rr,hu,qq,tg,tx,tn,fg,outbreak,cases
2000-01-01,east_macedonia_and_thrace,41.149883697612026,25.122073662858032,38.548386,75.83615,81.60355,-0.6661647,3.5650458,-4.728643,1.8170133,0,0.0
2000-02-01,east_macedonia_and_thrace,41.149883697612026,25.122073662858032,184.73105,74.515076,114.26444,4.1854553,8.252532,0.31817123,2.357218,0,0.0
2000-03-01,east_macedonia_and_thrace,41.149883697612026,25.122073662858032,116.23548,63.365086,171.23314,5.9502196,11.027428,0.92452043,2.3739455,0,0.0
2000-04-01,east_macedonia_and_thrace,41.149883697612026,25.122073662858032,205.25667,65.927574,189.83517,13.144276,17.630703,8.685361,2.4305735,0,0.0
2000-05-01,east_macedonia_and_thrace,41.149883697612026,25.122073662858032,76.98387,63.516903,278.2732,16.785688,21.932968,10.499538,2.1911435,0,0.0
2000-06-01,east_macedonia_and_thrace,41.149883697612026,25.122073662858032,46.226665,51.65581,280.40527,20.934464,26.415136,14.044179,2.3729208,0,0.0
2000-07-01,east_macedonia_and_thrace,41.149883697612026,25.122073662858032,0.0,46.219524,302.0872,24.42396,30.30464,17.008013,2.4274895,0,0.0
2000-08-01,east_macedonia_and_thrace,41.149883697612026,25.122073662858032,22.270967,47.893898,266.5397,23.480806,29.574804,16.638763,2.2755497,0,0.0
2000-09-01,east_macedonia_and_thrace,41.149883697612026,25.122073662858032,46.47,58.93941,196.5984,18.487778,24.314901,12.618493,2.1975758,0,0.0
2000-10-01,east_macedonia_and_thrace,41.149883697612026,25.122073662858032,133.58064,74.02,128.44604,13.108117,17.882399,8.709778,2.059886,0,0.0
2000-11-01,east_macedonia_and_thrace,41.149883697612026,25.122073662858032,81.253334,76.85927,85.484825,10.7309675,16.269323,6.022871,2.1017663,0,0.0
2000-12-01,east_macedonia_and_thrace,41.149883697612026,25.122073662858032,145.29678,78.2038,66.48297,5.5158954,9.842336,1.6560088,2.1769056,0,0.0
2001-01-01,east_macedonia_and_thrace,41.149883697612026,25.122073662858032,276.21613,84.09072,62.405342,4.55158,7.8132257,1.6927875,2.0142112,0,0.0
2001-02-01,east_macedonia_and_thrace,41.149883697612026,25.122073662858032,71.79286,73.42254,114.76823,5.2892385,9.664268,1.2857118,2.4964504,0,0.0
2001-03-01,east_macedonia_and_thrace,41.149883697612026,25.122073662858032,25.609676,71.52796,157.70612,10.5315075,15.241275,5.932672,2.6358614,0,0.0
2001-04-01,east_macedonia_and_thrace,41.149883697612026,25.122073662858032,185.44667,70.49441,199.93378,11.234745,15.754676,6.3285403,2.5274875,0,0.0
2001-05-01,east_macedonia_and_thrace,41.149883697612026,25.122073662858032,184.21613,68.63968,246.3989,16.219141,20.935173,10.624906,2.2738225,0,0.0
2001-06-01,east_macedonia_and_thrace,41.149883697612026,25.122073662858032,20.873333,56.655293,278.2439,20.513222,25.875814,13.756384,2.4089658,0,0.0
2001-07-01,east_macedonia_and_thrace,41.149883697612026,25.122073662858032,18.009678,54.890583,279.2051,24.710451,30.11143,18.275848,2.31124,0,0.0
2001-08-01,east_macedonia_and_thrace,41.149883697612026,25.122073662858032,22.719357,53.051758,256.9753,24.576237,30.333029,18.379303,2.2030723,0,0.0
2001-09-01,east_macedonia_and_thrace,41.149883697612026,25.122073662858032,107.183334,61.970184,220.96988,19.52463,25.017387,13.505036,2.3017392,0,0.0
2001-10-01,east_macedonia_and_thrace,41.149883697612026,25.122073662858032,1.4645162,65.58725,149.46896,15.005923,20.77906,9.500352,1.9394095,0,0.0
2001-11-01,east_macedonia_and_thrace,41.149883697612026,25.122073662858032,157.59,71.06514,85.597694,7.5039535,12.191745,3.3513815,2.4697642,0,0.0
2001-12-01,east_macedonia_and_thrace,41.149883697612026,25.122073662858032,349.82257,80.755226,55.10256,-0.67147493,2.581666,-3.878242,2.2733047,0,0.0
2002-01-01,east_macedonia_and_thrace,41.149883697612026,25.122073662858032,82.7871,78.12082,79.812675,1.8287296,6.036618,-1.851713,1.822993,0,0.0
2002-02-01,east_macedonia_and_thrace,41.149883697612026,25.122073662858032,50.375,68.85283,128.7458,7.1874056,12.9583025,1.9339927,2.4251773,0,0.0
2002-03-01,east_macedonia_and_thrace,41.149883697612026,25.122073662858032,404.18066,73.30773,151.77664,8.327844,13.008572,4.0658264,2.6442747,0,0.0
2002-04-01,east_macedonia_and_thrace,41.149883697612026,25.122073662858032,128.14667,74.34731,176.88689,10.43937,14.687771,6.0328093,2.2285419,0,0.0
2002-05-01,east_macedonia_and_thrace,41.149883697612026,25.122073662858032,53.793552,66.7286,263.75528,16.605526,21.92221,10.742682,2.4508975,0,0.0
2002-06-01,east_macedonia_and_thrace,41.149883697612026,25.122073662858032,60.996666,58.55384,261.50528,21.842566,27.206549,15.540952,2.3920884,0,0.0
2002-07-01,east_macedonia_and_thrace,41.149883697612026,25.122073662858032,251.11612,60.76516,270.25586,24.041447,29.407618,18.160082,2.1656113,0,0.0
2002-08-01,east_macedonia_and_thrace,41.149883697612026,25.122073662858032,89.70968,63.73588,237.2545,22.03393,27.009878,16.694788,2.27404,0,0.0
2002-09-01,east_macedonia_and_thrace,41.149883697612026,25.122073662858032,394.22,74.62681,179.3993,17.69489,22.596565,12.926366,1.8900723,0,0.0
2002-10-01,east_macedonia_and_thrace,41.149883697612026,25.122073662858032,357.37097,75.417656,131.28787,13.99775,18.757254,9.343083,2.0200374,0,0.0
2002-11-01,east_macedonia_and_thrace,41.149883697612026,25.122073662858032,361.73334,81.02933,85.27678,9.948735,14.604186,5.8733745,2.2238505,0,0.0
2002-12-01,east_macedonia_and_thrace,41.149883697612026,25.122073662858032,430.2226,83.96145,50.556393,3.044645,6.1743493,0.0714839,2.1688545,0,0.0
2003-01-01,east_macedonia_and_thrace,41.149883697612026,25.122073662858032,359.22583,83.82858,62.644047,4.726084,8.401822,1.2389277,2.1809237,0,0.0
2003-02-01,east_macedonia_and_thrace,41.149883697612026,25.122073662858032,211.4393,69.17145,103.78842,-0.45430297,3.5644658,-4.1239233,2.821783,0,0.0
2003-03-01,east_macedonia_and_thrace,41.149883697612026,25.122073662858032,14.3,64.41293,166.21669,4.296354,9.627176,-1.1775395,2.3415492,0,0.0
2003-04-01,east_macedonia_and_thrace,41.149883697612026,25.122073662858032,199.90666,68.158226,197.36667,8.903137,14.022236,3.658092,2.6044738,0,0.0
2003-05-01,east_macedonia_and_thrace,41.149883697612026,25.122073662858032,454.4258,67.5974,259.27075,18.337954,24.029074,12.248364,2.393996,0,0.0
2003-06-01,east_macedonia_and_thrace,41.149883697612026,25.122073662858032,36.859997,60.975464,280.4876,22.44967,27.965742,16.052427,2.1819682,0,0.0
2003-07-01,east_macedonia_and_thrace,41.149883697612026,25.122073662858032,72.37419,55.01638,290.20734,23.488995,28.858135,16.854025,2.1984046,0,0.0
2003-08-01,east_macedonia_and_thrace,41.149883697612026,25.122073662858032,10.993548,53.72141,264.93347,24.42083,30.361065,17.597713,2.163917,0,0.0
2003-09-01,east_macedonia_and_thrace,41.149883697612026,25.122073662858032,90.68,60.786747,193.9285,17.84265,23.398033,11.70907,2.2187235,0,0.0
2003-10-01,east_macedonia_and_thrace,41.149883697612026,25.122073662858032,282.2097,74.985146,120.899216,13.5914345,18.110783,8.975763,2.3311324,0,0.0
2003-11-01,east_macedonia_and_thrace,41.149883697612026,25.122073662858032,103.12667,79.40446,82.14919,9.214556,13.870432,5.149356,2.037188,0,0.0
2003-12-01,east_macedonia_and_thrace,41.149883697612026,25.122073662858032,515.8,82.31601,61.83649,3.9849277,7.778834,0.3644204,2.3305333,0,0.0
2004-01-01,east_macedonia_and_thrace,41.149883697612026,25.122073662858032,333.32904,80.30513,63.801777,1.7376685,5.5396748,-2.0795949,2.1982706,0,0.0
2004-02-01,east_macedonia_and_thrace,41.149883697612026,25.122073662858032,34.486206,68.18625,110.36076,4.030623,8.864775,-1.1335005,2.4537299,0,0.0
2004-03-01,east_macedonia_and_thrace,41.149883697612026,25.122073662858032,93.03226,68.576546,158.82513,7.534956,11.941632,2.9666495,2.518668,0,0.0
2004-04-01,east_macedonia_and_thrace,41.149883697612026,25.122073662858032,69.350006,67.9223,186.4508,11.460152,16.031515,6.4990273,2.5745034,0,0.0
2004-05-01,east_macedonia_and_thrace,41.149883697612026,25.122073662858032,172.39032,66.63835,255.28923,15.098558,19.998873,9.254499,2.501422,0,0.0
2004-06-01,east_macedonia_and_thrace,41.149883697612026,25.122073662858032,284.83002,71.32589,259.03357,20.349773,25.118824,14.766874,2.174728,0,0.0
2004-07-01,east_macedonia_and_thrace,41.149883697612026,25.122073662858032,75.85806,57.60078,284.30588,22.998613,28.21306,16.546219,2.2490146,0,0.0
2004-08-01,east_macedonia_and_thrace,41.149883697612026,25.122073662858032,124.92903,59.872757,254.66676,22.48486,27.951006,16.250555,2.2294536,0,0.0
2004-09-01,east_macedonia_and_thrace,41.149883697612026,25.122073662858032,68.25,63.34623,200.72343,19.298155,24.63078,13.540593,2.2479908,0,0.0
2004-10-01,east_macedonia_and_thrace,41.149883697612026,25.122073662858032,77.241936,77.19749,132.25116,15.264864,20.47015,10.411071,2.0714133,0,0.0
2004-11-01,east_macedonia_and_thrace,41.149883697612026,25.122073662858032,132.22667,72.48328,84.33747,9.017967,13.766225,4.358676,2.193136,0,0.0
2004-12-01,east_macedonia_and_thrace,41.149883697612026,25.122073662858032,523.51294,82.906006,61.09944,5.591014,9.3204775,2.057911,2.181751,0,0.0
2005-01-01,east_macedonia_and_thrace,41.149883697612026,25.122073662858032,218.33548,75.93929,74.810684,3.765337,7.722178,-0.061971046,2.0711367,0,0.0
2005-02-01,east_macedonia_and_thrace,41.149883697612026,25.122073662858032,493.05,80.75502,102.65813,2.7036526,6.5274878,-1.1549336,2.695994,0,0.0
2005-03-01,east_macedonia_and_thrace,41.149883697612026,25.122073662858032,138.1871,76.68952,167.67653,6.6446137,11.379083,2.0035372,2.356096,0,0.0
2005-04-01,east_macedonia_and_thrace,41.149883697612026,25.122073662858032,32.40667,62.029083,213.23128,11.434667,16.804323,6.114878,2.7756166,0,0.0
2005-05-01,east_macedonia_and_thrace,41.149883697612026,25.122073662858032,213.32904,67.415535,249.11057,16.864834,21.953876,11.967063,2.603579,0,0.0
2005-06-01,east_macedonia_and_thrace,41.149883697612026,25.122073662858032,67.043335,63.30272,269.92896,19.446331,24.840948,13.803097,2.316007,0,0.0
2005-07-01,east_macedonia_and_thrace,41.149883697612026,25.122073662858032,206.15808,66.6127,270.73105,22.79095,28.228996,17.400452,2.275418,0,0.0
2005-08-01,east_macedonia_and_thrace,41.149883697612026,25.122073662858032,95.27742,66.31405,251.66364,22.714338,28.14583,17.505077,2.3234365,0,0.0
2005-09-01,east_macedonia_and_thrace,41.149883697612026,25.122073662858032,134.12666,66.73331,183.79356,19.075245,24.514578,13.858027,2.0974422,0,0.0
2005-10-01,east_macedonia_and_thrace,41.149883697612026,25.122073662858032,146.75806,71.215034,134.29233,12.562315,17.74319,7.9940777,2.1448998,0,0.0
2005-11-01,east_macedonia_and_thrace,41.149883697612026,25.122073662858032,324.67667,73.95649,81.99356,7.2845745,11.79905,3.0419884,2.2001746,0,0.0
2005-12-01,east_macedonia_and_thrace,41.149883697612026,25.122073662858032,302.14838,80.44255,61.165962,4.8867135,8.57368,1.5123914,2.1645162,0,0.0
2006-01-01,east_macedonia_and_thrace,41.149883697612026,25.122073662858032,120.603226,69.40431,72.81602,0.55628693,4.6475816,-3.1010702,2.1742134,0,0.0
2006-02-01,east_macedonia_and_thrace,41.149883697612026,25.122073662858032,203.28929,77.06037,107.511086,2.692564,7.407475,-1.3630861,2.235695,0,0.0
2006-03-01,east_macedonia_and_thrace,41.149883697612026,25.122073662858032,413.57416,73.10179,151.72237,7.1479087,11.765568,2.7814617,2.5556395,0,0.0
2006-04-01,east_macedonia_and_thrace,41.149883697612026,25.122073662858032,96.56,68.45054,191.35448,11.940304,17.322992,7.320736,2.1784332,0,0.0
2006-05-01,east_macedonia_and_thrace,41.149883697612026,25.122073662858032,93.448395,64.788055,262.616,16.080072,21.979008,10.304565,2.5287886,0,0.0
2006-06-01,east_macedonia_and_thrace,41.149883697612026,25.122073662858032,234.47667,65.0117,273.9016,20.129728,25.95074,14.464635,2.276016,0,0.0
2006-07-01,east_macedonia_and_thrace,41.149883697612026,25.122073662858032,106.938705,56.574615,275.9553,22.796562,28.173328,16.556217,2.4835153,0,0.0
2006-08-01,east_macedonia_and_thrace,41.149883697612026,25.122073662858032,56.809677,53.75825,270.88788,24.69229,30.344154,17.766136,2.3945775,0,0.0
2006-09-01,east_macedonia_and_thrace,41.149883697612026,25.122073662858032,267.77332,62.38877,194.71288,18.990013,23.874365,13.589403,2.1439726,0,0.0
2006-10-01,east_macedonia_and_thrace,41.149883697612026,25.122073662858032,244.42905,73.04724,134.2316,14.344673,18.242468,10.552293,2.0800328,0,0.0
2006-11-01,east_macedonia_and_thrace,41.149883697612026,25.122073662858032,212.25334,73.06075,91.60436,7.909616,12.588479,3.4183195,2.0835805,0,0.0
2006-12-01,east_macedonia_and_thrace,41.149883697612026,25.122073662858032,113.37097,77.4687,67.642265,4.167163,8.467393,0.3465695,1.7896006,0,0.0
2007-01-01,east_macedonia_and_thrace,41.149883697612026,25.122073662858032,132.9613,68.25021,87.76285,6.08762,11.297592,1.561039,1.9949856,0,0.0
2007-02-01,east_macedonia_and_thrace,41.149883697612026,25.122073662858032,97.27501,74.37465,98.46872,5.273694,9.47235,1.570015,2.4921331,0,0.0
2007-03-01,east_macedonia_and_thrace,41.149883697612026,25.122073662858032,234.8742,65.383835,157.75084,7.747234,12.631666,3.102425,2.7065766,0,0.0
2007-04-01,east_macedonia_and_thrace,41.149883697612026,25.122073662858032,45.216667,61.106087,239.29909,11.268321,17.174385,4.9886456,2.0138478,0,0.0
2007-05-01,east_macedonia_and_thrace,41.149883697612026,25.122073662858032,514.329,66.18303,237.1902,17.570272,22.882513,12.297137,2.451016,0,0.0
2007-06-01,east_macedonia_and_thrace,41.149883697612026,25.122073662858032,169.41667,59.619816,284.00827,22.380285,28.176311,15.945816,2.128966,0,0.0
2007-07-01,east_macedonia_and_thrace,41.149883697612026,25.122073662858032,0.0,42.291454,310.46652,25.231697,31.928654,17.699213,2.345995,0,0.0
2007-08-01,east_macedonia_and_thrace,41.149883697612026,25.122073662858032,192.43872,54.593334,264.1119,24.076841,30.251501,17.191824,2.2922711,0,0.0
2007-09-01,east_macedonia_and_thrace,41.149883697612026,25.122073662858032,276.78,63.473606,201.12115,17.949654,23.696558,12.3308325,2.263753,0,0.0
2007-10-01,east_macedonia_and_thrace,41.149883697612026,25.122073662858032,309.8097,73.02794,124.60267,14.177904,19.18251,9.621337,1.8682749,0,0.0
2007-11-01,east_macedonia_and_thrace,41.149883697612026,25.122073662858032,501.39,75.54464,81.02759,7.553192,11.909133,3.5977745,2.292204,0,0.0
2007-12-01,east_macedonia_and_thrace,41.149883697612026,25.122073662858032,218.98709,79.66017,61.377747,3.0345004,6.7501864,-0.32858735,2.1645665,0,0.0
2008-01-01,east_macedonia_and_thrace,41.149883697612026,25.122073662858032,100.267746,81.419426,64.4396,1.9953547,6.053953,-1.6632147,1.7895986,0,0.0
2008-02-01,east_macedonia_and_thrace,41.149883697612026,25.122073662858032,5.096552,70.17119,119.98692,4.1599474,9.213175,-0.47648516,2.138881,0,0.0
2008-03-01,east_macedonia_and_thrace,41.149883697612026,25.122073662858032,71.71613,69.96623,159.2109,9.450981,14.288763,4.56834,2.7441278,0,0.0
2008-04-01,east_macedonia_and_thrace,41.149883697612026,25.122073662858032,296.91333,72.18282,195.06184,12.442102,16.85494,8.062349,2.304671,0,0.0
2008-05-01,east_macedonia_and_thrace,41.149883697612026,25.122073662858032,59.36774,64.70166,269.41577,16.45901,21.874619,10.0223,2.1573446,0,0.0
2008-06-01,east_macedonia_and_thrace,41.149883697612026,25.122073662858032,138.07666,66.96261,274.79034,21.430593,26.851023,15.316706,2.0288389,0,0.0
2008-07-01,east_macedonia_and_thrace,41.149883697612026,25.122073662858032,54.283867,57.541313,308.45117,23.252142,29.275858,16.76888,2.21641,0,0.0
2008-08-01,east_macedonia_and_thrace,41.149883697612026,25.122073662858032,23.719355,51.17448,282.2979,24.590654,30.932476,17.647457,2.1680207,0,0.0
2008-09-01,east_macedonia_and_thrace,41.149883697612026,25.122073662858032,199.17334,61.621033,187.20667,18.11087,23.495298,13.081434,2.0463831,0,0.0
2008-10-01,east_macedonia_and_thrace,41.149883697612026,25.122073662858032,37.587097,69.96479,145.30545,13.939046,19.645468,8.657884,1.9011629,0,0.0
2008-11-01,east_macedonia_and_thrace,41.149883697612026,25.122073662858032,74.49333,76.634995,81.40965,9.766373,14.096751,5.5105886,2.1355648,0,0.0
2008-12-01,east_macedonia_and_thrace,41.149883697612026,25.122073662858032,220.70645,75.57404,62.43114,5.546797,9.113184,2.1863694,2.1279879,0,0.0
2009-01-01,east_macedonia_and_thrace,41.149883697612026,25.122073662858032,493.69678,84.93521,64.63605,3.703021,7.444378,0.228485,1.9979634,0,0.0
2009-02-01,east_macedonia_and_thrace,41.149883697612026,25.122073662858032,161.97142,71.56762,105.27537,4.0609803,7.8935637,0.54622644,2.3705149,0,0.0
2009-03-01,east_macedonia_and_thrace,41.149883697612026,25.122073662858032,291.08386,72.22542,147.64362,6.3860846,10.854317,1.9504938,2.437632,0,0.0
2009-04-01,east_macedonia_and_thrace,41.149883697612026,25.122073662858032,90.34,74.729904,199.3101,11.360361,16.565247,5.937779,2.1541157,0,0.0
2009-05-01,east_macedonia_and_thrace,41.149883697612026,25.122073662858032,123.97098,68.46532,268.42383,17.30815,22.774502,11.29697,2.3397279,0,0.0
2009-06-01,east_macedonia_and_thrace,41.149883697612026,25.122073662858032,187.58667,63.5593,292.84735,21.011944,26.605694,14.682861,2.20912,0,0.0
2009-07-01,east_macedonia_and_thrace,41.149883697612026,25.122073662858032,141.9484,59.184124,289.54858,24.007236,29.669397,17.616457,2.249774,0,0.0
2009-08-01,east_macedonia_and_thrace,41.149883697612026,25.122073662858032,30.677422,57.36875,255.83871,23.467901,28.946236,17.299105,2.198569,0,0.0
2009-09-01,east_macedonia_and_thrace,41.149883697612026,25.122073662858032,177.31,67.43597,186.7292,18.582449,23.87107,13.320941,2.1613765,0,0.0
2009-10-01,east_macedonia_and_thrace,41.149883697612026,25.122073662858032,385.9355,77.81426,125.69367,14.43487,19.117899,9.582125,1.9653018,0,0.0
2009-11-01,east_macedonia_and_thrace,41.149883697612026,25.122073662858032,124.6,79.20628,90.3285,9.787946,15.1950245,4.8488965,2.2278275,0,0.0
2009-12-01,east_macedonia_and_thrace,41.149883697612026,25.122073662858032,549.63226,83.862175,51.8574,7.333913,10.470629,4.2085695,2.367092,0,0.0
2010-01-01,east_macedonia_and_thrace,41.149883697612026,25.122073662858032,194.99678,79.01811,62.093212,3.1713593,6.271519,-0.0036506916,2.0695937,0,0.0
2010-02-01,east_macedonia_and_thrace,41.149883697612026,25.122073662858032,626.8,80.284775,97.13941,5.440754,9.435483,1.4709998,2.5963314,0,0.0
2010-03-01,east_macedonia_and_thrace,41.149883697612026,25.122073662858032,218.98709,73.938934,144.79578,7.1654615,11.692233,2.7145715,2.3189862,0,0.0
2010-04-01,east_macedonia_and_thrace,41.149883697612026,25.122073662858032,87.05,73.29092,205.89586,12.119094,17.112339,6.959751,2.1921315,0,0.0
2010-05-01,east_macedonia_and_thrace,41.149883697612026,25.122073662858032,128.44516,71.61522,262.48834,17.390776,22.941269,11.523924,2.2997587,0,0.0
2010-06-01,east_macedonia_and_thrace,41.149883697612026,25.122073662858032,301.03998,73.072,244.42734,20.63599,25.724829,15.306698,2.0736213,0,0.0
2010-07-01,east_macedonia_and_thrace,41.149883697612026,25.122073662858032,374.4129,69.19869,265.33594,23.473745,28.690895,17.731739,2.1128879,0,0.0
2010-08-01,east_macedonia_and_thrace,41.149883697612026,25.122073662858032,1.9129033,59.831127,273.61224,25.860321,31.705927,19.859749,2.1834342,0,0.0
2010-09-01,east_macedonia_and_thrace,41.149883697612026,25.122073662858032,145.51666,79.96815,197.92322,19.560913,25.22798,13.962931,2.1428978,0,0.0
2010-10-01,east_macedonia_and_thrace,41.149883697612026,25.122073662858032,665.12256,83.89661,110.2367,11.899424,15.97042,7.9403405,2.0729141,0,0.0
2010-11-01,east_macedonia_and_thrace,41.149883697612026,25.122073662858032,93.49333,79.10063,93.16759,13.030643,17.82819,8.621496,2.2210636,0,0.0
2010-12-01,east_macedonia_and_thrace,41.149883697612026,25.122073662858032,231.62903,73.591064,65.55483,6.3741846,10.204213,2.7698267,2.0944853,0,0.0
2011-01-01,east_macedonia_and_thrace,41.149883697612026,25.122073662858032,197.49356,78.322655,75.50968,3.2805116,7.5997105,-0.2428788,1.5942242,0,0.0
2011-02-01,east_macedonia_and_thrace,41.149883697612026,25.122073662858032,83.71786,75.640114,100.1032,3.3421822,8.017061,-0.6942759,2.1553278,0,0.0
2011-03-01,east_macedonia_and_thrace,41.149883697612026,25.122073662858032,116.57742,69.648575,142.45561,6.505497,11.131697,1.913526,2.355477,0,0.0
2011-04-01,east_macedonia_and_thrace,41.149883697612026,25.122073662858032,164.04335,65.77791,213.15355,9.991708,14.803751,4.8704853,2.354746,0,0.0
2011-05-01,east_macedonia_and_thrace,41.149883697612026,25.122073662858032,196.95807,70.382935,219.52547,15.884194,21.086647,10.6293745,2.4929755,0,0.0
2011-06-01,east_macedonia_and_thrace,41.149883697612026,25.122073662858032,81.99667,67.3521,256.94595,20.774986,26.220747,14.863758,2.0774307,0,0.0
2011-07-01,east_macedonia_and_thrace,41.149883697612026,25.122073662858032,108.600006,63.180645,300.47342,24.709099,30.49847,17.851465,2.1159163,0,0.0
2011-08-01,east_macedonia_and_thrace,41.149883697612026,25.122073662858032,173.48065,59.378784,270.45163,23.746916,29.366749,17.035465,2.1766162,0,0.0
2011-09-01,east_macedonia_and_thrace,41.149883697612026,25.122073662858032,107.57667,61.38048,215.61449,21.332813,27.379192,14.83948,2.0550272,0,0.0
2011-10-01,east_macedonia_and_thrace,41.149883697612026,25.122073662858032,493.1129,69.11156,132.17531,11.64887,16.458408,6.961248,2.0852425,0,0.0
2011-11-01,east_macedonia_and_thrace,41.149883697612026,25.122073662858032,0.0,71.69561,88.69793,5.7872777,10.792085,0.79460454,2.0491767,0,0.0
2011-12-01,east_macedonia_and_thrace,41.149883697612026,25.122073662858032,262.34515,80.341194,67.58865,5.045733,9.414093,0.70551276,2.0472019,0,0.0
2012-01-01,east_macedonia_and_thrace,41.149883697612026,25.122073662858032,339.9839,78.045815,75.08343,0.77381086,4.72392,-3.3006895,1.9131906,0,0.0
2012-02-01,east_macedonia_and_thrace,41.149883697612026,25.122073662858032,400.63104,73.31733,106.658745,0.9896884,4.974704,-2.6625874,2.3757045,0,0.0
2012-03-01,east_macedonia_and_thrace,41.149883697612026,25.122073662858032,52.535484,65.269104,182.18465,7.1976085,12.427515,1.9519845,2.1623216,0,0.0
2012-04-01,east_macedonia_and_thrace,41.149883697612026,25.122073662858032,136.54668,66.117226,214.10645,13.051211,18.244837,7.703662,2.727694,0,0.0
2012-05-01,east_macedonia_and_thrace,41.149883697612026,25.122073662858032,666.3258,71.152084,229.95639,16.659117,21.86583,11.608789,2.2260587,0,0.0
2012-06-01,east_macedonia_and_thrace,41.149883697612026,25.122073662858032,35.693336,65.334496,323.23907,22.893408,28.68253,16.380913,2.1599977,0,0.0
2012-07-01,east_macedonia_and_thrace,41.149883697612026,25.122073662858032,5.564516,58.769745,305.5304,26.22523,32.593166,19.366608,2.3070967,0,0.0
2012-08-01,east_macedonia_and_thrace,41.149883697612026,25.122073662858032,48.65161,54.45542,283.17377,24.934767,31.33054,18.234865,2.1771715,0,0.0
2012-09-01,east_macedonia_and_thrace,41.149883697612026,25.122073662858032,46.263336,59.269142,215.36162,20.783094,26.769238,14.728883,2.225093,0,0.0
2012-10-01,east_macedonia_and_thrace,41.149883697612026,25.122073662858032,157.1742,69.05222,136.6347,17.233047,22.380516,11.8475,2.0081875,0,0.0
2012-11-01,east_macedonia_and_thrace,41.149883697612026,25.122073662858032,80.66667,79.70694,90.60414,11.169574,15.011052,7.3688006,2.138696,0,0.0
2012-12-01,east_macedonia_and_thrace,41.149883697612026,25.122073662858032,530.9645,78.82764,63.256737,4.071831,7.688736,0.6092325,2.026116,0,0.0
2013-01-01,east_macedonia_and_thrace,41.149883697612026,25.122073662858032,436.20645,80.117386,69.57486,4.3521314,8.14713,0.6249832,2.0385911,0,0.0
2013-02-01,east_macedonia_and_thrace,41.149883697612026,25.122073662858032,444.45358,78.727264,91.02438,5.682426,9.527404,2.361022,2.4521697,0,0.0
2013-03-01,east_macedonia_and_thrace,41.149883697612026,25.122073662858032,239.75807,74.5704,136.62735,8.357375,12.670322,4.248042,2.5480688,0,0.0
2013-04-01,east_macedonia_and_thrace,41.149883697612026,25.122073662858032,156.08,64.61106,233.8761,13.146331,18.358767,7.841612,2.335322,0,0.0
2013-05-01,east_macedonia_and_thrace,41.149883697612026,25.122073662858032,54.148384,62.97131,254.73082,19.021309,24.682533,13.120174,2.6293592,0,0.0
2013-06-01,east_macedonia_and_thrace,41.149883697612026,25.122073662858032,376.43665,70.78961,258.37195,20.959753,26.341288,15.395131,2.1146169,0,0.0
2013-07-01,east_macedonia_and_thrace,41.149883697612026,25.122073662858032,22.406452,65.01846,275.61914,23.64579,29.012875,17.519249,2.1422513,0,0.0
2013-08-01,east_macedonia_and_thrace,41.149883697612026,25.122073662858032,0.47419354,57.854218,268.7393,24.831894,30.74187,18.223875,2.285793,0,0.0
2013-09-01,east_macedonia_and_thrace,41.149883697612026,25.122073662858032,45.886665,64.17755,200.5223,19.667572,25.529678,13.310107,2.1175783,0,0.0
2013-10-01,east_macedonia_and_thrace,41.149883697612026,25.122073662858032,174.9484,69.77085,140.37463,13.496665,19.221657,7.856164,1.9685538,0,0.0
2013-11-01,east_macedonia_and_thrace,41.149883697612026,25.122073662858032,287.42667,78.28743,84.61494,10.594962,14.670373,6.780703,2.2768593,0,0.0
2013-12-01,east_macedonia_and_thrace,41.149883697612026,25.122073662858032,40.99355,75.62738,70.04116,3.886616,7.970449,-0.24359062,1.8604103,0,0.0
2014-01-01,east_macedonia_and_thrace,41.149883697612026,25.122073662858032,228.19678,85.16058,55.43159,6.1751328,9.998429,2.7264829,1.9247773,0,0.0
2014-02-01,east_macedonia_and_thrace,41.149883697612026,25.122073662858032,31.739286,76.70286,83.702705,7.709094,11.819811,3.852372,2.5020287,0,0.0
2014-03-01,east_macedonia_and_thrace,41.149883697612026,25.122073662858032,427.25162,64.903076,143.76485,9.428694,13.645683,4.9337215,2.341354,0,0.0
2014-04-01,east_macedonia_and_thrace,41.149883697612026,25.122073662858032,451.03668,70.063576,163.82552,12.334161,16.592625,8.06376,2.2486577,0,0.0
2014-05-01,east_macedonia_and_thrace,41.149883697612026,25.122073662858032,254.5742,70.13603,250.5266,16.39867,21.261696,11.253163,2.366583,0,0.0
2014-06-01,east_macedonia_and_thrace,41.149883697612026,25.122073662858032,304.06335,65.764725,240.52298,20.244062,25.227482,14.928102,2.0865262,0,0.0
2014-07-01,east_macedonia_and_thrace,41.149883697612026,25.122073662858032,198.42903,64.8382,230.53705,23.180136,28.272346,17.29602,2.0065436,0,0.0
2014-08-01,east_macedonia_and_thrace,41.149883697612026,25.122073662858032,174.55807,63.9722,242.42848,23.629704,29.30062,17.76645,2.0582092,1,1885.0
2014-09-01,east_macedonia_and_thrace,41.149883697612026,25.122073662858032,498.10333,71.62366,161.42459,18.459759,23.52399,13.530614,1.8811951,1,12471.0
2014-10-01,east_macedonia_and_thrace,41.149883697612026,25.122073662858032,431.5161,74.3725,106.15016,13.271546,17.91774,8.687899,2.0012596,1,18055.0
2014-11-01,east_macedonia_and_thrace,41.149883697612026,25.122073662858032,168.94333,82.50346,55.96345,8.925383,12.459934,5.6394687,1.9786621,1,19716.0
2014-12-01,east_macedonia_and_thrace,41.149883697612026,25.122073662858032,573.9291,80.38548,53.009792,6.09604,9.653859,2.8427343,1.9562232,0,0.0
2015-01-01,east_macedonia_and_thrace,41.149883697612026,25.122073662858032,330.09033,74.917984,64.53482,4.1429567,8.5418625,0.05667188,2.098049,0,0.0
2015-02-01,east_macedonia_and_thrace,41.149883697612026,25.122073662858032,468.95712,67.18168,99.81896,4.5961947,8.641537,0.5670985,2.7087755,0,0.0
2015-03-01,east_macedonia_and_thrace,41.149883697612026,25.122073662858032,661.9226,66.83331,131.91055,6.6001534,10.06674,3.194405,2.3422537,0,0.0
2015-04-01,east_macedonia_and_thrace,41.149883697612026,25.122073662858032,173.94334,63.912434,195.8639,10.76786,15.901539,5.2878804,2.4647596,0,0.0
2015-05-01,east_macedonia_and_thrace,41.149883697612026,25.122073662858032,180.30646,67.421585,232.06029,18.410376,23.562668,12.474239,2.4874084,0,0.0
2015-06-01,east_macedonia_and_thrace,41.149883697612026,25.122073662858032,291.16998,63.544903,260.71887,19.95441,25.18857,14.393627,2.0973809,0,0.0
2015-07-01,east_macedonia_and_thrace,41.149883697612026,25.122073662858032,27.88387,61.711754,291.39066,24.736921,30.472475,17.509815,2.101095,0,0.0
2015-08-01,east_macedonia_and_thrace,41.149883697612026,25.122073662858032,103.69032,61.638134,228.31479,24.567017,30.554468,17.946915,2.2554595,0,0.0
2015-09-01,east_macedonia_and_thrace,41.149883697612026,25.122073662858032,224.4,62.53738,193.07724,20.810291,26.375566,15.287987,2.0928571,0,0.0
2015-10-01,east_macedonia_and_thrace,41.149883697612026,25.122073662858032,376.0871,80.24966,110.092766,13.563717,17.800291,9.677493,1.8903643,0,0.0
2015-11-01,east_macedonia_and_thrace,41.149883697612026,25.122073662858032,276.95,73.69155,90.38438,11.409334,17.066456,6.4297075,2.0453084,0,0.0
2015-12-01,east_macedonia_and_thrace,41.149883697612026,25.122073662858032,0.0,80.00478,76.36195,4.988945,10.561301,0.41862062,1.5550032,0,0.0
2016-01-01,east_macedonia_and_thrace,41.149883697612026,25.122073662858032,391.8871,79.346115,79.28587,3.0422847,7.5516787,-1.2876908,1.9290147,0,0.0
2016-02-01,east_macedonia_and_thrace,41.149883697612026,25.122073662858032,284.09656,76.91435,94.21855,8.8985615,13.357169,4.4770107,2.6611753,0,0.0
2016-03-01,east_macedonia_and_thrace,41.149883697612026,25.122073662858032,318.99356,67.761116,153.25806,8.866386,13.37383,4.1699934,2.5090892,0,0.0
2016-04-01,east_macedonia_and_thrace,41.149883697612026,25.122073662858032,147.58334,62.88525,210.67262,14.531428,20.483189,8.5300665,2.3064353,0,0.0
2016-05-01,east_macedonia_and_thrace,41.149883697612026,25.122073662858032,249.0871,74.02881,208.59334,15.814248,21.005785,10.689241,2.4913385,0,0.0
2016-06-01,east_macedonia_and_thrace,41.149883697612026,25.122073662858032,154.61667,68.0587,244.20045,22.37052,28.008854,16.446156,2.1179569,0,0.0
2016-07-01,east_macedonia_and_thrace,41.149883697612026,25.122073662858032,11.741935,63.204674,267.3911,24.748926,30.497185,17.900347,2.2219288,0,0.0
2016-08-01,east_macedonia_and_thrace,41.149883697612026,25.122073662858032,14.232257,64.53032,237.14084,24.312946,30.513052,17.842373,2.3821836,0,0.0
2016-09-01,east_macedonia_and_thrace,41.149883697612026,25.122073662858032,26.946667,69.39314,176.52414,20.004436,25.744625,13.385887,2.2648208,0,0.0
2016-10-01,east_macedonia_and_thrace,41.149883697612026,25.122073662858032,146.46774,74.31227,115.766624,13.422053,18.869669,8.205403,1.797169,0,0.0
2016-11-01,east_macedonia_and_thrace,41.149883697612026,25.122073662858032,232.07333,77.5316,76.18782,8.639898,13.664702,3.8488483,2.194111,0,0.0
2016-12-01,east_macedonia_and_thrace,41.149883697612026,25.122073662858032,26.616129,73.1938,74.904335,1.5139245,6.903125,-3.5900867,1.6962848,0,0.0
2017-01-01,east_macedonia_and_thrace,41.149883697612026,25.122073662858032,363.82904,74.97725,74.43359,-0.7864071,3.095068,-4.530527,2.1978693,0,0.0
2017-02-01,east_macedonia_and_thrace,41.149883697612026,25.122073662858032,169.12857,75.443184,98.856155,5.448756,10.264479,0.63803697,2.4408088,0,0.0
2017-03-01,east_macedonia_and_thrace,41.149883697612026,25.122073662858032,244.54195,63.415337,154.26074,9.428779,14.42903,4.2783427,2.4432719,0,0.0
2017-04-01,east_macedonia_and_thrace,41.149883697612026,25.122073662858032,139.03,65.42581,217.6361,11.861386,17.43623,5.154876,2.4679115,0,0.0
2017-05-01,east_macedonia_and_thrace,41.149883697612026,25.122073662858032,170.04517,70.11593,223.4198,16.769653,22.142942,10.857195,2.4884155,0,0.0
2017-06-01,east_macedonia_and_thrace,41.149883697612026,25.122073662858032,180.85,65.3565,251.73564,21.978687,27.765564,15.468745,2.362993,0,0.0
2017-07-01,east_macedonia_and_thrace,41.149883697612026,25.122073662858032,181.46451,58.99025,250.36462,24.232264,29.946404,16.92655,2.424277,0,0.0
2017-08-01,east_macedonia_and_thrace,41.149883697612026,25.122073662858032,49.496773,54.823875,260.01422,24.81537,30.899515,17.33333,2.4965506,0,0.0
2017-09-01,east_macedonia_and_thrace,41.149883697612026,25.122073662858032,169.38667,61.59807,195.14275,20.17047,26.07362,13.1953335,2.3008049,0,0.0
2017-10-01,east_macedonia_and_thrace,41.149883697612026,25.122073662858032,338.14517,67.13749,141.41313,13.191603,19.16608,6.987417,1.8803182,0,0.0
2017-11-01,east_macedonia_and_thrace,41.149883697612026,25.122073662858032,299.83667,77.32103,74.68368,8.907758,13.335768,4.455494,2.0076008,0,0.0
2017-12-01,east_macedonia_and_thrace,41.149883697612026,25.122073662858032,270.94196,77.22227,70.01579,6.4891562,10.867326,1.7548742,2.3088324,0,0.0
2018-01-01,east_macedonia_and_thrace,41.149883697612026,25.122073662858032,116.34516,,48.143494,4.2451587,8.934594,0.06702781,1.8894578,0,0.0
2018-02-01,east_macedonia_and_thrace,41.149883697612026,25.122073662858032,465.19284,,53.852955,5.121899,8.552515,1.7402858,2.3803985,0,0.0
2018-03-01,east_macedonia_and_thrace,41.149883697612026,25.122073662858032,415.76776,,83.03871,8.87965,13.271432,4.470576,2.609774,0,0.0
2018-04-01,east_macedonia_and_thrace,41.149883697612026,25.122073662858032,13.570001,,119.513794,15.452951,21.410694,8.80931,2.3335419,0,0.0
2018-05-01,east_macedonia_and_thrace,41.149883697612026,25.122073662858032,148.98387,,149.58754,19.142744,24.13549,13.467428,2.3009653,0,0.0
2018-06-01,east_macedonia_and_thrace,41.149883697612026,25.122073662858032,589.7433,,131.9154,21.475607,26.684208,15.633085,2.024841,0,0.0
2018-07-01,east_macedonia_and_thrace,41.149883697612026,25.122073662858032,311.1226,,154.90367,23.692549,28.462137,18.045267,1.9859337,0,0.0
2018-08-01,east_macedonia_and_thrace,41.149883697612026,25.122073662858032,3.6999998,,133.48431,24.764498,30.11732,18.198597,2.2589424,0,0.0
2018-09-01,east_macedonia_and_thrace,41.149883697612026,25.122073662858032,105.23,,107.50322,20.046656,25.432673,13.756266,2.2054307,0,0.0
2018-10-01,east_macedonia_and_thrace,41.149883697612026,25.122073662858032,112.04193,,72.6703,14.815426,19.593288,9.688236,2.1363373,0,0.0
2018-11-01,east_macedonia_and_thrace,41.149883697612026,25.122073662858032,341.74,,55.406208,9.3134365,13.200292,5.6300507,2.169687,0,0.0
2018-12-01,east_macedonia_and_thrace,41.149883697612026,25.122073662858032,209.68387,,38.209568,3.9620445,7.686825,-0.27215797,1.7579547,0,0.0
2019-01-01,east_macedonia_and_thrace,41.149883697612026,25.122073662858032,542.82904,,55.806004,3.3444405,6.5822487,-0.26094097,1.9470134,0,0.0
2019-02-01,east_macedonia_and_thrace,41.149883697612026,25.122073662858032,140.8,,71.18325,5.0345488,9.53767,0.69155663,2.327998,0,0.0
2019-03-01,east_macedonia_and_thrace,41.149883697612026,25.122073662858032,37.106453,,110.609795,9.409706,14.882164,3.6384404,2.4499629,0,0.0
2019-04-01,east_macedonia_and_thrace,41.149883697612026,25.122073662858032,248.63,,137.94736,11.756314,16.212982,6.4530644,2.3922086,0,0.0
2019-05-01,east_macedonia_and_thrace,41.149883697612026,25.122073662858032,128.36452,,137.61935,16.805304,21.69552,10.753962,2.5384858,0,0.0
2019-06-01,east_macedonia_and_thrace,41.149883697612026,25.122073662858032,209.79999,,146.59818,23.025526,28.245104,16.949385,2.263805,0,0.0
2019-07-01,east_macedonia_and_thrace,41.149883697612026,25.122073662858032,195.2871,,161.80646,23.573208,28.956556,17.072275,2.1174612,0,0.0
2019-08-01,east_macedonia_and_thrace,41.149883697612026,25.122073662858032,136.41936,,141.75972,25.14391,30.8132,17.84266,2.251209,0,0.0
2019-09-01,east_macedonia_and_thrace,41.149883697612026,25.122073662858032,66.03667,,200.24966,20.546566,26.100464,14.093213,2.3774014,0,0.0
2019-10-01,east_macedonia_and_thrace,41.149883697612026,25.122073662858032,132.83548,,88.72814,16.063663,21.817276,10.133175,1.7933948,0,0.0
2019-11-01,east_macedonia_and_thrace,41.149883697612026,25.122073662858032,661.2767,,41.506668,12.60859,16.446823,8.929271,2.2280045,0,0.0
2019-12-01,east_macedonia_and_thrace,41.149883697612026,25.122073662858032,190.69354,,36.98354,6.494178,9.963223,2.7862537,2.0207722,0,0.0
2020-01-01,east_macedonia_and_thrace,41.149883697612026,25.122073662858032,26.470968,,72.103226,3.5956323,8.4146385,-1.2462113,1.6394558,0,0.0
2020-02-01,east_macedonia_and_thrace,41.149883697612026,25.122073662858032,227.47931,,122.35792,6.173693,11.248549,1.0142117,2.4492962,0,0.0
2020-03-01,east_macedonia_and_thrace,41.149883697612026,25.122073662858032,243.84517,,152.39778,8.882033,13.238321,4.0966806,2.335563,0,0.0
2020-04-01,east_macedonia_and_thrace,41.149883697612026,25.122073662858032,424.86002,,204.29105,11.170787,15.882979,5.195099,2.2134397,0,0.0
2020-05-01,east_macedonia_and_thrace,41.149883697612026,25.122073662858032,309.52258,,244.82707,16.910822,21.566364,10.83219,2.3021505,0,0.0
2020-06-01,east_macedonia_and_thrace,41.149883697612026,25.122073662858032,356.38336,,234.7262,20.214838,25.38807,14.679708,1.9460589,0,0.0
2020-07-01,east_macedonia_and_thrace,41.149883697612026,25.122073662858032,5.787097,,267.12897,24.63142,29.904284,17.808994,2.0637722,0,0.0
2020-08-01,east_macedonia_and_thrace,41.149883697612026,25.122073662858032,85.480644,,247.36874,24.743723,30.345615,18.012827,2.163048,0,0.0
2020-09-01,east_macedonia_and_thrace,41.149883697612026,25.122073662858032,60.170002,,165.54375,21.775936,27.393444,15.301254,2.2682154,1,31.0
2020-10-01,east_macedonia_and_thrace,41.149883697612026,25.122073662858032,233.43549,,119.028564,15.925933,21.73291,10.2544365,1.9459137,1,117.0
2020-11-01,east_macedonia_and_thrace,41.149883697612026,25.122073662858032,30.910002,,72.835,9.192336,13.942169,4.4383564,1.8173106,1,198.0
2020-12-01,east_macedonia_and_thrace,41.149883697612026,25.122073662858032,564.94196,,31.588709,7.797045,10.582828,4.8413887,2.0774324,1,240.0
2021-01-01,east_macedonia_and_thrace,41.149883697612026,25.122073662858032,593.458,74.00555,69.006,5.6256347,9.41042,1.5461624,1.918501,1,240.0
2021-02-01,east_macedonia_and_thrace,41.149883697612026,25.122073662858032,225.88214,71.17977,95.147835,6.284537,10.7972975,2.1349556,2.1826043,1,240.0
2021-03-01,east_macedonia_and_thrace,41.149883697612026,25.122073662858032,246.95807,62.652573,120.14736,6.005866,10.621094,1.5606096,2.114551,1,240.0
2021-04-01,east_macedonia_and_thrace,41.149883697612026,25.122073662858032,273.6667,63.36724,168.18001,10.66395,15.229283,5.1664047,2.1264944,1,240.0
2021-05-01,east_macedonia_and_thrace,41.149883697612026,25.122073662858032,163.12904,65.81627,210.57845,17.587692,22.65514,11.23123,2.373195,1,240.0
2021-06-01,east_macedonia_and_thrace,41.149883697612026,25.122073662858032,283.75336,64.34727,186.92622,20.716011,25.895891,15.239845,1.9047121,1,240.0
2021-07-01,east_macedonia_and_thrace,41.149883697612026,25.122073662858032,35.851612,55.02795,292.6905,25.778229,31.179445,18.929363,2.103048,1,240.0
2021-08-01,east_macedonia_and_thrace,41.149883697612026,25.122073662858032,56.393547,51.739326,309.2367,25.766666,31.545992,18.731813,2.0576782,1,240.0
2021-09-01,east_macedonia_and_thrace,41.149883697612026,25.122073662858032,91.28667,61.84791,210.97594,19.305946,24.66614,13.340356,2.0057232,1,240.0
2021-10-01,east_macedonia_and_thrace,41.149883697612026,25.122073662858032,539.6516,63.78513,92.21742,12.409853,16.329767,8.2868805,1.8178933,1,240.0
2021-11-01,east_macedonia_and_thrace,41.149883697612026,25.122073662858032,142.94333,69.01189,85.98175,10.271611,14.329378,5.9052663,1.991576,1,240.0
2021-12-01,east_macedonia_and_thrace,41.149883697612026,25.122073662858032,603.4355,76.98953,53.362404,6.2559977,9.782532,2.3364737,2.005747,1,240.0
2022-01-01,east_macedonia_and_thrace,41.149883697612026,25.122073662858032,151.74838,81.838066,65.31391,2.9457107,7.01488,-1.6515704,1.8057274,1,240.0
2022-02-01,east_macedonia_and_thrace,41.149883697612026,25.122073662858032,388.04285,78.59134,108.41294,5.804473,9.948293,0.922862,2.2038555,1,240.0
2022-03-01,east_macedonia_and_thrace,41.149883697612026,25.122073662858032,87.60645,66.89069,147.16573,4.8071346,8.766204,-0.3122025,2.2707195,1,240.0
2022-04-01,east_macedonia_and_thrace,41.149883697612026,25.122073662858032,208.17,77.237465,216.25058,12.695314,17.312342,6.4303975,2.3023355,1,240.0
2022-05-01,east_macedonia_and_thrace,41.149883697612026,25.122073662858032,88.4129,65.878975,223.77144,17.981691,23.144188,10.779396,1.9892869,1,240.0
2022-06-01,east_macedonia_and_thrace,41.149883697612026,25.122073662858032,291.46002,65.35847,231.89017,22.457851,27.404474,16.572603,1.9861315,1,240.0
2022-07-01,east_macedonia_and_thrace,41.149883697612026,25.122073662858032,101.66129,63.3467,274.4297,25.043184,30.145084,17.880829,2.0819988,1,240.0
2022-08-01,east_macedonia_and_thrace,41.149883697612026,25.122073662858032,298.21613,68.914406,223.52513,25.266268,30.522596,18.81247,2.1016457,1,240.0
2022-09-01,east_macedonia_and_thrace,41.149883697612026,25.122073662858032,44.21,74.97851,181.82547,19.810757,24.853298,13.542442,2.020449,1,240.0
2022-10-01,east_macedonia_and_thrace,41.149883697612026,25.122073662858032,20.912903,73.748535,141.53413,15.591053,20.856794,9.25806,1.6806736,1,240.0
2022-11-01,east_macedonia_and_thrace,41.149883697612026,25.122073662858032,199.14001,77.78136,77.94755,11.924693,16.04885,7.1413307,2.011848,1,240.0
2022-12-01,east_macedonia_and_thrace,41.149883697612026,25.122073662858032,194.38065,84.96519,60.484116,8.167041,11.87842,4.347833,1.5762936,1,240.0
2023-01-01,east_macedonia_and_thrace,41.149883697612026,25.122073662858032,350.34195,85.97232,51.20705,6.7596684,10.041355,3.315299,1.7187074,1,240.0
2023-02-01,east_macedonia_and_thrace,41.149883697612026,25.122073662858032,17.142857,80.827034,103.20451,5.4315147,10.24693,0.09592611,2.1246064,1,240.0
2023-03-01,east_macedonia_and_thrace,41.149883697612026,25.122073662858032,172.05162,78.78048,127.96088,9.176263,13.172733,4.1463447,2.215734,1,240.0
2023-04-01,east_macedonia_and_thrace,41.149883697612026,25.122073662858032,392.51334,78.502785,153.34311,11.1883955,15.2633505,6.5496826,2.1164691,1,240.0
2023-05-01,east_macedonia_and_thrace,41.149883697612026,25.122073662858032,260.3097,79.76358,165.98166,15.701997,19.979923,10.790627,2.208038,1,240.0
2023-06-01,east_macedonia_and_thrace,41.149883697612026,25.122073662858032,141.63,73.656876,233.15634,21.275997,26.11588,14.855594,1.7175646,1,240.0
2023-07-01,east_macedonia_and_thrace,41.149883697612026,25.122073662858032,101.21613,65.984344,245.49309,26.202747,31.533213,18.846354,1.8780227,1,240.0
2023-08-01,east_macedonia_and_thrace,41.149883697612026,25.122073662858032,0.074193545,72.43429,237.6127,25.901993,31.460802,18.989206,2.1305025,1,240.0
2023-09-01,east_macedonia_and_thrace,41.149883697612026,25.122073662858032,82.39667,73.57554,165.4928,21.94124,27.212626,16.035978,2.1183493,1,240.0
2023-10-01,east_macedonia_and_thrace,41.149883697612026,25.122073662858032,24.9,74.92371,168.07878,17.150055,22.636055,11.142541,1.9443339,1,240.0
2023-11-01,east_macedonia_and_thrace,41.149883697612026,25.122073662858032,389.72,85.207535,73.6841,11.855796,16.360573,6.9283032,2.1530883,1,240.0
2023-12-01,east_macedonia_and_thrace,41.149883697612026,25.122073662858032,273.05807,80.77705,61.153915,7.60309,12.119481,3.0326495,1.7805244,1,240.0
2024-01-01,east_macedonia_and_thrace,41.149883697612026,25.122073662858032,141.09677,76.31154,72.59307,5.025648,9.3127,0.6385539,1.8015646,1,240.0
2024-02-01,east_macedonia_and_thrace,41.149883697612026,25.122073662858032,104.71725,74.74683,98.608696,8.825612,13.60692,4.1309414,2.2511961,1,240.0
2024-03-01,east_macedonia_and_thrace,41.149883697612026,25.122073662858032,266.16776,76.77045,133.43834,9.921569,14.401832,5.637726,2.1825697,1,240.0
2024-04-01,east_macedonia_and_thrace,41.149883697612026,25.122073662858032,221.42,74.82066,212.86374,14.916874,20.875755,9.460348,2.2229702,1,240.0
2024-05-01,east_macedonia_and_thrace,41.149883697612026,25.122073662858032,214.50967,71.572685,217.0207,16.07967,21.084723,11.383114,2.1005266,1,240.0
2024-06-01,east_macedonia_and_thrace,41.149883697612026,25.122073662858032,21.34,66.66388,275.40698,24.404306,30.894999,18.212772,2.0474014,1,240.0
2024-07-01,east_macedonia_and_thrace,41.149883697612026,25.122073662858032,53.061287,,293.65366,26.45579,32.992393,20.132782,1.9618214,1,240.0
2024-08-01,east_macedonia_and_thrace,41.149883697612026,25.122073662858032,45.412903,58.09509,245.50319,25.481653,31.925627,19.230179,1.9374697,1,240.0
2024-09-01,east_macedonia_and_thrace,41.149883697612026,25.122073662858032,163.07,,184.60916,20.80363,26.56265,15.102271,1.9163947,1,240.0
2024-10-01,east_macedonia_and_thrace,41.149883697612026,25.122073662858032,11.525806,80.69891,154.7133,15.146339,21.316278,8.9363785,1.705056,1,377.0
2024-11-01,east_macedonia_and_thrace,41.149883697612026,25.122073662858032,273.27335,75.69353,96.30174,8.383694,13.400425,3.413825,1.7026213,1,1646.0
2024-12-01,east_macedonia_and_thrace,41.149883697612026,25.122073662858032,545.72253,,43.26417,6.696358,9.985382,3.5097287,1.8023788,1,1646.0
2000-01-01,central_macedonia,40.71884921895136,22.992252771230213,45.187096,74.63662,85.54053,-0.27243358,4.062183,-4.222681,1.7882099,0,0.0
2000-02-01,central_macedonia,40.71884921895136,22.992252771230213,250.70345,73.67925,117.5821,5.0348506,9.018751,1.002328,2.2063532,0,0.0
2000-03-01,central_macedonia,40.71884921895136,22.992252771230213,51.87742,62.924118,174.64601,7.305691,12.829492,1.4473242,2.4492695,0,0.0
2000-04-01,central_macedonia,40.71884921895136,22.992252771230213,125.396675,60.876747,193.71294,14.653515,19.7913,9.001399,2.531962,0,0.0
2000-05-01,central_macedonia,40.71884921895136,22.992252771230213,126.81935,56.408497,264.7498,19.18532,24.366941,12.499096,2.2648454,0,0.0
2000-06-01,central_macedonia,40.71884921895136,22.992252771230213,95.03333,46.430737,278.58688,23.141441,28.587738,15.92592,2.5125713,0,0.0
2000-07-01,central_macedonia,40.71884921895136,22.992252771230213,27.158066,41.814304,308.7267,26.13218,32.17474,18.312624,2.5310946,0,0.0
2000-08-01,central_macedonia,40.71884921895136,22.992252771230213,0.32258064,42.256283,268.61572,25.436934,31.474058,18.068249,2.1612184,0,0.0
2000-09-01,central_macedonia,40.71884921895136,22.992252771230213,72.229996,54.75701,194.57341,20.25843,26.19655,14.111037,2.1879845,0,0.0
2000-10-01,central_macedonia,40.71884921895136,22.992252771230213,238.80646,72.503525,117.76417,14.830903,19.329336,10.678241,2.163398,0,0.0
2000-11-01,central_macedonia,40.71884921895136,22.992252771230213,136.35333,76.780876,86.01036,12.297319,17.143785,7.851288,2.2623696,0,0.0
2000-12-01,central_macedonia,40.71884921895136,22.992252771230213,25.796776,77.7306,70.143906,6.3874044,10.624644,2.272004,2.1874444,0,0.0
2001-01-01,central_macedonia,40.71884921895136,22.992252771230213,235.12582,85.44383,62.87816,5.5997024,8.667225,2.6705766,2.1452634,0,0.0
2001-02-01,central_macedonia,40.71884921895136,22.992252771230213,79.453575,69.36983,116.82864,6.360091,11.029869,1.8438119,2.4507031,0,0.0
2001-03-01,central_macedonia,40.71884921895136,22.992252771230213,59.267742,61.61869,163.8011,12.598845,17.91751,7.3991756,2.7311985,0,0.0
2001-04-01,central_macedonia,40.71884921895136,22.992252771230213,368.65335,65.39953,195.97183,12.5312395,17.360188,7.070134,2.5208306,0,0.0
2001-05-01,central_macedonia,40.71884921895136,22.992252771230213,317.4452,62.01231,231.01154,17.913572,22.802248,12.498221,2.41115,0,0.0
2001-06-01,central_macedonia,40.71884921895136,22.992252771230213,79.58667,45.753384,284.8798,22.507456,28.020975,15.769702,2.5713608,0,0.0
2001-07-01,central_macedonia,40.71884921895136,22.992252771230213,92.20969,48.22672,270.79407,26.119856,31.301773,19.602446,2.5324852,0,0.0
2001-08-01,central_macedonia,40.71884921895136,22.992252771230213,134.14194,51.344666,244.2335,25.694244,31.278284,19.856169,2.1448905,0,0.0
2001-09-01,central_macedonia,40.71884921895136,22.992252771230213,45.986664,54.001427,223.55182,20.978325,26.74569,14.937411,2.5046008,0,0.0
2001-10-01,central_macedonia,40.71884921895136,22.992252771230213,9.606452,59.045067,152.42186,16.687626,22.468441,11.159316,2.041043,0,0.0
2001-11-01,central_macedonia,40.71884921895136,22.992252771230213,102.97,66.74057,83.33852,8.302198,12.602229,3.9977407,2.5796232,0,0.0
2001-12-01,central_macedonia,40.71884921895136,22.992252771230213,339.6,80.939545,55.470833,-0.7934396,2.0016747,-3.8451226,2.659731,0,0.0
2002-01-01,central_macedonia,40.71884921895136,22.992252771230213,87.961296,79.261665,82.81414,2.1059535,6.2099686,-1.9748088,2.2905934,0,0.0
2002-02-01,central_macedonia,40.71884921895136,22.992252771230213,31.957144,65.3829,131.22261,8.241574,13.886742,2.7279866,2.4634159,0,0.0
2002-03-01,central_macedonia,40.71884921895136,22.992252771230213,438.43872,65.59487,150.09795,9.809848,14.455672,5.676012,2.686607,0,0.0
2002-04-01,central_macedonia,40.71884921895136,22.992252771230213,320.28003,69.607475,184.39896,11.774538,16.001087,7.1437798,2.3430932,0,0.0
2002-05-01,central_macedonia,40.71884921895136,22.992252771230213,170.59999,64.79803,243.21962,17.769793,22.479122,12.011541,2.6044192,0,0.0
2002-06-01,central_macedonia,40.71884921895136,22.992252771230213,42.903336,50.988293,269.69257,23.567337,28.86519,17.198803,2.5557098,0,0.0
2002-07-01,central_macedonia,40.71884921895136,22.992252771230213,297.0129,56.2535,257.9024,25.353834,30.62789,19.2698,2.344481,0,0.0
2002-08-01,central_macedonia,40.71884921895136,22.992252771230213,80.76452,60.12689,230.36218,23.635195,28.65991,18.284275,2.3760586,0,0.0
2002-09-01,central_macedonia,40.71884921895136,22.992252771230213,445.88336,73.45809,180.66667,18.38665,23.191048,13.857402,2.0235162,0,0.0
2002-10-01,central_macedonia,40.71884921895136,22.992252771230213,308.94836,73.8223,136.13521,14.58827,19.373064,9.869847,2.215061,0,0.0
2002-11-01,central_macedonia,40.71884921895136,22.992252771230213,234.06,79.97062,83.245255,10.180874,14.35167,6.1276627,2.3112833,0,0.0
2002-12-01,central_macedonia,40.71884921895136,22.992252771230213,721.1581,85.73019,45.922947,5.0011315,7.520772,2.5331287,2.1838658,0,0.0
2003-01-01,central_macedonia,40.71884921895136,22.992252771230213,415.98065,81.748535,63.41902,5.707984,9.373668,2.633025,2.4190557,0,0.0
2003-02-01,central_macedonia,40.71884921895136,22.992252771230213,122.61072,71.961006,106.84623,0.9139082,4.539208,-2.3215544,2.8279681,0,0.0
2003-03-01,central_macedonia,40.71884921895136,22.992252771230213,9.1,59.70083,171.55089,6.188283,11.716056,0.65433896,2.5581348,0,0.0
2003-04-01,central_macedonia,40.71884921895136,22.992252771230213,171.62,62.991215,203.47202,10.172117,15.1675415,5.2075076,2.7074006,0,0.0
2003-05-01,central_macedonia,40.71884921895136,22.992252771230213,424.4645,60.214725,255.065,19.626534,25.08401,13.892878,2.444563,0,0.0
2003-06-01,central_macedonia,40.71884921895136,22.992252771230213,185.31667,58.2434,279.4575,23.89181,29.314888,17.81453,2.212791,0,0.0
2003-07-01,central_macedonia,40.71884921895136,22.992252771230213,105.009674,49.685883,294.2044,25.131037,30.430128,19.127604,2.327207,0,0.0
2003-08-01,central_macedonia,40.71884921895136,22.992252771230213,69.12903,52.451633,258.27045,25.39231,31.165195,19.503757,2.1339478,0,0.0
2003-09-01,central_macedonia,40.71884921895136,22.992252771230213,129.28333,58.144173,192.2221,18.903198,24.331308,13.611633,2.3847237,0,0.0
2003-10-01,central_macedonia,40.71884921895136,22.992252771230213,426.42584,72.042755,118.40214,14.675979,19.264858,10.471628,2.4718018,0,0.0
2003-11-01,central_macedonia,40.71884921895136,22.992252771230213,137.12,80.97939,77.96925,10.234365,14.130902,6.804571,2.1094835,0,0.0
2003-12-01,central_macedonia,40.71884921895136,22.992252771230213,410.5645,81.549706,61.109478,4.4717097,7.9626956,1.473301,2.5321577,0,0.0
2004-01-01,central_macedonia,40.71884921895136,22.992252771230213,349.14838,75.79144,67.9166,2.0721376,6.050065,-1.3894686,2.560563,0,0.0
2004-02-01,central_macedonia,40.71884921895136,22.992252771230213,65.43449,62.900314,115.52117,5.065985,9.923418,0.40076822,2.5533838,0,0.0
2004-03-01,central_macedonia,40.71884921895136,22.992252771230213,118.90323,66.232796,154.80093,8.252065,12.916585,3.8969212,2.6374762,0,0.0
2004-04-01,central_macedonia,40.71884921895136,22.992252771230213,185.5,67.092865,174.4107,12.470285,16.865608,8.250944,2.4210484,0,0.0
2004-05-01,central_macedonia,40.71884921895136,22.992252771230213,166.34193,61.54718,260.42352,15.837258,20.85602,10.283914,2.7233043,0,0.0
2004-06-01,central_macedonia,40.71884921895136,22.992252771230213,194.12,63.768085,264.10364,21.767717,26.753876,16.170246,2.459124,0,0.0
2004-07-01,central_macedonia,40.71884921895136,22.992252771230213,52.458065,52.161007,285.20624,24.558857,29.750715,18.614613,2.3523583,0,0.0
2004-08-01,central_macedonia,40.71884921895136,22.992252771230213,116.94194,53.146255,256.36737,23.723816,29.675217,17.818031,2.2980645,0,0.0
2004-09-01,central_macedonia,40.71884921895136,22.992252771230213,263.77002,60.11656,195.59052,19.781673,25.758121,14.566015,2.1516304,0,0.0
2004-10-01,central_macedonia,40.71884921895136,22.992252771230213,176.8258,73.07235,136.38492,15.781503,21.307243,11.566797,2.1115077,0,0.0
2004-11-01,central_macedonia,40.71884921895136,22.992252771230213,186.94,72.49577,78.56442,8.632273,13.486066,4.6425853,2.2234921,0,0.0
2004-12-01,central_macedonia,40.71884921895136,22.992252771230213,391.68066,83.69797,50.72238,5.8345575,9.468946,2.6937323,2.3927813,0,0.0
2005-01-01,central_macedonia,40.71884921895136,22.992252771230213,144.69032,70.435715,81.733574,3.9876785,7.877968,0.26569113,2.348006,0,0.0
2005-02-01,central_macedonia,40.71884921895136,22.992252771230213,293.55002,72.97268,104.155624,3.1888435,7.299665,-0.68840677,2.7376165,0,0.0
2005-03-01,central_macedonia,40.71884921895136,22.992252771230213,200.25162,68.72562,167.31438,7.9392495,12.540849,3.239283,2.546983,0,0.0
2005-04-01,central_macedonia,40.71884921895136,22.992252771230213,23.013334,57.812946,216.11053,12.570701,17.748466,6.8164225,2.7060585,0,0.0
2005-05-01,central_macedonia,40.71884921895136,22.992252771230213,184.2226,62.248585,244.4822,18.571407,23.322716,12.498043,2.6847982,0,0.0
2005-06-01,central_macedonia,40.71884921895136,22.992252771230213,89.29667,57.108555,279.17303,21.262524,26.323555,15.592803,2.5196114,0,0.0
2005-07-01,central_macedonia,40.71884921895136,22.992252771230213,101.322586,58.867348,270.106,24.73216,30.079794,19.110466,2.4150543,0,0.0
2005-08-01,central_macedonia,40.71884921895136,22.992252771230213,203.90323,63.523266,241.67542,23.93247,29.202753,18.395607,2.293946,0,0.0
2005-09-01,central_macedonia,40.71884921895136,22.992252771230213,140.86334,65.73957,176.43973,20.332582,25.344034,15.339824,2.0724785,0,0.0
2005-10-01,central_macedonia,40.71884921895136,22.992252771230213,174.21613,69.80438,130.48402,14.004172,18.917692,9.419385,2.25875,0,0.0
2005-11-01,central_macedonia,40.71884921895136,22.992252771230213,233.78668,71.54192,84.421936,7.8176193,12.280445,3.4012642,2.2661107,0,0.0
2005-12-01,central_macedonia,40.71884921895136,22.992252771230213,315.90643,79.21656,61.01939,5.3342786,9.084549,1.7902691,2.3351512,0,0.0
2006-01-01,central_macedonia,40.71884921895136,22.992252771230213,223.87097,69.31879,74.5631,1.1688634,5.632617,-2.278728,2.4529266,0,0.0
2006-02-01,central_macedonia,40.71884921895136,22.992252771230213,199.41786,74.46285,104.49464,3.4899776,8.410608,-0.84004813,2.162337,0,0.0
2006-03-01,central_macedonia,40.71884921895136,22.992252771230213,283.49033,68.12707,151.38509,8.045264,12.420445,3.8491008,2.6149757,0,0.0
2006-04-01,central_macedonia,40.71884921895136,22.992252771230213,178.59666,67.67914,195.0406,12.845991,17.676937,8.22002,2.3155165,0,0.0
2006-05-01,central_macedonia,40.71884921895136,22.992252771230213,54.032257,62.976562,269.61307,17.501219,23.354528,11.237785,2.6883535,0,0.0
2006-06-01,central_macedonia,40.71884921895136,22.992252771230213,205.46667,63.398674,267.15405,21.587145,27.363398,15.440498,2.48662,0,0.0
2006-07-01,central_macedonia,40.71884921895136,22.992252771230213,110.80322,58.716564,272.77252,23.664143,29.062956,17.821602,2.3757463,0,0.0
2006-08-01,central_macedonia,40.71884921895136,22.992252771230213,80.700005,53.358517,267.8977,25.13852,31.155142,18.564547,2.4458213,0,0.0
2006-09-01,central_macedonia,40.71884921895136,22.992252771230213,256.27667,60.46663,192.47806,19.79812,25.156195,14.197753,2.2882745,0,0.0
2006-10-01,central_macedonia,40.71884921895136,22.992252771230213,354.2484,72.452965,133.0361,15.11296,19.508097,11.163,2.1387866,0,0.0
2006-11-01,central_macedonia,40.71884921895136,22.992252771230213,193.52667,71.92082,97.268394,7.935202,13.22626,3.2411673,2.251751,0,0.0
2006-12-01,central_macedonia,40.71884921895136,22.992252771230213,141.2742,77.49759,64.887344,4.2619185,8.760154,0.28586665,1.9855742,0,0.0
2007-01-01,central_macedonia,40.71884921895136,22.992252771230213,64.27419,66.49512,97.57513,6.2424774,11.659842,0.50751126,2.2094836,0,0.0
2007-02-01,central_macedonia,40.71884921895136,22.992252771230213,121.45,70.719734,106.401,6.1694727,10.206529,2.2096076,2.4440968,0,0.0
2007-03-01,central_macedonia,40.71884921895136,22.992252771230213,228.97418,63.79226,148.65619,9.095846,14.040787,3.7920172,2.6967676,0,0.0
2007-04-01,central_macedonia,40.71884921895136,22.992252771230213,50.966667,59.56616,238.5361,12.798348,18.629475,6.0756335,2.1739016,0,0.0
2007-05-01,central_macedonia,40.71884921895136,22.992252771230213,408.3097,64.374535,233.31088,18.610638,23.89743,13.080559,2.684123,0,0.0
2007-06-01,central_macedonia,40.71884921895136,22.992252771230213,297.49667,56.705524,285.80847,23.632317,29.37541,17.139034,2.339083,0,0.0
2007-07-01,central_macedonia,40.71884921895136,22.992252771230213,0.0,39.56296,308.60657,26.613035,33.09628,19.286753,2.4921277,0,0.0
2007-08-01,central_macedonia,40.71884921895136,22.992252771230213,380.14514,54.411003,259.7309,24.90184,31.206316,18.441633,2.3575196,0,0.0
2007-09-01,central_macedonia,40.71884921895136,22.992252771230213,209.72333,60.623604,201.03523,18.833797,24.443336,13.233801,2.4938169,0,0.0
2007-10-01,central_macedonia,40.71884921895136,22.992252771230213,405.78387,68.05914,116.888016,14.5485525,19.267332,10.152872,2.055728,0,0.0
2007-11-01,central_macedonia,40.71884921895136,22.992252771230213,411.1167,75.12295,78.541626,8.170509,12.126333,4.494974,2.4999514,0,0.0
2007-12-01,central_macedonia,40.71884921895136,22.992252771230213,181.87741,76.46654,62.942005,3.3220959,7.1900983,0.23518473,2.4696357,0,0.0
2008-01-01,central_macedonia,40.71884921895136,22.992252771230213,89.90968,77.21911,72.73826,3.459343,7.7645445,-0.26833194,2.0312636,0,0.0
2008-02-01,central_macedonia,40.71884921895136,22.992252771230213,37.8,63.000202,125.86582,5.406031,10.916954,0.22325534,2.2360103,0,0.0
2008-03-01,central_macedonia,40.71884921895136,22.992252771230213,116.183876,66.02005,155.76283,10.095069,15.420147,4.724899,2.7439544,0,0.0
2008-04-01,central_macedonia,40.71884921895136,22.992252771230213,334.62,68.74864,199.42729,13.011049,17.796642,7.948179,2.3991518,0,0.0
2008-05-01,central_macedonia,40.71884921895136,22.992252771230213,113.27742,63.083954,268.698,17.486256,23.116886,11.240323,2.361524,0,0.0
2008-06-01,central_macedonia,40.71884921895136,22.992252771230213,87.42667,62.52121,272.6841,22.89155,28.502853,16.780376,2.2111278,0,0.0
2008-07-01,central_macedonia,40.71884921895136,22.992252771230213,34.47097,56.409893,299.88397,24.747267,30.51307,18.335224,2.5401702,0,0.0
2008-08-01,central_macedonia,40.71884921895136,22.992252771230213,0.12258065,52.17961,276.27493,25.968887,32.211643,19.006905,2.2475731,0,0.0
2008-09-01,central_macedonia,40.71884921895136,22.992252771230213,311.03,61.481537,184.15164,18.858751,24.141026,14.029195,2.1953628,0,0.0
2008-10-01,central_macedonia,40.71884921895136,22.992252771230213,51.825806,70.11075,142.24837,14.684459,20.247599,9.597997,1.9063479,0,0.0
2008-11-01,central_macedonia,40.71884921895136,22.992252771230213,94.473335,75.32538,77.46027,10.074532,14.36529,6.222034,2.2027667,0,0.0
2008-12-01,central_macedonia,40.71884921895136,22.992252771230213,361.1839,72.74334,61.91008,6.077329,9.5603695,2.959746,2.375325,0,0.0
2009-01-01,central_macedonia,40.71884921895136,22.992252771230213,566.771,81.33517,58.98797,4.1175513,7.6586447,0.94653183,2.253866,0,0.0
2009-02-01,central_macedonia,40.71884921895136,22.992252771230213,100.13929,65.83925,107.727425,4.4524555,8.313597,0.52439487,2.621112,0,0.0
2009-03-01,central_macedonia,40.71884921895136,22.992252771230213,292.52905,67.844406,149.90356,7.467165,12.063057,2.783448,2.686781,0,0.0
2009-04-01,central_macedonia,40.71884921895136,22.992252771230213,143.14333,69.77365,187.0166,12.35114,17.500471,7.202207,2.2223852,0,0.0
2009-05-01,central_macedonia,40.71884921895136,22.992252771230213,128.79355,66.471954,256.88367,18.352345,24.275057,12.439008,2.4818668,0,0.0
2009-06-01,central_macedonia,40.71884921895136,22.992252771230213,292.96667,62.889744,291.6582,21.68575,27.507097,15.595706,2.4622142,0,0.0
2009-07-01,central_macedonia,40.71884921895136,22.992252771230213,48.245163,55.5726,296.77533,24.85516,30.696375,18.598747,2.4240563,0,0.0
2009-08-01,central_macedonia,40.71884921895136,22.992252771230213,232.05484,60.339554,244.09042,23.795628,29.285496,18.350521,2.0199883,0,0.0
2009-09-01,central_macedonia,40.71884921895136,22.992252771230213,150.42001,67.825325,178.47218,19.397964,24.543053,14.704132,2.069886,0,0.0
2009-10-01,central_macedonia,40.71884921895136,22.992252771230213,298.38065,73.04288,125.210434,14.8766575,19.943684,9.796853,2.1855123,0,0.0
2009-11-01,central_macedonia,40.71884921895136,22.992252771230213,193.45334,75.57951,96.29137,10.002512,15.720809,4.9374366,2.2746613,0,0.0
2009-12-01,central_macedonia,40.71884921895136,22.992252771230213,537.46454,80.73147,55.939827,7.616879,11.023189,4.22481,2.5725772,0,0.0
2010-01-01,central_macedonia,40.71884921895136,22.992252771230213,79.0871,68.856255,62.023235,4.5135465,7.7135916,1.4826123,2.3048,0,0.0
2010-02-01,central_macedonia,40.71884921895136,22.992252771230213,442.70358,75.481575,95.54347,5.816701,9.840651,1.6889657,2.5504682,0,0.0
2010-03-01,central_macedonia,40.71884921895136,22.992252771230213,219.70323,68.01326,147.97978,8.210696,13.254621,3.1757529,2.420102,0,0.0
2010-04-01,central_macedonia,40.71884921895136,22.992252771230213,93.31667,66.890816,196.12642,13.056312,18.085773,7.5521827,2.2422123,0,0.0
2010-05-01,central_macedonia,40.71884921895136,22.992252771230213,175.02904,64.07769,257.67908,17.868544,23.58854,11.683,2.4487448,0,0.0
2010-06-01,central_macedonia,40.71884921895136,22.992252771230213,345.70667,67.23624,240.45511,21.4945,26.85406,15.667119,2.1980414,0,0.0
2010-07-01,central_macedonia,40.71884921895136,22.992252771230213,147.48386,63.106255,264.7889,24.322693,29.724733,18.18384,2.185335,0,0.0
2010-08-01,central_macedonia,40.71884921895136,22.992252771230213,13.064516,54.57104,269.34064,26.374744,32.43232,20.121628,2.067675,0,0.0
2010-09-01,central_macedonia,40.71884921895136,22.992252771230213,126.48667,73.9854,192.86047,19.953386,25.637693,14.494087,2.287955,0,0.0
2010-10-01,central_macedonia,40.71884921895136,22.992252771230213,949.5742,79.962616,99.53484,12.523807,16.651907,8.788935,2.3217866,0,0.0
2010-11-01,central_macedonia,40.71884921895136,22.992252771230213,147.73334,77.48915,89.57427,12.65959,17.766804,7.7597923,2.351594,0,0.0
2010-12-01,central_macedonia,40.71884921895136,22.992252771230213,260.00323,72.88557,68.73274,5.8826656,10.158597,2.1141434,2.3958616,0,0.0
2011-01-01,central_macedonia,40.71884921895136,22.992252771230213,114.25484,76.77777,78.40765,4.013647,8.373454,0.24505264,1.8953184,0,0.0
2011-02-01,central_macedonia,40.71884921895136,22.992252771230213,108.225006,73.886665,96.04386,5.194169,9.845375,1.0291193,2.344493,0,0.0
2011-03-01,central_macedonia,40.71884921895136,22.992252771230213,185.54193,66.91717,140.72054,7.4725122,12.308686,2.408773,2.3880246,0,0.0
2011-04-01,central_macedonia,40.71884921895136,22.992252771230213,119.97666,63.59436,205.16808,11.620795,16.634132,5.8316784,2.4107444,0,0.0
2011-05-01,central_macedonia,40.71884921895136,22.992252771230213,321.91614,68.89072,212.79558,16.336575,21.683641,10.915772,2.448071,0,0.0
2011-06-01,central_macedonia,40.71884921895136,22.992252771230213,94.130005,66.424644,259.153,21.567894,27.045559,15.879902,2.347955,0,0.0
2011-07-01,central_macedonia,40.71884921895136,22.992252771230213,10.793549,60.085896,298.2656,25.191595,31.502886,18.482826,2.2484071,0,0.0
2011-08-01,central_macedonia,40.71884921895136,22.992252771230213,99.89032,56.934597,267.32507,24.27739,30.849323,18.140217,2.0865033,0,0.0
2011-09-01,central_macedonia,40.71884921895136,22.992252771230213,176.97,60.117542,206.96823,21.665651,28.188183,15.662478,1.9538462,0,0.0
2011-10-01,central_macedonia,40.71884921895136,22.992252771230213,287.5129,66.558464,129.57329,12.339141,17.649326,7.3568606,1.9929532,0,0.0
2011-11-01,central_macedonia,40.71884921895136,22.992252771230213,20.983335,68.22969,79.43765,6.0538325,11.57604,1.2431761,1.9694214,0,0.0
2011-12-01,central_macedonia,40.71884921895136,22.992252771230213,198.82904,81.00402,69.94016,4.5583954,8.975786,0.09753133,1.9919388,0,0.0
2012-01-01,central_macedonia,40.71884921895136,22.992252771230213,219.77098,76.67866,76.1994,0.79715186,5.3392043,-3.3941817,2.0951982,0,0.0
2012-02-01,central_macedonia,40.71884921895136,22.992252771230213,344.7862,70.97193,96.158295,2.069589,6.022692,-1.7753171,2.3589208,0,0.0
2012-03-01,central_macedonia,40.71884921895136,22.992252771230213,172.4,64.04843,172.72923,8.466832,13.987684,3.099627,2.1779943,0,0.0
2012-04-01,central_macedonia,40.71884921895136,22.992252771230213,192.97,65.72863,208.53764,13.135075,18.693956,7.4875417,2.3825455,0,0.0
2012-05-01,central_macedonia,40.71884921895136,22.992252771230213,351.2516,69.276436,227.07504,17.232786,23.048132,11.592604,2.242659,0,0.0
2012-06-01,central_macedonia,40.71884921895136,22.992252771230213,14.133333,62.285202,318.79517,23.674795,30.19756,16.78489,2.1865819,0,0.0
2012-07-01,central_macedonia,40.71884921895136,22.992252771230213,10.822581,56.711525,297.54855,26.884386,33.5896,20.014605,2.31235,0,0.0
2012-08-01,central_macedonia,40.71884921895136,22.992252771230213,78.36774,51.215168,283.08792,25.207727,32.353363,18.395782,2.0959551,0,0.0
2012-09-01,central_macedonia,40.71884921895136,22.992252771230213,278.14,58.323616,204.9974,20.7616,27.220572,14.83594,2.1067133,0,0.0
2012-10-01,central_macedonia,40.71884921895136,22.992252771230213,248.63872,66.04995,131.84189,16.977285,22.910456,11.651204,1.9280076,0,0.0
2012-11-01,central_macedonia,40.71884921895136,22.992252771230213,179.32,76.79445,81.759415,11.507278,15.914525,7.281686,1.9102798,0,0.0
2012-12-01,central_macedonia,40.71884921895136,22.992252771230213,320.3129,77.9536,64.91443,3.976505,8.136776,-0.06079062,2.0848153,0,0.0
2013-01-01,central_macedonia,40.71884921895136,22.992252771230213,213.77097,78.30155,72.807625,4.8351293,9.079276,0.37532845,2.25471,0,0.0
2013-02-01,central_macedonia,40.71884921895136,22.992252771230213,470.95715,76.37549,88.58641,6.619933,10.622253,2.6884177,2.2434695,0,0.0
2013-03-01,central_macedonia,40.71884921895136,22.992252771230213,168.38388,72.738884,138.73224,8.79213,13.402187,4.321334,2.5987513,0,0.0
2013-04-01,central_macedonia,40.71884921895136,22.992252771230213,101.683334,62.377476,233.36787,13.77258,19.830141,7.410465,2.2514334,0,0.0
2013-05-01,central_macedonia,40.71884921895136,22.992252771230213,93.835495,61.391075,241.3037,19.54535,25.659832,13.078683,2.5236285,0,0.0
2013-06-01,central_macedonia,40.71884921895136,22.992252771230213,246.24667,68.62155,253.67323,21.819397,27.803888,15.84594,2.1680257,0,0.0
2013-07-01,central_macedonia,40.71884921895136,22.992252771230213,89.100006,62.63169,275.38693,24.107037,30.034306,17.832468,2.1261942,0,0.0
2013-08-01,central_macedonia,40.71884921895136,22.992252771230213,21.825806,55.05922,261.57077,25.13867,31.694609,18.223074,2.0094283,0,0.0
2013-09-01,central_macedonia,40.71884921895136,22.992252771230213,94.24333,60.497593,208.19276,19.978306,26.364513,13.461674,2.0582952,0,0.0
2013-10-01,central_macedonia,40.71884921895136,22.992252771230213,95.90645,68.67026,143.25706,14.755178,20.85184,9.590048,1.9496205,0,0.0
2013-11-01,central_macedonia,40.71884921895136,22.992252771230213,267.4167,75.51096,72.51848,11.182231,15.453213,7.247001,2.2070587,0,0.0
2013-12-01,central_macedonia,40.71884921895136,22.992252771230213,194.4129,74.7278,70.74912,4.262992,9.216416,-0.6150092,1.8560388,0,0.0
2014-01-01,central_macedonia,40.71884921895136,22.992252771230213,166.01614,84.458855,67.03259,6.1878076,10.379472,2.54525,2.2490022,0,0.0
2014-02-01,central_macedonia,40.71884921895136,22.992252771230213,122.15001,72.93474,99.8379,8.032584,12.6956215,3.60161,2.0658789,0,0.0
2014-03-01,central_macedonia,40.71884921895136,22.992252771230213,404.45163,63.983585,148.53452,9.887844,15.126093,4.7579374,2.2148905,0,0.0
2014-04-01,central_macedonia,40.71884921895136,22.992252771230213,421.74335,71.48174,180.65681,12.539973,17.378098,7.892231,2.1279757,0,0.0
2014-05-01,central_macedonia,40.71884921895136,22.992252771230213,155.58388,68.74235,242.81999,16.837893,22.588085,10.956794,2.2366087,0,0.0
2014-06-01,central_macedonia,40.71884921895136,22.992252771230213,139.65334,63.602585,257.89706,21.460022,27.373365,15.137557,2.1722348,0,0.0
2014-07-01,central_macedonia,40.71884921895136,22.992252771230213,292.1129,65.060585,229.39896,23.895296,29.88725,17.501055,2.0728564,0,0.0
2014-08-01,central_macedonia,40.71884921895136,22.992252771230213,117.56774,64.40979,254.15427,24.311583,30.909271,18.156992,1.8955557,1,307.0
2014-09-01,central_macedonia,40.71884921895136,22.992252771230213,472.4267,72.31406,170.67772,18.893515,24.418371,14.007429,1.8254699,1,12233.0
2014-10-01,central_macedonia,40.71884921895136,22.992252771230213,365.06454,74.0438,113.03125,14.222318,19.16184,9.421735,1.9301704,1,19887.0
2014-11-01,central_macedonia,40.71884921895136,22.992252771230213,353.37665,80.17723,64.60467,10.281197,13.719087,6.825852,2.0250397,1,23929.0
2014-12-01,central_macedonia,40.71884921895136,22.992252771230213,736.1935,79.178024,59.834866,6.0738597,9.866976,2.6886063,2.022604,0,0.0
2015-01-01,central_macedonia,40.71884921895136,22.992252771230213,227.44194,72.34368,68.413506,4.2748466,8.880663,-0.15414841,2.2989469,0,0.0
2015-02-01,central_macedonia,40.71884921895136,22.992252771230213,378.06787,63.622654,96.18079,5.029643,9.601264,0.41634718,2.38485,0,0.0
2015-03-01,central_macedonia,40.71884921895136,22.992252771230213,493.8258,65.99526,119.141235,6.9554186,10.856214,3.012589,2.2267857,0,0.0
2015-04-01,central_macedonia,40.71884921895136,22.992252771230213,126.56667,63.841606,210.61485,11.576698,17.455576,5.653497,2.3846977,0,0.0
2015-05-01,central_macedonia,40.71884921895136,22.992252771230213,108.49032,67.47834,236.38692,18.443243,24.577774,12.432564,2.3477588,0,0.0
2015-06-01,central_macedonia,40.71884921895136,22.992252771230213,258.76334,65.09254,267.38168,20.698366,26.870953,14.801937,2.1092658,0,0.0
2015-07-01,central_macedonia,40.71884921895136,22.992252771230213,90.738716,61.021812,297.94116,25.459978,32.1877,18.414917,2.0105062,0,0.0
2015-08-01,central_macedonia,40.71884921895136,22.992252771230213,103.41613,61.834373,239.73778,24.673319,31.475273,18.225483,1.813779,0,0.0
2015-09-01,central_macedonia,40.71884921895136,22.992252771230213,418.52667,62.459793,192.50449,21.321602,27.201197,16.433828,2.0185802,0,0.0
2015-10-01,central_macedonia,40.71884921895136,22.992252771230213,523.5871,79.476974,106.94568,14.605757,19.022264,11.109141,1.906271,0,0.0
2015-11-01,central_macedonia,40.71884921895136,22.992252771230213,243.69667,73.90644,97.67151,11.301847,17.638144,6.1016498,1.9088395,0,0.0
2015-12-01,central_macedonia,40.71884921895136,22.992252771230213,0.0,81.81336,83.63731,5.247603,11.534231,0.36443248,1.5407972,0,0.0
2016-01-01,central_macedonia,40.71884921895136,22.992252771230213,282.1613,79.420105,78.68227,4.0201006,8.60701,-0.47269765,2.1167374,0,0.0
2016-02-01,central_macedonia,40.71884921895136,22.992252771230213,189.18967,76.18324,103.41469,9.469367,14.522077,4.740232,2.3226888,0,0.0
2016-03-01,central_macedonia,40.71884921895136,22.992252771230213,507.5097,67.58087,149.66154,9.326017,14.098695,4.446027,2.1838474,0,0.0
2016-04-01,central_macedonia,40.71884921895136,22.992252771230213,128.08334,63.553585,209.48271,14.891969,21.40077,8.784179,2.1278877,0,0.0
2016-05-01,central_macedonia,40.71884921895136,22.992252771230213,330.92902,72.88686,224.47719,16.643387,22.091442,10.9742985,2.3169413,0,0.0
2016-06-01,central_macedonia,40.71884921895136,22.992252771230213,159.35666,67.086006,255.16132,23.091595,29.232151,16.625954,2.0269463,0,0.0
2016-07-01,central_macedonia,40.71884921895136,22.992252771230213,17.232258,63.26457,268.25204,25.156979,31.28707,18.755075,2.2189972,0,0.0
2016-08-01,central_macedonia,40.71884921895136,22.992252771230213,156.88708,67.06592,244.95337,24.38271,30.657307,18.199335,2.0050175,0,0.0
2016-09-01,central_macedonia,40.71884921895136,22.992252771230213,256.37,71.034966,172.7449,19.56877,25.46326,13.915604,1.904475,0,0.0
2016-10-01,central_macedonia,40.71884921895136,22.992252771230213,253.72903,73.16291,117.02574,14.352484,19.02875,9.851583,1.8552663,0,0.0
2016-11-01,central_macedonia,40.71884921895136,22.992252771230213,225.47333,76.42354,84.21537,9.015926,13.808561,4.370143,2.0282571,0,0.0
2016-12-01,central_macedonia,40.71884921895136,22.992252771230213,3.2064517,72.94105,73.58499,3.052191,8.397647,-2.1084423,1.8052982,0,0.0
2017-01-01,central_macedonia,40.71884921895136,22.992252771230213,304.1484,75.984184,68.47953,-0.45658028,3.4310832,-4.0717115,2.3158064,0,0.0
2017-02-01,central_macedonia,40.71884921895136,22.992252771230213,166.07858,75.84462,107.61658,6.7325926,11.344767,2.2046595,2.2374187,0,0.0
2017-03-01,central_macedonia,40.71884921895136,22.992252771230213,220.72581,63.766697,164.83537,10.239246,15.976348,4.7431855,2.4227746,0,0.0
2017-04-01,central_macedonia,40.71884921895136,22.992252771230213,95.46334,66.511154,236.93454,12.401813,18.523174,6.3396387,2.4991448,0,0.0
2017-05-01,central_macedonia,40.71884921895136,22.992252771230213,285.64517,71.761505,241.68243,17.424984,23.356647,11.271065,2.2740114,0,0.0
2017-06-01,central_macedonia,40.71884921895136,22.992252771230213,120.76667,66.72625,266.21814,22.831945,29.237358,16.262758,2.3384662,0,0.0
2017-07-01,central_macedonia,40.71884921895136,22.992252771230213,265.0097,59.453175,288.8441,25.028675,31.451536,18.11268,2.364553,0,0.0
2017-08-01,central_macedonia,40.71884921895136,22.992252771230213,47.55484,56.827072,267.75983,25.003548,31.938856,18.160492,2.2384572,0,0.0
2017-09-01,central_macedonia,40.71884921895136,22.992252771230213,73.17667,62.5195,202.27324,20.311846,26.797422,14.194685,2.063328,0,0.0
2017-10-01,central_macedonia,40.71884921895136,22.992252771230213,215.05162,68.42576,154.28348,14.094778,20.67463,8.085315,1.9959316,0,0.0
2017-11-01,central_macedonia,40.71884921895136,22.992252771230213,495.37668,76.494446,80.56304,9.024287,14.020892,4.7283816,2.010252,0,0.0
2017-12-01,central_macedonia,40.71884921895136,22.992252771230213,240.08386,77.556526,69.75414,6.4300227,11.193512,1.6580578,2.3573678,0,0.0
2018-01-01,central_macedonia,40.71884921895136,22.992252771230213,103.53226,68.78383,71.903725,4.8158264,9.515756,0.38089254,2.0093982,0,0.0
2018-02-01,central_macedonia,40.71884921895136,22.992252771230213,518.00354,70.842445,74.41562,6.2535677,9.894791,2.6499555,2.137274,0,0.0
2018-03-01,central_macedonia,40.71884921895136,22.992252771230213,425.21936,76.15016,118.99347,9.693811,14.521044,4.829453,2.3217747,0,0.0
2018-04-01,central_macedonia,40.71884921895136,22.992252771230213,39.213337,64.122375,183.13177,15.600558,22.354717,8.838117,2.1549704,0,0.0
2018-05-01,central_macedonia,40.71884921895136,22.992252771230213,277.59033,67.82058,210.29433,19.37816,24.954908,13.798403,1.9852833,0,0.0
2018-06-01,central_macedonia,40.71884921895136,22.992252771230213,592.64667,68.932655,210.2045,21.632668,27.23188,16.403149,1.9083229,0,0.0
2018-07-01,central_macedonia,40.71884921895136,22.992252771230213,211.79355,72.15153,246.24905,24.195145,29.943562,18.48232,2.0572405,0,0.0
2018-08-01,central_macedonia,40.71884921895136,22.992252771230213,74.86774,63.323147,214.32877,24.46474,30.515703,18.385181,1.7881229,0,0.0
2018-09-01,central_macedonia,40.71884921895136,22.992252771230213,32.34,64.96179,177.05266,20.664646,26.741007,14.609122,2.0057962,0,0.0
2018-10-01,central_macedonia,40.71884921895136,22.992252771230213,43.093544,68.20644,118.75831,15.391139,21.203743,10.08902,1.94827,0,0.0
2018-11-01,central_macedonia,40.71884921895136,22.992252771230213,304.88,68.63897,69.42556,10.133937,14.695199,6.353699,2.025891,0,0.0
2018-12-01,central_macedonia,40.71884921895136,22.992252771230213,241.7129,75.205826,57.159786,3.9795656,8.295306,-0.31815976,1.8514909,0,0.0
2019-01-01,central_macedonia,40.71884921895136,22.992252771230213,593.89355,78.11028,59.615078,2.1165385,5.860503,-1.3920457,2.0646865,0,0.0
2019-02-01,central_macedonia,40.71884921895136,22.992252771230213,43.310715,71.60906,98.27591,5.8764596,10.832422,1.1648093,2.2675962,0,0.0
2019-03-01,central_macedonia,40.71884921895136,22.992252771230213,23.287096,66.49763,157.58916,10.383366,16.624031,4.360792,2.1790907,0,0.0
2019-04-01,central_macedonia,40.71884921895136,22.992252771230213,328.97668,68.8729,180.5266,12.551674,17.724533,7.4358807,2.1878946,0,0.0
2019-05-01,central_macedonia,40.71884921895136,22.992252771230213,181.29677,76.55908,207.45296,16.909033,22.252045,11.17625,2.3263094,0,0.0
2019-06-01,central_macedonia,40.71884921895136,22.992252771230213,236.67,66.06501,215.48325,23.34278,29.302492,17.420427,2.2786303,0,0.0
2019-07-01,central_macedonia,40.71884921895136,22.992252771230213,271.7742,64.64233,256.3393,24.474152,30.374899,18.22215,2.0310414,0,0.0
2019-08-01,central_macedonia,40.71884921895136,22.992252771230213,11.9096775,58.40845,233.85025,25.7443,32.300972,18.922338,1.8771584,0,0.0
2019-09-01,central_macedonia,40.71884921895136,22.992252771230213,101.33667,63.460506,204.72314,21.053167,27.170574,15.084256,2.0134456,0,0.0
2019-10-01,central_macedonia,40.71884921895136,22.992252771230213,220.20645,68.50791,136.08441,16.431704,22.708534,11.1808815,1.7723433,0,0.0
2019-11-01,central_macedonia,40.71884921895136,22.992252771230213,593.23334,71.206696,67.34957,13.013361,16.91834,9.456537,2.2281275,0,0.0
2019-12-01,central_macedonia,40.71884921895136,22.992252771230213,320.70325,71.3833,51.69497,6.5340147,9.92012,3.4119253,2.1280327,0,0.0
2020-01-01,central_macedonia,40.71884921895136,22.992252771230213,18.516129,71.31667,80.942505,3.8282866,8.8335285,-0.9748404,1.9242386,0,0.0
2020-02-01,central_macedonia,40.71884921895136,22.992252771230213,175.0,73.95833,124.00661,6.7570853,12.408454,1.5993444,2.2863462,0,0.0
2020-03-01,central_macedonia,40.71884921895136,22.992252771230213,486.6742,71.24706,135.37424,8.933812,14.176011,4.250423,2.1850643,0,0.0
2020-04-01,central_macedonia,40.71884921895136,22.992252771230213,630.5867,65.733055,197.1309,11.326591,17.178463,5.493093,2.1037252,0,0.0
2020-05-01,central_macedonia,40.71884921895136,22.992252771230213,158.73225,69.26708,,17.389969,23.39151,10.920332,2.3584173,0,0.0
2020-06-01,central_macedonia,40.71884921895136,22.992252771230213,121.909996,73.2043,,21.261679,26.907612,15.183758,2.1095457,0,0.0
2020-07-01,central_macedonia,40.71884921895136,22.992252771230213,69.338715,67.12987,,24.537668,30.44719,18.475073,2.016099,0,0.0
2020-08-01,central_macedonia,40.71884921895136,22.992252771230213,389.70645,,,24.009542,30.271996,18.035921,1.907401,0,0.0
2020-09-01,central_macedonia,40.71884921895136,22.992252771230213,101.30333,63.837585,,21.697126,27.68944,15.727438,2.078722,1,163.0
2020-10-01,central_macedonia,40.71884921895136,22.992252771230213,122.74839,71.000275,,15.797505,21.806448,10.155474,2.04704,1,755.0
2020-11-01,central_macedonia,40.71884921895136,22.992252771230213,28.453335,,,9.616099,15.282603,4.4062886,1.6611588,1,860.0
2020-12-01,central_macedonia,40.71884921895136,22.992252771230213,555.70325,73.39247,70.503914,8.346642,11.547484,5.1844845,2.228208,1,869.0
2021-01-01,central_macedonia,40.71884921895136,22.992252771230213,679.83875,74.69754,,5.600456,9.780322,1.5288901,2.10755,1,869.0
2021-02-01,central_macedonia,40.71884921895136,22.992252771230213,162.26787,70.70878,,6.642787,12.020635,1.9930607,2.0455568,1,869.0
2021-03-01,central_macedonia,40.71884921895136,22.992252771230213,200.56128,64.11995,,7.271263,12.144491,2.0962894,2.1989002,1,869.0
2021-04-01,central_macedonia,40.71884921895136,22.992252771230213,226.57,62.38711,,11.113697,16.701368,5.29095,2.0634336,1,869.0
2021-05-01,central_macedonia,40.71884921895136,22.992252771230213,71.65484,64.77467,,18.181824,24.264067,11.481375,2.4153318,1,869.0
2021-06-01,central_macedonia,40.71884921895136,22.992252771230213,187.26001,64.44675,,21.951086,28.261152,15.573005,2.1721501,1,869.0
2021-07-01,central_macedonia,40.71884921895136,22.992252771230213,12.416129,56.61213,,26.240786,32.444317,19.772606,2.1932926,1,869.0
2021-08-01,central_macedonia,40.71884921895136,22.992252771230213,36.325806,52.508003,298.6657,26.133936,32.63433,19.474987,1.9852614,1,869.0
2021-09-01,central_macedonia,40.71884921895136,22.992252771230213,126.12666,61.346695,217.8448,19.962442,25.844734,14.076992,1.9241036,1,869.0
2021-10-01,central_macedonia,40.71884921895136,22.992252771230213,760.2065,67.71671,93.02675,12.5447855,16.92845,8.439651,1.8370667,1,869.0
2021-11-01,central_macedonia,40.71884921895136,22.992252771230213,192.17001,70.6278,82.914795,10.595115,14.720541,6.6870604,1.889145,1,869.0
2021-12-01,central_macedonia,40.71884921895136,22.992252771230213,442.74194,77.876015,59.48738,5.45353,9.405649,1.1679792,2.084379,1,869.0
2022-01-01,central_macedonia,40.71884921895136,22.992252771230213,142.4742,78.505104,38.51743,3.3488383,7.868623,-1.4882199,2.016557,1,869.0
2022-02-01,central_macedonia,40.71884921895136,22.992252771230213,246.925,77.488396,113.67321,6.022763,10.918387,1.2465562,2.1126313,1,869.0
2022-03-01,central_macedonia,40.71884921895136,22.992252771230213,159.58066,67.273224,135.91676,5.400598,10.320764,0.08618083,2.1517634,1,869.0
2022-04-01,central_macedonia,40.71884921895136,22.992252771230213,134.73666,73.10456,213.70726,12.483008,18.338982,6.3076515,2.224019,1,869.0
2022-05-01,central_macedonia,40.71884921895136,22.992252771230213,91.40645,67.216644,,18.484135,24.885292,11.560722,2.0248017,1,869.0
2022-06-01,central_macedonia,40.71884921895136,22.992252771230213,343.41333,64.12682,,23.176517,29.222015,17.141655,2.1533608,1,869.0
2022-07-01,central_macedonia,40.71884921895136,22.992252771230213,133.84195,62.974525,,25.065405,31.19962,18.484434,2.2097476,1,869.0
2022-08-01,central_macedonia,40.71884921895136,22.992252771230213,210.06453,69.087746,,24.656948,30.81035,18.698988,2.0775297,1,869.0
2022-09-01,central_macedonia,40.71884921895136,22.992252771230213,210.91667,71.76626,,19.714148,25.469124,13.72237,2.0243073,1,869.0
2022-10-01,central_macedonia,40.71884921895136,22.992252771230213,74.66774,72.637794,,15.269392,21.444067,9.380157,1.7150458,1,869.0
2022-11-01,central_macedonia,40.71884921895136,22.992252771230213,257.22668,74.381935,85.16516,11.880695,16.566296,7.0281744,1.9022071,1,869.0
2022-12-01,central_macedonia,40.71884921895136,22.992252771230213,235.44518,80.606415,,8.516121,12.384108,4.915676,1.68005,1,869.0
2023-01-01,central_macedonia,40.71884921895136,22.992252771230213,436.72583,82.467865,,6.8595953,11.1155405,2.966221,1.9748839,1,869.0
2023-02-01,central_macedonia,40.71884921895136,22.992252771230213,17.442858,79.97881,,5.422611,11.197757,-0.36538672,2.0720816,1,869.0
2023-03-01,central_macedonia,40.71884921895136,22.992252771230213,238.0839,76.975685,,9.50375,14.633982,4.0456424,2.1537707,1,869.0
2023-04-01,central_macedonia,40.71884921895136,22.992252771230213,398.87,76.66793,,11.538709,16.651825,6.397917,2.1888049,1,869.0
2023-05-01,central_macedonia,40.71884921895136,22.992252771230213,444.7323,77.37826,,15.966386,20.634789,11.380031,2.121153,1,869.0
2023-06-01,central_macedonia,40.71884921895136,22.992252771230213,345.80002,72.12445,315.3603,21.27443,26.750084,15.569293,1.8802522,1,869.0
2023-07-01,central_macedonia,40.71884921895136,22.992252771230213,60.93226,65.419754,,26.389101,32.948708,19.44637,2.0692527,1,869.0
2023-08-01,central_macedonia,40.71884921895136,22.992252771230213,30.07742,70.402176,248.0771,25.356161,31.99714,18.929428,1.9650611,1,869.0
2023-09-01,central_macedonia,40.71884921895136,22.992252771230213,121.19334,73.22655,139.60126,21.697544,27.732822,16.217705,1.9426908,1,869.0
2023-10-01,central_macedonia,40.71884921895136,22.992252771230213,76.11936,70.791,171.16573,17.560658,23.346783,12.126432,2.055818,1,869.0
2023-11-01,central_macedonia,40.71884921895136,22.992252771230213,393.36,77.81198,60.13084,11.578254,16.12559,6.8941417,2.1324785,1,869.0
2023-12-01,central_macedonia,40.71884921895136,22.992252771230213,166.68065,76.061066,69.93825,6.9187326,11.921065,2.594033,1.8315793,1,869.0
2024-01-01,central_macedonia,40.71884921895136,22.992252771230213,162.39677,74.36757,69.57301,4.9455676,9.749271,0.6466388,1.9896053,1,869.0
2024-02-01,central_macedonia,40.71884921895136,22.992252771230213,94.70345,72.29268,,9.163668,14.575177,4.0619726,2.1245809,1,869.0
2024-03-01,central_macedonia,40.71884921895136,22.992252771230213,320.45483,72.3663,147.09602,10.924378,15.85732,6.288843,2.2938259,1,869.0
2024-04-01,central_macedonia,40.71884921895136,22.992252771230213,334.60333,69.09801,220.21518,15.616134,22.000504,9.408818,2.046033,1,869.0
2024-05-01,central_macedonia,40.71884921895136,22.992252771230213,234.35162,71.558556,182.31856,17.395355,22.824461,12.250183,2.128362,1,869.0
2024-06-01,central_macedonia,40.71884921895136,22.992252771230213,88.10667,63.1422,260.04297,25.358362,32.02031,19.052006,2.1902106,1,869.0
2024-07-01,central_macedonia,40.71884921895136,22.992252771230213,48.690323,60.083458,274.52856,27.488003,34.169144,21.176907,2.0588367,1,869.0
2024-08-01,central_macedonia,40.71884921895136,22.992252771230213,68.42581,58.412174,185.22362,26.477808,32.93597,20.233822,1.8340914,1,869.0
2024-09-01,central_macedonia,40.71884921895136,22.992252771230213,315.56665,72.28103,176.77068,21.130043,26.717632,15.716025,1.9368825,1,869.0
2024-10-01,central_macedonia,40.71884921895136,22.992252771230213,24.116127,77.42166,150.13266,16.200539,22.2547,10.218328,1.9676849,1,869.0
2024-11-01,central_macedonia,40.71884921895136,22.992252771230213,568.55334,73.447105,80.27464,9.082468,14.065391,4.31786,1.772765,1,1545.0
2024-12-01,central_macedonia,40.71884921895136,22.992252771230213,538.9258,77.854294,48.868237,6.8656445,10.375142,3.4313502,1.8913704,1,2441.0
2000-01-01,thessaly,39.534047310585166,22.22359823094182,65.13871,73.48842,88.787315,0.22906336,5.134336,-4.1829605,1.690617,0,0.0
2000-02-01,thessaly,39.534047310585166,22.22359823094182,208.92068,75.71905,117.86921,4.496885,9.269855,-0.00024495617,2.2017336,0,0.0
2000-03-01,thessaly,39.534047310585166,22.22359823094182,71.50968,68.82519,181.57265,7.000091,13.277961,0.3734905,2.3029983,0,0.0
2000-04-01,thessaly,39.534047310585166,22.22359823094182,81.920006,66.79786,197.03748,13.543116,19.236034,7.28866,2.5454519,0,0.0
2000-05-01,thessaly,39.534047310585166,22.22359823094182,53.035484,57.695065,253.8743,18.282736,24.180557,10.516561,2.279829,0,0.0
2000-06-01,thessaly,39.534047310585166,22.22359823094182,81.25667,47.216858,276.93564,22.711807,28.437874,13.74376,2.4779282,0,0.0
2000-07-01,thessaly,39.534047310585166,22.22359823094182,6.7612906,45.194176,316.62625,25.791592,32.18174,16.29019,2.3974733,0,0.0
2000-08-01,thessaly,39.534047310585166,22.22359823094182,0.08387097,45.303104,269.26428,24.353815,30.748112,15.858882,2.1944425,0,0.0
2000-09-01,thessaly,39.534047310585166,22.22359823094182,54.396667,57.25045,195.81702,19.488504,25.973778,12.430974,2.0879037,0,0.0
2000-10-01,thessaly,39.534047310585166,22.22359823094182,182.37743,76.69471,118.3406,13.807698,18.783041,9.074921,2.2755444,0,0.0
2000-11-01,thessaly,39.534047310585166,22.22359823094182,195.25334,81.56882,92.53954,11.321041,16.867321,6.47646,2.3319507,0,0.0
2000-12-01,thessaly,39.534047310585166,22.22359823094182,118.30968,79.927345,76.08453,5.7348633,10.986673,1.1260422,2.4174433,0,0.0
2001-01-01,thessaly,39.534047310585166,22.22359823094182,197.07742,85.37848,70.86452,5.2048407,8.917266,1.874347,2.2258584,0,0.0
2001-02-01,thessaly,39.534047310585166,22.22359823094182,101.52501,71.618454,121.15272,5.9710298,11.116917,0.9737857,2.4412656,0,0.0
2001-03-01,thessaly,39.534047310585166,22.22359823094182,56.49355,61.91029,170.51012,12.699507,18.789726,6.145186,2.6478567,0,0.0
2001-04-01,thessaly,39.534047310585166,22.22359823094182,278.00665,65.99964,199.30782,11.865375,17.013165,5.603821,2.6165123,0,0.0
2001-05-01,thessaly,39.534047310585166,22.22359823094182,218.03226,62.720623,227.32347,17.660465,22.83039,10.793554,2.327222,0,0.0
2001-06-01,thessaly,39.534047310585166,22.22359823094182,35.086666,45.036068,296.25424,22.935978,28.423775,14.113269,2.4970782,0,0.0
2001-07-01,thessaly,39.534047310585166,22.22359823094182,115.21935,49.53266,275.89545,25.86329,31.132391,17.70751,2.3484607,0,0.0
2001-08-01,thessaly,39.534047310585166,22.22359823094182,67.74838,54.48065,245.97263,24.933748,30.700485,17.33141,2.110749,0,0.0
2001-09-01,thessaly,39.534047310585166,22.22359823094182,8.68,54.450275,232.43033,20.888712,27.043882,12.678588,2.348944,0,0.0
2001-10-01,thessaly,39.534047310585166,22.22359823094182,13.63871,61.193615,154.7851,16.217617,22.555687,9.175739,2.1989176,0,0.0
2001-11-01,thessaly,39.534047310585166,22.22359823094182,150.71,71.64643,86.28644,8.036616,13.128953,2.9909976,2.4770381,0,0.0
2001-12-01,thessaly,39.534047310585166,22.22359823094182,335.89032,82.18071,53.658733,-0.25402665,2.5889742,-3.2616065,2.279738,0,0.0
2002-01-01,thessaly,39.534047310585166,22.22359823094182,97.39032,78.7557,84.9366,2.5209122,7.9858775,-1.9758509,2.062559,0,0.0
2002-02-01,thessaly,39.534047310585166,22.22359823094182,47.153572,68.93393,129.97882,8.097559,14.228679,1.8080442,2.3316443,0,0.0
2002-03-01,thessaly,39.534047310585166,22.22359823094182,254.55484,69.23864,148.52681,9.498077,14.596834,4.2978735,2.5010326,0,0.0
2002-04-01,thessaly,39.534047310585166,22.22359823094182,332.87335,75.36359,195.9131,11.164296,15.475909,5.984717,2.2614295,0,0.0
2002-05-01,thessaly,39.534047310585166,22.22359823094182,102.46774,64.87187,244.18599,17.206606,22.174942,10.185035,2.591459,0,0.0
2002-06-01,thessaly,39.534047310585166,22.22359823094182,11.566667,50.15647,275.9867,23.584265,28.55389,15.345905,2.3933868,0,0.0
2002-07-01,thessaly,39.534047310585166,22.22359823094182,266.0871,56.093224,263.0656,25.204603,30.506004,17.166006,2.1388848,0,0.0
2002-08-01,thessaly,39.534047310585166,22.22359823094182,134.43549,60.541893,241.73012,23.116716,28.39026,16.178328,2.2299976,0,0.0
2002-09-01,thessaly,39.534047310585166,22.22359823094182,580.3233,78.15353,182.07243,17.464268,22.496044,12.447153,1.8385503,0,0.0
2002-10-01,thessaly,39.534047310585166,22.22359823094182,268.71613,75.49143,141.61513,14.159496,19.862585,8.299439,2.2646394,0,0.0
2002-11-01,thessaly,39.534047310585166,22.22359823094182,185.86667,83.44658,85.93356,9.708846,14.679193,4.956577,2.3617473,0,0.0
2002-12-01,thessaly,39.534047310585166,22.22359823094182,703.8613,87.847496,48.651165,5.3681984,8.367144,2.6050856,2.2612102,0,0.0
2003-01-01,thessaly,39.534047310585166,22.22359823094182,441.8484,82.78714,66.75372,6.2570295,10.161801,2.806843,2.4949188,0,0.0
2003-02-01,thessaly,39.534047310585166,22.22359823094182,217.33572,76.969635,101.109856,0.93425864,4.764796,-2.5513546,2.572011,0,0.0
2003-03-01,thessaly,39.534047310585166,22.22359823094182,92.03226,70.15875,167.23402,5.9803267,11.235763,0.37501663,2.2500153,0,0.0
2003-04-01,thessaly,39.534047310585166,22.22359823094182,148.57,71.29405,204.4823,10.146264,14.795595,4.4155173,2.5490694,0,0.0
2003-05-01,thessaly,39.534047310585166,22.22359823094182,158.22258,63.752895,254.14418,19.63287,24.81905,12.001179,2.4465382,0,0.0
2003-06-01,thessaly,39.534047310585166,22.22359823094182,91.55334,58.071564,276.51425,24.129547,29.351267,16.07168,2.221716,0,0.0
2003-07-01,thessaly,39.534047310585166,22.22359823094182,57.619354,51.532448,302.2089,25.82915,30.863594,17.674343,2.0508897,0,0.0
2003-08-01,thessaly,39.534047310585166,22.22359823094182,74.62258,56.26846,257.2883,25.263342,30.556957,17.779482,2.059528,0,0.0
2003-09-01,thessaly,39.534047310585166,22.22359823094182,138.44667,63.861485,189.71101,18.89395,24.171764,12.36877,2.1039798,0,0.0
2003-10-01,thessaly,39.534047310585166,22.22359823094182,414.32257,72.303375,121.140594,15.228111,20.147337,10.050503,2.4819226,0,0.0
2003-11-01,thessaly,39.534047310585166,22.22359823094182,88.869995,85.603294,83.93058,10.222317,14.134333,6.7602134,2.204358,0,0.0
2003-12-01,thessaly,39.534047310585166,22.22359823094182,315.47742,83.853485,62.295662,4.8627896,8.651762,1.5613326,2.3847435,0,0.0
2004-01-01,thessaly,39.534047310585166,22.22359823094182,386.93225,79.631836,69.79422,2.5297973,6.885068,-1.486247,2.5061266,0,0.0
2004-02-01,thessaly,39.534047310585166,22.22359823094182,73.54483,68.57366,121.50916,5.3085446,10.670414,-0.03848752,2.2700253,0,0.0
2004-03-01,thessaly,39.534047310585166,22.22359823094182,184.94516,74.24967,157.55528,8.19135,12.772251,3.1289034,2.3366876,0,0.0
2004-04-01,thessaly,39.534047310585166,22.22359823094182,185.94,72.93621,178.40689,12.141487,16.382645,7.4290257,2.527689,0,0.0
2004-05-01,thessaly,39.534047310585166,22.22359823094182,159.36775,65.31675,268.88654,15.544849,20.320547,9.014372,2.5105736,0,0.0
2004-06-01,thessaly,39.534047310585166,22.22359823094182,116.76001,61.468334,275.94507,22.150145,27.055183,14.7135725,2.3421073,0,0.0
2004-07-01,thessaly,39.534047310585166,22.22359823094182,32.803223,51.275364,293.94193,24.862457,29.78593,16.906176,2.1577137,0,0.0
2004-08-01,thessaly,39.534047310585166,22.22359823094182,18.206451,55.36041,263.8883,24.053219,29.890955,16.286781,2.0925004,0,0.0
2004-09-01,thessaly,39.534047310585166,22.22359823094182,121.78334,64.39824,198.87494,19.496273,25.190214,12.483108,1.9383332,0,0.0
2004-10-01,thessaly,39.534047310585166,22.22359823094182,177.89679,74.51511,142.46764,16.203213,21.921259,10.301025,2.2420306,0,0.0
2004-11-01,thessaly,39.534047310585166,22.22359823094182,191.26001,74.00892,77.50966,9.195238,14.13089,4.244515,2.195689,0,0.0
2004-12-01,thessaly,39.534047310585166,22.22359823094182,294.09677,84.145706,52.396885,6.169097,10.421308,2.2505472,2.2149081,0,0.0
2005-01-01,thessaly,39.534047310585166,22.22359823094182,126.448395,69.47598,82.8347,4.0056148,8.011493,0.23353504,2.005354,0,0.0
2005-02-01,thessaly,39.534047310585166,22.22359823094182,307.84644,71.66904,106.32069,3.199941,7.1919584,-0.7647931,2.477114,0,0.0
2005-03-01,thessaly,39.534047310585166,22.22359823094182,167.69356,70.80628,177.50745,8.033245,12.213733,2.7763226,2.2064927,0,0.0
2005-04-01,thessaly,39.534047310585166,22.22359823094182,23.746668,61.305305,218.18874,11.687346,16.117487,5.820386,2.6001205,0,0.0
2005-05-01,thessaly,39.534047310585166,22.22359823094182,90.51613,64.642944,245.65717,17.305304,21.8135,11.140987,2.605237,0,0.0
2005-06-01,thessaly,39.534047310585166,22.22359823094182,28.516668,60.93342,286.52576,20.548906,24.856884,14.448933,2.3973937,0,0.0
2005-07-01,thessaly,39.534047310585166,22.22359823094182,2.0935483,60.887283,286.01425,24.017797,28.646673,17.969828,2.1720283,0,0.0
2005-08-01,thessaly,39.534047310585166,22.22359823094182,11.870968,65.78185,258.47162,23.478546,28.294767,17.187298,2.144871,0,0.0
2005-09-01,thessaly,39.534047310585166,22.22359823094182,124.07001,66.598114,177.22575,19.822613,24.25812,14.559338,1.8389889,0,0.0
2005-10-01,thessaly,39.534047310585166,22.22359823094182,72.61613,70.24251,134.57375,13.763811,18.126503,9.103238,2.292115,0,0.0
2005-11-01,thessaly,39.534047310585166,22.22359823094182,287.90332,69.457275,91.883446,8.142869,12.513443,3.7759285,2.28323,0,0.0
2005-12-01,thessaly,39.534047310585166,22.22359823094182,380.73547,76.97026,66.22113,6.0143,10.124696,2.187119,2.1530569,0,0.0
2006-01-01,thessaly,39.534047310585166,22.22359823094182,213.02904,71.040184,78.159065,1.707168,5.726202,-1.3066473,2.0944836,0,0.0
2006-02-01,thessaly,39.534047310585166,22.22359823094182,171.88928,75.150925,104.28325,4.2614555,8.481313,-0.060761075,2.076795,0,0.0
2006-03-01,thessaly,39.534047310585166,22.22359823094182,156.09677,68.806725,155.58443,8.151101,11.951524,3.8512013,2.528664,0,0.0
2006-04-01,thessaly,39.534047310585166,22.22359823094182,145.46333,68.90268,200.17401,12.120705,16.743134,7.180903,2.1699777,0,0.0
2006-05-01,thessaly,39.534047310585166,22.22359823094182,4.2290325,65.789116,282.07877,16.68716,21.729195,10.141642,2.5591512,0,0.0
2006-06-01,thessaly,39.534047310585166,22.22359823094182,68.206665,63.629875,274.13263,21.145271,26.024796,14.501054,2.372821,0,0.0
2006-07-01,thessaly,39.534047310585166,22.22359823094182,30.061289,62.65148,274.2298,22.86413,27.312319,17.030811,2.3136477,0,0.0
2006-08-01,thessaly,39.534047310585166,22.22359823094182,4.148387,54.417786,283.75507,24.655157,29.766945,17.827845,2.291756,0,0.0
2006-09-01,thessaly,39.534047310585166,22.22359823094182,152.60666,62.015194,194.01793,19.244919,23.808775,13.552211,1.9138925,0,0.0
2006-10-01,thessaly,39.534047310585166,22.22359823094182,138.15485,73.45249,133.77797,14.867456,18.545492,11.00186,2.25512,0,0.0
2006-11-01,thessaly,39.534047310585166,22.22359823094182,64.44,72.91471,104.45999,8.101831,13.408404,2.8596735,2.3086667,0,0.0
2006-12-01,thessaly,39.534047310585166,22.22359823094182,106.14839,75.320175,69.248276,5.1831145,9.575922,1.1009699,1.8275081,0,0.0
2007-01-01,thessaly,39.534047310585166,22.22359823094182,39.78387,69.08817,105.47787,6.475882,11.787052,0.74175966,1.7941071,0,0.0
2007-02-01,thessaly,39.534047310585166,22.22359823094182,64.32143,72.94644,106.93597,6.017687,9.588576,1.8276994,2.2968264,0,0.0
2007-03-01,thessaly,39.534047310585166,22.22359823094182,178.8742,66.825165,149.03893,8.573752,12.811643,3.2624605,2.5904005,0,0.0
2007-04-01,thessaly,39.534047310585166,22.22359823094182,48.613335,65.2422,236.70137,11.919593,16.502995,5.8177075,1.9458569,0,0.0
2007-05-01,thessaly,39.534047310585166,22.22359823094182,167.87741,65.77826,229.7208,17.703869,22.215292,12.358946,2.6384802,0,0.0
2007-06-01,thessaly,39.534047310585166,22.22359823094182,154.66333,59.17395,290.4846,22.733356,27.641228,16.052567,2.1735413,0,0.0
2007-07-01,thessaly,39.534047310585166,22.22359823094182,0.0,44.236492,313.85162,25.523422,30.878036,18.09502,2.2786274,0,0.0
2007-08-01,thessaly,39.534047310585166,22.22359823094182,6.493549,55.038914,272.11993,24.466515,29.67497,17.51167,2.1970317,0,0.0
2007-09-01,thessaly,39.534047310585166,22.22359823094182,45.53,61.2493,205.34438,18.620235,23.750538,12.484013,2.0987024,0,0.0
2007-10-01,thessaly,39.534047310585166,22.22359823094182,322.92905,66.79623,118.32304,14.620427,18.968428,10.129344,1.8819506,0,0.0
2007-11-01,thessaly,39.534047310585166,22.22359823094182,269.57,74.56565,78.64437,9.127309,12.891991,5.2924895,2.381275,0,0.0
2007-12-01,thessaly,39.534047310585166,22.22359823094182,199.15161,75.91937,65.32881,4.171234,7.725663,1.160654,2.1505454,0,0.0
2008-01-01,thessaly,39.534047310585166,22.22359823094182,40.60968,77.00496,78.88587,4.3908877,8.66132,0.67913234,1.6706971,0,0.0
2008-02-01,thessaly,39.534047310585166,22.22359823094182,43.417244,67.90731,124.2566,5.0256457,9.886004,0.19465397,1.8610252,0,0.0
2008-03-01,thessaly,39.534047310585166,22.22359823094182,97.75807,67.75748,160.37953,9.894448,14.683282,4.682725,2.609829,0,0.0
2008-04-01,thessaly,39.534047310585166,22.22359823094182,273.30334,70.17689,203.23586,12.472173,17.012426,7.1103606,2.3237875,0,0.0
2008-05-01,thessaly,39.534047310585166,22.22359823094182,48.90968,65.67914,266.2752,16.862518,21.648024,10.640911,2.207625,0,0.0
2008-06-01,thessaly,39.534047310585166,22.22359823094182,10.836667,65.05541,282.08667,22.253422,27.170038,15.753603,2.0601833,0,0.0
2008-07-01,thessaly,39.534047310585166,22.22359823094182,0.20645161,60.42082,313.93552,24.191448,29.19255,17.545986,2.1831932,0,0.0
2008-08-01,thessaly,39.534047310585166,22.22359823094182,0.4548387,58.048847,281.3664,24.748632,30.208954,17.58033,1.9958173,0,0.0
2008-09-01,thessaly,39.534047310585166,22.22359823094182,197.90666,63.82139,186.1262,18.524723,23.01309,13.61959,1.9226912,0,0.0
2008-10-01,thessaly,39.534047310585166,22.22359823094182,32.335487,72.65789,143.41113,14.192359,18.982315,9.453904,1.9470186,0,0.0
2008-11-01,thessaly,39.534047310585166,22.22359823094182,298.11334,76.10897,80.43265,10.510427,14.34631,6.983892,2.2929978,0,0.0
2008-12-01,thessaly,39.534047310585166,22.22359823094182,352.30002,72.389824,66.27453,5.907364,9.42679,2.6207607,2.0818532,0,0.0
2009-01-01,thessaly,39.534047310585166,22.22359823094182,592.1161,80.39038,61.77509,5.4133835,8.526376,2.3416996,2.1142647,0,0.0
2009-02-01,thessaly,39.534047310585166,22.22359823094182,131.76428,67.09771,106.034485,5.1831603,8.269968,0.6743522,2.3206112,0,0.0
2009-03-01,thessaly,39.534047310585166,22.22359823094182,287.2,70.357796,152.27231,7.1960287,11.529779,2.2156217,2.4151397,0,0.0
2009-04-01,thessaly,39.534047310585166,22.22359823094182,128.26001,72.960335,179.76344,11.568579,15.806745,6.8760962,2.1553133,0,0.0
2009-05-01,thessaly,39.534047310585166,22.22359823094182,56.27097,68.78295,251.45738,17.476297,22.633839,11.558543,2.3982897,0,0.0
2009-06-01,thessaly,39.534047310585166,22.22359823094182,113.97334,64.425026,299.62967,20.979471,26.274612,14.549554,2.3100626,0,0.0
2009-07-01,thessaly,39.534047310585166,22.22359823094182,8.416128,58.258114,312.28433,23.946842,29.013937,17.758068,2.262247,0,0.0
2009-08-01,thessaly,39.534047310585166,22.22359823094182,75.94516,63.9378,244.97842,23.292992,28.182055,17.259617,1.989344,0,0.0
2009-09-01,thessaly,39.534047310585166,22.22359823094182,42.01667,69.19172,175.46667,19.09717,23.264797,14.251808,1.9432348,0,0.0
2009-10-01,thessaly,39.534047310585166,22.22359823094182,252.02582,72.47858,124.81535,14.950542,19.329788,10.144628,2.0841265,0,0.0
2009-11-01,thessaly,39.534047310585166,22.22359823094182,235.68335,76.094444,104.282295,10.037912,15.448933,5.288292,2.4459262,0,0.0
2009-12-01,thessaly,39.534047310585166,22.22359823094182,339.29355,79.88166,61.145947,8.176736,11.948781,4.657686,2.447008,0,0.0
2010-01-01,thessaly,39.534047310585166,22.22359823094182,86.145164,66.6917,64.36174,5.144561,8.1722,2.1903358,2.1083436,0,0.0
2010-02-01,thessaly,39.534047310585166,22.22359823094182,246.70358,75.54388,99.79064,6.2737236,10.368268,2.0383818,2.5239143,0,0.0
2010-03-01,thessaly,39.534047310585166,22.22359823094182,119.435486,68.74568,149.90723,8.153588,12.714505,2.834042,2.228898,0,0.0
2010-04-01,thessaly,39.534047310585166,22.22359823094182,27.616667,68.97601,196.25172,12.252071,17.166195,6.2265816,2.1148903,0,0.0
2010-05-01,thessaly,39.534047310585166,22.22359823094182,158.99677,64.42173,259.5019,16.924078,22.479279,10.552531,2.3768303,0,0.0
2010-06-01,thessaly,39.534047310585166,22.22359823094182,52.723335,66.76012,238.71956,20.929533,25.736086,14.586269,2.1887157,0,0.0
2010-07-01,thessaly,39.534047310585166,22.22359823094182,17.641935,63.427578,269.45453,23.927395,28.754688,17.398155,2.058649,0,0.0
2010-08-01,thessaly,39.534047310585166,22.22359823094182,0.7483871,55.302628,275.21045,25.5397,30.93458,18.554256,1.8556159,0,0.0
2010-09-01,thessaly,39.534047310585166,22.22359823094182,72.793335,72.14112,191.76323,19.492605,24.168121,14.256568,1.8953198,0,0.0
2010-10-01,thessaly,39.534047310585166,22.22359823094182,582.1516,76.7375,98.474976,13.1430235,17.039213,9.356131,2.2687767,0,0.0
2010-11-01,thessaly,39.534047310585166,22.22359823094182,109.27,76.622444,96.05426,12.393149,17.33947,7.54016,2.2404742,0,0.0
2010-12-01,thessaly,39.534047310585166,22.22359823094182,119.74516,71.01444,71.802666,6.5933723,10.882634,2.6374662,1.9887855,0,0.0
2011-01-01,thessaly,39.534047310585166,22.22359823094182,92.787094,72.74163,85.42558,4.974761,9.139068,1.1390412,1.8163866,0,0.0
2011-02-01,thessaly,39.534047310585166,22.22359823094182,113.39643,70.78405,99.94804,6.2402315,10.235441,2.1689854,2.0378883,0,0.0
2011-03-01,thessaly,39.534047310585166,22.22359823094182,188.83871,68.03564,141.25362,7.3577,11.761371,2.4982157,2.1708162,0,0.0
2011-04-01,thessaly,39.534047310585166,22.22359823094182,142.95001,65.06308,208.42828,11.005797,15.320999,5.1709423,2.197463,0,0.0
2011-05-01,thessaly,39.534047310585166,22.22359823094182,123.480644,69.64726,197.38065,15.660891,20.31736,10.054938,2.3748322,0,0.0
2011-06-01,thessaly,39.534047310585166,22.22359823094182,40.61667,67.86464,253.29979,20.808937,25.84131,15.474084,2.1862795,0,0.0
2011-07-01,thessaly,39.534047310585166,22.22359823094182,0.26451612,60.1481,303.50522,24.118044,30.087147,17.02277,2.0728858,0,0.0
2011-08-01,thessaly,39.534047310585166,22.22359823094182,0.9387097,57.49561,268.30856,23.055738,29.421993,16.943638,1.927426,0,0.0
2011-09-01,thessaly,39.534047310585166,22.22359823094182,89.47,61.08269,205.42735,20.756681,27.0715,14.849068,1.8354185,0,0.0
2011-10-01,thessaly,39.534047310585166,22.22359823094182,210.90646,64.4068,127.90167,12.3482,17.289644,7.787392,2.1089606,0,0.0
2011-11-01,thessaly,39.534047310585166,22.22359823094182,12.796667,66.2434,80.83287,6.63303,11.823517,2.5490274,2.0324118,0,0.0
2011-12-01,thessaly,39.534047310585166,22.22359823094182,298.38065,79.95675,72.59822,5.140093,9.781092,0.78385097,2.0176792,0,0.0
2012-01-01,thessaly,39.534047310585166,22.22359823094182,99.8,74.95994,75.33882,1.4886786,6.4354796,-2.9101667,1.7183113,0,0.0
2012-02-01,thessaly,39.534047310585166,22.22359823094182,331.56207,69.47501,92.89251,2.991265,6.863248,-0.5959048,2.213992,0,0.0
2012-03-01,thessaly,39.534047310585166,22.22359823094182,109.87419,65.4354,170.72304,7.849243,13.018689,2.8571343,1.9978783,0,0.0
2012-04-01,thessaly,39.534047310585166,22.22359823094182,100.77667,68.09379,216.86436,12.123812,17.448786,6.812724,2.612895,0,0.0
2012-05-01,thessaly,39.534047310585166,22.22359823094182,114.12258,69.03197,225.30455,16.313467,21.832224,10.970535,2.298768,0,0.0
2012-06-01,thessaly,39.534047310585166,22.22359823094182,0.0,63.389084,311.9936,22.245167,28.529243,15.528424,2.2384877,0,0.0
2012-07-01,thessaly,39.534047310585166,22.22359823094182,0.12580645,58.15003,295.09122,25.633331,31.907578,18.93027,2.1987312,0,0.0
2012-08-01,thessaly,39.534047310585166,22.22359823094182,16.332258,53.66429,285.9415,24.289854,31.039877,17.727705,2.009539,0,0.0
2012-09-01,thessaly,39.534047310585166,22.22359823094182,207.80666,60.101643,206.39954,19.864134,25.928858,14.209537,1.9029732,0,0.0
2012-10-01,thessaly,39.534047310585166,22.22359823094182,201.78386,65.70988,134.80624,16.556986,22.252,11.591815,2.0743146,0,0.0
2012-11-01,thessaly,39.534047310585166,22.22359823094182,225.82333,77.2888,87.11287,11.22451,15.7175865,7.239917,2.1407785,0,0.0
2012-12-01,thessaly,39.534047310585166,22.22359823094182,356.9258,75.80539,67.46786,4.6885514,9.196623,0.843584,1.997363,0,0.0
2013-01-01,thessaly,39.534047310585166,22.22359823094182,277.50323,77.394936,78.19666,5.082792,9.605308,0.65472746,2.15491,0,0.0
2013-02-01,thessaly,39.534047310585166,22.22359823094182,354.51428,75.27206,90.64704,6.4392014,10.675632,2.5271525,2.411867,0,0.0
2013-03-01,thessaly,39.534047310585166,22.22359823094182,82.47742,74.090744,150.1159,8.543843,13.226431,3.9809318,2.349067,0,0.0
2013-04-01,thessaly,39.534047310585166,22.22359823094182,39.313335,63.762783,234.9708,12.935229,18.745956,6.805717,2.2452996,0,0.0
2013-05-01,thessaly,39.534047310585166,22.22359823094182,60.003227,62.166824,241.22424,18.246235,23.966608,12.175237,2.4907901,0,0.0
2013-06-01,thessaly,39.534047310585166,22.22359823094182,52.033333,68.595894,256.4648,20.854422,26.709038,14.9311,2.1900918,0,0.0
2013-07-01,thessaly,39.534047310585166,22.22359823094182,29.909678,61.85466,276.65475,22.953358,28.583162,16.943346,2.0211756,0,0.0
2013-08-01,thessaly,39.534047310585166,22.22359823094182,3.4612904,55.831432,264.25073,23.962023,29.922373,17.23736,1.9809177,0,0.0
2013-09-01,thessaly,39.534047310585166,22.22359823094182,37.516663,60.409023,213.51173,19.758486,25.807829,13.438513,1.8028992,0,0.0
2013-10-01,thessaly,39.534047310585166,22.22359823094182,84.658066,67.18493,149.1486,14.621448,20.306143,9.678916,2.1117516,0,0.0
2013-11-01,thessaly,39.534047310585166,22.22359823094182,295.19666,73.020195,71.85402,10.854752,15.061167,7.029306,2.315181,0,0.0
2013-12-01,thessaly,39.534047310585166,22.22359823094182,233.00645,71.917175,72.50945,4.954743,9.867922,0.49153727,1.8087809,0,0.0
2014-01-01,thessaly,39.534047310585166,22.22359823094182,162.32904,83.75226,72.02759,6.763664,11.181577,2.9478018,2.239649,0,0.0
2014-02-01,thessaly,39.534047310585166,22.22359823094182,108.275,73.47718,98.95222,7.5892906,12.024477,3.1504016,2.2327516,0,0.0
2014-03-01,thessaly,39.534047310585166,22.22359823094182,278.60645,64.38221,150.9257,8.898093,13.917265,3.8791878,2.1532125,0,0.0
2014-04-01,thessaly,39.534047310585166,22.22359823094182,199.18333,70.0245,184.31609,11.699975,16.658052,6.522209,2.147483,0,0.0
2014-05-01,thessaly,39.534047310585166,22.22359823094182,79.787094,67.28898,244.23068,15.675104,21.379314,9.753019,2.3054578,0,0.0
2014-06-01,thessaly,39.534047310585166,22.22359823094182,17.083332,59.304874,257.8501,20.664309,26.491922,14.241657,2.1765704,0,0.0
2014-07-01,thessaly,39.534047310585166,22.22359823094182,58.067745,65.17934,225.93703,23.10181,28.809324,16.730927,1.8603225,0,0.0
2014-08-01,thessaly,39.534047310585166,22.22359823094182,10.441936,64.50154,261.99957,23.549892,30.043016,17.080465,1.7975817,1,14.0
2014-09-01,thessaly,39.534047310585166,22.22359823094182,349.2,71.9526,166.7708,18.74633,24.05292,13.877376,1.6777046,1,2836.0
2014-10-01,thessaly,39.534047310585166,22.22359823094182,415.83228,73.88037,107.41958,14.080463,18.661854,9.33983,1.970723,1,7336.0
2014-11-01,thessaly,39.534047310585166,22.22359823094182,224.66666,80.42812,66.00966,10.254358,13.91477,6.6999907,2.0574741,1,12215.0
2014-12-01,thessaly,39.534047310585166,22.22359823094182,514.66455,77.72568,59.74283,6.602478,10.579182,3.0861177,1.8857285,0,0.0
2015-01-01,thessaly,39.534047310585166,22.22359823094182,202.0871,71.9852,65.44539,4.361606,9.301973,-0.4509054,2.0049708,0,0.0
2015-02-01,thessaly,39.534047310585166,22.22359823094182,352.99286,62.749866,91.76207,4.6104655,9.100044,0.18484233,2.372385,0,0.0
2015-03-01,thessaly,39.534047310585166,22.22359823094182,370.7774,66.07992,114.83114,6.8565364,10.784837,2.7583895,2.132007,0,0.0
2015-04-01,thessaly,39.534047310585166,22.22359823094182,84.51666,64.60356,207.94113,10.975758,16.66946,5.0720387,2.2558208,0,0.0
2015-05-01,thessaly,39.534047310585166,22.22359823094182,38.04194,69.27201,238.72993,17.245329,23.181442,11.091305,2.478385,0,0.0
2015-06-01,thessaly,39.534047310585166,22.22359823094182,123.86667,66.881004,262.07587,19.718966,25.351948,14.103463,2.0301812,0,0.0
2015-07-01,thessaly,39.534047310585166,22.22359823094182,20.667742,64.79603,312.51212,24.443678,30.48808,17.571077,1.8858194,0,0.0
2015-08-01,thessaly,39.534047310585166,22.22359823094182,30.367743,65.02438,248.05919,23.672482,29.813894,17.811049,1.8756828,0,0.0
2015-09-01,thessaly,39.534047310585166,22.22359823094182,363.96002,61.083675,193.41699,20.72387,26.248302,15.764156,1.8663646,0,0.0
2015-10-01,thessaly,39.534047310585166,22.22359823094182,481.37418,80.053566,106.291664,14.803285,18.787157,11.320724,2.0089977,0,0.0
2015-11-01,thessaly,39.534047310585166,22.22359823094182,210.03,74.23348,105.695625,11.167448,17.530466,6.268248,2.0727675,0,0.0
2015-12-01,thessaly,39.534047310585166,22.22359823094182,0.0,81.94616,90.7208,5.3587027,11.762513,0.8057174,1.4137907,0,0.0
2016-01-01,thessaly,39.534047310585166,22.22359823094182,226.59677,79.82204,84.63337,5.0019884,9.653576,0.613911,2.1667743,0,0.0
2016-02-01,thessaly,39.534047310585166,22.22359823094182,112.30345,77.07134,104.65422,9.212578,14.229802,4.2118006,2.3877573,0,0.0
2016-03-01,thessaly,39.534047310585166,22.22359823094182,365.02582,69.44352,148.99243,8.702874,13.246589,3.8898463,2.2602575,0,0.0
2016-04-01,thessaly,39.534047310585166,22.22359823094182,38.95667,65.73528,209.21678,14.067925,20.215445,7.926704,2.2274027,0,0.0
2016-05-01,thessaly,39.534047310585166,22.22359823094182,202.15485,73.651566,230.93239,15.803421,21.034891,9.86155,2.3801556,0,0.0
2016-06-01,thessaly,39.534047310585166,22.22359823094182,94.81334,68.49078,273.4246,21.85134,27.484566,15.694506,2.1580179,0,0.0
2016-07-01,thessaly,39.534047310585166,22.22359823094182,12.167742,66.28505,266.36505,24.09602,29.562033,17.814535,1.9813269,0,0.0
2016-08-01,thessaly,39.534047310585166,22.22359823094182,32.40645,69.592064,254.43025,23.500206,28.901434,17.621151,1.9472722,0,0.0
2016-09-01,thessaly,39.534047310585166,22.22359823094182,435.62668,73.14998,168.07654,19.100151,24.254244,14.231987,1.9129126,0,0.0
2016-10-01,thessaly,39.534047310585166,22.22359823094182,209.12581,73.61648,122.54149,14.43647,18.866022,10.042268,1.8644317,0,0.0
2016-11-01,thessaly,39.534047310585166,22.22359823094182,255.07668,77.13835,88.04207,9.362306,13.963632,5.0959835,2.0619352,0,0.0
2016-12-01,thessaly,39.534047310585166,22.22359823094182,11.070968,72.5732,73.57597,3.7073908,8.791189,-0.6824583,1.5060164,0,0.0
2017-01-01,thessaly,39.534047310585166,22.22359823094182,571.5258,75.15806,69.42002,0.74696106,4.219312,-2.60307,2.1212296,0,0.0
2017-02-01,thessaly,39.534047310585166,22.22359823094182,137.79286,77.75428,110.21158,6.7312317,11.113051,2.411584,2.1649592,0,0.0
2017-03-01,thessaly,39.534047310585166,22.22359823094182,131.24194,66.893936,164.19911,9.325793,14.900049,3.765226,2.2851396,0,0.0
2017-04-01,thessaly,39.534047310585166,22.22359823094182,37.15,68.76675,247.39471,11.597555,17.421469,5.57914,2.4110467,0,0.0
2017-05-01,thessaly,39.534047310585166,22.22359823094182,171.69356,73.97322,240.20067,16.581993,22.490705,10.360589,2.3838017,0,0.0
2017-06-01,thessaly,39.534047310585166,22.22359823094182,21.760002,68.47418,261.46344,21.660309,27.712778,15.141191,2.2796307,0,0.0
2017-07-01,thessaly,39.534047310585166,22.22359823094182,106.4742,61.51795,308.17017,23.844917,30.006893,16.896873,2.2192898,0,0.0
2017-08-01,thessaly,39.534047310585166,22.22359823094182,23.125805,60.69177,282.50345,24.019682,30.381742,17.815165,2.1833687,0,0.0
2017-09-01,thessaly,39.534047310585166,22.22359823094182,33.676666,65.47303,209.9961,19.456055,25.5439,13.513415,2.0014162,0,0.0
2017-10-01,thessaly,39.534047310585166,22.22359823094182,111.13871,68.6552,160.0336,13.761717,20.035429,8.0053625,1.877272,0,0.0
2017-11-01,thessaly,39.534047310585166,22.22359823094182,531.3434,75.66125,85.53012,9.342928,14.151845,5.226662,1.9996219,0,0.0
2017-12-01,thessaly,39.534047310585166,22.22359823094182,263.23547,78.047676,73.8703,6.32384,11.237454,2.0128362,2.1806257,0,0.0
2018-01-01,thessaly,39.534047310585166,22.22359823094182,205.51614,,79.23448,5.3053617,10.069404,1.159971,2.2199438,0,0.0
2018-02-01,thessaly,39.534047310585166,22.22359823094182,691.77856,,81.209854,6.4619656,10.03701,2.8134089,2.1365197,0,0.0
2018-03-01,thessaly,39.534047310585166,22.22359823094182,267.87744,,136.83249,9.678453,14.648757,4.6164494,2.3721564,0,0.0
2018-04-01,thessaly,39.534047310585166,22.22359823094182,16.66,,198.28691,14.43779,21.085527,7.837333,2.230163,0,0.0
2018-05-01,thessaly,39.534047310585166,22.22359823094182,222.31613,,203.99199,18.134853,23.35806,12.848712,2.1096275,0,0.0
2018-06-01,thessaly,39.534047310585166,22.22359823094182,333.80002,,214.3315,20.910587,26.407429,15.555581,2.0166554,0,0.0
2018-07-01,thessaly,39.534047310585166,22.22359823094182,60.396774,,264.53192,23.364754,29.167938,17.28787,1.9157284,0,0.0
2018-08-01,thessaly,39.534047310585166,22.22359823094182,51.62258,,229.61423,23.044754,28.696424,17.253136,1.8424398,0,0.0
2018-09-01,thessaly,39.534047310585166,22.22359823094182,50.61,,180.63493,20.016268,25.143793,14.383218,1.7410356,0,0.0
2018-10-01,thessaly,39.534047310585166,22.22359823094182,77.71613,,118.60378,14.885468,20.253174,9.778344,2.1857026,0,0.0
2018-11-01,thessaly,39.534047310585166,22.22359823094182,334.56668,,75.62046,10.171666,14.511052,6.6132965,2.097792,0,0.0
2018-12-01,thessaly,39.534047310585166,22.22359823094182,230.7742,,58.951946,4.6591234,9.021045,0.4657931,1.7353301,0,0.0
2019-01-01,thessaly,39.534047310585166,22.22359823094182,836.0548,,64.04694,2.419802,6.202734,-1.3503759,2.1195018,0,0.0
2019-02-01,thessaly,39.534047310585166,22.22359823094182,35.710716,,105.289894,5.9463573,10.638785,1.2288768,2.025623,0,0.0
2019-03-01,thessaly,39.534047310585166,22.22359823094182,28.967741,,165.89766,9.305457,15.161368,3.5108654,2.1916845,0,0.0
2019-04-01,thessaly,39.534047310585166,22.22359823094182,280.12668,,189.88643,11.246866,16.278122,6.1631837,2.3230312,0,0.0
2019-05-01,thessaly,39.534047310585166,22.22359823094182,139.05484,,232.73814,15.438982,20.93952,9.590105,2.4135373,0,0.0
2019-06-01,thessaly,39.534047310585166,22.22359823094182,74.89334,,223.18759,22.23994,27.881468,16.006533,2.2289999,0,0.0
2019-07-01,thessaly,39.534047310585166,22.22359823094182,148.02258,,269.986,23.457691,29.101871,17.018633,1.9611973,0,0.0
2019-08-01,thessaly,39.534047310585166,22.22359823094182,0.0,,243.44539,24.511618,30.7404,17.56818,1.8667848,0,0.0
2019-09-01,thessaly,39.534047310585166,22.22359823094182,75.05334,,209.1646,20.140955,25.934116,14.243175,1.8694943,0,0.0
2019-10-01,thessaly,39.534047310585166,22.22359823094182,246.11292,,141.60379,15.988094,22.009272,10.91762,2.0170317,0,0.0
2019-11-01,thessaly,39.534047310585166,22.22359823094182,422.2467,,68.55287,12.556184,16.700771,8.68226,2.4799216,0,0.0
2019-12-01,thessaly,39.534047310585166,22.22359823094182,380.45163,,52.29922,6.889544,10.492662,3.549786,2.1077397,0,0.0
2020-01-01,thessaly,39.534047310585166,22.22359823094182,18.570967,,81.73837,4.0943265,9.66558,-0.6793459,1.812611,0,0.0
2020-02-01,thessaly,39.534047310585166,22.22359823094182,154.05862,,125.97241,6.6484447,12.223576,1.3486849,2.1958737,0,0.0
2020-03-01,thessaly,39.534047310585166,22.22359823094182,241.85162,,141.21312,8.463546,13.715501,3.3978622,2.157361,0,0.0
2020-04-01,thessaly,39.534047310585166,22.22359823094182,445.37665,,182.68668,10.328013,15.762465,4.6018095,2.048841,0,0.0
2020-05-01,thessaly,39.534047310585166,22.22359823094182,86.34838,,,16.462008,22.914837,9.46168,2.3163455,0,0.0
2020-06-01,thessaly,39.534047310585166,22.22359823094182,32.256668,,,20.228968,25.750181,14.0344715,2.1380625,0,0.0
2020-07-01,thessaly,39.534047310585166,22.22359823094182,74.98387,,,23.402588,29.088692,17.08786,1.8370404,0,0.0
2020-08-01,thessaly,39.534047310585166,22.22359823094182,117.08064,,,23.27712,29.31776,17.06403,1.8798375,0,0.0
2020-09-01,thessaly,39.534047310585166,22.22359823094182,82.49333,,,20.598726,26.408213,14.738365,1.8730828,1,155.0
2020-10-01,thessaly,39.534047310585166,22.22359823094182,136.20645,,,15.466174,21.31542,10.038361,2.2733839,1,254.0
2020-11-01,thessaly,39.534047310585166,22.22359823094182,26.623333,,,9.8602085,15.213322,5.0058827,1.8165123,1,354.0
2020-12-01,thessaly,39.534047310585166,22.22359823094182,525.3806,,,8.233184,11.90234,4.8034525,2.1328878,1,393.0
2021-01-01,thessaly,39.534047310585166,22.22359823094182,501.57422,73.99366,,5.8229938,10.310422,1.6957308,2.0616302,1,393.0
2021-02-01,thessaly,39.534047310585166,22.22359823094182,219.44287,71.71323,,6.4078994,11.956618,1.8636824,2.0298297,1,393.0
2021-03-01,thessaly,39.534047310585166,22.22359823094182,167.42581,63.687016,,7.0818286,12.083913,1.7040935,1.9676682,1,393.0
2021-04-01,thessaly,39.534047310585166,22.22359823094182,99.68,62.60693,,10.491039,16.039925,4.3801975,2.0433602,1,393.0
2021-05-01,thessaly,39.534047310585166,22.22359823094182,12.506453,66.3564,,17.329172,23.500523,10.143623,2.2966874,1,393.0
2021-06-01,thessaly,39.534047310585166,22.22359823094182,80.07001,63.619087,,21.173302,27.105259,14.095169,2.098917,1,393.0
2021-07-01,thessaly,39.534047310585166,22.22359823094182,15.548388,56.353386,,25.073751,30.963137,18.20276,1.9821367,1,393.0
2021-08-01,thessaly,39.534047310585166,22.22359823094182,4.867742,51.439156,313.30145,25.125067,31.575445,18.224617,1.8490407,1,393.0
2021-09-01,thessaly,39.534047310585166,22.22359823094182,58.233334,61.610336,204.48318,19.54395,25.08065,13.704591,1.7169284,1,393.0
2021-10-01,thessaly,39.534047310585166,22.22359823094182,782.1516,64.53847,96.13151,12.595881,16.88398,8.585363,1.8701127,1,393.0
2021-11-01,thessaly,39.534047310585166,22.22359823094182,343.10333,69.42563,83.11025,10.370602,14.854917,6.347002,2.0789394,1,393.0
2021-12-01,thessaly,39.534047310585166,22.22359823094182,376.01935,77.78044,63.06541,5.5399313,9.852648,1.2766719,1.960684,1,393.0
2022-01-01,thessaly,39.534047310585166,22.22359823094182,162.26775,76.08723,,3.3273058,8.358075,-1.3998665,1.6267741,1,393.0
2022-02-01,thessaly,39.534047310585166,22.22359823094182,273.2,77.74615,122.35911,5.513495,10.685727,0.54555666,1.900477,1,393.0
2022-03-01,thessaly,39.534047310585166,22.22359823094182,189.80322,66.63626,147.89873,4.8058267,9.408905,-0.22636482,2.0575666,1,393.0
2022-04-01,thessaly,39.534047310585166,22.22359823094182,81.73,74.807625,233.30922,11.760248,17.37874,5.5762687,2.228275,1,393.0
2022-05-01,thessaly,39.534047310585166,22.22359823094182,47.803226,68.59571,,17.017199,22.98283,10.334865,2.095499,1,393.0
2022-06-01,thessaly,39.534047310585166,22.22359823094182,87.75334,63.602562,,22.523966,28.042488,16.488636,2.1582012,1,393.0
2022-07-01,thessaly,39.534047310585166,22.22359823094182,55.667744,62.126495,,24.116224,29.857826,17.418766,1.9610869,1,393.0
2022-08-01,thessaly,39.534047310585166,22.22359823094182,80.006454,67.325554,,23.714827,29.764204,17.718843,1.942782,1,393.0
2022-09-01,thessaly,39.534047310585166,22.22359823094182,60.953335,69.42449,,19.490744,25.201044,13.387953,1.8332348,1,393.0
2022-10-01,thessaly,39.534047310585166,22.22359823094182,91.964516,71.829445,,15.053019,20.971138,9.374205,1.945722,1,393.0
2022-11-01,thessaly,39.534047310585166,22.22359823094182,273.59,74.92448,,11.349919,16.245762,6.7807746,2.175651,1,393.0
2022-12-01,thessaly,39.534047310585166,22.22359823094182,196.89032,82.26733,,8.83248,12.969873,5.3943696,1.6457566,1,393.0
2023-01-01,thessaly,39.534047310585166,22.22359823094182,375.83228,83.53558,,6.302042,11.026694,2.1558864,1.9218987,1,393.0
2023-02-01,thessaly,39.534047310585166,22.22359823094182,17.639286,79.23196,,4.844862,10.488529,-0.5191527,1.9059012,1,393.0
2023-03-01,thessaly,39.534047310585166,22.22359823094182,154.74516,78.57401,,8.865515,13.987736,3.2559931,2.1236806,1,393.0
2023-04-01,thessaly,39.534047310585166,22.22359823094182,242.23,77.620285,,10.838529,15.821989,5.6036987,2.159888,1,393.0
2023-05-01,thessaly,39.534047310585166,22.22359823094182,345.38065,79.32936,,14.865353,19.22775,10.192654,2.2452152,1,393.0
2023-06-01,thessaly,39.534047310585166,22.22359823094182,177.01,70.58901,,20.490288,25.62809,14.770504,1.8854698,1,393.0
2023-07-01,thessaly,39.534047310585166,22.22359823094182,6.2,64.43876,,25.626287,31.82948,18.897768,1.8677137,1,393.0
2023-08-01,thessaly,39.534047310585166,22.22359823094182,8.36129,69.40187,,24.273989,30.534618,17.956715,1.8863673,1,393.0
2023-09-01,thessaly,39.534047310585166,22.22359823094182,225.87,73.89547,,19.860426,25.383888,15.528327,1.8004832,1,393.0
2023-10-01,thessaly,39.534047310585166,22.22359823094182,71.53226,72.655624,,17.263308,22.72418,12.353303,2.323912,1,393.0
2023-11-01,thessaly,39.534047310585166,22.22359823094182,471.52667,79.16344,,11.851925,16.858618,7.099239,2.3142953,1,393.0
2023-12-01,thessaly,39.534047310585166,22.22359823094182,154.26775,77.45015,78.37037,7.455403,12.684398,3.3790011,1.8714982,1,393.0
2024-01-01,thessaly,39.534047310585166,22.22359823094182,182.23227,74.09089,,5.739764,10.410601,1.5377976,1.8260019,1,393.0
2024-02-01,thessaly,39.534047310585166,22.22359823094182,200.21036,73.206764,,8.795284,13.9720545,4.1297717,2.2250023,1,393.0
2024-03-01,thessaly,39.534047310585166,22.22359823094182,266.09033,74.861824,144.03448,10.261706,15.377101,5.4829836,2.3090713,1,393.0
2024-04-01,thessaly,39.534047310585166,22.22359823094182,274.93335,70.206985,228.24074,14.667751,20.995584,8.710729,2.27025,1,393.0
2024-05-01,thessaly,39.534047310585166,22.22359823094182,123.21614,73.48027,142.37038,16.780678,22.447855,11.382576,2.2418768,1,393.0
2024-06-01,thessaly,39.534047310585166,22.22359823094182,5.0299997,63.03213,227.52274,24.425701,31.213026,18.120598,2.2386894,1,393.0
2024-07-01,thessaly,39.534047310585166,22.22359823094182,37.21613,61.433712,187.16666,26.678333,33.141308,20.55029,1.9175951,1,393.0
2024-08-01,thessaly,39.534047310585166,22.22359823094182,26.061289,60.24853,120.40909,26.018702,32.31243,20.047468,1.831432,1,393.0
2024-09-01,thessaly,39.534047310585166,22.22359823094182,320.11,78.74296,241.75,20.68157,25.890957,15.702913,1.863409,1,393.0
2024-10-01,thessaly,39.534047310585166,22.22359823094182,55.98387,80.74554,,16.107832,21.93596,10.5023,2.112627,1,393.0
2024-11-01,thessaly,39.534047310585166,22.22359823094182,520.8567,73.93131,,9.842416,15.04338,5.1369514,1.8054999,1,433.0
2024-12-01,thessaly,39.534047310585166,22.22359823094182,518.40967,,,7.212064,11.181738,3.4706874,1.8300048,1,439.0
2000-01-01,north_aegean,38.83449910424037,26.093477972875423,25.703226,66.61779,89.76956,5.065911,7.84518,1.9593358,2.570654,0,0.0
2000-02-01,north_aegean,38.83449910424037,26.093477972875423,71.85173,67.542725,124.9891,7.877697,10.619878,4.1846046,3.175042,0,0.0
2000-03-01,north_aegean,38.83449910424037,26.093477972875423,37.477417,63.128735,184.83662,9.0657015,12.636101,4.4120398,2.861979,0,0.0
2000-04-01,north_aegean,38.83449910424037,26.093477972875423,19.263334,65.33246,205.3478,14.779636,18.37593,10.518137,3.118,0,0.0
2000-05-01,north_aegean,38.83449910424037,26.093477972875423,4.3580647,62.320168,283.37247,18.453129,22.893131,13.521395,2.9510026,0,0.0
2000-06-01,north_aegean,38.83449910424037,26.093477972875423,0.4166667,50.31904,314.74374,22.888412,27.88047,17.732275,3.2745495,0,0.0
2000-07-01,north_aegean,38.83449910424037,26.093477972875423,0.0,42.50815,326.4126,26.275723,31.429781,20.753832,3.5396423,0,0.0
2000-08-01,north_aegean,38.83449910424037,26.093477972875423,0.19354838,47.561962,281.04935,25.08221,29.561666,21.181404,3.63646,0,0.0
2000-09-01,north_aegean,38.83449910424037,26.093477972875423,0.7566667,56.34586,223.98274,21.392174,25.468744,16.4465,3.344009,0,0.0
2000-10-01,north_aegean,38.83449910424037,26.093477972875423,52.46774,65.730125,157.60999,16.151527,19.614534,12.442182,3.288108,0,0.0
2000-11-01,north_aegean,38.83449910424037,26.093477972875423,44.603333,70.3982,107.762146,14.093862,17.979744,10.172284,3.004964,0,0.0
2000-12-01,north_aegean,38.83449910424037,26.093477972875423,27.738712,71.13372,80.22183,10.11241,12.963026,6.817173,3.6936357,0,0.0
2001-01-01,north_aegean,38.83449910424037,26.093477972875423,52.36129,78.22697,79.44322,9.640275,12.331583,6.6640797,3.3708804,0,0.0
2001-02-01,north_aegean,38.83449910424037,26.093477972875423,48.6,72.53347,122.30991,9.286575,12.311891,5.7155037,3.2557528,0,0.0
2001-03-01,north_aegean,38.83449910424037,26.093477972875423,2.3774192,73.985275,179.03734,13.914184,17.361206,9.891556,3.7176983,0,0.0
2001-04-01,north_aegean,38.83449910424037,26.093477972875423,74.87,70.26527,222.18466,14.061706,17.538736,9.841087,3.6288106,0,0.0
2001-05-01,north_aegean,38.83449910424037,26.093477972875423,24.564516,67.1415,269.32443,17.974337,22.234459,13.240247,3.0776896,0,0.0
2001-06-01,north_aegean,38.83449910424037,26.093477972875423,0.4966667,57.499268,318.9082,22.80492,27.20149,17.770353,3.4027386,0,0.0
2001-07-01,north_aegean,38.83449910424037,26.093477972875423,0.0,57.907112,310.40012,26.874157,31.338737,22.204033,3.5052223,0,0.0
2001-08-01,north_aegean,38.83449910424037,26.093477972875423,0.54838705,56.26669,283.44595,26.152931,30.51305,22.190445,3.361116,0,0.0
2001-09-01,north_aegean,38.83449910424037,26.093477972875423,2.5466669,62.34464,239.46016,22.256735,26.491186,17.548138,3.6177747,0,0.0
2001-10-01,north_aegean,38.83449910424037,26.093477972875423,0.032258064,62.89126,168.23853,18.084667,21.847872,14.189411,3.291203,0,0.0
2001-11-01,north_aegean,38.83449910424037,26.093477972875423,199.12334,74.68994,97.82794,11.890382,15.125628,8.300881,3.6500177,0,0.0
2001-12-01,north_aegean,38.83449910424037,26.093477972875423,179.10645,76.39341,65.182594,6.918482,8.990285,4.556139,3.747306,0,0.0
2002-01-01,north_aegean,38.83449910424037,26.093477972875423,46.187096,73.49275,90.27794,6.85889,10.001915,3.6624002,3.2837577,0,0.0
2002-02-01,north_aegean,38.83449910424037,26.093477972875423,26.210712,71.713196,126.79429,10.911144,14.5148945,7.0272684,3.2956274,0,0.0
2002-03-01,north_aegean,38.83449910424037,26.093477972875423,49.725807,70.80923,171.75925,11.353898,14.713481,8.07406,3.520933,0,0.0
2002-04-01,north_aegean,38.83449910424037,26.093477972875423,26.880001,70.897644,197.85062,12.839451,16.232841,9.220058,3.1633782,0,0.0
2002-05-01,north_aegean,38.83449910424037,26.093477972875423,2.1032257,65.14637,280.6547,18.062819,22.275436,13.31129,3.5346906,0,0.0
2002-06-01,north_aegean,38.83449910424037,26.093477972875423,0.19666667,56.02661,297.3356,23.292343,27.609734,18.721077,3.4547656,0,0.0
2002-07-01,north_aegean,38.83449910424037,26.093477972875423,11.651613,60.113018,312.11105,26.25664,30.645597,21.321762,3.1769834,0,0.0
2002-08-01,north_aegean,38.83449910424037,26.093477972875423,4.3806453,60.17897,275.00882,25.340122,29.348963,20.960693,3.4579337,0,0.0
2002-09-01,north_aegean,38.83449910424037,26.093477972875423,49.486668,71.72662,201.47745,20.925526,24.65892,16.915726,2.666279,0,0.0
2002-10-01,north_aegean,38.83449910424037,26.093477972875423,40.641937,70.30831,158.81151,17.430227,20.82019,13.473767,2.9221272,0,0.0
2002-11-01,north_aegean,38.83449910424037,26.093477972875423,134.58667,78.5763,106.17843,13.911932,17.507608,10.005451,3.0599637,0,0.0
2002-12-01,north_aegean,38.83449910424037,26.093477972875423,177.3129,76.55908,57.125458,8.333311,10.71723,5.4441366,3.6309674,0,0.0
2003-01-01,north_aegean,38.83449910424037,26.093477972875423,76.60968,77.89178,76.111885,10.487239,12.891063,7.563681,3.6208718,0,0.0
2003-02-01,north_aegean,38.83449910424037,26.093477972875423,165.99643,71.60877,105.297935,4.2543907,6.5120687,1.9732666,4.0445943,0,0.0
2003-03-01,north_aegean,38.83449910424037,26.093477972875423,27.590322,65.57412,173.05254,7.3728175,10.782552,3.7314324,3.2200782,0,0.0
2003-04-01,north_aegean,38.83449910424037,26.093477972875423,81.12334,70.4819,211.68555,11.103568,14.662509,7.3226957,3.2493422,0,0.0
2003-05-01,north_aegean,38.83449910424037,26.093477972875423,16.351614,65.37633,282.88885,19.049173,23.874533,14.127342,3.0914648,0,0.0
2003-06-01,north_aegean,38.83449910424037,26.093477972875423,0.0,51.524845,321.38153,23.982813,28.574076,19.181911,3.0498648,0,0.0
2003-07-01,north_aegean,38.83449910424037,26.093477972875423,0.0,52.51563,324.95325,25.39036,29.9433,20.908073,3.272136,0,0.0
2003-08-01,north_aegean,38.83449910424037,26.093477972875423,0.0,51.608562,283.29263,25.741013,30.375843,21.412733,3.1625283,0,0.0
2003-09-01,north_aegean,38.83449910424037,26.093477972875423,8.546667,61.124535,229.275,20.658598,24.50894,16.673058,3.2615583,0,0.0
2003-10-01,north_aegean,38.83449910424037,26.093477972875423,31.587097,68.385254,150.80147,17.817087,21.35113,14.023567,3.241796,0,0.0
2003-11-01,north_aegean,38.83449910424037,26.093477972875423,9.763334,75.91457,103.96415,12.766353,16.339529,9.206687,3.0493603,0,0.0
2003-12-01,north_aegean,38.83449910424037,26.093477972875423,121.09355,76.64982,72.012924,9.213368,11.809231,6.3296394,3.4969397,0,0.0
2004-01-01,north_aegean,38.83449910424037,26.093477972875423,197.99033,76.50938,74.18185,7.2985954,9.926479,4.019165,3.6865473,0,0.0
2004-02-01,north_aegean,38.83449910424037,26.093477972875423,27.193104,70.1954,114.50407,7.8159833,11.052535,4.2651215,3.0883224,0,0.0
2004-03-01,north_aegean,38.83449910424037,26.093477972875423,9.7709675,65.83833,173.55258,10.846507,13.876015,7.4317546,3.3989015,0,0.0
2004-04-01,north_aegean,38.83449910424037,26.093477972875423,34.133335,66.69636,193.1369,13.4486265,16.798038,9.949989,3.4758646,0,0.0
2004-05-01,north_aegean,38.83449910424037,26.093477972875423,12.587097,63.708282,274.56223,17.119658,20.908796,12.499943,3.3137748,0,0.0
2004-06-01,north_aegean,38.83449910424037,26.093477972875423,10.716666,61.047306,303.04636,22.61043,26.99201,17.581135,3.1159997,0,0.0
2004-07-01,north_aegean,38.83449910424037,26.093477972875423,0.0,52.616383,310.88678,24.84631,29.146753,20.77333,3.3203835,0,0.0
2004-08-01,north_aegean,38.83449910424037,26.093477972875423,0.3419355,57.775223,283.30252,24.725805,28.937029,20.282286,2.9913425,0,0.0
2004-09-01,north_aegean,38.83449910424037,26.093477972875423,0.14000002,64.28197,232.60582,21.204008,25.092361,17.568802,3.389081,0,0.0
2004-10-01,north_aegean,38.83449910424037,26.093477972875423,0.17096774,71.91524,157.37854,18.408092,22.402939,14.427429,3.0529294,0,0.0
2004-11-01,north_aegean,38.83449910424037,26.093477972875423,47.506668,70.657455,97.766556,13.183206,16.612411,9.310883,3.2371984,0,0.0
2004-12-01,north_aegean,38.83449910424037,26.093477972875423,96.66774,75.25237,70.703476,10.259364,12.939828,7.4484153,3.4850914,0,0.0
2005-01-01,north_aegean,38.83449910424037,26.093477972875423,38.28387,73.04943,79.07977,8.809953,11.329828,5.836119,2.7931995,0,0.0
2005-02-01,north_aegean,38.83449910424037,26.093477972875423,165.57143,76.036415,110.92461,7.3798103,9.838066,4.6734037,3.7329922,0,0.0
2005-03-01,north_aegean,38.83449910424037,26.093477972875423,34.33871,73.57161,186.27838,10.198784,13.426214,6.481812,2.9849606,0,0.0
2005-04-01,north_aegean,38.83449910424037,26.093477972875423,5.4533334,62.301754,228.03404,13.479763,17.157803,9.534862,3.5666397,0,0.0
2005-05-01,north_aegean,38.83449910424037,26.093477972875423,8.612904,65.20545,279.13098,18.353376,22.346508,14.118378,3.2875328,0,0.0
2005-06-01,north_aegean,38.83449910424037,26.093477972875423,0.0,61.747925,318.3693,21.94752,26.066803,17.4915,3.2316308,0,0.0
2005-07-01,north_aegean,38.83449910424037,26.093477972875423,7.4225807,64.57396,307.60446,25.474003,29.953121,21.24499,3.437332,0,0.0
2005-08-01,north_aegean,38.83449910424037,26.093477972875423,0.048387095,66.1619,273.67514,25.517258,29.714218,21.280815,3.3466606,0,0.0
2005-09-01,north_aegean,38.83449910424037,26.093477972875423,14.186667,62.839325,216.29446,21.660275,25.671558,17.821745,3.2263331,0,0.0
2005-10-01,north_aegean,38.83449910424037,26.093477972875423,18.141937,68.14347,157.85782,15.923453,19.232742,12.207988,3.2144985,0,0.0
2005-11-01,north_aegean,38.83449910424037,26.093477972875423,188.79001,69.07487,101.9982,11.548569,14.154146,8.513039,3.4132612,0,0.0
2005-12-01,north_aegean,38.83449910424037,26.093477972875423,76.29032,75.55024,70.866066,10.437656,12.541328,7.76629,3.3871055,0,0.0
2006-01-01,north_aegean,38.83449910424037,26.093477972875423,43.40968,66.84777,77.082436,5.9939847,8.450351,3.3042693,3.4239058,0,0.0
2006-02-01,north_aegean,38.83449910424037,26.093477972875423,62.432144,73.32052,108.069305,8.142499,10.899117,4.93939,3.025077,0,0.0
2006-03-01,north_aegean,38.83449910424037,26.093477972875423,107.993546,69.27387,172.38112,10.37018,13.3498,6.8105884,3.5193985,0,0.0
2006-04-01,north_aegean,38.83449910424037,26.093477972875423,7.79,67.309364,200.89754,14.21003,17.892538,10.866157,3.025207,0,0.0
2006-05-01,north_aegean,38.83449910424037,26.093477972875423,3.5290322,66.06519,272.8967,18.00833,22.35319,13.429583,3.3057628,0,0.0
2006-06-01,north_aegean,38.83449910424037,26.093477972875423,7.006666,62.766644,310.16205,22.877302,27.14744,18.324402,3.1825314,0,0.0
2006-07-01,north_aegean,38.83449910424037,26.093477972875423,6.1870966,57.227947,309.48422,24.520939,28.692636,21.040237,3.5629816,0,0.0
2006-08-01,north_aegean,38.83449910424037,26.093477972875423,1.2193549,52.42888,292.9371,26.441212,31.349194,21.500134,3.664908,0,0.0
2006-09-01,north_aegean,38.83449910424037,26.093477972875423,46.753334,60.754486,226.7537,21.388569,25.010666,17.993128,3.246018,0,0.0
2006-10-01,north_aegean,38.83449910424037,26.093477972875423,41.47097,71.00219,157.25433,17.169638,20.046566,14.193083,3.0671577,0,0.0
2006-11-01,north_aegean,38.83449910424037,26.093477972875423,36.010002,70.50369,108.07759,11.362755,14.899028,7.649411,3.382108,0,0.0
2006-12-01,north_aegean,38.83449910424037,26.093477972875423,8.187098,72.75023,72.62974,8.809298,12.162484,5.3592973,2.6723976,0,0.0
2007-01-01,north_aegean,38.83449910424037,26.093477972875423,24.296774,65.6388,92.479095,9.589382,12.830549,5.9827514,2.405789,0,0.0
2007-02-01,north_aegean,38.83449910424037,26.093477972875423,34.635715,72.78419,99.29101,8.806523,11.358088,5.5822053,3.3193245,0,0.0
2007-03-01,north_aegean,38.83449910424037,26.093477972875423,41.522583,64.72593,177.03183,10.940322,14.029573,7.671574,3.846408,0,0.0
2007-04-01,north_aegean,38.83449910424037,26.093477972875423,14.526667,64.44906,247.79651,13.5123825,17.5624,8.810736,2.6473422,0,0.0
2007-05-01,north_aegean,38.83449910424037,26.093477972875423,31.019356,65.36356,242.93828,18.975454,23.53663,14.520712,3.3171577,0,0.0
2007-06-01,north_aegean,38.83449910424037,26.093477972875423,5.176667,58.991436,305.53394,24.695303,29.272108,19.477007,2.9907115,0,0.0
2007-07-01,north_aegean,38.83449910424037,26.093477972875423,0.0,43.83374,326.88666,26.742363,31.679214,21.943794,3.5923455,0,0.0
2007-08-01,north_aegean,38.83449910424037,26.093477972875423,0.0,52.802227,288.4447,26.27204,30.935558,21.577808,3.5418305,0,0.0
2007-09-01,north_aegean,38.83449910424037,26.093477972875423,2.13,58.58845,224.34543,21.516382,25.770557,16.641293,3.3965404,0,0.0
2007-10-01,north_aegean,38.83449910424037,26.093477972875423,78.41613,66.47674,149.02638,17.659155,21.268717,13.822475,2.8951263,0,0.0
2007-11-01,north_aegean,38.83449910424037,26.093477972875423,69.08,69.820015,96.92772,12.665617,15.678912,9.304353,3.7710629,0,0.0
2007-12-01,north_aegean,38.83449910424037,26.093477972875423,101.58387,75.49986,68.04126,8.3523245,11.215323,5.2412615,3.342441,0,0.0
2008-01-01,north_aegean,38.83449910424037,26.093477972875423,30.00645,77.23089,67.218346,6.768719,9.958339,3.2901895,2.4448647,0,0.0
2008-02-01,north_aegean,38.83449910424037,26.093477972875423,12.837933,68.34393,116.06514,7.4764404,10.6332855,3.8513386,2.7832618,0,0.0
2008-03-01,north_aegean,38.83449910424037,26.093477972875423,15.62258,67.29354,168.53899,12.508965,15.610075,9.013595,3.5197122,0,0.0
2008-04-01,north_aegean,38.83449910424037,26.093477972875423,55.70667,69.51175,218.67064,14.61194,17.895763,11.09797,3.1515133,0,0.0
2008-05-01,north_aegean,38.83449910424037,26.093477972875423,0.4064516,63.206364,295.3666,18.290436,22.654545,13.352163,2.8995728,0,0.0
2008-06-01,north_aegean,38.83449910424037,26.093477972875423,0.0,64.09541,322.74283,23.748312,28.2453,18.78601,2.8998196,0,0.0
2008-07-01,north_aegean,38.83449910424037,26.093477972875423,1.032258,56.381454,359.06598,25.53348,30.003166,21.237438,3.3559458,0,0.0
2008-08-01,north_aegean,38.83449910424037,26.093477972875423,4.5419354,53.920975,301.49295,26.224232,30.834257,22.036716,3.3493896,0,0.0
2008-09-01,north_aegean,38.83449910424037,26.093477972875423,12.043333,58.48896,216.06326,21.286556,25.17548,17.458256,3.0739906,0,0.0
2008-10-01,north_aegean,38.83449910424037,26.093477972875423,1.2548387,67.728325,163.36739,17.358597,20.761055,13.793965,2.8122752,0,0.0
2008-11-01,north_aegean,38.83449910424037,26.093477972875423,41.326668,71.89457,102.361534,14.193118,17.234058,10.51047,3.2487476,0,0.0
2008-12-01,north_aegean,38.83449910424037,26.093477972875423,64.81613,68.680084,71.775475,10.222637,12.606783,7.387552,3.4423976,1,412.0
2009-01-01,north_aegean,38.83449910424037,26.093477972875423,126.893555,80.2383,67.132065,9.60258,11.991936,6.7607303,3.4213512,1,484.0
2009-02-01,north_aegean,38.83449910424037,26.093477972875423,108.189285,66.76604,111.52243,8.4242325,10.801449,5.6412077,3.2801354,1,484.0
2009-03-01,north_aegean,38.83449910424037,26.093477972875423,83.25484,68.01674,161.80472,9.571433,12.936651,5.3743076,3.2179685,1,484.0
2009-04-01,north_aegean,38.83449910424037,26.093477972875423,27.083332,72.752335,213.47002,13.287618,16.923687,9.292215,2.8769097,1,0.0
2009-05-01,north_aegean,38.83449910424037,26.093477972875423,1.4806452,67.14027,291.64435,18.642845,23.156631,13.755046,3.1793025,1,0.0
2009-06-01,north_aegean,38.83449910424037,26.093477972875423,3.53,60.42127,328.9875,22.932419,27.590754,17.827911,3.0349188,1,0.0
2009-07-01,north_aegean,38.83449910424037,26.093477972875423,0.0,55.112595,339.18826,26.446213,30.37548,22.397865,3.4120054,1,0.0
2009-08-01,north_aegean,38.83449910424037,26.093477972875423,0.0,54.47742,282.42734,24.903605,29.044498,20.99149,3.569163,1,0.0
2009-09-01,north_aegean,38.83449910424037,26.093477972875423,18.05,63.315193,212.7711,20.926323,24.564987,17.34952,3.4449098,1,0.0
2009-10-01,north_aegean,38.83449910424037,26.093477972875423,10.248386,72.11748,154.26129,18.510132,22.235037,14.497267,2.9180906,1,79.0
2009-11-01,north_aegean,38.83449910424037,26.093477972875423,61.986668,75.98246,103.85926,13.7689295,17.157568,9.912529,3.08091,1,305.0
2009-12-01,north_aegean,38.83449910424037,26.093477972875423,160.23549,79.21403,61.803116,12.214535,14.701813,8.983482,3.6749606,1,645.0
2010-01-01,north_aegean,38.83449910424037,26.093477972875423,63.032257,72.77316,67.112,9.21943,11.317941,6.72944,3.9756932,1,663.0
2010-02-01,north_aegean,38.83449910424037,26.093477972875423,160.05,75.51382,115.13668,10.903277,13.42563,7.625178,3.6475677,1,664.0
2010-03-01,north_aegean,38.83449910424037,26.093477972875423,10.622581,69.41505,160.38954,11.376366,14.648604,7.4591084,3.3837838,1,681.0
2010-04-01,north_aegean,38.83449910424037,26.093477972875423,7.6233335,70.44071,223.85635,14.694186,18.561255,10.7390585,2.9774234,1,695.0
2010-05-01,north_aegean,38.83449910424037,26.093477972875423,13.258065,67.09559,282.84366,19.254763,23.792599,14.080541,3.0830863,1,654.0
2010-06-01,north_aegean,38.83449910424037,26.093477972875423,15.336666,68.83812,292.28186,22.983782,26.859774,18.478157,3.0752072,1,654.0
2010-07-01,north_aegean,38.83449910424037,26.093477972875423,4.3419356,64.835106,307.95407,26.292807,30.216671,22.486708,3.3040018,1,654.0
2010-08-01,north_aegean,38.83449910424037,26.093477972875423,0.0,56.432095,282.78613,27.637493,32.058907,23.111261,3.4738884,1,654.0
2010-09-01,north_aegean,38.83449910424037,26.093477972875423,0.9533333,76.55262,218.40852,22.385754,26.342274,18.252018,3.2494054,1,657.0
2010-10-01,north_aegean,38.83449910424037,26.093477972875423,96.22581,79.42228,138.59149,16.762894,19.5179,13.882095,3.3006885,1,657.0
2010-11-01,north_aegean,38.83449910424037,26.093477972875423,4.993334,74.544525,112.122215,16.470781,19.441303,13.241461,3.4698646,1,657.0
2010-12-01,north_aegean,38.83449910424037,26.093477972875423,58.703228,69.02369,74.86261,12.004905,14.445987,9.220009,3.5658932,1,826.0
2011-01-01,north_aegean,38.83449910424037,26.093477972875423,80.048386,75.46018,78.71774,8.209753,11.283443,5.171461,2.6219964,1,885.0
2011-02-01,north_aegean,38.83449910424037,26.093477972875423,61.24286,72.945984,94.22321,8.599255,11.444989,5.228466,3.1582336,1,885.0
2011-03-01,north_aegean,38.83449910424037,26.093477972875423,12.319355,66.25347,148.43549,9.609725,12.64279,6.2219543,3.3399737,1,912.0
2011-04-01,north_aegean,38.83449910424037,26.093477972875423,47.786667,65.09797,224.61665,12.122833,15.267381,8.765411,3.2033334,1,917.0
2011-05-01,north_aegean,38.83449910424037,26.093477972875423,6.4419355,67.553276,236.17741,17.530388,21.458729,13.155569,3.3558238,1,917.0
2011-06-01,north_aegean,38.83449910424037,26.093477972875423,1.2066667,64.766365,286.56668,22.806128,27.175598,18.103823,3.174063,1,917.0
2011-07-01,north_aegean,38.83449910424037,26.093477972875423,0.14193548,59.583035,324.03226,26.572626,30.98114,21.68499,3.1892676,1,918.0
2011-08-01,north_aegean,38.83449910424037,26.093477972875423,0.28709677,58.506783,293.71774,25.37626,29.664032,21.56278,3.4848733,1,918.0
2011-09-01,north_aegean,38.83449910424037,26.093477972875423,4.58,60.553066,226.15,23.32142,27.803385,19.211138,3.2943244,1,918.0
2011-10-01,north_aegean,38.83449910424037,26.093477972875423,57.222584,65.4699,146.79839,15.255263,18.670862,11.588206,3.3086572,1,918.0
2011-11-01,north_aegean,38.83449910424037,26.093477972875423,0.060000002,68.82707,83.71667,10.358657,13.330431,7.235137,3.4527295,1,918.0
2011-12-01,north_aegean,38.83449910424037,26.093477972875423,76.990326,76.46721,63.814514,10.045265,13.204612,6.4176087,3.204577,1,918.0
2012-01-01,north_aegean,38.83449910424037,26.093477972875423,100.4742,74.664566,72.822586,5.7916036,8.337181,2.8480833,2.4833305,1,918.0
2012-02-01,north_aegean,38.83449910424037,26.093477972875423,109.444824,67.84647,104.77586,6.6636205,9.413702,3.6478498,3.3116682,1,918.0
2012-03-01,north_aegean,38.83449910424037,26.093477972875423,14.216129,63.39361,186.16936,9.52074,13.329981,5.353406,2.9187098,1,918.0
2012-04-01,north_aegean,38.83449910424037,26.093477972875423,49.84,63.295334,220.90833,14.969999,18.332117,11.289931,3.6780632,1,918.0
2012-05-01,north_aegean,38.83449910424037,26.093477972875423,42.56129,68.93634,247.62903,18.58068,22.580322,14.478321,3.056652,1,918.0
2012-06-01,north_aegean,38.83449910424037,26.093477972875423,0.0,64.60756,338.44998,24.350903,29.066736,19.702478,3.38009,1,918.0
2012-07-01,north_aegean,38.83449910424037,26.093477972875423,0.0,58.32571,332.72583,27.34849,32.182827,23.145037,3.4888837,0,0.0
2012-08-01,north_aegean,38.83449910424037,26.093477972875423,4.951613,55.437965,302.60486,26.627068,31.0911,22.886015,3.320436,0,0.0
2012-09-01,north_aegean,38.83449910424037,26.093477972875423,2.69,58.772903,222.425,22.423832,26.591578,18.190353,3.3592072,0,0.0
2012-10-01,north_aegean,38.83449910424037,26.093477972875423,10.17742,66.89274,143.58871,19.65831,23.430246,15.679214,3.2090845,0,0.0
2012-11-01,north_aegean,38.83449910424037,26.093477972875423,16.786667,76.03776,96.95833,15.157479,17.757538,12.259471,3.5636666,1,20.0
2012-12-01,north_aegean,38.83449910424037,26.093477972875423,103.34839,75.7841,63.73387,9.757257,12.502742,6.489677,3.2815082,1,185.0
2013-01-01,north_aegean,38.83449910424037,26.093477972875423,65.33226,76.997215,68.491936,9.178111,11.695257,6.1337953,3.382293,1,211.0
2013-02-01,north_aegean,38.83449910424037,26.093477972875423,120.842865,74.145546,97.42857,10.219737,12.955337,6.836481,3.4413419,1,211.0
2013-03-01,north_aegean,38.83449910424037,26.093477972875423,35.906452,70.76098,154.29031,12.167921,15.0359,8.613434,3.6684043,1,211.0
2013-04-01,north_aegean,38.83449910424037,26.093477972875423,21.566666,62.485123,247.59167,15.024294,18.985304,10.635695,3.0793064,1,211.0
2013-05-01,north_aegean,38.83449910424037,26.093477972875423,12.17742,59.801064,259.26614,20.31371,24.296896,15.927456,3.343679,1,211.0
2013-06-01,north_aegean,38.83449910424037,26.093477972875423,7.8500004,67.851105,302.24997,23.283224,27.585186,18.593813,3.1363423,1,211.0
2013-07-01,north_aegean,38.83449910424037,26.093477972875423,0.0,63.945175,312.3387,25.79555,29.790321,22.240074,3.164516,1,211.0
2013-08-01,north_aegean,38.83449910424037,26.093477972875423,0.0,57.63593,287.87903,26.303112,30.48626,22.22852,3.4987183,1,211.0
2013-09-01,north_aegean,38.83449910424037,26.093477972875423,5.223334,60.94062,209.95,22.123205,26.226978,17.316656,3.2884414,0,0.0
2013-10-01,north_aegean,38.83449910424037,26.093477972875423,43.81613,67.7475,152.75002,16.259592,20.097029,11.797087,3.1015866,0,0.0
2013-11-01,north_aegean,38.83449910424037,26.093477972875423,102.20334,72.279335,83.75833,14.192677,17.08399,10.909578,3.5666215,0,0.0
2013-12-01,north_aegean,38.83449910424037,26.093477972875423,14.029033,72.65021,66.46774,8.349886,11.434563,4.7674766,2.9360852,0,0.0
2014-01-01,north_aegean,38.83449910424037,26.093477972875423,77.47097,81.80647,56.40323,10.992514,13.624809,7.6814036,3.218701,0,0.0
2014-02-01,north_aegean,38.83449910424037,26.093477972875423,5.0464287,73.24765,83.30357,10.740839,13.906417,6.9582977,3.0831757,0,0.0
2014-03-01,north_aegean,38.83449910424037,26.093477972875423,90.909676,62.075382,151.42741,11.810606,15.075389,8.003291,3.0932431,0,0.0
2014-04-01,north_aegean,38.83449910424037,26.093477972875423,56.266666,64.026245,191.64168,14.691185,18.388687,10.519647,2.985153,0,0.0
2014-05-01,north_aegean,38.83449910424037,26.093477972875423,9.019355,65.36797,276.85483,18.48277,22.218302,14.272011,3.1041327,0,0.0
2014-06-01,north_aegean,38.83449910424037,26.093477972875423,20.89,60.93712,283.25833,22.846773,26.953716,18.168196,3.1199546,0,0.0
2014-07-01,north_aegean,38.83449910424037,26.093477972875423,1.4258065,61.06266,245.12097,25.66907,29.802874,20.794239,3.3450828,0,0.0
2014-08-01,north_aegean,38.83449910424037,26.093477972875423,7.080645,61.446556,274.66937,26.641462,30.751583,21.906612,3.383156,0,0.0
2014-09-01,north_aegean,38.83449910424037,26.093477972875423,31.289999,68.887054,178.06665,22.021646,25.529558,17.910156,3.1396308,1,340.0
2014-10-01,north_aegean,38.83449910424037,26.093477972875423,37.53871,69.789215,114.645164,17.42312,20.624983,13.92387,2.9085178,1,2411.0
2014-11-01,north_aegean,38.83449910424037,26.093477972875423,46.466667,79.535095,66.15833,13.509304,15.987803,10.1742935,3.206117,1,4104.0
2014-12-01,north_aegean,38.83449910424037,26.093477972875423,187.02582,75.83447,48.30645,11.940607,14.591727,8.540759,3.198701,0,0.0
2015-01-01,north_aegean,38.83449910424037,26.093477972875423,155.53549,69.693954,57.201614,8.910228,11.3924,5.5240793,2.9455447,0,0.0
2015-02-01,north_aegean,38.83449910424037,26.093477972875423,142.80714,61.86857,93.71428,8.850703,10.893077,6.0433507,3.653504,0,0.0
2015-03-01,north_aegean,38.83449910424037,26.093477972875423,143.14194,62.34429,139.78226,10.397457,12.72869,7.122362,2.9536278,0,0.0
2015-04-01,north_aegean,38.83449910424037,26.093477972875423,20.513334,61.46012,210.225,13.355519,16.748001,8.609402,3.172036,0,0.0
2015-05-01,north_aegean,38.83449910424037,26.093477972875423,19.754839,66.90114,247.29031,19.892704,23.82699,14.658235,3.3240452,0,0.0
2015-06-01,north_aegean,38.83449910424037,26.093477972875423,13.383334,61.00199,302.2,22.318823,26.020304,17.875225,2.9058378,0,0.0
2015-07-01,north_aegean,38.83449910424037,26.093477972875423,0.0,61.717953,327.4355,25.8252,30.29332,20.830606,3.1010723,0,0.0
2015-08-01,north_aegean,38.83449910424037,26.093477972875423,0.0,61.678738,250.16936,26.812174,30.998642,22.574297,3.4828773,0,0.0
2015-09-01,north_aegean,38.83449910424037,26.093477972875423,12.856667,60.798714,205.21667,23.478235,27.564991,19.308949,3.1170177,0,0.0
2015-10-01,north_aegean,38.83449910424037,26.093477972875423,105.12581,78.186195,119.04032,17.969023,21.05113,14.534392,3.3605752,0,0.0
2015-11-01,north_aegean,38.83449910424037,26.093477972875423,44.42,73.388275,91.63333,15.017784,18.081234,11.084627,3.1971803,0,0.0
2015-12-01,north_aegean,38.83449910424037,26.093477972875423,0.0,79.159676,70.34677,9.649183,12.684023,5.607391,2.3121448,0,0.0
2016-01-01,north_aegean,38.83449910424037,26.093477972875423,137.38388,76.05074,78.71774,8.42241,11.190532,4.6094117,3.348832,0,0.0
2016-02-01,north_aegean,38.83449910424037,26.093477972875423,66.21034,71.65863,92.76724,12.298934,15.467971,8.392535,3.3088722,0,0.0
2016-03-01,north_aegean,38.83449910424037,26.093477972875423,68.70323,62.900352,167.85483,12.054857,14.910957,8.247248,3.5047953,0,0.0
2016-04-01,north_aegean,38.83449910424037,26.093477972875423,3.3866665,60.78833,220.44167,16.630657,21.042685,11.369422,2.923324,0,0.0
2016-05-01,north_aegean,38.83449910424037,26.093477972875423,25.06129,70.801254,232.6371,18.622913,22.193312,13.895854,3.2740366,0,0.0
2016-06-01,north_aegean,38.83449910424037,26.093477972875423,6.87,64.51728,293.96667,24.64248,29.00448,19.4384,3.2756393,0,0.0
2016-07-01,north_aegean,38.83449910424037,26.093477972875423,0.0,59.701935,292.49194,26.531319,30.944422,22.278996,3.3010201,0,0.0
2016-08-01,north_aegean,38.83449910424037,26.093477972875423,0.0,62.562645,270.0242,26.538898,30.657133,22.256157,3.669041,0,0.0
2016-09-01,north_aegean,38.83449910424037,26.093477972875423,0.0,67.33565,197.47499,22.381567,26.322136,18.229969,3.8140812,0,0.0
2016-10-01,north_aegean,38.83449910424037,26.093477972875423,6.9290323,71.99953,132.80646,17.415417,21.043644,12.99872,2.9878116,0,0.0
2016-11-01,north_aegean,38.83449910424037,26.093477972875423,108.64,74.07556,87.46667,13.478038,16.39558,9.1666565,3.4680629,0,0.0
2016-12-01,north_aegean,38.83449910424037,26.093477972875423,18.612904,71.4483,63.991936,6.74758,9.365807,3.3512049,2.8641324,0,0.0
2017-01-01,north_aegean,38.83449910424037,26.093477972875423,207.6387,73.56258,63.137096,5.752533,8.22592,2.5986433,3.3457975,0,0.0
2017-02-01,north_aegean,38.83449910424037,26.093477972875423,44.02143,74.26619,94.38393,9.628308,12.284632,6.2273426,3.2583396,0,0.0
2017-03-01,north_aegean,38.83449910424037,26.093477972875423,72.980644,60.521587,164.5484,11.716774,15.002817,7.640171,3.1199212,0,0.0
2017-04-01,north_aegean,38.83449910424037,26.093477972875423,13.203334,63.608513,243.0,14.217745,18.360254,8.882754,3.0443063,0,0.0
2017-05-01,north_aegean,38.83449910424037,26.093477972875423,21.300001,67.47151,250.75807,18.976423,22.996166,14.1405115,3.3036876,0,0.0
2017-06-01,north_aegean,38.83449910424037,26.093477972875423,1.75,63.334343,271.98334,23.897413,28.660313,18.254753,2.9086666,0,0.0
2017-07-01,north_aegean,38.83449910424037,26.093477972875423,5.664516,56.895943,289.97583,26.329021,31.04368,21.454744,3.620523,0,0.0
2017-08-01,north_aegean,38.83449910424037,26.093477972875423,0.0,55.072548,289.05646,26.318377,30.458899,22.280037,3.494141,0,0.0
2017-09-01,north_aegean,38.83449910424037,26.093477972875423,0.0,59.098534,211.25833,22.470146,27.20248,16.805481,3.1234415,0,0.0
2017-10-01,north_aegean,38.83449910424037,26.093477972875423,43.809677,65.06774,151.79839,16.788015,20.753223,12.539488,2.4763296,0,0.0
2017-11-01,north_aegean,38.83449910424037,26.093477972875423,74.09334,73.74019,83.274994,12.831636,16.560452,8.294235,2.7483783,0,0.0
2017-12-01,north_aegean,38.83449910424037,26.093477972875423,125.90645,72.16393,66.77419,11.317722,13.749677,7.736347,3.312903,1,3.0
2018-01-01,north_aegean,38.83449910424037,26.093477972875423,124.925804,,54.322582,8.731945,11.79055,5.105854,3.3450303,1,3.0
2018-02-01,north_aegean,38.83449910424037,26.093477972875423,140.71786,,64.34822,10.669716,13.163045,7.2286654,3.3884265,1,4.0
2018-03-01,north_aegean,38.83449910424037,26.093477972875423,38.783875,,108.12097,13.578149,16.533188,9.807286,3.80952,1,4.0
2018-04-01,north_aegean,38.83449910424037,26.093477972875423,4.04,,154.90001,16.799845,21.327255,11.420166,2.8574862,1,4.0
2018-05-01,north_aegean,38.83449910424037,26.093477972875423,12.412903,,184.5484,21.10296,24.873035,16.371689,3.169355,1,4.0
2018-06-01,north_aegean,38.83449910424037,26.093477972875423,32.270004,,198.69168,23.694803,27.830322,18.927696,2.8247387,1,6.0
2018-07-01,north_aegean,38.83449910424037,26.093477972875423,0.93225807,,235.62903,26.637777,30.76503,22.157154,3.0989537,1,6.0
2018-08-01,north_aegean,38.83449910424037,26.093477972875423,0.0,,194.29837,26.534012,30.440178,22.598967,3.4713163,1,6.0
2018-09-01,north_aegean,38.83449910424037,26.093477972875423,21.190002,,151.05,22.746117,26.360136,18.802519,3.7285132,1,6.0
2018-10-01,north_aegean,38.83449910424037,26.093477972875423,30.987097,,98.50807,17.718966,20.911026,14.202446,3.2415082,1,6.0
2018-11-01,north_aegean,38.83449910424037,26.093477972875423,118.48,,71.066666,13.964343,16.520529,10.688353,3.600279,1,9.0
2018-12-01,north_aegean,38.83449910424037,26.093477972875423,99.80968,,42.419353,8.558861,11.172144,5.244459,3.1168876,1,9.0
2019-01-01,north_aegean,38.83449910424037,26.093477972875423,271.04837,,59.91129,8.286508,10.482143,5.3687854,3.4880903,1,31.0
2019-02-01,north_aegean,38.83449910424037,26.093477972875423,101.26071,,92.53572,8.88856,11.615315,5.514559,3.146805,1,54.0
2019-03-01,north_aegean,38.83449910424037,26.093477972875423,40.72258,,134.87097,11.788719,15.074697,7.87834,3.113339,1,65.0
2019-04-01,north_aegean,38.83449910424037,26.093477972875423,88.83,,162.075,13.72397,16.997644,9.78497,3.192036,1,65.0
2019-05-01,north_aegean,38.83449910424037,26.093477972875423,0.5225807,,199.16936,18.637968,22.774916,13.654231,3.1571314,1,66.0
2019-06-01,north_aegean,38.83449910424037,26.093477972875423,0.0,,186.525,24.863989,28.842392,20.597118,3.1483512,1,66.0
2019-07-01,north_aegean,38.83449910424037,26.093477972875423,13.158064,,217.15323,25.353775,29.50662,20.555653,3.0879161,1,66.0
2019-08-01,north_aegean,38.83449910424037,26.093477972875423,3.1580646,,196.03227,26.470531,30.566887,22.568443,3.3807762,1,66.0
2019-09-01,north_aegean,38.83449910424037,26.093477972875423,10.433332,,227.00835,22.08704,26.089725,18.019125,3.8364682,1,66.0
2019-10-01,north_aegean,38.83449910424037,26.093477972875423,24.254837,,115.38709,18.77109,22.500046,14.850806,2.954551,1,66.0
2019-11-01,north_aegean,38.83449910424037,26.093477972875423,107.64333,,59.058334,16.471844,19.417147,12.894373,3.5359278,1,67.0
2019-12-01,north_aegean,38.83449910424037,26.093477972875423,101.212906,,38.725807,11.051527,13.583965,8.229288,3.4055185,1,67.0
2020-01-01,north_aegean,38.83449910424037,26.093477972875423,35.035484,,69.564514,7.83518,10.682172,4.497287,2.6559634,1,121.0
2020-02-01,north_aegean,38.83449910424037,26.093477972875423,84.95518,,125.043106,9.524756,12.490841,5.7540464,2.878369,1,123.0
2020-03-01,north_aegean,38.83449910424037,26.093477972875423,44.438705,,159.58871,11.436936,14.798509,7.8372855,3.247899,1,123.0
2020-04-01,north_aegean,38.83449910424037,26.093477972875423,39.333336,,227.6,13.373078,17.330126,9.448539,2.9343872,1,125.0
2020-05-01,north_aegean,38.83449910424037,26.093477972875423,43.129036,,,18.215048,22.546412,13.685473,3.169773,1,127.0
2020-06-01,north_aegean,38.83449910424037,26.093477972875423,24.653332,,,22.001705,26.344028,17.551237,3.017829,1,127.0
2020-07-01,north_aegean,38.83449910424037,26.093477972875423,0.0,,,25.91022,30.30715,21.764507,3.3760242,1,127.0
2020-08-01,north_aegean,38.83449910424037,26.093477972875423,0.7677419,,,25.795643,30.346554,21.690386,3.2429905,1,127.0
2020-09-01,north_aegean,38.83449910424037,26.093477972875423,0.89000005,,,23.564705,27.911682,19.651127,3.3939278,1,127.0
2020-10-01,north_aegean,38.83449910424037,26.093477972875423,30.941936,,,18.934875,23.379753,14.468908,2.803034,1,127.0
2020-11-01,north_aegean,38.83449910424037,26.093477972875423,6.483333,,,13.390313,16.610058,9.724951,2.8053331,1,147.0
2020-12-01,north_aegean,38.83449910424037,26.093477972875423,168.98709,,,11.880227,14.663757,8.771954,3.2102003,1,521.0
2021-01-01,north_aegean,38.83449910424037,26.093477972875423,176.3871,67.92552,,10.153435,12.968662,6.7765937,3.3344986,1,530.0
2021-02-01,north_aegean,38.83449910424037,26.093477972875423,66.67143,68.783745,,9.952846,13.087164,6.7019644,2.9812064,1,530.0
2021-03-01,north_aegean,38.83449910424037,26.093477972875423,76.170975,58.079414,,9.439668,12.981214,5.490104,2.915911,1,530.0
2021-04-01,north_aegean,38.83449910424037,26.093477972875423,32.18667,57.78315,,13.465411,17.306507,9.550695,2.9465313,1,272.0
2021-05-01,north_aegean,38.83449910424037,26.093477972875423,7.203226,64.385895,,19.049345,23.97108,14.08088,3.118919,1,272.0
2021-06-01,north_aegean,38.83449910424037,26.093477972875423,10.06,60.622097,,22.797998,27.299374,18.21649,2.962072,1,272.0
2021-07-01,north_aegean,38.83449910424037,26.093477972875423,2.7935483,53.54688,,26.92385,31.50228,22.62166,3.3972971,1,272.0
2021-08-01,north_aegean,38.83449910424037,26.093477972875423,0.23548386,51.770443,341.55646,26.759119,31.666838,22.092361,3.2212903,1,272.0
2021-09-01,north_aegean,38.83449910424037,26.093477972875423,3.5566669,58.031322,219.79211,21.970667,25.738773,18.068193,3.3531442,1,272.0
2021-10-01,north_aegean,38.83449910424037,26.093477972875423,54.754837,60.553978,98.921875,16.503984,19.985664,13.061489,2.8996077,1,272.0
2021-11-01,north_aegean,38.83449910424037,26.093477972875423,51.83667,66.0647,80.55035,14.177265,17.24848,10.497058,3.2967384,1,272.0
2021-12-01,north_aegean,38.83449910424037,26.093477972875423,161.20967,72.80894,53.685482,10.436546,12.857817,7.3005495,3.3637052,1,272.0
2022-01-01,north_aegean,38.83449910424037,26.093477972875423,69.0129,,,7.161442,9.719023,3.6603794,2.691831,1,272.0
2022-02-01,north_aegean,38.83449910424037,26.093477972875423,97.39287,,112.354164,9.083675,12.104212,5.244454,2.7686582,1,272.0
2022-03-01,north_aegean,38.83449910424037,26.093477972875423,43.380646,,158.13644,7.43758,10.085521,4.2632256,3.5229294,1,272.0
2022-04-01,north_aegean,38.83449910424037,26.093477972875423,13.916666,,235.99167,14.822118,18.656967,10.3201275,3.0968018,1,272.0
2022-05-01,north_aegean,38.83449910424037,26.093477972875423,2.4709678,,,19.084944,23.702648,13.953026,2.9816127,1,272.0
2022-06-01,north_aegean,38.83449910424037,26.093477972875423,6.826667,,,24.00699,28.19155,20.046783,3.1676035,1,272.0
2022-07-01,north_aegean,38.83449910424037,26.093477972875423,1.5,,,26.127094,30.340378,21.698795,3.1546817,1,272.0
2022-08-01,north_aegean,38.83449910424037,26.093477972875423,10.306452,,,26.18796,30.487627,22.012373,3.2865386,1,272.0
2022-09-01,north_aegean,38.83449910424037,26.093477972875423,0.47333336,,,22.06143,26.064285,17.700459,3.343946,1,272.0
2022-10-01,north_aegean,38.83449910424037,26.093477972875423,0.64193547,,,18.055777,21.346432,14.2569065,2.6895988,1,272.0
2022-11-01,north_aegean,38.83449910424037,26.093477972875423,41.69,,,14.634872,17.725988,11.0878725,3.251153,1,272.0
2022-12-01,north_aegean,38.83449910424037,26.093477972875423,57.948387,,,12.28185,15.294193,9.019886,2.9715953,1,272.0
2023-01-01,north_aegean,38.83449910424037,26.093477972875423,102.91936,,,10.383235,13.555303,6.788557,2.9913685,1,272.0
2023-02-01,north_aegean,38.83449910424037,26.093477972875423,14.107142,,,8.239085,11.178897,4.553403,3.0724905,1,272.0
2023-03-01,north_aegean,38.83449910424037,26.093477972875423,90.94839,,,11.597504,14.69554,7.733378,3.212354,1,272.0
2023-04-01,north_aegean,38.83449910424037,26.093477972875423,70.71666,,,13.544088,16.948547,9.370029,3.0260541,1,272.0
2023-05-01,north_aegean,38.83449910424037,26.093477972875423,14.787097,,,17.644232,21.359468,13.433245,3.2659194,1,272.0
2023-06-01,north_aegean,38.83449910424037,26.093477972875423,24.973333,,,22.842724,26.698637,18.209784,2.8223512,1,272.0
2023-07-01,north_aegean,38.83449910424037,26.093477972875423,0.0,,,27.582031,32.426697,22.19329,3.0483086,1,272.0
2023-08-01,north_aegean,38.83449910424037,26.093477972875423,0.0,,,26.704334,31.241089,22.245651,3.320218,1,272.0
2023-09-01,north_aegean,38.83449910424037,26.093477972875423,2.77,,,23.679733,27.679077,19.895597,3.3515224,1,272.0
2023-10-01,north_aegean,38.83449910424037,26.093477972875423,1.4806452,,,19.252392,23.169355,15.171659,3.037053,1,272.0
2023-11-01,north_aegean,38.83449910424037,26.093477972875423,120.56,,,16.18505,19.454655,11.852588,3.3212702,1,272.0
2023-12-01,north_aegean,38.83449910424037,26.093477972875423,98.061295,,,12.922551,15.783443,9.681138,2.9763467,1,511.0
2024-01-01,north_aegean,38.83449910424037,26.093477972875423,83.88387,,,9.873102,12.467409,6.6006165,2.6410375,1,693.0
2024-02-01,north_aegean,38.83449910424037,26.093477972875423,65.04138,,,11.2872095,14.598915,8.197789,2.8689096,1,741.0
2024-03-01,north_aegean,38.83449910424037,26.093477972875423,53.406452,,,12.30074,16.49887,8.342637,3.1173408,1,741.0
2024-04-01,north_aegean,38.83449910424037,26.093477972875423,37.353336,,,16.99701,21.412117,13.505764,2.9577925,1,741.0
2024-05-01,north_aegean,38.83449910424037,26.093477972875423,8.6967745,,,18.243158,22.634752,14.295559,2.9869485,1,741.0
2024-06-01,north_aegean,38.83449910424037,26.093477972875423,0.0,,,25.481754,31.249361,20.757687,3.147297,1,741.0
2024-07-01,north_aegean,38.83449910424037,26.093477972875423,1.7870969,,,27.90297,32.89941,23.924667,3.2300348,1,742.0
2024-08-01,north_aegean,38.83449910424037,26.093477972875423,0.516129,,,27.243225,31.712427,23.118237,3.1913078,1,742.0
2024-09-01,north_aegean,38.83449910424037,26.093477972875423,17.866667,,,23.235823,27.216137,19.439157,3.0069458,1,742.0
2024-10-01,north_aegean,38.83449910424037,26.093477972875423,0.7258064,,,18.765541,22.48405,15.183538,3.1124933,1,742.0
2024-11-01,north_aegean,38.83449910424037,26.093477972875423,53.803333,,,13.021687,16.164804,9.84802,2.7815855,1,742.0
2024-12-01,north_aegean,38.83449910424037,26.093477972875423,171.95161,,,10.907684,13.468008,8.431413,2.7288055,1,742.0
2000-01-01,south_aegean,36.72210596193028,26.472110450296164,39.896774,64.02572,98.025215,8.560488,10.520106,6.454389,2.4172966,0,0.0
2000-02-01,south_aegean,36.72210596193028,26.472110450296164,71.727585,64.93561,130.13864,10.339602,12.561881,7.8564677,3.4856825,0,0.0
2000-03-01,south_aegean,36.72210596193028,26.472110450296164,26.538712,63.52701,195.34517,11.42166,14.145835,8.464799,3.289729,0,0.0
2000-04-01,south_aegean,36.72210596193028,26.472110450296164,16.636667,65.49138,217.63448,15.67388,18.248161,13.220878,3.990993,0,0.0
2000-05-01,south_aegean,36.72210596193028,26.472110450296164,1.7903225,61.13643,267.73572,19.363314,22.309813,16.25569,3.4525678,0,0.0
2000-06-01,south_aegean,36.72210596193028,26.472110450296164,0.0,51.95693,305.66522,23.096039,26.137453,19.85891,3.7337666,0,0.0
2000-07-01,south_aegean,36.72210596193028,26.472110450296164,0.0,46.601807,322.80478,26.223928,29.769382,22.464094,4.077051,0,0.0
2000-08-01,south_aegean,36.72210596193028,26.472110450296164,0.0,51.041576,278.69598,25.186167,27.97079,22.898083,3.9529932,0,0.0
2000-09-01,south_aegean,36.72210596193028,26.472110450296164,0.0,57.417118,228.39148,23.094656,26.009624,20.41993,3.7612133,0,0.0
2000-10-01,south_aegean,36.72210596193028,26.472110450296164,11.112904,62.966812,162.03226,18.863539,21.428192,16.474281,4.093148,0,0.0
2000-11-01,south_aegean,36.72210596193028,26.472110450296164,41.280003,67.513245,114.26619,16.85106,19.883495,14.234737,3.3664267,0,0.0
2000-12-01,south_aegean,36.72210596193028,26.472110450296164,26.958067,68.53588,88.49577,12.958279,15.084731,10.715972,4.7946258,0,0.0
2001-01-01,south_aegean,36.72210596193028,26.472110450296164,50.035484,72.212425,87.64812,12.306725,14.4265,10.253098,4.072361,0,0.0
2001-02-01,south_aegean,36.72210596193028,26.472110450296164,54.074997,69.70385,130.80714,11.684383,14.019469,9.206547,3.7404144,0,0.0
2001-03-01,south_aegean,36.72210596193028,26.472110450296164,0.09354839,67.81259,190.84517,15.482228,18.414007,12.574262,4.1572447,0,0.0
2001-04-01,south_aegean,36.72210596193028,26.472110450296164,33.29667,67.44552,229.19333,15.51996,18.166132,12.627606,4.2761865,0,0.0
2001-05-01,south_aegean,36.72210596193028,26.472110450296164,6.2,63.21786,258.07953,19.434212,22.282013,16.465229,3.4596968,0,0.0
2001-06-01,south_aegean,36.72210596193028,26.472110450296164,0.0,53.78733,321.64285,22.941343,25.950653,19.799253,3.7756598,0,0.0
2001-07-01,south_aegean,36.72210596193028,26.472110450296164,0.0,56.03265,301.62,26.334476,29.229353,23.420225,3.973742,0,0.0
2001-08-01,south_aegean,36.72210596193028,26.472110450296164,0.0,58.080925,281.6962,26.151417,29.027859,23.680967,3.370819,0,0.0
2001-09-01,south_aegean,36.72210596193028,26.472110450296164,0.0,61.988716,246.4793,24.04507,26.856041,21.196999,4.0561595,0,0.0
2001-10-01,south_aegean,36.72210596193028,26.472110450296164,5.2612906,63.496033,173.77669,20.14216,22.55306,17.814182,3.8123803,0,0.0
2001-11-01,south_aegean,36.72210596193028,26.472110450296164,123.28999,73.07195,101.16495,15.047768,17.586456,12.337475,3.745233,0,0.0
2001-12-01,south_aegean,36.72210596193028,26.472110450296164,175.99355,73.40504,67.2292,10.840518,12.705523,8.645767,3.8114514,0,0.0
2002-01-01,south_aegean,36.72210596193028,26.472110450296164,66.145164,70.83285,94.90405,9.93611,12.405679,7.6105866,3.8220387,0,0.0
2002-02-01,south_aegean,36.72210596193028,26.472110450296164,26.407143,70.537704,132.82857,12.969512,15.67055,10.340226,3.4381287,0,0.0
2002-03-01,south_aegean,36.72210596193028,26.472110450296164,35.080647,66.10703,175.85292,13.573861,16.10487,11.093069,3.7553158,0,0.0
2002-04-01,south_aegean,36.72210596193028,26.472110450296164,17.210001,67.06348,213.31389,14.923738,17.29498,12.450606,3.59408,0,0.0
2002-05-01,south_aegean,36.72210596193028,26.472110450296164,0.13548388,62.087944,275.9991,19.026892,21.71686,16.122345,4.084729,0,0.0
2002-06-01,south_aegean,36.72210596193028,26.472110450296164,0.0,54.66414,295.228,23.611818,26.591606,20.285952,3.84742,0,0.0
2002-07-01,south_aegean,36.72210596193028,26.472110450296164,2.7419355,58.042496,305.425,26.47828,29.547651,23.252384,3.6152258,0,0.0
2002-08-01,south_aegean,36.72210596193028,26.472110450296164,0.0,59.30076,278.45532,26.19298,29.08088,23.349167,3.9702194,0,0.0
2002-09-01,south_aegean,36.72210596193028,26.472110450296164,15.6466675,67.60091,211.23532,23.054081,25.784271,20.205101,3.1134732,0,0.0
2002-10-01,south_aegean,36.72210596193028,26.472110450296164,13.693548,67.371254,165.54988,19.704523,22.328102,16.992443,3.5669677,0,0.0
2002-11-01,south_aegean,36.72210596193028,26.472110450296164,72.380005,73.04836,111.99751,16.68105,19.414324,13.936404,3.4385133,0,0.0
2002-12-01,south_aegean,36.72210596193028,26.472110450296164,185.17097,72.12229,60.08247,11.737476,13.784476,9.482471,4.3557806,0,0.0
2003-01-01,south_aegean,36.72210596193028,26.472110450296164,88.090324,72.819405,83.95126,13.078053,15.042256,11.100811,4.6734,0,0.0
2003-02-01,south_aegean,36.72210596193028,26.472110450296164,146.86072,70.38845,109.097984,8.049361,9.948257,6.0529113,4.3586073,0,0.0
2003-03-01,south_aegean,36.72210596193028,26.472110450296164,82.93226,66.79005,176.60622,10.869373,13.198142,8.547781,3.526671,0,0.0
2003-04-01,south_aegean,36.72210596193028,26.472110450296164,43.713333,69.4127,218.90445,13.779769,16.243849,11.310878,3.8136597,0,0.0
2003-05-01,south_aegean,36.72210596193028,26.472110450296164,13.845161,61.336575,280.85556,20.022346,23.063831,16.851973,3.5703936,0,0.0
2003-06-01,south_aegean,36.72210596193028,26.472110450296164,0.0,52.050144,308.67023,23.87619,26.924152,20.535877,3.4484265,0,0.0
2003-07-01,south_aegean,36.72210596193028,26.472110450296164,0.0,53.73963,322.82144,26.12826,29.210508,23.094358,3.8381355,0,0.0
2003-08-01,south_aegean,36.72210596193028,26.472110450296164,0.0,52.657,281.80984,26.23956,29.13174,23.502855,3.421284,0,0.0
2003-09-01,south_aegean,36.72210596193028,26.472110450296164,0.0,59.79902,232.47563,22.785828,25.700151,20.203302,3.9002197,0,0.0
2003-10-01,south_aegean,36.72210596193028,26.472110450296164,15.341936,61.71834,156.31775,20.266146,23.108797,17.366636,4.0059485,0,0.0
2003-11-01,south_aegean,36.72210596193028,26.472110450296164,14.696667,71.80634,110.76729,15.856414,18.677929,13.463242,3.4948797,0,0.0
2003-12-01,south_aegean,36.72210596193028,26.472110450296164,156.0,71.694534,78.77185,12.359491,14.496607,10.173763,4.214729,0,0.0
2004-01-01,south_aegean,36.72210596193028,26.472110450296164,237.65161,72.61405,80.78746,9.894526,12.141643,7.3320036,4.515335,0,0.0
2004-02-01,south_aegean,36.72210596193028,26.472110450296164,29.741383,68.15027,121.893105,10.715956,13.129017,8.334943,3.5302894,0,0.0
2004-03-01,south_aegean,36.72210596193028,26.472110450296164,2.8774192,62.815838,176.9019,12.960526,15.334985,10.483333,3.8747032,0,0.0
2004-04-01,south_aegean,36.72210596193028,26.472110450296164,18.800001,62.330936,197.43042,15.223302,17.862686,12.568929,4.1987934,0,0.0
2004-05-01,south_aegean,36.72210596193028,26.472110450296164,1.2354839,61.383137,274.22144,18.143791,20.8279,15.244164,3.929219,0,0.0
2004-06-01,south_aegean,36.72210596193028,26.472110450296164,0.0,57.27274,291.882,22.970947,25.906424,19.51415,3.84234,0,0.0
2004-07-01,south_aegean,36.72210596193028,26.472110450296164,0.0,53.119118,303.32855,25.146654,28.228846,22.211319,3.643232,0,0.0
2004-08-01,south_aegean,36.72210596193028,26.472110450296164,0.0,58.331596,287.846,25.540295,28.62641,22.59951,3.4519742,0,0.0
2004-09-01,south_aegean,36.72210596193028,26.472110450296164,0.0,61.973713,239.86015,22.814505,25.65814,20.052908,3.65874,0,0.0
2004-10-01,south_aegean,36.72210596193028,26.472110450296164,4.129032,68.64097,165.89839,20.624283,23.607811,17.801153,3.9897356,0,0.0
2004-11-01,south_aegean,36.72210596193028,26.472110450296164,46.16,69.06308,100.38894,15.714464,18.077696,13.134464,3.6382532,0,0.0
2004-12-01,south_aegean,36.72210596193028,26.472110450296164,71.33549,70.118225,71.14167,13.059775,15.036647,10.841025,4.3494706,0,0.0
2005-01-01,south_aegean,36.72210596193028,26.472110450296164,63.238712,,,11.000205,13.374965,8.289569,2.8258064,0,0.0
2005-02-01,south_aegean,36.72210596193028,26.472110450296164,54.992855,,,9.575477,11.743971,7.1616554,4.101093,0,0.0
2005-03-01,south_aegean,36.72210596193028,26.472110450296164,16.964516,,,12.470312,15.251222,9.350761,3.5299807,0,0.0
2005-04-01,south_aegean,36.72210596193028,26.472110450296164,1.1666666,,,14.906565,17.864698,11.697686,4.33166,0,0.0
2005-05-01,south_aegean,36.72210596193028,26.472110450296164,2.9709678,,,19.226303,22.646677,15.726568,3.970658,0,0.0
2005-06-01,south_aegean,36.72210596193028,26.472110450296164,0.0,,,22.5233,25.959888,18.868242,3.8317401,0,0.0
2005-07-01,south_aegean,36.72210596193028,26.472110450296164,0.0,,,25.838552,29.592255,21.967966,3.7830775,0,0.0
2005-08-01,south_aegean,36.72210596193028,26.472110450296164,0.0,,,26.055258,29.842285,22.620028,3.4932904,0,0.0
2005-09-01,south_aegean,36.72210596193028,26.472110450296164,5.1800003,,,23.140392,26.659716,19.85183,3.7882266,0,0.0
2005-10-01,south_aegean,36.72210596193028,26.472110450296164,10.148387,64.59948,,17.927496,21.173353,14.637116,4.045748,0,0.0
2005-11-01,south_aegean,36.72210596193028,26.472110450296164,65.08667,65.41065,,13.93706,16.591131,11.353363,3.8874066,0,0.0
2005-12-01,south_aegean,36.72210596193028,26.472110450296164,22.051613,69.62135,,12.4244375,15.028602,10.005229,4.022,0,0.0
2006-01-01,south_aegean,36.72210596193028,26.472110450296164,46.29032,,,9.389941,11.775015,6.8224144,3.8295288,0,0.0
2006-02-01,south_aegean,36.72210596193028,26.472110450296164,55.83571,,,10.7281065,13.214795,8.070281,3.3107715,0,0.0
2006-03-01,south_aegean,36.72210596193028,26.472110450296164,54.54839,,,12.2074585,14.952454,9.368826,3.870929,0,0.0
2006-04-01,south_aegean,36.72210596193028,26.472110450296164,8.906667,,,15.707333,18.853645,12.868404,3.66888,0,0.0
2006-05-01,south_aegean,36.72210596193028,26.472110450296164,0.0,,,19.109264,22.63866,15.023245,3.8119483,0,0.0
2006-06-01,south_aegean,36.72210596193028,26.472110450296164,0.0,,,23.672857,27.084291,20.207283,3.7219334,0,0.0
2006-07-01,south_aegean,36.72210596193028,26.472110450296164,0.0,,,24.595514,27.938894,21.235504,3.6400902,0,0.0
2006-08-01,south_aegean,36.72210596193028,26.472110450296164,0.0,,,26.827526,30.80772,23.02954,4.066032,0,0.0
2006-09-01,south_aegean,36.72210596193028,26.472110450296164,21.073334,,,23.106543,26.055756,20.063011,3.6808798,0,0.0
2006-10-01,south_aegean,36.72210596193028,26.472110450296164,55.85484,69.68975,,19.212383,22.609842,16.50832,3.689374,0,0.0
2006-11-01,south_aegean,36.72210596193028,26.472110450296164,31.653336,70.124985,,14.130435,17.065897,11.142828,3.6409864,0,0.0
2006-12-01,south_aegean,36.72210596193028,26.472110450296164,6.0,71.098076,,12.101632,14.877654,9.138973,3.1014194,0,0.0
2007-01-01,south_aegean,36.72210596193028,26.472110450296164,17.519354,65.99987,,11.877917,14.57045,8.893118,2.4142516,0,0.0
2007-02-01,south_aegean,36.72210596193028,26.472110450296164,41.94643,73.76827,,11.120249,13.268852,8.6485815,3.5585427,0,0.0
2007-03-01,south_aegean,36.72210596193028,26.472110450296164,12.367743,66.94697,,13.217613,15.786469,10.481418,4.143361,0,0.0
2007-04-01,south_aegean,36.72210596193028,26.472110450296164,0.28000003,67.030334,,15.498939,18.442707,12.097333,3.0005534,0,0.0
2007-05-01,south_aegean,36.72210596193028,26.472110450296164,7.564516,67.94519,,19.616089,23.38172,16.297956,3.905703,0,0.0
2007-06-01,south_aegean,36.72210596193028,26.472110450296164,1.0900002,59.546143,,25.39105,29.13693,21.566717,3.5373266,0,0.0
2007-07-01,south_aegean,36.72210596193028,26.472110450296164,0.0,49.633602,,26.999872,30.848534,22.983078,4.0083547,0,0.0
2007-08-01,south_aegean,36.72210596193028,26.472110450296164,0.0,56.54833,,26.687468,30.141338,23.214388,3.6242585,0,0.0
2007-09-01,south_aegean,36.72210596193028,26.472110450296164,0.0,58.131863,,23.446877,26.989109,19.99195,3.6511533,0,0.0
2007-10-01,south_aegean,36.72210596193028,26.472110450296164,33.461292,63.824978,,19.87911,23.06909,16.792513,3.2213678,0,0.0
2007-11-01,south_aegean,36.72210596193028,26.472110450296164,66.293335,66.565735,,15.490061,18.052456,12.886243,3.928833,0,0.0
2007-12-01,south_aegean,36.72210596193028,26.472110450296164,124.49678,73.38645,,11.691105,14.206813,9.501729,3.8527224,0,0.0
2008-01-01,south_aegean,36.72210596193028,26.472110450296164,23.841936,72.57425,,10.4102335,13.209589,7.666901,2.3937418,0,0.0
2008-02-01,south_aegean,36.72210596193028,26.472110450296164,110.796555,67.31709,,10.2548485,13.0695305,7.015256,2.8892758,0,0.0
2008-03-01,south_aegean,36.72210596193028,26.472110450296164,16.090324,65.79075,,14.593958,17.020243,12.115913,3.789,0,0.0
2008-04-01,south_aegean,36.72210596193028,26.472110450296164,36.083336,67.46112,,15.64914,18.69712,12.573473,3.6550398,0,0.0
2008-05-01,south_aegean,36.72210596193028,26.472110450296164,1.1935484,64.93525,,19.5347,22.954174,15.99388,3.3974383,0,0.0
2008-06-01,south_aegean,36.72210596193028,26.472110450296164,0.0,63.244045,,24.550655,28.024323,20.831385,3.1881266,0,0.0
2008-07-01,south_aegean,36.72210596193028,26.472110450296164,0.0,58.27933,,25.98176,29.634924,22.066578,3.8556836,0,0.0
2008-08-01,south_aegean,36.72210596193028,26.472110450296164,0.0,59.07588,,26.252228,29.936365,22.791594,3.4862707,0,0.0
2008-09-01,south_aegean,36.72210596193028,26.472110450296164,11.219999,61.40189,,23.300755,26.00819,20.527182,3.46326,0,0.0
2008-10-01,south_aegean,36.72210596193028,26.472110450296164,8.738709,67.13734,,19.362461,22.548359,16.200577,3.3397417,0,0.0
2008-11-01,south_aegean,36.72210596193028,26.472110450296164,26.62,67.52331,,17.054373,19.439514,14.4009495,3.4860663,0,0.0
2008-12-01,south_aegean,36.72210596193028,26.472110450296164,40.032257,61.37676,,13.022443,15.004526,10.5417595,3.9297738,0,0.0
2009-01-01,south_aegean,36.72210596193028,26.472110450296164,73.880646,73.84052,,12.478534,14.475952,10.149521,4.1443934,0,0.0
2009-02-01,south_aegean,36.72210596193028,26.472110450296164,139.58572,66.405685,,10.639416,12.671287,8.44014,3.5625284,0,0.0
2009-03-01,south_aegean,36.72210596193028,26.472110450296164,27.116129,65.41393,,12.656509,14.846999,9.855953,3.7026129,0,0.0
2009-04-01,south_aegean,36.72210596193028,26.472110450296164,21.0,71.43654,,15.453312,18.2052,12.658443,3.2943466,0,0.0
2009-05-01,south_aegean,36.72210596193028,26.472110450296164,12.087097,66.4161,,19.46175,22.6992,15.837292,4.02371,0,0.0
2009-06-01,south_aegean,36.72210596193028,26.472110450296164,0.0,58.052204,,24.359312,27.60712,20.657475,3.5418932,0,0.0
2009-07-01,south_aegean,36.72210596193028,26.472110450296164,0.0,55.387966,,27.052687,30.23038,23.2591,3.949658,0,0.0
2009-08-01,south_aegean,36.72210596193028,26.472110450296164,0.0,55.931812,,25.583197,28.68959,22.101385,3.6315873,0,0.0
2009-09-01,south_aegean,36.72210596193028,26.472110450296164,14.16,62.114662,,22.740877,25.580019,19.845282,3.974893,0,0.0
2009-10-01,south_aegean,36.72210596193028,26.472110450296164,18.612904,66.472885,,20.767574,23.359352,17.79599,3.5663354,0,0.0
2009-11-01,south_aegean,36.72210596193028,26.472110450296164,32.829998,71.69842,,16.174898,18.960604,12.985082,3.7038531,0,0.0
2009-12-01,south_aegean,36.72210596193028,26.472110450296164,154.16129,75.0957,,14.436138,16.522894,12.174145,4.5364385,1,4.0
2010-01-01,south_aegean,36.72210596193028,26.472110450296164,96.09355,69.285095,,12.108288,14.159364,9.726979,4.6948256,1,7.0
2010-02-01,south_aegean,36.72210596193028,26.472110450296164,83.49643,71.143295,,13.060952,15.40462,10.205887,4.3656282,1,7.0
2010-03-01,south_aegean,36.72210596193028,26.472110450296164,0.79032254,66.38523,,14.5450535,16.926178,11.741456,3.9109998,1,7.0
2010-04-01,south_aegean,36.72210596193028,26.472110450296164,1.7333333,69.34741,,16.639423,19.388565,13.404262,3.6223133,1,7.0
2010-05-01,south_aegean,36.72210596193028,26.472110450296164,0.26774195,63.58326,,20.553959,23.976921,16.299217,3.7335935,1,7.0
2010-06-01,south_aegean,36.72210596193028,26.472110450296164,2.856667,68.14795,,24.270918,26.95491,21.005335,3.94414,1,7.0
2010-07-01,south_aegean,36.72210596193028,26.472110450296164,0.0,63.551,,26.635162,29.749666,22.648289,4.0278516,1,7.0
2010-08-01,south_aegean,36.72210596193028,26.472110450296164,0.0,57.058147,,28.214222,31.142101,24.891232,3.5584643,1,7.0
2010-09-01,south_aegean,36.72210596193028,26.472110450296164,0.0,69.12407,,24.380512,27.561121,20.661161,3.725047,1,7.0
2010-10-01,south_aegean,36.72210596193028,26.472110450296164,31.73871,70.83182,,19.809362,22.279703,16.890205,4.2181807,1,7.0
2010-11-01,south_aegean,36.72210596193028,26.472110450296164,6.04,65.770226,,18.69303,20.910757,15.966505,3.7591531,1,7.0
2010-12-01,south_aegean,36.72210596193028,26.472110450296164,74.33226,65.61726,,14.558651,16.546473,12.228954,4.080858,1,16.0
2011-01-01,south_aegean,36.72210596193028,26.472110450296164,105.68387,71.993385,,11.636373,13.891769,9.028298,3.2436323,1,25.0
2011-02-01,south_aegean,36.72210596193028,26.472110450296164,138.75357,70.78826,,11.900194,14.309112,9.062143,3.2442355,1,25.0
2011-03-01,south_aegean,36.72210596193028,26.472110450296164,6.33871,67.21206,,12.732952,14.863714,10.209815,3.5724902,1,27.0
2011-04-01,south_aegean,36.72210596193028,26.472110450296164,18.840002,69.36015,,14.721464,17.156221,12.096282,3.7778199,1,27.0
2011-05-01,south_aegean,36.72210596193028,26.472110450296164,8.280645,69.53338,,18.566227,21.40992,15.319647,4.2627034,1,27.0
2011-06-01,south_aegean,36.72210596193028,26.472110450296164,0.0,66.45388,,23.608805,26.859293,20.016253,4.206553,1,27.0
2011-07-01,south_aegean,36.72210596193028,26.472110450296164,0.0,57.79299,,26.814213,30.940351,22.67525,3.9467032,1,27.0
2011-08-01,south_aegean,36.72210596193028,26.472110450296164,0.0,58.391895,,26.264193,29.481651,22.936615,3.5019674,1,27.0
2011-09-01,south_aegean,36.72210596193028,26.472110450296164,1.7466667,61.34307,,25.109707,28.390806,21.92618,3.5706,1,27.0
2011-10-01,south_aegean,36.72210596193028,26.472110450296164,43.416126,63.487194,,18.41745,21.085943,15.343724,3.9492903,1,27.0
2011-11-01,south_aegean,36.72210596193028,26.472110450296164,5.7733335,68.01119,,13.989585,16.10291,11.742727,3.547553,1,27.0
2011-12-01,south_aegean,36.72210596193028,26.472110450296164,62.877422,71.40895,,12.546608,15.156725,9.828837,3.6383097,1,27.0
2012-01-01,south_aegean,36.72210596193028,26.472110450296164,125.71936,75.127235,,8.946794,11.359052,6.472776,2.4024968,1,34.0
2012-02-01,south_aegean,36.72210596193028,26.472110450296164,138.93103,65.86464,,10.041472,12.526928,7.3724866,3.6295242,1,34.0
2012-03-01,south_aegean,36.72210596193028,26.472110450296164,12.932258,64.860954,,12.539247,15.298601,9.382855,3.1672132,1,34.0
2012-04-01,south_aegean,36.72210596193028,26.472110450296164,18.956667,66.562256,,16.490908,19.072262,13.535686,4.7380667,1,34.0
2012-05-01,south_aegean,36.72210596193028,26.472110450296164,16.683872,70.19585,,19.578915,22.755238,16.36394,3.7289996,1,36.0
2012-06-01,south_aegean,36.72210596193028,26.472110450296164,0.0,67.00181,,24.850819,28.332373,21.066576,4.3157463,1,36.0
2012-07-01,south_aegean,36.72210596193028,26.472110450296164,0.0,62.109997,,27.648346,31.189686,24.03479,4.135174,1,9.0
2012-08-01,south_aegean,36.72210596193028,26.472110450296164,0.0,61.508152,,27.584496,30.937437,24.184105,3.6514063,1,9.0
2012-09-01,south_aegean,36.72210596193028,26.472110450296164,0.0,63.266724,,24.084282,26.854473,20.897223,3.779333,1,9.0
2012-10-01,south_aegean,36.72210596193028,26.472110450296164,9.43871,68.82976,,21.60119,24.50206,18.524328,4.0898,1,686.0
2012-11-01,south_aegean,36.72210596193028,26.472110450296164,17.633335,74.71204,,17.44111,19.831331,15.05997,3.9388864,1,1678.0
2012-12-01,south_aegean,36.72210596193028,26.472110450296164,129.38065,74.48128,,12.8480835,15.019285,10.599217,3.752387,1,1838.0
2013-01-01,south_aegean,36.72210596193028,26.472110450296164,68.43227,75.33816,,11.474047,13.628768,8.956872,4.2055097,1,1838.0
2013-02-01,south_aegean,36.72210596193028,26.472110450296164,83.65714,73.73757,,12.188105,15.100812,9.124308,3.94435,1,1838.0
2013-03-01,south_aegean,36.72210596193028,26.472110450296164,27.003223,69.983894,,13.881389,16.279373,11.344438,4.5504837,1,1838.0
2013-04-01,south_aegean,36.72210596193028,26.472110450296164,13.556666,65.88913,,16.629223,19.593962,13.618454,3.9927466,1,1838.0
2013-05-01,south_aegean,36.72210596193028,26.472110450296164,4.3645163,,,21.202589,24.341028,17.848396,4.1262836,1,1838.0
2013-06-01,south_aegean,36.72210596193028,26.472110450296164,0.096666664,,,24.0607,27.210627,20.372122,4.0036535,1,1838.0
2013-07-01,south_aegean,36.72210596193028,26.472110450296164,0.0,,,25.793255,29.001993,22.777761,3.8528712,1,1838.0
2013-08-01,south_aegean,36.72210596193028,26.472110450296164,0.0,,,26.638884,29.96737,23.332464,3.819677,1,1838.0
2013-09-01,south_aegean,36.72210596193028,26.472110450296164,0.0,,,24.011242,27.292059,20.445675,4.0675936,0,0.0
2013-10-01,south_aegean,36.72210596193028,26.472110450296164,33.30645,,,18.919823,22.508581,15.295962,4.185071,0,0.0
2013-11-01,south_aegean,36.72210596193028,26.472110450296164,77.909996,,,16.642332,19.440535,13.778403,4.0466795,0,0.0
2013-12-01,south_aegean,36.72210596193028,26.472110450296164,29.696774,,,11.458075,14.126363,8.862835,3.2698646,0,0.0
2014-01-01,south_aegean,36.72210596193028,26.472110450296164,63.1,,,12.827458,15.406187,10.177389,4.2019224,0,0.0
2014-02-01,south_aegean,36.72210596193028,26.472110450296164,16.27143,,,12.889176,15.500778,10.201493,3.2151716,0,0.0
2014-03-01,south_aegean,36.72210596193028,26.472110450296164,60.50968,,,13.668827,16.206089,10.770978,3.4170709,0,0.0
2014-04-01,south_aegean,36.72210596193028,26.472110450296164,29.106668,,,15.862102,18.991486,12.576495,3.7713666,0,0.0
2014-05-01,south_aegean,36.72210596193028,26.472110450296164,7.5483866,,,19.07259,22.477232,15.885835,3.7126064,0,0.0
2014-06-01,south_aegean,36.72210596193028,26.472110450296164,0.26333335,,,23.7081,27.288342,20.05912,4.0692997,0,0.0
2014-07-01,south_aegean,36.72210596193028,26.472110450296164,0.0,,,25.633127,29.34522,22.04393,4.0264964,0,0.0
2014-08-01,south_aegean,36.72210596193028,26.472110450296164,0.0,,,26.8869,30.596148,23.529274,3.5513098,0,0.0
2014-09-01,south_aegean,36.72210596193028,26.472110450296164,14.27,,,23.675695,26.990393,20.68814,3.5915534,0,0.0
2014-10-01,south_aegean,36.72210596193028,26.472110450296164,34.52258,,,19.514185,22.695494,16.590048,3.4347806,1,41.0
2014-11-01,south_aegean,36.72210596193028,26.472110450296164,44.926666,,,15.854485,18.565292,13.105637,3.7675664,1,152.0
2014-12-01,south_aegean,36.72210596193028,26.472110450296164,162.80968,,,14.303353,16.963764,11.550009,3.7294445,0,0.0
2015-01-01,south_aegean,36.72210596193028,26.472110450296164,148.10966,,,10.838016,13.476804,8.03213,3.0536194,0,0.0
2015-02-01,south_aegean,36.72210596193028,26.472110450296164,120.87858,,,10.722954,13.095875,8.145498,4.0371356,0,0.0
2015-03-01,south_aegean,36.72210596193028,26.472110450296164,127.13872,,,12.570732,15.2548,9.898885,3.2526646,0,0.0
2015-04-01,south_aegean,36.72210596193028,26.472110450296164,15.743334,,,14.502554,17.899567,10.866868,3.9104536,0,0.0
2015-05-01,south_aegean,36.72210596193028,26.472110450296164,16.803226,,,19.781809,23.509533,15.815385,4.4363356,0,0.0
2015-06-01,south_aegean,36.72210596193028,26.472110450296164,0.0,,,22.549625,26.062271,19.000092,3.4590466,0,0.0
2015-07-01,south_aegean,36.72210596193028,26.472110450296164,0.0,,,25.830244,29.577204,21.891827,3.6825874,0,0.0
2015-08-01,south_aegean,36.72210596193028,26.472110450296164,0.0,,,26.91381,30.468592,23.569824,3.6644905,0,0.0
2015-09-01,south_aegean,36.72210596193028,26.472110450296164,42.88333,,,24.553131,28.282463,21.042583,3.4450066,0,0.0
2015-10-01,south_aegean,36.72210596193028,26.472110450296164,50.232258,,,20.176794,23.227781,17.313353,4.1834965,0,0.0
2015-11-01,south_aegean,36.72210596193028,26.472110450296164,28.163332,,,16.967789,20.257242,13.631747,3.0834866,0,0.0
2015-12-01,south_aegean,36.72210596193028,26.472110450296164,0.60322577,,,12.495846,15.748689,9.588612,2.4268064,1,7.0
2016-01-01,south_aegean,36.72210596193028,26.472110450296164,102.15161,,,10.684251,13.43952,7.473998,4.2669673,1,7.0
2016-02-01,south_aegean,36.72210596193028,26.472110450296164,17.682758,,,13.679236,16.593542,10.652895,3.7427862,1,7.0
2016-03-01,south_aegean,36.72210596193028,26.472110450296164,41.65161,,,13.711309,16.643452,10.5058155,3.9494257,0,0.0
2016-04-01,south_aegean,36.72210596193028,26.472110450296164,0.57000005,,,17.754717,21.698868,13.489727,3.3463998,0,0.0
2016-05-01,south_aegean,36.72210596193028,26.472110450296164,42.71613,,,19.172403,22.596872,15.5720825,3.6554773,0,0.0
2016-06-01,south_aegean,36.72210596193028,26.472110450296164,0.083333336,,,24.514828,28.778324,20.441202,4.0525465,0,0.0
2016-07-01,south_aegean,36.72210596193028,26.472110450296164,0.0,,,26.455725,30.067497,23.07433,3.9540899,0,0.0
2016-08-01,south_aegean,36.72210596193028,26.472110450296164,0.0,,,26.246725,29.832512,22.826687,3.8375099,0,0.0
2016-09-01,south_aegean,36.72210596193028,26.472110450296164,1.7933334,,,23.754768,27.052534,20.33115,4.8746333,0,0.0
2016-10-01,south_aegean,36.72210596193028,26.472110450296164,3.532258,,,20.041252,23.527733,16.73141,3.644516,0,0.0
2016-11-01,south_aegean,36.72210596193028,26.472110450296164,63.913334,,,15.993686,19.140131,12.488051,3.7484934,0,0.0
2016-12-01,south_aegean,36.72210596193028,26.472110450296164,42.37097,,,9.656089,12.526774,6.7383375,3.0541031,0,0.0
2017-01-01,south_aegean,36.72210596193028,26.472110450296164,168.02258,,,9.287007,11.9407625,6.164262,3.6834772,0,0.0
2017-02-01,south_aegean,36.72210596193028,26.472110450296164,23.828575,,,11.656905,14.467955,8.66633,3.40665,0,0.0
2017-03-01,south_aegean,36.72210596193028,26.472110450296164,112.732254,,,13.306031,16.434877,10.3162365,3.4583097,0,0.0
2017-04-01,south_aegean,36.72210596193028,26.472110450296164,16.486668,,,15.615484,19.075403,11.969595,3.6889002,0,0.0
2017-05-01,south_aegean,36.72210596193028,26.472110450296164,10.974194,,,19.69517,23.322462,16.011974,3.9832451,0,0.0
2017-06-01,south_aegean,36.72210596193028,26.472110450296164,2.63,,,24.378222,28.42901,20.196232,3.3547735,0,0.0
2017-07-01,south_aegean,36.72210596193028,26.472110450296164,0.0,,,26.854944,30.711622,22.790869,4.462903,0,0.0
2017-08-01,south_aegean,36.72210596193028,26.472110450296164,0.0,,,26.01611,29.476637,23.00469,3.897077,0,0.0
2017-09-01,south_aegean,36.72210596193028,26.472110450296164,0.0,,,24.041382,27.894344,19.956244,3.6108668,0,0.0
2017-10-01,south_aegean,36.72210596193028,26.472110450296164,28.835484,,,19.39175,22.563457,15.979618,2.8448772,1,1.0
2017-11-01,south_aegean,36.72210596193028,26.472110450296164,59.610004,,,15.031525,18.374939,11.891616,3.0802398,1,8.0
2017-12-01,south_aegean,36.72210596193028,26.472110450296164,53.57097,,,13.352804,16.032307,10.503773,3.9306,1,9.0
2018-01-01,south_aegean,36.72210596193028,26.472110450296164,90.60323,,,11.391857,14.336108,8.426735,4.204748,1,9.0
2018-02-01,south_aegean,36.72210596193028,26.472110450296164,82.92857,,,12.986796,15.358982,10.18093,3.7671924,1,10.0
2018-03-01,south_aegean,36.72210596193028,26.472110450296164,15.687097,,,14.648983,17.349491,11.560645,4.3753676,1,10.0
2018-04-01,south_aegean,36.72210596193028,26.472110450296164,2.28,,,17.658504,21.537281,13.821555,3.5111933,1,10.0
2018-05-01,south_aegean,36.72210596193028,26.472110450296164,8.419355,,,21.588465,25.275906,17.81038,4.0105677,1,10.0
2018-06-01,south_aegean,36.72210596193028,26.472110450296164,2.0533333,,,24.000353,27.667534,20.206081,3.3042066,1,10.0
2018-07-01,south_aegean,36.72210596193028,26.472110450296164,0.0,,,27.034523,30.927662,23.114428,3.7398772,1,10.0
2018-08-01,south_aegean,36.72210596193028,26.472110450296164,0.09032258,,,26.31917,29.736372,23.242102,3.711387,1,10.0
2018-09-01,south_aegean,36.72210596193028,26.472110450296164,7.6466665,,,24.262434,27.598333,21.15498,4.247327,1,10.0
2018-10-01,south_aegean,36.72210596193028,26.472110450296164,28.06129,,,19.54042,22.867487,16.470575,4.0524197,1,10.0
2018-11-01,south_aegean,36.72210596193028,26.472110450296164,92.35333,,,16.399343,19.23612,13.59101,3.7388065,1,10.0
2018-12-01,south_aegean,36.72210596193028,26.472110450296164,92.2742,,,11.562757,14.187409,8.760215,3.6724257,1,13.0
2019-01-01,south_aegean,36.72210596193028,26.472110450296164,204.1,,,10.531779,12.944233,7.7834206,3.9789093,1,21.0
2019-02-01,south_aegean,36.72210596193028,26.472110450296164,133.95358,,,11.525487,14.140411,8.71553,3.2078283,1,22.0
2019-03-01,south_aegean,36.72210596193028,26.472110450296164,45.52258,,,13.483234,16.496313,10.402122,3.2245033,1,22.0
2019-04-01,south_aegean,36.72210596193028,26.472110450296164,76.600006,,,15.04501,18.058424,11.900383,4.0652733,1,23.0
2019-05-01,south_aegean,36.72210596193028,26.472110450296164,2.0935483,,,19.059082,23.033598,15.151924,3.895761,1,23.0
2019-06-01,south_aegean,36.72210596193028,26.472110450296164,0.0,,,24.543709,28.372755,20.738678,4.0453534,1,23.0
2019-07-01,south_aegean,36.72210596193028,26.472110450296164,3.3645163,,,25.961115,29.678091,21.94348,3.8032453,1,23.0
2019-08-01,south_aegean,36.72210596193028,26.472110450296164,0.0,,,26.588945,30.123734,23.024096,3.5584257,1,23.0
2019-09-01,south_aegean,36.72210596193028,26.472110450296164,10.85,,,23.254435,26.795393,20.004303,4.667993,1,23.0
2019-10-01,south_aegean,36.72210596193028,26.472110450296164,18.209679,,,21.053703,24.605513,17.734457,3.7460644,1,23.0
2019-11-01,south_aegean,36.72210596193028,26.472110450296164,70.19334,,,18.332998,21.322302,15.116453,4.0984797,1,23.0
2019-12-01,south_aegean,36.72210596193028,26.472110450296164,127.0,,,13.349765,16.161749,10.436588,4.112755,1,23.0
2020-01-01,south_aegean,36.72210596193028,26.472110450296164,58.0,,,10.73609,13.502942,7.9742913,2.9067483,1,23.0
2020-02-01,south_aegean,36.72210596193028,26.472110450296164,61.003452,,,11.787679,14.455601,8.837001,2.8517585,1,23.0
2020-03-01,south_aegean,36.72210596193028,26.472110450296164,37.770966,,,13.423343,16.316206,10.416667,3.5776837,1,23.0
2020-04-01,south_aegean,36.72210596193028,26.472110450296164,9.976666,,,15.510949,18.498018,12.410605,3.25718,1,23.0
2020-05-01,south_aegean,36.72210596193028,26.472110450296164,2.7064517,,,20.032598,24.116833,16.341974,4.1097164,1,23.0
2020-06-01,south_aegean,36.72210596193028,26.472110450296164,0.34000003,,,22.749132,26.430475,19.157534,4.0694,1,23.0
2020-07-01,south_aegean,36.72210596193028,26.472110450296164,0.0,,,26.19471,29.825277,22.41992,3.856729,1,23.0
2020-08-01,south_aegean,36.72210596193028,26.472110450296164,0.28709677,,,26.638426,30.309618,23.209549,3.6311677,1,23.0
2020-09-01,south_aegean,36.72210596193028,26.472110450296164,4.0733337,,,25.472158,28.87403,22.038755,4.0089397,1,23.0
2020-10-01,south_aegean,36.72210596193028,26.472110450296164,83.325806,,,21.55475,25.37649,17.816624,3.85,1,23.0
2020-11-01,south_aegean,36.72210596193028,26.472110450296164,27.293335,,,16.19811,19.434597,13.322636,2.7089667,1,23.0
2020-12-01,south_aegean,36.72210596193028,26.472110450296164,135.7129,,,14.552492,17.162323,11.838631,4.0389543,1,23.0
2021-01-01,south_aegean,36.72210596193028,26.472110450296164,105.33549,,,12.680938,15.331886,9.803871,4.07849,1,31.0
2021-02-01,south_aegean,36.72210596193028,26.472110450296164,30.764284,,,12.80631,15.575173,9.840584,3.1137426,1,31.0
2021-03-01,south_aegean,36.72210596193028,26.472110450296164,35.106453,,,12.328455,15.342941,8.896335,3.1899292,1,31.0
2021-04-01,south_aegean,36.72210596193028,26.472110450296164,10.64,,,15.77198,19.065445,12.210473,3.6768198,1,8.0
2021-05-01,south_aegean,36.72210596193028,26.472110450296164,0.0,,,21.020086,25.205795,16.580692,3.6873674,1,8.0
2021-06-01,south_aegean,36.72210596193028,26.472110450296164,1.1266667,,,24.387606,27.875643,20.147284,3.8630664,1,8.0
2021-07-01,south_aegean,36.72210596193028,26.472110450296164,0.0,,,27.786764,31.384651,23.518229,4.1802,1,8.0
2021-08-01,south_aegean,36.72210596193028,26.472110450296164,0.0,,,28.304644,32.18227,23.979725,3.6802452,1,8.0
2021-09-01,south_aegean,36.72210596193028,26.472110450296164,0.0,,,23.825394,27.397596,20.416859,3.8841598,1,8.0
2021-10-01,south_aegean,36.72210596193028,26.472110450296164,21.009678,,,19.389042,22.666334,16.07822,3.3917353,1,8.0
2021-11-01,south_aegean,36.72210596193028,26.472110450296164,32.533333,,,17.239302,20.108524,14.094686,3.6598465,1,8.0
2021-12-01,south_aegean,36.72210596193028,26.472110450296164,169.06131,,,12.6969,15.120009,10.183598,3.9777033,1,8.0
2022-01-01,south_aegean,36.72210596193028,26.472110450296164,254.8742,,,10.044985,12.397927,7.22914,2.752058,1,8.0
2022-02-01,south_aegean,36.72210596193028,26.472110450296164,75.53929,,,11.863452,14.378734,8.640249,2.7922285,1,8.0
2022-03-01,south_aegean,36.72210596193028,26.472110450296164,56.73226,,,10.282492,12.812668,7.0306745,3.951961,1,8.0
2022-04-01,south_aegean,36.72210596193028,26.472110450296164,2.88,,,16.525433,19.819868,12.495443,3.723073,1,8.0
2022-05-01,south_aegean,36.72210596193028,26.472110450296164,0.15806451,,,20.26826,24.010958,16.236021,3.816516,1,9.0
2022-06-01,south_aegean,36.72210596193028,26.472110450296164,1.01,,,24.399736,27.907736,20.978748,4.0608397,1,10.0
2022-07-01,south_aegean,36.72210596193028,26.472110450296164,0.2,,,26.27683,29.844652,22.367136,3.7446387,1,10.0
2022-08-01,south_aegean,36.72210596193028,26.472110450296164,3.7483873,,,26.228004,29.705914,22.818914,3.7419677,1,10.0
2022-09-01,south_aegean,36.72210596193028,26.472110450296164,0.0,,,23.949837,27.631079,20.59008,4.024793,1,10.0
2022-10-01,south_aegean,36.72210596193028,26.472110450296164,7.1193542,,,20.28866,23.439472,17.02728,3.4659224,1,10.0
2022-11-01,south_aegean,36.72210596193028,26.472110450296164,33.563335,,,16.802444,19.722755,13.794778,3.2996998,1,10.0
2022-12-01,south_aegean,36.72210596193028,26.472110450296164,44.26129,,,14.581974,17.407623,11.832766,3.5450256,1,10.0
2023-01-01,south_aegean,36.72210596193028,26.472110450296164,115.716125,,,12.774907,15.732991,9.784026,3.4567482,1,13.0
2023-02-01,south_aegean,36.72210596193028,26.472110450296164,30.132145,,,10.501374,13.2115345,7.4942856,3.1185212,1,15.0
2023-03-01,south_aegean,36.72210596193028,26.472110450296164,42.20645,,,13.851232,16.616617,10.888984,3.5226836,1,15.0
2023-04-01,south_aegean,36.72210596193028,26.472110450296164,20.556667,,,15.311605,18.124231,12.237636,3.6515734,1,15.0
2023-05-01,south_aegean,36.72210596193028,26.472110450296164,24.254837,,,18.310675,21.620186,15.295767,4.0226064,1,15.0
2023-06-01,south_aegean,36.72210596193028,26.472110450296164,5.14,,,22.901213,26.469435,19.42104,3.52084,1,15.0
2023-07-01,south_aegean,36.72210596193028,26.472110450296164,0.0,,,28.076782,32.242092,23.714563,3.9603546,1,15.0
2023-08-01,south_aegean,36.72210596193028,26.472110450296164,0.5677419,,,26.605804,30.293459,23.11998,3.5344641,1,15.0
2023-09-01,south_aegean,36.72210596193028,26.472110450296164,9.5199995,,,24.990839,28.325274,21.835323,3.9198866,1,15.0
2023-10-01,south_aegean,36.72210596193028,26.472110450296164,1.2903225,,,21.4287,24.833471,18.255133,4.0155354,1,15.0
2023-11-01,south_aegean,36.72210596193028,26.472110450296164,79.29667,,,18.4542,21.23215,15.171009,3.5057397,1,29.0
2023-12-01,south_aegean,36.72210596193028,26.472110450296164,88.809685,,,15.10865,17.858797,12.342025,3.2689483,1,153.0
2024-01-01,south_aegean,36.72210596193028,26.472110450296164,75.5258,,,12.316891,15.084065,9.38002,2.5939739,1,153.0
2024-02-01,south_aegean,36.72210596193028,26.472110450296164,71.83793,,,13.009257,16.56582,9.734253,3.030088,1,153.0
2024-03-01,south_aegean,36.72210596193028,26.472110450296164,35.467743,,,13.912403,18.099169,10.1575365,3.859389,1,153.0
2024-04-01,south_aegean,36.72210596193028,26.472110450296164,19.810001,,,18.006655,21.763212,14.645111,3.6427932,1,153.0
2024-05-01,south_aegean,36.72210596193028,26.472110450296164,7.1903224,,,19.761269,23.653557,16.247263,3.5699677,1,153.0
2024-06-01,south_aegean,36.72210596193028,26.472110450296164,2.1233335,,,25.624393,30.741575,21.463484,3.97534,1,155.0
2024-07-01,south_aegean,36.72210596193028,26.472110450296164,0.64193547,,,27.310019,31.985807,23.456247,3.911477,1,155.0
2024-08-01,south_aegean,36.72210596193028,26.472110450296164,0.077419356,,,27.143822,30.962423,23.54267,3.543058,1,155.0
2024-09-01,south_aegean,36.72210596193028,26.472110450296164,8.493334,,,24.343332,27.936415,20.936705,3.65038,1,155.0
2024-10-01,south_aegean,36.72210596193028,26.472110450296164,0.0,,,20.708485,24.326656,17.324566,4.0602903,1,155.0
2024-11-01,south_aegean,36.72210596193028,26.472110450296164,50.739998,,,15.793686,19.159897,12.53285,2.8336334,1,155.0
2024-12-01,south_aegean,36.72210596193028,26.472110450296164,244.1484,,,12.962288,15.893411,10.175434,2.9177077,1,155.0
2000-01-01,central_greece,38.65675872131481,22.832388239722125,61.767742,68.727394,85.11659,1.8208939,6.3972144,-2.1992009,1.8934497,0,0.0
2000-02-01,central_greece,38.65675872131481,22.832388239722125,203.43103,72.196945,120.59432,5.2377644,9.755307,1.2036195,2.4035757,0,0.0
2000-03-01,central_greece,38.65675872131481,22.832388239722125,61.338707,67.35747,183.56104,7.5010486,13.357288,1.4723276,2.2882185,0,0.0
2000-04-01,central_greece,38.65675872131481,22.832388239722125,44.573334,67.97972,198.94052,13.068362,18.536774,7.363414,2.5756135,0,0.0
2000-05-01,central_greece,38.65675872131481,22.832388239722125,17.525806,57.84405,256.5125,17.425346,23.088326,10.438342,2.4135318,0,0.0
2000-06-01,central_greece,38.65675872131481,22.832388239722125,24.083336,47.433613,281.70712,21.80863,27.3316,13.668098,2.608176,0,0.0
2000-07-01,central_greece,38.65675872131481,22.832388239722125,0.0,47.87005,319.68286,25.193008,31.44643,16.39627,2.5832996,0,0.0
2000-08-01,central_greece,38.65675872131481,22.832388239722125,0.0,44.208096,268.26163,23.584013,29.388365,16.215977,2.6080706,0,0.0
2000-09-01,central_greece,38.65675872131481,22.832388239722125,17.33,56.610207,200.16994,19.212374,25.389446,12.791736,2.356983,0,0.0
2000-10-01,central_greece,38.65675872131481,22.832388239722125,116.835495,72.55613,129.062,13.921806,18.843475,9.172144,2.3344626,0,0.0
2000-11-01,central_greece,38.65675872131481,22.832388239722125,294.77667,81.208145,97.83093,11.983127,17.699707,7.0001173,2.2554076,0,0.0
2000-12-01,central_greece,38.65675872131481,22.832388239722125,141.21613,76.30939,77.872444,6.963141,12.05472,2.634318,2.5122252,0,0.0
2001-01-01,central_greece,38.65675872131481,22.832388239722125,253.76773,81.90924,74.46026,6.4046254,10.159829,2.7963126,2.3310332,0,0.0
2001-02-01,central_greece,38.65675872131481,22.832388239722125,121.98214,72.15198,121.05975,6.8705993,11.644563,2.330852,2.5751295,0,0.0
2001-03-01,central_greece,38.65675872131481,22.832388239722125,54.29355,65.204605,175.67995,13.186721,18.812641,7.2492642,2.7216191,0,0.0
2001-04-01,central_greece,38.65675872131481,22.832388239722125,255.77667,66.70764,209.9684,12.141503,16.811916,6.614133,2.852539,0,0.0
2001-05-01,central_greece,38.65675872131481,22.832388239722125,122.425804,61.53706,235.55704,17.555737,22.47196,11.179266,2.5436428,0,0.0
2001-06-01,central_greece,38.65675872131481,22.832388239722125,19.376667,46.43164,301.26114,22.706623,28.001839,14.699261,2.8590317,0,0.0
2001-07-01,central_greece,38.65675872131481,22.832388239722125,43.964516,50.773464,282.67447,25.705904,30.885704,18.098915,2.6503575,0,0.0
2001-08-01,central_greece,38.65675872131481,22.832388239722125,29.90968,54.463154,252.90997,24.459742,29.893185,17.764948,2.5380151,0,0.0
2001-09-01,central_greece,38.65675872131481,22.832388239722125,3.1766667,57.03036,236.9917,20.994743,26.890162,13.797107,2.7281272,0,0.0
2001-10-01,central_greece,38.65675872131481,22.832388239722125,7.4903226,61.416042,156.66708,16.211687,22.032856,10.127898,2.6441915,0,0.0
2001-11-01,central_greece,38.65675872131481,22.832388239722125,345.52332,76.2631,86.0037,8.785719,13.57251,4.4773746,2.7784119,0,0.0
2001-12-01,central_greece,38.65675872131481,22.832388239722125,445.0871,81.19452,54.532784,2.449439,4.968758,-0.59366435,2.678381,0,0.0
2002-01-01,central_greece,38.65675872131481,22.832388239722125,125.299995,78.07045,86.65254,3.7006154,8.645951,-0.24929583,2.3935401,0,0.0
2002-02-01,central_greece,38.65675872131481,22.832388239722125,41.685715,71.33666,128.03012,8.5006485,13.798328,3.094603,2.5611622,0,0.0
2002-03-01,central_greece,38.65675872131481,22.832388239722125,260.64517,72.410446,154.03816,9.148296,13.932815,4.357318,2.4583974,0,0.0
2002-04-01,central_greece,38.65675872131481,22.832388239722125,277.15335,75.43784,198.50197,10.96786,15.15662,6.361605,2.2993054,0,0.0
2002-05-01,central_greece,38.65675872131481,22.832388239722125,50.06774,62.529003,254.05124,17.00571,21.969313,10.664785,2.5821798,0,0.0
2002-06-01,central_greece,38.65675872131481,22.832388239722125,1.5266666,49.075848,279.3693,22.998045,27.705206,15.968311,2.5687199,0,0.0
2002-07-01,central_greece,38.65675872131481,22.832388239722125,202.69032,54.980602,272.4799,25.124897,30.297104,17.808294,2.2545838,0,0.0
2002-08-01,central_greece,38.65675872131481,22.832388239722125,130.34839,59.053425,253.11995,23.144348,28.339487,16.828737,2.525344,0,0.0
2002-09-01,central_greece,38.65675872131481,22.832388239722125,505.24335,76.13607,187.17778,18.198112,23.046333,13.333036,1.8906475,0,0.0
2002-10-01,central_greece,38.65675872131481,22.832388239722125,184.93549,72.77447,145.88509,15.180024,20.673943,9.687925,2.343055,0,0.0
2002-11-01,central_greece,38.65675872131481,22.832388239722125,320.23334,82.93254,92.54532,11.355313,16.259705,6.956288,2.3476686,0,0.0
2002-12-01,central_greece,38.65675872131481,22.832388239722125,877.3903,85.48864,51.298546,6.60801,9.78646,3.7278578,2.5827985,0,0.0
2003-01-01,central_greece,38.65675872131481,22.832388239722125,464.0,79.74647,69.9747,7.7810035,11.400758,4.451132,2.7114565,0,0.0
2003-02-01,central_greece,38.65675872131481,22.832388239722125,407.46072,77.663,99.010735,1.8124697,5.123394,-1.1248062,3.060516,0,0.0
2003-03-01,central_greece,38.65675872131481,22.832388239722125,123.18387,71.693924,168.94792,6.194575,10.882286,1.2540185,2.39226,0,0.0
2003-04-01,central_greece,38.65675872131481,22.832388239722125,156.16667,72.72943,206.83769,10.376017,14.410932,5.4875097,2.6014268,0,0.0
2003-05-01,central_greece,38.65675872131481,22.832388239722125,90.57097,61.323036,254.99832,19.430983,24.294157,12.254554,2.585227,0,0.0
2003-06-01,central_greece,38.65675872131481,22.832388239722125,35.02,53.056324,282.32547,24.225641,28.801283,16.507456,2.5014248,0,0.0
2003-07-01,central_greece,38.65675872131481,22.832388239722125,6.8548384,51.68074,306.53625,25.826246,30.59456,18.097145,2.3971379,0,0.0
2003-08-01,central_greece,38.65675872131481,22.832388239722125,68.729034,53.638973,261.6557,25.372753,30.423042,18.097742,2.4480705,0,0.0
2003-09-01,central_greece,38.65675872131481,22.832388239722125,64.486664,62.52562,195.19803,19.473354,24.456379,13.334307,2.4536178,0,0.0
2003-10-01,central_greece,38.65675872131481,22.832388239722125,268.92905,68.765205,126.26481,16.60421,21.553198,11.485873,2.6547277,0,0.0
2003-11-01,central_greece,38.65675872131481,22.832388239722125,85.71667,83.30402,91.2488,11.318509,15.426628,7.6117125,2.3710444,0,0.0
2003-12-01,central_greece,38.65675872131481,22.832388239722125,431.75162,82.00451,65.120605,6.3045263,10.067708,3.0781047,2.6532834,0,0.0
2004-01-01,central_greece,38.65675872131481,22.832388239722125,524.5613,79.29985,69.11027,4.1916084,8.26457,0.25004005,2.8163755,0,0.0
2004-02-01,central_greece,38.65675872131481,22.832388239722125,88.85518,70.14158,119.02862,6.179378,11.244975,1.28405,2.4806502,0,0.0
2004-03-01,central_greece,38.65675872131481,22.832388239722125,165.98709,73.52414,163.02972,8.844778,13.066555,4.264615,2.5626442,0,0.0
2004-04-01,central_greece,38.65675872131481,22.832388239722125,110.326675,71.26521,178.16644,12.209724,16.466938,7.6596184,2.7448978,0,0.0
2004-05-01,central_greece,38.65675872131481,22.832388239722125,83.13548,64.45421,270.3462,15.711911,20.447498,9.815918,2.769359,0,0.0
2004-06-01,central_greece,38.65675872131481,22.832388239722125,35.053337,57.817173,284.39062,22.121113,27.021656,15.064641,2.5654712,0,0.0
2004-07-01,central_greece,38.65675872131481,22.832388239722125,17.325806,49.458794,296.8973,24.510796,29.32037,17.610054,2.735874,0,0.0
2004-08-01,central_greece,38.65675872131481,22.832388239722125,0.53225803,56.183453,268.80414,23.964417,29.663357,16.758547,2.6651735,0,0.0
2004-09-01,central_greece,38.65675872131481,22.832388239722125,49.056667,65.79989,204.96188,19.636631,24.887697,13.438346,2.4865391,0,0.0
2004-10-01,central_greece,38.65675872131481,22.832388239722125,93.119354,73.75413,147.41219,16.896889,22.15747,11.630436,2.5519829,0,0.0
2004-11-01,central_greece,38.65675872131481,22.832388239722125,147.83334,72.77298,81.15316,10.482677,15.144417,6.0936537,2.5865393,0,0.0
2004-12-01,central_greece,38.65675872131481,22.832388239722125,388.5484,81.22273,58.0371,7.499993,11.761463,3.6559477,2.6446517,0,0.0
2005-01-01,central_greece,38.65675872131481,22.832388239722125,132.48387,68.86868,79.01864,5.2361436,9.035168,1.497181,2.403836,0,0.0
2005-02-01,central_greece,38.65675872131481,22.832388239722125,358.52145,72.07431,108.02778,4.322703,7.9303665,0.4062185,2.823471,0,0.0
2005-03-01,central_greece,38.65675872131481,22.832388239722125,113.85806,71.47995,182.95995,8.548079,12.551444,3.9233818,2.3288617,0,0.0
2005-04-01,central_greece,38.65675872131481,22.832388239722125,12.756668,61.669857,221.95662,11.560512,15.953099,6.2931633,2.909966,0,0.0
2005-05-01,central_greece,38.65675872131481,22.832388239722125,24.729033,64.45559,252.07582,16.939838,21.598194,11.65164,2.8121367,0,0.0
2005-06-01,central_greece,38.65675872131481,22.832388239722125,0.5966667,60.679535,292.60132,20.261635,24.701027,14.722433,2.57621,0,0.0
2005-07-01,central_greece,38.65675872131481,22.832388239722125,0.0,61.034294,298.51456,23.937347,28.3932,18.649382,2.4261167,0,0.0
2005-08-01,central_greece,38.65675872131481,22.832388239722125,0.0,65.95563,269.76132,23.685394,28.297915,18.14557,2.5034106,0,0.0
2005-09-01,central_greece,38.65675872131481,22.832388239722125,101.973335,64.95969,189.2748,19.777006,24.026022,15.236976,2.0672207,0,0.0
2005-10-01,central_greece,38.65675872131481,22.832388239722125,48.858063,69.3569,142.4786,13.943665,18.01335,9.818484,2.38391,0,0.0
2005-11-01,central_greece,38.65675872131481,22.832388239722125,328.56668,68.47481,95.43939,9.161053,13.186377,4.882279,2.3518066,0,0.0
2005-12-01,central_greece,38.65675872131481,22.832388239722125,222.11612,75.44784,66.33031,7.422262,11.230808,3.2125742,2.4188411,0,0.0
2006-01-01,central_greece,38.65675872131481,22.832388239722125,255.88708,70.097084,78.586975,2.6662912,6.2720876,-0.35782623,2.3603206,0,0.0
2006-02-01,central_greece,38.65675872131481,22.832388239722125,128.35,74.53873,106.56407,5.4523344,9.201762,1.5073014,2.3810031,0,0.0
2006-03-01,central_greece,38.65675872131481,22.832388239722125,154.24515,68.61728,162.67761,8.535205,12.33357,4.447139,2.515112,0,0.0
2006-04-01,central_greece,38.65675872131481,22.832388239722125,107.95334,68.12033,202.72668,12.07911,16.878368,7.3628235,2.1400678,0,0.0
2006-05-01,central_greece,38.65675872131481,22.832388239722125,0.12258065,65.82123,281.67413,16.7352,21.661598,10.939137,2.526121,0,0.0
2006-06-01,central_greece,38.65675872131481,22.832388239722125,11.953334,62.64305,284.62335,21.280573,25.897593,15.630935,2.513707,0,0.0
2006-07-01,central_greece,38.65675872131481,22.832388239722125,8.012903,61.502823,278.2024,22.819147,26.926483,18.070913,2.5506697,0,0.0
2006-08-01,central_greece,38.65675872131481,22.832388239722125,0.36774194,53.24815,290.71152,24.95029,29.992321,19.066944,2.6372323,0,0.0
2006-09-01,central_greece,38.65675872131481,22.832388239722125,100.05334,61.029278,202.24191,19.392136,23.60662,14.719133,2.0537176,0,0.0
2006-10-01,central_greece,38.65675872131481,22.832388239722125,104.045166,73.20749,139.71378,15.031594,18.536404,11.583308,2.300606,0,0.0
2006-11-01,central_greece,38.65675872131481,22.832388239722125,39.006668,72.18119,107.165596,8.78129,13.87564,3.9768126,2.3060954,0,0.0
2006-12-01,central_greece,38.65675872131481,22.832388239722125,77.20323,73.19173,73.02702,6.1147013,10.572018,2.3356462,1.847033,0,0.0
2007-01-01,central_greece,38.65675872131481,22.832388239722125,19.493547,68.19706,101.67152,7.2409205,12.359214,1.7945056,1.8014033,0,0.0
2007-02-01,central_greece,38.65675872131481,22.832388239722125,86.30357,73.41486,103.03432,6.3528285,9.882687,2.3961482,2.4129343,0,0.0
2007-03-01,central_greece,38.65675872131481,22.832388239722125,95.312904,67.007835,156.97125,8.862053,12.863836,3.8449671,2.6252906,0,0.0
2007-04-01,central_greece,38.65675872131481,22.832388239722125,30.300001,66.11754,234.62663,11.763949,16.273909,5.910216,1.9737537,0,0.0
2007-05-01,central_greece,38.65675872131481,22.832388239722125,139.08066,65.6208,229.42575,17.472183,22.0786,12.461853,2.542486,0,0.0
2007-06-01,central_greece,38.65675872131481,22.832388239722125,77.543335,58.63966,293.90732,22.739231,27.660845,16.827433,2.2672336,0,0.0
2007-07-01,central_greece,38.65675872131481,22.832388239722125,0.0,44.39951,310.04526,25.304193,30.354939,18.959288,2.441652,0,0.0
2007-08-01,central_greece,38.65675872131481,22.832388239722125,0.0,54.464577,279.9515,24.35386,29.422602,18.43192,2.462899,0,0.0
2007-09-01,central_greece,38.65675872131481,22.832388239722125,8.35,60.349392,209.22234,19.161062,24.110474,13.590578,2.3406348,0,0.0
2007-10-01,central_greece,38.65675872131481,22.832388239722125,272.95807,65.52717,126.44141,15.347947,19.699701,11.118402,2.0186234,0,0.0
2007-11-01,central_greece,38.65675872131481,22.832388239722125,182.25,72.742714,82.606735,10.247612,13.837111,6.4269233,2.459913,0,0.0
2007-12-01,central_greece,38.65675872131481,22.832388239722125,174.46451,75.54646,67.24448,5.4163866,9.070025,2.2446468,2.2478034,0,0.0
2008-01-01,central_greece,38.65675872131481,22.832388239722125,25.580645,76.880295,75.93709,4.9053383,9.403282,0.9999579,1.6289275,0,0.0
2008-02-01,central_greece,38.65675872131481,22.832388239722125,46.699997,69.068054,121.33401,4.826403,9.70492,0.26416045,1.8777311,0,0.0
2008-03-01,central_greece,38.65675872131481,22.832388239722125,76.519356,67.287285,162.80553,10.330171,14.756003,5.9023614,2.5874174,0,0.0
2008-04-01,central_greece,38.65675872131481,22.832388239722125,273.26666,70.30784,212.56581,12.4747925,17.133358,7.9240913,2.326189,0,0.0
2008-05-01,central_greece,38.65675872131481,22.832388239722125,18.400002,65.48412,270.74902,16.665323,21.763412,10.90675,2.2773473,0,0.0
2008-06-01,central_greece,38.65675872131481,22.832388239722125,1.6733334,64.72639,292.62552,22.18377,27.108858,16.24188,2.2064438,0,0.0
2008-07-01,central_greece,38.65675872131481,22.832388239722125,0.0,60.078213,331.60153,24.119804,29.077229,18.451944,2.324091,0,0.0
2008-08-01,central_greece,38.65675872131481,22.832388239722125,0.0,57.793755,287.07303,24.39235,29.65854,18.272532,2.345231,0,0.0
2008-09-01,central_greece,38.65675872131481,22.832388239722125,96.11,62.619396,196.3571,18.926918,23.454174,14.426736,2.0346072,0,0.0
2008-10-01,central_greece,38.65675872131481,22.832388239722125,9.561291,71.99074,150.24884,14.719919,19.414543,10.234318,2.0559032,0,0.0
2008-11-01,central_greece,38.65675872131481,22.832388239722125,251.59668,75.11504,89.08396,11.310444,15.528273,7.7093115,2.239431,0,0.0
2008-12-01,central_greece,38.65675872131481,22.832388239722125,257.59033,70.92334,70.769485,7.206913,10.682526,4.0421863,2.2980623,0,0.0
2009-01-01,central_greece,38.65675872131481,22.832388239722125,532.0322,80.41706,65.01287,6.920915,10.125183,3.7478306,2.254249,0,0.0
2009-02-01,central_greece,38.65675872131481,22.832388239722125,190.46786,66.68275,108.585785,6.0984473,9.133912,1.7481302,2.5684395,0,0.0
2009-03-01,central_greece,38.65675872131481,22.832388239722125,260.23547,69.916565,160.28056,7.4141216,12.023883,2.502376,2.4157057,0,0.0
2009-04-01,central_greece,38.65675872131481,22.832388239722125,77.69667,73.734314,189.74388,11.44915,15.830803,7.253649,2.07403,0,0.0
2009-05-01,central_greece,38.65675872131481,22.832388239722125,8.638709,68.92332,260.5141,17.208822,22.314411,11.731265,2.4801953,0,0.0
2009-06-01,central_greece,38.65675872131481,22.832388239722125,18.673334,62.75489,307.74277,21.495243,26.80052,15.355696,2.416779,0,0.0
2009-07-01,central_greece,38.65675872131481,22.832388239722125,0.62580645,56.979294,320.95572,24.120056,29.06394,18.634346,2.4242983,0,0.0
2009-08-01,central_greece,38.65675872131481,22.832388239722125,0.67096776,61.61983,251.51662,23.44618,28.05821,18.081476,2.448716,0,0.0
2009-09-01,central_greece,38.65675872131481,22.832388239722125,36.050003,68.06438,185.71268,19.050928,23.162907,14.824261,2.1822336,0,0.0
2009-10-01,central_greece,38.65675872131481,22.832388239722125,285.58386,71.51694,130.89522,15.486721,19.835941,11.289224,2.205708,0,0.0
2009-11-01,central_greece,38.65675872131481,22.832388239722125,178.07,75.678795,106.0133,10.690634,16.13397,6.0780287,2.3267367,0,0.0
2009-12-01,central_greece,38.65675872131481,22.832388239722125,217.90324,79.21174,62.774483,9.163538,13.236963,5.4347253,2.5727575,0,0.0
2010-01-01,central_greece,38.65675872131481,22.832388239722125,100.04839,66.82823,67.74638,6.4418426,9.417769,3.45704,2.5305855,0,0.0
2010-02-01,central_greece,38.65675872131481,22.832388239722125,268.10358,75.099915,108.83738,7.650509,11.917168,3.0081747,2.8812058,0,0.0
2010-03-01,central_greece,38.65675872131481,22.832388239722125,66.47742,68.66605,154.54184,8.641421,13.314783,3.6765232,2.3349888,0,0.0
2010-04-01,central_greece,38.65675872131481,22.832388239722125,5.716667,69.53219,207.76848,12.147257,17.499258,6.3037057,2.2525966,0,0.0
2010-05-01,central_greece,38.65675872131481,22.832388239722125,120.003235,64.772644,264.45728,17.024748,22.970144,10.982524,2.4402938,0,0.0
2010-06-01,central_greece,38.65675872131481,22.832388239722125,11.936667,67.15791,252.54263,21.015497,25.988756,15.281513,2.387556,0,0.0
2010-07-01,central_greece,38.65675872131481,22.832388239722125,0.0,63.41608,273.05728,24.105051,28.82822,18.533503,2.2746723,0,0.0
2010-08-01,central_greece,38.65675872131481,22.832388239722125,0.0,55.00549,278.8624,25.657906,30.778723,19.64808,2.2862215,0,0.0
2010-09-01,central_greece,38.65675872131481,22.832388239722125,29.763332,72.60362,198.50793,19.911625,24.490675,15.368587,2.1890743,0,0.0
2010-10-01,central_greece,38.65675872131481,22.832388239722125,463.91934,76.17688,111.092,13.939484,18.062902,10.198855,2.429788,0,0.0
2010-11-01,central_greece,38.65675872131481,22.832388239722125,44.010002,76.36098,102.67355,13.374872,18.18611,9.051888,2.3604414,0,0.0
2010-12-01,central_greece,38.65675872131481,22.832388239722125,61.37742,69.525764,74.72317,8.169974,12.398948,4.265161,2.3473308,0,0.0
2011-01-01,central_greece,38.65675872131481,22.832388239722125,128.09032,71.573006,89.99076,5.877356,10.094048,2.09366,1.7902095,0,0.0
2011-02-01,central_greece,38.65675872131481,22.832388239722125,143.0,70.17125,106.56712,6.574575,10.625994,2.7760177,2.2634032,0,0.0
2011-03-01,central_greece,38.65675872131481,22.832388239722125,136.97098,68.77338,145.27196,7.5017347,11.819629,3.135271,2.3107398,0,0.0
2011-04-01,central_greece,38.65675872131481,22.832388239722125,139.73666,65.75718,214.71475,10.757163,14.813062,5.6198034,2.3222017,0,0.0
2011-05-01,central_greece,38.65675872131481,22.832388239722125,72.98065,70.24656,197.39914,15.363182,19.983328,10.40569,2.4215636,0,0.0
2011-06-01,central_greece,38.65675872131481,22.832388239722125,12.876667,68.326584,254.01965,20.635466,25.7943,15.467665,2.3263333,0,0.0
2011-07-01,central_greece,38.65675872131481,22.832388239722125,0.0,60.179718,308.62442,24.385357,29.986176,18.109722,2.3305979,0,0.0
2011-08-01,central_greece,38.65675872131481,22.832388239722125,0.0,57.987194,271.02194,23.33363,28.962667,18.081947,2.413236,0,0.0
2011-09-01,central_greece,38.65675872131481,22.832388239722125,53.763332,61.325768,209.4131,21.161804,26.679678,15.998855,2.1971378,0,0.0
2011-10-01,central_greece,38.65675872131481,22.832388239722125,281.71613,63.89324,135.18924,13.445348,17.444912,9.568494,2.6032562,0,0.0
2011-11-01,central_greece,38.65675872131481,22.832388239722125,0.0,65.533424,91.516106,7.6903706,12.420407,3.8768976,2.3029342,0,0.0
2011-12-01,central_greece,38.65675872131481,22.832388239722125,326.69354,79.87079,79.22264,6.8281145,11.227333,2.3624268,2.2452023,0,0.0
2012-01-01,central_greece,38.65675872131481,22.832388239722125,76.16774,75.03473,78.236115,2.8873243,7.192703,-1.4698545,1.859137,0,0.0
2012-02-01,central_greece,38.65675872131481,22.832388239722125,294.28964,69.217995,98.06902,4.4524336,8.164061,0.78384715,2.4900043,0,0.0
2012-03-01,central_greece,38.65675872131481,22.832388239722125,23.725807,65.95299,180.59683,8.080934,12.934745,3.4045606,2.0623896,0,0.0
2012-04-01,central_greece,38.65675872131481,22.832388239722125,59.88333,69.16802,222.44678,12.707237,17.531057,7.7637835,2.8145669,0,0.0
2012-05-01,central_greece,38.65675872131481,22.832388239722125,74.28065,69.741,230.12755,16.728046,21.696926,11.763579,2.4127698,0,0.0
2012-06-01,central_greece,38.65675872131481,22.832388239722125,0.0,64.23826,317.42587,22.66917,28.200808,16.55149,2.522346,0,0.0
2012-07-01,central_greece,38.65675872131481,22.832388239722125,0.0,59.272015,301.53592,25.844732,31.33609,19.781069,2.4576945,0,0.0
2012-08-01,central_greece,38.65675872131481,22.832388239722125,0.46129033,54.97616,289.02103,24.880552,30.643042,19.168514,2.370643,0,0.0
2012-09-01,central_greece,38.65675872131481,22.832388239722125,124.21001,60.85847,210.78354,20.527729,25.7796,15.459675,2.2444053,0,0.0
2012-10-01,central_greece,38.65675872131481,22.832388239722125,80.30323,66.17776,139.73386,17.562737,22.414133,13.092223,2.357976,0,0.0
2012-11-01,central_greece,38.65675872131481,22.832388239722125,141.68666,77.41233,95.468216,12.362327,16.364779,8.511373,2.287673,0,0.0
2012-12-01,central_greece,38.65675872131481,22.832388239722125,231.74194,75.13768,71.22456,6.5369573,10.728916,2.4920874,2.2204826,0,0.0
2013-01-01,central_greece,38.65675872131481,22.832388239722125,265.31616,77.58507,81.89,6.405176,10.551438,1.9324373,2.3665192,0,0.0
2013-02-01,central_greece,38.65675872131481,22.832388239722125,340.9464,75.7291,102.32361,7.7172613,11.400256,4.11539,2.7350159,0,0.0
2013-03-01,central_greece,38.65675872131481,22.832388239722125,47.990326,74.907555,159.74763,9.39033,13.782549,4.973103,2.4245284,0,0.0
2013-04-01,central_greece,38.65675872131481,22.832388239722125,18.04,64.65631,240.34398,12.9877405,18.427227,7.3022766,2.2716815,0,0.0
2013-05-01,central_greece,38.65675872131481,22.832388239722125,32.71613,63.077023,241.32097,18.540314,23.808678,12.89239,2.5017896,0,0.0
2013-06-01,central_greece,38.65675872131481,22.832388239722125,26.64,68.8725,266.21054,21.129011,26.436886,15.692169,2.3604925,0,0.0
2013-07-01,central_greece,38.65675872131481,22.832388239722125,0.69677424,62.057777,282.6015,23.260366,28.193909,17.755575,2.290643,0,0.0
2013-08-01,central_greece,38.65675872131481,22.832388239722125,0.0,56.462914,271.91455,24.26144,29.336218,18.513203,2.5087876,0,0.0
2013-09-01,central_greece,38.65675872131481,22.832388239722125,4.5533333,60.436127,212.66397,20.465029,25.957924,14.541338,2.07607,0,0.0
2013-10-01,central_greece,38.65675872131481,22.832388239722125,42.774193,66.00231,153.5407,15.1929655,20.397524,10.3157425,2.201617,0,0.0
2013-11-01,central_greece,38.65675872131481,22.832388239722125,277.6667,72.85211,80.48334,11.738923,15.853969,8.0469475,2.3783908,0,0.0
2013-12-01,central_greece,38.65675872131481,22.832388239722125,178.47742,71.12498,77.55404,6.3033752,10.6542015,2.0665212,2.0264373,0,0.0
2014-01-01,central_greece,38.65675872131481,22.832388239722125,129.66452,83.6096,71.94436,8.064605,12.092806,4.373694,2.3301952,0,0.0
2014-02-01,central_greece,38.65675872131481,22.832388239722125,62.52143,73.95995,96.534645,8.369778,12.66831,3.715021,2.4733825,0,0.0
2014-03-01,central_greece,38.65675872131481,22.832388239722125,238.02582,64.495445,151.09818,9.115755,13.725228,4.6905336,2.2975712,0,0.0
2014-04-01,central_greece,38.65675872131481,22.832388239722125,66.91333,69.46645,185.70206,12.032672,16.822319,6.8869214,2.301278,0,0.0
2014-05-01,central_greece,38.65675872131481,22.832388239722125,27.86129,67.006775,250.79233,16.198772,21.461288,10.529494,2.3909903,0,0.0
2014-06-01,central_greece,38.65675872131481,22.832388239722125,2.0400002,57.242462,257.77866,20.974724,26.29747,14.92273,2.342331,0,0.0
2014-07-01,central_greece,38.65675872131481,22.832388239722125,0.0,65.1377,222.6959,23.54984,28.816885,17.608715,2.0969055,0,0.0
2014-08-01,central_greece,38.65675872131481,22.832388239722125,10.141935,64.517845,261.81567,23.83933,29.876822,17.891014,2.1513622,1,143.0
2014-09-01,central_greece,38.65675872131481,22.832388239722125,261.06332,71.23289,165.75594,19.575043,24.495491,14.920609,1.9571484,1,469.0
2014-10-01,central_greece,38.65675872131481,22.832388239722125,372.05807,73.676834,109.04279,14.823204,19.284374,10.159665,2.21571,1,1934.0
2014-11-01,central_greece,38.65675872131481,22.832388239722125,202.60333,81.266304,69.62295,11.147949,14.779153,7.209889,2.1375477,1,2710.0
2014-12-01,central_greece,38.65675872131481,22.832388239722125,715.0774,77.69525,59.829857,7.910128,12.152367,4.0148997,2.0690136,0,0.0
2015-01-01,central_greece,38.65675872131481,22.832388239722125,219.29355,72.28695,65.360374,5.6140666,10.272771,0.66596454,2.1744895,0,0.0
2015-02-01,central_greece,38.65675872131481,22.832388239722125,375.625,62.689087,97.54287,5.4931674,9.393336,1.4537162,2.7620018,0,0.0
2015-03-01,central_greece,38.65675872131481,22.832388239722125,370.76453,66.64223,125.68582,7.6254706,11.348815,3.3714547,2.1563344,0,0.0
2015-04-01,central_greece,38.65675872131481,22.832388239722125,43.54667,64.03554,203.47504,11.176668,16.306541,5.5162897,2.33083,0,0.0
2015-05-01,central_greece,38.65675872131481,22.832388239722125,26.177422,70.386406,237.52238,17.190996,22.834606,11.206415,2.5427778,0,0.0
2015-06-01,central_greece,38.65675872131481,22.832388239722125,67.71001,66.89371,273.52475,19.800219,24.902973,14.424144,2.1471636,0,0.0
2015-07-01,central_greece,38.65675872131481,22.832388239722125,4.229032,65.95691,316.31314,24.326855,29.700134,18.158653,2.1196282,0,0.0
2015-08-01,central_greece,38.65675872131481,22.832388239722125,1.0129032,65.98461,249.3874,24.152948,29.340162,19.077435,2.357444,0,0.0
2015-09-01,central_greece,38.65675872131481,22.832388239722125,261.12665,59.673183,196.99191,21.179972,26.344076,16.393894,2.060964,0,0.0
2015-10-01,central_greece,38.65675872131481,22.832388239722125,472.0129,80.604225,112.91203,15.477572,19.199062,12.062848,2.3247132,0,0.0
2015-11-01,central_greece,38.65675872131481,22.832388239722125,195.11,72.67932,106.430405,12.201394,17.697422,7.511764,2.2405095,0,0.0
2015-12-01,central_greece,38.65675872131481,22.832388239722125,0.0,81.34736,93.380615,6.5311127,12.170693,2.2579083,1.578985,0,0.0
2016-01-01,central_greece,38.65675872131481,22.832388239722125,250.53549,79.6232,87.36948,6.361037,10.612647,1.7547711,2.3590302,0,0.0
2016-02-01,central_greece,38.65675872131481,22.832388239722125,96.96207,77.12718,103.00976,9.904551,14.607471,5.0246134,2.4132,0,0.0
2016-03-01,central_greece,38.65675872131481,22.832388239722125,341.7581,69.99544,155.00679,9.274666,13.386735,4.6495104,2.3409615,0,0.0
2016-04-01,central_greece,38.65675872131481,22.832388239722125,14.490001,65.78278,212.12364,14.368413,20.144184,8.330751,2.2300465,0,0.0
2016-05-01,central_greece,38.65675872131481,22.832388239722125,119.42904,72.97587,229.34627,16.33741,21.504005,10.406018,2.5562541,0,0.0
2016-06-01,central_greece,38.65675872131481,22.832388239722125,72.39,68.61679,286.99753,22.420446,27.802677,16.72625,2.367397,0,0.0
2016-07-01,central_greece,38.65675872131481,22.832388239722125,0.6032258,66.472565,268.39264,24.433195,29.339783,18.683578,2.2886212,0,0.0
2016-08-01,central_greece,38.65675872131481,22.832388239722125,6.893549,69.14631,254.23753,24.009293,28.791737,18.674427,2.4440806,0,0.0
2016-09-01,central_greece,38.65675872131481,22.832388239722125,256.90668,72.96814,173.56064,19.831848,24.675299,15.145432,2.3052442,0,0.0
2016-10-01,central_greece,38.65675872131481,22.832388239722125,143.1871,72.85991,129.68394,15.378539,19.74831,11.024008,2.0156934,0,0.0
2016-11-01,central_greece,38.65675872131481,22.832388239722125,353.92667,77.59224,89.981476,10.861279,15.209387,6.605743,2.2575011,0,0.0
2016-12-01,central_greece,38.65675872131481,22.832388239722125,57.041935,73.04093,78.51776,4.9355597,9.187027,0.8007105,1.9326977,0,0.0
2017-01-01,central_greece,38.65675872131481,22.832388239722125,500.22906,73.63289,73.059044,2.5856187,5.9963484,-0.7147586,2.3293958,0,0.0
2017-02-01,central_greece,38.65675872131481,22.832388239722125,135.25,77.61237,110.124825,7.6213417,11.841448,3.342451,2.3885102,0,0.0
2017-03-01,central_greece,38.65675872131481,22.832388239722125,202.05807,67.22253,164.41087,9.6169195,14.644986,4.390295,2.3436759,0,0.0
2017-04-01,central_greece,38.65675872131481,22.832388239722125,22.006668,69.25991,250.25642,12.037439,17.312447,6.11222,2.4233522,0,0.0
2017-05-01,central_greece,38.65675872131481,22.832388239722125,163.82904,74.17421,235.59174,17.06288,22.27405,11.317919,2.508005,0,0.0
2017-06-01,central_greece,38.65675872131481,22.832388239722125,30.333336,68.60415,256.0978,21.817965,27.358032,15.619172,2.2629957,0,0.0
2017-07-01,central_greece,38.65675872131481,22.832388239722125,77.687096,61.364735,301.36884,24.214312,29.66502,17.921284,2.4813375,0,0.0
2017-08-01,central_greece,38.65675872131481,22.832388239722125,5.5225806,61.074684,281.8856,24.250679,29.639498,18.816603,2.6551018,0,0.0
2017-09-01,central_greece,38.65675872131481,22.832388239722125,18.656668,66.05527,207.55927,20.313068,25.997393,14.576134,2.1875095,0,0.0
2017-10-01,central_greece,38.65675872131481,22.832388239722125,68.45484,67.766846,158.09306,14.49359,20.042713,9.193628,1.9206698,0,0.0
2017-11-01,central_greece,38.65675872131481,22.832388239722125,569.01337,75.372795,87.90723,10.353425,14.818909,6.2684636,1.9296114,0,0.0
2017-12-01,central_greece,38.65675872131481,22.832388239722125,256.16452,78.30931,75.1564,7.623612,12.123339,3.4142883,2.4276514,0,0.0
2018-01-01,central_greece,38.65675872131481,22.832388239722125,311.49033,,76.22412,6.590122,10.856009,2.6209023,2.3810396,0,0.0
2018-02-01,central_greece,38.65675872131481,22.832388239722125,730.68933,,81.01997,7.6593976,11.068042,3.9491222,2.340573,0,0.0
2018-03-01,central_greece,38.65675872131481,22.832388239722125,113.1,,135.76181,10.835398,15.260699,5.876778,2.612827,0,0.0
2018-04-01,central_greece,38.65675872131481,22.832388239722125,3.616667,,188.7145,14.616249,20.810461,8.272839,2.2316155,0,0.0
2018-05-01,central_greece,38.65675872131481,22.832388239722125,152.54193,,191.07039,18.543026,23.502047,13.426424,2.3398457,0,0.0
2018-06-01,central_greece,38.65675872131481,22.832388239722125,242.35333,,203.6761,21.57378,26.636265,16.123253,2.1795475,0,0.0
2018-07-01,central_greece,38.65675872131481,22.832388239722125,24.732258,,255.01833,23.974487,29.338188,18.14275,2.0873227,0,0.0
2018-08-01,central_greece,38.65675872131481,22.832388239722125,40.76774,,217.4839,23.454079,28.475718,18.281921,2.4121184,0,0.0
2018-09-01,central_greece,38.65675872131481,22.832388239722125,155.50333,,166.16849,20.570986,24.748446,16.15059,2.3307772,0,0.0
2018-10-01,central_greece,38.65675872131481,22.832388239722125,153.9742,,109.84009,15.345603,19.808125,11.107372,2.4502466,0,0.0
2018-11-01,central_greece,38.65675872131481,22.832388239722125,363.62332,,82.527405,11.243914,15.076113,7.803617,2.366191,0,0.0
2018-12-01,central_greece,38.65675872131481,22.832388239722125,288.90967,,57.103706,5.977987,10.0269785,2.041794,2.0131848,0,0.0
2019-01-01,central_greece,38.65675872131481,22.832388239722125,818.11615,,68.90023,4.305946,7.9756465,0.6226017,2.406355,0,0.0
2019-02-01,central_greece,38.65675872131481,22.832388239722125,173.05357,,106.75454,6.466207,10.49678,2.4258847,2.3194609,0,0.0
2019-03-01,central_greece,38.65675872131481,22.832388239722125,67.27419,,158.07559,9.343424,14.442577,4.255045,2.2232647,0,0.0
2019-04-01,central_greece,38.65675872131481,22.832388239722125,396.36334,,183.94942,11.199,15.815487,6.251682,2.3360744,0,0.0
2019-05-01,central_greece,38.65675872131481,22.832388239722125,51.81936,,221.42557,15.717191,21.122631,9.771849,2.4108093,0,0.0
2019-06-01,central_greece,38.65675872131481,22.832388239722125,11.653335,,216.16432,22.582624,27.872198,16.610424,2.3887177,0,0.0
2019-07-01,central_greece,38.65675872131481,22.832388239722125,79.7,,253.00674,23.733376,29.059576,17.609459,2.1430984,0,0.0
2019-08-01,central_greece,38.65675872131481,22.832388239722125,0.0,,220.81844,24.62314,29.94015,18.77548,2.4271111,0,0.0
2019-09-01,central_greece,38.65675872131481,22.832388239722125,59.46,,211.19392,20.373154,25.60391,15.158405,2.327276,0,0.0
2019-10-01,central_greece,38.65675872131481,22.832388239722125,150.60968,,133.6657,16.86271,22.359964,12.075676,2.196955,0,0.0
2019-11-01,central_greece,38.65675872131481,22.832388239722125,445.56335,,68.15158,13.556819,17.693531,9.509209,2.3806603,0,0.0
2019-12-01,central_greece,38.65675872131481,22.832388239722125,522.2161,,51.875694,8.159429,11.664759,4.865731,2.3178158,0,0.0
2020-01-01,central_greece,38.65675872131481,22.832388239722125,69.25484,,81.82642,5.2894664,9.923557,1.1105165,2.0403473,0,0.0
2020-02-01,central_greece,38.65675872131481,22.832388239722125,197.48276,,128.68867,7.3060265,12.021589,2.4417694,2.3401473,0,0.0
2020-03-01,central_greece,38.65675872131481,22.832388239722125,254.32904,,153.3258,8.965608,13.763283,4.1423354,2.1723485,0,0.0
2020-04-01,central_greece,38.65675872131481,22.832388239722125,379.4367,,187.44981,10.755082,15.628216,5.55732,2.194297,0,0.0
2020-05-01,central_greece,38.65675872131481,22.832388239722125,64.70645,,,16.836348,22.97147,10.226721,2.3818922,0,0.0
2020-06-01,central_greece,38.65675872131481,22.832388239722125,9.1466675,,,20.583069,25.895897,14.480801,2.3043396,0,0.0
2020-07-01,central_greece,38.65675872131481,22.832388239722125,27.654839,,,23.79272,28.889786,18.013048,2.139706,0,0.0
2020-08-01,central_greece,38.65675872131481,22.832388239722125,12.796775,,,23.798693,29.20181,17.967285,2.249809,0,0.0
2020-09-01,central_greece,38.65675872131481,22.832388239722125,80.716675,,,21.251005,26.304956,15.992194,2.3096857,0,0.0
2020-10-01,central_greece,38.65675872131481,22.832388239722125,137.96774,,,16.475044,21.797613,11.222498,2.3311937,1,126.0
2020-11-01,central_greece,38.65675872131481,22.832388239722125,44.026665,,,11.047077,15.478859,6.570902,2.041862,1,163.0
2020-12-01,central_greece,38.65675872131481,22.832388239722125,670.95166,,,9.11192,12.897346,5.5920763,2.2652004,1,168.0
2021-01-01,central_greece,38.65675872131481,22.832388239722125,420.39355,73.91321,,7.097942,11.395892,2.6293023,2.4024262,1,168.0
2021-02-01,central_greece,38.65675872131481,22.832388239722125,187.49644,71.81598,,6.9593835,12.303291,2.4320378,2.3119378,1,168.0
2021-03-01,central_greece,38.65675872131481,22.832388239722125,117.57419,63.52282,,7.5302525,12.371925,2.4127598,2.0676658,1,168.0
2021-04-01,central_greece,38.65675872131481,22.832388239722125,88.99667,62.768524,,10.8975725,16.353134,4.6441417,2.1126924,1,168.0
2021-05-01,central_greece,38.65675872131481,22.832388239722125,1.0193548,67.25553,,17.69535,23.911634,10.532726,2.3661208,1,168.0
2021-06-01,central_greece,38.65675872131481,22.832388239722125,54.896667,63.43216,,21.403887,26.988405,14.71976,2.197658,1,168.0
2021-07-01,central_greece,38.65675872131481,22.832388239722125,0.7258065,55.971336,,25.398504,30.786938,19.306877,2.2740476,1,168.0
2021-08-01,central_greece,38.65675872131481,22.832388239722125,0.0,50.481026,317.49417,25.501188,31.562054,19.174961,2.2530386,1,168.0
2021-09-01,central_greece,38.65675872131481,22.832388239722125,35.043335,61.501232,203.54854,20.1069,25.080837,14.793948,2.1323607,1,168.0
2021-10-01,central_greece,38.65675872131481,22.832388239722125,795.6936,61.867374,97.77999,13.698041,17.607485,9.946223,2.1011074,1,168.0
2021-11-01,central_greece,38.65675872131481,22.832388239722125,383.0467,68.73181,84.05397,11.356601,15.69334,7.262148,2.238467,1,168.0
2021-12-01,central_greece,38.65675872131481,22.832388239722125,372.85162,76.90476,71.788216,6.858602,10.94698,2.4822052,2.3120196,1,168.0
2022-01-01,central_greece,38.65675872131481,22.832388239722125,253.6258,74.509995,,4.0161266,8.561798,-0.5299009,1.8544133,1,168.0
2022-02-01,central_greece,38.65675872131481,22.832388239722125,302.58215,76.5957,107.838974,6.2581463,11.156951,1.4077545,2.1192446,1,168.0
2022-03-01,central_greece,38.65675872131481,22.832388239722125,224.63226,64.7118,172.54723,5.14915,9.331794,0.67799914,2.2362523,1,168.0
2022-04-01,central_greece,38.65675872131481,22.832388239722125,67.07666,75.32637,234.36089,12.269076,17.605497,6.311155,2.354378,1,168.0
2022-05-01,central_greece,38.65675872131481,22.832388239722125,29.103226,68.96738,,17.272736,22.728525,10.825149,2.1920156,1,168.0
2022-06-01,central_greece,38.65675872131481,22.832388239722125,18.696667,62.224598,,22.842176,27.905142,17.141031,2.3806388,1,168.0
2022-07-01,central_greece,38.65675872131481,22.832388239722125,51.65484,60.876648,,24.423311,29.38114,18.458994,2.3002055,1,168.0
2022-08-01,central_greece,38.65675872131481,22.832388239722125,73.42903,65.78033,,24.141396,29.35228,18.828726,2.3128374,1,168.0
2022-09-01,central_greece,38.65675872131481,22.832388239722125,29.61,67.61425,,20.231213,25.424946,14.72945,2.1588554,1,168.0
2022-10-01,central_greece,38.65675872131481,22.832388239722125,69.13871,71.38411,,15.923694,20.885809,10.951606,2.2472816,1,168.0
2022-11-01,central_greece,38.65675872131481,22.832388239722125,302.74335,75.521194,,12.130079,16.77837,7.6687274,2.392297,1,168.0
2022-12-01,central_greece,38.65675872131481,22.832388239722125,181.46129,83.42973,,9.745501,14.028351,6.041299,1.8239715,1,168.0
2023-01-01,central_greece,38.65675872131481,22.832388239722125,383.8871,84.787384,,7.2053695,11.879029,2.964826,2.0986543,1,168.0
2023-02-01,central_greece,38.65675872131481,22.832388239722125,83.62857,78.8706,,5.259498,10.177742,0.43390054,2.1410758,1,168.0
2023-03-01,central_greece,38.65675872131481,22.832388239722125,102.41936,79.400375,,9.367151,14.204432,3.978893,2.190039,1,168.0
2023-04-01,central_greece,38.65675872131481,22.832388239722125,219.42001,77.354355,,11.257202,15.866064,6.299532,2.13955,1,168.0
2023-05-01,central_greece,38.65675872131481,22.832388239722125,236.19032,80.14516,,15.158784,19.439257,10.368427,2.3770578,1,168.0
2023-06-01,central_greece,38.65675872131481,22.832388239722125,93.48334,69.43787,,20.837652,25.766771,15.23927,1.9191189,1,168.0
2023-07-01,central_greece,38.65675872131481,22.832388239722125,0.0,63.986626,,26.150091,31.936989,19.788303,1.9492521,1,168.0
2023-08-01,central_greece,38.65675872131481,22.832388239722125,2.551613,69.76571,,24.801838,30.321226,19.324327,2.3239038,1,168.0
2023-09-01,central_greece,38.65675872131481,22.832388239722125,445.6467,73.969505,,20.231327,24.942688,16.294058,2.1593332,1,168.0
2023-10-01,central_greece,38.65675872131481,22.832388239722125,43.70645,73.396545,,17.41898,22.515047,12.887866,2.3277953,1,168.0
2023-11-01,central_greece,38.65675872131481,22.832388239722125,329.53668,80.85144,,12.946435,18.143843,8.000638,2.4515073,1,168.0
2023-12-01,central_greece,38.65675872131481,22.832388239722125,167.42905,78.30751,,8.680953,13.729508,4.481219,2.016174,1,168.0
2024-01-01,central_greece,38.65675872131481,22.832388239722125,241.73547,73.54821,,6.950221,11.183835,3.0118554,1.9879211,1,168.0
2024-02-01,central_greece,38.65675872131481,22.832388239722125,267.86554,73.516014,,9.2982025,13.904221,5.1440115,2.5175655,1,168.0
2024-03-01,central_greece,38.65675872131481,22.832388239722125,211.29678,75.42536,,10.578757,15.6470585,5.9557977,2.393463,1,168.0
2024-04-01,central_greece,38.65675872131481,22.832388239722125,135.86667,70.903336,,14.956927,20.873938,9.849012,2.4626908,1,168.0
2024-05-01,central_greece,38.65675872131481,22.832388239722125,35.674194,73.42812,,17.035328,22.361744,12.138229,2.4418073,1,168.0
2024-06-01,central_greece,38.65675872131481,22.832388239722125,0.0,63.3041,,24.842531,31.351406,19.098217,2.563225,1,168.0
2024-07-01,central_greece,38.65675872131481,22.832388239722125,15.819355,,,26.950237,32.842632,21.713013,2.3104637,1,168.0
2024-08-01,central_greece,38.65675872131481,22.832388239722125,36.21613,60.443653,,26.470715,32.038094,21.373468,2.39395,1,168.0
2024-09-01,central_greece,38.65675872131481,22.832388239722125,230.79666,,,21.346489,26.329794,16.631077,2.1095872,1,168.0
2024-10-01,central_greece,38.65675872131481,22.832388239722125,40.309677,82.389435,,17.097857,22.098549,12.220116,2.5326638,1,168.0
2024-11-01,central_greece,38.65675872131481,22.832388239722125,439.78668,74.302124,,11.30886,15.917615,6.9955287,2.0449755,1,168.0
2024-12-01,central_greece,38.65675872131481,22.832388239722125,542.04517,,,8.383006,12.240874,4.7509947,2.0327408,1,168.0
2000-01-01,western_greece,38.27738372492163,21.58238824372249,119.42581,73.50525,91.17666,2.7866595,8.084062,-2.0153334,1.4692017,0,0.0
2000-02-01,western_greece,38.27738372492163,21.58238824372249,258.6483,75.72792,123.31819,6.182262,10.812957,1.8574079,2.0229776,0,0.0
2000-03-01,western_greece,38.27738372492163,21.58238824372249,66.73871,69.95631,187.74625,8.300863,14.08308,1.9791772,2.0484881,0,0.0
2000-04-01,western_greece,38.27738372492163,21.58238824372249,60.89,72.99287,209.2312,13.49685,19.104155,7.0883417,2.3013983,0,0.0
2000-05-01,western_greece,38.27738372492163,21.58238824372249,47.93871,66.51921,262.38757,17.654873,23.427328,10.124986,2.0947511,0,0.0
2000-06-01,western_greece,38.27738372492163,21.58238824372249,8.623333,59.414383,294.1102,22.205904,28.076578,13.234734,2.2280223,0,0.0
2000-07-01,western_greece,38.27738372492163,21.58238824372249,0.0,57.533607,317.18216,24.337349,30.851011,14.592388,2.3279772,0,0.0
2000-08-01,western_greece,38.27738372492163,21.58238824372249,0.0,56.489197,276.66046,23.78599,30.600412,14.608176,2.1026845,0,0.0
2000-09-01,western_greece,38.27738372492163,21.58238824372249,26.86,63.630207,202.51894,19.195745,25.620598,11.973022,2.0208642,0,0.0
2000-10-01,western_greece,38.27738372492163,21.58238824372249,262.29678,76.49797,141.59486,14.911922,20.680801,9.352634,2.0523126,0,0.0
2000-11-01,western_greece,38.27738372492163,21.58238824372249,430.95334,82.81024,101.31349,12.472757,18.712051,7.270217,2.106274,0,0.0
2000-12-01,western_greece,38.27738372492163,21.58238824372249,347.26453,78.07362,81.96845,7.4534,13.208233,2.609027,1.9718261,0,0.0
2001-01-01,western_greece,38.27738372492163,21.58238824372249,379.47095,81.31316,79.00075,7.2731514,11.645096,3.2293878,2.0299315,0,0.0
2001-02-01,western_greece,38.27738372492163,21.58238824372249,174.0893,72.720345,127.04122,7.5428934,12.535317,2.6964316,2.1423516,0,0.0
2001-03-01,western_greece,38.27738372492163,21.58238824372249,113.89033,69.9801,175.46483,12.997313,18.845562,6.8426,2.3329988,0,0.0
2001-04-01,western_greece,38.27738372492163,21.58238824372249,397.46332,69.27863,218.2453,11.985593,16.967714,6.172994,2.408918,0,0.0
2001-05-01,western_greece,38.27738372492163,21.58238824372249,127.738716,67.734634,239.57716,18.06384,23.657347,11.015749,2.343048,0,0.0
2001-06-01,western_greece,38.27738372492163,21.58238824372249,23.333334,59.55518,297.90787,21.895508,27.547506,13.092333,2.6626189,0,0.0
2001-07-01,western_greece,38.27738372492163,21.58238824372249,15.129032,57.64889,291.73166,24.698528,30.754368,16.005857,2.5031793,0,0.0
2001-08-01,western_greece,38.27738372492163,21.58238824372249,12.329033,61.133755,263.237,24.552876,31.235252,16.446362,2.1132557,0,0.0
2001-09-01,western_greece,38.27738372492163,21.58238824372249,19.226665,62.40042,233.19637,20.34984,26.795158,12.645896,2.4047344,0,0.0
2001-10-01,western_greece,38.27738372492163,21.58238824372249,25.72903,65.89594,164.19586,16.475863,23.530735,8.99048,2.3991032,0,0.0
2001-11-01,western_greece,38.27738372492163,21.58238824372249,475.5833,76.13606,92.00254,9.442427,15.072862,4.5300984,2.567966,0,0.0
2001-12-01,western_greece,38.27738372492163,21.58238824372249,591.31616,77.11788,63.575996,4.2753115,8.012569,0.67852926,2.3726628,0,0.0
2002-01-01,western_greece,38.27738372492163,21.58238824372249,204.52582,76.319725,94.831055,4.5028787,10.278281,-0.46378064,2.184273,0,0.0
2002-02-01,western_greece,38.27738372492163,21.58238824372249,52.025,73.26979,131.22517,8.811262,14.575009,2.9593585,1.9963195,0,0.0
2002-03-01,western_greece,38.27738372492163,21.58238824372249,186.92581,71.61604,167.6151,9.469229,15.265726,3.5132968,2.1166375,0,0.0
2002-04-01,western_greece,38.27738372492163,21.58238824372249,253.63,75.66252,209.7996,11.85807,16.841568,5.858661,2.2049916,0,0.0
2002-05-01,western_greece,38.27738372492163,21.58238824372249,63.051613,65.083954,257.24805,17.629745,23.170225,10.33649,2.4930372,0,0.0
2002-06-01,western_greece,38.27738372492163,21.58238824372249,2.0500002,53.111774,285.1594,22.882036,28.39711,14.514576,2.3792543,0,0.0
2002-07-01,western_greece,38.27738372492163,21.58238824372249,349.03226,62.760605,278.23837,24.662355,30.416073,16.643906,2.189456,0,0.0
2002-08-01,western_greece,38.27738372492163,21.58238824372249,145.93872,64.6258,256.70193,22.788794,28.538609,15.569681,2.2413857,0,0.0
2002-09-01,western_greece,38.27738372492163,21.58238824372249,399.66333,75.96097,185.95735,18.283981,23.522688,12.810543,1.8252004,0,0.0
2002-10-01,western_greece,38.27738372492163,21.58238824372249,316.0516,74.60477,151.2497,15.306754,21.303297,9.385639,2.0972471,0,0.0
2002-11-01,western_greece,38.27738372492163,21.58238824372249,279.5,83.94109,95.37299,12.057104,17.399797,7.215963,2.1120338,0,0.0
2002-12-01,western_greece,38.27738372492163,21.58238824372249,757.3742,85.93432,56.30107,7.815254,11.252077,4.610945,2.1097128,0,0.0
2003-01-01,western_greece,38.27738372492163,21.58238824372249,530.3419,79.905785,78.17841,8.642583,12.398303,5.2320285,2.4803827,0,0.0
2003-02-01,western_greece,38.27738372492163,21.58238824372249,431.975,74.82227,115.96881,3.2542613,7.283674,-0.70535713,2.4067585,0,0.0
2003-03-01,western_greece,38.27738372492163,21.58238824372249,174.35484,71.97363,179.84123,7.2915335,12.683009,1.3226079,1.9461099,0,0.0
2003-04-01,western_greece,38.27738372492163,21.58238824372249,158.00667,73.78387,217.17148,11.461208,16.033962,5.735514,2.0931242,0,0.0
2003-05-01,western_greece,38.27738372492163,21.58238824372249,86.63226,64.816574,266.80374,19.737793,25.576809,11.540935,2.197761,0,0.0
2003-06-01,western_greece,38.27738372492163,21.58238824372249,42.42667,59.587288,296.02768,24.178524,29.829714,16.167404,2.128401,0,0.0
2003-07-01,western_greece,38.27738372492163,21.58238824372249,0.5387097,57.171387,310.8606,25.459932,31.153416,16.985971,2.0361671,0,0.0
2003-08-01,western_greece,38.27738372492163,21.58238824372249,149.43225,60.80252,266.32504,25.408895,31.557106,17.387491,1.9348576,0,0.0
2003-09-01,western_greece,38.27738372492163,21.58238824372249,134.47668,68.16606,210.7777,19.934748,25.400406,13.078383,2.0000565,0,0.0
2003-10-01,western_greece,38.27738372492163,21.58238824372249,365.75165,72.497765,131.8227,16.897137,21.944443,11.410115,2.3804781,0,0.0
2003-11-01,western_greece,38.27738372492163,21.58238824372249,179.09999,84.575905,98.8613,12.061694,16.925646,7.711378,1.9235677,0,0.0
2003-12-01,western_greece,38.27738372492163,21.58238824372249,468.46454,81.08126,73.60771,7.2979817,11.987132,3.1491747,2.076818,0,0.0
2004-01-01,western_greece,38.27738372492163,21.58238824372249,460.7613,79.00816,76.292786,5.215421,9.501932,1.0752624,2.4687314,0,0.0
2004-02-01,western_greece,38.27738372492163,21.58238824372249,97.7,73.13642,122.585335,7.1254845,12.331754,1.9656137,2.1055317,0,0.0
2004-03-01,western_greece,38.27738372492163,21.58238824372249,235.59033,78.9971,168.00574,9.507797,14.006178,4.7503147,2.1611784,0,0.0
2004-04-01,western_greece,38.27738372492163,21.58238824372249,151.92334,75.10271,183.62769,12.954372,17.546602,7.6986327,2.565994,0,0.0
2004-05-01,western_greece,38.27738372492163,21.58238824372249,91.30645,71.64549,267.62796,15.9325075,21.005205,9.236028,2.456859,0,0.0
2004-06-01,western_greece,38.27738372492163,21.58238824372249,47.003334,65.34964,289.6331,21.866903,27.030563,14.200961,2.343511,0,0.0
2004-07-01,western_greece,38.27738372492163,21.58238824372249,39.232258,54.64005,302.5566,24.820702,30.254915,16.78045,2.2680044,0,0.0
2004-08-01,western_greece,38.27738372492163,21.58238824372249,0.11612903,64.71471,273.33734,23.921432,29.965485,16.049923,2.079117,0,0.0
2004-09-01,western_greece,38.27738372492163,21.58238824372249,111.24,68.28194,208.30789,20.19505,26.111097,13.331632,1.8609972,0,0.0
2004-10-01,western_greece,38.27738372492163,21.58238824372249,164.21289,76.17234,150.90979,17.263094,23.294748,11.191568,1.9899206,0,0.0
2004-11-01,western_greece,38.27738372492163,21.58238824372249,327.53003,73.06116,91.40989,11.055096,16.2628,6.1432877,2.1072345,0,0.0
2004-12-01,western_greece,38.27738372492163,21.58238824372249,470.78064,81.48715,64.8789,8.384517,13.0037565,4.420172,2.0901067,0,0.0
2005-01-01,western_greece,38.27738372492163,21.58238824372249,242.70323,67.997925,91.732605,6.183001,10.325822,2.4048388,1.9328158,0,0.0
2005-02-01,western_greece,38.27738372492163,21.58238824372249,513.1893,69.7307,114.66405,5.0225663,9.083363,1.4179238,2.4540524,0,0.0
2005-03-01,western_greece,38.27738372492163,21.58238824372249,201.81613,71.2871,178.72636,9.270881,13.521855,4.629716,2.0394232,0,0.0
2005-04-01,western_greece,38.27738372492163,21.58238824372249,66.3,63.01864,232.52669,11.607226,16.276773,6.178568,2.5649915,0,0.0
2005-05-01,western_greece,38.27738372492163,21.58238824372249,27.109676,65.41163,255.9048,17.003887,22.163906,11.285845,2.485525,0,0.0
2005-06-01,western_greece,38.27738372492163,21.58238824372249,2.43,62.22493,293.52515,20.21933,24.78697,14.503838,2.3694265,0,0.0
2005-07-01,western_greece,38.27738372492163,21.58238824372249,0.0,61.883003,293.46915,23.556318,28.329197,17.689829,2.2391057,0,0.0
2005-08-01,western_greece,38.27738372492163,21.58238824372249,0.0,66.35447,260.49722,23.012575,28.063837,17.171633,2.1742454,0,0.0
2005-09-01,western_greece,38.27738372492163,21.58238824372249,227.48999,66.3141,200.75525,20.338661,25.07236,15.650902,1.8006158,0,0.0
2005-10-01,western_greece,38.27738372492163,21.58238824372249,138.57419,69.947586,144.13553,15.099183,19.653921,10.654059,1.996178,0,0.0
2005-11-01,western_greece,38.27738372492163,21.58238824372249,393.72333,67.60909,103.200066,10.489307,14.812061,6.4072623,2.047353,0,0.0
2005-12-01,western_greece,38.27738372492163,21.58238824372249,394.0,74.12876,70.87401,8.063444,12.086011,4.1234856,1.9840704,0,0.0
2006-01-01,western_greece,38.27738372492163,21.58238824372249,301.2742,71.52421,90.97901,4.2996936,8.648532,0.6464762,1.8898742,0,0.0
2006-02-01,western_greece,38.27738372492163,21.58238824372249,283.48218,74.58459,115.554695,6.6811256,10.705517,2.630112,2.0753722,0,0.0
2006-03-01,western_greece,38.27738372492163,21.58238824372249,151.95161,68.94785,158.55466,9.220823,12.998188,5.249505,2.443994,0,0.0
2006-04-01,western_greece,38.27738372492163,21.58238824372249,75.136665,69.17058,205.28737,12.699505,17.211824,8.118353,2.04924,0,0.0
2006-05-01,western_greece,38.27738372492163,21.58238824372249,0.57419354,66.468285,275.48273,16.729887,21.860271,10.830297,2.4100628,0,0.0
2006-06-01,western_greece,38.27738372492163,21.58238824372249,13.286667,63.084984,277.87296,20.874699,25.737251,14.7314825,2.347285,0,0.0
2006-07-01,western_greece,38.27738372492163,21.58238824372249,8.996775,64.52774,283.68338,23.160883,28.071066,17.315317,2.3193464,0,0.0
2006-08-01,western_greece,38.27738372492163,21.58238824372249,13.248386,54.347908,280.12454,24.20286,29.276495,18.166172,2.219114,0,0.0
2006-09-01,western_greece,38.27738372492163,21.58238824372249,219.10666,62.486835,210.36348,20.10369,24.979908,14.81768,1.8095535,0,0.0
2006-10-01,western_greece,38.27738372492163,21.58238824372249,31.841938,73.761566,146.15982,15.920275,20.259335,11.875343,2.0885618,0,0.0
2006-11-01,western_greece,38.27738372492163,21.58238824372249,63.716667,72.67975,112.8601,9.738731,15.232265,4.5981045,2.072517,0,0.0
2006-12-01,western_greece,38.27738372492163,21.58238824372249,115.964516,73.599594,77.28889,7.6603856,12.675365,3.5043795,1.5528677,0,0.0
2007-01-01,western_greece,38.27738372492163,21.58238824372249,46.40645,69.09301,101.62675,7.7019954,12.872623,2.6757436,1.6041061,0,0.0
2007-02-01,western_greece,38.27738372492163,21.58238824372249,156.76071,72.70867,111.99588,7.6709347,11.528744,3.3990467,2.0990193,0,0.0
2007-03-01,western_greece,38.27738372492163,21.58238824372249,169.35162,67.72393,161.3651,9.880983,14.330078,5.055979,2.4028566,0,0.0
2007-04-01,western_greece,38.27738372492163,21.58238824372249,67.653336,68.20534,245.7303,12.602293,17.189238,7.1884465,1.7881383,0,0.0
2007-05-01,western_greece,38.27738372492163,21.58238824372249,84.825806,65.4379,238.37505,17.320475,22.115461,11.881509,2.4059377,0,0.0
2007-06-01,western_greece,38.27738372492163,21.58238824372249,58.863335,59.968845,291.7946,21.89254,27.080492,15.752827,2.135887,0,0.0
2007-07-01,western_greece,38.27738372492163,21.58238824372249,0.0,47.02801,309.76328,24.413187,30.250977,17.581678,2.2961426,0,0.0
2007-08-01,western_greece,38.27738372492163,21.58238824372249,0.0,55.630455,282.78336,23.773424,29.303694,17.48918,2.076356,0,0.0
2007-09-01,western_greece,38.27738372492163,21.58238824372249,22.713333,60.69508,214.69559,19.107506,24.383057,13.137098,2.0256045,0,0.0
2007-10-01,western_greece,38.27738372492163,21.58238824372249,285.55807,65.44477,135.74457,15.88475,20.901157,11.211263,1.7323866,0,0.0
2007-11-01,western_greece,38.27738372492163,21.58238824372249,327.78333,72.53598,88.156906,10.996779,15.322191,7.068853,2.2445679,0,0.0
2007-12-01,western_greece,38.27738372492163,21.58238824372249,336.86777,75.56954,74.29644,6.410847,10.689945,2.7594283,1.7926108,0,0.0
2008-01-01,western_greece,38.27738372492163,21.58238824372249,108.3,76.31636,82.747536,6.69848,11.312105,2.6822717,1.4308038,0,0.0
2008-02-01,western_greece,38.27738372492163,21.58238824372249,51.52414,71.13754,129.53535,6.5024457,11.366377,1.8743716,1.6504588,0,0.0
2008-03-01,western_greece,38.27738372492163,21.58238824372249,188.5742,67.047485,166.83954,10.413947,14.994515,5.9570746,2.357474,0,0.0
2008-04-01,western_greece,38.27738372492163,21.58238824372249,273.08667,70.69931,214.34242,12.5810795,17.67073,7.7241297,2.1180792,0,0.0
2008-05-01,western_greece,38.27738372492163,21.58238824372249,23.641935,66.52377,274.09314,16.72034,22.097847,10.787961,2.1117823,0,0.0
2008-06-01,western_greece,38.27738372492163,21.58238824372249,11.486667,65.3636,298.6784,22.026608,27.436932,15.7480135,1.9854859,0,0.0
2008-07-01,western_greece,38.27738372492163,21.58238824372249,0.0,62.62119,319.80814,23.908716,29.12925,17.868761,2.1859648,0,0.0
2008-08-01,western_greece,38.27738372492163,21.58238824372249,0.0,61.618725,289.59534,24.450981,30.461702,17.851744,1.9576954,0,0.0
2008-09-01,western_greece,38.27738372492163,21.58238824372249,122.5,64.89619,201.7883,19.405321,24.327587,14.379401,1.8352485,0,0.0
2008-10-01,western_greece,38.27738372492163,21.58238824372249,41.512905,73.45196,156.90656,15.5144825,20.612333,10.554753,1.8290951,0,0.0
2008-11-01,western_greece,38.27738372492163,21.58238824372249,555.69666,75.39969,96.01311,12.460347,17.101782,8.545957,1.9834322,0,0.0
2008-12-01,western_greece,38.27738372492163,21.58238824372249,412.5871,71.106895,72.431915,8.10693,12.197342,4.660809,1.9955412,0,0.0
2009-01-01,western_greece,38.27738372492163,21.58238824372249,803.5742,79.33951,66.722305,8.211821,11.665304,5.007288,2.0728457,0,0.0
2009-02-01,western_greece,38.27738372492163,21.58238824372249,290.19287,67.00607,115.12308,6.376135,10.245195,2.4152544,2.2644036,0,0.0
2009-03-01,western_greece,38.27738372492163,21.58238824372249,316.84518,69.56405,167.04567,8.107277,12.629401,3.2939994,2.2864788,0,0.0
2009-04-01,western_greece,38.27738372492163,21.58238824372249,133.75333,74.07073,197.503,12.556125,17.27568,8.280639,1.894113,0,0.0
2009-05-01,western_greece,38.27738372492163,21.58238824372249,7.8774195,69.43269,272.0114,17.403803,22.695524,11.723012,2.219259,0,0.0
2009-06-01,western_greece,38.27738372492163,21.58238824372249,32.25,64.09619,298.0306,21.100458,26.343023,14.829842,2.2387738,0,0.0
2009-07-01,western_greece,38.27738372492163,21.58238824372249,0.0,58.9774,316.10788,23.615328,28.9033,17.560244,2.2227063,0,0.0
2009-08-01,western_greece,38.27738372492163,21.58238824372249,0.04516129,65.389175,265.87787,23.961637,29.273201,17.911331,1.9890265,0,0.0
2009-09-01,western_greece,38.27738372492163,21.58238824372249,64.37,69.46402,192.36464,20.105356,24.639471,15.482107,1.7788955,0,0.0
2009-10-01,western_greece,38.27738372492163,21.58238824372249,366.52258,70.9939,141.30762,15.924171,20.462328,11.4892645,1.8860905,0,0.0
2009-11-01,western_greece,38.27738372492163,21.58238824372249,363.35333,76.61738,106.90643,11.647839,16.527443,7.336226,2.2577004,0,0.0
2009-12-01,western_greece,38.27738372492163,21.58238824372249,249.97742,78.3021,64.62291,10.176326,14.062996,6.6758857,2.372742,0,0.0
2010-01-01,western_greece,38.27738372492163,21.58238824372249,137.27098,64.593094,71.80877,7.6363664,10.807575,4.410186,2.0646527,0,0.0
2010-02-01,western_greece,38.27738372492163,21.58238824372249,236.90714,74.29561,107.24532,8.46102,12.429113,4.376108,2.406855,0,0.0
2010-03-01,western_greece,38.27738372492163,21.58238824372249,56.970966,68.90096,158.8023,9.71968,14.134021,5.1337175,2.0628922,0,0.0
2010-04-01,western_greece,38.27738372492163,21.58238824372249,9.873334,69.70532,207.2262,12.997602,18.404514,6.9990253,2.049517,0,0.0
2010-05-01,western_greece,38.27738372492163,21.58238824372249,151.90323,64.16531,253.35896,16.739609,22.254387,10.839967,2.3428922,0,0.0
2010-06-01,western_greece,38.27738372492163,21.58238824372249,12.753334,66.16575,261.46396,20.625637,25.56311,14.793531,2.2396834,0,0.0
2010-07-01,western_greece,38.27738372492163,21.58238824372249,0.0,63.220776,288.33627,23.84065,28.804394,17.65389,2.1096418,0,0.0
2010-08-01,western_greece,38.27738372492163,21.58238824372249,0.0,55.268036,278.51746,24.908634,30.449219,18.33001,1.8950901,0,0.0
2010-09-01,western_greece,38.27738372492163,21.58238824372249,90.01666,70.006386,201.51425,20.177069,24.992958,15.245429,1.8288954,0,0.0
2010-10-01,western_greece,38.27738372492163,21.58238824372249,612.3613,73.18283,122.185135,15.291093,19.707212,11.368015,2.093991,0,0.0
2010-11-01,western_greece,38.27738372492163,21.58238824372249,128.45334,75.676056,99.69864,14.392925,19.069378,10.076457,2.235517,0,0.0
2010-12-01,western_greece,38.27738372492163,21.58238824372249,106.619354,68.93329,75.81137,9.459731,13.640866,5.4539557,2.0775151,0,0.0
2011-01-01,western_greece,38.27738372492163,21.58238824372249,234.64838,69.264915,92.589584,7.224833,11.706416,2.9371188,1.6437725,0,0.0
2011-02-01,western_greece,38.27738372492163,21.58238824372249,175.39287,68.12652,114.30002,8.130276,12.772884,3.4985595,1.8242767,0,0.0
2011-03-01,western_greece,38.27738372492163,21.58238824372249,189.98389,66.758156,152.35378,8.844741,13.6158285,4.1679797,2.058748,0,0.0
2011-04-01,western_greece,38.27738372492163,21.58238824372249,185.21332,64.09716,219.84239,11.96587,16.42464,6.9329605,2.063065,0,0.0
2011-05-01,western_greece,38.27738372492163,21.58238824372249,62.354836,68.49368,221.24536,16.064793,21.291273,10.490855,2.2774496,0,0.0
2011-06-01,western_greece,38.27738372492163,21.58238824372249,16.73,66.63853,277.35773,20.844442,26.359173,14.986624,2.1056833,0,0.0
2011-07-01,western_greece,38.27738372492163,21.58238824372249,0.0,59.24208,316.02753,23.769844,29.630201,17.123127,2.0987341,0,0.0
2011-08-01,western_greece,38.27738372492163,21.58238824372249,0.0,58.367596,278.0955,23.755392,29.956097,17.655386,1.9725996,0,0.0
2011-09-01,western_greece,38.27738372492163,21.58238824372249,82.32,61.004574,221.69421,21.851181,27.970205,15.832972,1.7839718,0,0.0
2011-10-01,western_greece,38.27738372492163,21.58238824372249,443.59677,61.285404,146.8083,14.228857,19.224382,9.089817,1.9511918,0,0.0
2011-11-01,western_greece,38.27738372492163,21.58238824372249,0.0,63.46711,100.40245,9.483586,15.064169,4.6047964,1.7952741,0,0.0
2011-12-01,western_greece,38.27738372492163,21.58238824372249,536.72906,77.425285,85.403595,7.981733,12.493682,3.8634882,1.8609952,0,0.0
2012-01-01,western_greece,38.27738372492163,21.58238824372249,125.377426,71.57663,87.27441,4.06725,9.021676,-0.34527335,1.538994,0,0.0
2012-02-01,western_greece,38.27738372492163,21.58238824372249,474.67242,65.46358,108.85626,5.7753854,9.656306,2.0950935,2.1144214,0,0.0
2012-03-01,western_greece,38.27738372492163,21.58238824372249,51.974194,64.164665,191.96292,9.200188,14.261971,4.1905084,1.8843576,0,0.0
2012-04-01,western_greece,38.27738372492163,21.58238824372249,79.66333,68.31216,223.15695,12.868822,17.751564,7.879799,2.535822,0,0.0
2012-05-01,western_greece,38.27738372492163,21.58238824372249,72.79355,68.41653,247.40495,16.654306,21.74367,11.179063,2.2267494,0,0.0
2012-06-01,western_greece,38.27738372492163,21.58238824372249,0.5766667,64.03842,316.18362,22.260456,28.387093,15.194274,2.1978333,0,0.0
2012-07-01,western_greece,38.27738372492163,21.58238824372249,0.0,59.250946,304.68195,25.55838,31.628286,18.76325,2.1582122,0,0.0
2012-08-01,western_greece,38.27738372492163,21.58238824372249,0.18709677,55.61378,296.21,24.949057,31.447878,18.04361,1.9820749,0,0.0
2012-09-01,western_greece,38.27738372492163,21.58238824372249,250.74667,60.863148,223.80716,21.092672,26.762676,15.261809,1.8024038,0,0.0
2012-10-01,western_greece,38.27738372492163,21.58238824372249,108.24839,65.07406,145.37743,17.96451,23.348583,12.969302,2.0370176,0,0.0
2012-11-01,western_greece,38.27738372492163,21.58238824372249,189.67667,74.59864,98.22466,12.990664,17.920418,8.634596,1.9257259,0,0.0
2012-12-01,western_greece,38.27738372492163,21.58238824372249,373.41614,73.07974,76.56984,7.4371047,11.842603,3.6861427,1.8660634,0,0.0
2013-01-01,western_greece,38.27738372492163,21.58238824372249,426.19678,74.75065,83.73127,7.2585588,11.673365,3.1699343,2.0962903,0,0.0
2013-02-01,western_greece,38.27738372492163,21.58238824372249,464.3214,73.309525,112.306496,8.226077,12.371937,4.34724,2.3166525,0,0.0
2013-03-01,western_greece,38.27738372492163,21.58238824372249,143.85161,73.66724,160.50443,10.070683,14.834202,5.4551663,2.2270749,0,0.0
2013-04-01,western_greece,38.27738372492163,21.58238824372249,22.986668,64.189705,253.04916,13.622194,19.35566,7.7570395,2.082644,0,0.0
2013-05-01,western_greece,38.27738372492163,21.58238824372249,29.841936,61.944008,240.07529,18.53386,23.998926,12.626836,2.3538544,0,0.0
2013-06-01,western_greece,38.27738372492163,21.58238824372249,21.203335,67.245026,279.10922,20.857782,26.370579,14.8899765,2.2662203,0,0.0
2013-07-01,western_greece,38.27738372492163,21.58238824372249,0.0,60.992558,290.6575,23.14398,28.556269,16.756367,2.0162876,0,0.0
2013-08-01,western_greece,38.27738372492163,21.58238824372249,0.0,56.69594,274.7642,24.650589,30.625206,17.943642,2.0619245,0,0.0
2013-09-01,western_greece,38.27738372492163,21.58238824372249,10.913334,59.10704,214.0246,20.842342,26.471136,15.05818,1.7335083,0,0.0
2013-10-01,western_greece,38.27738372492163,21.58238824372249,173.76453,66.430565,160.57494,16.256979,21.460964,11.235929,1.9896774,0,0.0
2013-11-01,western_greece,38.27738372492163,21.58238824372249,739.50336,69.77158,89.15888,12.5352,16.769941,8.781581,2.2382655,0,0.0
2013-12-01,western_greece,38.27738372492163,21.58238824372249,223.3258,69.87816,85.31213,7.4249206,12.658488,2.907824,1.5933105,0,0.0
2014-01-01,western_greece,38.27738372492163,21.58238824372249,289.89032,81.88059,78.081985,9.001394,13.212071,5.3473644,2.081725,0,0.0
2014-02-01,western_greece,38.27738372492163,21.58238824372249,198.86786,72.1071,107.43247,9.092403,13.541334,4.8982053,1.8375999,0,0.0
2014-03-01,western_greece,38.27738372492163,21.58238824372249,407.2613,63.796986,160.58755,9.850918,14.767334,5.0849504,2.0203664,0,0.0
2014-04-01,western_greece,38.27738372492163,21.58238824372249,135.18,69.43288,198.36319,12.536745,17.45159,7.2931633,2.0395422,0,0.0
2014-05-01,western_greece,38.27738372492163,21.58238824372249,43.164516,66.02613,249.33015,15.880764,21.255991,10.023202,2.1018069,0,0.0
2014-06-01,western_greece,38.27738372492163,21.58238824372249,8.556667,56.484077,273.51633,20.630491,26.386217,14.385311,2.1102796,0,0.0
2014-07-01,western_greece,38.27738372492163,21.58238824372249,0.0,64.739494,243.60916,22.922243,28.465069,16.807615,1.9298031,1,4.0
2014-08-01,western_greece,38.27738372492163,21.58238824372249,0.28709677,64.71923,277.0901,23.394333,29.751587,17.283155,1.7505522,1,202.0
2014-09-01,western_greece,38.27738372492163,21.58238824372249,417.78,71.23606,184.08409,20.037207,25.258574,15.002679,1.6623982,1,597.0
2014-10-01,western_greece,38.27738372492163,21.58238824372249,532.14844,72.226555,127.04349,15.545128,20.454172,10.877767,1.7768672,1,835.0
2014-11-01,western_greece,38.27738372492163,21.58238824372249,221.71,80.15714,85.0959,12.239317,16.87845,7.814579,1.8228389,1,847.0
2014-12-01,western_greece,38.27738372492163,21.58238824372249,554.45807,76.26336,75.23325,9.273015,13.59632,5.192151,1.7407299,0,0.0
2015-01-01,western_greece,38.27738372492163,21.58238824372249,372.60645,69.81834,77.51163,6.639185,11.497507,1.9978075,1.9227173,0,0.0
2015-02-01,western_greece,38.27738372492163,21.58238824372249,557.2678,61.610287,107.89633,6.217131,10.655925,1.7999364,2.2287288,0,0.0
2015-03-01,western_greece,38.27738372492163,21.58238824372249,388.33875,64.71382,141.88487,8.912645,13.267562,4.569844,1.9080974,0,0.0
2015-04-01,western_greece,38.27738372492163,21.58238824372249,48.553337,63.081226,220.17825,11.802965,17.167488,5.9672427,2.0904207,0,0.0
2015-05-01,western_greece,38.27738372492163,21.58238824372249,79.229034,70.16172,248.59006,17.242252,23.13679,11.017038,2.3024385,0,0.0
2015-06-01,western_greece,38.27738372492163,21.58238824372249,43.576668,67.96928,290.61087,20.098875,25.65087,13.994779,1.930175,0,0.0
2015-07-01,western_greece,38.27738372492163,21.58238824372249,2.2419355,66.63771,320.50427,24.59963,30.646017,17.915771,1.8801913,0,0.0
2015-08-01,western_greece,38.27738372492163,21.58238824372249,0.5419355,66.840385,257.01712,24.310926,30.433813,18.310913,1.8990186,0,0.0
2015-09-01,western_greece,38.27738372492163,21.58238824372249,273.65668,61.88236,206.134,21.535889,27.23599,16.28693,1.693644,0,0.0
2015-10-01,western_greece,38.27738372492163,21.58238824372249,379.1226,80.320724,123.53522,16.611208,21.231255,12.392233,1.881651,0,0.0
2015-11-01,western_greece,38.27738372492163,21.58238824372249,323.18335,75.54788,108.91661,12.604616,18.745602,7.5837903,1.883613,0,0.0
2015-12-01,western_greece,38.27738372492163,21.58238824372249,1.7677419,82.07627,100.13862,7.3169,13.809678,2.366427,1.1158885,0,0.0
2016-01-01,western_greece,38.27738372492163,21.58238824372249,357.72583,79.264946,86.62073,7.5926576,12.132788,3.2548988,2.0142097,0,0.0
2016-02-01,western_greece,38.27738372492163,21.58238824372249,112.65862,77.35829,108.943695,10.559403,15.308687,5.539342,2.0482495,0,0.0
2016-03-01,western_greece,38.27738372492163,21.58238824372249,428.13226,70.6241,154.84424,9.757786,14.155743,4.922479,2.0974932,0,0.0
2016-04-01,western_greece,38.27738372492163,21.58238824372249,28.773335,67.466934,209.34143,14.650585,20.48153,8.603901,1.9416101,0,0.0
2016-05-01,western_greece,38.27738372492163,21.58238824372249,132.15807,72.783875,232.26411,16.184877,21.40633,10.369155,2.2380455,0,0.0
2016-06-01,western_greece,38.27738372492163,21.58238824372249,118.11667,68.617966,278.55588,21.741693,27.367304,15.924681,2.0247004,0,0.0
2016-07-01,western_greece,38.27738372492163,21.58238824372249,0.43870968,66.95991,288.57538,24.129215,29.370539,18.272955,1.891457,0,0.0
2016-08-01,western_greece,38.27738372492163,21.58238824372249,8.512903,70.22434,256.1264,23.932957,29.316236,18.038752,1.8262438,0,0.0
2016-09-01,western_greece,38.27738372492163,21.58238824372249,465.65668,73.79452,187.68726,20.146385,25.25396,15.297684,1.7445705,0,0.0
2016-10-01,western_greece,38.27738372492163,21.58238824372249,398.85486,72.62213,140.80711,16.057625,20.987736,11.277995,1.784024,0,0.0
2016-11-01,western_greece,38.27738372492163,21.58238824372249,587.51,76.739944,102.135376,11.571233,16.389217,7.420454,1.8838023,0,0.0
2016-12-01,western_greece,38.27738372492163,21.58238824372249,38.529034,73.100235,92.66425,5.98278,11.08141,1.475965,1.4258693,0,0.0
2017-01-01,western_greece,38.27738372492163,21.58238824372249,483.88065,75.13594,75.715675,4.313723,8.222501,0.6086905,1.9630207,0,0.0
2017-02-01,western_greece,38.27738372492163,21.58238824372249,109.86072,78.66225,120.160355,8.571019,13.294518,4.162648,1.9701633,0,0.0
2017-03-01,western_greece,38.27738372492163,21.58238824372249,121.925804,68.36575,176.26135,10.213288,15.677089,4.6237392,2.0614052,0,0.0
2017-04-01,western_greece,38.27738372492163,21.58238824372249,27.34,69.875,248.9532,12.397268,17.999504,6.0833697,2.2021837,0,0.0
2017-05-01,western_greece,38.27738372492163,21.58238824372249,61.10323,74.90396,247.67148,17.039396,22.566193,10.868191,2.3215747,0,0.0
2017-06-01,western_greece,38.27738372492163,21.58238824372249,8.616667,68.87915,279.81836,21.745062,27.748257,15.055101,2.0379689,0,0.0
2017-07-01,western_greece,38.27738372492163,21.58238824372249,101.96774,62.95406,303.11588,23.945864,30.033207,17.022987,2.2289746,0,0.0
2017-08-01,western_greece,38.27738372492163,21.58238824372249,0.0,63.935402,278.01755,24.397364,30.71382,17.719175,2.1974876,0,0.0
2017-09-01,western_greece,38.27738372492163,21.58238824372249,30.943333,66.68923,213.1687,20.10826,26.085346,14.350145,1.9425592,0,0.0
2017-10-01,western_greece,38.27738372492163,21.58238824372249,86.203224,69.13096,163.06386,15.1331835,21.256876,9.436391,1.7192891,0,0.0
2017-11-01,western_greece,38.27738372492163,21.58238824372249,596.6567,74.901886,94.91005,11.381102,16.139814,7.277441,1.9708586,0,0.0
2017-12-01,western_greece,38.27738372492163,21.58238824372249,440.66452,77.65018,77.385124,8.008305,12.505697,4.0909677,2.1340187,0,0.0
2018-01-01,western_greece,38.27738372492163,21.58238824372249,375.55164,,86.706345,7.4839993,11.99331,3.4009514,2.2453666,0,0.0
2018-02-01,western_greece,38.27738372492163,21.58238824372249,847.5536,,90.54063,8.334897,12.114146,4.628623,2.0980113,0,0.0
2018-03-01,western_greece,38.27738372492163,21.58238824372249,188.48387,,135.96907,11.125656,15.800122,6.185484,2.5339417,0,0.0
2018-04-01,western_greece,38.27738372492163,21.58238824372249,0.0,,208.00475,15.1425,21.480047,8.61763,1.998014,0,0.0
2018-05-01,western_greece,38.27738372492163,21.58238824372249,86.70969,,230.52403,18.927834,24.337101,13.388573,2.1867797,0,0.0
2018-06-01,western_greece,38.27738372492163,21.58238824372249,272.74,,244.01726,21.454763,26.84385,15.712268,2.0388558,0,0.0
2018-07-01,western_greece,38.27738372492163,21.58238824372249,6.325806,,285.15912,23.31075,28.839016,17.28834,1.9238025,0,0.0
2018-08-01,western_greece,38.27738372492163,21.58238824372249,30.341934,,248.29878,23.862068,29.74258,17.71483,1.8352952,0,0.0
2018-09-01,western_greece,38.27738372492163,21.58238824372249,84.46333,,203.64246,21.19781,26.280106,15.726536,1.7591382,0,0.0
2018-10-01,western_greece,38.27738372492163,21.58238824372249,67.367744,,137.76001,16.761158,22.311726,11.603446,2.0270283,0,0.0
2018-11-01,western_greece,38.27738372492163,21.58238824372249,393.31335,,96.48137,12.37826,17.318052,7.7854543,1.9064745,0,0.0
2018-12-01,western_greece,38.27738372492163,21.58238824372249,337.99677,,75.70401,7.426241,12.157762,2.7264569,1.7231109,0,0.0
2019-01-01,western_greece,38.27738372492163,21.58238824372249,945.52905,,75.250435,5.2624607,9.036658,1.5618343,2.3170447,0,0.0
2019-02-01,western_greece,38.27738372492163,21.58238824372249,73.25357,,120.8332,7.765769,12.516785,2.9107385,1.9828147,0,0.0
2019-03-01,western_greece,38.27738372492163,21.58238824372249,91.66452,,169.03357,9.927815,15.49941,4.34687,2.027843,0,0.0
2019-04-01,western_greece,38.27738372492163,21.58238824372249,299.27338,,199.29811,12.123264,17.227957,7.1197004,2.203065,0,0.0
2019-05-01,western_greece,38.27738372492163,21.58238824372249,93.69678,,230.10176,15.039644,20.492617,9.478245,2.3524027,0,0.0
2019-06-01,western_greece,38.27738372492163,21.58238824372249,9.166667,,244.68912,22.347628,28.298534,15.820065,2.2410226,0,0.0
2019-07-01,western_greece,38.27738372492163,21.58238824372249,33.996777,,294.4569,23.767,29.553185,17.324121,2.0762959,0,0.0
2019-08-01,western_greece,38.27738372492163,21.58238824372249,0.0,,262.82785,24.927155,31.29493,17.896769,1.9432148,0,0.0
2019-09-01,western_greece,38.27738372492163,21.58238824372249,78.0,,214.99797,21.263788,27.037354,15.55237,1.8136809,0,0.0
2019-10-01,western_greece,38.27738372492163,21.58238824372249,242.30646,,155.93549,17.423763,23.322088,12.247565,1.8669271,0,0.0
2019-11-01,western_greece,38.27738372492163,21.58238824372249,814.8534,,90.73284,14.015322,18.579184,9.775746,2.2694209,0,0.0
2019-12-01,western_greece,38.27738372492163,21.58238824372249,571.05804,,68.32014,9.348535,13.457592,5.5506945,1.992925,0,0.0
2020-01-01,western_greece,38.27738372492163,21.58238824372249,27.50645,,95.84758,6.0385675,11.749051,1.0085348,1.7030753,0,0.0
2020-02-01,western_greece,38.27738372492163,21.58238824372249,133.11035,,132.19955,8.139608,13.267969,2.7315135,1.9906721,0,0.0
2020-03-01,western_greece,38.27738372492163,21.58238824372249,190.9484,,151.29172,9.761011,14.938404,4.2365417,2.0940187,0,0.0
2020-04-01,western_greece,38.27738372492163,21.58238824372249,108.06667,,201.24301,11.715663,17.031208,6.115658,2.0966666,0,0.0
2020-05-01,western_greece,38.27738372492163,21.58238824372249,19.274193,,,17.259287,23.85234,10.309625,2.2942646,0,0.0
2020-06-01,western_greece,38.27738372492163,21.58238824372249,12.27,,,20.078411,25.395271,14.143785,2.3808165,0,0.0
2020-07-01,western_greece,38.27738372492163,21.58238824372249,44.34516,,,23.687433,29.559067,17.119099,2.0213504,0,0.0
2020-08-01,western_greece,38.27738372492163,21.58238824372249,7.306452,,,24.259604,30.257812,18.064425,1.947105,0,0.0
2020-09-01,western_greece,38.27738372492163,21.58238824372249,301.83334,,,21.506224,27.379513,15.659571,1.9881129,1,6.0
2020-10-01,western_greece,38.27738372492163,21.58238824372249,173.84195,,,16.699669,22.36727,11.29451,2.2185864,1,25.0
2020-11-01,western_greece,38.27738372492163,21.58238824372249,19.776669,,,11.80111,17.650143,6.5461383,1.6630734,1,26.0
2020-12-01,western_greece,38.27738372492163,21.58238824372249,755.27423,,,10.050096,14.412842,6.211886,2.078231,1,26.0
2021-01-01,western_greece,38.27738372492163,21.58238824372249,629.5645,72.96128,,8.474625,12.3840475,4.4196744,2.3753333,1,26.0
2021-02-01,western_greece,38.27738372492163,21.58238824372249,263.51428,71.91905,,8.355902,13.860884,3.6447334,1.9041524,1,26.0
2021-03-01,western_greece,38.27738372492163,21.58238824372249,155.03549,63.190598,,8.805498,13.750629,3.4663613,1.9639502,1,26.0
2021-04-01,western_greece,38.27738372492163,21.58238824372249,41.23333,63.375748,,11.926778,17.530418,5.68094,2.081856,1,26.0
2021-05-01,western_greece,38.27738372492163,21.58238824372249,8.274194,66.42454,,17.599838,23.693438,10.723662,2.2649837,1,26.0
2021-06-01,western_greece,38.27738372492163,21.58238824372249,25.523335,62.92036,,21.147974,27.259848,14.060415,2.1514773,1,26.0
2021-07-01,western_greece,38.27738372492163,21.58238824372249,0.0,56.641193,,25.030317,31.233854,18.285442,2.1430342,1,26.0
2021-08-01,western_greece,38.27738372492163,21.58238824372249,0.0,51.54585,293.89,25.37886,32.08538,18.503218,1.9478457,1,26.0
2021-09-01,western_greece,38.27738372492163,21.58238824372249,22.49,61.241844,219.16788,20.510735,26.312132,14.686336,1.6944886,1,26.0
2021-10-01,western_greece,38.27738372492163,21.58238824372249,829.5581,63.68218,121.290375,14.849355,19.66868,10.425831,1.8063804,1,26.0
2021-11-01,western_greece,38.27738372492163,21.58238824372249,614.55664,68.96564,88.79144,12.863255,17.794504,8.450646,2.0316157,1,26.0
2021-12-01,western_greece,38.27738372492163,21.58238824372249,546.8258,75.742294,74.44209,7.8850274,12.035229,3.6558802,2.0632885,1,26.0
2022-01-01,western_greece,38.27738372492163,21.58238824372249,220.7258,73.00225,,5.6283603,10.383843,1.0288955,1.6851639,1,26.0
2022-02-01,western_greece,38.27738372492163,21.58238824372249,300.11072,76.500626,109.32945,7.3989253,12.584558,2.3569217,1.8448728,1,26.0
2022-03-01,western_greece,38.27738372492163,21.58238824372249,228.79678,65.99693,151.00415,6.662594,11.241055,1.885164,2.1229496,1,26.0
2022-04-01,western_greece,38.27738372492163,21.58238824372249,79.59667,73.54011,216.39546,12.795898,18.038588,7.1884747,2.2043982,1,26.0
2022-05-01,western_greece,38.27738372492163,21.58238824372249,49.16774,69.23271,,17.239248,23.033243,10.541173,2.167597,1,26.0
2022-06-01,western_greece,38.27738372492163,21.58238824372249,22.44,61.554604,,23.039024,28.64922,17.022507,2.2391045,1,26.0
2022-07-01,western_greece,38.27738372492163,21.58238824372249,11.325807,60.751663,,24.848244,30.743582,17.908707,2.1077993,1,26.0
2022-08-01,western_greece,38.27738372492163,21.58238824372249,3.3225806,65.08845,,24.304121,30.073946,18.397041,2.0561454,1,26.0
2022-09-01,western_greece,38.27738372492163,21.58238824372249,52.613335,65.997734,,20.597933,26.150303,14.799431,1.8715056,1,26.0
2022-10-01,western_greece,38.27738372492163,21.58238824372249,121.46452,70.4792,,16.672544,22.47928,10.810745,1.9535073,1,26.0
2022-11-01,western_greece,38.27738372492163,21.58238824372249,504.24335,73.7766,,12.882363,17.832355,8.322073,2.0756638,1,26.0
2022-12-01,western_greece,38.27738372492163,21.58238824372249,274.61935,81.380135,,10.897429,15.393204,6.862616,1.6290295,1,26.0
2023-01-01,western_greece,38.27738372492163,21.58238824372249,557.9839,82.53143,,8.232993,12.843704,4.139568,1.9514052,1,26.0
2023-02-01,western_greece,38.27738372492163,21.58238824372249,35.814285,77.58878,,6.4802904,11.780958,1.4679147,1.8156296,1,26.0
2023-03-01,western_greece,38.27738372492163,21.58238824372249,174.60968,77.73872,,10.191572,14.940605,4.9207597,2.181922,1,26.0
2023-04-01,western_greece,38.27738372492163,21.58238824372249,197.87334,76.6625,,11.547529,16.274752,6.5628586,2.1687994,1,26.0
2023-05-01,western_greece,38.27738372492163,21.58238824372249,223.6871,78.6278,,15.7877445,20.592165,10.685265,2.1881793,1,26.0
2023-06-01,western_greece,38.27738372492163,21.58238824372249,52.636665,67.83415,,21.114998,26.436213,15.519337,1.925113,1,26.0
2023-07-01,western_greece,38.27738372492163,21.58238824372249,0.0,63.398396,,25.639084,31.971157,18.817001,1.9246966,1,26.0
2023-08-01,western_greece,38.27738372492163,21.58238824372249,20.16129,67.87229,,24.277315,30.625492,18.066484,1.9151394,1,26.0
2023-09-01,western_greece,38.27738372492163,21.58238824372249,161.80667,73.62298,,20.7565,26.653246,15.680116,1.7246722,1,26.0
2023-10-01,western_greece,38.27738372492163,21.58238824372249,78.56129,72.03635,,18.335953,23.994219,13.194237,2.091908,1,26.0
2023-11-01,western_greece,38.27738372492163,21.58238824372249,562.0233,75.903854,,13.737342,18.655758,9.131712,2.1708047,1,26.0
2023-12-01,western_greece,38.27738372492163,21.58238824372249,114.55162,76.296104,,9.718945,14.667886,5.6694117,1.7225423,1,26.0
2024-01-01,western_greece,38.27738372492163,21.58238824372249,233.64194,72.118355,,7.7694473,12.437481,3.4383268,1.7293029,1,26.0
2024-02-01,western_greece,38.27738372492163,21.58238824372249,317.9793,72.61662,,9.587124,14.773241,4.7444882,2.07187,1,26.0
2024-03-01,western_greece,38.27738372492163,21.58238824372249,235.61612,73.75557,,10.92273,16.155539,6.013898,2.214546,1,26.0
2024-04-01,western_greece,38.27738372492163,21.58238824372249,72.98334,67.282104,,14.427033,21.104475,8.443802,2.226952,1,26.0
2024-05-01,western_greece,38.27738372492163,21.58238824372249,52.564514,72.61331,,17.171467,23.063957,11.543813,2.2267659,1,26.0
2024-06-01,western_greece,38.27738372492163,21.58238824372249,0.0,61.77087,,24.150982,31.281937,17.505,2.268404,1,26.0
2024-07-01,western_greece,38.27738372492163,21.58238824372249,1.1741936,,,26.48032,33.29922,19.933907,2.013018,1,26.0
2024-08-01,western_greece,38.27738372492163,21.58238824372249,48.748386,61.09208,,26.15815,32.502323,20.076424,1.8282968,1,26.0
2024-09-01,western_greece,38.27738372492163,21.58238824372249,263.34332,,,21.386606,26.413044,16.553928,1.8014265,1,26.0
2024-10-01,western_greece,38.27738372492163,21.58238824372249,74.78064,81.899704,,16.932268,22.848295,11.04349,2.0140731,1,26.0
2024-11-01,western_greece,38.27738372492163,21.58238824372249,502.97668,72.69827,,11.853938,17.176203,6.747856,1.7282513,1,59.0
2024-12-01,western_greece,38.27738372492163,21.58238824372249,479.96774,,,8.837657,13.162749,4.6784797,1.8523756,1,220.0
2000-01-01,peloponnese,37.34999056126232,22.46614492538619,106.8742,68.650375,94.75056,2.46716,7.331787,-1.7826059,1.6238245,0,0.0
2000-02-01,peloponnese,37.34999056126232,22.46614492538619,380.5724,73.56421,125.41712,5.65206,10.022785,1.6124723,2.1439283,0,0.0
2000-03-01,peloponnese,37.34999056126232,22.46614492538619,80.3871,69.1277,192.3814,7.992781,13.734589,1.9352708,2.098874,0,0.0
2000-04-01,peloponnese,37.34999056126232,22.46614492538619,89.66,73.52031,206.24467,12.352741,17.692623,6.4098997,2.4728737,0,0.0
2000-05-01,peloponnese,37.34999056126232,22.46614492538619,54.258068,66.67151,254.54884,16.030716,21.499195,8.5868,2.2603374,0,0.0
2000-06-01,peloponnese,37.34999056126232,22.46614492538619,2.2933335,59.496746,283.28586,20.806318,26.23891,12.087178,2.4403813,0,0.0
2000-07-01,peloponnese,37.34999056126232,22.46614492538619,0.0,59.399345,316.62216,24.302553,30.643179,14.763991,2.5677185,0,0.0
2000-08-01,peloponnese,37.34999056126232,22.46614492538619,0.0,55.773796,268.73456,22.817574,28.826921,14.483529,2.4898734,0,0.0
2000-09-01,peloponnese,37.34999056126232,22.46614492538619,20.716667,62.827396,206.78497,18.022863,24.387718,10.966041,2.2336643,0,0.0
2000-10-01,peloponnese,37.34999056126232,22.46614492538619,270.89355,72.865746,146.07983,13.785627,19.095465,8.751421,2.1228273,0,0.0
2000-11-01,peloponnese,37.34999056126232,22.46614492538619,438.68335,81.91506,104.248825,12.168384,18.62001,6.6959653,2.0756207,0,0.0
2000-12-01,peloponnese,37.34999056126232,22.46614492538619,499.9452,75.80329,86.27121,7.1935587,12.501189,2.7645075,2.470681,0,0.0
2001-01-01,peloponnese,37.34999056126232,22.46614492538619,382.94516,77.47498,83.41089,6.757758,10.881855,2.918834,2.2323675,0,0.0
2001-02-01,peloponnese,37.34999056126232,22.46614492538619,360.21783,72.151985,129.0606,7.3862343,12.261216,3.0145216,2.295483,0,0.0
2001-03-01,peloponnese,37.34999056126232,22.46614492538619,133.28387,71.0205,181.10649,13.213447,19.039104,7.3722873,2.4087813,0,0.0
2001-04-01,peloponnese,37.34999056126232,22.46614492538619,441.2367,68.49957,219.0857,11.268128,16.210678,5.761723,2.7091088,0,0.0
2001-05-01,peloponnese,37.34999056126232,22.46614492538619,114.95807,66.102356,239.8041,17.070864,22.631401,10.3626,2.4983468,0,0.0
2001-06-01,peloponnese,37.34999056126232,22.46614492538619,17.036667,59.440144,303.14987,21.92882,27.624432,13.253716,2.9061043,0,0.0
2001-07-01,peloponnese,37.34999056126232,22.46614492538619,1.1258065,59.886986,289.61816,24.869413,30.831224,16.256376,2.745625,0,0.0
2001-08-01,peloponnese,37.34999056126232,22.46614492538619,21.716131,60.72348,264.63013,24.040794,30.398169,16.475586,2.5609088,0,0.0
2001-09-01,peloponnese,37.34999056126232,22.46614492538619,51.053337,63.545547,238.23703,20.04795,26.46571,12.54228,2.7336254,0,0.0
2001-10-01,peloponnese,37.34999056126232,22.46614492538619,26.445162,63.672947,162.11226,15.492254,21.902485,8.6209545,2.6316192,0,0.0
2001-11-01,peloponnese,37.34999056126232,22.46614492538619,702.63336,78.24604,95.280396,8.122451,13.170943,3.73924,2.6119215,0,0.0
2001-12-01,peloponnese,37.34999056126232,22.46614492538619,625.4839,76.31104,63.360497,3.9170415,7.3493333,0.6748956,2.6608856,0,0.0
2002-01-01,peloponnese,37.34999056126232,22.46614492538619,211.38387,76.38693,99.70027,4.129258,9.512011,-0.6602635,2.4017162,0,0.0
2002-02-01,peloponnese,37.34999056126232,22.46614492538619,47.385715,74.56828,133.58755,8.27391,13.783205,2.6516783,2.222178,0,0.0
2002-03-01,peloponnese,37.34999056126232,22.46614492538619,352.2097,72.03391,169.16583,8.049612,13.398497,2.5486717,2.252572,0,0.0
2002-04-01,peloponnese,37.34999056126232,22.46614492538619,173.94667,74.07337,204.08638,10.436755,15.328736,4.68064,2.3019345,0,0.0
2002-05-01,peloponnese,37.34999056126232,22.46614492538619,26.6,61.12001,257.7347,16.886555,22.222404,9.657376,2.6765695,0,0.0
2002-06-01,peloponnese,37.34999056126232,22.46614492538619,0.0,49.52465,276.969,21.720505,26.981014,14.060167,2.606891,0,0.0
2002-07-01,peloponnese,37.34999056126232,22.46614492538619,163.0484,61.264973,274.60312,24.437004,30.33706,16.2942,2.3911743,0,0.0
2002-08-01,peloponnese,37.34999056126232,22.46614492538619,162.41614,62.531704,257.427,22.490849,28.427588,15.222851,2.6509824,0,0.0
2002-09-01,peloponnese,37.34999056126232,22.46614492538619,271.29004,72.99783,189.76927,17.58645,23.172417,12.110704,1.9409238,0,0.0
2002-10-01,peloponnese,37.34999056126232,22.46614492538619,254.20969,72.195335,152.66412,15.362319,21.268028,9.436858,2.2113008,0,0.0
2002-11-01,peloponnese,37.34999056126232,22.46614492538619,509.06,82.66768,100.74432,12.292156,17.34528,7.693333,1.973804,0,0.0
2002-12-01,peloponnese,37.34999056126232,22.46614492538619,853.12585,83.468575,62.60811,7.569896,10.882846,4.387411,2.2852836,0,0.0
2003-01-01,peloponnese,37.34999056126232,22.46614492538619,693.32263,77.99375,83.83543,8.592184,12.02694,5.1205773,2.4145436,0,0.0
2003-02-01,peloponnese,37.34999056126232,22.46614492538619,586.225,75.02046,112.95093,2.9569044,6.266165,-0.21569332,2.7182658,0,0.0
2003-03-01,peloponnese,37.34999056126232,22.46614492538619,284.82257,72.42844,176.6092,6.545361,11.446325,1.2852119,2.2345138,0,0.0
2003-04-01,peloponnese,37.34999056126232,22.46614492538619,241.83667,73.47268,210.35187,10.7435875,14.85777,5.8734465,2.3602004,0,0.0
2003-05-01,peloponnese,37.34999056126232,22.46614492538619,131.02258,60.9009,259.98175,18.851933,24.11696,11.629704,2.2723382,0,0.0
2003-06-01,peloponnese,37.34999056126232,22.46614492538619,38.473335,52.815125,283.03043,23.489523,28.526073,16.384106,2.2954423,0,0.0
2003-07-01,peloponnese,37.34999056126232,22.46614492538619,0.0,52.956276,309.13068,25.387665,30.740435,17.582657,2.2852583,0,0.0
2003-08-01,peloponnese,37.34999056126232,22.46614492538619,51.92903,54.374886,264.8658,25.317757,30.871832,17.839474,2.262064,0,0.0
2003-09-01,peloponnese,37.34999056126232,22.46614492538619,5.336667,63.35271,209.36086,20.144258,25.231834,13.473888,2.2425795,0,0.0
2003-10-01,peloponnese,37.34999056126232,22.46614492538619,308.6226,68.146935,134.96008,17.288769,22.256886,11.696803,2.3453784,0,0.0
2003-11-01,peloponnese,37.34999056126232,22.46614492538619,143.83667,81.72139,104.24582,12.017985,16.4343,7.830908,2.0384881,0,0.0
2003-12-01,peloponnese,37.34999056126232,22.46614492538619,565.4387,79.22408,76.184364,7.2729645,11.547096,3.2230065,2.341807,0,0.0
2004-01-01,peloponnese,37.34999056126232,22.46614492538619,530.7677,78.77447,77.07235,5.343624,9.268798,1.2552351,2.4428356,0,0.0
2004-02-01,peloponnese,37.34999056126232,22.46614492538619,79.4931,72.82987,125.12024,6.8658733,11.949838,1.9326842,2.1774666,0,0.0
2004-03-01,peloponnese,37.34999056126232,22.46614492538619,175.76129,75.66564,169.64688,9.020649,13.397971,4.5164285,2.3038328,0,0.0
2004-04-01,peloponnese,37.34999056126232,22.46614492538619,144.92667,72.04656,179.73946,12.129323,16.69642,7.3081365,2.6373334,0,0.0
2004-05-01,peloponnese,37.34999056126232,22.46614492538619,66.68064,68.139465,268.88712,15.504534,20.51528,9.355298,2.5861058,0,0.0
2004-06-01,peloponnese,37.34999056126232,22.46614492538619,52.7,59.154884,285.79633,21.566286,26.489944,14.213706,2.5187821,0,0.0
2004-07-01,peloponnese,37.34999056126232,22.46614492538619,7.5290318,51.05194,290.48138,24.50229,29.635714,17.39394,2.4205904,0,0.0
2004-08-01,peloponnese,37.34999056126232,22.46614492538619,1.3225806,64.00679,273.07034,23.93826,29.7423,16.310295,2.3727007,0,0.0
2004-09-01,peloponnese,37.34999056126232,22.46614492538619,86.80334,65.76409,216.78236,20.077492,25.525263,13.8555355,2.1575687,0,0.0
2004-10-01,peloponnese,37.34999056126232,22.46614492538619,124.770966,74.07105,155.93697,17.424393,23.145197,11.725323,2.1765168,0,0.0
2004-11-01,peloponnese,37.34999056126232,22.46614492538619,258.84,71.529015,93.410355,11.402327,16.128345,6.950828,2.1810849,0,0.0
2004-12-01,peloponnese,37.34999056126232,22.46614492538619,505.7,78.59373,71.57622,8.668282,12.665992,4.9347816,2.3232849,0,0.0
2005-01-01,peloponnese,37.34999056126232,22.46614492538619,130.3613,67.855034,90.403435,6.535526,10.728035,2.550565,1.9923148,0,0.0
2005-02-01,peloponnese,37.34999056126232,22.46614492538619,436.81787,71.887924,117.723366,5.124034,9.14697,1.5330743,2.5491173,0,0.0
2005-03-01,peloponnese,37.34999056126232,22.46614492538619,156.62903,71.95297,185.75723,9.265847,13.666608,4.5567174,2.0992703,0,0.0
2005-04-01,peloponnese,37.34999056126232,22.46614492538619,19.486668,62.4795,234.14413,11.520344,16.215677,6.155113,2.5094967,0,0.0
2005-05-01,peloponnese,37.34999056126232,22.46614492538619,30.829033,64.999084,254.77922,16.62065,21.820377,11.016133,2.5073285,0,0.0
2005-06-01,peloponnese,37.34999056126232,22.46614492538619,0.0,61.40688,288.6812,19.855312,24.521896,14.030053,2.4985533,0,0.0
2005-07-01,peloponnese,37.34999056126232,22.46614492538619,0.0,61.10662,303.7929,23.681519,28.554611,17.813696,2.3739867,0,0.0
2005-08-01,peloponnese,37.34999056126232,22.46614492538619,0.0,67.728325,272.85272,23.497236,28.377329,17.723198,2.4515202,0,0.0
2005-09-01,peloponnese,37.34999056126232,22.46614492538619,70.14667,65.688,200.17386,20.174294,24.85335,15.615794,2.0603528,0,0.0
2005-10-01,peloponnese,37.34999056126232,22.46614492538619,61.841934,69.53856,149.44614,15.004911,19.621147,10.666418,2.3921041,0,0.0
2005-11-01,peloponnese,37.34999056126232,22.46614492538619,302.03668,67.71826,116.879875,10.507069,14.875099,6.3142004,2.1962264,0,0.0
2005-12-01,peloponnese,37.34999056126232,22.46614492538619,161.85484,75.251236,72.431694,8.456486,12.613365,4.296019,2.2205272,0,0.0
2006-01-01,peloponnese,37.34999056126232,22.46614492538619,339.82904,71.06003,93.802345,4.8779187,8.923551,1.3564641,2.2277524,0,0.0
2006-02-01,peloponnese,37.34999056126232,22.46614492538619,200.58572,75.19973,115.197205,6.897257,10.948004,2.9213653,2.2104108,0,0.0
2006-03-01,peloponnese,37.34999056126232,22.46614492538619,124.05484,69.686325,165.36656,9.139924,13.181785,4.9543767,2.445678,0,0.0
2006-04-01,peloponnese,37.34999056126232,22.46614492538619,76.596664,68.64676,204.61977,12.551167,17.173174,8.143064,2.2475076,0,0.0
2006-05-01,peloponnese,37.34999056126232,22.46614492538619,0.0,66.62615,278.43628,16.56979,21.546816,10.925481,2.5013218,0,0.0
2006-06-01,peloponnese,37.34999056126232,22.46614492538619,0.0,62.300938,287.2355,21.249994,25.753576,15.425165,2.5406294,0,0.0
2006-07-01,peloponnese,37.34999056126232,22.46614492538619,0.0,62.03698,275.4851,22.904037,27.309072,17.864614,2.4178348,0,0.0
2006-08-01,peloponnese,37.34999056126232,22.46614492538619,0.0,53.80267,291.2058,24.606995,29.79851,18.936127,2.5566223,0,0.0
2006-09-01,peloponnese,37.34999056126232,22.46614492538619,131.35,61.559715,213.4484,20.078892,24.604637,15.366372,2.059427,0,0.0
2006-10-01,peloponnese,37.34999056126232,22.46614492538619,31.803226,74.16655,147.34663,15.95263,19.998756,12.242478,2.3472698,0,0.0
2006-11-01,peloponnese,37.34999056126232,22.46614492538619,3.1866665,73.25829,113.68108,10.074988,15.441145,5.120346,2.3473659,0,0.0
2006-12-01,peloponnese,37.34999056126232,22.46614492538619,78.758064,71.79001,82.037224,8.014592,13.266908,3.8439806,1.9686315,0,0.0
2007-01-01,peloponnese,37.34999056126232,22.46614492538619,11.077419,70.05409,112.01678,8.008969,13.26467,3.0197492,1.7135842,0,0.0
2007-02-01,peloponnese,37.34999056126232,22.46614492538619,135.84286,75.09383,105.167534,7.377957,11.35444,3.1308565,2.297682,0,0.0
2007-03-01,peloponnese,37.34999056126232,22.46614492538619,132.00645,68.9913,165.33055,9.7082815,14.295975,4.926981,2.599783,0,0.0
2007-04-01,peloponnese,37.34999056126232,22.46614492538619,31.086668,67.381096,239.28426,12.330747,17.21741,6.984958,2.0297515,0,0.0
2007-05-01,peloponnese,37.34999056126232,22.46614492538619,99.399994,67.01333,229.72417,17.195023,22.324312,11.468811,2.4788764,0,0.0
2007-06-01,peloponnese,37.34999056126232,22.46614492538619,30.046667,59.552387,294.7609,22.437181,27.462114,16.114906,2.38144,0,0.0
2007-07-01,peloponnese,37.34999056126232,22.46614492538619,0.0,46.062542,304.88284,24.628496,29.956724,18.024788,2.4770248,0,0.0
2007-08-01,peloponnese,37.34999056126232,22.46614492538619,0.0,55.07747,285.91342,23.94759,29.175903,17.844925,2.4823234,0,0.0
2007-09-01,peloponnese,37.34999056126232,22.46614492538619,0.0,61.197983,211.86281,19.269533,24.537193,13.6701355,2.2958279,0,0.0
2007-10-01,peloponnese,37.34999056126232,22.46614492538619,269.1516,65.70793,139.9142,15.945437,20.871971,11.215808,1.8483322,0,0.0
2007-11-01,peloponnese,37.34999056126232,22.46614492538619,154.74667,73.479385,89.42263,11.05537,15.595544,7.177091,2.1214728,0,0.0
2007-12-01,peloponnese,37.34999056126232,22.46614492538619,209.43227,75.89099,75.93914,6.725182,11.210416,3.0890112,2.0102801,0,0.0
2008-01-01,peloponnese,37.34999056126232,22.46614492538619,55.83548,77.18342,84.39562,6.599243,11.38171,2.2867088,1.4819249,0,0.0
2008-02-01,peloponnese,37.34999056126232,22.46614492538619,38.32069,71.64064,126.97994,6.159603,10.966256,1.5866283,1.8436399,0,0.0
2008-03-01,peloponnese,37.34999056126232,22.46614492538619,64.17097,68.73726,179.95349,9.990389,14.799712,5.4632025,2.3302932,0,0.0
2008-04-01,peloponnese,37.34999056126232,22.46614492538619,292.22,71.52095,216.2003,12.139168,17.532661,7.3806534,2.080954,0,0.0
2008-05-01,peloponnese,37.34999056126232,22.46614492538619,14.906451,66.368904,270.05426,16.289759,21.763453,10.3338995,2.1856818,0,0.0
2008-06-01,peloponnese,37.34999056126232,22.46614492538619,0.10666667,65.2163,296.76462,21.771183,27.028414,15.398913,2.1896558,0,0.0
2008-07-01,peloponnese,37.34999056126232,22.46614492538619,0.0,61.53837,334.35593,23.78711,28.979502,17.691957,2.3040586,0,0.0
2008-08-01,peloponnese,37.34999056126232,22.46614492538619,0.0,59.082756,290.28738,24.00053,29.673943,17.809637,2.154849,0,0.0
2008-09-01,peloponnese,37.34999056126232,22.46614492538619,52.84667,63.910053,208.3367,19.122143,24.391949,13.938685,1.8859323,0,0.0
2008-10-01,peloponnese,37.34999056126232,22.46614492538619,10.867741,73.1363,160.13115,15.342542,20.326675,10.697175,1.8136094,0,0.0
2008-11-01,peloponnese,37.34999056126232,22.46614492538619,370.51337,76.06157,100.3269,12.153488,17.2098,8.210577,1.9767799,0,0.0
2008-12-01,peloponnese,37.34999056126232,22.46614492538619,328.15485,71.66809,79.541115,8.046378,12.226223,4.5213614,2.1395087,0,0.0
2009-01-01,peloponnese,37.34999056126232,22.46614492538619,595.6581,80.16252,73.57032,8.4452915,12.143004,5.124862,2.0740986,0,0.0
2009-02-01,peloponnese,37.34999056126232,22.46614492538619,296.7857,68.183304,116.90363,6.25091,10.541006,2.2479503,2.2240617,0,0.0
2009-03-01,peloponnese,37.34999056126232,22.46614492538619,257.05484,71.575005,168.97615,7.7916236,12.682162,2.8141387,2.1649988,0,0.0
2009-04-01,peloponnese,37.34999056126232,22.46614492538619,87.33,74.4729,192.25803,12.067337,17.215004,7.64974,1.843769,0,0.0
2009-05-01,peloponnese,37.34999056126232,22.46614492538619,0.0,69.67316,266.32883,16.798132,22.136362,11.027239,2.249654,0,0.0
2009-06-01,peloponnese,37.34999056126232,22.46614492538619,3.7633333,63.06083,313.11783,21.213934,26.526989,14.4442625,2.3034468,0,0.0
2009-07-01,peloponnese,37.34999056126232,22.46614492538619,0.0,57.43849,317.88077,23.696152,28.876322,17.584917,2.3609784,0,0.0
2009-08-01,peloponnese,37.34999056126232,22.46614492538619,0.0,62.3245,255.53175,23.378601,28.30557,17.641626,2.2068162,0,0.0
2009-09-01,peloponnese,37.34999056126232,22.46614492538619,69.78999,69.01937,195.63637,19.275747,23.855337,14.940219,2.0412028,0,0.0
2009-10-01,peloponnese,37.34999056126232,22.46614492538619,472.09357,71.5213,141.20258,15.647987,20.519547,11.132053,1.9868667,0,0.0
2009-11-01,peloponnese,37.34999056126232,22.46614492538619,224.21335,76.33422,111.776794,11.511074,16.70371,7.023383,2.0901916,0,0.0
2009-12-01,peloponnese,37.34999056126232,22.46614492538619,123.78065,79.16491,69.30874,9.996491,14.30189,6.139768,2.2251422,0,0.0
2010-01-01,peloponnese,37.34999056126232,22.46614492538619,181.3613,65.005165,78.03017,7.6724644,11.127158,4.4845076,2.1105483,0,0.0
2010-02-01,peloponnese,37.34999056126232,22.46614492538619,253.78929,73.59471,122.02714,8.592448,13.043336,4.168394,2.4529526,0,0.0
2010-03-01,peloponnese,37.34999056126232,22.46614492538619,17.293549,67.96877,164.9819,9.6911955,14.527083,5.2041407,2.1634617,0,0.0
2010-04-01,peloponnese,37.34999056126232,22.46614492538619,0.0,69.263855,212.54056,12.441546,18.11496,6.5205555,2.1442766,0,0.0
2010-05-01,peloponnese,37.34999056126232,22.46614492538619,84.822586,63.806408,260.13593,16.678198,22.35198,10.5874195,2.4124014,0,0.0
2010-06-01,peloponnese,37.34999056126232,22.46614492538619,19.426668,66.31159,261.15573,20.50815,25.515781,14.899705,2.4529216,0,0.0
2010-07-01,peloponnese,37.34999056126232,22.46614492538619,0.0,62.378178,272.97992,24.074171,28.583685,17.767408,2.3946087,0,0.0
2010-08-01,peloponnese,37.34999056126232,22.46614492538619,0.0,54.34334,273.40097,25.568981,30.482779,18.7313,2.3428376,0,0.0
2010-09-01,peloponnese,37.34999056126232,22.46614492538619,26.36,,206.49077,20.143456,25.143427,15.114637,2.1279628,0,0.0
2010-10-01,peloponnese,37.34999056126232,22.46614492538619,493.8387,,125.32866,15.311106,19.960537,11.324823,2.0310943,0,0.0
2010-11-01,peloponnese,37.34999056126232,22.46614492538619,5.866667,,106.40267,14.503181,19.088491,9.78105,2.1406796,0,0.0
2010-12-01,peloponnese,37.34999056126232,22.46614492538619,74.31613,68.0721,64.425804,9.750647,13.976671,5.412671,2.123597,0,0.0
2011-01-01,peloponnese,37.34999056126232,22.46614492538619,178.84193,,101.284615,7.1852183,11.760041,2.7869534,1.8212838,0,0.0
2011-02-01,peloponnese,37.34999056126232,22.46614492538619,170.54286,,120.736,7.748193,12.396267,3.332096,2.0675445,0,0.0
2011-03-01,peloponnese,37.34999056126232,22.46614492538619,55.61613,,154.34616,8.28357,12.879265,3.83148,2.0599682,0,0.0
2011-04-01,peloponnese,37.34999056126232,22.46614492538619,142.14667,,219.13106,11.309284,15.731094,6.586191,2.2212045,0,0.0
2011-05-01,peloponnese,37.34999056126232,22.46614492538619,31.5871,,188.13333,15.223704,20.337921,9.64616,2.3899896,0,0.0
2011-06-01,peloponnese,37.34999056126232,22.46614492538619,0.5866667,,250.74667,20.276499,25.819492,14.280032,2.2899628,0,0.0
2011-07-01,peloponnese,37.34999056126232,22.46614492538619,0.0,,310.15485,23.76226,29.902855,17.13098,2.3217163,0,0.0
2011-08-01,peloponnese,37.34999056126232,22.46614492538619,0.0,,271.9643,23.445425,29.000683,18.353525,2.3356082,0,0.0
2011-09-01,peloponnese,37.34999056126232,22.46614492538619,44.993332,,214.6,21.561516,27.061651,15.775739,1.95705,0,0.0
2011-10-01,peloponnese,37.34999056126232,22.46614492538619,518.30005,,147.608,14.17022,18.65932,9.159105,2.0180435,0,0.0
2011-11-01,peloponnese,37.34999056126232,22.46614492538619,0.0,,107.14075,9.714765,14.761441,4.9496446,1.9089152,0,0.0
2011-12-01,peloponnese,37.34999056126232,22.46614492538619,391.75485,,107.85,8.077331,12.720571,3.8854902,1.9304892,0,0.0
2012-01-01,peloponnese,37.34999056126232,22.46614492538619,78.07097,,,4.347953,9.001436,-0.07266704,1.5588614,0,0.0
2012-02-01,peloponnese,37.34999056126232,22.46614492538619,324.9483,,109.41667,6.005145,9.7391205,2.345319,2.2245343,0,0.0
2012-03-01,peloponnese,37.34999056126232,22.46614492538619,3.7354836,,193.45715,9.010152,14.112044,3.497491,2.001461,0,0.0
2012-04-01,peloponnese,37.34999056126232,22.46614492538619,43.333336,,227.73569,12.835802,17.637726,7.2219863,2.5719454,0,0.0
2012-05-01,peloponnese,37.34999056126232,22.46614492538619,37.51613,,241.07144,16.820276,22.081001,10.714729,2.3938308,0,0.0
2012-06-01,peloponnese,37.34999056126232,22.46614492538619,0.0,,321.53336,22.801598,28.402609,15.402283,2.5241241,0,0.0
2012-07-01,peloponnese,37.34999056126232,22.46614492538619,0.0,,300.77933,25.88182,31.475336,18.762993,2.3824098,0,0.0
2012-08-01,peloponnese,37.34999056126232,22.46614492538619,0.0,,288.09677,25.234114,31.181793,18.242367,2.3567889,0,0.0
2012-09-01,peloponnese,37.34999056126232,22.46614492538619,112.25667,,218.14072,21.220442,26.463469,15.3661585,2.1395533,0,0.0
2012-10-01,peloponnese,37.34999056126232,22.46614492538619,8.758064,,146.57242,18.187778,23.303854,12.858437,2.2128189,0,0.0
2012-11-01,peloponnese,37.34999056126232,22.46614492538619,94.41333,,102.5,13.558093,18.14358,9.247972,2.0980392,0,0.0
2012-12-01,peloponnese,37.34999056126232,22.46614492538619,186.77098,,78.62069,7.998034,12.741495,4.0058193,1.9319925,0,0.0
2013-01-01,peloponnese,37.34999056126232,22.46614492538619,318.51935,,87.85926,7.307269,11.813933,3.1061604,2.1126714,0,0.0
2013-02-01,peloponnese,37.34999056126232,22.46614492538619,397.225,,117.00832,8.314807,12.481616,4.2327237,2.3262162,0,0.0
2013-03-01,peloponnese,37.34999056126232,22.46614492538619,89.0,,173.456,9.901825,14.814153,5.0138474,2.201988,0,0.0
2013-04-01,peloponnese,37.34999056126232,22.46614492538619,9.446668,,251.74814,13.177532,18.924213,6.8980937,2.2265556,0,0.0
2013-05-01,peloponnese,37.34999056126232,22.46614492538619,16.896774,,241.42667,18.397627,24.03496,12.293059,2.3459811,0,0.0
2013-06-01,peloponnese,37.34999056126232,22.46614492538619,2.7833333,,265.5357,20.973719,26.671886,14.8969345,2.4819171,0,0.0
2013-07-01,peloponnese,37.34999056126232,22.46614492538619,0.0,,280.1667,23.316017,28.660099,16.886898,2.2015939,0,0.0
2013-08-01,peloponnese,37.34999056126232,22.46614492538619,0.0,,277.79288,24.118538,30.068716,17.924944,2.3887265,0,0.0
2013-09-01,peloponnese,37.34999056126232,22.46614492538619,0.0,,216.03447,20.473618,26.36353,14.601475,1.998867,0,0.0
2013-10-01,peloponnese,37.34999056126232,22.46614492538619,66.68387,,155.15834,15.864251,21.374596,10.596626,2.0286274,0,0.0
2013-11-01,peloponnese,37.34999056126232,22.46614492538619,386.84003,,92.715385,12.426553,17.03773,8.377254,2.2009609,0,0.0
2013-12-01,peloponnese,37.34999056126232,22.46614492538619,169.20001,,89.13913,7.622707,12.879558,3.3560932,1.8830655,0,0.0
2014-01-01,peloponnese,37.34999056126232,22.46614492538619,130.47096,,76.881485,8.812355,13.465228,4.680563,2.112408,0,0.0
2014-02-01,peloponnese,37.34999056126232,22.46614492538619,130.5,,101.8,8.905882,13.544206,4.6031957,2.0992718,0,0.0
2014-03-01,peloponnese,37.34999056126232,22.46614492538619,262.94516,,148.04349,9.454964,14.563206,4.7175474,2.0015454,0,0.0
2014-04-01,peloponnese,37.34999056126232,22.46614492538619,25.433334,,185.62068,12.1123705,17.536655,6.5918474,2.0327754,0,0.0
2014-05-01,peloponnese,37.34999056126232,22.46614492538619,0.0,,250.02579,15.83151,21.614689,9.60876,2.1592643,0,0.0
2014-06-01,peloponnese,37.34999056126232,22.46614492538619,0.0,,249.91428,20.459959,26.441141,14.267666,2.2675622,1,47.0
2014-07-01,peloponnese,37.34999056126232,22.46614492538619,2.6870968,,226.78462,22.861721,28.918556,16.674404,2.0509822,1,934.0
2014-08-01,peloponnese,37.34999056126232,22.46614492538619,2.1225805,,258.7806,23.526983,30.220081,17.36043,2.1710098,1,1774.0
2014-09-01,peloponnese,37.34999056126232,22.46614492538619,346.84003,,,20.068232,25.541231,14.97449,1.8051918,1,2256.0
2014-10-01,peloponnese,37.34999056126232,22.46614492538619,525.4613,,,15.350862,20.473345,10.792327,1.8398755,1,3230.0
2014-11-01,peloponnese,37.34999056126232,22.46614492538619,290.77332,,,12.009163,16.86642,7.798822,1.7522635,1,3688.0
2014-12-01,peloponnese,37.34999056126232,22.46614492538619,742.45807,,,9.272688,14.037687,4.949005,1.815486,0,0.0
2015-01-01,peloponnese,37.34999056126232,22.46614492538619,400.4839,,,6.5652943,11.615164,2.0969365,1.8537929,0,0.0
2015-02-01,peloponnese,37.34999056126232,22.46614492538619,597.5429,,,6.0258117,10.428459,1.657388,2.3421311,0,0.0
2015-03-01,peloponnese,37.34999056126232,22.46614492538619,444.3258,,,8.616467,13.183746,4.3255677,1.8879442,0,0.0
2015-04-01,peloponnese,37.34999056126232,22.46614492538619,41.966667,,,11.327305,17.104324,5.27583,2.1007907,0,0.0
2015-05-01,peloponnese,37.34999056126232,22.46614492538619,92.04194,,,16.770014,23.095911,10.358431,2.330877,0,0.0
2015-06-01,peloponnese,37.34999056126232,22.46614492538619,72.27334,,,19.631594,25.286121,13.677165,1.9553007,0,0.0
2015-07-01,peloponnese,37.34999056126232,22.46614492538619,25.574192,,,23.945974,29.978193,17.581514,1.8494749,0,0.0
2015-08-01,peloponnese,37.34999056126232,22.46614492538619,45.080647,,,23.607014,29.587706,18.232672,2.0081742,0,0.0
2015-09-01,peloponnese,37.34999056126232,22.46614492538619,284.43,,,21.08408,27.077356,15.900108,1.6936731,0,0.0
2015-10-01,peloponnese,37.34999056126232,22.46614492538619,419.771,,,16.487686,21.327295,12.271401,1.9511236,0,0.0
2015-11-01,peloponnese,37.34999056126232,22.46614492538619,375.66,,,12.5653715,18.747911,7.4384766,1.8540195,0,0.0
2015-12-01,peloponnese,37.34999056126232,22.46614492538619,40.729034,,,7.472452,13.969272,2.6209042,1.2732195,0,0.0
2016-01-01,peloponnese,37.34999056126232,22.46614492538619,422.21936,,,7.4137545,12.357097,2.9582374,1.9561564,0,0.0
2016-02-01,peloponnese,37.34999056126232,22.46614492538619,92.510345,,,10.2086525,15.457767,5.031271,2.0025535,0,0.0
2016-03-01,peloponnese,37.34999056126232,22.46614492538619,351.70966,,,9.454592,14.097766,4.495423,2.0294096,0,0.0
2016-04-01,peloponnese,37.34999056126232,22.46614492538619,5.883334,,,14.433802,20.741379,7.921479,2.0538604,0,0.0
2016-05-01,peloponnese,37.34999056126232,22.46614492538619,117.52258,,,15.854661,21.589064,9.977741,2.3261878,0,0.0
2016-06-01,peloponnese,37.34999056126232,22.46614492538619,143.63333,,,21.853975,27.887383,15.917653,2.329059,0,0.0
2016-07-01,peloponnese,37.34999056126232,22.46614492538619,0.0,,,24.086746,29.522133,18.141289,2.1513493,0,0.0
2016-08-01,peloponnese,37.34999056126232,22.46614492538619,7.5903225,,,23.890318,29.450974,18.03848,2.3254795,0,0.0
2016-09-01,peloponnese,37.34999056126232,22.46614492538619,539.4267,,,20.099241,25.236465,15.342491,2.0891306,0,0.0
2016-10-01,peloponnese,37.34999056126232,22.46614492538619,366.45483,,,16.214119,21.468657,11.423512,1.9624287,0,0.0
2016-11-01,peloponnese,37.34999056126232,22.46614492538619,516.0567,,,11.732771,16.967329,7.4773507,1.9823245,0,0.0
2016-12-01,peloponnese,37.34999056126232,22.46614492538619,96.95484,,,6.0618505,11.069675,1.6611532,1.770122,0,0.0
2017-01-01,peloponnese,37.34999056126232,22.46614492538619,598.0548,,,4.6697807,8.966088,0.73736876,2.0864685,0,0.0
2017-02-01,peloponnese,37.34999056126232,22.46614492538619,168.23572,,,8.35791,13.376347,3.7701209,2.0480742,0,0.0
2017-03-01,peloponnese,37.34999056126232,22.46614492538619,196.47421,,,9.768446,15.33695,4.3208456,2.134847,0,0.0
2017-04-01,peloponnese,37.34999056126232,22.46614492538619,19.256666,,,11.895149,17.807508,5.5354705,2.3145576,0,0.0
2017-05-01,peloponnese,37.34999056126232,22.46614492538619,124.825806,,,16.81168,22.629593,10.623554,2.4252076,0,0.0
2017-06-01,peloponnese,37.34999056126232,22.46614492538619,71.39,,,21.58515,27.78104,14.774845,2.1898975,0,0.0
2017-07-01,peloponnese,37.34999056126232,22.46614492538619,126.48711,,,23.954548,30.16578,17.319712,2.4053423,0,0.0
2017-08-01,peloponnese,37.34999056126232,22.46614492538619,1.2806451,,,23.824085,30.216005,17.889935,2.4794834,0,0.0
2017-09-01,peloponnese,37.34999056126232,22.46614492538619,36.406666,,,20.183771,26.49362,14.172154,2.1115336,0,0.0
2017-10-01,peloponnese,37.34999056126232,22.46614492538619,82.75162,,,14.990872,21.15754,9.474297,1.7869849,0,0.0
2017-11-01,peloponnese,37.34999056126232,22.46614492538619,693.73,,,11.028122,16.193604,6.7868733,1.9047384,0,0.0
2017-12-01,peloponnese,37.34999056126232,22.46614492538619,436.54193,,,8.006838,12.947226,3.7871177,2.1721926,0,0.0
2018-01-01,peloponnese,37.34999056126232,22.46614492538619,418.44196,,,7.5475183,12.49618,3.2526858,2.2678263,0,0.0
2018-02-01,peloponnese,37.34999056126232,22.46614492538619,787.6464,,,8.507533,12.424976,4.2230415,2.0279293,0,0.0
2018-03-01,peloponnese,37.34999056126232,22.46614492538619,132.60645,,,10.846274,15.8665695,5.5275726,2.4367006,0,0.0
2018-04-01,peloponnese,37.34999056126232,22.46614492538619,20.386667,,,14.809554,21.561808,8.13359,2.2091415,0,0.0
2018-05-01,peloponnese,37.34999056126232,22.46614492538619,137.7742,,,18.427847,24.078432,13.015949,2.3283575,0,0.0
2018-06-01,peloponnese,37.34999056126232,22.46614492538619,347.47333,,,21.23103,26.883244,15.351526,2.2148604,0,0.0
2018-07-01,peloponnese,37.34999056126232,22.46614492538619,6.345161,,,23.6023,29.672941,17.554237,2.1874275,0,0.0
2018-08-01,peloponnese,37.34999056126232,22.46614492538619,30.703226,,,23.418116,29.067593,17.777395,2.259245,0,0.0
2018-09-01,peloponnese,37.34999056126232,22.46614492538619,243.23666,,,20.881104,25.88566,15.853726,2.1506927,0,0.0
2018-10-01,peloponnese,37.34999056126232,22.46614492538619,84.64194,,,16.054163,21.190693,11.74276,2.186757,0,0.0
2018-11-01,peloponnese,37.34999056126232,22.46614492538619,564.4867,,,12.296739,17.105944,8.130847,2.0833812,0,0.0
2018-12-01,peloponnese,37.34999056126232,22.46614492538619,476.72256,,,7.4586167,12.224014,2.8008645,1.9741367,0,0.0
2019-01-01,peloponnese,37.34999056126232,22.46614492538619,1136.013,,,5.501792,9.577271,1.5697533,2.3339193,0,0.0
2019-02-01,peloponnese,37.34999056126232,22.46614492538619,301.4107,,,7.3790197,11.864113,3.1227312,2.1150908,0,0.0
2019-03-01,peloponnese,37.34999056126232,22.46614492538619,163.84515,,,9.324961,14.865774,3.8702338,1.970002,0,0.0
2019-04-01,peloponnese,37.34999056126232,22.46614492538619,465.61002,,,11.396833,16.406933,6.3301263,2.174292,0,0.0
2019-05-01,peloponnese,37.34999056126232,22.46614492538619,52.719353,,,14.9575,20.780066,8.992385,2.457491,0,0.0
2019-06-01,peloponnese,37.34999056126232,22.46614492538619,1.72,,,21.890839,27.698606,15.718262,2.275523,0,0.0
2019-07-01,peloponnese,37.34999056126232,22.46614492538619,73.20968,,,23.684374,29.46885,17.239271,2.1303415,0,0.0
2019-08-01,peloponnese,37.34999056126232,22.46614492538619,0.0,,,24.400173,30.272417,18.157099,2.1593695,0,0.0
2019-09-01,peloponnese,37.34999056126232,22.46614492538619,68.05666,,,20.70614,26.392546,15.483927,2.1249628,0,0.0
2019-10-01,peloponnese,37.34999056126232,22.46614492538619,83.01613,,,17.284155,23.221464,12.217284,1.9959286,0,0.0
2019-11-01,peloponnese,37.34999056126232,22.46614492538619,895.6067,,,13.625846,18.514732,9.002217,2.1933203,0,0.0
2019-12-01,peloponnese,37.34999056126232,22.46614492538619,623.1936,,,9.079568,13.6509075,5.178484,2.1890976,0,0.0
2020-01-01,peloponnese,37.34999056126232,22.46614492538619,91.548386,,,5.9759855,11.444468,1.2244781,1.9729623,0,0.0
2020-02-01,peloponnese,37.34999056126232,22.46614492538619,191.2276,,,7.7461977,12.800122,2.490674,2.1148772,0,0.0
2020-03-01,peloponnese,37.34999056126232,22.46614492538619,245.8613,,,9.198475,14.6101265,3.6103456,2.1267445,0,0.0
2020-04-01,peloponnese,37.34999056126232,22.46614492538619,179.68335,,,11.266877,16.77921,5.8745227,2.0870042,0,0.0
2020-05-01,peloponnese,37.34999056126232,22.46614492538619,41.54516,,,16.754234,23.580914,9.894275,2.227124,0,0.0
2020-06-01,peloponnese,37.34999056126232,22.46614492538619,0.0,,,19.926815,25.824644,13.731969,2.488083,0,0.0
2020-07-01,peloponnese,37.34999056126232,22.46614492538619,41.109676,,,23.6929,29.467602,17.500301,2.026285,0,0.0
2020-08-01,peloponnese,37.34999056126232,22.46614492538619,0.45483872,,,23.865932,29.813808,17.82435,2.2498968,0,0.0
2020-09-01,peloponnese,37.34999056126232,22.46614492538619,269.11667,,,21.329279,27.018934,16.062742,2.097063,0,0.0
2020-10-01,peloponnese,37.34999056126232,22.46614492538619,275.0645,,,16.632454,22.54505,11.145519,2.2028167,1,4.0
2020-11-01,peloponnese,37.34999056126232,22.46614492538619,40.106667,,,11.866921,17.255932,7.4635377,1.6825511,1,10.0
2020-12-01,peloponnese,37.34999056126232,22.46614492538619,746.85486,,,9.695086,14.126194,5.8747478,1.9745584,1,333.0
2021-01-01,peloponnese,37.34999056126232,22.46614492538619,509.4871,,,8.143097,12.488766,3.6993842,2.2018828,1,367.0
2021-02-01,peloponnese,37.34999056126232,22.46614492538619,175.06071,,,8.158505,13.69933,3.3016737,1.9953454,1,367.0
2021-03-01,peloponnese,37.34999056126232,22.46614492538619,130.14194,,,8.298539,13.495921,3.1754522,1.8803372,1,367.0
2021-04-01,peloponnese,37.34999056126232,22.46614492538619,46.7,,,11.594402,17.403536,5.505636,2.0745358,1,367.0
2021-05-01,peloponnese,37.34999056126232,22.46614492538619,0.5967742,,,17.77842,24.418386,10.609568,2.4392009,1,367.0
2021-06-01,peloponnese,37.34999056126232,22.46614492538619,58.239998,,,20.778114,26.832924,14.018884,2.327721,1,367.0
2021-07-01,peloponnese,37.34999056126232,22.46614492538619,0.0,,,24.922274,30.920504,18.704195,2.3232026,1,367.0
2021-08-01,peloponnese,37.34999056126232,22.46614492538619,0.0,,,25.17716,31.740044,18.538044,2.2949061,1,367.0
2021-09-01,peloponnese,37.34999056126232,22.46614492538619,47.163334,,,20.134787,25.917015,14.612973,2.0298321,1,367.0
2021-10-01,peloponnese,37.34999056126232,22.46614492538619,742.74194,,,14.675486,19.564804,10.721622,2.0056124,1,367.0
2021-11-01,peloponnese,37.34999056126232,22.46614492538619,437.11334,,,12.539342,17.486212,8.278575,2.0948737,1,367.0
2021-12-01,peloponnese,37.34999056126232,22.46614492538619,369.5645,74.975395,,8.024401,12.378532,3.7072506,2.1444993,1,367.0
2022-01-01,peloponnese,37.34999056126232,22.46614492538619,283.2742,72.13343,,5.419399,10.123434,0.8995847,1.674088,1,367.0
2022-02-01,peloponnese,37.34999056126232,22.46614492538619,355.5107,75.19329,,7.117336,12.350841,2.1245332,1.9059525,1,367.0
2022-03-01,peloponnese,37.34999056126232,22.46614492538619,250.72581,63.46456,,6.221469,10.703094,1.7276407,2.2803476,1,367.0
2022-04-01,peloponnese,37.34999056126232,22.46614492538619,101.81334,,,12.61751,18.008938,6.880813,2.3634443,1,367.0
2022-05-01,peloponnese,37.34999056126232,22.46614492538619,54.616127,,,16.922167,22.673548,10.42689,2.4190361,1,367.0
2022-06-01,peloponnese,37.34999056126232,22.46614492538619,30.513334,,,22.452145,28.21982,16.649452,2.5247471,1,367.0
2022-07-01,peloponnese,37.34999056126232,22.46614492538619,44.458065,59.382324,,24.218765,29.93893,17.77503,2.2398777,1,367.0
2022-08-01,peloponnese,37.34999056126232,22.46614492538619,15.751614,63.5439,,23.917347,29.633884,18.357702,2.4480436,1,367.0
2022-09-01,peloponnese,37.34999056126232,22.46614492538619,48.333336,,,20.211391,25.872065,14.673241,2.1529107,1,367.0
2022-10-01,peloponnese,37.34999056126232,22.46614492538619,120.77742,,,16.467524,21.830482,11.287214,2.1981676,1,367.0
2022-11-01,peloponnese,37.34999056126232,22.46614492538619,644.86334,,,12.562296,17.654537,7.962867,2.2823877,1,367.0
2022-12-01,peloponnese,37.34999056126232,22.46614492538619,329.87097,,,10.744878,15.559061,6.5800276,1.7973055,1,367.0
2023-01-01,peloponnese,37.34999056126232,22.46614492538619,496.11935,,,8.271038,13.180097,4.1630845,2.1002362,1,367.0
2023-02-01,peloponnese,37.34999056126232,22.46614492538619,123.12858,,,6.35964,11.328919,1.5820961,2.1237814,1,367.0
2023-03-01,peloponnese,37.34999056126232,22.46614492538619,189.37419,,,10.078768,15.011444,4.9733624,2.208735,1,367.0
2023-04-01,peloponnese,37.34999056126232,22.46614492538619,190.1,,,11.214405,16.314312,6.050606,2.2717514,1,367.0
2023-05-01,peloponnese,37.34999056126232,22.46614492538619,195.40323,,,15.340803,20.332594,10.253843,2.3244212,1,367.0
2023-06-01,peloponnese,37.34999056126232,22.46614492538619,67.11333,,,20.586731,26.01313,14.948801,2.1004226,1,367.0
2023-07-01,peloponnese,37.34999056126232,22.46614492538619,0.0,,,25.855137,32.464504,19.156609,2.18261,1,367.0
2023-08-01,peloponnese,37.34999056126232,22.46614492538619,6.13871,,,24.199512,30.338009,18.432518,2.2966707,1,367.0
2023-09-01,peloponnese,37.34999056126232,22.46614492538619,241.12334,,,20.605318,26.09564,15.768232,2.082438,1,367.0
2023-10-01,peloponnese,37.34999056126232,22.46614492538619,93.29032,,,17.836065,23.559742,13.006586,2.374946,1,367.0
2023-11-01,peloponnese,37.34999056126232,22.46614492538619,575.60333,,,13.696026,19.126915,8.739342,2.2139497,1,367.0
2023-12-01,peloponnese,37.34999056126232,22.46614492538619,179.70969,,,9.847864,15.232661,5.57475,1.9523783,1,367.0
2024-01-01,peloponnese,37.34999056126232,22.46614492538619,403.1387,,,8.135681,12.74348,3.9904952,1.775486,1,367.0
2024-02-01,peloponnese,37.34999056126232,22.46614492538619,253.01724,,,9.609041,14.502231,5.066917,2.3087265,1,367.0
2024-03-01,peloponnese,37.34999056126232,22.46614492538619,279.2613,,,10.851389,16.08947,5.977577,2.3774214,1,367.0
2024-04-01,peloponnese,37.34999056126232,22.46614492538619,88.55667,,,14.505623,20.80088,9.178518,2.4971743,1,367.0
2024-05-01,peloponnese,37.34999056126232,22.46614492538619,83.90645,,,16.836136,22.476368,11.747928,2.3797576,1,367.0
2024-06-01,peloponnese,37.34999056126232,22.46614492538619,0.0,,,23.959671,31.091393,17.772768,2.4791765,1,367.0
2024-07-01,peloponnese,37.34999056126232,22.46614492538619,2.5903225,,,26.054102,32.626503,20.155506,2.1667364,1,367.0
2024-08-01,peloponnese,37.34999056126232,22.46614492538619,81.061295,,,25.816914,31.568283,20.531544,2.3899407,1,367.0
2024-09-01,peloponnese,37.34999056126232,22.46614492538619,223.99,,,21.400694,26.416262,16.75229,2.0655706,1,367.0
2024-10-01,peloponnese,37.34999056126232,22.46614492538619,16.632257,,,17.617094,22.892683,12.471072,2.3300462,1,367.0
2024-11-01,peloponnese,37.34999056126232,22.46614492538619,470.39667,,,12.720822,17.61813,7.9951787,1.8420588,1,367.0
2024-12-01,peloponnese,37.34999056126232,22.46614492538619,600.49036,,,9.396715,13.592451,5.507398,1.8754227,1,367.0
2000-01-01,attica,37.862078850821256,23.618180920134183,11.980646,62.798008,86.30254,5.7217264,9.01461,2.4603703,2.4856079,0,0.0
2000-02-01,attica,37.862078850821256,23.618180920134183,28.013794,66.02464,125.97502,8.380811,12.042921,4.836602,2.8191066,0,0.0
2000-03-01,attica,37.862078850821256,23.618180920134183,8.806452,63.724724,185.92404,10.240398,14.713491,5.345512,2.665062,0,0.0
2000-04-01,attica,37.862078850821256,23.618180920134183,8.526667,66.2848,202.1159,15.47559,19.786528,10.786146,2.8723161,0,0.0
2000-05-01,attica,37.862078850821256,23.618180920134183,2.6516128,54.85538,261.1163,19.701366,24.42463,14.164298,2.8651445,0,0.0
2000-06-01,attica,37.862078850821256,23.618180920134183,5.846667,43.92859,289.56503,24.183882,28.987782,17.996902,3.3530939,0,0.0
2000-07-01,attica,37.862078850821256,23.618180920134183,0.0,47.958836,323.45493,27.762741,33.128036,21.222807,3.1511579,0,0.0
2000-08-01,attica,37.862078850821256,23.618180920134183,0.0,40.903076,271.16983,26.244791,30.998337,21.034363,3.7455585,0,0.0
2000-09-01,attica,37.862078850821256,23.618180920134183,0.59000003,54.23883,207.03238,22.247164,27.064283,17.43688,2.8704102,0,0.0
2000-10-01,attica,37.862078850821256,23.618180920134183,15.474194,65.8022,140.231,16.882921,20.898434,12.969411,2.8170059,0,0.0
2000-11-01,attica,37.862078850821256,23.618180920134183,96.44333,77.916824,102.937096,15.252832,19.540804,11.393912,2.2385128,0,0.0
2000-12-01,attica,37.862078850821256,23.618180920134183,38.26129,71.67736,80.48234,10.715465,14.332145,7.4308443,2.8255498,0,0.0
2001-01-01,attica,37.862078850821256,23.618180920134183,43.57097,75.695145,80.19407,9.726622,12.806877,6.7852464,2.6797187,0,0.0
2001-02-01,attica,37.862078850821256,23.618180920134183,41.653572,68.49756,123.32258,9.6987915,13.606765,5.8749366,2.838956,0,0.0
2001-03-01,attica,37.862078850821256,23.618180920134183,7.874193,65.77767,181.79918,14.842685,19.285757,10.373909,2.85531,0,0.0
2001-04-01,attica,37.862078850821256,23.618180920134183,48.783337,63.29393,217.55055,14.32949,18.472538,9.86148,3.2846491,0,0.0
2001-05-01,attica,37.862078850821256,23.618180920134183,2.6225805,55.987442,248.1146,19.40074,23.962837,14.249677,3.3150456,0,0.0
2001-06-01,attica,37.862078850821256,23.618180920134183,1.1800001,46.783024,309.15323,24.332804,29.245087,18.37706,3.5980768,0,0.0
2001-07-01,attica,37.862078850821256,23.618180920134183,6.309677,49.11011,290.9401,27.968632,32.80125,22.214518,3.550554,0,0.0
2001-08-01,attica,37.862078850821256,23.618180920134183,1.2032259,48.478558,262.47903,27.318405,31.992468,22.293379,3.7313898,0,0.0
2001-09-01,attica,37.862078850821256,23.618180920134183,0.4166667,56.873215,240.15244,23.626547,28.502243,18.22105,3.439094,0,0.0
2001-10-01,attica,37.862078850821256,23.618180920134183,0.0,57.314728,158.93419,18.910843,23.312399,14.396402,3.6914887,0,0.0
2001-11-01,attica,37.862078850821256,23.618180920134183,122.033325,74.142395,86.61939,12.175529,15.863511,8.737226,3.34388,0,0.0
2001-12-01,attica,37.862078850821256,23.618180920134183,93.40323,75.85677,58.09202,6.455493,8.737504,3.9459865,3.52091,0,0.0
2002-01-01,attica,37.862078850821256,23.618180920134183,31.958065,76.01495,89.21052,6.433681,10.075967,3.1780264,3.2187593,0,0.0
2002-02-01,attica,37.862078850821256,23.618180920134183,12.95,71.55028,128.5288,10.657625,14.921366,6.5231934,2.6835072,0,0.0
2002-03-01,attica,37.862078850821256,23.618180920134183,52.374195,70.977165,161.93129,11.162865,15.127108,7.3010526,2.7985606,0,0.0
2002-04-01,attica,37.862078850821256,23.618180920134183,26.240002,70.55094,203.60365,13.120539,16.77159,9.026568,2.6347263,0,0.0
2002-05-01,attica,37.862078850821256,23.618180920134183,1.0612903,56.4646,263.19547,18.900162,23.322855,13.502904,2.959148,0,0.0
2002-06-01,attica,37.862078850821256,23.618180920134183,0.0,45.86752,284.45392,24.550528,28.565216,19.288559,3.2668207,0,0.0
2002-07-01,attica,37.862078850821256,23.618180920134183,20.812902,52.120083,284.1124,27.362843,31.828814,21.726053,2.956369,0,0.0
2002-08-01,attica,37.862078850821256,23.618180920134183,25.848389,54.702423,264.71463,25.617788,30.179667,20.801773,3.5100496,0,0.0
2002-09-01,attica,37.862078850821256,23.618180920134183,83.03333,70.95132,195.44194,21.214804,25.43894,17.068146,2.4733503,0,0.0
2002-10-01,attica,37.862078850821256,23.618180920134183,38.941936,68.806755,151.69795,17.866915,22.029753,13.460825,2.964276,0,0.0
2002-11-01,attica,37.862078850821256,23.618180920134183,131.79333,80.032776,97.66283,14.148795,18.110813,10.451158,2.5462565,0,0.0
2002-12-01,attica,37.862078850821256,23.618180920134183,205.57419,79.890526,53.39448,8.979867,11.792732,6.149943,3.1630273,0,0.0
2003-01-01,attica,37.862078850821256,23.618180920134183,70.006454,76.14717,75.302704,10.306205,13.35462,7.2495627,3.3083293,0,0.0
2003-02-01,attica,37.862078850821256,23.618180920134183,102.29643,74.09618,100.58113,4.331271,6.882384,1.8632458,3.7955768,0,0.0
2003-03-01,attica,37.862078850821256,23.618180920134183,25.487097,67.560295,171.7416,8.120891,12.035437,3.9815369,2.9240859,0,0.0
2003-04-01,attica,37.862078850821256,23.618180920134183,40.77667,67.94738,212.6844,12.180824,15.521283,8.038892,2.9396749,0,0.0
2003-05-01,attica,37.862078850821256,23.618180920134183,12.72258,55.96872,262.20334,20.845728,25.3993,14.863814,3.0905128,0,0.0
2003-06-01,attica,37.862078850821256,23.618180920134183,0.0,46.088257,293.1197,25.775423,29.821497,19.559668,3.348299,0,0.0
2003-07-01,attica,37.862078850821256,23.618180920134183,0.0,47.827934,315.5964,27.340645,31.446936,21.527742,3.2698011,0,0.0
2003-08-01,attica,37.862078850821256,23.618180920134183,0.0,47.150124,268.57013,27.621044,31.908064,21.871016,3.4566004,0,0.0
2003-09-01,attica,37.862078850821256,23.618180920134183,0.64,57.15787,206.3258,21.874569,25.9104,17.125187,3.44147,0,0.0
2003-10-01,attica,37.862078850821256,23.618180920134183,29.10645,64.341255,133.33165,19.112665,23.266298,14.721603,3.115219,0,0.0
2003-11-01,attica,37.862078850821256,23.618180920134183,31.233334,77.44147,96.26375,13.87545,17.147598,10.90551,2.6636152,0,0.0
2003-12-01,attica,37.862078850821256,23.618180920134183,107.29355,77.15323,68.486786,9.187162,12.209439,6.250683,3.4531922,0,0.0
2004-01-01,attica,37.862078850821256,23.618180920134183,139.44518,76.84651,72.30739,6.810199,10.3045635,2.9933872,3.7485194,0,0.0
2004-02-01,attica,37.862078850821256,23.618180920134183,24.548275,69.70575,118.69855,8.02786,12.357646,3.59643,3.1504595,0,0.0
2004-03-01,attica,37.862078850821256,23.618180920134183,13.935484,68.75983,165.54756,10.580247,14.318908,6.4927797,3.6147723,0,0.0
2004-04-01,attica,37.862078850821256,23.618180920134183,10.9800005,65.5379,180.38971,13.640401,17.779245,9.196422,3.3270428,0,0.0
2004-05-01,attica,37.862078850821256,23.618180920134183,5.987097,60.609276,274.56555,17.349592,21.959686,12.197903,3.5719934,0,0.0
2004-06-01,attica,37.862078850821256,23.618180920134183,0.0,54.808014,293.542,23.318743,28.15987,17.40496,3.0932648,0,0.0
2004-07-01,attica,37.862078850821256,23.618180920134183,0.15483871,45.547775,300.55173,25.98605,30.50059,20.645073,3.9997432,0,0.0
2004-08-01,attica,37.862078850821256,23.618180920134183,0.0,55.032715,278.33713,25.39181,30.591366,19.530483,3.3509843,0,0.0
2004-09-01,attica,37.862078850821256,23.618180920134183,6.5299997,61.18375,214.67351,21.68997,26.182531,16.755775,3.8219056,0,0.0
2004-10-01,attica,37.862078850821256,23.618180920134183,6.316129,71.200264,152.6868,18.856535,23.27498,14.407164,2.8854342,0,0.0
2004-11-01,attica,37.862078850821256,23.618180920134183,34.489998,70.216675,84.3865,13.329196,17.107315,9.55351,3.2288804,0,0.0
2004-12-01,attica,37.862078850821256,23.618180920134183,83.506454,76.37999,61.02598,10.421964,13.878709,6.9138613,3.1905956,0,0.0
2005-01-01,attica,37.862078850821256,23.618180920134183,25.709679,68.97602,79.69105,8.042922,11.743644,3.7322485,3.1847394,0,0.0
2005-02-01,attica,37.862078850821256,23.618180920134183,58.314285,71.140724,111.48724,6.846617,10.278865,3.290399,3.8169506,0,0.0
2005-03-01,attica,37.862078850821256,23.618180920134183,9.738709,71.13006,186.07332,10.508415,14.683766,5.742097,3.0346234,0,0.0
2005-04-01,attica,37.862078850821256,23.618180920134183,0.0,60.840706,226.99353,13.276372,18.009647,7.82696,3.554034,0,0.0
2005-05-01,attica,37.862078850821256,23.618180920134183,6.7999997,63.5434,263.14508,18.625134,23.554506,13.224819,3.1881886,0,0.0
2005-06-01,attica,37.862078850821256,23.618180920134183,0.0,59.851547,301.2598,22.100874,26.905058,16.36997,3.3728974,0,0.0
2005-07-01,attica,37.862078850821256,23.618180920134183,0.0,60.66306,308.0957,25.990654,30.594353,20.736507,3.2586434,0,0.0
2005-08-01,attica,37.862078850821256,23.618180920134183,0.0,64.65213,275.51883,25.960693,30.619421,20.707048,3.34641,0,0.0
2005-09-01,attica,37.862078850821256,23.618180920134183,19.836666,62.827984,202.36433,21.710823,26.127657,17.235912,2.7874446,0,0.0
2005-10-01,attica,37.862078850821256,23.618180920134183,6.3999996,68.019135,149.12625,15.939848,20.059286,11.688358,3.4221752,0,0.0
2005-11-01,attica,37.862078850821256,23.618180920134183,86.240005,67.18098,102.6045,11.628107,15.492421,7.499872,3.1197004,0,0.0
2005-12-01,attica,37.862078850821256,23.618180920134183,14.861291,73.89122,67.12715,9.932201,13.54296,5.6852655,3.592862,0,0.0
2006-01-01,attica,37.862078850821256,23.618180920134183,53.36129,68.77412,78.63265,5.4198294,8.751603,2.1781876,3.6200414,0,0.0
2006-02-01,attica,37.862078850821256,23.618180920134183,19.55,73.42087,106.531265,7.7968483,11.635042,3.6108718,3.3810441,0,0.0
2006-03-01,attica,37.862078850821256,23.618180920134183,31.651615,67.27117,169.31682,10.528898,14.563386,6.0230074,3.0253432,0,0.0
2006-04-01,attica,37.862078850821256,23.618180920134183,22.01,66.75752,205.55473,14.271108,18.9045,9.671372,2.9636323,0,0.0
2006-05-01,attica,37.862078850821256,23.618180920134183,0.0,64.914024,280.80673,18.576044,23.6185,12.629667,3.206104,0,0.0
2006-06-01,attica,37.862078850821256,23.618180920134183,0.16333334,61.710995,296.35904,23.31398,27.93547,17.926216,3.3041625,0,0.0
2006-07-01,attica,37.862078850821256,23.618180920134183,0.33548388,59.75878,286.23923,24.990501,29.056034,20.582714,4.318999,0,0.0
2006-08-01,attica,37.862078850821256,23.618180920134183,0.0,51.43685,296.38385,27.177057,32.324432,21.466612,3.457651,0,0.0
2006-09-01,attica,37.862078850821256,23.618180920134183,4.37,59.44378,213.81853,21.370968,25.592482,16.920675,3.263752,0,0.0
2006-10-01,attica,37.862078850821256,23.618180920134183,44.690323,72.16277,146.0436,17.078604,20.544193,13.686651,3.302721,0,0.0
2006-11-01,attica,37.862078850821256,23.618180920134183,10.653334,70.98544,108.50301,11.293294,15.965332,6.769951,2.943906,0,0.0
2006-12-01,attica,37.862078850821256,23.618180920134183,10.429032,72.623856,73.166985,8.5818405,12.728966,4.7956448,2.559876,0,0.0
2007-01-01,attica,37.862078850821256,23.618180920134183,0.0,65.72993,105.1652,9.502181,14.428747,4.1616035,2.6461205,0,0.0
2007-02-01,attica,37.862078850821256,23.618180920134183,24.464287,71.83427,102.051025,8.460042,12.034076,4.381187,2.890339,0,0.0
2007-03-01,attica,37.862078850821256,23.618180920134183,6.948387,64.87221,166.02896,10.908131,15.000341,6.426869,3.4292305,0,0.0
2007-04-01,attica,37.862078850821256,23.618180920134183,0.12666667,65.37692,234.78735,13.721676,18.531384,8.146263,2.8851964,0,0.0
2007-05-01,attica,37.862078850821256,23.618180920134183,34.712902,64.224594,232.4962,19.192875,24.07758,13.782628,2.9988997,0,0.0
2007-06-01,attica,37.862078850821256,23.618180920134183,5.996667,57.37557,301.4399,24.86441,30.000687,18.593039,2.8686152,0,0.0
2007-07-01,attica,37.862078850821256,23.618180920134183,0.0,43.538185,309.8942,27.52944,32.42789,21.66742,3.8511415,0,0.0
2007-08-01,attica,37.862078850821256,23.618180920134183,0.0,53.372704,287.2157,26.62405,31.520918,20.93164,3.5002398,0,0.0
2007-09-01,attica,37.862078850821256,23.618180920134183,0.0,58.171066,213.50903,21.497282,26.548264,16.197098,3.3578975,0,0.0
2007-10-01,attica,37.862078850821256,23.618180920134183,45.79032,63.92183,134.69193,17.65422,22.054487,13.232143,3.0003972,0,0.0
2007-11-01,attica,37.862078850821256,23.618180920134183,10.400001,70.059044,86.03254,12.54299,16.259314,8.813607,3.0328631,0,0.0
2007-12-01,attica,37.862078850821256,23.618180920134183,27.3,74.61048,67.70227,8.146404,11.599942,4.73037,3.1689742,0,0.0
2008-01-01,attica,37.862078850821256,23.618180920134183,3.0064514,75.82606,76.80419,7.1880646,11.379601,2.7888803,2.5999339,0,0.0
2008-02-01,attica,37.862078850821256,23.618180920134183,7.5931034,68.003746,120.40394,6.940294,11.569756,2.154787,2.9958441,0,0.0
2008-03-01,attica,37.862078850821256,23.618180920134183,4.970968,65.0265,175.54845,12.2975235,16.781261,7.746517,3.0214639,0,0.0
2008-04-01,attica,37.862078850821256,23.618180920134183,36.266666,68.759735,222.0764,14.488853,19.245893,9.789725,2.7585042,0,0.0
2008-05-01,attica,37.862078850821256,23.618180920134183,0.37741935,64.03077,278.30658,18.451744,23.898018,12.190873,2.7036226,0,0.0
2008-06-01,attica,37.862078850821256,23.618180920134183,0.0,63.26132,306.91782,24.364487,29.318363,18.38505,3.2753673,0,0.0
2008-07-01,attica,37.862078850821256,23.618180920134183,0.0,58.29858,347.37808,26.332941,31.220016,20.742496,3.4138708,0,0.0
2008-08-01,attica,37.862078850821256,23.618180920134183,0.0,56.821587,292.40424,26.595081,31.512817,21.42329,3.846956,0,0.0
2008-09-01,attica,37.862078850821256,23.618180920134183,6.01,60.123028,208.57803,21.301638,25.996803,16.415295,2.6878974,0,0.0
2008-10-01,attica,37.862078850821256,23.618180920134183,0.10645161,70.00987,156.13573,17.423185,21.782116,13.077239,2.863631,0,0.0
2008-11-01,attica,37.862078850821256,23.618180920134183,21.626667,72.54315,95.24744,13.793724,18.02846,9.772744,2.3816838,0,0.0
2008-12-01,attica,37.862078850821256,23.618180920134183,29.309679,67.88033,73.85083,9.813576,13.04036,6.388216,2.9902315,0,0.0
2009-01-01,attica,37.862078850821256,23.618180920134183,56.56774,79.394585,67.78769,9.593369,12.799336,6.1442313,2.7449791,0,0.0
2009-02-01,attica,37.862078850821256,23.618180920134183,41.49286,64.5773,113.04077,8.082952,11.426261,4.065609,3.1114833,0,0.0
2009-03-01,attica,37.862078850821256,23.618180920134183,32.041935,67.251816,168.21272,9.867666,14.456736,4.933956,2.811381,0,0.0
2009-04-01,attica,37.862078850821256,23.618180920134183,5.42,73.204575,198.33655,13.414166,18.183617,8.5938225,2.5622478,0,0.0
2009-05-01,attica,37.862078850821256,23.618180920134183,0.0,68.01095,273.30188,19.0342,24.238045,13.178017,3.2051363,0,0.0
2009-06-01,attica,37.862078850821256,23.618180920134183,0.0,61.071,323.1611,23.71698,28.950674,16.79443,3.1132052,0,0.0
2009-07-01,attica,37.862078850821256,23.618180920134183,0.0,55.348087,332.07587,26.49552,31.218811,21.178339,3.4150786,0,0.0
2009-08-01,attica,37.862078850821256,23.618180920134183,0.0,58.625004,259.06302,25.501604,29.940245,20.569477,4.033838,0,0.0
2009-09-01,attica,37.862078850821256,23.618180920134183,13.736666,65.68317,200.48405,20.859715,25.04542,16.783276,3.2021794,0,0.0
2009-10-01,attica,37.862078850821256,23.618180920134183,61.293552,69.76669,138.14583,17.639534,21.853386,13.298415,2.8866663,0,0.0
2009-11-01,attica,37.862078850821256,23.618180920134183,18.053333,75.171555,106.20493,13.135578,18.143932,8.211774,2.4409144,0,0.0
2009-12-01,attica,37.862078850821256,23.618180920134183,29.209679,78.24652,65.881836,11.741205,15.501583,7.8911853,2.9445906,0,0.0
2010-01-01,attica,37.862078850821256,23.618180920134183,25.935484,66.28044,71.51872,9.052799,11.936593,5.9783773,3.584673,0,0.0
2010-02-01,attica,37.862078850821256,23.618180920134183,79.71429,73.45009,121.33598,10.294075,14.491511,5.405315,3.3780859,0,0.0
2010-03-01,attica,37.862078850821256,23.618180920134183,8.209677,67.444145,162.47719,11.220597,15.735208,6.355256,3.1390734,0,0.0
2010-04-01,attica,37.862078850821256,23.618180920134183,0.0,68.81292,216.73117,14.467892,19.581078,8.868245,3.2159314,0,0.0
2010-05-01,attica,37.862078850821256,23.618180920134183,13.583871,63.443398,270.95743,19.381071,24.947294,13.044326,2.8038461,0,0.0
2010-06-01,attica,37.862078850821256,23.618180920134183,4.546667,66.4981,273.93695,23.26143,28.04038,17.792707,2.9689827,0,0.0
2010-07-01,attica,37.862078850821256,23.618180920134183,0.0,62.479774,281.9046,26.389591,30.984106,20.99556,3.2331016,0,0.0
2010-08-01,attica,37.862078850821256,23.618180920134183,0.0,54.685566,276.861,27.908728,32.820606,22.065958,3.4425225,0,0.0
2010-09-01,attica,37.862078850821256,23.618180920134183,4.22,,208.61897,22.236225,26.887781,17.346472,3.090487,0,0.0
2010-10-01,attica,37.862078850821256,23.618180920134183,68.46774,,122.24943,16.53405,20.524572,12.806186,2.894061,0,0.0
2010-11-01,attica,37.862078850821256,23.618180920134183,0.0,,106.520226,15.860822,20.259665,11.441765,2.95253,0,0.0
2010-12-01,attica,37.862078850821256,23.618180920134183,12.445161,67.09734,68.064514,11.061403,14.8240595,6.889659,3.0346236,0,0.0
2011-01-01,attica,37.862078850821256,23.618180920134183,41.467743,,,8.139365,12.171157,4.237865,2.3714724,0,0.0
2011-02-01,attica,37.862078850821256,23.618180920134183,26.485714,,,8.58065,12.328046,4.7185926,3.1604028,0,0.0
2011-03-01,attica,37.862078850821256,23.618180920134183,5.7548385,,,9.4643545,13.456356,5.377875,3.1427212,0,0.0
2011-04-01,attica,37.862078850821256,23.618180920134183,16.266666,,,12.480284,16.368185,8.0569315,3.483846,0,0.0
2011-05-01,attica,37.862078850821256,23.618180920134183,6.641935,,,17.11849,21.842123,12.048056,3.2457073,0,0.0
2011-06-01,attica,37.862078850821256,23.618180920134183,0.0,,,22.507765,27.683565,16.65545,3.0359828,0,0.0
2011-07-01,attica,37.862078850821256,23.618180920134183,0.0,,,26.738754,31.974049,20.635607,3.2778742,0,0.0
2011-08-01,attica,37.862078850821256,23.618180920134183,0.0,,,25.691488,30.400862,20.84664,3.8744915,0,0.0
2011-09-01,attica,37.862078850821256,23.618180920134183,0.0,,,23.512333,28.441116,18.452099,3.4634447,0,0.0
2011-10-01,attica,37.862078850821256,23.618180920134183,25.919353,,,15.527722,19.356934,11.660209,3.8811083,0,0.0
2011-11-01,attica,37.862078850821256,23.618180920134183,0.0,,,10.126725,13.9837055,6.2649994,3.3282306,0,0.0
2011-12-01,attica,37.862078850821256,23.618180920134183,39.97742,,,9.417713,13.938623,5.0569825,2.7284284,0,0.0
2012-01-01,attica,37.862078850821256,23.618180920134183,9.396774,,,5.482931,9.342125,1.5248103,2.8283043,0,0.0
2012-02-01,attica,37.862078850821256,23.618180920134183,44.365517,,,7.0395427,10.666836,3.3556387,3.1565425,0,0.0
2012-03-01,attica,37.862078850821256,23.618180920134183,0.03548387,,,10.126869,15.0001135,4.8106265,2.7644498,0,0.0
2012-04-01,attica,37.862078850821256,23.618180920134183,5.9433336,,,14.873569,19.628216,9.4558525,3.4687006,0,0.0
2012-05-01,attica,37.862078850821256,23.618180920134183,13.964516,,,18.924202,23.983423,13.491594,2.9718115,0,0.0
2012-06-01,attica,37.862078850821256,23.618180920134183,0.0,,,25.161177,30.360409,18.936108,3.8694103,0,0.0
2012-07-01,attica,37.862078850821256,23.618180920134183,0.0,,,28.161222,33.28274,22.143501,3.5495038,0,0.0
2012-08-01,attica,37.862078850821256,23.618180920134183,0.0,,,27.22531,32.5131,21.571394,3.536046,0,0.0
2012-09-01,attica,37.862078850821256,23.618180920134183,0.0,,,22.959528,27.961243,17.746843,3.2157178,0,0.0
2012-10-01,attica,37.862078850821256,23.618180920134183,0.0,,,19.882912,24.48575,15.19239,3.0255332,0,0.0
2012-11-01,attica,37.862078850821256,23.618180920134183,13.700001,,,14.936393,18.465462,11.428127,3.110812,0,0.0
2012-12-01,attica,37.862078850821256,23.618180920134183,18.635483,,,9.332305,13.446747,5.16092,2.689272,0,0.0
2013-01-01,attica,37.862078850821256,23.618180920134183,36.935486,,,8.68461,12.734734,4.3037667,2.939909,0,0.0
2013-02-01,attica,37.862078850821256,23.618180920134183,50.035713,,,9.982122,13.563403,5.91771,2.9021428,0,0.0
2013-03-01,attica,37.862078850821256,23.618180920134183,13.267742,,,11.644108,15.925474,6.9558063,2.8981636,0,0.0
2013-04-01,attica,37.862078850821256,23.618180920134183,2.7000003,,,15.174559,20.656109,8.908411,2.953325,0,0.0
2013-05-01,attica,37.862078850821256,23.618180920134183,2.2548387,,,20.710018,26.054619,14.706052,3.0097766,0,0.0
2013-06-01,attica,37.862078850821256,23.618180920134183,0.0,,,23.366648,28.575512,17.790783,3.177342,0,0.0
2013-07-01,attica,37.862078850821256,23.618180920134183,0.0,,,25.779173,30.399214,20.274553,3.573465,0,0.0
2013-08-01,attica,37.862078850821256,23.618180920134183,0.0,,,26.501572,31.05109,21.56278,4.0640693,0,0.0
2013-09-01,attica,37.862078850821256,23.618180920134183,0.0,,,22.560863,27.942263,16.549637,2.6285553,0,0.0
2013-10-01,attica,37.862078850821256,23.618180920134183,2.1290321,,,16.981222,22.126308,11.650303,2.8461866,0,0.0
2013-11-01,attica,37.862078850821256,23.618180920134183,25.63,,,13.941275,18.196579,9.849441,2.6951365,0,0.0
2013-12-01,attica,37.862078850821256,23.618180920134183,12.561291,,,8.544517,12.563339,4.5080833,2.8496609,0,0.0
2014-01-01,attica,37.862078850821256,23.618180920134183,13.25484,,,10.231433,14.250312,6.1445823,2.4639204,0,0.0
2014-02-01,attica,37.862078850821256,23.618180920134183,1.7785714,,,10.323696,14.55458,5.854433,2.4503205,0,0.0
2014-03-01,attica,37.862078850821256,23.618180920134183,24.270966,,,11.091565,15.626784,6.5017357,2.900463,0,0.0
2014-04-01,attica,37.862078850821256,23.618180920134183,1.7333335,,,14.017353,19.173882,8.561431,2.6121879,0,0.0
2014-05-01,attica,37.862078850821256,23.618180920134183,0.0,,,18.38258,23.66374,12.69407,3.1040447,0,0.0
2014-06-01,attica,37.862078850821256,23.618180920134183,0.0,,,23.056116,28.49351,17.079578,3.133795,0,0.0
2014-07-01,attica,37.862078850821256,23.618180920134183,0.0,,,25.502068,31.114506,19.460758,2.8509178,0,0.0
2014-08-01,attica,37.862078850821256,23.618180920134183,3.180645,,,26.162094,32.26274,20.119726,3.2092636,1,3.0
2014-09-01,attica,37.862078850821256,23.618180920134183,26.846668,,,21.77104,26.86901,17.051344,2.7375727,1,16.0
2014-10-01,attica,37.862078850821256,23.618180920134183,60.71936,,,17.032665,21.511005,12.611118,3.3303058,1,158.0
2014-11-01,attica,37.862078850821256,23.618180920134183,45.536667,,,13.181656,16.741833,9.616637,2.508222,1,194.0
2014-12-01,attica,37.862078850821256,23.618180920134183,154.4,,,10.399905,14.830986,6.067173,2.5663111,0,0.0
2015-01-01,attica,37.862078850821256,23.618180920134183,49.6,,,7.739212,12.266583,3.2549906,2.9179072,0,0.0
2015-02-01,attica,37.862078850821256,23.618180920134183,68.24643,,,7.6624684,11.46064,3.545704,3.4783702,0,0.0
2015-03-01,attica,37.862078850821256,23.618180920134183,77.341934,,,9.871641,13.663633,5.888624,2.955484,0,0.0
2015-04-01,attica,37.862078850821256,23.618180920134183,7.87,,,13.10595,18.480577,6.9633627,3.0653675,0,0.0
2015-05-01,attica,37.862078850821256,23.618180920134183,9.358065,,,18.95387,24.973064,12.617743,3.02708,0,0.0
2015-06-01,attica,37.862078850821256,23.618180920134183,14.443333,,,21.790773,26.93591,16.191256,3.1121197,0,0.0
2015-07-01,attica,37.862078850821256,23.618180920134183,4.467742,,,26.195625,31.399185,20.235804,3.4469807,0,0.0
2015-08-01,attica,37.862078850821256,23.618180920134183,0.0,,,26.380121,31.264742,21.755587,3.830802,0,0.0
2015-09-01,attica,37.862078850821256,23.618180920134183,41.276665,,,23.240772,28.590372,18.391676,2.9042907,0,0.0
2015-10-01,attica,37.862078850821256,23.618180920134183,103.922585,,,17.40981,21.383093,13.830161,3.4566503,0,0.0
2015-11-01,attica,37.862078850821256,23.618180920134183,31.786667,,,14.078617,19.486069,8.963608,2.7436666,0,0.0
2015-12-01,attica,37.862078850821256,23.618180920134183,0.8645162,,,8.595797,13.96796,3.8126562,2.501497,0,0.0
2016-01-01,attica,37.862078850821256,23.618180920134183,41.129032,,,8.418984,12.772998,3.7929602,2.995376,0,0.0
2016-02-01,attica,37.862078850821256,23.618180920134183,23.406897,,,11.453773,16.817587,6.2893505,2.5611937,0,0.0
2016-03-01,attica,37.862078850821256,23.618180920134183,47.719353,,,11.143179,15.709478,6.364601,2.7853267,0,0.0
2016-04-01,attica,37.862078850821256,23.618180920134183,0.0,,,16.455452,22.724167,9.799196,2.6631708,0,0.0
2016-05-01,attica,37.862078850821256,23.618180920134183,8.635484,,,18.319117,23.968729,12.033329,2.9606616,0,0.0
2016-06-01,attica,37.862078850821256,23.618180920134183,9.700001,,,24.658234,30.392624,18.588587,3.2151966,0,0.0
2016-07-01,attica,37.862078850821256,23.618180920134183,0.0,,,26.63278,31.462137,20.956053,3.7020595,0,0.0
2016-08-01,attica,37.862078850821256,23.618180920134183,0.0,,,26.23404,31.024593,21.116308,4.0784116,0,0.0
2016-09-01,attica,37.862078850821256,23.618180920134183,20.466667,,,21.899036,27.043577,16.925167,3.1710682,0,0.0
2016-10-01,attica,37.862078850821256,23.618180920134183,18.677422,,,17.596584,22.212664,13.232391,3.0395947,0,0.0
2016-11-01,attica,37.862078850821256,23.618180920134183,83.18,,,13.07092,17.507324,8.672088,2.9077778,0,0.0
2016-12-01,attica,37.862078850821256,23.618180920134183,27.50645,,,6.942808,10.874099,2.865759,3.2391891,0,0.0
2017-01-01,attica,37.862078850821256,23.618180920134183,66.838715,,,5.536072,9.300873,1.7346678,3.0811827,0,0.0
2017-02-01,attica,37.862078850821256,23.618180920134183,30.139286,,,9.20978,13.711165,4.8590965,2.9458332,0,0.0
2017-03-01,attica,37.862078850821256,23.618180920134183,54.300003,,,11.487703,16.563416,6.2083015,2.9567907,0,0.0
2017-04-01,attica,37.862078850821256,23.618180920134183,2.98,,,13.936735,19.611824,7.6005096,2.5960515,0,0.0
2017-05-01,attica,37.862078850821256,23.618180920134183,40.474194,,,18.949963,24.189638,13.130731,3.0354095,0,0.0
2017-06-01,attica,37.862078850821256,23.618180920134183,27.703331,,,23.651999,29.399931,17.269096,2.441282,0,0.0
2017-07-01,attica,37.862078850821256,23.618180920134183,9.080645,,,26.660301,31.92762,20.80741,3.734582,0,0.0
2017-08-01,attica,37.862078850821256,23.618180920134183,0.0,,,26.609879,31.291565,21.748964,4.4519105,0,0.0
2017-09-01,attica,37.862078850821256,23.618180920134183,6.6000004,,,22.459538,28.450195,16.452127,2.7192988,0,0.0
2017-10-01,attica,37.862078850821256,23.618180920134183,4.0451612,,,16.72,22.218538,11.351564,2.7029114,0,0.0
2017-11-01,attica,37.862078850821256,23.618180920134183,111.78,,,12.400255,17.18899,7.8363233,2.0922735,0,0.0
2017-12-01,attica,37.862078850821256,23.618180920134183,36.835484,,,9.856508,14.353443,5.3141365,3.074574,0,0.0
2018-01-01,attica,37.862078850821256,23.618180920134183,75.174194,,,8.784753,13.032249,4.70185,2.9459472,0,0.0
2018-02-01,attica,37.862078850821256,23.618180920134183,100.53929,,,10.076596,13.689684,5.8637185,2.7402654,0,0.0
2018-03-01,attica,37.862078850821256,23.618180920134183,1.6774194,,,12.831527,17.377218,7.7313,2.908693,0,0.0
2018-04-01,attica,37.862078850821256,23.618180920134183,1.3433335,,,16.525677,22.841412,9.853157,2.738188,0,0.0
2018-05-01,attica,37.862078850821256,23.618180920134183,40.16774,,,20.537996,25.77387,15.19314,3.1105788,0,0.0
2018-06-01,attica,37.862078850821256,23.618180920134183,16.813335,,,23.675714,28.880686,17.957321,2.869171,0,0.0
2018-07-01,attica,37.862078850821256,23.618180920134183,19.858065,,,26.080767,31.645256,20.114145,2.565393,0,0.0
2018-08-01,attica,37.862078850821256,23.618180920134183,7.625807,,,25.81277,30.443338,20.986574,4.0552273,0,0.0
2018-09-01,attica,37.862078850821256,23.618180920134183,60.323334,,,22.530745,26.84734,18.1259,3.680564,0,0.0
2018-10-01,attica,37.862078850821256,23.618180920134183,32.11613,,,17.20353,21.312124,13.3309,3.3490155,0,0.0
2018-11-01,attica,37.862078850821256,23.618180920134183,68.06333,,,13.5063925,17.243912,9.870754,3.5108118,0,0.0
2018-12-01,attica,37.862078850821256,23.618180920134183,46.319355,,,8.275731,12.2757015,4.1451044,2.5551033,0,0.0
2019-01-01,attica,37.862078850821256,23.618180920134183,142.00322,,,7.0793734,10.911651,3.049715,3.2581885,0,0.0
2019-02-01,attica,37.862078850821256,23.618180920134183,75.05,,,8.239118,12.108214,4.3055253,3.651383,0,0.0
2019-03-01,attica,37.862078850821256,23.618180920134183,24.054838,,,11.195948,16.174088,6.0142026,3.3321834,0,0.0
2019-04-01,attica,37.862078850821256,23.618180920134183,97.87334,,,12.981069,17.570097,7.832,2.9201539,0,0.0
2019-05-01,attica,37.862078850821256,23.618180920134183,1.2935483,,,17.60647,23.178389,11.326784,2.5441852,0,0.0
2019-06-01,attica,37.862078850821256,23.618180920134183,0.0,,,24.529724,29.789148,18.621658,3.320692,0,0.0
2019-07-01,attica,37.862078850821256,23.618180920134183,6.067742,,,25.877695,31.055387,19.792885,3.021778,0,0.0
2019-08-01,attica,37.862078850821256,23.618180920134183,0.0,,,26.841225,31.534632,21.913387,4.149181,0,0.0
2019-09-01,attica,37.862078850821256,23.618180920134183,4.8500004,,,22.385832,27.58344,17.33599,3.3791535,0,0.0
2019-10-01,attica,37.862078850821256,23.618180920134183,5.654839,,,19.019287,24.597326,13.977324,2.7584615,0,0.0
2019-11-01,attica,37.862078850821256,23.618180920134183,104.183334,,,15.541648,19.994587,11.113264,2.2431197,0,0.0
2019-12-01,attica,37.862078850821256,23.618180920134183,124.7,,,10.214563,14.049895,6.488292,2.7002068,0,0.0
2020-01-01,attica,37.862078850821256,23.618180920134183,44.593548,,,7.3512707,11.559459,3.1322677,3.001133,0,0.0
2020-02-01,attica,37.862078850821256,23.618180920134183,43.155174,,,9.136166,13.757748,4.0576577,2.7347302,0,0.0
2020-03-01,attica,37.862078850821256,23.618180920134183,61.951614,,,10.889108,15.672477,5.7454267,2.8411663,0,0.0
2020-04-01,attica,37.862078850821256,23.618180920134183,52.54,,,12.924568,17.903637,7.6973915,3.245983,0,0.0
2020-05-01,attica,37.862078850821256,23.618180920134183,13.845161,,,18.911118,25.058992,12.407485,2.6938543,0,0.0
2020-06-01,attica,37.862078850821256,23.618180920134183,3.1533334,,,22.49498,28.14299,16.533333,2.8676152,0,0.0
2020-07-01,attica,37.862078850821256,23.618180920134183,0.0,,,26.202011,31.057316,20.838167,3.5495613,0,0.0
2020-08-01,attica,37.862078850821256,23.618180920134183,2.4096775,,,25.985237,31.36982,20.286898,3.209181,0,0.0
2020-09-01,attica,37.862078850821256,23.618180920134183,10.196667,,,23.709167,28.489882,18.884645,3.5932734,0,0.0
2020-10-01,attica,37.862078850821256,23.618180920134183,32.92903,,,18.670958,24.258204,13.248548,2.5249543,0,0.0
2020-11-01,attica,37.862078850821256,23.618180920134183,10.833334,,,13.160805,17.19836,9.55047,3.210128,1,7.0
2020-12-01,attica,37.862078850821256,23.618180920134183,157.19034,,,11.558254,15.1085005,8.020947,2.8246236,1,7.0
2021-01-01,attica,37.862078850821256,23.618180920134183,53.290325,,,9.56593,13.809582,4.8655787,3.0544086,1,7.0
2021-02-01,attica,37.862078850821256,23.618180920134183,30.678572,,,9.186933,14.321523,4.4585295,2.9736722,1,7.0
2021-03-01,attica,37.862078850821256,23.618180920134183,9.812904,,,9.825569,14.586945,4.893814,2.7846484,1,7.0
2021-04-01,attica,37.862078850821256,23.618180920134183,20.163334,,,13.386039,18.793852,7.4315686,2.783547,1,7.0
2021-05-01,attica,37.862078850821256,23.618180920134183,0.029032258,,,20.003424,26.167864,13.241697,2.8889494,1,7.0
2021-06-01,attica,37.862078850821256,23.618180920134183,14.1,,,23.14945,28.907791,16.777157,2.6727777,1,7.0
2021-07-01,attica,37.862078850821256,23.618180920134183,0.0,,,27.650349,32.88855,22.122551,3.6650374,1,7.0
2021-08-01,attica,37.862078850821256,23.618180920134183,0.0,,,27.580832,33.366978,21.47688,3.4064515,1,7.0
2021-09-01,attica,37.862078850821256,23.618180920134183,1.4033334,,,22.251637,27.24853,17.20547,3.3822222,1,7.0
2021-10-01,attica,37.862078850821256,23.618180920134183,103.119354,,,16.17239,20.223604,12.656081,3.3785362,1,7.0
2021-11-01,attica,37.862078850821256,23.618180920134183,51.57,,,13.891048,17.843332,9.956019,2.9953933,1,7.0
2021-12-01,attica,37.862078850821256,23.618180920134183,58.474197,,,9.614829,13.368234,5.3012714,3.2567742,1,7.0
2022-01-01,attica,37.862078850821256,23.618180920134183,83.32903,73.229095,,6.496338,10.685978,1.8986812,2.8143258,1,7.0
2022-02-01,attica,37.862078850821256,23.618180920134183,41.760715,75.53902,,8.744621,13.418161,4.020031,2.7771063,1,7.0
2022-03-01,attica,37.862078850821256,23.618180920134183,39.0129,64.02208,,7.3498483,11.40667,3.1974666,3.3713567,1,7.0
2022-04-01,attica,37.862078850821256,23.618180920134183,6.13,,,14.526069,19.89305,8.713402,3.107923,1,7.0
2022-05-01,attica,37.862078850821256,23.618180920134183,4.3967743,,,19.252626,24.876328,12.814288,2.9777584,1,7.0
2022-06-01,attica,37.862078850821256,23.618180920134183,0.13666669,,,24.856794,29.865217,19.440567,3.6667693,1,7.0
2022-07-01,attica,37.862078850821256,23.618180920134183,7.464516,60.421883,,26.621319,31.25293,21.29448,4.0540776,1,7.0
2022-08-01,attica,37.862078850821256,23.618180920134183,43.435486,65.027374,,26.040312,31.017143,21.26147,3.3732426,1,7.0
2022-09-01,attica,37.862078850821256,23.618180920134183,0.03666667,,,22.190706,27.441135,17.044107,2.9640427,1,7.0
2022-10-01,attica,37.862078850821256,23.618180920134183,11.087096,,,18.082344,22.654951,13.628045,3.589652,1,7.0
2022-11-01,attica,37.862078850821256,23.618180920134183,43.896667,,,14.454139,18.75401,10.082852,2.908376,1,7.0
2022-12-01,attica,37.862078850821256,23.618180920134183,38.009678,,,11.878083,16.15532,7.9919353,2.2754009,1,7.0
2023-01-01,attica,37.862078850821256,23.618180920134183,53.83548,,,9.5915365,14.202599,5.1138334,2.7159967,1,7.0
2023-02-01,attica,37.862078850821256,23.618180920134183,32.764286,,,7.611565,12.075051,2.8980463,2.9077013,1,7.0
2023-03-01,attica,37.862078850821256,23.618180920134183,9.364516,,,11.503804,16.444023,6.3294587,2.8547227,1,7.0
2023-04-01,attica,37.862078850821256,23.618180920134183,27.213335,,,13.413941,18.360382,8.27852,2.5266497,1,7.0
2023-05-01,attica,37.862078850821256,23.618180920134183,12.929032,,,17.422827,21.947826,12.619658,3.1481967,1,7.0
2023-06-01,attica,37.862078850821256,23.618180920134183,14.986667,,,22.729374,27.86348,17.122587,2.6941197,1,7.0
2023-07-01,attica,37.862078850821256,23.618180920134183,0.0,,,28.328009,34.345703,22.086658,2.9016871,1,7.0
2023-08-01,attica,37.862078850821256,23.618180920134183,0.0,,,27.078756,32.110664,22.376925,3.6768816,1,7.0
2023-09-01,attica,37.862078850821256,23.618180920134183,125.06334,,,22.669529,27.153519,18.463167,3.466769,1,7.0
2023-10-01,attica,37.862078850821256,23.618180920134183,2.6935482,,,19.307522,24.496176,14.37908,2.7226467,1,7.0
2023-11-01,attica,37.862078850821256,23.618180920134183,27.19,,,15.586587,20.68245,10.375147,2.6609144,1,7.0
2023-12-01,attica,37.862078850821256,23.618180920134183,37.174194,,,11.329677,16.229355,6.8401985,2.3804133,1,7.0
2024-01-01,attica,37.862078850821256,23.618180920134183,56.76452,,,9.271157,13.263995,5.3823624,3.0311,1,7.0
2024-02-01,attica,37.862078850821256,23.618180920134183,52.73448,,,11.279198,15.644086,7.0658617,2.7250133,1,7.0
2024-03-01,attica,37.862078850821256,23.618180920134183,35.596775,,,12.566632,17.679705,7.683254,2.542473,1,7.0
2024-04-01,attica,37.862078850821256,23.618180920134183,17.330002,,,17.160677,22.58354,12.247412,3.2049828,1,7.0
2024-05-01,attica,37.862078850821256,23.618180920134183,4.451613,,,18.923576,24.010767,14.201489,3.0405543,1,7.0
2024-06-01,attica,37.862078850821256,23.618180920134183,0.0,,,26.67057,33.047264,21.153381,3.6741967,1,7.0
2024-07-01,attica,37.862078850821256,23.618180920134183,7.835484,,,28.555597,33.941303,24.003498,3.858114,1,7.0
2024-08-01,attica,37.862078850821256,23.618180920134183,7.3903227,,,28.157133,33.028454,23.486887,3.4113233,1,7.0
2024-09-01,attica,37.862078850821256,23.618180920134183,20.73,,,23.457777,28.489048,18.577852,2.571581,1,7.0
2024-10-01,attica,37.862078850821256,23.618180920134183,2.6451612,,,19.41092,23.898169,15.025521,3.5355084,1,7.0
2024-11-01,attica,37.862078850821256,23.618180920134183,54.316666,,,13.83753,17.870342,9.943932,2.9805129,1,7.0
2024-12-01,attica,37.862078850821256,23.618180920134183,95.04195,,,10.827798,14.515265,7.246764,2.7051528,1,7.0
2000-01-01,west_macedonia,40.37335309274981,21.49172497870652,51.796776,77.080894,89.97795,-3.3272185,1.1316458,-7.424427,1.6019914,0,0.0
2000-02-01,west_macedonia,40.37335309274981,21.49172497870652,156.79312,77.538895,111.99648,2.1330013,6.351291,-1.903093,2.0118613,0,0.0
2000-03-01,west_macedonia,40.37335309274981,21.49172497870652,92.03871,71.01039,177.02534,4.885283,10.83947,-1.0384792,2.263532,0,0.0
2000-04-01,west_macedonia,40.37335309274981,21.49172497870652,111.11,68.081604,191.63843,11.922173,17.386097,5.9861226,2.286612,0,0.0
2000-05-01,west_macedonia,40.37335309274981,21.49172497870652,77.396774,62.147053,249.62048,16.207905,21.886814,9.137241,1.8506846,0,0.0
2000-06-01,west_macedonia,40.37335309274981,21.49172497870652,134.00667,53.62816,271.73947,20.182167,26.098837,12.160958,2.0552006,0,0.0
2000-07-01,west_macedonia,40.37335309274981,21.49172497870652,26.558065,48.878418,303.99506,23.697968,30.233797,14.468909,2.2976332,0,0.0
2000-08-01,west_macedonia,40.37335309274981,21.49172497870652,49.06129,47.871323,268.10135,23.030931,29.452309,14.614177,1.7463889,0,0.0
2000-09-01,west_macedonia,40.37335309274981,21.49172497870652,39.393333,62.161003,192.64049,17.334488,23.633299,10.687776,1.9951392,0,0.0
2000-10-01,west_macedonia,40.37335309274981,21.49172497870652,162.73225,77.82338,110.60039,11.777735,16.583405,7.5681725,1.6434693,0,0.0
2000-11-01,west_macedonia,40.37335309274981,21.49172497870652,134.46333,81.70603,87.743195,9.127355,14.602112,5.136871,2.0034795,0,0.0
2000-12-01,west_macedonia,40.37335309274981,21.49172497870652,65.73871,80.29233,74.85813,3.8400624,8.160208,-0.46047732,1.9798518,0,0.0
2001-01-01,west_macedonia,40.37335309274981,21.49172497870652,119.48387,84.753,65.89566,2.6984396,5.909885,0.027021058,1.7498387,0,0.0
2001-02-01,west_macedonia,40.37335309274981,21.49172497870652,90.696434,68.7081,117.86807,3.455962,8.660868,-1.0338885,2.3256595,0,0.0
2001-03-01,west_macedonia,40.37335309274981,21.49172497870652,48.05484,58.20046,161.17577,10.738802,16.507233,4.9602532,2.4106157,0,0.0
2001-04-01,west_macedonia,40.37335309274981,21.49172497870652,238.58667,65.6526,184.40646,9.635479,14.554394,3.4783027,2.4128401,0,0.0
2001-05-01,west_macedonia,40.37335309274981,21.49172497870652,117.95484,63.638763,216.52599,16.201586,21.069317,9.209328,2.345938,0,0.0
2001-06-01,west_macedonia,40.37335309274981,21.49172497870652,41.33,48.0541,285.67892,20.995474,26.300179,11.89484,2.6218092,0,0.0
2001-07-01,west_macedonia,40.37335309274981,21.49172497870652,87.41936,48.774982,264.10895,24.41468,29.337727,15.872472,2.3829658,0,0.0
2001-08-01,west_macedonia,40.37335309274981,21.49172497870652,69.77419,53.605827,236.27615,23.98554,29.470404,16.14676,1.9602172,0,0.0
2001-09-01,west_macedonia,40.37335309274981,21.49172497870652,23.626667,55.19774,221.67076,18.609972,24.296446,10.629894,2.3747175,0,0.0
2001-10-01,west_macedonia,40.37335309274981,21.49172497870652,17.990322,60.24307,156.36867,14.829737,20.930468,7.5235124,1.7575344,0,0.0
2001-11-01,west_macedonia,40.37335309274981,21.49172497870652,96.33667,69.89333,85.72142,5.9777584,10.564807,1.2134591,2.387306,0,0.0
2001-12-01,west_macedonia,40.37335309274981,21.49172497870652,257.20966,81.0414,51.489468,-3.458318,-0.56530607,-6.620948,2.0909214,0,0.0
2002-01-01,west_macedonia,40.37335309274981,21.49172497870652,62.890324,79.04491,81.28275,-0.34440413,4.5044236,-4.133686,1.8917379,0,0.0
2002-02-01,west_macedonia,40.37335309274981,21.49172497870652,36.453575,66.99557,128.62682,6.2632833,12.030587,0.7277259,2.0126932,0,0.0
2002-03-01,west_macedonia,40.37335309274981,21.49172497870652,167.8,66.02744,140.80086,7.9880123,13.005,2.9226859,2.599062,0,0.0
2002-04-01,west_macedonia,40.37335309274981,21.49172497870652,268.39337,71.612755,186.65067,9.528574,13.722248,4.358714,2.136197,0,0.0
2002-05-01,west_macedonia,40.37335309274981,21.49172497870652,180.69678,67.78856,228.2054,15.602745,19.833384,8.930322,2.290201,0,0.0
2002-06-01,west_macedonia,40.37335309274981,21.49172497870652,42.523335,53.339497,272.34897,21.661451,26.446129,13.225119,2.352126,0,0.0
2002-07-01,west_macedonia,40.37335309274981,21.49172497870652,190.75162,58.177666,246.73338,23.300682,28.237963,15.18899,2.2414286,0,0.0
2002-08-01,west_macedonia,40.37335309274981,21.49172497870652,150.04517,61.928596,218.19618,21.21093,26.027979,13.951339,2.2969353,0,0.0
2002-09-01,west_macedonia,40.37335309274981,21.49172497870652,427.65332,77.791626,170.38536,15.07836,19.76524,10.389302,1.6525407,0,0.0
2002-10-01,west_macedonia,40.37335309274981,21.49172497870652,234.44516,73.61869,137.23106,12.206912,17.463339,6.358828,1.9663824,0,0.0
2002-11-01,west_macedonia,40.37335309274981,21.49172497870652,76.96333,77.763214,80.40272,7.6995745,12.540415,2.6366394,1.8244013,0,0.0
2002-12-01,west_macedonia,40.37335309274981,21.49172497870652,448.6419,88.32062,43.79032,2.6938114,5.1288805,0.13777485,1.788838,0,0.0
2003-01-01,west_macedonia,40.37335309274981,21.49172497870652,271.0484,80.64301,62.79756,3.4104278,6.911043,0.35638908,2.2221591,0,0.0
2003-02-01,west_macedonia,40.37335309274981,21.49172497870652,122.571434,77.68385,105.804306,-2.203972,1.8111953,-5.629154,2.0227623,0,0.0
2003-03-01,west_macedonia,40.37335309274981,21.49172497870652,49.13226,63.416634,168.92264,4.058094,9.827597,-1.4107373,2.243117,0,0.0
2003-04-01,west_macedonia,40.37335309274981,21.49172497870652,132.95999,68.28486,196.18196,7.9698973,12.51884,2.1995678,2.4369082,0,0.0
2003-05-01,west_macedonia,40.37335309274981,21.49172497870652,156.45483,62.63253,248.9368,18.272821,23.42303,10.869091,2.1562605,0,0.0
2003-06-01,west_macedonia,40.37335309274981,21.49172497870652,125.35667,61.592964,269.25443,21.788853,27.039875,14.267999,1.8871769,0,0.0
2003-07-01,west_macedonia,40.37335309274981,21.49172497870652,50.051613,50.749393,292.50592,23.908625,29.055899,15.963647,1.8217248,0,0.0
2003-08-01,west_macedonia,40.37335309274981,21.49172497870652,100.380646,54.061005,252.96771,23.639973,28.94795,16.167418,1.6470637,0,0.0
2003-09-01,west_macedonia,40.37335309274981,21.49172497870652,118.64334,63.433052,185.30545,16.620735,21.839323,10.418293,1.8822178,0,0.0
2003-10-01,west_macedonia,40.37335309274981,21.49172497870652,459.4484,70.77893,117.99144,12.644793,17.411892,7.5051904,2.2407174,0,0.0
2003-11-01,west_macedonia,40.37335309274981,21.49172497870652,125.130005,84.018715,78.87924,7.6619997,11.528751,4.524629,1.7447076,0,0.0
2003-12-01,west_macedonia,40.37335309274981,21.49172497870652,152.20323,83.77442,60.569454,2.0159578,5.6307964,-1.1586899,2.1390357,0,0.0
2004-01-01,west_macedonia,40.37335309274981,21.49172497870652,202.77097,77.65846,67.19091,-0.39722845,3.5555499,-4.053864,2.1541736,0,0.0
2004-02-01,west_macedonia,40.37335309274981,21.49172497870652,63.437935,66.0258,118.591835,3.0209148,7.766087,-1.8388143,2.4940183,0,0.0
2004-03-01,west_macedonia,40.37335309274981,21.49172497870652,111.59032,71.49323,151.31764,6.2176557,10.491171,1.4265996,2.2119617,0,0.0
2004-04-01,west_macedonia,40.37335309274981,21.49172497870652,185.16333,69.976494,171.866,10.762635,14.880057,6.2462683,2.4577212,0,0.0
2004-05-01,west_macedonia,40.37335309274981,21.49172497870652,145.93549,66.00316,258.7742,13.391751,17.79124,7.2939725,2.2370079,0,0.0
2004-06-01,west_macedonia,40.37335309274981,21.49172497870652,192.51,64.54445,262.45816,19.861506,24.547916,12.625548,1.9419013,0,0.0
2004-07-01,west_macedonia,40.37335309274981,21.49172497870652,51.883873,53.841404,285.37296,23.014324,27.780638,14.659608,2.029898,0,0.0
2004-08-01,west_macedonia,40.37335309274981,21.49172497870652,83.33226,56.527615,252.80678,21.912752,27.68798,14.599084,1.7315996,0,0.0
2004-09-01,west_macedonia,40.37335309274981,21.49172497870652,163.08,63.381897,192.65578,17.743944,23.393602,10.866772,1.6773401,0,0.0
2004-10-01,west_macedonia,40.37335309274981,21.49172497870652,170.1,73.841034,140.13759,14.010174,19.645466,8.371376,1.7458657,0,0.0
2004-11-01,west_macedonia,40.37335309274981,21.49172497870652,175.51334,75.19078,76.76973,6.532272,11.490553,1.8776088,1.9904796,0,0.0
2004-12-01,west_macedonia,40.37335309274981,21.49172497870652,174.08066,85.66546,48.888412,3.5931103,7.2429886,0.34714288,1.6408097,0,0.0
2005-01-01,west_macedonia,40.37335309274981,21.49172497870652,117.28065,71.32776,82.36636,1.2502204,5.1923013,-3.1204376,1.8828999,0,0.0
2005-02-01,west_macedonia,40.37335309274981,21.49172497870652,207.35358,73.39465,100.66436,0.004190951,4.209927,-3.9368517,2.180521,0,0.0
2005-03-01,west_macedonia,40.37335309274981,21.49172497870652,180.6613,71.89821,165.58656,6.0145226,10.485865,-0.10071426,2.221942,0,0.0
2005-04-01,west_macedonia,40.37335309274981,21.49172497870652,47.13333,64.32642,209.23027,10.390486,15.023349,3.0007346,2.4850068,0,0.0
2005-05-01,west_macedonia,40.37335309274981,21.49172497870652,146.30322,67.325676,237.10698,16.523819,21.186344,8.405668,2.5453653,0,0.0
2005-06-01,west_macedonia,40.37335309274981,21.49172497870652,66.636665,64.04142,275.83572,19.370632,23.81987,11.441377,2.247619,0,0.0
2005-07-01,west_macedonia,40.37335309274981,21.49172497870652,15.709678,63.125748,269.2551,23.075773,27.940619,15.128841,2.1385024,0,0.0
2005-08-01,west_macedonia,40.37335309274981,21.49172497870652,76.480644,69.62396,237.77551,21.927517,27.102678,13.926932,1.9179393,0,0.0
2005-09-01,west_macedonia,40.37335309274981,21.49172497870652,117.57333,71.31969,164.26668,18.161827,22.980974,11.8172655,1.4844184,0,0.0
2005-10-01,west_macedonia,40.37335309274981,21.49172497870652,74.70967,73.1366,129.68794,11.891001,16.351936,6.2979784,1.9143876,0,0.0
2005-11-01,west_macedonia,40.37335309274981,21.49172497870652,193.25668,72.334366,89.90612,5.505884,10.073074,0.4518776,1.8146733,0,0.0
2005-12-01,west_macedonia,40.37335309274981,21.49172497870652,315.2581,79.66049,61.4661,2.9002535,6.521722,-0.18638575,1.9090486,0,0.0
2006-01-01,west_macedonia,40.37335309274981,21.49172497870652,169.09355,73.94895,78.181694,-1.2446905,3.609167,-4.0450196,1.6724457,0,0.0
2006-02-01,west_macedonia,40.37335309274981,21.49172497870652,185.68213,77.56881,102.12682,1.3141837,5.8772407,-3.644464,1.9535714,0,0.0
2006-03-01,west_macedonia,40.37335309274981,21.49172497870652,149.29678,72.621605,144.1975,6.240066,10.11576,1.2971363,2.682607,0,0.0
2006-04-01,west_macedonia,40.37335309274981,21.49172497870652,171.78334,71.982346,188.92891,11.187574,15.543749,5.3886356,2.1350305,0,0.0
2006-05-01,west_macedonia,40.37335309274981,21.49172497870652,44.545162,67.623825,268.9332,15.774282,20.705713,7.4566326,2.4605033,0,0.0
2006-06-01,west_macedonia,40.37335309274981,21.49172497870652,132.44333,67.407,257.2425,19.860935,24.849545,11.090658,2.321755,0,0.0
2006-07-01,west_macedonia,40.37335309274981,21.49172497870652,82.9129,66.03463,258.51645,21.397331,26.106699,13.982454,2.0563002,0,0.0
2006-08-01,west_macedonia,40.37335309274981,21.49172497870652,19.887096,59.899982,264.82916,22.93974,28.16342,13.812094,2.146922,0,0.0
2006-09-01,west_macedonia,40.37335309274981,21.49172497870652,120.496666,66.09155,187.29694,17.633995,22.581806,10.35717,1.7542176,0,0.0
2006-10-01,west_macedonia,40.37335309274981,21.49172497870652,138.59354,74.83175,131.4605,13.184805,17.66472,7.818357,1.8338808,0,0.0
2006-11-01,west_macedonia,40.37335309274981,21.49172497870652,74.06333,75.3751,98.950005,5.9812617,11.751037,-0.02233332,2.0736735,0,0.0
2006-12-01,west_macedonia,40.37335309274981,21.49172497870652,85.399994,76.966866,63.707047,2.7115104,7.308854,-1.625497,1.3897861,0,0.0
2007-01-01,west_macedonia,40.37335309274981,21.49172497870652,59.445164,73.60291,103.03949,4.7227683,9.766804,-1.6049474,1.9694502,0,0.0
2007-02-01,west_macedonia,40.37335309274981,21.49172497870652,89.16072,76.32642,107.71903,4.138342,7.7213664,-0.492008,2.1624053,0,0.0
2007-03-01,west_macedonia,40.37335309274981,21.49172497870652,198.04193,70.95084,140.21825,6.81393,11.095924,1.0570244,2.4279559,0,0.0
2007-04-01,west_macedonia,40.37335309274981,21.49172497870652,88.986664,66.63891,238.88437,11.160851,15.85655,3.953534,1.7801052,0,0.0
2007-05-01,west_macedonia,40.37335309274981,21.49172497870652,151.60646,69.60776,227.10172,16.562864,21.03823,9.362943,2.2414055,0,0.0
2007-06-01,west_macedonia,40.37335309274981,21.49172497870652,211.08,62.535076,279.20782,21.73983,26.7617,12.637471,1.9458774,0,0.0
2007-07-01,west_macedonia,40.37335309274981,21.49172497870652,0.0,47.34732,311.87952,25.064526,30.501234,15.073287,2.1461225,0,0.0
2007-08-01,west_macedonia,40.37335309274981,21.49172497870652,34.958065,56.641533,257.1346,23.856028,29.469566,14.339384,2.0726497,0,0.0
2007-09-01,west_macedonia,40.37335309274981,21.49172497870652,57.923336,65.631355,196.63913,16.735292,22.563267,8.964214,2.0941699,0,0.0
2007-10-01,west_macedonia,40.37335309274981,21.49172497870652,310.1258,69.78077,113.777824,12.201701,16.782738,6.9571495,1.525181,0,0.0
2007-11-01,west_macedonia,40.37335309274981,21.49172497870652,288.97333,78.89666,75.34456,6.172626,9.890724,2.2165916,2.1763504,0,0.0
2007-12-01,west_macedonia,40.37335309274981,21.49172497870652,177.2226,77.38186,63.435158,1.1969091,4.675685,-1.708058,1.9050558,0,0.0
2008-01-01,west_macedonia,40.37335309274981,21.49172497870652,44.07097,78.59686,78.65405,2.1747036,6.4586067,-1.9322877,1.5265207,0,0.0
2008-02-01,west_macedonia,40.37335309274981,21.49172497870652,41.172417,70.24913,125.43737,3.5763476,8.644799,-2.320475,2.0763264,0,0.0
2008-03-01,west_macedonia,40.37335309274981,21.49172497870652,118.87419,71.64001,157.41048,7.9799504,12.668816,1.7579296,2.6607373,0,0.0
2008-04-01,west_macedonia,40.37335309274981,21.49172497870652,183.71667,72.58024,188.54626,11.193701,15.542094,4.4541254,2.1871905,0,0.0
2008-05-01,west_macedonia,40.37335309274981,21.49172497870652,76.4,68.343834,254.89041,16.069973,20.64841,8.031136,1.9700756,0,0.0
2008-06-01,west_macedonia,40.37335309274981,21.49172497870652,30.25,68.12274,265.3687,21.043537,25.931488,12.643164,2.0807552,0,0.0
2008-07-01,west_macedonia,40.37335309274981,21.49172497870652,3.4258065,64.69698,291.3693,23.361858,28.411343,14.38151,2.255418,0,0.0
2008-08-01,west_macedonia,40.37335309274981,21.49172497870652,6.180645,60.565544,272.77652,24.267982,29.87483,14.568278,1.920046,0,0.0
2008-09-01,west_macedonia,40.37335309274981,21.49172497870652,231.55333,68.74612,175.5745,16.915749,21.800138,10.525676,1.6767992,0,0.0
2008-10-01,west_macedonia,40.37335309274981,21.49172497870652,79.70323,76.31926,141.98254,12.447511,17.992228,6.685862,1.5981007,0,0.0
2008-11-01,west_macedonia,40.37335309274981,21.49172497870652,306.97333,79.189735,75.47312,8.15569,12.079914,4.083745,1.9251734,0,0.0
2008-12-01,west_macedonia,40.37335309274981,21.49172497870652,263.76776,76.179146,62.34233,2.9567149,6.43342,-0.40781108,2.1989465,0,0.0
2009-01-01,west_macedonia,40.37335309274981,21.49172497870652,368.9839,81.21566,58.880844,2.5570638,5.733081,-0.6278176,1.455609,0,0.0
2009-02-01,west_macedonia,40.37335309274981,21.49172497870652,104.02858,71.62742,102.27041,2.2613847,5.7576604,-2.2638776,2.4725254,0,0.0
2009-03-01,west_macedonia,40.37335309274981,21.49172497870652,191.82903,75.59775,143.41805,5.3653355,9.543558,-0.089838706,2.4688184,0,0.0
2009-04-01,west_macedonia,40.37335309274981,21.49172497870652,154.71666,73.525185,170.53537,10.806946,15.089938,5.0449286,2.0247993,0,0.0
2009-05-01,west_macedonia,40.37335309274981,21.49172497870652,142.09677,71.62669,245.38644,16.818382,21.995876,8.988311,2.0264912,0,0.0
2009-06-01,west_macedonia,40.37335309274981,21.49172497870652,231.27,68.14916,282.8146,19.340162,24.745247,11.544199,1.9071189,0,0.0
2009-07-01,west_macedonia,40.37335309274981,21.49172497870652,42.874195,63.2394,294.01843,22.95594,28.150726,14.527658,2.1639433,0,0.0
2009-08-01,west_macedonia,40.37335309274981,21.49172497870652,241.6968,68.674774,235.77649,21.757267,27.232985,14.012455,1.5843383,0,0.0
2009-09-01,west_macedonia,40.37335309274981,21.49172497870652,57.036667,72.964294,166.10272,17.521124,22.062035,11.455232,1.6001768,0,0.0
2009-10-01,west_macedonia,40.37335309274981,21.49172497870652,224.19678,76.40627,122.70177,12.460917,16.966246,6.4412184,1.8170475,0,0.0
2009-11-01,west_macedonia,40.37335309274981,21.49172497870652,302.59332,77.42771,101.64558,7.8042274,13.433483,2.1395068,1.9044318,0,0.0
2009-12-01,west_macedonia,40.37335309274981,21.49172497870652,294.7516,81.77512,58.191906,5.735648,9.290454,2.1177979,2.1422317,0,0.0
2010-01-01,west_macedonia,40.37335309274981,21.49172497870652,136.37097,70.39456,62.894012,2.1973073,5.0382953,-0.5961257,1.7501546,0,0.0
2010-02-01,west_macedonia,40.37335309274981,21.49172497870652,260.95,78.5689,90.237976,3.2317786,6.8485203,-0.8344315,2.1880357,0,0.0
2010-03-01,west_macedonia,40.37335309274981,21.49172497870652,167.45161,72.020744,146.37097,6.604832,10.985519,0.71176106,2.1486504,0,0.0
2010-04-01,west_macedonia,40.37335309274981,21.49172497870652,78.25,71.69657,181.6704,11.261263,15.648469,4.767357,2.0936394,0,0.0
2010-05-01,west_macedonia,40.37335309274981,21.49172497870652,146.96451,67.83244,242.39236,15.983556,20.659475,8.04746,2.208828,0,0.0
2010-06-01,west_macedonia,40.37335309274981,21.49172497870652,138.79668,70.29173,221.39557,19.774445,24.286263,11.800016,1.861915,0,0.0
2010-07-01,west_macedonia,40.37335309274981,21.49172497870652,80.45484,66.280426,259.79953,22.407778,27.067547,14.114792,1.8954245,0,0.0
2010-08-01,west_macedonia,40.37335309274981,21.49172497870652,16.741934,57.745605,264.29755,24.419209,29.942596,15.219983,1.6097136,0,0.0
2010-09-01,west_macedonia,40.37335309274981,21.49172497870652,113.77333,73.435616,184.60272,17.579214,22.362864,10.757353,1.5790681,0,0.0
2010-10-01,west_macedonia,40.37335309274981,21.49172497870652,367.7387,78.64605,93.645485,10.935974,14.737119,6.802956,1.7105925,0,0.0
2010-11-01,west_macedonia,40.37335309274981,21.49172497870652,182.20667,79.08166,90.509865,10.218694,15.012901,4.500017,1.8730135,0,0.0
2010-12-01,west_macedonia,40.37335309274981,21.49172497870652,198.0613,75.79138,69.056946,3.7725644,7.837857,-0.5959447,1.81658,0,0.0
2011-01-01,west_macedonia,40.37335309274981,21.49172497870652,51.190323,75.297325,83.83476,2.5153654,6.790188,-1.9470572,1.4675609,0,0.0
2011-02-01,west_macedonia,40.37335309274981,21.49172497870652,76.91072,71.9361,97.434044,4.3509946,8.327409,-0.5716764,1.8983526,0,0.0
2011-03-01,west_macedonia,40.37335309274981,21.49172497870652,118.851616,71.42041,135.55365,6.1632257,10.26311,0.28385448,2.157225,0,0.0
2011-04-01,west_macedonia,40.37335309274981,21.49172497870652,80.716675,67.041084,194.59048,10.259456,14.555629,3.339871,2.269881,0,0.0
2011-05-01,west_macedonia,40.37335309274981,21.49172497870652,173.08064,72.752014,197.6817,14.556429,19.025665,7.5136766,2.1055198,0,0.0
2011-06-01,west_macedonia,40.37335309274981,21.49172497870652,113.363335,70.91301,242.9204,19.665333,24.331879,11.765068,1.9625067,0,0.0
2011-07-01,west_macedonia,40.37335309274981,21.49172497870652,2.612903,62.654236,289.04477,22.64202,28.949354,13.709533,2.0204475,0,0.0
2011-08-01,west_macedonia,40.37335309274981,21.49172497870652,43.054836,58.3299,259.56058,21.680105,29.355331,14.24424,1.6990192,0,0.0
2011-09-01,west_macedonia,40.37335309274981,21.49172497870652,103.07333,63.09369,203.1211,18.987204,26.237022,11.814373,1.5662823,0,0.0
2011-10-01,west_macedonia,40.37335309274981,21.49172497870652,91.70323,67.92133,128.04674,9.588807,15.304089,4.312073,1.73605,0,0.0
2011-11-01,west_macedonia,40.37335309274981,21.49172497870652,33.626667,66.62002,83.37313,3.8358233,9.591054,-1.0814388,1.2999455,0,0.0
2011-12-01,west_macedonia,40.37335309274981,21.49172497870652,209.54193,83.33308,68.773865,1.6934301,6.7770205,-2.862844,1.5081205,0,0.0
2012-01-01,west_macedonia,40.37335309274981,21.49172497870652,98.72581,78.32333,71.30382,-2.0014548,3.1152403,-6.21661,1.7297367,0,0.0
2012-02-01,west_macedonia,40.37335309274981,21.49172497870652,315.66208,74.17146,86.30049,-0.54517597,3.4505029,-4.3653483,1.9228923,0,0.0
2012-03-01,west_macedonia,40.37335309274981,21.49172497870652,135.63872,68.75397,162.11487,6.0920305,12.127551,0.295813,1.9735945,0,0.0
2012-04-01,west_macedonia,40.37335309274981,21.49172497870652,151.83334,70.88225,206.67415,9.967383,15.684065,4.3633027,2.309122,0,0.0
2012-05-01,west_macedonia,40.37335309274981,21.49172497870652,251.00323,72.01315,217.60764,14.09441,20.186144,8.229335,2.061873,0,0.0
2012-06-01,west_macedonia,40.37335309274981,21.49172497870652,17.246666,63.33838,307.8534,20.621105,27.921436,12.740225,1.8738335,0,0.0
2012-07-01,west_macedonia,40.37335309274981,21.49172497870652,1.6387095,58.130566,279.11093,24.13945,31.62944,16.036806,2.004253,0,0.0
2012-08-01,west_macedonia,40.37335309274981,21.49172497870652,73.009674,52.694965,276.88644,22.489788,30.292204,14.591391,1.6784364,0,0.0
2012-09-01,west_macedonia,40.37335309274981,21.49172497870652,198.12334,61.51134,200.47313,18.105057,25.367405,11.244462,1.6760817,0,0.0
2012-10-01,west_macedonia,40.37335309274981,21.49172497870652,360.58386,66.95354,134.84956,13.756685,20.27837,8.1154995,1.5236503,0,0.0
2012-11-01,west_macedonia,40.37335309274981,21.49172497870652,219.77667,80.39854,77.88674,8.316136,13.117467,4.291473,1.5684556,0,0.0
2012-12-01,west_macedonia,40.37335309274981,21.49172497870652,395.19354,79.126274,62.717575,1.1925049,5.8471093,-2.5248058,1.6439072,0,0.0
2013-01-01,west_macedonia,40.37335309274981,21.49172497870652,268.73227,80.5413,74.928246,2.1050723,6.6768265,-1.7924225,1.8791704,0,0.0
2013-02-01,west_macedonia,40.37335309274981,21.49172497870652,277.33215,79.065125,79.57726,3.5628276,7.8731446,-0.045328002,1.7985859,0,0.0
2013-03-01,west_macedonia,40.37335309274981,21.49172497870652,162.74194,77.5385,139.30711,6.269318,11.21786,1.8350855,2.2968993,0,0.0
2013-04-01,west_macedonia,40.37335309274981,21.49172497870652,108.50667,65.58063,224.21428,11.613493,17.63768,4.9846325,1.9855238,0,0.0
2013-05-01,west_macedonia,40.37335309274981,21.49172497870652,125.27419,65.75808,236.0283,16.07993,22.347792,9.489921,2.1974094,0,0.0
2013-06-01,west_macedonia,40.37335309274981,21.49172497870652,72.04667,71.1834,236.33061,18.93958,25.654959,12.142734,2.0395339,0,0.0
2013-07-01,west_macedonia,40.37335309274981,21.49172497870652,121.36775,62.347397,259.37592,20.9514,27.464388,14.459717,1.9608624,0,0.0
2013-08-01,west_macedonia,40.37335309274981,21.49172497870652,17.429033,56.51091,253.03424,21.954739,29.042847,13.949824,1.8063792,0,0.0
2013-09-01,west_macedonia,40.37335309274981,21.49172497870652,81.47667,62.40607,211.95885,17.338764,24.229507,10.249683,1.7706428,0,0.0
2013-10-01,west_macedonia,40.37335309274981,21.49172497870652,151.05484,68.53846,145.85977,12.373279,19.125677,6.827794,1.4816787,0,0.0
2013-11-01,west_macedonia,40.37335309274981,21.49172497870652,304.09668,78.31012,69.56837,8.056861,12.474077,4.165864,1.6081904,0,0.0
2013-12-01,west_macedonia,40.37335309274981,21.49172497870652,151.58066,73.84668,71.642525,1.7024852,7.0839396,-3.0917315,1.4046708,0,0.0
2014-01-01,west_macedonia,40.37335309274981,21.49172497870652,110.24839,86.66741,72.183014,3.725658,8.262172,-0.19139235,1.6684661,0,0.0
2014-02-01,west_macedonia,40.37335309274981,21.49172497870652,128.23215,76.367004,104.309044,5.4933233,10.587944,0.629672,1.6237756,0,0.0
2014-03-01,west_macedonia,40.37335309274981,21.49172497870652,139.76775,68.02169,146.8318,7.025395,12.637708,1.4084003,1.969108,0,0.0
2014-04-01,west_macedonia,40.37335309274981,21.49172497870652,311.04333,75.55253,174.96463,9.774275,15.28622,4.48918,1.9342245,0,0.0
2014-05-01,west_macedonia,40.37335309274981,21.49172497870652,132.98387,72.53084,224.12442,13.463999,19.485624,7.292515,2.009865,0,0.0
2014-06-01,west_macedonia,40.37335309274981,21.49172497870652,77.106674,63.371243,246.0796,18.499561,25.009947,11.491711,2.07617,0,0.0
2014-07-01,west_macedonia,40.37335309274981,21.49172497870652,140.70645,69.62582,226.7686,20.961761,27.461418,13.777508,2.0027585,0,0.0
2014-08-01,west_macedonia,40.37335309274981,21.49172497870652,18.06129,67.3092,252.02272,21.816437,29.309996,14.351411,1.7451843,1,89.0
2014-09-01,west_macedonia,40.37335309274981,21.49172497870652,475.9267,76.490074,169.36563,16.128944,22.043861,10.96682,1.5650407,1,1336.0
2014-10-01,west_macedonia,40.37335309274981,21.49172497870652,250.52258,78.14465,113.45358,11.694062,16.667698,6.5892625,1.6572053,1,4131.0
2014-11-01,west_macedonia,40.37335309274981,21.49172497870652,232.61334,82.82774,67.8466,7.6025305,11.320479,3.8673196,1.4165918,1,5226.0
2014-12-01,west_macedonia,40.37335309274981,21.49172497870652,290.83228,80.48623,60.25576,3.7204902,7.7092524,0.096267276,1.5604476,0,0.0
2015-01-01,west_macedonia,40.37335309274981,21.49172497870652,145.65807,76.6935,66.02041,1.3084792,5.9259973,-2.9557405,1.8110732,0,0.0
2015-02-01,west_macedonia,40.37335309274981,21.49172497870652,342.65356,67.06907,93.50218,1.9275218,6.3788047,-2.6010787,1.9582834,0,0.0
2015-03-01,west_macedonia,40.37335309274981,21.49172497870652,306.3968,70.63318,108.21363,4.4160466,8.4247265,0.6453291,1.8318498,0,0.0
2015-04-01,west_macedonia,40.37335309274981,21.49172497870652,139.92,68.34214,210.35715,9.367698,15.378564,3.2193024,2.2335033,0,0.0
2015-05-01,west_macedonia,40.37335309274981,21.49172497870652,79.03871,71.773865,234.4727,16.008512,22.621868,9.476586,2.238907,0,0.0
2015-06-01,west_macedonia,40.37335309274981,21.49172497870652,151.75,70.719154,250.17958,17.917063,24.208176,11.772531,2.0261393,0,0.0
2015-07-01,west_macedonia,40.37335309274981,21.49172497870652,50.045162,65.838646,301.72842,23.239014,30.184507,15.635641,1.9200723,0,0.0
2015-08-01,west_macedonia,40.37335309274981,21.49172497870652,118.19032,66.36964,241.22417,21.561363,28.80677,15.047623,1.7450494,0,0.0
2015-09-01,west_macedonia,40.37335309274981,21.49172497870652,333.9167,63.649124,184.33537,18.806414,24.988625,13.541572,1.7309116,0,0.0
2015-10-01,west_macedonia,40.37335309274981,21.49172497870652,413.09677,82.073006,105.64714,12.197954,16.710125,8.69783,1.5368235,0,0.0
2015-11-01,west_macedonia,40.37335309274981,21.49172497870652,219.49333,74.70084,105.20171,8.586507,15.900744,3.0006156,1.6746359,0,0.0
2015-12-01,west_macedonia,40.37335309274981,21.49172497870652,0.0,82.63937,91.5303,2.5282388,9.736762,-2.5405169,1.2209545,0,0.0
2016-01-01,west_macedonia,40.37335309274981,21.49172497870652,199.83226,82.90722,79.51712,2.2101185,7.2035446,-2.0276859,1.9888643,0,0.0
2016-02-01,west_macedonia,40.37335309274981,21.49172497870652,116.96207,80.5683,108.86207,7.263776,12.923817,2.1187649,2.1768966,0,0.0
2016-03-01,west_macedonia,40.37335309274981,21.49172497870652,269.07098,75.07843,141.15437,6.508486,11.563696,1.6863397,1.9456615,0,0.0
2016-04-01,west_macedonia,40.37335309274981,21.49172497870652,102.04667,68.24225,205.77007,13.108463,20.133287,6.3749557,2.055721,0,0.0
2016-05-01,west_macedonia,40.37335309274981,21.49172497870652,245.92905,77.30842,224.17316,13.692353,18.812567,7.749786,2.211073,0,0.0
2016-06-01,west_macedonia,40.37335309274981,21.49172497870652,144.31332,71.71915,256.69727,19.805952,26.000662,12.685759,1.9156291,0,0.0
2016-07-01,west_macedonia,40.37335309274981,21.49172497870652,40.225807,70.06101,267.20178,22.38598,28.57994,15.531717,2.0872943,0,0.0
2016-08-01,west_macedonia,40.37335309274981,21.49172497870652,63.993553,73.47255,248.4674,21.298203,27.438234,14.936211,1.7654048,0,0.0
2016-09-01,west_macedonia,40.37335309274981,21.49172497870652,417.48666,76.58594,165.5534,16.32671,22.222982,11.336555,1.41217,0,0.0
2016-10-01,west_macedonia,40.37335309274981,21.49172497870652,197.2871,76.49588,115.195854,11.703972,16.489365,7.339618,1.5856187,0,0.0
2016-11-01,west_macedonia,40.37335309274981,21.49172497870652,225.09001,80.274635,87.71564,6.1314287,11.001918,1.8814183,1.5546428,0,0.0
2016-12-01,west_macedonia,40.37335309274981,21.49172497870652,18.296774,73.211754,74.94667,0.7963496,6.2104607,-3.8138838,1.4752864,0,0.0
2017-01-01,west_macedonia,40.37335309274981,21.49172497870652,360.91937,77.70004,69.576035,-2.3217938,1.086547,-5.816474,1.6572976,0,0.0
2017-02-01,west_macedonia,40.37335309274981,21.49172497870652,131.75,79.98409,112.438416,4.5518365,9.222978,0.056093305,1.6393367,0,0.0
2017-03-01,west_macedonia,40.37335309274981,21.49172497870652,106.27419,71.085976,165.18927,8.091602,13.748715,2.1703784,2.2670143,0,0.0
2017-04-01,west_macedonia,40.37335309274981,21.49172497870652,78.5,72.04628,236.15103,10.144599,16.217146,4.25767,2.2116055,0,0.0
2017-05-01,west_macedonia,40.37335309274981,21.49172497870652,278.6742,77.8864,238.90948,14.682472,20.750832,8.123522,2.1523042,0,0.0
2017-06-01,west_macedonia,40.37335309274981,21.49172497870652,40.71,71.14397,265.37006,20.17975,27.048143,13.479867,2.0188944,0,0.0
2017-07-01,west_macedonia,40.37335309274981,21.49172497870652,138.58064,64.2153,307.29657,22.518963,29.563044,14.894033,2.1403718,0,0.0
2017-08-01,west_macedonia,40.37335309274981,21.49172497870652,26.793549,61.841167,278.1445,22.372934,29.684685,14.910328,1.9408886,0,0.0
2017-09-01,west_macedonia,40.37335309274981,21.49172497870652,92.87334,69.67207,205.13573,16.833363,23.688322,10.391456,1.8644557,0,0.0
2017-10-01,west_macedonia,40.37335309274981,21.49172497870652,111.27742,70.96659,165.0056,11.539927,18.929022,5.1158624,1.6899343,0,0.0
2017-11-01,west_macedonia,40.37335309274981,21.49172497870652,491.92667,79.60488,84.47314,6.604207,11.832391,2.3015442,1.6952482,0,0.0
2017-12-01,west_macedonia,40.37335309274981,21.49172497870652,285.05484,82.80353,69.53555,3.4474719,8.298344,-0.71190256,2.0097103,0,0.0
2018-01-01,west_macedonia,40.37335309274981,21.49172497870652,102.92903,73.18077,83.149765,2.6906385,7.737205,-1.5984002,1.7603983,0,0.0
2018-02-01,west_macedonia,40.37335309274981,21.49172497870652,446.925,76.47964,79.69133,3.411159,7.276516,0.003935872,1.8057833,0,0.0
2018-03-01,west_macedonia,40.37335309274981,21.49172497870652,347.3645,80.95651,133.66261,7.2161555,12.374181,2.2647138,2.205961,0,0.0
2018-04-01,west_macedonia,40.37335309274981,21.49172497870652,25.596668,67.383385,211.69592,13.786166,20.907715,6.794102,2.026687,0,0.0
2018-05-01,west_macedonia,40.37335309274981,21.49172497870652,318.75485,71.66747,218.62277,16.10938,21.978045,10.636739,1.7973698,0,0.0
2018-06-01,west_macedonia,40.37335309274981,21.49172497870652,356.65668,72.32756,230.00645,18.4265,24.406822,13.094096,1.8843333,0,0.0
2018-07-01,west_macedonia,40.37335309274981,21.49172497870652,97.55807,73.13519,267.77914,21.38,27.890242,14.826625,1.9575378,0,0.0
2018-08-01,west_macedonia,40.37335309274981,21.49172497870652,164.89032,67.09047,234.97368,20.772146,27.01627,14.507315,1.5245457,0,0.0
2018-09-01,west_macedonia,40.37335309274981,21.49172497870652,17.536667,67.69053,194.34149,17.721073,23.826004,11.331572,1.654262,0,0.0
2018-10-01,west_macedonia,40.37335309274981,21.49172497870652,29.883871,72.66092,132.30151,12.85146,19.005314,7.2650495,1.6388315,0,0.0
2018-11-01,west_macedonia,40.37335309274981,21.49172497870652,320.68668,72.00128,75.25714,7.3123093,12.134928,3.5592685,1.4776564,0,0.0
2018-12-01,west_macedonia,40.37335309274981,21.49172497870652,118.435486,76.529854,62.74391,1.7080117,6.1337295,-2.4733477,1.5484661,0,0.0
2019-01-01,west_macedonia,40.37335309274981,21.49172497870652,677.9936,80.009544,61.78604,-1.3692693,2.4693744,-5.0048585,1.6748813,0,0.0
2019-02-01,west_macedonia,40.37335309274981,21.49172497870652,28.639286,74.0571,104.311226,3.4109986,8.672147,-1.7625983,2.1556633,0,0.0
2019-03-01,west_macedonia,40.37335309274981,21.49172497870652,23.687098,71.28667,171.9266,7.98368,14.554094,1.093749,2.0628767,0,0.0
2019-04-01,west_macedonia,40.37335309274981,21.49172497870652,183.22,71.53386,189.85477,9.913683,15.362165,4.4452753,1.9857107,0,0.0
2019-05-01,west_macedonia,40.37335309274981,21.49172497870652,271.38388,80.5227,231.38281,13.118734,18.707985,7.1943445,2.233657,0,0.0
2019-06-01,west_macedonia,40.37335309274981,21.49172497870652,138.24667,67.80302,244.8466,20.1306,26.240763,13.459905,2.1023128,0,0.0
2019-07-01,west_macedonia,40.37335309274981,21.49172497870652,170.14194,66.98208,284.58264,21.483698,27.836489,14.4291315,1.9610138,0,0.0
2019-08-01,west_macedonia,40.37335309274981,21.49172497870652,0.0,60.39407,259.23404,22.955599,30.148752,14.951679,1.628443,0,0.0
2019-09-01,west_macedonia,40.37335309274981,21.49172497870652,78.55,68.254074,204.92722,18.286,25.088104,11.712615,1.6082823,0,0.0
2019-10-01,west_macedonia,40.37335309274981,21.49172497870652,133.88708,68.37217,154.83806,13.925309,21.213617,7.810974,1.4131994,0,0.0
2019-11-01,west_macedonia,40.37335309274981,21.49172497870652,506.01666,77.67376,74.84218,9.677241,13.554068,6.067932,1.8403809,0,0.0
2019-12-01,west_macedonia,40.37335309274981,21.49172497870652,249.39032,74.32905,55.54575,3.815576,7.6470013,0.3744273,1.8092988,0,0.0
2020-01-01,west_macedonia,40.37335309274981,21.49172497870652,20.319355,73.15991,83.08098,1.4631567,7.160079,-3.7674358,1.6559743,0,0.0
2020-02-01,west_macedonia,40.37335309274981,21.49172497870652,87.90345,76.56566,122.19424,4.4587545,10.756408,-1.2641239,2.155204,0,0.0
2020-03-01,west_macedonia,40.37335309274981,21.49172497870652,219.09033,76.27902,124.87031,6.555931,12.219999,1.2203094,1.9977881,0,0.0
2020-04-01,west_macedonia,40.37335309274981,21.49172497870652,259.95667,70.44199,174.36667,9.207724,14.980708,2.9527788,2.0211463,0,0.0
2020-05-01,west_macedonia,40.37335309274981,21.49172497870652,94.10323,72.25531,,15.0856085,21.793842,7.6567545,2.1797302,0,0.0
2020-06-01,west_macedonia,40.37335309274981,21.49172497870652,118.53999,76.08068,,18.110252,23.961363,11.383233,2.1654115,0,0.0
2020-07-01,west_macedonia,40.37335309274981,21.49172497870652,121.72581,69.07169,,21.515356,27.794561,14.630375,1.7909875,0,0.0
2020-08-01,west_macedonia,40.37335309274981,21.49172497870652,243.11612,62.600704,,21.368582,28.08469,14.713222,1.6432291,1,23.0
2020-09-01,west_macedonia,40.37335309274981,21.49172497870652,99.346664,67.11548,,18.388119,24.993633,11.958344,1.7289728,1,1151.0
2020-10-01,west_macedonia,40.37335309274981,21.49172497870652,161.38388,74.846725,,12.607187,19.257982,6.7085056,1.7618037,1,2040.0
2020-11-01,west_macedonia,40.37335309274981,21.49172497870652,13.766666,71.36253,,6.983959,13.445322,1.310544,1.176323,1,2120.0
2020-12-01,west_macedonia,40.37335309274981,21.49172497870652,251.07098,79.57463,77.993614,5.5631433,8.659819,2.4177716,1.5847367,1,2120.0
2021-01-01,west_macedonia,40.37335309274981,21.49172497870652,509.97742,79.47813,,3.0078373,6.936448,-1.0005003,1.8341243,1,2120.0
2021-02-01,west_macedonia,40.37335309274981,21.49172497870652,203.94286,74.60276,,4.8170485,10.139042,0.23078354,1.8670409,1,2120.0
2021-03-01,west_macedonia,40.37335309274981,21.49172497870652,135.86775,68.71679,,5.0137787,9.807008,-0.8972679,2.0820901,1,2120.0
2021-04-01,west_macedonia,40.37335309274981,21.49172497870652,130.44,66.53177,,9.004061,14.683367,2.705381,1.861078,1,2120.0
2021-05-01,west_macedonia,40.37335309274981,21.49172497870652,41.78387,67.78597,,15.901332,22.261599,8.521481,2.193048,1,2120.0
2021-06-01,west_macedonia,40.37335309274981,21.49172497870652,169.5,66.52926,,19.857004,26.048218,12.076047,2.036238,1,2120.0
2021-07-01,west_macedonia,40.37335309274981,21.49172497870652,58.10968,59.652977,,23.564917,30.062973,15.516407,1.9655232,1,2120.0
2021-08-01,west_macedonia,40.37335309274981,21.49172497870652,15.470968,53.336643,287.30383,23.41914,30.542694,15.262732,1.6070769,1,2120.0
2021-09-01,west_macedonia,40.37335309274981,21.49172497870652,37.90333,64.962036,216.1476,17.328428,23.695448,10.689855,1.5435238,1,2120.0
2021-10-01,west_macedonia,40.37335309274981,21.49172497870652,504.2484,66.82742,98.539024,9.74285,14.562277,5.4436994,1.4383442,1,2120.0
2021-11-01,west_macedonia,40.37335309274981,21.49172497870652,246.77,72.749344,85.18238,8.321357,12.917439,4.417374,1.4928265,1,2120.0
2021-12-01,west_macedonia,40.37335309274981,21.49172497870652,310.0161,81.94731,61.87887,2.728838,6.5873237,-0.9498518,1.8900099,1,2120.0
2022-01-01,west_macedonia,40.37335309274981,21.49172497870652,98.52581,78.68339,43.239685,0.94767934,5.8701415,-3.895115,1.7526233,1,2120.0
2022-02-01,west_macedonia,40.37335309274981,21.49172497870652,188.31787,80.59352,116.76544,3.2987134,8.643436,-1.6688373,1.7750692,1,2120.0
2022-03-01,west_macedonia,40.37335309274981,21.49172497870652,120.909676,68.5457,130.92899,2.6570966,7.552175,-2.6817312,1.8561258,1,2120.0
2022-04-01,west_macedonia,40.37335309274981,21.49172497870652,125.78667,77.062294,211.23163,10.016198,15.96123,3.6969454,2.0329115,1,2120.0
2022-05-01,west_macedonia,40.37335309274981,21.49172497870652,93.896774,69.066986,181.06912,16.016773,22.888094,8.760191,1.6616327,1,2120.0
2022-06-01,west_macedonia,40.37335309274981,21.49172497870652,156.33334,64.13082,223.50476,20.906282,27.138659,14.201087,1.9572176,1,2120.0
2022-07-01,west_macedonia,40.37335309274981,21.49172497870652,75.40968,63.4504,245.79262,22.31987,29.282476,14.9468155,2.009266,1,2120.0
2022-08-01,west_macedonia,40.37335309274981,21.49172497870652,93.01613,68.813324,171.95,21.375788,28.630754,15.01864,1.7831894,1,2120.0
2022-09-01,west_macedonia,40.37335309274981,21.49172497870652,66.85333,72.53793,159.80302,16.948439,23.651108,10.191276,1.5559014,1,2120.0
2022-10-01,west_macedonia,40.37335309274981,21.49172497870652,150.91934,73.59246,159.43854,12.78549,19.535213,6.2222905,1.5168169,1,2120.0
2022-11-01,west_macedonia,40.37335309274981,21.49172497870652,210.90668,78.33455,90.573685,8.668595,13.547296,4.0221977,1.5408742,1,2120.0
2022-12-01,west_macedonia,40.37335309274981,21.49172497870652,151.35162,84.64236,76.91087,6.439927,10.620305,2.8341606,1.2821198,1,2120.0
2023-01-01,west_macedonia,40.37335309274981,21.49172497870652,228.31937,85.8392,69.83871,3.57894,8.073271,-0.39773864,1.5562081,1,2120.0
2023-02-01,west_macedonia,40.37335309274981,21.49172497870652,23.564285,81.3147,123.843216,2.751917,9.109793,-3.2203095,1.8153936,1,2120.0
2023-03-01,west_macedonia,40.37335309274981,21.49172497870652,160.70645,80.20353,149.02419,7.079549,12.53235,1.4939106,1.9105102,1,2120.0
2023-04-01,west_macedonia,40.37335309274981,21.49172497870652,198.66333,81.23248,166.6875,8.702357,14.178638,3.0871532,1.9131156,1,2120.0
2023-05-01,west_macedonia,40.37335309274981,21.49172497870652,399.82257,82.29272,162.11694,13.030572,17.686903,8.501034,1.7372844,1,2120.0
2023-06-01,west_macedonia,40.37335309274981,21.49172497870652,295.26,73.59662,278.56226,18.43355,24.043825,12.666697,1.4914081,1,2120.0
2023-07-01,west_macedonia,40.37335309274981,21.49172497870652,38.86774,64.81547,265.26047,23.774937,31.116241,15.8609085,1.8631302,1,2120.0
2023-08-01,west_macedonia,40.37335309274981,21.49172497870652,26.129032,71.965225,245.82526,22.006044,29.373495,14.969193,1.7133607,1,2120.0
2023-09-01,west_macedonia,40.37335309274981,21.49172497870652,147.10666,74.087036,146.9258,18.299803,24.953712,12.563091,1.5034524,1,2120.0
2023-10-01,west_macedonia,40.37335309274981,21.49172497870652,88.867744,75.26452,175.74547,15.410888,21.480797,10.045619,1.9531764,1,2120.0
2023-11-01,west_macedonia,40.37335309274981,21.49172497870652,628.7633,82.213615,59.1643,9.175112,13.757829,4.842551,2.1949658,1,2120.0
2023-12-01,west_macedonia,40.37335309274981,21.49172497870652,149.76775,80.71301,78.26891,5.2324357,10.317798,1.2629328,1.6505431,1,2120.0
2024-01-01,west_macedonia,40.37335309274981,21.49172497870652,172.93549,76.93084,62.89782,3.0470572,7.5877385,-0.7802468,1.7267511,1,2120.0
2024-02-01,west_macedonia,40.37335309274981,21.49172497870652,194.94827,76.99356,115.24568,6.940383,12.213177,2.1625686,1.9431245,1,2120.0
2024-03-01,west_macedonia,40.37335309274981,21.49172497870652,229.37097,77.99142,147.76997,8.364997,13.588281,3.5469716,2.1636932,1,2120.0
2024-04-01,west_macedonia,40.37335309274981,21.49172497870652,297.94333,73.80971,225.1818,13.024915,19.540607,6.900738,2.0578537,1,2120.0
2024-05-01,west_macedonia,40.37335309274981,21.49172497870652,214.8871,75.6282,145.21252,14.978732,20.855806,9.322869,2.0845523,1,2120.0
2024-06-01,west_macedonia,40.37335309274981,21.49172497870652,34.683334,64.76471,248.79475,22.754145,29.724798,16.171673,2.0298026,1,2120.0
2024-07-01,west_macedonia,40.37335309274981,21.49172497870652,112.25162,61.321682,267.88947,24.823011,31.815582,17.902843,1.7898616,1,2120.0
2024-08-01,west_macedonia,40.37335309274981,21.49172497870652,36.03226,59.52988,143.31631,24.132534,31.143549,17.462906,1.6187261,1,2120.0
2024-09-01,west_macedonia,40.37335309274981,21.49172497870652,257.84332,77.55732,172.28441,18.232811,23.806585,12.961768,1.6379013,1,2120.0
2024-10-01,west_macedonia,40.37335309274981,21.49172497870652,70.92581,82.25761,151.2376,13.990115,20.115568,7.981208,1.7593219,1,2120.0
2024-11-01,west_macedonia,40.37335309274981,21.49172497870652,408.06335,75.936226,78.96557,7.01737,12.448262,2.167381,1.6413264,1,2120.0
2024-12-01,west_macedonia,40.37335309274981,21.49172497870652,413.29678,76.88378,46.982147,4.4284954,8.428788,0.6797465,1.542383,1,2120.0
2000-01-01,epirus,39.61188371223419,20.789888246258727,90.71936,78.34723,87.93646,0.3926035,5.000186,-4.2114854,1.4570479,0,0.0
2000-02-01,epirus,39.61188371223419,20.789888246258727,224.41725,76.59046,114.68443,4.1755795,8.235834,-0.013099979,1.8771333,0,0.0
2000-03-01,epirus,39.61188371223419,20.789888246258727,116.04839,72.272964,176.49104,6.5647306,11.555836,0.9902247,2.069231,0,0.0
2000-04-01,epirus,39.61188371223419,20.789888246258727,112.47667,71.75421,199.56297,12.357747,17.342812,6.724269,2.3105218,0,0.0
2000-05-01,epirus,39.61188371223419,20.789888246258727,48.48387,66.19294,253.347,17.081203,22.214119,9.992605,2.1034634,0,0.0
2000-06-01,epirus,39.61188371223419,20.789888246258727,78.200005,58.816322,284.61682,21.3148,26.831543,13.305394,2.1938922,0,0.0
2000-07-01,epirus,39.61188371223419,20.789888246258727,35.883873,54.637226,304.95276,23.525337,29.43273,14.32852,2.2805767,0,0.0
2000-08-01,epirus,39.61188371223419,20.789888246258727,0.0,53.701923,271.06482,23.49999,29.795757,14.863913,1.9521146,0,0.0
2000-09-01,epirus,39.61188371223419,20.789888246258727,37.706665,66.02695,192.29965,17.997793,23.472496,11.778241,1.9351044,0,0.0
2000-10-01,epirus,39.61188371223419,20.789888246258727,231.22581,79.45492,127.02835,13.667936,18.533735,8.990791,1.9895014,0,0.0
2000-11-01,epirus,39.61188371223419,20.789888246258727,424.22333,83.292,89.812126,10.71797,15.672356,6.7256193,2.113081,0,0.0
2000-12-01,epirus,39.61188371223419,20.789888246258727,243.49678,79.59371,76.09123,5.776712,10.514151,1.3042065,1.9787487,0,0.0
2001-01-01,epirus,39.61188371223419,20.789888246258727,258.52905,83.10167,70.73835,5.5784297,9.050951,2.4295208,1.9456501,0,0.0
2001-02-01,epirus,39.61188371223419,20.789888246258727,110.96072,71.066246,118.9845,5.4953427,9.933694,1.0493615,2.1136038,0,0.0
2001-03-01,epirus,39.61188371223419,20.789888246258727,113.393555,68.28064,162.19193,10.816454,15.831788,5.806588,2.2987912,0,0.0
2001-04-01,epirus,39.61188371223419,20.789888246258727,356.34332,69.80714,199.85962,10.22166,14.66098,4.656303,2.3947842,0,0.0
2001-05-01,epirus,39.61188371223419,20.789888246258727,102.15161,67.96842,223.58846,17.020931,21.802044,10.038797,2.180163,0,0.0
2001-06-01,epirus,39.61188371223419,20.789888246258727,22.84,56.286854,282.76028,20.587347,25.445555,11.842633,2.35,0,0.0
2001-07-01,epirus,39.61188371223419,20.789888246258727,37.87742,53.985905,277.33624,23.960337,29.144238,15.33957,2.1709416,0,0.0
2001-08-01,epirus,39.61188371223419,20.789888246258727,23.661291,59.514137,250.91626,24.049871,29.96093,16.00709,1.8958229,0,0.0
2001-09-01,epirus,39.61188371223419,20.789888246258727,56.08,62.81864,219.035,18.337694,23.647594,11.09902,2.1755857,0,0.0
2001-10-01,epirus,39.61188371223419,20.789888246258727,40.719353,67.14056,159.58618,15.680053,21.700783,8.584552,1.9068816,0,0.0
2001-11-01,epirus,39.61188371223419,20.789888246258727,332.72668,73.77807,86.67339,8.107606,12.688474,3.5259764,2.1669998,0,0.0
2001-12-01,epirus,39.61188371223419,20.789888246258727,496.0161,78.130005,60.810036,1.6284488,4.846152,-1.8173738,1.9281427,0,0.0
2002-01-01,epirus,39.61188371223419,20.789888246258727,141.18387,77.796104,90.291626,2.7420137,8.056351,-1.6867644,1.7696382,0,0.0
2002-02-01,epirus,39.61188371223419,20.789888246258727,64.29643,72.5123,125.26912,7.561684,12.572889,2.3193362,2.014376,0,0.0
2002-03-01,epirus,39.61188371223419,20.789888246258727,175.81937,71.17324,155.623,9.08794,14.1909275,3.590088,2.2508438,0,0.0
2002-04-01,epirus,39.61188371223419,20.789888246258727,332.78668,75.2316,194.95016,10.852787,15.193941,5.4260573,2.0742795,0,0.0
2002-05-01,epirus,39.61188371223419,20.789888246258727,172.50002,69.51496,239.06909,16.045475,20.63403,9.626611,2.4198728,0,0.0
2002-06-01,epirus,39.61188371223419,20.789888246258727,35.573334,57.316288,276.28012,21.673738,26.644625,13.7636595,2.2205453,0,0.0
2002-07-01,epirus,39.61188371223419,20.789888246258727,223.86772,62.61613,257.36655,23.386492,28.311016,15.7521925,2.045311,0,0.0
2002-08-01,epirus,39.61188371223419,20.789888246258727,231.99355,64.86354,231.41023,21.425234,26.389378,14.515777,2.0107884,0,0.0
2002-09-01,epirus,39.61188371223419,20.789888246258727,692.20996,78.7942,174.47845,16.030384,20.493895,11.4352255,1.6308047,0,0.0
2002-10-01,epirus,39.61188371223419,20.789888246258727,368.91934,75.88749,142.44348,13.230873,18.30246,7.931398,2.0057576,0,0.0
2002-11-01,epirus,39.61188371223419,20.789888246258727,134.57668,81.34952,85.90572,9.720098,14.36007,4.9157205,2.0690942,0,0.0
2002-12-01,epirus,39.61188371223419,20.789888246258727,718.5549,85.75119,50.85435,5.694291,8.398817,2.9539227,1.8442913,0,0.0
2003-01-01,epirus,39.61188371223419,20.789888246258727,576.6355,80.33596,70.43923,6.081,9.48186,3.0560343,2.1549659,0,0.0
2003-02-01,epirus,39.61188371223419,20.789888246258727,240.05357,74.55007,114.72366,1.0217892,5.2612014,-3.448265,2.105754,0,0.0
2003-03-01,epirus,39.61188371223419,20.789888246258727,103.3,68.75573,175.7491,5.9779143,11.164672,0.1980449,1.9942685,0,0.0
2003-04-01,epirus,39.61188371223419,20.789888246258727,149.54666,72.08486,206.5266,9.8813505,14.204664,4.062249,2.310576,0,0.0
2003-05-01,epirus,39.61188371223419,20.789888246258727,82.009674,65.19339,254.2773,18.69548,24.13729,10.761202,2.2986217,0,0.0
2003-06-01,epirus,39.61188371223419,20.789888246258727,61.410004,64.02026,284.134,22.799198,28.169714,14.917044,2.0359223,0,0.0
2003-07-01,epirus,39.61188371223419,20.789888246258727,15.535483,56.94809,295.6455,24.339273,29.569094,15.771176,1.9261811,0,0.0
2003-08-01,epirus,39.61188371223419,20.789888246258727,100.12581,60.537777,258.33725,24.150713,29.724022,16.379885,1.8311697,0,0.0
2003-09-01,epirus,39.61188371223419,20.789888246258727,257.91,69.17289,198.3808,17.724844,22.692038,11.421791,1.8247238,0,0.0
2003-10-01,epirus,39.61188371223419,20.789888246258727,639.74835,74.628975,122.68133,14.140756,18.397205,9.499319,2.1622317,0,0.0
2003-11-01,epirus,39.61188371223419,20.789888246258727,211.0,83.93795,88.06835,10.1089525,14.304325,6.523111,1.898532,0,0.0
2003-12-01,epirus,39.61188371223419,20.789888246258727,366.9355,81.922844,68.875534,5.2314243,9.440573,1.4797167,2.029635,0,0.0
2004-01-01,epirus,39.61188371223419,20.789888246258727,388.61935,78.261795,71.47996,2.7182014,6.5962553,-1.1474358,2.120016,0,0.0
2004-02-01,epirus,39.61188371223419,20.789888246258727,239.25517,71.09306,115.11598,4.997367,9.7332945,0.20902121,1.9774398,0,0.0
2004-03-01,epirus,39.61188371223419,20.789888246258727,306.66452,77.0267,156.59206,7.4957085,11.53634,2.8846498,2.0320299,0,0.0
2004-04-01,epirus,39.61188371223419,20.789888246258727,220.72334,74.89783,173.31818,11.6498575,15.599501,7.4647875,2.305542,0,0.0
2004-05-01,epirus,39.61188371223419,20.789888246258727,151.42903,71.24923,252.68947,13.96602,18.201479,7.929782,2.2325284,0,0.0
2004-06-01,epirus,39.61188371223419,20.789888246258727,127.54667,67.60201,273.166,20.10734,24.618948,12.817378,2.1160438,0,0.0
2004-07-01,epirus,39.61188371223419,20.789888246258727,70.47097,57.165527,288.9661,23.496119,28.435028,15.099416,2.0513587,0,0.0
2004-08-01,epirus,39.61188371223419,20.789888246258727,28.858067,62.100517,261.03357,22.355728,27.753681,14.535978,1.8497751,0,0.0
2004-09-01,epirus,39.61188371223419,20.789888246258727,201.55,67.83303,195.3424,18.39114,23.708368,11.690022,1.6742828,0,0.0
2004-10-01,epirus,39.61188371223419,20.789888246258727,280.68066,77.084694,143.12383,15.379659,20.654747,9.497736,1.9194167,0,0.0
2004-11-01,epirus,39.61188371223419,20.789888246258727,425.26337,74.330696,84.10404,8.797121,13.330293,4.1500745,1.9189495,0,0.0
2004-12-01,epirus,39.61188371223419,20.789888246258727,412.24194,83.118095,57.99577,6.2754116,10.2507,2.7075367,1.7576019,0,0.0
2005-01-01,epirus,39.61188371223419,20.789888246258727,231.46451,69.643425,86.58357,3.5144737,7.380407,-0.24176271,1.7283545,0,0.0
2005-02-01,epirus,39.61188371223419,20.789888246258727,322.55713,71.34882,104.0725,2.433849,6.2718754,-0.989412,2.0802417,0,0.0
2005-03-01,epirus,39.61188371223419,20.789888246258727,207.14517,72.82308,166.4389,7.4898276,11.233852,2.4709644,1.9269599,0,0.0
2005-04-01,epirus,39.61188371223419,20.789888246258727,64.04667,65.51314,211.3542,10.591238,14.601575,4.785946,2.3576798,0,0.0
2005-05-01,epirus,39.61188371223419,20.789888246258727,103.40645,68.453575,242.46564,16.30988,20.521957,9.657732,2.4143662,0,0.0
2005-06-01,epirus,39.61188371223419,20.789888246258727,32.903336,65.620735,276.09393,19.373362,23.28491,12.925755,2.1650572,0,0.0
2005-07-01,epirus,39.61188371223419,20.789888246258727,4.480645,64.15044,274.84293,22.83821,27.071287,16.293804,2.0300457,0,0.0
2005-08-01,epirus,39.61188371223419,20.789888246258727,15.332257,69.33964,241.28673,21.769733,26.24091,15.207921,1.8637569,0,0.0
2005-09-01,epirus,39.61188371223419,20.789888246258727,225.80334,70.389946,181.3643,18.999315,23.19912,13.655931,1.642798,0,0.0
2005-10-01,epirus,39.61188371223419,20.789888246258727,107.35161,72.49013,135.86053,13.441629,17.454548,8.79595,1.983998,0,0.0
2005-11-01,epirus,39.61188371223419,20.789888246258727,362.7,70.60492,91.76734,8.1003,12.155113,3.978498,1.9510707,0,0.0
2005-12-01,epirus,39.61188371223419,20.789888246258727,515.70325,76.806694,64.22189,5.4689283,8.691359,2.3028772,1.8055383,0,0.0
2006-01-01,epirus,39.61188371223419,20.789888246258727,211.0516,73.68575,84.94559,1.766168,6.1051054,-1.2021505,1.8034756,0,0.0
2006-02-01,epirus,39.61188371223419,20.789888246258727,246.81787,76.61942,109.51191,4.1261616,7.9968004,-0.08981971,1.7626082,0,0.0
2006-03-01,epirus,39.61188371223419,20.789888246258727,172.5613,72.30786,145.2307,7.624406,10.770802,3.8017724,2.2726848,0,0.0
2006-04-01,epirus,39.61188371223419,20.789888246258727,137.10667,72.01684,191.67001,11.647828,15.517989,7.136407,1.9438686,0,0.0
2006-05-01,epirus,39.61188371223419,20.789888246258727,20.16129,68.00087,264.5663,15.791642,20.354704,9.118045,2.3902347,0,0.0
2006-06-01,epirus,39.61188371223419,20.789888246258727,84.310005,65.93138,256.61215,19.616598,24.24051,12.698483,2.2257473,0,0.0
2006-07-01,epirus,39.61188371223419,20.789888246258727,32.919353,67.51826,266.7921,22.094889,26.668043,15.947667,2.0860636,0,0.0
2006-08-01,epirus,39.61188371223419,20.789888246258727,22.441936,59.493095,260.41122,22.788412,27.302122,15.806907,2.0396545,0,0.0
2006-09-01,epirus,39.61188371223419,20.789888246258727,204.44333,66.29539,196.63132,18.451996,23.161345,12.643718,1.6802862,0,0.0
2006-10-01,epirus,39.61188371223419,20.789888246258727,57.74516,74.87467,138.68329,14.61151,18.714134,10.280527,1.9918996,0,0.0
2006-11-01,epirus,39.61188371223419,20.789888246258727,96.53667,74.47626,104.700676,7.787373,13.066482,2.7029157,2.0330944,0,0.0
2006-12-01,epirus,39.61188371223419,20.789888246258727,131.49355,75.34166,70.3001,5.5610623,10.013567,1.7424796,1.483229,0,0.0
2007-01-01,epirus,39.61188371223419,20.789888246258727,64.51935,73.05901,99.001305,6.076797,10.7133665,1.1216455,1.5377581,0,0.0
2007-02-01,epirus,39.61188371223419,20.789888246258727,133.90356,75.324005,109.00866,6.1174636,9.444185,2.0591738,1.8779256,0,0.0
2007-03-01,epirus,39.61188371223419,20.789888246258727,243.98389,71.16985,144.79277,8.253975,12.082929,3.5170608,2.2923002,0,0.0
2007-04-01,epirus,39.61188371223419,20.789888246258727,92.32333,69.892,236.76567,11.679502,15.731339,6.196478,1.7501211,0,0.0
2007-05-01,epirus,39.61188371223419,20.789888246258727,139.25806,68.6224,233.68004,16.512926,20.315945,10.621222,2.3818703,0,0.0
2007-06-01,epirus,39.61188371223419,20.789888246258727,119.54001,63.161285,279.6983,21.260136,25.598248,14.12999,2.0365622,0,0.0
2007-07-01,epirus,39.61188371223419,20.789888246258727,0.0,49.84043,306.07593,24.123241,29.339685,16.342306,2.1512969,0,0.0
2007-08-01,epirus,39.61188371223419,20.789888246258727,0.9516129,57.58289,264.2307,23.279505,28.159525,15.8383045,1.956976,0,0.0
2007-09-01,epirus,39.61188371223419,20.789888246258727,58.276665,64.599915,202.67879,17.440556,22.382526,11.063539,1.9721649,0,0.0
2007-10-01,epirus,39.61188371223419,20.789888246258727,345.18713,68.78553,123.043335,13.8236885,18.151585,9.305097,1.6752883,0,0.0
2007-11-01,epirus,39.61188371223419,20.789888246258727,345.16666,76.459656,79.95185,8.550381,12.36779,4.8154545,2.114549,0,0.0
2007-12-01,epirus,39.61188371223419,20.789888246258727,260.1194,76.93547,69.588135,4.18175,7.634761,1.1009058,1.8112382,0,0.0
2008-01-01,epirus,39.61188371223419,20.789888246258727,81.94839,77.85132,79.8159,4.8570414,8.961502,1.033278,1.4446205,0,0.0
2008-02-01,epirus,39.61188371223419,20.789888246258727,58.13793,73.59972,127.38139,5.0269346,9.666426,0.24781607,1.6377463,0,0.0
2008-03-01,epirus,39.61188371223419,20.789888246258727,183.53226,71.03857,153.64159,8.963847,12.930756,4.192473,2.312623,0,0.0
2008-04-01,epirus,39.61188371223419,20.789888246258727,172.25333,73.30965,197.54984,11.557822,15.694989,6.14602,2.0855386,0,0.0
2008-05-01,epirus,39.61188371223419,20.789888246258727,43.980648,68.83135,258.42294,16.01481,20.369146,9.688006,2.0419877,0,0.0
2008-06-01,epirus,39.61188371223419,20.789888246258727,22.96,68.77614,272.66196,21.029627,25.62649,14.397208,1.8741851,0,0.0
2008-07-01,epirus,39.61188371223419,20.789888246258727,0.16451612,66.189865,292.80286,23.149588,27.855326,16.317444,1.9979342,0,0.0
2008-08-01,epirus,39.61188371223419,20.789888246258727,2.5032256,64.07424,276.06384,23.956352,29.237013,16.521238,1.772763,0,0.0
2008-09-01,epirus,39.61188371223419,20.789888246258727,208.34334,68.966324,187.93872,17.873487,22.26141,12.743359,1.7107439,0,0.0
2008-10-01,epirus,39.61188371223419,20.789888246258727,126.03226,76.79543,149.47018,13.910576,18.70676,9.281978,1.6728479,0,0.0
2008-11-01,epirus,39.61188371223419,20.789888246258727,458.54,77.976006,84.19192,10.507054,14.295418,6.9456058,1.9469191,0,0.0
2008-12-01,epirus,39.61188371223419,20.789888246258727,426.1742,74.73201,65.247314,5.5525155,9.006336,2.4256046,1.7727891,0,0.0
2009-01-01,epirus,39.61188371223419,20.789888246258727,565.81616,80.41838,63.38775,5.5314336,8.594063,2.7315347,1.7323396,0,0.0
2009-02-01,epirus,39.61188371223419,20.789888246258727,202.49643,70.800964,108.730156,4.1167026,7.549874,0.20893945,2.011782,0,0.0
2009-03-01,epirus,39.61188371223419,20.789888246258727,262.9484,74.1011,155.31248,6.58855,10.492655,1.900316,2.15971,0,0.0
2009-04-01,epirus,39.61188371223419,20.789888246258727,207.19,75.33934,183.7182,11.644088,15.459184,7.182296,1.9399698,0,0.0
2009-05-01,epirus,39.61188371223419,20.789888246258727,73.53226,71.8858,257.2747,16.84104,21.451902,10.689892,2.1536462,0,0.0
2009-06-01,epirus,39.61188371223419,20.789888246258727,193.4,67.990814,280.14478,19.47518,24.04988,13.1136265,2.0840943,0,0.0
2009-07-01,epirus,39.61188371223419,20.789888246258727,13.203226,63.333076,298.72955,22.587748,27.325861,16.051264,2.1057413,0,0.0
2009-08-01,epirus,39.61188371223419,20.789888246258727,56.07097,69.989655,253.8335,22.622566,27.629452,16.256317,1.7090876,0,0.0
2009-09-01,epirus,39.61188371223419,20.789888246258727,55.93667,73.21029,179.17574,18.815874,22.902927,13.997024,1.7198955,0,0.0
2009-10-01,epirus,39.61188371223419,20.789888246258727,351.95483,74.59994,131.02899,13.952535,17.800484,9.29335,1.8457477,0,0.0
2009-11-01,epirus,39.61188371223419,20.789888246258727,369.52,77.82343,98.302025,9.678784,14.263104,5.4580774,2.0922525,0,0.0
2009-12-01,epirus,39.61188371223419,20.789888246258727,298.1129,80.04505,59.471493,7.924451,11.299189,4.6309414,2.0611048,0,0.0
2010-01-01,epirus,39.61188371223419,20.789888246258727,193.5,67.287285,66.12056,4.965565,7.6097393,2.192323,1.7399154,0,0.0
2010-02-01,epirus,39.61188371223419,20.789888246258727,290.71783,76.44094,92.06385,5.634481,9.082817,2.1605806,2.0821464,0,0.0
2010-03-01,epirus,39.61188371223419,20.789888246258727,162.67096,71.51626,149.24829,8.045637,11.709608,3.3159401,1.9776018,0,0.0
2010-04-01,epirus,39.61188371223419,20.789888246258727,79.32667,71.15032,191.20978,11.908626,16.219177,6.3478885,1.9255859,0,0.0
2010-05-01,epirus,39.61188371223419,20.789888246258727,183.03871,66.34661,237.05473,15.767758,20.081062,9.462334,2.2154934,0,0.0
2010-06-01,epirus,39.61188371223419,20.789888246258727,99.32667,68.35395,240.05725,19.74279,23.974417,13.23002,2.0120943,0,0.0
2010-07-01,epirus,39.61188371223419,20.789888246258727,19.845161,65.60466,272.49203,22.59599,27.104593,15.894194,1.9384522,0,0.0
2010-08-01,epirus,39.61188371223419,20.789888246258727,0.7,57.640114,268.63342,23.772974,28.938963,16.494164,1.5996937,0,0.0
2010-09-01,epirus,39.61188371223419,20.789888246258727,165.38,70.92995,189.73634,18.329622,22.728657,12.892462,1.6534914,0,0.0
2010-10-01,epirus,39.61188371223419,20.789888246258727,573.98706,74.9174,111.31964,13.073356,16.896238,9.314245,1.9963342,0,0.0
2010-11-01,epirus,39.61188371223419,20.789888246258727,284.6767,77.69275,89.57509,12.10429,16.296598,7.726942,1.9544376,0,0.0
2010-12-01,epirus,39.61188371223419,20.789888246258727,210.0,71.9367,70.65656,6.5229716,10.148839,2.7789507,1.7245129,0,0.0
2011-01-01,epirus,39.61188371223419,20.789888246258727,111.909676,71.32672,86.0782,4.975467,9.092218,0.90406966,1.5640731,0,0.0
2011-02-01,epirus,39.61188371223419,20.789888246258727,119.567856,68.92933,107.12626,6.5691767,10.6090975,2.0783622,1.6844947,0,0.0
2011-03-01,epirus,39.61188371223419,20.789888246258727,150.92581,69.984886,143.83609,7.688432,11.765487,2.8740044,1.9322026,0,0.0
2011-04-01,epirus,39.61188371223419,20.789888246258727,123.62666,65.69128,206.9074,11.136845,15.322104,5.5172586,1.9926194,0,0.0
2011-05-01,epirus,39.61188371223419,20.789888246258727,122.31613,70.86856,216.9117,15.161714,19.694649,9.275738,2.1943824,0,0.0
2011-06-01,epirus,39.61188371223419,20.789888246258727,64.12667,69.19984,265.51718,19.896736,24.97109,13.285302,1.9120942,0,0.0
2011-07-01,epirus,39.61188371223419,20.789888246258727,1.5,61.68998,299.9127,22.75184,28.496876,15.362153,1.9591626,0,0.0
2011-08-01,epirus,39.61188371223419,20.789888246258727,6.5903225,59.15854,268.50635,22.75118,29.338852,16.15613,1.6819191,0,0.0
2011-09-01,epirus,39.61188371223419,20.789888246258727,120.07667,62.837452,214.51819,20.656458,27.218054,14.118872,1.5379528,0,0.0
2011-10-01,epirus,39.61188371223419,20.789888246258727,225.94516,64.19268,137.76932,11.867283,17.271088,6.7830267,1.7731181,0,0.0
2011-11-01,epirus,39.61188371223419,20.789888246258727,43.2,64.38459,95.73097,6.771599,12.483488,2.3124545,1.5585725,0,0.0
2011-12-01,epirus,39.61188371223419,20.789888246258727,430.6871,80.19171,73.71261,4.4729095,8.7064905,0.7037015,1.5289606,0,0.0
2012-01-01,epirus,39.61188371223419,20.789888246258727,138.58388,74.043076,82.79342,1.0201792,5.9253564,-3.1814663,1.4623394,0,0.0
2012-02-01,epirus,39.61188371223419,20.789888246258727,466.86554,69.91664,96.35458,2.9364645,6.779488,-0.3645559,1.8164785,0,0.0
2012-03-01,epirus,39.61188371223419,20.789888246258727,126.37742,67.14747,181.07527,7.635845,13.027719,2.7370543,1.6993809,0,0.0
2012-04-01,epirus,39.61188371223419,20.789888246258727,136.61334,70.89665,205.9899,10.837697,15.737043,6.345973,2.2980843,0,0.0
2012-05-01,epirus,39.61188371223419,20.789888246258727,200.24194,70.466385,233.19876,14.838024,20.133846,9.616275,2.0057805,0,0.0
2012-06-01,epirus,39.61188371223419,20.789888246258727,33.61,64.3604,305.8458,21.104122,27.734064,13.793282,1.8204275,0,0.0
2012-07-01,epirus,39.61188371223419,20.789888246258727,2.3774192,59.684177,287.5751,24.787489,31.520802,17.43439,1.9242911,0,0.0
2012-08-01,epirus,39.61188371223419,20.789888246258727,31.738708,55.01152,283.52005,23.784018,30.933485,16.023306,1.6169239,0,0.0
2012-09-01,epirus,39.61188371223419,20.789888246258727,219.89,62.493313,210.96465,19.4051,25.924997,13.302721,1.6773905,0,0.0
2012-10-01,epirus,39.61188371223419,20.789888246258727,399.76453,66.3293,139.40599,15.508377,21.318972,10.410557,1.7474388,0,0.0
2012-11-01,epirus,39.61188371223419,20.789888246258727,290.08334,77.765564,86.96297,10.329872,15.034622,6.414273,1.7985623,0,0.0
2012-12-01,epirus,39.61188371223419,20.789888246258727,596.04193,74.962395,69.57803,4.0549555,8.2505865,0.77290976,1.6153438,0,0.0
2013-01-01,epirus,39.61188371223419,20.789888246258727,504.24194,77.30847,79.03878,4.561248,8.553959,0.9030498,1.8675039,0,0.0
2013-02-01,epirus,39.61188371223419,20.789888246258727,431.2143,76.093475,96.921715,5.498669,9.364152,1.9397691,1.9216992,0,0.0
2013-03-01,epirus,39.61188371223419,20.789888246258727,327.00003,75.903275,145.78136,8.087908,12.472375,4.102646,1.9937992,0,0.0
2013-04-01,epirus,39.61188371223419,20.789888246258727,105.020004,65.857994,236.5771,12.623387,18.0158,6.771212,1.8071852,0,0.0
2013-05-01,epirus,39.61188371223419,20.789888246258727,108.19677,64.31614,230.1665,16.97755,22.380423,11.097533,2.1908276,0,0.0
2013-06-01,epirus,39.61188371223419,20.789888246258727,43.95667,69.15167,255.92625,19.684547,25.445032,13.152731,1.8803602,0,0.0
2013-07-01,epirus,39.61188371223419,20.789888246258727,44.3,61.59097,274.2255,21.978298,28.025055,15.236142,1.7500097,0,0.0
2013-08-01,epirus,39.61188371223419,20.789888246258727,19.729033,57.382816,258.33334,23.410181,29.843464,15.932453,1.5693775,0,0.0
2013-09-01,epirus,39.61188371223419,20.789888246258727,49.47,61.262054,209.99527,18.938875,24.847075,12.511105,1.5559057,0,0.0
2013-10-01,epirus,39.61188371223419,20.789888246258727,246.11615,67.89271,153.12643,14.535842,20.172264,9.281708,1.7606907,0,0.0
2013-11-01,epirus,39.61188371223419,20.789888246258727,644.32666,73.81424,77.0963,10.071006,13.980923,6.5117064,1.9305488,0,0.0
2013-12-01,epirus,39.61188371223419,20.789888246258727,193.78387,71.09055,79.726944,4.266989,9.41257,-0.26903233,1.3853307,0,0.0
2014-01-01,epirus,39.61188371223419,20.789888246258727,256.61935,84.150856,74.666664,6.620827,10.42365,3.0884588,1.9245356,0,0.0
2014-02-01,epirus,39.61188371223419,20.789888246258727,181.52501,75.07409,107.87338,7.3812838,11.702747,3.2238061,1.6359127,0,0.0
2014-03-01,epirus,39.61188371223419,20.789888246258727,289.9355,66.93805,152.64157,8.408227,13.28925,3.5235353,1.7444215,0,0.0
2014-04-01,epirus,39.61188371223419,20.789888246258727,385.96,73.50013,182.63333,10.80762,15.924733,5.891737,1.7335252,0,0.0
2014-05-01,epirus,39.61188371223419,20.789888246258727,178.82903,69.678314,229.77518,14.165936,19.615038,8.72101,1.8789866,0,0.0
2014-06-01,epirus,39.61188371223419,20.789888246258727,36.14,59.973328,256.11145,19.244293,25.254864,12.708401,1.8166363,0,0.0
2014-07-01,epirus,39.61188371223419,20.789888246258727,88.29678,68.05669,241.11241,21.429787,27.392866,14.8214245,1.6936362,0,0.0
2014-08-01,epirus,39.61188371223419,20.789888246258727,12.996775,66.78564,264.48715,22.216446,29.159283,15.259032,1.4565852,1,30.0
2014-09-01,epirus,39.61188371223419,20.789888246258727,442.09668,74.515015,179.49225,17.661264,23.30707,12.509223,1.364835,1,67.0
2014-10-01,epirus,39.61188371223419,20.789888246258727,399.3355,76.10326,126.9371,13.391613,18.52358,8.458491,1.6737862,1,94.0
2014-11-01,epirus,39.61188371223419,20.789888246258727,308.90668,81.37351,81.842094,9.731878,14.30576,5.6100373,1.6844918,1,94.0
2014-12-01,epirus,39.61188371223419,20.789888246258727,357.6516,77.94554,69.94428,6.137696,10.336139,2.4693549,1.4757869,0,0.0
2015-01-01,epirus,39.61188371223419,20.789888246258727,369.83875,73.24216,78.94527,3.8563504,8.401136,-0.4789052,1.7041706,0,0.0
2015-02-01,epirus,39.61188371223419,20.789888246258727,642.36426,65.29833,103.973305,4.0269694,8.630818,-0.24201295,1.8228571,0,0.0
2015-03-01,epirus,39.61188371223419,20.789888246258727,522.78064,68.51939,134.59889,6.6682143,10.92635,2.6920135,1.6955197,0,0.0
2015-04-01,epirus,39.61188371223419,20.789888246258727,114.74334,67.28921,216.52592,10.398902,15.988559,4.540798,1.906037,0,0.0
2015-05-01,epirus,39.61188371223419,20.789888246258727,61.39355,72.07645,241.68752,16.507763,22.745562,10.156024,2.1425774,0,0.0
2015-06-01,epirus,39.61188371223419,20.789888246258727,134.67,71.56467,277.95624,18.685682,24.775475,12.611325,1.7083904,0,0.0
2015-07-01,epirus,39.61188371223419,20.789888246258727,12.406452,67.60837,308.36624,23.977638,30.653719,16.617256,1.6658063,0,0.0
2015-08-01,epirus,39.61188371223419,20.789888246258727,74.75162,68.041916,247.95277,22.788462,29.633863,16.732887,1.4944477,0,0.0
2015-09-01,epirus,39.61188371223419,20.789888246258727,364.20667,64.20228,197.36667,19.992535,25.868633,14.653387,1.5685622,0,0.0
2015-10-01,epirus,39.61188371223419,20.789888246258727,441.73227,80.97269,119.87064,14.050267,18.896206,10.220095,1.6610067,0,0.0
2015-11-01,epirus,39.61188371223419,20.789888246258727,372.29666,76.066826,104.478455,10.168828,16.78808,5.3694944,1.7204546,0,0.0
2015-12-01,epirus,39.61188371223419,20.789888246258727,3.5258064,82.376915,98.61095,4.291955,11.368311,-0.3016097,1.0982697,0,0.0
2016-01-01,epirus,39.61188371223419,20.789888246258727,340.69678,81.17201,84.36788,4.7591367,9.530573,0.92960566,1.7953372,0,0.0
2016-02-01,epirus,39.61188371223419,20.789888246258727,269.38965,79.54934,108.896545,8.900509,13.442082,4.434591,1.926388,0,0.0
2016-03-01,epirus,39.61188371223419,20.789888246258727,398.0355,74.34502,144.26718,7.89607,12.38531,3.3789537,1.9163538,0,0.0
2016-04-01,epirus,39.61188371223419,20.789888246258727,134.87334,69.185455,201.19965,13.609888,19.767504,7.7819996,1.9459965,0,0.0
2016-05-01,epirus,39.61188371223419,20.789888246258727,295.15808,76.19198,226.40111,14.280694,19.321291,8.696605,2.1227372,0,0.0
2016-06-01,epirus,39.61188371223419,20.789888246258727,180.59666,71.71813,257.37576,20.122648,25.96828,13.74798,1.7070539,0,0.0
2016-07-01,epirus,39.61188371223419,20.789888246258727,34.909676,70.69545,281.26392,23.096375,29.040958,16.62284,1.7562494,0,0.0
2016-08-01,epirus,39.61188371223419,20.789888246258727,77.98065,74.27594,246.56467,22.52436,28.429125,16.290169,1.5229976,0,0.0
2016-09-01,epirus,39.61188371223419,20.789888246258727,482.97668,76.41284,175.07138,18.164616,23.424416,13.483521,1.5780874,0,0.0
2016-10-01,epirus,39.61188371223419,20.789888246258727,318.57422,75.49418,131.2838,13.804095,18.762505,9.210372,1.5318899,0,0.0
2016-11-01,epirus,39.61188371223419,20.789888246258727,488.25665,79.15912,97.032326,8.57596,13.493413,4.7495117,1.7562761,0,0.0
2016-12-01,epirus,39.61188371223419,20.789888246258727,15.254839,72.75317,90.1046,3.082903,8.544965,-1.1285142,1.2767448,0,0.0
2017-01-01,epirus,39.61188371223419,20.789888246258727,416.0871,76.76092,77.96317,0.8785696,4.6180153,-2.2566242,1.8211601,0,0.0
2017-02-01,epirus,39.61188371223419,20.789888246258727,137.775,80.31417,117.90765,6.4916086,11.167536,2.4808297,1.7331673,0,0.0
2017-03-01,epirus,39.61188371223419,20.789888246258727,167.4484,71.666405,172.69142,9.123177,14.95518,3.471111,1.9534407,0,0.0
2017-04-01,epirus,39.61188371223419,20.789888246258727,80.763336,72.69683,235.34074,10.821365,16.813757,4.9291377,2.03836,0,0.0
2017-05-01,epirus,39.61188371223419,20.789888246258727,219.9129,78.07443,244.64809,15.30052,20.98731,9.332192,2.0451744,0,0.0
2017-06-01,epirus,39.61188371223419,20.789888246258727,15.91,70.72241,277.4919,20.863567,27.224762,14.060087,1.9125522,0,0.0
2017-07-01,epirus,39.61188371223419,20.789888246258727,71.074196,65.378235,295.28513,23.108002,29.888927,15.572364,2.0388727,0,0.0
2017-08-01,epirus,39.61188371223419,20.789888246258727,6.2999997,65.83867,268.29227,23.64534,30.79131,16.307863,1.8537471,0,0.0
2017-09-01,epirus,39.61188371223419,20.789888246258727,108.13667,70.00732,205.68115,17.879723,24.33428,12.041916,1.6929898,0,0.0
2017-10-01,epirus,39.61188371223419,20.789888246258727,126.98065,71.053734,161.42131,13.115195,20.004917,7.104434,1.5479994,0,0.0
2017-11-01,epirus,39.61188371223419,20.789888246258727,762.66,77.81788,89.350845,8.59502,13.51975,4.5839224,1.7446227,0,0.0
2017-12-01,epirus,39.61188371223419,20.789888246258727,557.06775,80.68868,73.5611,5.252959,9.503515,1.7355034,1.8466406,0,0.0
2018-01-01,epirus,39.61188371223419,20.789888246258727,233.60323,71.99553,86.414795,4.6921573,9.35898,1.164249,1.8450439,0,0.0
2018-02-01,epirus,39.61188371223419,20.789888246258727,794.0214,74.228264,84.74928,5.497922,9.124715,2.3894155,1.7343001,0,0.0
2018-03-01,epirus,39.61188371223419,20.789888246258727,410.31937,80.2955,126.95731,8.676333,13.1707945,4.5220857,2.0154188,0,0.0
2018-04-01,epirus,39.61188371223419,20.789888246258727,16.123333,67.18638,203.6091,14.517657,20.905478,8.08461,1.9459293,0,0.0
2018-05-01,epirus,39.61188371223419,20.789888246258727,284.8258,70.88222,227.98665,17.172895,22.663298,11.944656,1.7707754,0,0.0
2018-06-01,epirus,39.61188371223419,20.789888246258727,304.44,70.63525,234.2687,19.523289,25.14507,14.19235,1.7104243,0,0.0
2018-07-01,epirus,39.61188371223419,20.789888246258727,71.73226,70.70203,273.23264,22.024069,28.056622,15.554124,1.7568492,0,0.0
2018-08-01,epirus,39.61188371223419,20.789888246258727,90.73872,66.79606,235.23395,22.214598,28.613853,15.928021,1.4467351,0,0.0
2018-09-01,epirus,39.61188371223419,20.789888246258727,17.473333,66.577705,198.56297,19.459314,25.139679,12.980468,1.4046566,0,0.0
2018-10-01,epirus,39.61188371223419,20.789888246258727,45.470966,72.45039,134.62462,15.0523,20.977304,9.378586,1.8467969,0,0.0
2018-11-01,epirus,39.61188371223419,20.789888246258727,504.92334,72.228386,88.93939,9.928425,15.132623,5.943141,1.7650708,0,0.0
2018-12-01,epirus,39.61188371223419,20.789888246258727,223.80002,74.26343,74.64581,4.4810815,8.975607,0.43244702,1.4227011,0,0.0
2019-01-01,epirus,39.61188371223419,20.789888246258727,817.5,76.89298,71.95275,1.6831802,5.1691394,-1.7856857,1.7612478,0,0.0
2019-02-01,epirus,39.61188371223419,20.789888246258727,37.053574,71.72729,113.91884,5.9067607,10.871746,1.1069877,1.7786832,0,0.0
2019-03-01,epirus,39.61188371223419,20.789888246258727,68.519356,70.949196,165.51973,8.979283,15.305608,2.790655,1.8717952,0,0.0
2019-04-01,epirus,39.61188371223419,20.789888246258727,228.31001,72.1827,194.59831,11.016477,16.336306,5.937192,1.960596,0,0.0
2019-05-01,epirus,39.61188371223419,20.789888246258727,279.45163,79.79179,215.86151,13.316892,18.63084,7.992046,2.107641,0,0.0
2019-06-01,epirus,39.61188371223419,20.789888246258727,90.33667,65.39929,248.4027,20.888544,27.058784,14.055605,1.8656969,0,0.0
2019-07-01,epirus,39.61188371223419,20.789888246258727,128.71292,66.52448,286.8436,22.518545,28.441515,15.439442,1.7744509,0,0.0
2019-08-01,epirus,39.61188371223419,20.789888246258727,0.0,60.888184,258.55978,24.093197,31.01933,16.428617,1.5498859,0,0.0
2019-09-01,epirus,39.61188371223419,20.789888246258727,90.543335,68.279884,206.69125,19.856277,26.175564,13.505144,1.5646396,0,0.0
2019-10-01,epirus,39.61188371223419,20.789888246258727,185.69678,67.99112,156.10133,15.484665,22.202223,10.012542,1.7348093,0,0.0
2019-11-01,epirus,39.61188371223419,20.789888246258727,791.38,77.52902,84.855896,11.475497,15.374492,8.000256,2.0533333,0,0.0
2019-12-01,epirus,39.61188371223419,20.789888246258727,524.2452,73.37256,67.88465,6.4132,10.326702,3.0398598,1.7548159,0,0.0
2020-01-01,epirus,39.61188371223419,20.789888246258727,37.33226,71.37543,97.24698,3.4154706,9.515058,-1.3425642,1.533291,0,0.0
2020-02-01,epirus,39.61188371223419,20.789888246258727,135.47931,75.40485,127.570885,6.0546184,11.67543,0.81730753,1.7779344,0,0.0
2020-03-01,epirus,39.61188371223419,20.789888246258727,234.25806,75.79758,138.27663,8.2073145,13.349126,3.0951157,1.7680057,0,0.0
2020-04-01,epirus,39.61188371223419,20.789888246258727,149.47,70.696045,191.55151,10.37878,15.866203,4.344515,1.7242222,0,0.0
2020-05-01,epirus,39.61188371223419,20.789888246258727,76.98065,70.37742,,15.911098,22.409304,8.750365,2.0129685,0,0.0
2020-06-01,epirus,39.61188371223419,20.789888246258727,74.02334,74.42654,,18.45911,23.81541,12.0486965,1.8989763,0,0.0
2020-07-01,epirus,39.61188371223419,20.789888246258727,92.18064,67.39367,,22.466589,28.550598,15.3932,1.6307721,0,0.0
2020-08-01,epirus,39.61188371223419,20.789888246258727,96.40323,62.658318,,22.801199,29.29979,16.133955,1.5459173,0,0.0
2020-09-01,epirus,39.61188371223419,20.789888246258727,211.25667,65.284996,,20.031427,26.213549,13.945818,1.5827069,0,0.0
2020-10-01,epirus,39.61188371223419,20.789888246258727,255.27097,73.498085,,14.16134,20.098415,8.771825,1.891199,1,36.0
2020-11-01,epirus,39.61188371223419,20.789888246258727,17.933332,69.045265,,9.048138,15.600384,3.7740872,1.5379864,1,36.0
2020-12-01,epirus,39.61188371223419,20.789888246258727,608.4613,77.90523,85.70564,7.3895993,11.374027,4.139091,1.7422581,1,36.0
2021-01-01,epirus,39.61188371223419,20.789888246258727,749.1968,76.71033,,5.350508,9.165389,1.9239817,1.7650961,1,36.0
2021-02-01,epirus,39.61188371223419,20.789888246258727,341.5107,73.88303,,6.655339,11.949033,2.2006528,1.6206169,1,36.0
2021-03-01,epirus,39.61188371223419,20.789888246258727,202.46452,67.35024,,6.730567,11.764792,1.2386903,1.7002996,1,36.0
2021-04-01,epirus,39.61188371223419,20.789888246258727,104.1,66.430565,,10.175881,15.62841,4.2906265,1.6964881,1,36.0
2021-05-01,epirus,39.61188371223419,20.789888246258727,34.53871,67.55102,,16.328386,22.0965,9.479899,2.108563,1,36.0
2021-06-01,epirus,39.61188371223419,20.789888246258727,95.46001,65.22504,,20.273632,26.543484,12.746855,1.8552492,1,36.0
2021-07-01,epirus,39.61188371223419,20.789888246258727,14.019354,59.07373,,24.02953,30.597,16.250061,1.7425547,1,36.0
2021-08-01,epirus,39.61188371223419,20.789888246258727,4.1580644,53.50308,277.09872,24.386225,31.424671,16.57084,1.5132225,1,36.0
2021-09-01,epirus,39.61188371223419,20.789888246258727,21.736668,64.0881,224.88858,18.970276,25.173365,12.587108,1.3775287,1,36.0
2021-10-01,epirus,39.61188371223419,20.789888246258727,617.25806,65.81834,120.13562,12.51199,17.377201,8.122444,1.5548648,1,36.0
2021-11-01,epirus,39.61188371223419,20.789888246258727,454.67334,71.43491,88.1078,10.7880535,15.504802,6.8060265,1.753,1,36.0
2021-12-01,epirus,39.61188371223419,20.789888246258727,472.64838,79.99649,73.67123,4.9761715,8.857612,1.3700814,1.6063441,1,36.0
2022-01-01,epirus,39.61188371223419,20.789888246258727,155.30002,75.55735,65.48408,3.2032583,8.075618,-1.0944899,1.4502542,1,36.0
2022-02-01,epirus,39.61188371223419,20.789888246258727,279.55,79.39317,111.07434,5.1552234,10.387204,0.55630225,1.6284559,1,36.0
2022-03-01,epirus,39.61188371223419,20.789888246258727,146.11935,68.36004,134.19678,4.7518053,9.492288,-0.3196187,1.702662,1,36.0
2022-04-01,epirus,39.61188371223419,20.789888246258727,156.81668,76.32974,203.7771,11.181524,16.51183,5.425084,1.9205117,1,36.0
2022-05-01,epirus,39.61188371223419,20.789888246258727,78.39033,70.29842,214.62437,16.535357,22.65006,9.569094,1.8092668,1,36.0
2022-06-01,epirus,39.61188371223419,20.789888246258727,117.29,63.467052,243.06131,21.889357,27.61457,15.355725,1.8603232,1,36.0
2022-07-01,epirus,39.61188371223419,20.789888246258727,27.258064,63.03588,251.04057,23.703482,30.268978,16.011986,1.7022449,1,36.0
2022-08-01,epirus,39.61188371223419,20.789888246258727,54.29355,67.361305,196.54584,22.602224,29.41585,16.106537,1.6157479,1,36.0
2022-09-01,epirus,39.61188371223419,20.789888246258727,96.54001,69.985016,159.46178,18.738602,24.743574,12.298778,1.5319494,1,36.0
2022-10-01,epirus,39.61188371223419,20.789888246258727,165.69034,73.09787,160.83243,14.556703,21.257004,8.312743,1.611854,1,36.0
2022-11-01,epirus,39.61188371223419,20.789888246258727,435.61005,77.36813,91.08457,10.4290905,15.401595,5.9949865,1.8213165,1,36.0
2022-12-01,epirus,39.61188371223419,20.789888246258727,301.8742,84.30676,82.29532,8.562433,12.975678,5.1885986,1.3100618,1,36.0
2023-01-01,epirus,39.61188371223419,20.789888246258727,433.84192,84.61705,78.66641,5.410688,10.077172,1.6511405,1.6498632,1,36.0
2023-02-01,epirus,39.61188371223419,20.789888246258727,53.70714,80.22958,120.79095,4.507121,10.5311165,-0.82016224,1.5821754,1,36.0
2023-03-01,epirus,39.61188371223419,20.789888246258727,191.79355,80.469536,154.20142,8.506399,13.4746685,3.4422028,1.7787129,1,36.0
2023-04-01,epirus,39.61188371223419,20.789888246258727,201.75667,80.52091,179.17967,9.796758,14.813622,4.719107,1.828,1,36.0
2023-05-01,epirus,39.61188371223419,20.789888246258727,270.29034,82.484184,175.96458,14.26349,18.910858,9.64606,1.8910556,1,36.0
2023-06-01,epirus,39.61188371223419,20.789888246258727,166.80333,71.47778,228.39047,19.697863,25.089354,14.205418,1.5447776,1,36.0
2023-07-01,epirus,39.61188371223419,20.789888246258727,9.480645,64.02033,253.1956,24.406317,30.976429,16.897226,1.663708,1,36.0
2023-08-01,epirus,39.61188371223419,20.789888246258727,66.30323,70.50336,225.66197,22.643574,29.554335,15.892392,1.5266308,1,36.0
2023-09-01,epirus,39.61188371223419,20.789888246258727,171.99333,74.05845,170.91194,19.53025,25.665909,14.127177,1.4599899,1,36.0
2023-10-01,epirus,39.61188371223419,20.789888246258727,116.63549,75.4368,151.99501,16.93956,22.909018,11.524444,1.914868,1,36.0
2023-11-01,epirus,39.61188371223419,20.789888246258727,775.7533,80.26947,80.3702,10.8517475,15.46331,6.7917676,1.9396026,1,36.0
2023-12-01,epirus,39.61188371223419,20.789888246258727,143.63226,79.9037,76.895966,7.0004463,12.05234,3.2446659,1.5887519,1,36.0
2024-01-01,epirus,39.61188371223419,20.789888246258727,264.17096,75.27065,77.465454,5.152587,9.581518,1.0870577,1.4767808,1,36.0
2024-02-01,epirus,39.61188371223419,20.789888246258727,259.7483,77.048935,119.25991,7.993354,13.429685,2.6910517,1.7987356,1,36.0
2024-03-01,epirus,39.61188371223419,20.789888246258727,220.83871,78.41385,148.02257,9.184718,14.536136,4.1575985,1.9694135,1,36.0
2024-04-01,epirus,39.61188371223419,20.789888246258727,277.20667,71.73998,223.81723,13.233121,20.049614,6.9513235,1.941394,1,36.0
2024-05-01,epirus,39.61188371223419,20.789888246258727,150.70645,75.85777,154.86998,15.698676,21.81231,9.923391,1.9712805,1,36.0
2024-06-01,epirus,39.61188371223419,20.789888246258727,12.666667,64.437035,255.1214,22.946753,30.175537,15.981134,1.890367,1,36.0
2024-07-01,epirus,39.61188371223419,20.789888246258727,67.18065,62.16643,254.33177,25.438383,32.911793,17.996046,1.650075,1,36.0
2024-08-01,epirus,39.61188371223419,20.789888246258727,52.829037,61.324474,132.5213,25.008902,32.452297,17.918694,1.4637308,1,36.0
2024-09-01,epirus,39.61188371223419,20.789888246258727,259.37,79.15562,179.18239,19.355673,24.875944,13.897638,1.567589,1,36.0
2024-10-01,epirus,39.61188371223419,20.789888246258727,103.26129,83.41319,142.24582,14.857431,21.202059,8.581913,1.7408537,1,36.0
2024-11-01,epirus,39.61188371223419,20.789888246258727,394.21664,74.98259,73.50486,8.884175,14.846211,3.3219092,1.5473468,1,36.0
2024-12-01,epirus,39.61188371223419,20.789888246258727,469.10324,75.86182,61.230083,5.940505,10.386423,1.6563767,1.5218018,1,36.0
2000-01-01,ionian_islands,38.64827006803412,20.41117766881253,14.748386,76.97862,90.20967,5.6666527,9.803347,1.4837096,2.0929675,0,0.0
2000-02-01,ionian_islands,38.64827006803412,20.41117766881253,45.724136,75.6544,124.54526,8.200172,11.5383625,4.387371,2.758931,0,0.0
2000-03-01,ionian_islands,38.64827006803412,20.41117766881253,10.067741,71.00418,186.85686,9.693085,13.449838,4.8454437,2.636968,0,0.0
2000-04-01,ionian_islands,38.64827006803412,20.41117766881253,7.3600006,74.38283,212.95833,14.408833,18.220667,9.341499,2.88425,0,0.0
2000-05-01,ionian_islands,38.64827006803412,20.41117766881253,5.787097,70.27778,257.80847,18.925522,22.931633,13.00375,2.7337742,0,0.0
2000-06-01,ionian_islands,38.64827006803412,20.41117766881253,2.3366668,64.91629,298.7979,23.417728,27.314167,16.908958,2.8640168,0,0.0
2000-07-01,ionian_islands,38.64827006803412,20.41117766881253,0.79354835,61.180435,304.39618,24.829275,29.666996,17.363003,3.0819516,0,0.0
2000-08-01,ionian_islands,38.64827006803412,20.41117766881253,0.0,61.378506,275.8004,25.221088,30.368587,17.890644,2.601016,0,0.0
2000-09-01,ionian_islands,38.64827006803412,20.41117766881253,3.5900002,66.80841,197.76666,21.087791,24.931707,15.778187,2.5908332,0,0.0
2000-10-01,ionian_islands,38.64827006803412,20.41117766881253,50.664513,78.68917,139.89314,17.240664,21.019436,13.003811,3.079677,0,0.0
2000-11-01,ionian_islands,38.64827006803412,20.41117766881253,77.32,82.870346,96.777084,14.856625,18.711248,11.375813,3.0687833,0,0.0
2000-12-01,ionian_islands,38.64827006803412,20.41117766881253,55.135483,78.673805,79.12366,10.778931,14.407842,6.741452,2.8816934,0,0.0
2001-01-01,ionian_islands,38.64827006803412,20.41117766881253,67.90323,79.9451,78.58064,9.942037,13.060463,6.6667337,3.1644676,0,0.0
2001-02-01,ionian_islands,38.64827006803412,20.41117766881253,24.442858,72.378975,125.87946,9.383705,12.568481,5.3712945,2.8561606,0,0.0
2001-03-01,ionian_islands,38.64827006803412,20.41117766881253,19.106453,73.833466,171.95766,13.458286,16.937319,9.38002,3.2529838,0,0.0
2001-04-01,ionian_islands,38.64827006803412,20.41117766881253,49.886673,71.28107,217.62292,12.913834,16.41325,8.318479,3.0444164,0,0.0
2001-05-01,ionian_islands,38.64827006803412,20.41117766881253,10.645162,71.50957,241.34879,18.847641,22.830261,12.272963,2.8749194,0,0.0
2001-06-01,ionian_islands,38.64827006803412,20.41117766881253,1.2033333,66.844406,296.44165,21.593708,25.775272,14.1657295,3.1375165,0,0.0
2001-07-01,ionian_islands,38.64827006803412,20.41117766881253,0.0,60.733513,290.89355,25.038708,29.561977,17.874092,3.0654194,0,0.0
2001-08-01,ionian_islands,38.64827006803412,20.41117766881253,0.0,63.804253,266.5373,25.76276,30.59056,19.618427,2.5055485,0,0.0
2001-09-01,ionian_islands,38.64827006803412,20.41117766881253,7.5133333,66.82031,218.50624,21.304792,25.535624,15.699227,2.8886833,0,0.0
2001-10-01,ionian_islands,38.64827006803412,20.41117766881253,8.025806,70.42461,159.33467,18.667883,23.36137,13.169253,3.0695965,0,0.0
2001-11-01,ionian_islands,38.64827006803412,20.41117766881253,74.82,75.52187,90.275,12.707479,16.603039,8.753353,3.2176335,0,0.0
2001-12-01,ionian_islands,38.64827006803412,20.41117766881253,76.82258,72.82355,65.445564,7.5839515,10.642802,4.1630845,2.9156773,0,0.0
2002-01-01,ionian_islands,38.64827006803412,20.41117766881253,41.70968,75.70647,93.40323,7.375564,11.378488,3.4832256,3.159387,0,0.0
2002-02-01,ionian_islands,38.64827006803412,20.41117766881253,5.7464285,76.267525,124.68304,10.806496,14.430803,6.804531,2.8062499,0,0.0
2002-03-01,ionian_islands,38.64827006803412,20.41117766881253,24.583872,72.52135,172.61491,11.686915,15.666027,7.197419,2.9055,0,0.0
2002-04-01,ionian_islands,38.64827006803412,20.41117766881253,36.206665,76.681755,213.28125,13.55327,17.146084,8.86698,2.7125332,0,0.0
2002-05-01,ionian_islands,38.64827006803412,20.41117766881253,12.593548,70.04475,258.5625,18.522984,22.300362,12.893084,3.2533545,0,0.0
2002-06-01,ionian_islands,38.64827006803412,20.41117766881253,1.24,60.613243,279.5875,23.662584,27.855186,17.152061,3.0650666,0,0.0
2002-07-01,ionian_islands,38.64827006803412,20.41117766881253,34.851616,66.86277,274.69153,25.372217,29.421047,19.141956,2.6573386,0,0.0
2002-08-01,ionian_islands,38.64827006803412,20.41117766881253,22.141935,68.064514,249.85483,24.132277,28.012802,18.474857,2.655774,0,0.0
2002-09-01,ionian_islands,38.64827006803412,20.41117766881253,59.809998,76.0795,183.26666,19.918812,23.522707,15.46352,2.1501667,0,0.0
2002-10-01,ionian_islands,38.64827006803412,20.41117766881253,48.851612,76.393875,146.97783,16.963589,21.17643,12.017842,2.7631772,0,0.0
2002-11-01,ionian_islands,38.64827006803412,20.41117766881253,33.760002,82.612274,90.7,14.196522,17.863062,10.398334,3.0428998,0,0.0
2002-12-01,ionian_islands,38.64827006803412,20.41117766881253,149.5387,83.60141,56.342743,10.235342,13.022701,7.435564,3.0666611,0,0.0
2003-01-01,ionian_islands,38.64827006803412,20.41117766881253,75.825806,78.41555,78.072044,10.587318,13.664032,7.5076003,3.6015644,0,0.0
2003-02-01,ionian_islands,38.64827006803412,20.41117766881253,59.178574,71.27459,121.00946,5.5710716,8.99011,1.7788615,2.963625,0,0.0
2003-03-01,ionian_islands,38.64827006803412,20.41117766881253,13.858065,70.46241,183.54031,9.276572,13.302076,4.142359,2.5848064,0,0.0
2003-04-01,ionian_islands,38.64827006803412,20.41117766881253,20.946667,73.29661,222.38542,12.808042,16.147936,8.076437,2.7934332,0,0.0
2003-05-01,ionian_islands,38.64827006803412,20.41117766881253,7.9258065,67.5314,270.94153,20.104534,24.856028,12.628609,2.8030162,0,0.0
2003-06-01,ionian_islands,38.64827006803412,20.41117766881253,2.3533335,66.307846,300.42706,25.123,29.514208,17.89079,2.7084668,0,0.0
2003-07-01,ionian_islands,38.64827006803412,20.41117766881253,0.0,62.729534,309.97983,25.87635,30.362278,19.022984,2.7167418,0,0.0
2003-08-01,ionian_islands,38.64827006803412,20.41117766881253,14.53871,66.44427,262.7359,26.471046,31.13256,19.719738,2.406161,0,0.0
2003-09-01,ionian_islands,38.64827006803412,20.41117766881253,35.073334,72.767715,210.37292,21.024685,24.785145,15.784562,2.5291665,0,0.0
2003-10-01,ionian_islands,38.64827006803412,20.41117766881253,64.6871,76.80406,127.80645,18.079737,21.624516,13.922843,2.9570804,0,0.0
2003-11-01,ionian_islands,38.64827006803412,20.41117766881253,40.38333,83.33852,97.23958,14.441521,17.967312,10.806812,2.8634167,0,0.0
2003-12-01,ionian_islands,38.64827006803412,20.41117766881253,94.935486,79.0291,72.04032,10.012701,13.69506,6.3833666,2.814048,0,0.0
2004-01-01,ionian_islands,38.64827006803412,20.41117766881253,73.94516,77.134384,76.96169,7.8634677,11.149052,4.392278,3.464032,0,0.0
2004-02-01,ionian_islands,38.64827006803412,20.41117766881253,23.386208,75.10854,117.97414,9.020172,12.586142,4.7549567,2.6925862,0,0.0
2004-03-01,ionian_islands,38.64827006803412,20.41117766881253,39.49355,80.5819,165.04234,10.883305,13.951813,6.876996,2.9090805,0,0.0
2004-04-01,ionian_islands,38.64827006803412,20.41117766881253,24.613335,76.38515,181.30624,14.155687,17.302229,10.08827,3.0682998,0,0.0
2004-05-01,ionian_islands,38.64827006803412,20.41117766881253,8.664516,76.12981,260.0968,16.49615,20.054031,10.90494,3.1491287,0,0.0
2004-06-01,ionian_islands,38.64827006803412,20.41117766881253,6.9133334,73.141426,288.675,21.861187,25.919666,15.4991665,2.9787333,0,0.0
2004-07-01,ionian_islands,38.64827006803412,20.41117766881253,7.1354837,60.55816,297.875,25.441591,29.61776,18.693953,2.7308226,0,0.0
2004-08-01,ionian_islands,38.64827006803412,20.41117766881253,1.3387096,69.01857,272.99194,24.186672,28.40748,17.890263,2.3886292,0,0.0
2004-09-01,ionian_islands,38.64827006803412,20.41117766881253,18.99,70.25906,204.65833,21.334187,25.580353,15.811999,2.2670498,0,0.0
2004-10-01,ionian_islands,38.64827006803412,20.41117766881253,28.451614,78.73688,148.17743,18.729252,22.794132,14.094072,2.855613,0,0.0
2004-11-01,ionian_islands,38.64827006803412,20.41117766881253,66.50667,73.85342,86.60208,13.370187,17.123041,9.396853,2.9966998,0,0.0
2004-12-01,ionian_islands,38.64827006803412,20.41117766881253,80.74839,80.701904,62.201614,11.127036,14.386291,7.831048,2.970145,0,0.0
2005-01-01,ionian_islands,38.64827006803412,20.41117766881253,42.60968,68.24316,89.560486,7.782641,11.039354,4.4623795,2.5799675,0,0.0
2005-02-01,ionian_islands,38.64827006803412,20.41117766881253,63.99286,68.644,112.62277,6.5714064,9.874642,3.4906251,3.1364286,0,0.0
2005-03-01,ionian_islands,38.64827006803412,20.41117766881253,29.106453,71.85433,176.48105,10.368246,13.734898,6.0431046,2.6316936,0,0.0
2005-04-01,ionian_islands,38.64827006803412,20.41117766881253,9.253334,65.52749,223.75,12.592729,16.16002,7.9787703,3.1121166,0,0.0
2005-05-01,ionian_islands,38.64827006803412,20.41117766881253,5.7,67.83005,260.96976,18.043003,22.168224,12.631209,3.1539836,0,0.0
2005-06-01,ionian_islands,38.64827006803412,20.41117766881253,0.5,64.94788,287.91458,21.409248,25.317081,15.571771,2.9475498,0,0.0
2005-07-01,ionian_islands,38.64827006803412,20.41117766881253,0.22580644,64.61505,286.06854,24.508387,28.69125,18.839336,2.8968546,0,0.0
2005-08-01,ionian_islands,38.64827006803412,20.41117766881253,0.0,67.19131,248.76208,23.762398,27.932579,18.180323,2.559774,0,0.0
2005-09-01,ionian_islands,38.64827006803412,20.41117766881253,42.303337,68.46107,198.61458,21.489977,25.14725,17.203,2.2876666,0,0.0
2005-10-01,ionian_islands,38.64827006803412,20.41117766881253,21.106451,70.72103,142.28427,16.570543,20.17139,12.547318,2.671629,0,0.0
2005-11-01,ionian_islands,38.64827006803412,20.41117766881253,76.28333,68.1287,97.48233,12.27877,15.53502,8.668062,3.0217998,0,0.0
2005-12-01,ionian_islands,38.64827006803412,20.41117766881253,72.712906,73.351746,68.33649,9.641975,12.428144,6.3522778,2.768032,0,0.0
2006-01-01,ionian_islands,38.64827006803412,20.41117766881253,37.261288,73.02444,89.64113,6.204778,9.680867,2.8087702,2.7874353,0,0.0
2006-02-01,ionian_islands,38.64827006803412,20.41117766881253,53.142857,75.13479,117.21429,8.3595085,11.399063,4.7165623,2.6447856,0,0.0
2006-03-01,ionian_islands,38.64827006803412,20.41117766881253,21.867743,70.37263,155.02016,10.619415,13.136391,7.347601,3.1180482,0,0.0
2006-04-01,ionian_islands,38.64827006803412,20.41117766881253,9.95,70.46928,206.02708,13.85004,17.232561,9.983916,2.5727334,0,0.0
2006-05-01,ionian_islands,38.64827006803412,20.41117766881253,0.58064514,67.577446,269.4617,17.923044,22.189556,12.342601,3.1575482,0,0.0
2006-06-01,ionian_islands,38.64827006803412,20.41117766881253,3.5700002,64.26939,277.46875,21.714333,26.30898,15.85077,2.92205,0,0.0
2006-07-01,ionian_islands,38.64827006803412,20.41117766881253,1.880645,67.53449,279.63104,24.590908,29.206572,19.089476,2.8629193,0,0.0
2006-08-01,ionian_islands,38.64827006803412,20.41117766881253,0.7580645,56.93846,266.6682,24.857397,29.187923,19.222801,2.7056289,0,0.0
2006-09-01,ionian_islands,38.64827006803412,20.41117766881253,35.5,64.760445,207.21667,21.434103,25.68477,16.659832,2.26965,0,0.0
2006-10-01,ionian_islands,38.64827006803412,20.41117766881253,3.064516,74.03677,145.98386,17.540724,21.350967,13.614555,2.7120805,0,0.0
2006-11-01,ionian_islands,38.64827006803412,20.41117766881253,4.1933336,73.35797,110.524994,11.491438,15.818312,6.5392704,3.2427166,0,0.0
2006-12-01,ionian_islands,38.64827006803412,20.41117766881253,23.125809,74.72083,70.84678,9.661189,13.481391,6.1249995,2.1468387,0,0.0
2007-01-01,ionian_islands,38.64827006803412,20.41117766881253,5.7806454,70.03531,96.895905,9.275564,13.220867,4.835363,2.2046452,0,0.0
2007-02-01,ionian_islands,38.64827006803412,20.41117766881253,25.310715,72.24054,114.250824,9.858862,12.869799,6.155223,2.691214,0,0.0
2007-03-01,ionian_islands,38.64827006803412,20.41117766881253,31.551613,69.044106,157.23097,11.527863,15.056452,7.3477416,3.235145,0,0.0
2007-04-01,ionian_islands,38.64827006803412,20.41117766881253,10.606667,70.73011,241.25832,14.244562,18.099771,9.301855,2.24315,0,0.0
2007-05-01,ionian_islands,38.64827006803412,20.41117766881253,8.293549,65.70538,243.96394,18.360987,22.195543,13.026592,3.1390965,0,0.0
2007-06-01,ionian_islands,38.64827006803412,20.41117766881253,4.3,62.231243,285.38348,22.909416,27.221874,16.782187,2.782783,0,0.0
2007-07-01,ionian_islands,38.64827006803412,20.41117766881253,0.0,50.593998,302.366,25.664375,30.94399,19.116592,2.9208388,0,0.0
2007-08-01,ionian_islands,38.64827006803412,20.41117766881253,0.0,57.166748,275.73013,24.960745,29.716713,18.908829,2.570355,0,0.0
2007-09-01,ionian_islands,38.64827006803412,20.41117766881253,4.5833335,61.181885,208.51459,20.196102,24.47225,14.79252,2.5423331,0,0.0
2007-10-01,ionian_islands,38.64827006803412,20.41117766881253,44.222584,66.62913,128.92542,17.065563,20.95766,12.910402,2.4822419,0,0.0
2007-11-01,ionian_islands,38.64827006803412,20.41117766881253,47.440002,71.95115,84.78125,12.412499,15.865061,8.469146,3.4507499,0,0.0
2007-12-01,ionian_islands,38.64827006803412,20.41117766881253,51.696777,76.170944,72.29435,8.254173,11.664132,4.881714,2.5554516,0,0.0
2008-01-01,ionian_islands,38.64827006803412,20.41117766881253,18.345161,76.55886,83.09879,8.849072,12.440846,5.327117,2.1146774,0,0.0
2008-02-01,ionian_islands,38.64827006803412,20.41117766881253,10.410344,74.189606,129.52155,8.367694,12.342176,4.1290083,2.3090172,0,0.0
2008-03-01,ionian_islands,38.64827006803412,20.41117766881253,28.154839,68.342705,161.75403,11.676874,15.020261,7.61373,3.0723548,0,0.0
2008-04-01,ionian_islands,38.64827006803412,20.41117766881253,28.243334,71.99844,214.85419,13.799042,17.524021,9.413333,2.7610664,0,0.0
2008-05-01,ionian_islands,38.64827006803412,20.41117766881253,3.696774,67.6055,273.63208,17.755001,22.141954,12.079677,2.729258,0,0.0
2008-06-01,ionian_islands,38.64827006803412,20.41117766881253,2.4233334,67.25076,300.85446,23.061314,27.644625,17.124603,2.5690832,0,0.0
2008-07-01,ionian_islands,38.64827006803412,20.41117766881253,0.0,65.585,304.87976,25.216248,29.771854,19.61127,2.809871,0,0.0
2008-08-01,ionian_islands,38.64827006803412,20.41117766881253,0.0,65.632484,281.92297,26.070625,31.180885,19.829699,2.4155,0,0.0
2008-09-01,ionian_islands,38.64827006803412,20.41117766881253,21.196667,67.31106,201.26459,20.678833,24.772644,15.884832,2.3652332,0,0.0
2008-10-01,ionian_islands,38.64827006803412,20.41117766881253,14.506452,75.237114,153.53226,16.985725,21.060825,12.83754,2.4811935,0,0.0
2008-11-01,ionian_islands,38.64827006803412,20.41117766881253,91.57,75.099,90.33333,14.272541,17.715792,10.720625,2.9587166,0,0.0
2008-12-01,ionian_islands,38.64827006803412,20.41117766881253,81.0871,71.32344,68.29436,9.97627,13.033365,7.0844555,3.0708225,0,0.0
2009-01-01,ionian_islands,38.64827006803412,20.41117766881253,111.23226,78.962105,65.076614,9.754314,12.42865,7.0357666,3.1116288,0,0.0
2009-02-01,ionian_islands,38.64827006803412,20.41117766881253,36.485714,67.98086,114.80134,7.6847095,10.815044,4.3594866,2.8515177,0,0.0
2009-03-01,ionian_islands,38.64827006803412,20.41117766881253,45.080643,70.21232,167.51244,9.854193,13.324172,5.2747583,3.0875645,0,0.0
2009-04-01,ionian_islands,38.64827006803412,20.41117766881253,25.23,75.24704,196.87708,14.203543,17.7215,10.367978,2.4837167,0,0.0
2009-05-01,ionian_islands,38.64827006803412,20.41117766881253,1.5064516,70.66955,275.73715,18.91002,23.154678,13.494173,2.9911933,0,0.0
2009-06-01,ionian_islands,38.64827006803412,20.41117766881253,9.73,66.20969,287.14746,21.760355,25.856895,15.966145,2.8791833,0,0.0
2009-07-01,ionian_islands,38.64827006803412,20.41117766881253,0.0,61.933582,312.3766,24.538366,29.058588,18.759575,2.8901935,0,0.0
2009-08-01,ionian_islands,38.64827006803412,20.41117766881253,0.0,69.02436,266.01883,25.350744,29.932278,19.718025,2.4775643,0,0.0
2009-09-01,ionian_islands,38.64827006803412,20.41117766881253,11.733333,70.81985,190.44376,21.592396,25.35471,17.39198,2.4008331,0,0.0
2009-10-01,ionian_islands,38.64827006803412,20.41117766881253,56.24839,71.36645,139.13708,17.083508,20.44482,13.154253,2.708919,0,0.0
2009-11-01,ionian_islands,38.64827006803412,20.41117766881253,50.973335,78.49345,99.94375,13.193437,16.696978,9.553958,3.2479165,0,0.0
2009-12-01,ionian_islands,38.64827006803412,20.41117766881253,33.148388,77.66738,62.543587,11.507923,14.412217,8.500544,3.3129838,0,0.0
2010-01-01,ionian_islands,38.64827006803412,20.41117766881253,27.183872,62.437916,71.014114,9.119535,11.4936495,6.4262905,3.5482743,0,0.0
2010-02-01,ionian_islands,38.64827006803412,20.41117766881253,37.635715,73.20637,101.18587,9.78462,12.656473,6.6383934,3.211357,0,0.0
2010-03-01,ionian_islands,38.64827006803412,20.41117766881253,15.148388,69.43107,157.79276,11.201431,14.24145,7.2514915,3.1139193,0,0.0
2010-04-01,ionian_islands,38.64827006803412,20.41117766881253,4.72,68.57472,202.48514,14.250418,18.358957,9.163709,2.6694665,0,0.0
2010-05-01,ionian_islands,38.64827006803412,20.41117766881253,17.803225,63.360455,243.83418,17.39879,21.712177,12.01248,3.1138062,0,0.0
2010-06-01,ionian_islands,38.64827006803412,20.41117766881253,5.21,65.19091,268.05368,21.656832,25.877123,15.962145,3.0357165,0,0.0
2010-07-01,ionian_islands,38.64827006803412,20.41117766881253,0.0,63.934498,289.1506,24.736511,29.238064,18.825302,2.6386292,0,0.0
2010-08-01,ionian_islands,38.64827006803412,20.41117766881253,0.0,56.875854,270.29874,25.545685,30.449959,19.37492,2.3486774,0,0.0
2010-09-01,ionian_islands,38.64827006803412,20.41117766881253,16.286667,66.54634,192.22528,21.095186,24.977062,16.35375,2.3176498,0,0.0
2010-10-01,ionian_islands,38.64827006803412,20.41117766881253,94.33226,70.29511,123.26613,16.570969,20.180544,13.031289,3.0959837,0,0.0
2010-11-01,ionian_islands,38.64827006803412,20.41117766881253,26.093334,74.80382,91.632904,15.709749,18.989832,12.289645,3.4328666,0,0.0
2010-12-01,ionian_islands,38.64827006803412,20.41117766881253,21.358067,67.53326,72.1996,10.909073,13.697419,7.6103225,3.2270806,0,0.0
2011-01-01,ionian_islands,38.64827006803412,20.41117766881253,30.496773,69.15213,90.17494,8.869476,12.365363,4.7826815,2.451613,0,0.0
2011-02-01,ionian_islands,38.64827006803412,20.41117766881253,21.735714,66.121124,116.86715,9.791161,13.463036,5.5125446,2.42625,0,0.0
2011-03-01,ionian_islands,38.64827006803412,20.41117766881253,22.367743,65.096405,154.48572,10.790706,14.296068,6.73619,2.872871,0,0.0
2011-04-01,ionian_islands,38.64827006803412,20.41117766881253,23.793335,62.07412,218.24016,13.395895,17.337418,8.936853,2.5806165,0,0.0
2011-05-01,ionian_islands,38.64827006803412,20.41117766881253,11.483871,66.66819,235.27505,17.52385,21.99141,12.259556,3.2757096,0,0.0
2011-06-01,ionian_islands,38.64827006803412,20.41117766881253,2.6433334,64.63829,291.22873,22.06583,26.973854,16.30327,2.8498664,0,0.0
2011-07-01,ionian_islands,38.64827006803412,20.41117766881253,0.0,59.35711,301.59332,25.030243,29.856308,18.790886,2.7572095,0,0.0
2011-08-01,ionian_islands,38.64827006803412,20.41117766881253,0.0,59.429565,276.50073,25.257801,30.702358,19.356369,2.3273225,0,0.0
2011-09-01,ionian_islands,38.64827006803412,20.41117766881253,12.973333,61.188885,221.73613,23.781017,29.0435,17.645813,2.1976666,0,0.0
2011-10-01,ionian_islands,38.64827006803412,20.41117766881253,60.05484,58.849213,147.62173,15.936795,20.33776,10.843124,2.8621774,0,0.0
2011-11-01,ionian_islands,38.64827006803412,20.41117766881253,6.59,62.311863,99.59699,11.744104,16.182499,7.1395206,2.7533333,0,0.0
2011-12-01,ionian_islands,38.64827006803412,20.41117766881253,74.28387,74.14699,79.56099,9.608286,12.980141,5.9471974,2.4750805,0,0.0
2012-01-01,ionian_islands,38.64827006803412,20.41117766881253,18.806452,66.46302,90.4086,6.0267134,10.0170765,1.9397578,2.1435966,0,0.0
2012-02-01,ionian_islands,38.64827006803412,20.41117766881253,83.56897,63.690533,110.112076,7.7307105,10.804828,4.317543,2.8105862,0,0.0
2012-03-01,ionian_islands,38.64827006803412,20.41117766881253,7.7516127,62.820587,194.2325,11.093649,15.261693,6.1829233,2.4936612,0,0.0
2012-04-01,ionian_islands,38.64827006803412,20.41117766881253,10.306666,69.02132,215.31813,14.205333,17.776041,10.249791,3.3228831,0,0.0
2012-05-01,ionian_islands,38.64827006803412,20.41117766881253,11.658065,66.88389,255.24036,18.057358,22.128527,12.957297,2.9369678,0,0.0
2012-06-01,ionian_islands,38.64827006803412,20.41117766881253,1.7133334,63.812263,300.2515,23.81575,29.030666,16.862415,2.9987,0,0.0
2012-07-01,ionian_islands,38.64827006803412,20.41117766881253,1.2161291,59.312782,295.28857,27.17389,32.468384,20.360947,2.8023548,0,0.0
2012-08-01,ionian_islands,38.64827006803412,20.41117766881253,0.26774192,55.96157,290.55646,26.640604,32.294594,19.340363,2.284613,0,0.0
2012-09-01,ionian_islands,38.64827006803412,20.41117766881253,28.913334,60.902992,218.50046,22.578833,27.404644,16.875668,2.1993332,0,0.0
2012-10-01,ionian_islands,38.64827006803412,20.41117766881253,31.654839,64.862854,141.70168,19.321754,23.644175,14.515443,2.932661,0,0.0
2012-11-01,ionian_islands,38.64827006803412,20.41117766881253,27.296667,71.6623,94.62039,14.644083,18.482708,10.401333,3.1585498,0,0.0
2012-12-01,ionian_islands,38.64827006803412,20.41117766881253,68.16774,70.00311,75.55603,8.93375,12.359234,5.366089,2.5924678,0,0.0
2013-01-01,ionian_islands,38.64827006803412,20.41117766881253,78.49678,72.347015,82.05085,8.94643,12.161976,5.1398993,3.218306,0,0.0
2013-02-01,ionian_islands,38.64827006803412,20.41117766881253,72.589294,70.53975,114.56696,9.429554,12.535669,5.8839955,2.8411427,0,0.0
2013-03-01,ionian_islands,38.64827006803412,20.41117766881253,41.62258,71.59755,163.21957,11.893448,15.037217,8.098407,3.518661,0,0.0
2013-04-01,ionian_islands,38.64827006803412,20.41117766881253,5.65,64.03056,255.51042,15.412375,19.593208,10.160396,2.5247166,0,0.0
2013-05-01,ionian_islands,38.64827006803412,20.41117766881253,6.019355,61.32405,239.4715,19.615019,23.80992,14.150403,3.127145,0,0.0
2013-06-01,ionian_islands,38.64827006803412,20.41117766881253,3.5833333,64.53995,280.38916,22.234957,26.849562,15.923791,2.7635334,0,0.0
2013-07-01,ionian_islands,38.64827006803412,20.41117766881253,0.0,60.060974,293.20514,24.729515,29.799757,17.755302,2.5425,0,0.0
2013-08-01,ionian_islands,38.64827006803412,20.41117766881253,1.8129032,56.995285,266.41666,26.568607,31.664978,19.862904,2.4055,0,0.0
2013-09-01,ionian_islands,38.64827006803412,20.41117766881253,2.03,58.866364,208.58392,22.092457,26.668375,16.352583,2.28935,0,0.0
2013-10-01,ionian_islands,38.64827006803412,20.41117766881253,25.925806,68.25549,159.64777,18.072723,21.928024,13.382278,2.8874354,0,0.0
2013-11-01,ionian_islands,38.64827006803412,20.41117766881253,130.53,67.70097,85.192085,14.138875,17.25779,10.540709,3.4036667,0,0.0
2013-12-01,ionian_islands,38.64827006803412,20.41117766881253,26.387098,67.042984,84.8288,9.246976,13.237097,4.742137,2.0860646,0,0.0
2014-01-01,ionian_islands,38.64827006803412,20.41117766881253,49.95484,80.30003,78.34827,10.8813505,13.899537,7.4688506,3.2360644,0,0.0
2014-02-01,ionian_islands,38.64827006803412,20.41117766881253,39.51786,71.19578,110.78869,11.023325,14.290735,7.0652456,2.3074641,0,0.0
2014-03-01,ionian_islands,38.64827006803412,20.41117766881253,56.63226,64.387245,165.48131,11.830201,15.407338,7.0528626,2.5565968,0,0.0
2014-04-01,ionian_islands,38.64827006803412,20.41117766881253,30.490002,71.704056,202.46065,13.637812,17.685457,8.966229,2.5004497,0,0.0
2014-05-01,ionian_islands,38.64827006803412,20.41117766881253,17.519356,65.40845,247.81969,16.309595,21.43381,10.58143,2.7485967,0,0.0
2014-06-01,ionian_islands,38.64827006803412,20.41117766881253,0.9666667,60.998787,279.98145,21.367584,26.999727,14.842624,3.0002332,0,0.0
2014-07-01,ionian_islands,38.64827006803412,20.41117766881253,3.467742,65.6476,262.94897,23.323143,28.992882,16.646833,2.5112097,0,0.0
2014-08-01,ionian_islands,38.64827006803412,20.41117766881253,0.0,65.97548,282.90323,23.969877,30.380764,17.340685,2.044129,0,0.0
2014-09-01,ionian_islands,38.64827006803412,20.41117766881253,50.09,72.231476,191.11409,20.652168,25.727436,15.303749,2.1679666,0,0.0
2014-10-01,ionian_islands,38.64827006803412,20.41117766881253,76.077415,71.60126,137.72914,16.454416,21.288286,11.641773,2.3298066,1,42.0
2014-11-01,ionian_islands,38.64827006803412,20.41117766881253,39.72,78.30572,94.02307,13.585812,18.071354,9.001291,2.99915,1,225.0
2014-12-01,ionian_islands,38.64827006803412,20.41117766881253,66.75484,74.62337,78.95097,10.275948,14.461976,6.104335,2.4403386,0,0.0
2015-01-01,ionian_islands,38.64827006803412,20.41117766881253,68.977425,66.93876,86.20653,7.825282,12.251108,3.3615925,2.5635645,0,0.0
2015-02-01,ionian_islands,38.64827006803412,20.41117766881253,98.58214,61.858658,109.17827,7.6098213,11.732522,3.4093974,2.8015535,0,0.0
2015-03-01,ionian_islands,38.64827006803412,20.41117766881253,72.006454,64.58681,153.49211,10.134032,14.1325,5.723548,2.5025642,0,0.0
2015-04-01,ionian_islands,38.64827006803412,20.41117766881253,9.016667,65.02466,231.3923,12.7143135,17.735458,6.8059993,2.8262331,0,0.0
2015-05-01,ionian_islands,38.64827006803412,20.41117766881253,6.203226,70.8847,261.87973,17.990383,23.742258,11.386352,3.2602258,0,0.0
2015-06-01,ionian_islands,38.64827006803412,20.41117766881253,8.926666,70.00646,301.55927,20.888042,26.771978,14.346874,2.4394333,0,0.0
2015-07-01,ionian_islands,38.64827006803412,20.41117766881253,0.0,67.42291,314.0971,25.822578,32.26796,18.261208,2.437871,0,0.0
2015-08-01,ionian_islands,38.64827006803412,20.41117766881253,3.180645,68.11961,258.2975,25.328386,31.43266,19.19242,2.2275162,0,0.0
2015-09-01,ionian_islands,38.64827006803412,20.41117766881253,35.81,65.03904,206.47777,22.339832,27.934685,16.727854,2.1943164,0,0.0
2015-10-01,ionian_islands,38.64827006803412,20.41117766881253,58.654842,79.4329,126.01074,17.460806,22.033447,12.949173,2.8754516,0,0.0
2015-11-01,ionian_islands,38.64827006803412,20.41117766881253,60.306667,79.14812,105.17777,12.842083,18.65223,8.0929575,2.9553332,0,0.0
2015-12-01,ionian_islands,38.64827006803412,20.41117766881253,0.71290326,83.03613,101.82727,8.615767,14.090222,3.4578226,1.4745646,0,0.0
2016-01-01,ionian_islands,38.64827006803412,20.41117766881253,59.506454,78.44991,86.10638,9.0317745,12.587097,5.3229027,3.0826774,0,0.0
2016-02-01,ionian_islands,38.64827006803412,20.41117766881253,34.5,77.51337,110.885056,12.102154,15.220043,7.6814003,2.6763103,0,0.0
2016-03-01,ionian_islands,38.64827006803412,20.41117766881253,64.37419,71.963005,147.43501,11.126613,14.352298,6.666996,2.9375644,0,0.0
2016-04-01,ionian_islands,38.64827006803412,20.41117766881253,12.416666,69.583595,198.91614,15.78348,20.332272,10.4331875,2.376533,0,0.0
2016-05-01,ionian_islands,38.64827006803412,20.41117766881253,24.887096,73.947426,243.01291,17.035322,21.17488,11.714253,2.8677418,0,0.0
2016-06-01,ionian_islands,38.64827006803412,20.41117766881253,14.280001,70.24273,273.67447,22.310354,27.168144,16.367355,2.5805335,0,0.0
2016-07-01,ionian_islands,38.64827006803412,20.41117766881253,0.6516129,68.97207,291.62723,25.340645,30.270464,19.255201,2.5244515,0,0.0
2016-08-01,ionian_islands,38.64827006803412,20.41117766881253,5.409678,73.24,255.89606,25.136692,30.015564,18.973606,2.169758,0,0.0
2016-09-01,ionian_islands,38.64827006803412,20.41117766881253,73.903336,74.621086,187.98941,21.332458,25.60496,16.60221,2.16785,0,0.0
2016-10-01,ionian_islands,38.64827006803412,20.41117766881253,62.18065,73.6673,141.46954,17.406612,21.503689,12.948547,2.5404193,0,0.0
2016-11-01,ionian_islands,38.64827006803412,20.41117766881253,86.060005,75.867805,102.47037,13.031375,16.893291,9.23575,3.0964332,0,0.0
2016-12-01,ionian_islands,38.64827006803412,20.41117766881253,2.1612902,71.740776,95.48029,7.6937904,11.850625,3.4064717,2.1260483,0,0.0
2017-01-01,ionian_islands,38.64827006803412,20.41117766881253,57.480648,76.368126,83.17642,5.920887,9.028527,2.5529234,2.8672416,0,0.0
2017-02-01,ionian_islands,38.64827006803412,20.41117766881253,14.667856,80.127205,119.41873,10.285669,13.885134,6.2930355,2.606982,0,0.0
2017-03-01,ionian_islands,38.64827006803412,20.41117766881253,15.07742,70.89041,182.6454,12.17248,16.525604,6.5102015,2.7593548,0,0.0
2017-04-01,ionian_islands,38.64827006803412,20.41117766881253,9.963333,71.47028,240.0683,13.425812,18.161915,7.34975,2.7388833,0,0.0
2017-05-01,ionian_islands,38.64827006803412,20.41117766881253,10.483871,76.481575,264.87457,17.827017,22.456673,12.195262,3.1400323,0,0.0
2017-06-01,ionian_islands,38.64827006803412,20.41117766881253,0.25666666,69.20946,296.14444,23.05231,28.305853,16.36127,2.604983,0,0.0
2017-07-01,ionian_islands,38.64827006803412,20.41117766881253,7.116129,65.29764,298.76297,25.3876,30.981756,18.302822,3.1349998,0,0.0
2017-08-01,ionian_islands,38.64827006803412,20.41117766881253,0.6645161,68.58893,269.31662,26.13141,32.122017,19.2648,2.646129,0,0.0
2017-09-01,ionian_islands,38.64827006803412,20.41117766881253,10.546667,68.43399,211.48175,20.796396,25.975315,15.337145,2.4033332,0,0.0
2017-10-01,ionian_islands,38.64827006803412,20.41117766881253,11.812904,71.6603,159.44135,16.438023,21.673832,10.899536,2.158387,0,0.0
2017-11-01,ionian_islands,38.64827006803412,20.41117766881253,95.26667,75.81556,95.37009,12.692353,16.493103,8.712147,2.7588499,0,0.0
2017-12-01,ionian_islands,38.64827006803412,20.41117766881253,86.216125,77.292694,77.595474,9.209697,12.480644,5.8904634,2.914774,0,0.0
2018-01-01,ionian_islands,38.64827006803412,20.41117766881253,45.135483,66.10316,89.338776,8.964497,12.427944,5.3751407,3.3430321,0,0.0
2018-02-01,ionian_islands,38.64827006803412,20.41117766881253,136.65715,66.84937,90.78572,9.519553,12.275468,6.2383924,2.9015534,0,0.0
2018-03-01,ionian_islands,38.64827006803412,20.41117766881253,39.47097,76.32233,128.69176,12.207238,15.3706045,8.167681,3.368129,0,0.0
2018-04-01,ionian_islands,38.64827006803412,20.41117766881253,0.86333334,65.59943,202.10051,16.611897,21.495125,10.514417,2.4365335,0,0.0
2018-05-01,ionian_islands,38.64827006803412,20.41117766881253,16.31613,67.513,244.15771,19.945202,24.264538,14.70488,2.9898224,0,0.0
2018-06-01,ionian_islands,38.64827006803412,20.41117766881253,30.663336,64.972855,254.39893,22.376705,26.938477,17.044022,2.3176665,0,0.0
2018-07-01,ionian_islands,38.64827006803412,20.41117766881253,1.8935485,67.80205,293.10394,24.333305,29.385302,18.381289,2.5330162,0,0.0
2018-08-01,ionian_islands,38.64827006803412,20.41117766881253,2.3129034,63.86895,242.03621,25.386932,30.685825,19.510118,2.0494678,0,0.0
2018-09-01,ionian_islands,38.64827006803412,20.41117766881253,3.8400002,62.589905,208.26218,22.645187,27.494707,17.183208,2.20645,0,0.0
2018-10-01,ionian_islands,38.64827006803412,20.41117766881253,15.303226,68.97352,135.17657,18.67881,23.6952,13.895947,2.9008389,0,0.0
2018-11-01,ionian_islands,38.64827006803412,20.41117766881253,60.016666,69.08926,99.39487,14.391146,18.355064,10.3966255,3.1111832,0,0.0
2018-12-01,ionian_islands,38.64827006803412,20.41117766881253,48.212906,70.007454,84.43891,9.371754,13.058669,5.0081244,2.5060322,0,0.0
2019-01-01,ionian_islands,38.64827006803412,20.41117766881253,119.419365,69.40292,80.7305,6.8962493,9.72496,3.7475402,3.3215485,0,0.0
2019-02-01,ionian_islands,38.64827006803412,20.41117766881253,7.189286,66.13612,126.778076,10.015937,13.583124,5.5433927,2.56525,0,0.0
2019-03-01,ionian_islands,38.64827006803412,20.41117766881253,12.235484,67.24884,171.53404,12.088104,16.464777,6.437803,2.6485806,0,0.0
2019-04-01,ionian_islands,38.64827006803412,20.41117766881253,38.363335,72.41423,207.17683,13.897395,17.893959,9.164667,2.8782666,0,0.0
2019-05-01,ionian_islands,38.64827006803412,20.41117766881253,26.964516,76.04904,222.87889,15.707358,19.859314,10.640464,3.0185966,0,0.0
2019-06-01,ionian_islands,38.64827006803412,20.41117766881253,2.11,62.110573,267.89633,23.626312,28.8965,16.815624,2.8432999,0,0.0
2019-07-01,ionian_islands,38.64827006803412,20.41117766881253,6.790323,63.645405,293.25,25.108387,30.20389,18.598768,2.4811292,0,0.0
2019-08-01,ionian_islands,38.64827006803412,20.41117766881253,0.0,60.211,263.9962,26.554756,32.463467,19.699957,2.1924195,0,0.0
2019-09-01,ionian_islands,38.64827006803412,20.41117766881253,6.3966665,65.30276,215.05032,22.878748,27.93102,17.197792,2.2504334,0,0.0
2019-10-01,ionian_islands,38.64827006803412,20.41117766881253,32.387096,66.87414,160.37993,18.995121,23.939959,13.920342,2.7447095,0,0.0
2019-11-01,ionian_islands,38.64827006803412,20.41117766881253,112.560005,71.55293,89.18149,15.707603,18.9365,11.934625,3.4763165,0,0.0
2019-12-01,ionian_islands,38.64827006803412,20.41117766881253,82.519356,67.96057,75.322754,11.245241,14.458427,7.8421774,2.9471288,0,0.0
2020-01-01,ionian_islands,38.64827006803412,20.41117766881253,5.503226,66.33687,99.56989,8.203548,12.750301,3.7516735,2.338629,0,0.0
2020-02-01,ionian_islands,38.64827006803412,20.41117766881253,16.72414,71.16879,137.4423,9.996056,13.995625,4.797414,2.2794998,0,0.0
2020-03-01,ionian_islands,38.64827006803412,20.41117766881253,25.432259,71.80582,154.26201,11.899556,15.453246,7.0532055,2.8458066,0,0.0
2020-04-01,ionian_islands,38.64827006803412,20.41117766881253,8.833333,68.48416,210.58571,13.779812,17.53973,8.683937,2.4551501,0,0.0
2020-05-01,ionian_islands,38.64827006803412,20.41117766881253,2.0548387,65.020905,,19.317097,23.893145,13.439375,3.4926934,0,0.0
2020-06-01,ionian_islands,38.64827006803412,20.41117766881253,2.266667,70.20474,,21.750416,25.498707,16.882708,3.0843835,0,0.0
2020-07-01,ionian_islands,38.64827006803412,20.41117766881253,6.6032257,63.38141,,25.234474,30.474333,18.166351,2.5636935,0,0.0
2020-08-01,ionian_islands,38.64827006803412,20.41117766881253,1.8741934,62.585876,,25.908648,31.204153,19.467016,2.2878063,0,0.0
2020-09-01,ionian_islands,38.64827006803412,20.41117766881253,38.906662,60.43872,,23.32006,27.894127,17.975687,2.3908665,0,0.0
2020-10-01,ionian_islands,38.64827006803412,20.41117766881253,30.490322,68.98616,,18.087662,22.33627,13.010202,2.7814193,1,1.0
2020-11-01,ionian_islands,38.64827006803412,20.41117766881253,4.4133334,65.84891,,13.676583,18.46977,8.631458,2.3167999,1,26.0
2020-12-01,ionian_islands,38.64827006803412,20.41117766881253,120.645164,72.06032,96.75,11.646492,15.077076,8.180665,2.8235805,1,26.0
2021-01-01,ionian_islands,38.64827006803412,20.41117766881253,93.57742,72.58233,,10.090403,12.898446,6.9948587,3.413129,1,26.0
2021-02-01,ionian_islands,38.64827006803412,20.41117766881253,43.053574,72.725746,,10.415758,14.504352,5.94029,2.273982,1,26.0
2021-03-01,ionian_islands,38.64827006803412,20.41117766881253,30.087097,64.09992,,10.715403,14.440624,5.4555645,2.5743225,1,26.0
2021-04-01,ionian_islands,38.64827006803412,20.41117766881253,8.49,64.06691,,13.598124,17.417542,8.264916,2.63775,1,26.0
2021-05-01,ionian_islands,38.64827006803412,20.41117766881253,1.2903225,64.94883,,18.970566,23.266813,12.65617,3.024097,1,26.0
2021-06-01,ionian_islands,38.64827006803412,20.41117766881253,0.36666667,63.310017,,22.83375,27.901562,15.557104,2.7571168,1,26.0
2021-07-01,ionian_islands,38.64827006803412,20.41117766881253,0.0,58.612762,,26.539516,32.036957,19.296492,2.8871288,1,26.0
2021-08-01,ionian_islands,38.64827006803412,20.41117766881253,0.0,53.96504,267.01614,26.937054,32.701572,19.900646,2.3317742,1,26.0
2021-09-01,ionian_islands,38.64827006803412,20.41117766881253,2.7266667,61.615875,235.23215,22.097687,26.928001,16.299978,2.22905,1,26.0
2021-10-01,ionian_islands,38.64827006803412,20.41117766881253,100.38388,66.17592,146.80952,16.763184,20.764858,12.390604,2.4061291,1,26.0
2021-11-01,ionian_islands,38.64827006803412,20.41117766881253,95.47333,70.31959,83.549545,14.96027,18.519583,11.168188,3.0858665,1,26.0
2021-12-01,ionian_islands,38.64827006803412,20.41117766881253,80.229034,75.74008,81.29032,9.542883,12.752601,6.146512,2.8019676,1,26.0
2022-01-01,ionian_islands,38.64827006803412,20.41117766881253,25.27742,72.74309,80.82258,7.550967,11.396854,3.8728428,2.4346128,1,26.0
2022-02-01,ionian_islands,38.64827006803412,20.41117766881253,37.075,77.308846,112.17658,8.920022,13.292053,4.4684596,2.3892856,1,26.0
2022-03-01,ionian_islands,38.64827006803412,20.41117766881253,32.519356,67.7179,151.46101,8.707117,12.44002,4.177117,2.9620643,1,26.0
2022-04-01,ionian_islands,38.64827006803412,20.41117766881253,15.466667,74.05391,204.92963,14.295771,18.209312,9.368729,2.653,1,26.0
2022-05-01,ionian_islands,38.64827006803412,20.41117766881253,7.4838715,71.01446,232.6371,18.623266,23.546873,12.131552,2.7183387,1,26.0
2022-06-01,ionian_islands,38.64827006803412,20.41117766881253,7.256667,61.724087,262.20834,24.522373,29.643793,18.47027,2.7428665,1,26.0
2022-07-01,ionian_islands,38.64827006803412,20.41117766881253,0.025806451,61.84556,262.66934,26.606874,32.384777,19.397903,2.5038226,1,26.0
2022-08-01,ionian_islands,38.64827006803412,20.41117766881253,0.6774193,64.994095,210.2742,25.51512,31.013927,19.601854,2.4977741,1,26.0
2022-09-01,ionian_islands,38.64827006803412,20.41117766881253,17.02,65.821106,169.30833,21.826103,26.7565,16.192146,2.3017998,1,26.0
2022-10-01,ionian_islands,38.64827006803412,20.41117766881253,28.887098,71.54076,151.49193,18.097843,23.098488,12.351533,2.257113,1,26.0
2022-11-01,ionian_islands,38.64827006803412,20.41117766881253,97.759995,75.18426,80.566666,14.466249,18.446041,9.9974785,2.9619665,1,26.0
2022-12-01,ionian_islands,38.64827006803412,20.41117766881253,52.17742,82.10648,81.8629,12.656047,16.069052,9.276531,2.3836935,1,26.0
2023-01-01,ionian_islands,38.64827006803412,20.41117766881253,88.87097,82.88182,83.21774,9.68252,13.42002,5.971492,2.8915484,1,26.0
2023-02-01,ionian_islands,38.64827006803412,20.41117766881253,5.9142857,77.878494,114.92857,8.5533695,12.723861,3.4731917,2.4041429,1,26.0
2023-03-01,ionian_islands,38.64827006803412,20.41117766881253,29.03226,78.86391,165.76613,12.013467,15.574153,7.3216324,2.7863708,1,26.0
2023-04-01,ionian_islands,38.64827006803412,20.41117766881253,31.163334,78.053665,191.94168,12.9905205,16.662312,8.430813,2.5623164,1,26.0
2023-05-01,ionian_islands,38.64827006803412,20.41117766881253,20.296776,80.37361,180.1613,17.29002,21.17242,12.65762,3.134629,1,26.0
2023-06-01,ionian_islands,38.64827006803412,20.41117766881253,5.356667,68.46635,264.825,22.302687,26.876436,17.05454,2.347383,1,26.0
2023-07-01,ionian_islands,38.64827006803412,20.41117766881253,0.0,63.227013,251.50806,26.609356,32.331917,19.75881,2.4067419,1,26.0
2023-08-01,ionian_islands,38.64827006803412,20.41117766881253,8.951612,67.721306,206.78226,25.144495,30.922075,18.922256,2.161258,1,26.0
2023-09-01,ionian_islands,38.64827006803412,20.41117766881253,19.410002,73.60363,161.30833,22.352186,27.437122,17.232437,2.1509333,1,26.0
2023-10-01,ionian_islands,38.64827006803412,20.41117766881253,18.509678,73.72395,131.00807,20.278387,24.890503,14.926512,2.7842903,1,26.0
2023-11-01,ionian_islands,38.64827006803412,20.41117766881253,84.29667,75.79107,77.925,15.162333,18.883438,10.817229,2.9687831,1,26.0
2023-12-01,ionian_islands,38.64827006803412,20.41117766881253,13.080646,77.99825,75.911285,11.018951,14.926794,7.243326,2.3142257,1,26.0
2024-01-01,ionian_islands,38.64827006803412,20.41117766881253,36.01613,73.0191,79.064514,9.412742,13.100182,5.456915,2.2019677,1,26.0
2024-02-01,ionian_islands,38.64827006803412,20.41117766881253,47.34138,74.9438,112.90517,10.39403,15.491012,5.4741163,2.4007068,1,26.0
2024-03-01,ionian_islands,38.64827006803412,20.41117766881253,28.11613,76.51099,146.47581,11.622117,16.60399,6.936028,2.8842096,1,26.0
2024-04-01,ionian_islands,38.64827006803412,20.41117766881253,15.776668,68.041885,209.81668,14.980458,21.453583,9.204208,2.4067166,1,26.0
2024-05-01,ionian_islands,38.64827006803412,20.41117766881253,8.212903,74.12496,139.5,17.798265,23.452782,12.500241,2.7528546,1,26.0
2024-06-01,ionian_islands,38.64827006803412,20.41117766881253,0.0,62.35932,242.69168,24.520958,31.42956,18.151875,2.7798998,1,26.0
2024-07-01,ionian_islands,38.64827006803412,20.41117766881253,1.2258065,62.601707,243.49193,27.31141,34.474937,20.555645,2.5358224,1,26.0
2024-08-01,ionian_islands,38.64827006803412,20.41117766881253,7.706452,62.191216,96.56017,27.001732,33.74387,20.623951,1.9408064,1,26.0
2024-09-01,ionian_islands,38.64827006803412,20.41117766881253,40.756668,78.73285,174.975,22.009123,26.865583,17.149292,2.2513,1,26.0
2024-10-01,ionian_islands,38.64827006803412,20.41117766881253,17.703226,83.105316,129.49194,17.649677,22.993809,12.306733,2.7949033,1,26.0
2024-11-01,ionian_islands,38.64827006803412,20.41117766881253,63.550003,73.067795,75.316666,12.674875,17.867977,7.6545625,2.4118166,1,79.0
2024-12-01,ionian_islands,38.64827006803412,20.41117766881253,70.796776,78.71424,73.52778,9.536875,13.864656,5.358508,2.2990322,1,95.0
2000-01-01,crete,35.220968091329155,24.80892437797494,311.02582,65.84495,,7.4537644,10.015506,5.3338156,1.4895989,0,0.0
2000-02-01,crete,35.220968091329155,24.80892437797494,188.33447,67.046326,,8.689043,11.606424,5.745177,2.7294686,0,0.0
2000-03-01,crete,35.220968091329155,24.80892437797494,70.38387,66.40352,,10.177823,13.648977,6.435246,2.3665822,0,0.0
2000-04-01,crete,35.220968091329155,24.80892437797494,19.073334,69.525536,,14.311023,17.859154,10.781942,3.546072,0,0.0
2000-05-01,crete,35.220968091329155,24.80892437797494,20.932259,62.257374,,18.40357,21.928047,13.832482,2.7647603,0,0.0
2000-06-01,crete,35.220968091329155,24.80892437797494,0.0,56.73061,,21.994728,25.651476,17.278873,2.8919368,0,0.0
2000-07-01,crete,35.220968091329155,24.80892437797494,0.0,53.28112,,25.979822,29.979338,20.539694,3.387672,0,0.0
2000-08-01,crete,35.220968091329155,24.80892437797494,0.0,56.24581,,24.06275,27.704199,20.722397,3.3220313,0,0.0
2000-09-01,crete,35.220968091329155,24.80892437797494,0.0,59.974495,,21.717577,25.346533,18.046679,3.087144,0,0.0
2000-10-01,crete,35.220968091329155,24.80892437797494,8.412903,67.43375,,16.899376,20.385576,13.859511,2.8801394,0,0.0
2000-11-01,crete,35.220968091329155,24.80892437797494,155.06,71.0823,,15.154015,19.68988,11.643026,2.6719368,0,0.0
2000-12-01,crete,35.220968091329155,24.80892437797494,206.51611,70.36171,,11.6270075,14.233519,8.90292,3.5938969,0,0.0
2001-01-01,crete,35.220968091329155,24.80892437797494,266.16132,72.33409,,10.859863,13.555674,8.276915,2.9793808,0,0.0
2001-02-01,crete,35.220968091329155,24.80892437797494,355.62143,70.88296,,9.827759,12.90594,6.925118,2.9423165,0,0.0
2001-03-01,crete,35.220968091329155,24.80892437797494,8.119354,63.73449,,14.374528,18.451523,10.315169,3.1821187,0,0.0
2001-04-01,crete,35.220968091329155,24.80892437797494,108.95667,68.60058,,13.605995,17.045801,10.0666485,3.8217113,0,0.0
2001-05-01,crete,35.220968091329155,24.80892437797494,32.119354,62.08436,,17.892437,21.884188,13.882874,2.6903663,0,0.0
2001-06-01,crete,35.220968091329155,24.80892437797494,0.0,50.319588,,22.30165,25.881298,16.987108,3.0744324,0,0.0
2001-07-01,crete,35.220968091329155,24.80892437797494,0.0,54.65702,,25.761354,29.369854,21.38002,3.0259635,0,0.0
2001-08-01,crete,35.220968091329155,24.80892437797494,0.0,61.456287,,24.983484,28.711754,21.342117,2.7089972,0,0.0
2001-09-01,crete,35.220968091329155,24.80892437797494,6.4333344,62.659622,,22.545797,26.317877,18.515898,3.4556127,0,0.0
2001-10-01,crete,35.220968091329155,24.80892437797494,0.0,65.19814,,18.581888,21.523933,15.527478,2.7298865,0,0.0
2001-11-01,crete,35.220968091329155,24.80892437797494,288.11334,74.908104,,13.496701,16.76444,10.3283415,2.7283783,0,0.0
2001-12-01,crete,35.220968091329155,24.80892437797494,318.42905,71.933205,,9.4894905,11.350191,6.795704,2.769285,0,0.0
2002-01-01,crete,35.220968091329155,24.80892437797494,187.12259,71.77079,,8.529325,11.532626,5.7082553,2.5121183,0,0.0
2002-02-01,crete,35.220968091329155,24.80892437797494,50.517853,73.795074,,10.702161,14.05231,7.749972,2.8941894,0,0.0
2002-03-01,crete,35.220968091329155,24.80892437797494,123.812904,66.50131,,11.882104,15.198596,8.871192,2.8608544,0,0.0
2002-04-01,crete,35.220968091329155,24.80892437797494,73.44,68.49502,,13.6824875,16.79902,10.146565,3.051964,0,0.0
2002-05-01,crete,35.220968091329155,24.80892437797494,0.0,61.615696,,17.712906,21.132736,13.517215,3.3916912,0,0.0
2002-06-01,crete,35.220968091329155,24.80892437797494,0.0,54.397854,,22.37792,25.847784,17.823868,3.0908825,0,0.0
2002-07-01,crete,35.220968091329155,24.80892437797494,16.490322,56.482807,,26.051981,29.397264,21.09459,2.8922057,0,0.0
2002-08-01,crete,35.220968091329155,24.80892437797494,37.593548,59.035362,,24.815374,28.203466,20.733421,3.3926506,0,0.0
2002-09-01,crete,35.220968091329155,24.80892437797494,93.03,67.55719,,21.68187,25.028336,18.050438,2.3064322,0,0.0
2002-10-01,crete,35.220968091329155,24.80892437797494,84.83548,68.62261,,18.284597,21.566685,14.954702,2.6102962,0,0.0
2002-11-01,crete,35.220968091329155,24.80892437797494,209.81,75.75411,,15.0801935,18.59836,11.92889,2.5645492,0,0.0
2002-12-01,crete,35.220968091329155,24.80892437797494,292.7387,74.29282,,10.576552,13.104114,7.990505,3.0314734,0,0.0
2003-01-01,crete,35.220968091329155,24.80892437797494,249.43872,72.458275,,11.669651,14.410327,9.07236,3.237707,0,0.0
2003-02-01,crete,35.220968091329155,24.80892437797494,560.1821,71.38918,,6.8822417,9.158027,4.6298256,3.4648263,0,0.0
2003-03-01,crete,35.220968091329155,24.80892437797494,295.07422,71.62866,,9.036859,11.713862,6.562733,2.6226416,0,0.0
2003-04-01,crete,35.220968091329155,24.80892437797494,139.22,72.75137,,12.283027,15.2400255,9.491382,3.112937,0,0.0
2003-05-01,crete,35.220968091329155,24.80892437797494,90.69678,61.59917,,19.060663,22.845135,14.649923,2.9522145,0,0.0
2003-06-01,crete,35.220968091329155,24.80892437797494,0.0,52.89148,,23.404827,26.628916,18.417608,2.7124953,0,0.0
2003-07-01,crete,35.220968091329155,24.80892437797494,0.0,52.87635,,25.58291,28.855257,21.623451,3.0065825,0,0.0
2003-08-01,crete,35.220968091329155,24.80892437797494,0.0,54.434513,,25.413494,28.57757,21.493027,2.614333,0,0.0
2003-09-01,crete,35.220968091329155,24.80892437797494,0.0,59.92087,,21.7249,24.69681,18.262531,2.7618468,0,0.0
2003-10-01,crete,35.220968091329155,24.80892437797494,8.951613,59.712498,,20.037626,23.718737,16.47745,2.9051526,0,0.0
2003-11-01,crete,35.220968091329155,24.80892437797494,95.39667,74.98461,,14.875023,18.048561,12.09056,2.5372703,0,0.0
2003-12-01,crete,35.220968091329155,24.80892437797494,329.2,74.24432,,10.938005,13.72522,8.301898,2.8977942,0,0.0
2004-01-01,crete,35.220968091329155,24.80892437797494,360.8258,73.31469,,8.711171,11.479588,5.5185313,3.2196076,0,0.0
2004-02-01,crete,35.220968091329155,24.80892437797494,115.7,68.53536,,9.485331,12.7439785,6.317913,2.614986,0,0.0
2004-03-01,crete,35.220968091329155,24.80892437797494,23.23226,68.34101,,11.469393,14.168811,8.704796,2.745388,0,0.0
2004-04-01,crete,35.220968091329155,24.80892437797494,23.79,65.267525,,13.799991,17.299322,10.479776,3.5815406,0,0.0
2004-05-01,crete,35.220968091329155,24.80892437797494,13.019355,62.792057,,16.990492,20.255424,12.745093,3.0087008,0,0.0
2004-06-01,crete,35.220968091329155,24.80892437797494,0.0,55.162907,,22.341118,25.684574,17.43104,3.0497205,0,0.0
2004-07-01,crete,35.220968091329155,24.80892437797494,0.0,54.582687,,24.631647,27.835716,20.363235,2.8907583,0,0.0
2004-08-01,crete,35.220968091329155,24.80892437797494,0.0,58.73445,,24.67749,28.191635,20.484625,2.7556057,0,0.0
2004-09-01,crete,35.220968091329155,24.80892437797494,0.0,62.93534,,21.500996,24.66692,17.939974,2.937865,0,0.0
2004-10-01,crete,35.220968091329155,24.80892437797494,37.812904,70.463524,,19.455374,23.08328,15.8644905,2.7524238,0,0.0
2004-11-01,crete,35.220968091329155,24.80892437797494,258.46,71.479065,,14.686915,17.697159,11.7794,2.5846937,0,0.0
2004-12-01,crete,35.220968091329155,24.80892437797494,160.33871,72.37943,,11.519855,14.047725,8.9743805,3.0015955,0,0.0
2005-01-01,crete,35.220968091329155,24.80892437797494,171.17484,,,10.479388,12.626133,7.8020325,1.8135396,0,0.0
2005-02-01,crete,35.220968091329155,24.80892437797494,156.79895,,,8.86398,11.128778,6.556137,2.9757335,0,0.0
2005-03-01,crete,35.220968091329155,24.80892437797494,92.3871,,,12.392517,14.63112,9.423047,2.4361203,0,0.0
2005-04-01,crete,35.220968091329155,24.80892437797494,17.53,,,13.666141,16.510157,10.702364,3.6597476,0,0.0
2005-05-01,crete,35.220968091329155,24.80892437797494,13.790322,,,17.753668,21.200933,14.280556,3.1850564,0,0.0
2005-06-01,crete,35.220968091329155,24.80892437797494,0.0,,,20.706148,23.565714,17.299376,3.0132792,0,0.0
2005-07-01,crete,35.220968091329155,24.80892437797494,0.0,,,24.251902,27.315763,19.68189,3.115013,0,0.0
2005-08-01,crete,35.220968091329155,24.80892437797494,0.0,,,24.150608,27.173388,20.914085,3.0318482,0,0.0
2005-09-01,crete,35.220968091329155,24.80892437797494,8.84,,,21.639746,24.690077,18.814508,3.069973,0,0.0
2005-10-01,crete,35.220968091329155,24.80892437797494,61.890327,,,17.143824,19.993101,14.200131,2.830811,0,0.0
2005-11-01,crete,35.220968091329155,24.80892437797494,103.44,,,13.72506,16.437551,11.095802,2.6812885,0,0.0
2005-12-01,crete,35.220968091329155,24.80892437797494,105.396774,,,12.050967,14.81334,9.346774,2.7587094,0,0.0
2006-01-01,crete,35.220968091329155,24.80892437797494,186.99678,,,9.20466,10.928591,6.285051,2.6831994,0,0.0
2006-02-01,crete,35.220968091329155,24.80892437797494,181.85,,,10.411363,12.78318,7.494812,2.6302025,0,0.0
2006-03-01,crete,35.220968091329155,24.80892437797494,87.74838,,,11.578026,14.421795,8.630776,3.0994682,0,0.0
2006-04-01,crete,35.220968091329155,24.80892437797494,49.039997,,,14.254195,17.531652,11.657048,3.0186486,0,0.0
2006-05-01,crete,35.220968091329155,24.80892437797494,0.0,,,17.753138,20.64057,13.667609,3.180558,0,0.0
2006-06-01,crete,35.220968091329155,24.80892437797494,0.0,,,22.002966,24.428377,19.199549,3.035108,0,0.0
2006-07-01,crete,35.220968091329155,24.80892437797494,0.0,,,22.737822,25.523808,19.486298,2.900994,0,0.0
2006-08-01,crete,35.220968091329155,24.80892437797494,0.0,,,25.016611,28.20415,21.794308,3.752877,0,0.0
2006-09-01,crete,35.220968091329155,24.80892437797494,25.843334,,,21.37325,24.124474,18.328491,2.958126,0,0.0
2006-10-01,crete,35.220968091329155,24.80892437797494,289.3387,,,18.08628,20.592402,15.304903,2.7194679,0,0.0
2006-11-01,crete,35.220968091329155,24.80892437797494,55.736664,,,13.625986,15.956325,10.198258,2.7036488,0,0.0
2006-12-01,crete,35.220968091329155,24.80892437797494,1.5999999,,,11.984631,13.910667,9.085934,2.3607674,0,0.0
2007-01-01,crete,35.220968091329155,24.80892437797494,53.95161,,,11.4169855,13.82443,8.369995,1.3954315,0,0.0
2007-02-01,crete,35.220968091329155,24.80892437797494,96.24642,,,10.649017,12.492205,8.046969,2.8865926,0,0.0
2007-03-01,crete,35.220968091329155,24.80892437797494,26.525806,,,12.373386,14.4798,9.823056,3.2228856,0,0.0
2007-04-01,crete,35.220968091329155,24.80892437797494,13.970001,,,14.1470175,16.147667,11.370702,2.307946,0,0.0
2007-05-01,crete,35.220968091329155,24.80892437797494,50.82258,,,17.880499,21.407776,14.787283,3.213705,0,0.0
2007-06-01,crete,35.220968091329155,24.80892437797494,10.83,,,23.62228,26.269459,19.805265,2.9558468,0,0.0
2007-07-01,crete,35.220968091329155,24.80892437797494,0.0,,,24.903458,27.626192,21.209139,3.1982648,0,0.0
2007-08-01,crete,35.220968091329155,24.80892437797494,0.0,,,24.919735,27.382095,21.169044,3.1653006,0,0.0
2007-09-01,crete,35.220968091329155,24.80892437797494,0.0,,,21.762161,24.25893,18.907066,2.9986215,0,0.0
2007-10-01,crete,35.220968091329155,24.80892437797494,73.796776,,,18.736938,21.404089,15.525522,2.3128595,0,0.0
2007-11-01,crete,35.220968091329155,24.80892437797494,75.51,,,15.0253935,17.5199,12.303103,2.8669007,0,0.0
2007-12-01,crete,35.220968091329155,24.80892437797494,272.42905,,,11.371408,13.2294855,9.005683,2.8437574,0,0.0
2008-01-01,crete,35.220968091329155,24.80892437797494,33.558067,,,10.741948,12.357631,7.901643,1.4868438,0,0.0
2008-02-01,crete,35.220968091329155,24.80892437797494,198.45862,,,9.604001,11.702001,6.4850316,2.015089,0,0.0
2008-03-01,crete,35.220968091329155,24.80892437797494,22.838709,,,13.032258,16.795303,10.546867,3.016469,0,0.0
2008-04-01,crete,35.220968091329155,24.80892437797494,70.16334,,,14.411964,19.053047,11.736031,3.1282883,0,0.0
2008-05-01,crete,35.220968091329155,24.80892437797494,24.82258,,,17.528324,21.186365,14.517395,2.9169571,0,0.0
2008-06-01,crete,35.220968091329155,24.80892437797494,0.0,,,21.90696,25.319454,18.287909,2.4207206,0,0.0
2008-07-01,crete,35.220968091329155,24.80892437797494,0.0,,,23.712238,27.208998,20.318995,2.9136353,0,0.0
2008-08-01,crete,35.220968091329155,24.80892437797494,0.0,,,23.850925,27.177387,20.604183,2.7016823,0,0.0
2008-09-01,crete,35.220968091329155,24.80892437797494,47.96,,,20.934034,24.413092,17.660503,2.6770363,0,0.0
2008-10-01,crete,35.220968091329155,24.80892437797494,0.0,,,18.021553,20.86457,15.287809,2.271421,0,0.0
2008-11-01,crete,35.220968091329155,24.80892437797494,71.15,,,15.642947,18.519945,12.696907,2.6674953,0,0.0
2008-12-01,crete,35.220968091329155,24.80892437797494,121.19032,,,12.229261,14.878721,9.352988,2.8002703,0,0.0
2009-01-01,crete,35.220968091329155,24.80892437797494,127.87741,,,12.078327,14.102974,9.643281,2.8203487,0,0.0
2009-02-01,crete,35.220968091329155,24.80892437797494,256.30713,,,9.748957,12.624271,7.0055814,2.914218,0,0.0
2009-03-01,crete,35.220968091329155,24.80892437797494,32.87742,,,11.411133,13.95769,8.393292,2.825196,0,0.0
2009-04-01,crete,35.220968091329155,24.80892437797494,109.24667,,,14.18026,17.292446,11.810398,2.7169547,0,0.0
2009-05-01,crete,35.220968091329155,24.80892437797494,78.380646,,,17.677185,20.550451,14.048242,3.2223363,0,0.0
2009-06-01,crete,35.220968091329155,24.80892437797494,0.0,,,22.124075,25.164545,18.206244,2.9287298,0,0.0
2009-07-01,crete,35.220968091329155,24.80892437797494,0.0,,,24.643127,27.149466,21.335993,3.0766346,0,0.0
2009-08-01,crete,35.220968091329155,24.80892437797494,0.0,,,23.705101,26.381685,20.111893,3.0189626,0,0.0
2009-09-01,crete,35.220968091329155,24.80892437797494,100.816666,,,20.783302,23.64587,18.284801,3.0556216,0,0.0
2009-10-01,crete,35.220968091329155,24.80892437797494,151.42905,,,18.724554,21.988012,15.855475,2.573932,0,0.0
2009-11-01,crete,35.220968091329155,24.80892437797494,125.549995,,,15.4789715,17.840279,12.716084,2.7505584,0,0.0
2009-12-01,crete,35.220968091329155,24.80892437797494,149.10646,,,13.662193,16.51078,10.806354,3.729133,0,0.0
2010-01-01,crete,35.220968091329155,24.80892437797494,234.62906,,,11.814703,14.162437,9.352046,3.528649,0,0.0
2010-02-01,crete,35.220968091329155,24.80892437797494,76.47857,,,12.618143,15.826301,9.73803,3.561129,0,0.0
2010-03-01,crete,35.220968091329155,24.80892437797494,42.674194,,,13.591468,16.134079,10.84471,2.745789,0,0.0
2010-04-01,crete,35.220968091329155,24.80892437797494,2.016667,,,14.619347,18.455763,11.403636,2.805919,0,0.0
2010-05-01,crete,35.220968091329155,24.80892437797494,27.13226,,,18.595362,22.301378,14.765268,3.0661552,0,0.0
2010-06-01,crete,35.220968091329155,24.80892437797494,17.523335,,,22.096153,25.248083,18.411484,3.0837567,0,0.0
2010-07-01,crete,35.220968091329155,24.80892437797494,0.0,,,24.795195,27.605566,20.689905,3.1711857,0,0.0
2010-08-01,crete,35.220968091329155,24.80892437797494,0.0,,,26.175953,28.600906,21.495367,3.0871837,0,0.0
2010-09-01,crete,35.220968091329155,24.80892437797494,0.0,,,22.666632,25.771376,19.313648,2.935874,0,0.0
2010-10-01,crete,35.220968091329155,24.80892437797494,111.79355,,,18.977516,21.93366,16.3514,2.8981955,0,0.0
2010-11-01,crete,35.220968091329155,24.80892437797494,47.41,,,18.0361,20.50185,14.601297,2.7770808,0,0.0
2010-12-01,crete,35.220968091329155,24.80892437797494,173.1742,,,14.084686,16.775593,10.772143,2.8451264,0,0.0
2011-01-01,crete,35.220968091329155,24.80892437797494,132.12259,,,11.63584,13.596072,8.812347,2.330776,0,0.0
2011-02-01,crete,35.220968091329155,24.80892437797494,230.49643,,,11.733453,13.748303,9.122166,2.5771043,0,0.0
2011-03-01,crete,35.220968091329155,24.80892437797494,5.5774198,,,11.526897,13.65651,9.31497,2.5734434,0,0.0
2011-04-01,crete,35.220968091329155,24.80892437797494,21.896667,,,13.734382,16.0464,11.635368,2.9195855,0,0.0
2011-05-01,crete,35.220968091329155,24.80892437797494,0.0,,,16.939875,19.64499,13.978824,3.2725716,0,0.0
2011-06-01,crete,35.220968091329155,24.80892437797494,0.0,,,21.583395,25.07471,18.164505,3.12582,0,0.0
2011-07-01,crete,35.220968091329155,24.80892437797494,0.0,,,24.537304,29.246855,20.584581,2.962415,0,0.0
2011-08-01,crete,35.220968091329155,24.80892437797494,0.0,,,24.127033,27.172318,21.582462,2.9981256,0,0.0
2011-09-01,crete,35.220968091329155,24.80892437797494,0.0,,,22.983858,26.398495,20.149508,2.8365583,0,0.0
2011-10-01,crete,35.220968091329155,24.80892437797494,29.080647,,,17.238258,19.603622,14.309766,2.64272,0,0.0
2011-11-01,crete,35.220968091329155,24.80892437797494,6.5966663,,,13.131183,15.252663,10.67185,2.5247657,0,0.0
2011-12-01,crete,35.220968091329155,24.80892437797494,45.95484,,,12.06522,14.238866,9.839465,2.9397733,0,0.0
2012-01-01,crete,35.220968091329155,24.80892437797494,54.977425,,,8.452033,10.844982,6.3748,1.5252049,0,0.0
2012-02-01,crete,35.220968091329155,24.80892437797494,144.53104,,,10.009641,11.859204,7.8833256,2.7455173,0,0.0
2012-03-01,crete,35.220968091329155,24.80892437797494,4.451613,,,11.94463,14.4194565,9.090064,2.2873406,0,0.0
2012-04-01,crete,35.220968091329155,24.80892437797494,1.7233334,,,14.969001,17.743088,11.985683,3.593793,0,0.0
2012-05-01,crete,35.220968091329155,24.80892437797494,40.187096,,,18.502954,21.845873,15.349219,2.9152658,0,0.0
2012-06-01,crete,35.220968091329155,24.80892437797494,0.0,,,23.210056,26.829222,18.784328,3.135856,0,0.0
2012-07-01,crete,35.220968091329155,24.80892437797494,0.0,,,25.93764,29.487427,22.220423,3.0907147,0,0.0
2012-08-01,crete,35.220968091329155,24.80892437797494,0.0,,,25.726843,29.723831,22.277805,3.0326416,0,0.0
2012-09-01,crete,35.220968091329155,24.80892437797494,0.0,,,22.579172,25.547052,19.414993,3.0978286,0,0.0
2012-10-01,crete,35.220968091329155,24.80892437797494,0.0,,,20.850739,23.499525,17.346247,2.7451699,0,0.0
2012-11-01,crete,35.220968091329155,24.80892437797494,45.16333,,,17.180237,19.227182,15.000716,2.7097297,0,0.0
2012-12-01,crete,35.220968091329155,24.80892437797494,102.69678,,,12.410343,15.108051,10.437431,2.791116,0,0.0
2013-01-01,crete,35.220968091329155,24.80892437797494,79.12903,,,11.208356,13.263463,8.946205,2.8975153,0,0.0
2013-02-01,crete,35.220968091329155,24.80892437797494,128.48572,,,11.403083,14.415174,8.490286,3.1931894,0,0.0
2013-03-01,crete,35.220968091329155,24.80892437797494,65.44193,,,12.954151,15.497104,10.512279,2.9588404,0,0.0
2013-04-01,crete,35.220968091329155,24.80892437797494,0.0,,,15.064446,18.168592,12.252922,3.130279,0,0.0
2013-05-01,crete,35.220968091329155,24.80892437797494,0.12903225,,,19.393024,22.69168,15.937784,3.1833043,0,0.0
2013-06-01,crete,35.220968091329155,24.80892437797494,0.0,,,22.151556,25.505903,18.663052,3.0934143,0,0.0
2013-07-01,crete,35.220968091329155,24.80892437797494,0.0,,,23.98709,27.109695,20.895794,2.884333,0,0.0
2013-08-01,crete,35.220968091329155,24.80892437797494,0.0,,,24.504,28.012804,21.522339,3.1893198,0,0.0
2013-09-01,crete,35.220968091329155,24.80892437797494,0.0,,,22.34517,25.660692,19.32614,3.2607837,0,0.0
2013-10-01,crete,35.220968091329155,24.80892437797494,38.34839,,,18.480768,22.020666,15.417953,2.786338,0,0.0
2013-11-01,crete,35.220968091329155,24.80892437797494,75.28334,,,16.161219,18.864845,13.577123,2.9097657,0,0.0
2013-12-01,crete,35.220968091329155,24.80892437797494,16.351612,,,11.694015,14.095365,9.451455,2.469686,0,0.0
2014-01-01,crete,35.220968091329155,24.80892437797494,32.116127,,,12.435708,15.078607,9.688955,3.0685177,0,0.0
2014-02-01,crete,35.220968091329155,24.80892437797494,37.164284,,,12.476311,14.616098,10.111988,2.962799,0,0.0
2014-03-01,crete,35.220968091329155,24.80892437797494,67.23226,,,12.83795,15.199592,10.448311,2.5519788,0,0.0
2014-04-01,crete,35.220968091329155,24.80892437797494,18.27,,,14.579938,17.940283,11.747557,2.9288018,0,0.0
2014-05-01,crete,35.220968091329155,24.80892437797494,0.0,,,17.26455,20.927244,14.26621,2.7830775,0,0.0
2014-06-01,crete,35.220968091329155,24.80892437797494,0.0,,,21.950144,25.956951,18.471685,2.9304862,0,0.0
2014-07-01,crete,35.220968091329155,24.80892437797494,0.0,,,23.314438,27.161686,20.460283,3.1839676,0,0.0
2014-08-01,crete,35.220968091329155,24.80892437797494,0.0,,,24.004187,27.93195,21.481226,3.0437548,0,0.0
2014-09-01,crete,35.220968091329155,24.80892437797494,56.03,,,21.907118,25.17458,19.303951,2.6679265,1,30.0
2014-10-01,crete,35.220968091329155,24.80892437797494,69.53226,,,17.79187,20.73446,15.778247,2.3667355,1,425.0
2014-11-01,crete,35.220968091329155,24.80892437797494,7.866667,,,14.945197,17.804264,12.634079,2.68982,1,561.0
2014-12-01,crete,35.220968091329155,24.80892437797494,195.1,,,12.838548,16.096573,10.131056,2.7993352,0,0.0
2015-01-01,crete,35.220968091329155,24.80892437797494,163.93872,,,9.53921,12.49868,6.83865,2.0384128,0,0.0
2015-02-01,crete,35.220968091329155,24.80892437797494,296.69287,,,8.975348,11.792138,6.387105,3.1273358,0,0.0
2015-03-01,crete,35.220968091329155,24.80892437797494,104.016136,,,10.8609085,13.946057,8.513989,2.4132903,0,0.0
2015-04-01,crete,35.220968091329155,24.80892437797494,43.02333,,,12.880847,16.638123,9.74339,2.83562,0,0.0
2015-05-01,crete,35.220968091329155,24.80892437797494,0.6516129,,,17.74064,22.117855,14.294838,3.5057483,0,0.0
2015-06-01,crete,35.220968091329155,24.80892437797494,9.18,,,20.055468,23.672123,17.176851,2.50606,0,0.0
2015-07-01,crete,35.220968091329155,24.80892437797494,0.0,,,23.201654,26.820808,20.136122,2.6735222,0,0.0
2015-08-01,crete,35.220968091329155,24.80892437797494,0.0,,,23.65188,27.154734,21.400724,3.1282194,0,0.0
2015-09-01,crete,35.220968091329155,24.80892437797494,5.5033336,,,20.47,25.09995,17.124014,2.7228866,0,0.0
2015-10-01,crete,35.220968091329155,24.80892437797494,109.0258,,,19.249655,22.195267,16.841646,2.831387,0,0.0
2015-11-01,crete,35.220968091329155,24.80892437797494,89.97667,,,15.764346,19.167969,13.095823,2.4233532,0,0.0
2015-12-01,crete,35.220968091329155,24.80892437797494,11.422581,,,11.919834,15.0365925,9.575543,1.8462452,0,0.0
2016-01-01,crete,35.220968091329155,24.80892437797494,143.58386,,,10.588369,13.468666,7.817147,3.140084,0,0.0
2016-02-01,crete,35.220968091329155,24.80892437797494,30.072412,,,12.617036,15.366606,9.782204,3.0428894,0,0.0
2016-03-01,crete,35.220968091329155,24.80892437797494,42.832256,,,12.416349,15.115912,9.669418,2.988245,0,0.0
2016-04-01,crete,35.220968091329155,24.80892437797494,0.0,,,16.139757,20.31524,12.321233,2.9613068,0,0.0
2016-05-01,crete,35.220968091329155,24.80892437797494,12.95484,,,17.519873,21.198374,14.845886,3.1712196,0,0.0
2016-06-01,crete,35.220968091329155,24.80892437797494,0.0,,,22.418219,26.734951,19.25982,3.06454,0,0.0
2016-07-01,crete,35.220968091329155,24.80892437797494,0.0,,,24.314358,27.881643,21.379158,2.8641486,0,0.0
2016-08-01,crete,35.220968091329155,24.80892437797494,0.0,,,24.411198,27.994898,21.121435,3.2325225,0,0.0
2016-09-01,crete,35.220968091329155,24.80892437797494,1.6600001,,,22.186996,24.992151,19.892187,4.186913,0,0.0
2016-10-01,crete,35.220968091329155,24.80892437797494,0.0,,,18.87475,22.113272,16.068933,2.4324758,0,0.0
2016-11-01,crete,35.220968091329155,24.80892437797494,115.746666,,,15.513855,18.325352,12.526781,2.5944684,0,0.0
2016-12-01,crete,35.220968091329155,24.80892437797494,64.590324,,,9.775169,12.159635,7.255229,2.1134,0,0.0
2017-01-01,crete,35.220968091329155,24.80892437797494,214.65808,,,9.24955,11.761761,6.370632,2.6032083,0,0.0
2017-02-01,crete,35.220968091329155,24.80892437797494,72.33929,,,11.267829,13.903436,8.625761,2.7708106,0,0.0
2017-03-01,crete,35.220968091329155,24.80892437797494,130.60646,,,12.160856,15.32954,9.597844,2.5483959,0,0.0
2017-04-01,crete,35.220968091329155,24.80892437797494,3.0366669,,,14.038689,17.623062,10.7289295,3.0356133,0,0.0
2017-05-01,crete,35.220968091329155,24.80892437797494,6.8483872,,,18.071331,22.30893,14.69297,2.976819,0,0.0
2017-06-01,crete,35.220968091329155,24.80892437797494,27.593332,,,22.665169,26.932552,18.683529,2.591833,0,0.0
2017-07-01,crete,35.220968091329155,24.80892437797494,0.0,,,24.57384,28.646671,21.087805,3.3324647,0,0.0
2017-08-01,crete,35.220968091329155,24.80892437797494,0.0,,,24.03955,27.90616,21.318756,3.1626513,0,0.0
2017-09-01,crete,35.220968091329155,24.80892437797494,0.0,,,22.040808,26.531635,18.794157,2.9045599,0,0.0
2017-10-01,crete,35.220968091329155,24.80892437797494,32.187096,,,17.777308,21.308374,15.156757,1.9263355,0,0.0
2017-11-01,crete,35.220968091329155,24.80892437797494,49.903336,,,14.414917,17.668188,11.790749,2.2812433,0,0.0
2017-12-01,crete,35.220968091329155,24.80892437797494,72.86129,,,12.4359665,15.118328,9.857249,2.8249607,0,0.0
2018-01-01,crete,35.220968091329155,24.80892437797494,111.92903,,,11.101023,14.049588,8.507571,3.1240015,0,0.0
2018-02-01,crete,35.220968091329155,24.80892437797494,127.207146,,,11.67352,13.832791,8.735817,2.7290154,0,0.0
2018-03-01,crete,35.220968091329155,24.80892437797494,3.0258064,,,12.648042,15.453404,9.655985,3.2787967,0,0.0
2018-04-01,crete,35.220968091329155,24.80892437797494,9.870001,,,15.490628,19.324036,12.288929,2.8755765,0,0.0
2018-05-01,crete,35.220968091329155,24.80892437797494,0.0,,,19.183317,22.915016,16.453896,3.054638,0,0.0
2018-06-01,crete,35.220968091329155,24.80892437797494,0.20666668,,,22.403517,26.22309,18.936518,2.638135,0,0.0
2018-07-01,crete,35.220968091329155,24.80892437797494,0.0,,,24.819082,28.900654,21.657303,2.8252048,0,0.0
2018-08-01,crete,35.220968091329155,24.80892437797494,7.2838707,,,23.81521,26.95412,21.70825,3.1613805,0,0.0
2018-09-01,crete,35.220968091329155,24.80892437797494,11.653334,,,22.361183,25.63256,19.884174,3.437955,0,0.0
2018-10-01,crete,35.220968091329155,24.80892437797494,0.0,,,17.567963,20.458939,16.004715,2.8730967,0,0.0
2018-11-01,crete,35.220968091329155,24.80892437797494,112.433334,,,15.2341585,17.789026,12.799614,2.5638106,0,0.0
2018-12-01,crete,35.220968091329155,24.80892437797494,85.02258,,,11.212041,13.716956,8.356184,2.7897909,0,0.0
2019-01-01,crete,35.220968091329155,24.80892437797494,278.66132,,,10.01545,12.429329,6.9839973,2.9090757,0,0.0
2019-02-01,crete,35.220968091329155,24.80892437797494,280.19287,,,10.915097,13.129895,8.378314,2.5156758,0,0.0
2019-03-01,crete,35.220968091329155,24.80892437797494,86.63548,,,12.070331,14.870951,9.643832,2.4567392,0,0.0
2019-04-01,crete,35.220968091329155,24.80892437797494,84.83,,,13.288422,16.300665,11.138912,3.2742531,0,0.0
2019-05-01,crete,35.220968091329155,24.80892437797494,3.5193548,,,16.525288,21.057384,12.823854,3.2374902,0,0.0
2019-06-01,crete,35.220968091329155,24.80892437797494,0.0,,,21.963003,25.475355,19.101662,3.0742333,0,0.0
2019-07-01,crete,35.220968091329155,24.80892437797494,67.06452,,,23.875246,27.32744,20.38101,2.937729,0,0.0
2019-08-01,crete,35.220968091329155,24.80892437797494,0.0,,,23.869482,26.988111,21.432636,2.983155,0,0.0
2019-09-01,crete,35.220968091329155,24.80892437797494,0.0,,,21.02327,24.119493,18.586004,3.8160467,0,0.0
2019-10-01,crete,35.220968091329155,24.80892437797494,0.0,,,18.814392,22.42078,16.27636,2.6670644,0,0.0
2019-11-01,crete,35.220968091329155,24.80892437797494,185.51001,,,16.63872,19.834455,13.482999,3.2190542,0,0.0
2019-12-01,crete,35.220968091329155,24.80892437797494,311.11935,,,12.099052,14.647024,9.681872,3.2738192,0,0.0
2020-01-01,crete,35.220968091329155,24.80892437797494,88.91936,,,9.332738,11.602287,7.130832,2.2644129,0,0.0
2020-02-01,crete,35.220968091329155,24.80892437797494,75.80345,,,10.226561,12.866841,7.6820464,2.5887585,0,0.0
2020-03-01,crete,35.220968091329155,24.80892437797494,71.77742,,,11.344749,14.348684,9.105633,2.5434513,0,0.0
2020-04-01,crete,35.220968091329155,24.80892437797494,16.42,,,13.015241,16.112818,10.728443,2.4615333,0,0.0
2020-05-01,crete,35.220968091329155,24.80892437797494,0.0,,,18.138103,22.375341,15.002332,3.0521288,0,0.0
2020-06-01,crete,35.220968091329155,24.80892437797494,3.81,,,20.54771,24.425726,17.338535,3.10028,0,0.0
2020-07-01,crete,35.220968091329155,24.80892437797494,0.0,,,23.649673,26.911692,20.692505,3.011432,0,0.0
2020-08-01,crete,35.220968091329155,24.80892437797494,0.0,,,23.840464,27.304161,21.209496,3.0141287,0,0.0
2020-09-01,crete,35.220968091329155,24.80892437797494,0.0,,,22.496767,25.937206,20.245832,3.1568067,0,0.0
2020-10-01,crete,35.220968091329155,24.80892437797494,281.65808,,,19.564953,23.321936,16.419617,2.8910449,0,0.0
2020-11-01,crete,35.220968091329155,24.80892437797494,78.49333,,,14.542649,16.834621,13.21028,1.9607867,0,0.0
2020-12-01,crete,35.220968091329155,24.80892437797494,137.1742,,,12.617873,15.099351,10.5916,3.0708709,1,33.0
2021-01-01,crete,35.220968091329155,24.80892437797494,90.73871,,,11.421163,14.0478,8.916303,2.9412127,1,187.0
2021-02-01,crete,35.220968091329155,24.80892437797494,58.13572,,,11.445413,14.071944,9.287852,2.6111355,1,187.0
2021-03-01,crete,35.220968091329155,24.80892437797494,30.325808,,,10.631922,13.495798,8.394422,2.2791483,1,187.0
2021-04-01,crete,35.220968091329155,24.80892437797494,9.436667,,,13.812648,17.337614,11.225873,2.62906,1,187.0
2021-05-01,crete,35.220968091329155,24.80892437797494,0.077419356,,,18.895544,23.100191,15.383357,2.9861872,1,187.0
2021-06-01,crete,35.220968091329155,24.80892437797494,12.766667,,,21.274328,24.916346,17.895132,3.0365198,1,187.0
2021-07-01,crete,35.220968091329155,24.80892437797494,0.0,,,24.430773,28.070261,21.667496,3.1597805,1,187.0
2021-08-01,crete,35.220968091329155,24.80892437797494,0.0,,,24.949087,28.710064,22.21152,2.9540129,1,187.0
2021-09-01,crete,35.220968091329155,24.80892437797494,0.0,,,21.043924,24.278383,19.104027,2.9717267,1,187.0
2021-10-01,crete,35.220968091329155,24.80892437797494,62.68065,,,16.76587,19.811508,14.884915,2.2409546,1,187.0
2021-11-01,crete,35.220968091329155,24.80892437797494,18.983335,,,15.395964,18.14477,13.071658,2.61918,1,187.0
2021-12-01,crete,35.220968091329155,24.80892437797494,185.03873,,,11.271192,13.681723,9.110713,2.890729,1,187.0
2022-01-01,crete,35.220968091329155,24.80892437797494,336.64517,,,8.659456,10.797648,6.5800505,1.7357161,1,187.0
2022-02-01,crete,35.220968091329155,24.80892437797494,92.925,,,9.860146,12.923952,7.1997375,2.1844285,1,187.0
2022-03-01,crete,35.220968091329155,24.80892437797494,158.28387,,,8.486383,10.931269,6.2832556,2.8420515,1,187.0
2022-04-01,crete,35.220968091329155,24.80892437797494,0.0,,,14.045237,17.764086,10.875842,2.9739199,1,187.0
2022-05-01,crete,35.220968091329155,24.80892437797494,6.2870965,,,17.47506,21.210112,14.228034,3.215484,1,187.0
2022-06-01,crete,35.220968091329155,24.80892437797494,0.0,,,21.997833,25.573912,19.504776,3.1773865,1,187.0
2022-07-01,crete,35.220968091329155,24.80892437797494,0.0,,,23.445662,26.271162,20.645283,2.8064513,1,187.0
2022-08-01,crete,35.220968091329155,24.80892437797494,6.2064514,,,23.69642,26.880957,21.311823,2.9749224,1,187.0
2022-09-01,crete,35.220968091329155,24.80892437797494,0.0,,,21.181711,24.846046,18.748823,3.1101599,1,187.0
2022-10-01,crete,35.220968091329155,24.80892437797494,6.009678,,,17.85169,20.078217,15.898123,2.2663355,1,187.0
2022-11-01,crete,35.220968091329155,24.80892437797494,106.08667,,,14.92489,17.751347,12.666666,2.5919266,1,187.0
2022-12-01,crete,35.220968091329155,24.80892437797494,79.83548,,,13.301425,16.109411,11.231413,2.5992517,1,187.0
2023-01-01,crete,35.220968091329155,24.80892437797494,96.21935,,,11.193616,13.792122,9.286349,2.5350192,1,187.0
2023-02-01,crete,35.220968091329155,24.80892437797494,136.90001,,,9.112621,11.262983,7.15156,2.3968,1,187.0
2023-03-01,crete,35.220968091329155,24.80892437797494,56.50968,,,12.032016,14.796124,9.661748,2.605761,1,187.0
2023-04-01,crete,35.220968091329155,24.80892437797494,28.619999,,,13.69885,16.395184,10.293149,2.942607,1,187.0
2023-05-01,crete,35.220968091329155,24.80892437797494,21.919355,,,16.292233,19.319635,13.39542,3.0818129,1,187.0
2023-06-01,crete,35.220968091329155,24.80892437797494,7.2333336,,,20.815413,24.112316,17.926895,2.5925465,1,187.0
2023-07-01,crete,35.220968091329155,24.80892437797494,0.0,,,25.493736,29.743334,22.297815,2.9779031,1,187.0
2023-08-01,crete,35.220968091329155,24.80892437797494,0.0,,,24.518282,28.41889,22.003267,2.8569546,1,187.0
2023-09-01,crete,35.220968091329155,24.80892437797494,2.2800002,,,22.603529,25.50089,20.526924,3.01998,1,187.0
2023-10-01,crete,35.220968091329155,24.80892437797494,0.0,,,20.187378,23.153395,18.090271,2.9889224,1,187.0
2023-11-01,crete,35.220968091329155,24.80892437797494,39.293335,,,17.64903,20.380451,14.525012,2.7006664,1,187.0
2023-12-01,crete,35.220968091329155,24.80892437797494,66.490326,,,14.467623,17.062664,12.259473,2.6601548,1,187.0
2024-01-01,crete,35.220968091329155,24.80892437797494,118.825806,,,11.751362,14.873176,9.102509,1.8463396,1,187.0
2024-02-01,crete,35.220968091329155,24.80892437797494,182.92416,,,12.197999,15.674419,9.411529,2.820007,1,187.0
2024-03-01,crete,35.220968091329155,24.80892437797494,105.229034,,,12.796493,16.977228,9.615662,2.9615538,1,187.0
2024-04-01,crete,35.220968091329155,24.80892437797494,50.97667,,,15.972206,19.605444,13.5259075,3.1941018,1,187.0
2024-05-01,crete,35.220968091329155,24.80892437797494,14.390323,,,18.18803,21.85093,15.38666,2.884549,1,187.0
2024-06-01,crete,35.220968091329155,24.80892437797494,0.0,,,22.501287,28.314833,19.186266,3.04634,1,187.0
2024-07-01,crete,35.220968091329155,24.80892437797494,0.0,,,24.822891,29.63347,21.441162,2.9825077,1,187.0
2024-08-01,crete,35.220968091329155,24.80892437797494,2.3935485,,,25.471382,28.658184,22.67616,3.1964579,1,187.0
2024-09-01,crete,35.220968091329155,24.80892437797494,3.5300002,,,22.966057,25.800297,20.49148,2.739095,1,187.0
2024-10-01,crete,35.220968091329155,24.80892437797494,0.0,,,19.934774,22.630274,17.563307,2.730408,1,187.0
2024-11-01,crete,35.220968091329155,24.80892437797494,63.940002,,,15.630101,18.819101,12.90768,1.9519659,1,187.0
2024-12-01,crete,35.220968091329155,24.80892437797494,343.72583,,,12.365237,15.613239,9.547602,2.2034626,1,187.0
