time,area_name,lat,lon,rr,hu,qq,tg,tx,tn,fg
2000-01-01,piemonte,45.05438193038715,7.917708356657635,35.23226,56.31186,67.84999,0.89111286,5.917215,-2.6899004,1.6001015
2000-02-01,piemonte,45.05438193038715,7.917708356657635,137.29309,57.120987,98.933304,4.045671,9.149741,0.1231511,1.6393162
2000-03-01,piemonte,45.05438193038715,7.917708356657635,367.60968,56.784184,149.5513,6.8001103,12.20164,2.2120984,2.0596619
2000-04-01,piemonte,45.05438193038715,7.917708356657635,1433.6301,72.52407,157.91847,8.991804,13.272038,5.1013713,2.0678592
2000-05-01,piemonte,45.05438193038715,7.917708356657635,648.07745,70.62685,230.74684,15.16946,19.963379,10.751159,1.9262674
2000-06-01,piemonte,45.05438193038715,7.917708356657635,569.0333,67.232346,259.55905,18.375732,23.463676,13.506263,1.9553552
2000-07-01,piemonte,45.05438193038715,7.917708356657635,704.07104,63.66118,252.6984,17.952349,22.980328,12.572748,1.9433093
2000-08-01,piemonte,45.05438193038715,7.917708356657635,534.3419,67.11222,212.26108,19.434566,26.039145,15.214325,1.4677017
2000-09-01,piemonte,45.05438193038715,7.917708356657635,1186.9401,67.19072,179.33482,15.697588,21.739344,11.659421,1.507053
2000-10-01,piemonte,45.05438193038715,7.917708356657635,2218.013,77.76115,87.4352,10.543457,14.850601,7.8192067,1.2491919
2000-11-01,piemonte,45.05438193038715,7.917708356657635,2056.9233,80.57843,48.772434,4.461187,8.295518,2.1611638,1.2843667
2000-12-01,piemonte,45.05438193038715,7.917708356657635,438.42905,70.924095,41.327827,3.0521185,6.674393,0.7743699,1.0104587
2001-01-01,piemonte,45.05438193038715,7.917708356657635,783.4097,70.74049,46.442574,1.3595502,4.9270926,-1.5255585,1.1787966
2001-02-01,piemonte,45.05438193038715,7.917708356657635,225.78574,56.94661,101.75877,3.6707578,9.076262,-0.5335553,1.7007092
2001-03-01,piemonte,45.05438193038715,7.917708356657635,1025.6226,69.9205,118.3304,7.402834,11.572351,3.2361076,1.5364627
2001-04-01,piemonte,45.05438193038715,7.917708356657635,385.49335,57.99992,193.23459,8.491175,13.357226,3.4148338,1.7831509
2001-05-01,piemonte,45.05438193038715,7.917708356657635,886.36127,69.1277,213.94373,14.77249,19.84568,10.504427,1.7387164
2001-06-01,piemonte,45.05438193038715,7.917708356657635,589.54004,58.244,268.83585,17.15235,23.116007,11.348311,1.9528893
2001-07-01,piemonte,45.05438193038715,7.917708356657635,501.66125,66.40108,255.65187,19.45531,25.179176,14.2201605,1.9081248
2001-08-01,piemonte,45.05438193038715,7.917708356657635,361.31613,65.10812,222.45284,20.340918,26.519833,15.506685,1.7678189
2001-09-01,piemonte,45.05438193038715,7.917708356657635,720.32,64.63321,164.42294,12.62216,18.557518,8.200615,1.9447553
2001-10-01,piemonte,45.05438193038715,7.917708356657635,534.8742,76.11704,113.49558,12.862018,18.300158,9.42105,1.4779862
2001-11-01,piemonte,45.05438193038715,7.917708356657635,162.87666,64.9375,65.43575,4.8672686,9.754635,1.3545387,2.0712178
2001-12-01,piemonte,45.05438193038715,7.917708356657635,36.683872,56.209755,57.32493,-0.14414221,5.1323986,-4.092617,1.7276783
2002-01-01,piemonte,45.05438193038715,7.917708356657635,179.47098,55.05056,68.98895,0.4500692,6.314764,-3.6390815,1.5452684
2002-02-01,piemonte,45.05438193038715,7.917708356657635,991.03217,62.255394,86.45514,4.1748376,8.80801,0.23836258,1.8409392
2002-03-01,piemonte,45.05438193038715,7.917708356657635,431.02905,56.184444,151.39624,7.6264133,12.856831,2.6979952,2.0841632
2002-04-01,piemonte,45.05438193038715,7.917708356657635,399.70663,59.848522,183.38857,9.148605,13.558753,4.750258,2.0442307
2002-05-01,piemonte,45.05438193038715,7.917708356657635,2083.0322,69.94992,209.486,12.659006,17.11584,8.58196,1.9743363
2002-06-01,piemonte,45.05438193038715,7.917708356657635,653.2234,66.077515,255.00484,18.89373,24.173702,14.218569,1.7855917
2002-07-01,piemonte,45.05438193038715,7.917708356657635,824.0645,66.78325,245.85353,18.567772,24.055979,14.031837,1.7989998
2002-08-01,piemonte,45.05438193038715,7.917708356657635,1040.8356,71.87153,205.1086,17.82211,22.892054,13.794829,1.5819476
2002-09-01,piemonte,45.05438193038715,7.917708356657635,760.26666,74.852264,156.44707,13.955318,19.115294,10.2735815,1.5234151
2002-10-01,piemonte,45.05438193038715,7.917708356657635,690.5322,68.40745,105.76627,10.32382,15.5693865,6.6498837,1.6001853
2002-11-01,piemonte,45.05438193038715,7.917708356657635,2885.9402,74.86644,52.97128,6.573008,10.192091,3.8960953,1.8407393
2002-12-01,piemonte,45.05438193038715,7.917708356657635,446.79678,72.83392,40.74685,3.342183,6.4464498,0.90105146,1.1723797
2003-01-01,piemonte,45.05438193038715,7.917708356657635,263.36453,57.848595,60.963276,1.1515236,5.2691545,-2.298139,1.8001205
2003-02-01,piemonte,45.05438193038715,7.917708356657635,98.47858,51.222256,106.68314,-0.26919794,4.8583527,-4.3861938,1.9746662
2003-03-01,piemonte,45.05438193038715,7.917708356657635,50.203224,54.258434,171.47864,6.97039,12.858439,1.7146713,1.7659681
2003-04-01,piemonte,45.05438193038715,7.917708356657635,481.46002,62.707645,197.39134,9.099011,13.7498255,4.6402235,2.2307737
2003-05-01,piemonte,45.05438193038715,7.917708356657635,323.05807,60.839336,246.96797,15.408768,20.871412,10.338641,2.028156
2003-06-01,piemonte,45.05438193038715,7.917708356657635,240.68668,63.460674,274.81235,21.554552,27.546255,16.25775,1.7583724
2003-07-01,piemonte,45.05438193038715,7.917708356657635,251.45805,59.587284,268.77945,21.343328,27.274542,16.057646,1.8304107
2003-08-01,piemonte,45.05438193038715,7.917708356657635,234.7,57.748837,217.62195,22.578287,29.176477,17.408567,1.8986181
2003-09-01,piemonte,45.05438193038715,7.917708356657635,404.79,62.090897,174.33138,15.301217,21.280489,10.665326,1.8505766
2003-10-01,piemonte,45.05438193038715,7.917708356657635,923.771,67.770294,97.20303,8.510028,13.045238,4.9522724,1.6579595
2003-11-01,piemonte,45.05438193038715,7.917708356657635,1111.5568,77.55437,61.533447,5.9135456,9.546086,3.3809502,1.1843851
2003-12-01,piemonte,45.05438193038715,7.917708356657635,1020.5774,65.80199,49.36053,2.3824477,6.5150127,-0.5168524,1.5370365
2004-01-01,piemonte,45.05438193038715,7.917708356657635,390.73227,67.666855,57.177925,0.6698884,4.6424155,-2.360963,1.4725883
2004-02-01,piemonte,45.05438193038715,7.917708356657635,431.2379,63.059418,98.11705,2.547443,7.615646,-1.0410976,1.5789918
2004-03-01,piemonte,45.05438193038715,7.917708356657635,127.45484,59.076416,142.67845,5.042291,9.830673,0.88532317,1.5520627
2004-04-01,piemonte,45.05438193038715,7.917708356657635,943.4734,67.32428,180.73898,8.970582,13.596362,4.735048,1.8877865
2004-05-01,piemonte,45.05438193038715,7.917708356657635,693.071,68.68534,233.95891,12.377123,17.333652,7.789194,1.7997265
2004-06-01,piemonte,45.05438193038715,7.917708356657635,162.37001,59.13772,266.6609,18.33232,23.85641,12.910667,1.8310207
2004-07-01,piemonte,45.05438193038715,7.917708356657635,282.38388,64.01112,262.04688,19.638624,25.276724,14.417803,1.9599698
2004-08-01,piemonte,45.05438193038715,7.917708356657635,579.7839,70.29461,220.16899,19.299004,25.22052,14.440811,1.9680433
2004-09-01,piemonte,45.05438193038715,7.917708356657635,228.93333,65.23926,182.5617,16.247007,22.139164,11.663116,1.7329769
2004-10-01,piemonte,45.05438193038715,7.917708356657635,1084.8032,80.50444,81.82643,11.632606,15.929088,8.577879,1.5551378
2004-11-01,piemonte,45.05438193038715,7.917708356657635,861.34,67.50083,66.81731,5.3611846,10.393857,2.2268095,1.8429952
2004-12-01,piemonte,45.05438193038715,7.917708356657635,391.90643,61.944603,46.32872,2.3756635,6.9604464,-0.8344012,1.4796999
2005-01-01,piemonte,45.05438193038715,7.917708356657635,96.43871,52.543694,75.494255,0.35721728,5.9514112,-3.3454683,1.9066914
2005-02-01,piemonte,45.05438193038715,7.917708356657635,48.37857,50.21253,104.9963,-0.5032699,4.999575,-4.648214,2.019356
2005-03-01,piemonte,45.05438193038715,7.917708356657635,360.6387,59.163116,162.90535,5.33673,11.100422,0.57713807,1.7196138
2005-04-01,piemonte,45.05438193038715,7.917708356657635,1000.49335,66.26944,185.91385,8.733545,13.285349,4.636541,2.0910587
2005-05-01,piemonte,45.05438193038715,7.917708356657635,464.1129,60.705585,251.45215,14.707849,20.408323,9.714923,2.1787696
2005-06-01,piemonte,45.05438193038715,7.917708356657635,377.3767,64.770485,278.40085,18.803123,24.768295,13.85835,2.1743414
2005-07-01,piemonte,45.05438193038715,7.917708356657635,410.8226,61.59014,269.7416,19.862896,25.993502,14.9078,2.0580297
2005-08-01,piemonte,45.05438193038715,7.917708356657635,766.3968,64.46759,223.87354,17.866072,23.886326,13.277304,1.9609966
2005-09-01,piemonte,45.05438193038715,7.917708356657635,958.9966,76.48541,155.78629,15.530887,20.827835,11.995354,1.5980806
2005-10-01,piemonte,45.05438193038715,7.917708356657635,545.2935,78.78462,104.35227,10.673092,15.559763,7.659044,1.4506742
2005-11-01,piemonte,45.05438193038715,7.917708356657635,228.61668,70.17799,68.895386,4.4141903,8.927665,1.7780266,1.374602
2005-12-01,piemonte,45.05438193038715,7.917708356657635,349.3774,60.49787,53.820854,-0.66351604,4.094517,-3.875745,1.6935505
2006-01-01,piemonte,45.05438193038715,7.917708356657635,363.71292,64.214096,61.981915,-0.6958343,4.458531,-4.0727873,1.510837
2006-02-01,piemonte,45.05438193038715,7.917708356657635,491.61075,68.47421,95.30833,1.0027373,6.2617993,-2.5334737,1.718412
2006-03-01,piemonte,45.05438193038715,7.917708356657635,387.3645,63.340324,139.06161,4.4888287,9.776068,0.18740264,2.0357227
2006-04-01,piemonte,45.05438193038715,7.917708356657635,296.89337,65.01976,197.82986,10.221928,15.706219,5.4731207,2.0412133
2006-05-01,piemonte,45.05438193038715,7.917708356657635,441.70648,64.679955,233.19289,13.991944,19.548346,9.041254,2.1834245
2006-06-01,piemonte,45.05438193038715,7.917708356657635,163.29333,56.996006,265.7187,18.331718,24.910412,12.432954,2.1004324
2006-07-01,piemonte,45.05438193038715,7.917708356657635,421.23224,62.9231,258.23798,21.827614,28.80594,16.348377,2.0111575
2006-08-01,piemonte,45.05438193038715,7.917708356657635,804.9323,61.079754,226.58386,17.376707,23.773523,12.168296,2.0167773
2006-09-01,piemonte,45.05438193038715,7.917708356657635,1539.5101,73.94911,162.68236,16.676292,22.60556,12.383865,1.7999837
2006-10-01,piemonte,45.05438193038715,7.917708356657635,463.74518,75.77661,112.287865,12.258722,17.978981,8.51829,1.4584608
2006-11-01,piemonte,45.05438193038715,7.917708356657635,308.37335,71.183105,72.66332,6.896358,12.181406,3.3754704,1.3681188
2006-12-01,piemonte,45.05438193038715,7.917708356657635,771.5968,68.133865,51.89932,3.3783157,7.628373,0.498732,1.4503146
2007-01-01,piemonte,45.05438193038715,7.917708356657635,313.83545,70.20974,65.292114,3.6847465,8.670846,0.22984153,1.7298025
2007-02-01,piemonte,45.05438193038715,7.917708356657635,191.69643,67.43353,82.82699,4.426594,10.0008955,0.4215769,1.5805289
2007-03-01,piemonte,45.05438193038715,7.917708356657635,329.25162,58.369034,146.34044,6.902731,12.373961,2.529357,2.124678
2007-04-01,piemonte,45.05438193038715,7.917708356657635,129.65334,60.97031,205.85802,12.810321,19.11706,7.5687056,2.0250049
2007-05-01,piemonte,45.05438193038715,7.917708356657635,1137.6614,65.29785,232.35516,14.552057,20.305809,9.514878,2.2810445
2007-06-01,piemonte,45.05438193038715,7.917708356657635,881.44666,73.124695,251.54855,17.367609,22.971735,12.573634,2.1402605
2007-07-01,piemonte,45.05438193038715,7.917708356657635,278.20325,56.099407,273.5565,19.92743,26.397547,13.87285,2.3612077
2007-08-01,piemonte,45.05438193038715,7.917708356657635,846.6645,69.48602,206.35863,18.269663,24.542145,13.342517,2.0198817
2007-09-01,piemonte,45.05438193038715,7.917708356657635,377.54333,65.176575,189.45306,14.5098505,21.271608,9.44273,2.09382
2007-10-01,piemonte,45.05438193038715,7.917708356657635,198.23872,70.401085,118.044754,10.17323,16.48052,5.8694715,1.7410816
2007-11-01,piemonte,45.05438193038715,7.917708356657635,573.06006,63.248985,74.8384,4.631314,9.980102,0.8946517,1.8602569
2007-12-01,piemonte,45.05438193038715,7.917708356657635,167.26453,57.856853,56.363434,1.1964002,6.425402,-1.6615113,1.6998526
2008-01-01,piemonte,45.05438193038715,7.917708356657635,976.5484,70.31265,61.799976,2.2430906,6.943742,-0.78956693,1.6793058
2008-02-01,piemonte,45.05438193038715,7.917708356657635,230.59654,64.79877,110.59611,3.310236,9.519698,-0.8203615,1.4522921
2008-03-01,piemonte,45.05438193038715,7.917708356657635,303.50003,57.895092,150.25996,6.1558633,11.81216,1.6115013,2.3666
2008-04-01,piemonte,45.05438193038715,7.917708356657635,1030.9299,64.96736,180.77278,8.578372,13.844906,4.15374,2.2031798
2008-05-01,piemonte,45.05438193038715,7.917708356657635,1440.3226,72.905136,202.1873,13.674875,18.610758,9.618956,1.9673891
2008-06-01,piemonte,45.05438193038715,7.917708356657635,874.62006,74.8977,232.47324,17.481768,23.017447,12.978456,1.8390543
2008-07-01,piemonte,45.05438193038715,7.917708356657635,534.4839,67.69121,260.05405,19.280367,25.558615,13.977554,2.052861
2008-08-01,piemonte,45.05438193038715,7.917708356657635,316.0355,66.072716,233.32515,19.27445,26.01362,13.810762,1.8538454
2008-09-01,piemonte,45.05438193038715,7.917708356657635,690.31,72.441895,160.2797,14.247784,20.246546,9.935159,1.820091
2008-10-01,piemonte,45.05438193038715,7.917708356657635,740.14526,73.163956,104.742935,11.515623,17.076576,7.73584,1.4339167
2008-11-01,piemonte,45.05438193038715,7.917708356657635,1682.6868,75.748764,58.00611,4.981966,9.222764,2.1937315,1.8624418
2008-12-01,piemonte,45.05438193038715,7.917708356657635,1386.442,73.841324,44.998997,0.9679842,4.6838107,-1.5891929,1.9423306
2009-01-01,piemonte,45.05438193038715,7.917708356657635,505.78387,67.7512,58.481194,-0.5264226,3.8905222,-3.472876,1.5147314
2009-02-01,piemonte,45.05438193038715,7.917708356657635,736.5179,61.58302,97.568214,1.2312406,6.884474,-2.7185514,2.0421972
2009-03-01,piemonte,45.05438193038715,7.917708356657635,731.9194,58.578766,150.00916,5.9240136,11.635705,1.2245395,2.422796
2009-04-01,piemonte,45.05438193038715,7.917708356657635,1867.35,71.016075,171.73517,9.736624,14.566124,5.957567,2.4914024
2009-05-01,piemonte,45.05438193038715,7.917708356657635,245.30002,58.958584,245.25314,15.744973,22.181072,10.415179,1.9967216
2009-06-01,piemonte,45.05438193038715,7.917708356657635,451.35666,62.19296,258.58014,17.879725,24.260408,12.4526415,2.2553148
2009-07-01,piemonte,45.05438193038715,7.917708356657635,391.3,60.09715,268.00482,20.072157,26.707172,14.429968,2.0781603
2009-08-01,piemonte,45.05438193038715,7.917708356657635,336.29355,63.40594,227.81113,20.619572,27.197906,15.382532,1.8730294
2009-09-01,piemonte,45.05438193038715,7.917708356657635,656.86005,67.570465,171.0864,16.096905,22.331417,11.441637,1.9472525
2009-10-01,piemonte,45.05438193038715,7.917708356657635,469.8871,67.815216,118.55241,10.192627,16.46122,5.9772964,1.758185
2009-11-01,piemonte,45.05438193038715,7.917708356657635,1031.6001,75.99697,58.867706,5.921356,10.32315,3.005326,1.5530473
2009-12-01,piemonte,45.05438193038715,7.917708356657635,910.7226,69.80651,44.01998,0.26354837,4.2318673,-2.636388,1.6613873
2010-01-01,piemonte,45.05438193038715,7.917708356657635,274.16772,71.24158,55.171894,-1.4230114,2.5981336,-4.1265864,1.5324824
2010-02-01,piemonte,45.05438193038715,7.917708356657635,675.70715,68.868744,80.52546,0.66668683,5.3618627,-2.661043,1.8121291
2010-03-01,piemonte,45.05438193038715,7.917708356657635,593.84515,65.34796,133.00223,4.3487186,9.312392,0.5353309,2.102835
2010-04-01,piemonte,45.05438193038715,7.917708356657635,280.62335,60.58846,200.84624,9.543017,15.283392,4.9021006,2.2859805
2010-05-01,piemonte,45.05438193038715,7.917708356657635,1337.1903,68.33091,211.10158,12.412429,17.589052,8.179412,2.4252114
2010-06-01,piemonte,45.05438193038715,7.917708356657635,972.44666,68.98191,238.11984,17.167768,22.707024,12.607015,2.3281476
2010-07-01,piemonte,45.05438193038715,7.917708356657635,200.09032,61.873634,271.3324,21.238224,27.538054,15.932749,2.2745094
2010-08-01,piemonte,45.05438193038715,7.917708356657635,838.7903,66.823975,226.91974,18.305765,24.336714,13.36775,1.956494
2010-09-01,piemonte,45.05438193038715,7.917708356657635,432.09332,68.24683,171.28915,14.5370455,20.824774,9.885228,1.8113494
2010-10-01,piemonte,45.05438193038715,7.917708356657635,1415.9806,73.53598,103.00358,9.204654,14.345403,5.6273055,1.7423371
2010-11-01,piemonte,45.05438193038715,7.917708356657635,1235.8567,77.012344,57.882355,4.656362,8.566787,1.9967175,1.6937196
2010-12-01,piemonte,45.05438193038715,7.917708356657635,777.4516,71.09082,42.832794,-0.6193247,3.0944724,-3.3206217,1.6698446
2011-01-01,piemonte,45.05438193038715,7.917708356657635,268.50647,69.549934,60.778545,0.69229704,4.699051,-2.1520202,1.4724857
2011-02-01,piemonte,45.05438193038715,7.917708356657635,306.3857,64.92315,96.12741,3.2395623,8.882415,-0.5263408,1.6767287
2011-03-01,piemonte,45.05438193038715,7.917708356657635,804.471,67.53994,145.07846,5.9440503,11.123664,1.9433765,2.0811005
2011-04-01,piemonte,45.05438193038715,7.917708356657635,136.82666,56.066982,224.01256,12.2865505,18.644669,7.2028317,2.1462584
2011-05-01,piemonte,45.05438193038715,7.917708356657635,402.10645,60.14333,259.40103,15.279472,21.614952,9.682127,2.217627
2011-06-01,piemonte,45.05438193038715,7.917708356657635,1409.7168,73.5732,243.28995,17.22722,22.550753,12.742082,2.1059916
2011-07-01,piemonte,45.05438193038715,7.917708356657635,804.77423,67.27786,239.92465,18.075617,23.751017,13.208048,2.141625
2011-08-01,piemonte,45.05438193038715,7.917708356657635,224.06775,61.91091,243.94408,20.280947,26.9411,14.689799,1.8490467
2011-09-01,piemonte,45.05438193038715,7.917708356657635,560.5233,66.63252,178.17082,17.513517,24.231092,12.593056,1.6579596
2011-10-01,piemonte,45.05438193038715,7.917708356657635,456.21295,63.682602,126.87106,10.539727,17.14536,5.905506,1.5065699
2011-11-01,piemonte,45.05438193038715,7.917708356657635,1850.9667,72.5095,64.95214,5.9233475,10.828354,2.9391174,1.3781961
2011-12-01,piemonte,45.05438193038715,7.917708356657635,357.6,63.570084,51.831455,2.2709408,7.2925715,-1.1077687,1.5249348
2012-01-01,piemonte,45.05438193038715,7.917708356657635,354.42258,64.09405,63.19411,1.1921029,6.3743224,-2.3240452,1.7633618
2012-02-01,piemonte,45.05438193038715,7.917708356657635,26.124138,56.147877,115.76149,-0.5391051,5.526417,-5.019254,1.7509987
2012-03-01,piemonte,45.05438193038715,7.917708356657635,263.08386,53.718292,180.11229,8.771322,15.5661,3.6610024,1.9971983
2012-04-01,piemonte,45.05438193038715,7.917708356657635,1383.4766,70.99653,170.6399,8.735897,13.548395,4.8835154,2.015369
2012-05-01,piemonte,45.05438193038715,7.917708356657635,759.19354,66.961975,239.66557,13.658215,19.421148,8.907955,2.027715
2012-06-01,piemonte,45.05438193038715,7.917708356657635,340.46,65.619865,269.74496,18.902418,24.678572,13.8235655,1.8599433
2012-07-01,piemonte,45.05438193038715,7.917708356657635,334.59677,59.79239,265.02878,20.365623,26.773077,14.909745,1.995064
2012-08-01,piemonte,45.05438193038715,7.917708356657635,338.48065,60.575603,234.99086,21.02961,27.70243,15.608189,1.7692577
2012-09-01,piemonte,45.05438193038715,7.917708356657635,1002.91003,66.36961,155.63622,15.532911,21.47812,11.07581,1.7670611
2012-10-01,piemonte,45.05438193038715,7.917708356657635,657.62585,74.97147,104.19901,11.049893,16.332226,7.301844,1.4208014
2012-11-01,piemonte,45.05438193038715,7.917708356657635,1728.5034,73.33196,63.15687,6.3119974,10.761547,3.3806205,1.4790392
2012-12-01,piemonte,45.05438193038715,7.917708356657635,363.8645,65.341,51.50921,0.7032135,5.2061296,-2.312634,1.4999195
2013-01-01,piemonte,45.05438193038715,7.917708356657635,297.0903,64.547516,64.666145,1.3393961,5.9623637,-1.8526801,1.654477
2013-02-01,piemonte,45.05438193038715,7.917708356657635,215.79286,58.85167,104.53448,-0.10709099,5.0381613,-3.853519,1.8618635
2013-03-01,piemonte,45.05438193038715,7.917708356657635,820.27094,69.732796,122.27605,3.8824205,8.499725,0.34703094,1.9312121
2013-04-01,piemonte,45.05438193038715,7.917708356657635,1633.8634,72.95164,165.90611,9.643339,14.556763,5.6025734,1.9082329
2013-05-01,piemonte,45.05438193038715,7.917708356657635,1558.0162,69.404,214.7493,11.586405,16.83276,7.192085,2.34172
2013-06-01,piemonte,45.05438193038715,7.917708356657635,361.30002,65.34944,264.2379,16.881222,22.780357,11.599544,2.1015654
2013-07-01,piemonte,45.05438193038715,7.917708356657635,592.4839,66.66522,269.13385,20.399477,26.760405,15.120632,2.2060833
2013-08-01,piemonte,45.05438193038715,7.917708356657635,472.1516,67.50161,241.32693,19.427633,25.828543,14.268342,2.0103269
2013-09-01,piemonte,45.05438193038715,7.917708356657635,494.81,70.471695,177.27866,15.7551155,22.221962,10.930844,1.8513597
2013-10-01,piemonte,45.05438193038715,7.917708356657635,829.39355,83.11273,92.87387,11.532475,15.86149,8.36427,1.7105278
2013-11-01,piemonte,45.05438193038715,7.917708356657635,661.1067,72.312706,60.968628,5.6408715,9.670757,2.4825258,1.9738871
2013-12-01,piemonte,45.05438193038715,7.917708356657635,1258.7031,67.16682,56.24925,2.4042983,7.2129736,-0.5087889,1.6123462
2014-01-01,piemonte,45.05438193038715,7.917708356657635,1374.9259,78.026634,54.269222,2.188847,6.013119,-0.50800985,1.8761088
2014-02-01,piemonte,45.05438193038715,7.917708356657635,1303.0643,79.041664,78.17215,2.9037814,7.0521226,-0.19654964,2.0002854
2014-03-01,piemonte,45.05438193038715,7.917708356657635,527.0484,60.99293,168.04509,7.1507387,13.103916,2.510719,2.258617
2014-04-01,piemonte,45.05438193038715,7.917708356657635,592.5367,67.17684,202.27104,10.804272,16.494562,6.0991693,2.2510877
2014-05-01,piemonte,45.05438193038715,7.917708356657635,581.8323,64.33014,233.66571,12.908317,18.687628,7.7710915,2.3048632
2014-06-01,piemonte,45.05438193038715,7.917708356657635,579.6267,68.228516,261.21463,17.634851,23.717134,12.612385,2.0391972
2014-07-01,piemonte,45.05438193038715,7.917708356657635,1094.7032,71.98611,224.1172,17.981878,23.728693,13.306802,2.0353322
2014-08-01,piemonte,45.05438193038715,7.917708356657635,649.50006,72.87178,216.04811,17.68892,23.488087,13.264322,1.8540775
2014-09-01,piemonte,45.05438193038715,7.917708356657635,373.91998,71.04552,175.36964,15.637358,21.776363,11.227772,1.7411015
2014-10-01,piemonte,45.05438193038715,7.917708356657635,773.5645,75.193954,113.89362,11.981225,17.564579,8.205097,1.5262004
2014-11-01,piemonte,45.05438193038715,7.917708356657635,3454.5266,82.07279,50.507843,7.394461,11.155818,4.843492,1.4311408
2014-12-01,piemonte,45.05438193038715,7.917708356657635,298.96127,71.43491,50.319904,3.1637113,7.251164,0.29516461,1.5357729
2015-01-01,piemonte,45.05438193038715,7.917708356657635,510.33875,63.375973,66.91338,1.977013,7.155696,-1.7275175,2.1857626
2015-02-01,piemonte,45.05438193038715,7.917708356657635,676.7321,66.252975,92.30771,1.8524628,6.672248,-1.6742672,2.1486135
2015-03-01,piemonte,45.05438193038715,7.917708356657635,414.87097,61.848595,144.25984,6.6605105,11.883567,2.3587778,2.3840303
2015-04-01,piemonte,45.05438193038715,7.917708356657635,471.12,58.308067,211.91626,10.547025,16.51774,5.360337,2.2503912
2015-05-01,piemonte,45.05438193038715,7.917708356657635,532.33875,67.06934,233.96661,14.660425,20.48591,9.533835,2.0023148
2015-06-01,piemonte,45.05438193038715,7.917708356657635,717.55005,66.31794,267.61694,18.444296,24.47239,13.273581,1.9057381
2015-07-01,piemonte,45.05438193038715,7.917708356657635,205.75807,60.154453,281.29254,22.802221,29.417946,17.102951,1.8969775
2015-08-01,piemonte,45.05438193038715,7.917708356657635,766.24835,68.74647,223.13495,19.404629,25.478539,14.404327,1.7703472
2015-09-01,piemonte,45.05438193038715,7.917708356657635,795.6867,68.89045,167.95827,14.341112,20.075262,10.10286,2.117894
2015-10-01,piemonte,45.05438193038715,7.917708356657635,1039.129,75.329216,103.80913,9.97302,15.130117,6.4084616,1.7305055
2015-11-01,piemonte,45.05438193038715,7.917708356657635,93.2,62.69166,79.26506,6.697275,12.645866,2.6078305,1.5487888
2015-12-01,piemonte,45.05438193038715,7.917708356657635,19.729033,69.24053,54.24478,3.5376503,8.572989,0.4660576,1.1523585
2016-01-01,piemonte,45.05438193038715,7.917708356657635,377.08066,67.97354,61.39425,1.4944458,6.1923504,-1.7638185,1.7110871
2016-02-01,piemonte,45.05438193038715,7.917708356657635,1147.2759,70.70538,86.51032,3.9323444,8.356316,0.3944971,2.1908686
2016-03-01,piemonte,45.05438193038715,7.917708356657635,542.7612,58.684093,155.1988,5.533142,10.96384,1.0813986,2.125207
2016-04-01,piemonte,45.05438193038715,7.917708356657635,558.25,64.198395,193.94545,10.30772,15.789978,5.811511,2.2569747
2016-05-01,piemonte,45.05438193038715,7.917708356657635,1138.5388,64.43454,228.73837,12.677596,18.162678,7.8517365,2.1219363
2016-06-01,piemonte,45.05438193038715,7.917708356657635,729.9533,69.30021,244.82494,17.037413,22.979712,12.131593,1.784744
2016-07-01,piemonte,45.05438193038715,7.917708356657635,502.29678,62.504414,257.02167,20.326086,26.89874,14.567957,1.8418362
2016-08-01,piemonte,45.05438193038715,7.917708356657635,397.55807,62.830788,239.16139,19.57061,26.247593,13.919803,1.7913147
2016-09-01,piemonte,45.05438193038715,7.917708356657635,571.3667,65.92721,174.65858,16.728895,23.304451,11.876385,1.6896988
2016-10-01,piemonte,45.05438193038715,7.917708356657635,686.1742,73.36439,109.73178,9.565515,14.983595,5.6998606,1.572401
2016-11-01,piemonte,45.05438193038715,7.917708356657635,2177.5366,75.347305,64.621216,5.1507597,9.498294,2.0859642,1.5912365
2016-12-01,piemonte,45.05438193038715,7.917708356657635,131.25484,63.422295,60.950104,2.7038774,8.10297,-0.5582197,1.4870621
2017-01-01,piemonte,45.05438193038715,7.917708356657635,96.435486,56.075924,64.80221,-0.3976303,4.3712187,-3.9936163,1.9303783
2017-02-01,piemonte,45.05438193038715,7.917708356657635,573.2286,71.83348,93.50358,3.8495195,8.469352,0.18291898,1.763444
2017-03-01,piemonte,45.05438193038715,7.917708356657635,830.5,61.910374,155.294,8.337886,14.460478,3.3860362,2.2440484
2017-04-01,piemonte,45.05438193038715,7.917708356657635,525.55334,58.487972,222.27428,10.210328,16.501583,4.4235234,2.3065767
2017-05-01,piemonte,45.05438193038715,7.917708356657635,547.45483,64.806435,245.91484,14.172827,20.123024,8.607709,2.2157965
2017-06-01,piemonte,45.05438193038715,7.917708356657635,715.31,65.03838,269.85364,19.681986,26.040031,14.103147,2.2242374
2017-07-01,piemonte,45.05438193038715,7.917708356657635,283.00647,61.197853,269.78247,20.365494,27.030148,14.565824,2.1104708
2017-08-01,piemonte,45.05438193038715,7.917708356657635,543.8226,61.79259,229.77386,20.574444,27.39728,15.038775,2.001146
2017-09-01,piemonte,45.05438193038715,7.917708356657635,337.59998,65.50346,168.01106,13.917782,20.361486,9.05738,1.9789019
2017-10-01,piemonte,45.05438193038715,7.917708356657635,31.567743,59.789047,129.82664,11.8547535,19.03091,6.699438,1.7320147
2017-11-01,piemonte,45.05438193038715,7.917708356657635,540.04004,65.19392,71.48374,4.729986,9.841763,1.2746055,1.8855317
2017-12-01,piemonte,45.05438193038715,7.917708356657635,859.96454,64.1694,51.95211,0.41721058,5.22962,-3.1555138,1.9436456
2018-01-01,piemonte,45.05438193038715,7.917708356657635,1157.4967,72.88705,62.14969,3.3084297,7.7625527,0.00906574,2.0163398
2018-02-01,piemonte,45.05438193038715,7.917708356657635,260.0393,69.069435,93.98715,0.1331624,4.426655,-3.380032,1.9302595
2018-03-01,piemonte,45.05438193038715,7.917708356657635,1149.7871,70.17035,132.05559,4.08493,8.394092,0.39651516,2.061029
2018-04-01,piemonte,45.05438193038715,7.917708356657635,1052.1733,63.71483,209.97002,11.341334,16.757128,6.629271,2.2062294
2018-05-01,piemonte,45.05438193038715,7.917708356657635,1301.0194,74.395164,202.24054,13.923176,19.191555,9.591698,2.1978815
2018-06-01,piemonte,45.05438193038715,7.917708356657635,539.68335,66.89853,260.19217,18.111101,23.81734,12.982499,2.0117645
2018-07-01,piemonte,45.05438193038715,7.917708356657635,488.47742,66.00641,277.52356,20.561296,27.01867,15.0925455,1.9977598
2018-08-01,piemonte,45.05438193038715,7.917708356657635,514.88385,65.11314,229.75546,20.327623,26.827175,15.057646,1.8776013
2018-09-01,piemonte,45.05438193038715,7.917708356657635,202.78334,68.76517,192.26564,17.191044,23.62264,12.109072,1.7801902
2018-10-01,piemonte,45.05438193038715,7.917708356657635,1883.1484,72.36782,109.601295,12.235663,17.408213,8.297539,1.878358
2018-11-01,piemonte,45.05438193038715,7.917708356657635,998.37665,79.56157,54.969322,6.3992734,10.0576725,3.8938377,1.6221868
2018-12-01,piemonte,45.05438193038715,7.917708356657635,268.5613,67.54903,58.861362,2.7497277,7.8641186,-0.88675296,1.52683
2019-01-01,piemonte,45.05438193038715,7.917708356657635,126.00322,53.668728,76.04074,0.70589566,6.424995,-3.4653466,2.1517134
2019-02-01,piemonte,45.05438193038715,7.917708356657635,386.22858,54.431152,120.466385,4.16773,11.335996,-0.7742943,1.7864358
2019-03-01,piemonte,45.05438193038715,7.917708356657635,167.54517,48.887344,181.33162,7.310782,13.879596,1.6194319,2.397252
2019-04-01,piemonte,45.05438193038715,7.917708356657635,1286.8533,65.42925,192.45018,8.876082,13.899865,4.4151597,2.311347
2019-05-01,piemonte,45.05438193038715,7.917708356657635,583.57745,67.575874,218.84508,11.292578,16.58477,6.5482407,2.2772608
2019-06-01,piemonte,45.05438193038715,7.917708356657635,388.80667,64.56179,262.03876,19.349285,25.828627,13.550769,2.0417209
2019-07-01,piemonte,45.05438193038715,7.917708356657635,577.3129,65.0238,267.999,21.204552,27.547686,15.669116,2.087281
2019-08-01,piemonte,45.05438193038715,7.917708356657635,527.21936,69.9787,224.27045,20.39987,26.601168,15.310358,1.8561034
2019-09-01,piemonte,45.05438193038715,7.917708356657635,390.97668,70.06852,177.19379,16.45944,22.423103,11.703883,1.7292478
2019-10-01,piemonte,45.05438193038715,7.917708356657635,1779.7227,76.58549,104.040405,12.42648,17.254091,8.624873,1.5821787
2019-11-01,piemonte,45.05438193038715,7.917708356657635,2320.9768,79.221466,56.33979,5.579177,9.037988,2.9819882,1.8134834
2019-12-01,piemonte,45.05438193038715,7.917708356657635,1163.2614,70.10887,54.843952,3.8132548,8.057724,0.57340103,1.7097992
2020-01-01,piemonte,45.05438193038715,7.917708356657635,157.22258,63.750973,66.47193,2.4385576,7.819068,-1.4681615,1.6429176
2020-02-01,piemonte,45.05438193038715,7.917708356657635,171.4862,55.008537,106.67844,5.404326,11.638408,0.38405675,2.1924865
2020-03-01,piemonte,45.05438193038715,7.917708356657635,488.73547,64.19004,157.38565,6.0444903,11.2008505,1.7625293,1.9146857
2020-04-01,piemonte,45.05438193038715,7.917708356657635,343.11002,59.143715,216.22215,10.769134,16.86407,5.310579,2.0612235
2020-05-01,piemonte,45.05438193038715,7.917708356657635,977.46454,67.645004,249.75925,14.604142,20.481293,9.491165,2.1221263
2020-06-01,piemonte,45.05438193038715,7.917708356657635,1140.45,71.33204,248.38397,16.470362,22.189302,11.522599,2.067024
2020-07-01,piemonte,45.05438193038715,7.917708356657635,364.99036,67.42611,288.6017,20.127787,26.465885,14.538147,2.0609765
2020-08-01,piemonte,45.05438193038715,7.917708356657635,781.2355,66.38526,243.15681,20.22562,26.895094,14.818186,2.0368478
2020-09-01,piemonte,45.05438193038715,7.917708356657635,343.88,68.992966,181.26482,16.19043,22.34375,11.373768,1.8877854
2020-10-01,piemonte,45.05438193038715,7.917708356657635,1951.558,76.30256,106.13941,9.377454,14.484723,5.6684136,1.6356826
2020-11-01,piemonte,45.05438193038715,7.917708356657635,43.67,70.222466,76.76298,6.8243933,12.106863,3.0859365,1.481106
2020-12-01,piemonte,45.05438193038715,7.917708356657635,737.4871,76.40139,46.058376,1.8052058,5.191542,-0.8922323,1.5282319
2021-01-01,piemonte,45.05438193038715,7.917708356657635,772.31934,69.630325,66.148575,0.5007334,4.898654,-2.8777776,1.7136432
2021-02-01,piemonte,45.05438193038715,7.917708356657635,277.30716,70.238174,102.532875,4.7160153,9.789799,0.8618561,1.8117126
2021-03-01,piemonte,45.05438193038715,7.917708356657635,71.8613,52.729187,182.44504,6.1609273,12.307987,0.95467347,1.9978522
2021-04-01,piemonte,45.05438193038715,7.917708356657635,476.15335,60.897774,208.34335,8.088567,13.409675,3.4466734,2.0535467
2021-05-01,piemonte,45.05438193038715,7.917708356657635,1013.52905,62.01643,227.76192,11.974479,17.433891,6.908508,2.249916
2021-06-01,piemonte,45.05438193038715,7.917708356657635,451.99335,66.337555,279.45386,18.732311,24.757984,13.376962,1.9404474
2021-07-01,piemonte,45.05438193038715,7.917708356657635,945.0806,67.74941,260.1278,19.604937,25.836891,14.322987,1.9425372
2021-08-01,piemonte,45.05438193038715,7.917708356657635,305.00323,62.636314,242.02747,19.367823,25.562422,14.076177,1.9433976
2021-09-01,piemonte,45.05438193038715,7.917708356657635,510.18002,70.29359,166.20093,16.677269,22.358185,12.309789,1.6304959
2021-10-01,piemonte,45.05438193038715,7.917708356657635,588.21936,71.19529,123.84988,10.195566,15.818738,6.3293905,1.5094877
2021-11-01,piemonte,45.05438193038715,7.917708356657635,884.7133,73.53738,66.13114,5.7910213,9.902783,2.8199227,1.7275848
2021-12-01,piemonte,45.05438193038715,7.917708356657635,304.9258,66.21727,58.742714,2.229049,7.1393104,-1.3599184,1.7222657
2022-01-01,piemonte,45.05438193038715,7.917708356657635,85.58064,57.818745,86.45586,2.3363564,8.428652,-1.8965856,1.9260575
2022-02-01,piemonte,45.05438193038715,7.917708356657635,185.21431,54.763535,125.031265,4.4926457,10.9171295,-0.5018772,2.154408
2022-03-01,piemonte,45.05438193038715,7.917708356657635,107.59032,54.884117,155.10034,5.6896324,11.328625,0.95445913,1.9506639
2022-04-01,piemonte,45.05438193038715,7.917708356657635,497.62,59.590656,199.88385,9.538355,15.412677,4.097375,2.316496
2022-05-01,piemonte,45.05438193038715,7.917708356657635,370.66132,69.19457,252.99376,16.044874,21.832815,10.985628,1.931422
2022-06-01,piemonte,45.05438193038715,7.917708356657635,699.4033,63.14191,280.70795,20.269838,26.645947,14.465023,2.0564349
2022-07-01,piemonte,45.05438193038715,7.917708356657635,208.79355,59.390846,304.3846,22.819462,29.634874,16.661144,2.1028728
2022-08-01,piemonte,45.05438193038715,7.917708356657635,586.9129,62.667084,249.02446,20.90325,27.446175,15.412523,1.9602444
2022-09-01,piemonte,45.05438193038715,7.917708356657635,389.81668,65.229836,184.49216,15.827932,21.595577,11.103298,1.9101174
2022-10-01,piemonte,45.05438193038715,7.917708356657635,445.83548,75.3414,115.45216,13.895404,19.606335,9.891019,1.4987944
2022-11-01,piemonte,45.05438193038715,7.917708356657635,452.46332,69.46395,70.53899,6.7777195,11.615107,3.1953657,1.640452
2022-12-01,piemonte,45.05438193038715,7.917708356657635,577.9903,78.60343,48.997993,2.6446111,6.4362664,-0.12093311,1.5075142
2023-01-01,piemonte,45.05438193038715,7.917708356657635,328.8097,66.66415,69.47483,2.16781,6.6720653,-1.2018629,1.9147092
2023-02-01,piemonte,45.05438193038715,7.917708356657635,9.789286,60.30383,114.61443,3.8745785,9.92897,-0.6637358,1.8939346
2023-03-01,piemonte,45.05438193038715,7.917708356657635,372.24197,60.6815,164.3458,7.446634,13.392709,2.5464516,2.2021754
2023-04-01,piemonte,45.05438193038715,7.917708356657635,455.9967,58.796448,213.57393,9.417993,15.381381,3.9947553,2.2433932
2023-05-01,piemonte,45.05438193038715,7.917708356657635,1185.2872,70.841156,216.21666,13.639562,18.911186,9.259206,2.2197053
2023-06-01,piemonte,45.05438193038715,7.917708356657635,723.7866,70.13829,255.86905,18.448324,24.157297,13.586531,1.8986297
2023-07-01,piemonte,45.05438193038715,7.917708356657635,318.93872,63.984646,290.58087,21.348715,27.488762,15.606021,2.0460732
2023-08-01,piemonte,45.05438193038715,7.917708356657635,943.3323,58.54937,246.17036,20.912971,27.467918,15.250385,2.1278243
2023-09-01,piemonte,45.05438193038715,7.917708356657635,606.36334,69.951584,191.0241,17.40633,23.67153,12.641219,1.8086433
2023-10-01,piemonte,45.05438193038715,7.917708356657635,1339.8323,73.76566,114.39413,13.451546,18.867191,9.39482,1.8024377
2023-11-01,piemonte,45.05438193038715,7.917708356657635,747.80664,65.70427,74.302315,5.728837,10.790838,1.8252041,2.0416598
2023-12-01,piemonte,45.05438193038715,7.917708356657635,583.61285,64.65703,57.613132,4.108992,8.686557,0.6120604,1.8105245
2024-01-01,piemonte,45.05438193038715,7.917708356657635,457.27417,67.14125,67.45417,3.0726476,8.163377,-0.53735685,2.0633922
2024-02-01,piemonte,45.05438193038715,7.917708356657635,1135.5586,70.373245,93.41678,6.0367785,11.129369,2.2776973,2.0176005
2024-03-01,piemonte,45.05438193038715,7.917708356657635,2241.9775,72.770935,139.94263,6.7376904,11.669455,2.8700812,2.2822077
2024-04-01,piemonte,45.05438193038715,7.917708356657635,645.24335,61.927246,197.67935,9.979621,15.497493,5.238689,2.569496
2024-05-01,piemonte,45.05438193038715,7.917708356657635,1322.529,76.651764,217.47852,12.9393015,17.867487,8.679017,2.203787
2024-06-01,piemonte,45.05438193038715,7.917708356657635,831.0,75.13261,232.53333,17.157787,22.570904,12.459716,2.0822778
2024-07-01,piemonte,45.05438193038715,7.917708356657635,241.50322,69.398926,274.34467,21.441563,27.615154,16.021343,2.190742
2024-08-01,piemonte,45.05438193038715,7.917708356657635,231.04839,65.93281,232.79564,22.113188,28.858213,16.503855,1.9890143
2024-09-01,piemonte,45.05438193038715,7.917708356657635,1066.1901,71.235275,148.98637,15.075968,20.10558,11.1238,1.9994473
2024-10-01,piemonte,45.05438193038715,7.917708356657635,2266.1807,86.02142,90.070435,12.3570595,16.459873,9.4579115,1.7769974
2024-11-01,piemonte,45.05438193038715,7.917708356657635,305.19998,71.35291,81.75721,5.775892,11.315897,1.9875467,1.6036932
2024-12-01,piemonte,45.05438193038715,7.917708356657635,123.41935,62.249554,63.629204,2.8221262,8.060243,-0.8941489,1.8889306
2000-01-01,valle_d_aostavallee_d_aoste,45.74155032062454,7.385999400266219,34.683872,50.705696,64.086914,-4.606515,-1.0707347,-7.3863883,2.388665
2000-02-01,valle_d_aostavallee_d_aoste,45.74155032062454,7.385999400266219,129.20691,59.238716,92.039276,-2.6913981,1.1015325,-5.874808,2.7800093
2000-03-01,valle_d_aostavallee_d_aoste,45.74155032062454,7.385999400266219,97.80323,61.164566,149.10843,-1.2750716,2.6125984,-4.708557,3.0536292
2000-04-01,valle_d_aostavallee_d_aoste,45.74155032062454,7.385999400266219,191.72665,74.624725,174.64166,0.73823136,4.1943793,-2.2845645,2.576972
2000-05-01,valle_d_aostavallee_d_aoste,45.74155032062454,7.385999400266219,99.33548,75.25644,225.32347,6.43457,10.452393,2.9832256,2.2714694
2000-06-01,valle_d_aostavallee_d_aoste,45.74155032062454,7.385999400266219,116.29,71.74049,252.81201,10.050166,14.698315,6.3083606,2.3967035
2000-07-01,valle_d_aostavallee_d_aoste,45.74155032062454,7.385999400266219,155.25162,71.877914,233.60661,9.0672035,13.407912,5.144955,2.8304477
2000-08-01,valle_d_aostavallee_d_aoste,45.74155032062454,7.385999400266219,100.69678,70.01917,205.55019,12.209239,16.824005,8.335466,2.092231
2000-09-01,valle_d_aostavallee_d_aoste,45.74155032062454,7.385999400266219,198.78665,68.191826,170.61296,8.507333,12.910221,4.9677405,2.3645647
2000-10-01,valle_d_aostavallee_d_aoste,45.74155032062454,7.385999400266219,423.83228,75.83502,96.49194,3.2459497,6.8315864,0.44887987,1.8030286
2000-11-01,valle_d_aostavallee_d_aoste,45.74155032062454,7.385999400266219,187.87335,75.77596,53.412964,-2.5386667,0.2878888,-4.962824,1.4779074
2000-12-01,valle_d_aostavallee_d_aoste,45.74155032062454,7.385999400266219,80.4,67.90309,44.53405,-2.9917831,-0.028826078,-5.3652325,1.6454927
2001-01-01,valle_d_aostavallee_d_aoste,45.74155032062454,7.385999400266219,117.838715,69.572525,48.692654,-5.5400534,-2.308593,-8.382992,1.3411648
2001-02-01,valle_d_aostavallee_d_aoste,45.74155032062454,7.385999400266219,59.017857,60.721146,92.05059,-3.7733035,0.012628979,-6.802927,2.6154463
2001-03-01,valle_d_aostavallee_d_aoste,45.74155032062454,7.385999400266219,247.81937,77.21091,118.74193,-0.55009854,2.7151165,-3.430179,2.2610483
2001-04-01,valle_d_aostavallee_d_aoste,45.74155032062454,7.385999400266219,153.53667,69.86585,185.44167,-0.5608241,3.0979352,-3.8190184,3.2108796
2001-05-01,valle_d_aostavallee_d_aoste,45.74155032062454,7.385999400266219,157.17096,75.49135,217.05914,6.846505,10.822903,3.6011827,2.0152419
2001-06-01,valle_d_aostavallee_d_aoste,45.74155032062454,7.385999400266219,176.54999,65.42294,254.85184,8.349788,12.645388,3.9817407,2.8592775
2001-07-01,valle_d_aostavallee_d_aoste,45.74155032062454,7.385999400266219,135.87097,71.848694,239.45612,11.202436,15.619442,7.0958867,2.7492561
2001-08-01,valle_d_aostavallee_d_aoste,45.74155032062454,7.385999400266219,78.922585,69.74801,208.98746,12.360439,16.779442,8.487248,2.4842203
2001-09-01,valle_d_aostavallee_d_aoste,45.74155032062454,7.385999400266219,126.86667,74.28732,150.95648,4.3804812,8.26161,1.1082592,3.0066388
2001-10-01,valle_d_aostavallee_d_aoste,45.74155032062454,7.385999400266219,60.829033,69.41811,121.15053,6.8482165,10.95059,3.9353223,2.0317383
2001-11-01,valle_d_aostavallee_d_aoste,45.74155032062454,7.385999400266219,74.306656,65.33165,61.213894,-0.82825,3.1127684,-3.8206575,2.359074
2001-12-01,valle_d_aostavallee_d_aoste,45.74155032062454,7.385999400266219,52.441936,53.929626,49.529568,-5.0772038,-1.177966,-8.231425,2.6378763
2002-01-01,valle_d_aostavallee_d_aoste,45.74155032062454,7.385999400266219,33.40968,44.613693,70.07527,-2.8640947,1.2882258,-5.998969,1.9815859
2002-02-01,valle_d_aostavallee_d_aoste,45.74155032062454,7.385999400266219,193.75714,66.3706,84.66469,-2.405347,0.9242261,-5.2549005,2.739087
2002-03-01,valle_d_aostavallee_d_aoste,45.74155032062454,7.385999400266219,138.30968,62.24768,150.05466,-0.64328843,3.1434946,-3.7903044,2.7364874
2002-04-01,valle_d_aostavallee_d_aoste,45.74155032062454,7.385999400266219,69.97,66.7018,198.77963,0.69051844,4.561518,-2.5076573,2.9614074
2002-05-01,valle_d_aostavallee_d_aoste,45.74155032062454,7.385999400266219,325.06128,76.4569,215.03226,4.475233,8.261478,0.9651164,2.4781542
2002-06-01,valle_d_aostavallee_d_aoste,45.74155032062454,7.385999400266219,150.64,69.356705,244.01761,11.364778,15.723019,7.1724634,2.4689722
2002-07-01,valle_d_aostavallee_d_aoste,45.74155032062454,7.385999400266219,133.89032,72.91574,222.87366,10.6435585,14.966459,6.9349904,2.5401433
2002-08-01,valle_d_aostavallee_d_aoste,45.74155032062454,7.385999400266219,193.15485,78.858345,185.53226,9.769148,13.83319,6.4830647,2.0082526
2002-09-01,valle_d_aostavallee_d_aoste,45.74155032062454,7.385999400266219,138.17667,81.39695,142.45926,6.192639,9.929973,3.293648,1.9410278
2002-10-01,valle_d_aostavallee_d_aoste,45.74155032062454,7.385999400266219,98.49032,69.39053,106.889786,3.7510757,7.674677,0.62639785,2.0870967
2002-11-01,valle_d_aostavallee_d_aoste,45.74155032062454,7.385999400266219,433.56,78.34734,52.524075,-0.38650003,2.504,-2.7594256,1.9627222
2002-12-01,valle_d_aostavallee_d_aoste,45.74155032062454,7.385999400266219,98.312904,74.89887,42.49552,-2.3420787,0.3367025,-4.76112,1.2341934
2003-01-01,valle_d_aostavallee_d_aoste,45.74155032062454,7.385999400266219,118.116135,62.51058,54.828854,-5.9308777,-2.5241938,-8.838969,2.0522401
2003-02-01,valle_d_aostavallee_d_aoste,45.74155032062454,7.385999400266219,65.27857,51.618,109.17163,-7.6088886,-3.4678276,-10.676468,1.9398808
2003-03-01,valle_d_aostavallee_d_aoste,45.74155032062454,7.385999400266219,22.296776,53.366932,181.1568,-0.12317213,4.5420785,-3.380824,1.8513529
2003-04-01,valle_d_aostavallee_d_aoste,45.74155032062454,7.385999400266219,107.87666,69.03619,212.775,0.6538889,4.9175644,-2.799213,2.5214627
2003-05-01,valle_d_aostavallee_d_aoste,45.74155032062454,7.385999400266219,71.45484,69.86796,241.3871,6.5766397,10.515045,2.8871953,2.5532885
2003-06-01,valle_d_aostavallee_d_aoste,45.74155032062454,7.385999400266219,70.33,64.17904,268.6111,13.991472,18.786842,9.724926,2.3201852
2003-07-01,valle_d_aostavallee_d_aoste,45.74155032062454,7.385999400266219,68.7742,64.89319,248.98566,12.888914,17.756002,8.764175,2.5628405
2003-08-01,valle_d_aostavallee_d_aoste,45.74155032062454,7.385999400266219,76.064514,58.38339,219.17204,15.263897,20.0912,11.185725,2.2121773
2003-09-01,valle_d_aostavallee_d_aoste,45.74155032062454,7.385999400266219,58.173332,66.90496,166.11203,8.436871,12.911953,4.8829813,2.0264537
2003-10-01,valle_d_aostavallee_d_aoste,45.74155032062454,7.385999400266219,171.95483,70.786514,101.02957,1.029552,4.8802776,-1.7433063,1.8504748
2003-11-01,valle_d_aostavallee_d_aoste,45.74155032062454,7.385999400266219,104.80666,69.731255,69.35648,0.36658338,3.5294445,-1.8721572,1.4822686
2003-12-01,valle_d_aostavallee_d_aoste,45.74155032062454,7.385999400266219,143.49356,64.37625,46.13441,-3.4462276,-0.23301074,-6.239301,1.892222
2004-01-01,valle_d_aostavallee_d_aoste,45.74155032062454,7.385999400266219,242.91292,67.88196,52.28226,-4.981308,-2.2982886,-8.184516,2.8857524
2004-02-01,valle_d_aostavallee_d_aoste,45.74155032062454,7.385999400266219,55.793102,54.99693,100.00383,-3.3500478,0.5240325,-6.189147,2.7328925
2004-03-01,valle_d_aostavallee_d_aoste,45.74155032062454,7.385999400266219,37.174194,63.581707,154.76166,-3.1783872,0.7744892,-6.213674,2.4458423
2004-04-01,valle_d_aostavallee_d_aoste,45.74155032062454,7.385999400266219,144.84334,71.71949,187.2787,0.21048135,3.9857962,-2.6660929,2.5686665
2004-05-01,valle_d_aostavallee_d_aoste,45.74155032062454,7.385999400266219,86.15485,71.42926,248.03673,4.101721,8.056604,0.42671156,2.4907973
2004-06-01,valle_d_aostavallee_d_aoste,45.74155032062454,7.385999400266219,58.916668,63.46685,265.74908,9.731916,14.179889,5.4718237,2.712898
2004-07-01,valle_d_aostavallee_d_aoste,45.74155032062454,7.385999400266219,80.770966,69.61526,243.04303,10.875153,15.158342,6.9702415,2.970851
2004-08-01,valle_d_aostavallee_d_aoste,45.74155032062454,7.385999400266219,134.42903,74.02559,198.46057,11.104946,15.472285,7.57913,2.7682974
2004-09-01,valle_d_aostavallee_d_aoste,45.74155032062454,7.385999400266219,41.646667,71.74365,177.28796,8.926777,13.440434,5.340148,2.61075
2004-10-01,valle_d_aostavallee_d_aoste,45.74155032062454,7.385999400266219,149.9613,80.78287,94.44265,4.691111,7.780215,2.1871414,1.8153316
2004-11-01,valle_d_aostavallee_d_aoste,45.74155032062454,7.385999400266219,139.18,66.8026,64.14908,-0.771398,2.8846667,-3.3233054,2.6845832
2004-12-01,valle_d_aostavallee_d_aoste,45.74155032062454,7.385999400266219,71.15485,62.36215,46.430107,-3.2700806,0.13406807,-5.796774,2.3173745
2005-01-01,valle_d_aostavallee_d_aoste,45.74155032062454,7.385999400266219,101.14839,52.88303,65.6362,-4.632213,-0.9734409,-7.602527,3.0474102
2005-02-01,valle_d_aostavallee_d_aoste,45.74155032062454,7.385999400266219,60.153576,62.117634,94.65079,-8.554951,-4.37001,-11.448948,2.8638988
2005-03-01,valle_d_aostavallee_d_aoste,45.74155032062454,7.385999400266219,41.658066,64.509926,165.03584,-2.2288978,2.2232976,-5.4036465,2.647912
2005-04-01,valle_d_aostavallee_d_aoste,45.74155032062454,7.385999400266219,188.75667,72.53548,187.5287,0.74196297,4.3055553,-2.4690185,2.6882684
2005-05-01,valle_d_aostavallee_d_aoste,45.74155032062454,7.385999400266219,75.287094,69.02661,249.88438,6.3407702,10.363342,2.4649284,3.0637813
2005-06-01,valle_d_aostavallee_d_aoste,45.74155032062454,7.385999400266219,78.94334,66.8754,274.14536,11.055222,15.667092,6.757704,2.718111
2005-07-01,valle_d_aostavallee_d_aoste,45.74155032062454,7.385999400266219,71.58387,70.451546,245.19894,11.3602495,15.636819,7.3719974,3.0473027
2005-08-01,valle_d_aostavallee_d_aoste,45.74155032062454,7.385999400266219,161.0,73.698524,205.73477,9.439121,13.766926,5.6982975,2.952742
2005-09-01,valle_d_aostavallee_d_aoste,45.74155032062454,7.385999400266219,89.08,80.56083,157.62036,8.193361,12.122936,5.379333,2.152935
2005-10-01,valle_d_aostavallee_d_aoste,45.74155032062454,7.385999400266219,67.4871,73.50887,117.868286,4.878718,8.673728,2.2873833,1.8487633
2005-11-01,valle_d_aostavallee_d_aoste,45.74155032062454,7.385999400266219,28.876669,66.14139,72.587036,-2.0325372,1.689139,-4.4208426,2.0185275
2005-12-01,valle_d_aostavallee_d_aoste,45.74155032062454,7.385999400266219,98.74517,61.004204,48.262547,-6.0528407,-2.3968637,-8.941962,2.9371326
2006-01-01,valle_d_aostavallee_d_aoste,45.74155032062454,7.385999400266219,38.490322,57.635147,63.37813,-6.0841756,-2.5197935,-8.663808,2.2171328
2006-02-01,valle_d_aostavallee_d_aoste,45.74155032062454,7.385999400266219,82.564285,63.331963,89.588295,-5.3102283,-1.5647916,-8.152113,2.4449108
2006-03-01,valle_d_aostavallee_d_aoste,45.74155032062454,7.385999400266219,201.63226,71.42683,142.48119,-3.762527,0.1612365,-7.410152,2.9148476
2006-04-01,valle_d_aostavallee_d_aoste,45.74155032062454,7.385999400266219,99.63333,69.75634,206.5389,1.3162407,5.2259164,-1.9610277,3.038111
2006-05-01,valle_d_aostavallee_d_aoste,45.74155032062454,7.385999400266219,131.92581,70.29517,215.67204,5.2396684,8.9375,1.685681,3.1940503
2006-06-01,valle_d_aostavallee_d_aoste,45.74155032062454,7.385999400266219,66.72667,66.082085,274.1352,10.236009,14.91076,5.9345274,2.931111
2006-07-01,valle_d_aostavallee_d_aoste,45.74155032062454,7.385999400266219,61.590324,65.17123,249.56184,14.51309,19.52224,10.286882,2.6754122
2006-08-01,valle_d_aostavallee_d_aoste,45.74155032062454,7.385999400266219,162.12903,72.22461,194.95251,8.207132,12.3612995,4.518969,3.2623117
2006-09-01,valle_d_aostavallee_d_aoste,45.74155032062454,7.385999400266219,178.33334,75.623726,167.06111,10.013212,13.800758,6.9570827,2.197787
2006-10-01,valle_d_aostavallee_d_aoste,45.74155032062454,7.385999400266219,70.367744,68.893974,112.47222,6.4171505,10.024158,3.5675268,2.071317
2006-11-01,valle_d_aostavallee_d_aoste,45.74155032062454,7.385999400266219,41.08,65.18635,70.01297,1.3649535,4.9524903,-1.3900186,2.6229537
2006-12-01,valle_d_aostavallee_d_aoste,45.74155032062454,7.385999400266219,92.783875,56.640724,52.063618,-1.692715,1.7128406,-4.017294,2.0526521
2007-01-01,valle_d_aostavallee_d_aoste,45.74155032062454,7.385999400266219,109.78064,64.201935,58.589607,-1.1589606,2.3674822,-4.1914062,2.9736109
2007-02-01,valle_d_aostavallee_d_aoste,45.74155032062454,7.385999400266219,119.51072,65.11639,81.37897,-1.5467063,2.3094444,-4.523829,2.579494
2007-03-01,valle_d_aostavallee_d_aoste,45.74155032062454,7.385999400266219,96.412895,67.718475,146.2052,-1.824767,1.9078135,-4.981765,2.9895608
2007-04-01,valle_d_aostavallee_d_aoste,45.74155032062454,7.385999400266219,15.590001,63.835842,219.1972,5.1988797,9.638509,1.4631481,2.3966296
2007-05-01,valle_d_aostavallee_d_aoste,45.74155032062454,7.385999400266219,234.52258,71.84954,210.79121,5.9233594,9.656245,2.4264696,3.1405644
2007-06-01,valle_d_aostavallee_d_aoste,45.74155032062454,7.385999400266219,172.86333,75.22053,220.81667,9.332537,13.567638,5.370444,2.6684535
2007-07-01,valle_d_aostavallee_d_aoste,45.74155032062454,7.385999400266219,130.6871,68.36864,247.99463,10.947508,15.3506975,6.5238795,3.3112187
2007-08-01,valle_d_aostavallee_d_aoste,45.74155032062454,7.385999400266219,169.30646,75.083954,188.21596,10.353055,14.502867,6.5596676,2.369292
2007-09-01,valle_d_aostavallee_d_aoste,45.74155032062454,7.385999400266219,54.75,69.833725,181.97777,6.9570274,11.801417,3.3577034,2.8302777
2007-10-01,valle_d_aostavallee_d_aoste,45.74155032062454,7.385999400266219,24.345161,69.99966,124.77597,3.9318457,8.465493,1.2109767,2.16638
2007-11-01,valle_d_aostavallee_d_aoste,45.74155032062454,7.385999400266219,102.75667,66.61948,64.93518,-1.6081296,2.4920926,-4.328889,2.9750926
2007-12-01,valle_d_aostavallee_d_aoste,45.74155032062454,7.385999400266219,151.5613,58.371582,52.27867,-4.0450177,-0.2801793,-6.448889,2.5291936
2008-01-01,valle_d_aostavallee_d_aoste,45.74155032062454,7.385999400266219,146.10968,63.806126,62.51703,-2.392751,1.3532796,-5.1415854,2.410457
2008-02-01,valle_d_aostavallee_d_aoste,45.74155032062454,7.385999400266219,31.9,54.52294,111.00096,-1.5330747,3.0293388,-4.6443486,1.9863409
2008-03-01,valle_d_aostavallee_d_aoste,45.74155032062454,7.385999400266219,132.47742,67.820526,143.07526,-2.7934318,1.3657167,-5.875968,3.4205644
2008-04-01,valle_d_aostavallee_d_aoste,45.74155032062454,7.385999400266219,135.84,72.55722,190.20557,-0.2614075,3.6362126,-3.2214258,3.2975645
2008-05-01,valle_d_aostavallee_d_aoste,45.74155032062454,7.385999400266219,179.66452,75.33184,218.48926,5.644408,9.420125,2.7727509,2.4843636
2008-06-01,valle_d_aostavallee_d_aoste,45.74155032062454,7.385999400266219,129.72333,76.17724,226.34074,9.642093,13.929221,6.1415277,2.3020833
2008-07-01,valle_d_aostavallee_d_aoste,45.74155032062454,7.385999400266219,141.53226,68.72297,239.65234,11.107115,16.09637,6.911111,2.623315
2008-08-01,valle_d_aostavallee_d_aoste,45.74155032062454,7.385999400266219,82.14194,69.68356,217.38889,11.539041,16.360126,7.5743814,2.4655375
2008-09-01,valle_d_aostavallee_d_aoste,45.74155032062454,7.385999400266219,112.990005,74.24928,157.49628,6.6355367,11.216472,3.4424536,2.2495463
2008-10-01,valle_d_aostavallee_d_aoste,45.74155032062454,7.385999400266219,87.64194,72.656525,108.655014,4.4924374,8.797078,1.7952058,2.0413888
2008-11-01,valle_d_aostavallee_d_aoste,45.74155032062454,7.385999400266219,268.65002,75.59816,55.278706,-2.3120832,1.0154166,-4.43587,3.1235275
2008-12-01,valle_d_aostavallee_d_aoste,45.74155032062454,7.385999400266219,155.98389,70.967125,42.491936,-4.832294,-1.5716218,-7.141344,2.7260666
2009-01-01,valle_d_aostavallee_d_aoste,45.74155032062454,7.385999400266219,69.464516,58.194363,61.963264,-6.0276966,-2.049543,-8.734023,1.7465143
2009-02-01,valle_d_aostavallee_d_aoste,45.74155032062454,7.385999400266219,114.49286,68.85208,89.86607,-5.9880657,-2.2831051,-8.824434,3.3711607
2009-03-01,valle_d_aostavallee_d_aoste,45.74155032062454,7.385999400266219,160.29678,63.974304,153.66399,-2.2097223,1.7042742,-5.3530736,3.7692652
2009-04-01,valle_d_aostavallee_d_aoste,45.74155032062454,7.385999400266219,172.06334,75.49764,193.6074,1.4176574,4.989009,-1.3233333,2.4991293
2009-05-01,valle_d_aostavallee_d_aoste,45.74155032062454,7.385999400266219,67.83549,67.908066,238.16487,7.3324637,11.660546,3.7086198,2.7685034
2009-06-01,valle_d_aostavallee_d_aoste,45.74155032062454,7.385999400266219,66.97667,66.55666,239.3176,9.523212,14.264184,5.3150463,3.0654535
2009-07-01,valle_d_aostavallee_d_aoste,45.74155032062454,7.385999400266219,81.796776,66.26202,249.74731,11.792606,16.838163,7.4468365,2.9793282
2009-08-01,valle_d_aostavallee_d_aoste,45.74155032062454,7.385999400266219,52.79032,65.54435,222.01254,13.233817,18.099705,9.29233,2.5314069
2009-09-01,valle_d_aostavallee_d_aoste,45.74155032062454,7.385999400266219,70.32333,71.24072,165.06944,9.027454,13.647712,5.8036942,2.2820091
2009-10-01,valle_d_aostavallee_d_aoste,45.74155032062454,7.385999400266219,47.83226,62.317966,119.01076,4.111891,8.30845,1.0281364,2.6458333
2009-11-01,valle_d_aostavallee_d_aoste,45.74155032062454,7.385999400266219,150.17001,70.78327,60.5963,0.24043518,3.6314075,-2.3152778,2.1080742
2009-12-01,valle_d_aostavallee_d_aoste,45.74155032062454,7.385999400266219,157.60968,69.51093,41.768818,-5.637168,-2.31293,-8.465484,2.221828
2010-01-01,valle_d_aostavallee_d_aoste,45.74155032062454,7.385999400266219,73.838715,62.69858,61.59947,-7.313692,-3.4894354,-10.068002,2.0770607
2010-02-01,valle_d_aostavallee_d_aoste,45.74155032062454,7.385999400266219,131.83215,70.81874,88.81151,-6.6291666,-2.5314188,-9.6970625,2.1073015
2010-03-01,valle_d_aostavallee_d_aoste,45.74155032062454,7.385999400266219,85.27742,67.15334,143.43639,-3.4983423,0.115017995,-6.4590235,2.488862
2010-04-01,valle_d_aostavallee_d_aoste,45.74155032062454,7.385999400266219,40.306667,66.4102,211.3463,1.5646203,5.90499,-1.8796667,2.4401758
2010-05-01,valle_d_aostavallee_d_aoste,45.74155032062454,7.385999400266219,282.92258,76.19283,202.10304,3.9641843,7.7039433,0.87263423,2.7566218
2010-06-01,valle_d_aostavallee_d_aoste,45.74155032062454,7.385999400266219,130.64334,76.28109,223.22502,9.118112,13.474481,5.739601,2.9090555
2010-07-01,valle_d_aostavallee_d_aoste,45.74155032062454,7.385999400266219,98.935486,68.55505,249.64694,13.107732,17.98172,8.887133,2.9075804
2010-08-01,valle_d_aostavallee_d_aoste,45.74155032062454,7.385999400266219,127.50968,70.1242,205.05466,10.249578,14.5960655,6.512034,2.6872938
2010-09-01,valle_d_aostavallee_d_aoste,45.74155032062454,7.385999400266219,63.32,67.64567,170.70833,7.2070093,11.679315,3.7534075,2.4717777
2010-10-01,valle_d_aostavallee_d_aoste,45.74155032062454,7.385999400266219,126.783875,73.43179,114.0708,2.6682258,6.553208,0.05650539,2.406111
2010-11-01,valle_d_aostavallee_d_aoste,45.74155032062454,7.385999400266219,169.49667,74.27233,59.473145,-2.3586018,0.6803981,-4.7698245,2.455602
2010-12-01,valle_d_aostavallee_d_aoste,45.74155032062454,7.385999400266219,140.95161,67.21561,43.6595,-6.8564243,-3.2976522,-9.688799,2.6529748
2011-01-01,valle_d_aostavallee_d_aoste,45.74155032062454,7.385999400266219,26.206451,61.43309,63.5681,-5.040735,-1.2992293,-7.5783334,2.158844
2011-02-01,valle_d_aostavallee_d_aoste,45.74155032062454,7.385999400266219,50.800003,56.80445,99.15079,-2.3623412,1.5853274,-5.1282635,2.549474
2011-03-01,valle_d_aostavallee_d_aoste,45.74155032062454,7.385999400266219,94.50968,69.34174,153.5914,-1.2108601,3.0071504,-4.1628585,2.3200896
2011-04-01,valle_d_aostavallee_d_aoste,45.74155032062454,7.385999400266219,33.826668,61.93872,232.40277,4.2305465,9.102787,0.5876574,2.782222
2011-05-01,valle_d_aostavallee_d_aoste,45.74155032062454,7.385999400266219,102.49355,67.15626,248.90681,7.2325354,12.293038,3.0377688,2.8656812
2011-06-01,valle_d_aostavallee_d_aoste,45.74155032062454,7.385999400266219,221.34999,75.30045,216.57129,9.088546,13.443806,5.251287,2.5825465
2011-07-01,valle_d_aostavallee_d_aoste,45.74155032062454,7.385999400266219,128.46774,72.189156,207.4588,9.265896,13.617177,5.5926075,2.876362
2011-08-01,valle_d_aostavallee_d_aoste,45.74155032062454,7.385999400266219,55.774197,64.57167,224.6819,12.446335,17.49982,8.528656,2.6606004
2011-09-01,valle_d_aostavallee_d_aoste,45.74155032062454,7.385999400266219,93.22,66.72073,173.81204,10.355241,15.048277,6.7690735,2.260111
2011-10-01,valle_d_aostavallee_d_aoste,45.74155032062454,7.385999400266219,110.66452,60.36592,128.47849,4.5987988,8.966917,1.3325,2.543002
2011-11-01,valle_d_aostavallee_d_aoste,45.74155032062454,7.385999400266219,155.36002,55.034607,75.34722,1.6118612,5.3866205,-0.5760926,2.0087407
2011-12-01,valle_d_aostavallee_d_aoste,45.74155032062454,7.385999400266219,309.11612,68.175674,42.853046,-3.0868368,0.24447128,-5.914104,3.213477
2012-01-01,valle_d_aostavallee_d_aoste,45.74155032062454,7.385999400266219,177.42581,58.728325,51.87007,-3.6109052,-0.06344085,-6.3245606,3.3081987
2012-02-01,valle_d_aostavallee_d_aoste,45.74155032062454,7.385999400266219,20.46207,50.65411,107.98276,-6.9115996,-2.0233622,-10.5626335,2.8235822
2012-03-01,valle_d_aostavallee_d_aoste,45.74155032062454,7.385999400266219,38.68065,52.703346,178.41399,1.5328047,6.320385,-2.0288172,2.6859674
2012-04-01,valle_d_aostavallee_d_aoste,45.74155032062454,7.385999400266219,192.36,73.947845,176.97777,0.06786108,3.7447684,-2.6429074,2.5559816
2012-05-01,valle_d_aostavallee_d_aoste,45.74155032062454,7.385999400266219,95.58388,69.01493,231.22133,5.587688,10.035008,1.7646953,2.4901433
2012-06-01,valle_d_aostavallee_d_aoste,45.74155032062454,7.385999400266219,98.42,69.24179,251.98427,10.532582,14.940898,6.6777034,2.8067684
2012-07-01,valle_d_aostavallee_d_aoste,45.74155032062454,7.385999400266219,106.56775,64.529526,242.21506,11.777867,16.394356,7.5524282,2.921559
2012-08-01,valle_d_aostavallee_d_aoste,45.74155032062454,7.385999400266219,102.49355,65.15472,221.34947,13.093171,17.986263,9.172087,2.370197
2012-09-01,valle_d_aostavallee_d_aoste,45.74155032062454,7.385999400266219,105.40666,69.61202,154.48055,8.157222,12.640351,4.6272593,2.383704
2012-10-01,valle_d_aostavallee_d_aoste,45.74155032062454,7.385999400266219,77.712906,70.80645,107.172035,4.4135933,8.529221,1.4435573,2.2390053
2012-11-01,valle_d_aostavallee_d_aoste,45.74155032062454,7.385999400266219,169.89334,66.82286,66.50556,0.05499077,3.7082782,-2.3461018,1.9570463
2012-12-01,valle_d_aostavallee_d_aoste,45.74155032062454,7.385999400266219,205.93872,69.93885,43.081543,-5.157563,-1.9105467,-8.057545,2.8751433
2013-01-01,valle_d_aostavallee_d_aoste,45.74155032062454,7.385999400266219,71.964516,57.356125,61.1129,-4.289892,-0.6371953,-7.2411194,2.9448924
2013-02-01,valle_d_aostavallee_d_aoste,45.74155032062454,7.385999400266219,83.26072,65.10514,102.47321,-8.045495,-3.9688988,-11.023373,2.4206548
2013-03-01,valle_d_aostavallee_d_aoste,45.74155032062454,7.385999400266219,80.822586,70.27089,135.8629,-3.627769,0.41177416,-6.6178045,2.5868459
2013-04-01,valle_d_aostavallee_d_aoste,45.74155032062454,7.385999400266219,176.61,75.67668,188.68332,1.618185,5.79738,-1.4918332,2.3199537
2013-05-01,valle_d_aostavallee_d_aoste,45.74155032062454,7.385999400266219,238.18387,76.6269,206.97223,2.4287455,6.425923,-0.6622579,2.976102
2013-06-01,valle_d_aostavallee_d_aoste,45.74155032062454,7.385999400266219,118.21001,74.0278,244.1537,8.156713,12.643684,4.3843517,2.4898424
2013-07-01,valle_d_aostavallee_d_aoste,45.74155032062454,7.385999400266219,126.69677,71.67019,258.31363,12.532195,17.512571,8.590135,2.386855
2013-08-01,valle_d_aostavallee_d_aoste,45.74155032062454,7.385999400266219,84.5871,73.39147,231.67651,11.452704,16.312553,7.624937,2.526765
2013-09-01,valle_d_aostavallee_d_aoste,45.74155032062454,7.385999400266219,79.02333,69.1082,170.26111,8.64974,13.193657,5.3032312,2.6307037
2013-10-01,valle_d_aostavallee_d_aoste,45.74155032062454,7.385999400266219,123.03871,81.41298,99.229385,4.672903,8.054157,2.1521235,2.0702417
2013-11-01,valle_d_aostavallee_d_aoste,45.74155032062454,7.385999400266219,154.97,74.549995,60.04629,-1.8053055,1.7608795,-4.666935,2.4667406
2013-12-01,valle_d_aostavallee_d_aoste,45.74155032062454,7.385999400266219,72.59678,52.207676,55.870964,-1.6584858,1.91819,-4.106649,2.3717291
2014-01-01,valle_d_aostavallee_d_aoste,45.74155032062454,7.385999400266219,98.6871,72.51709,55.53764,-3.889928,-0.48829746,-6.407509,2.181783
2014-02-01,valle_d_aostavallee_d_aoste,45.74155032062454,7.385999400266219,122.42857,77.20512,86.019844,-4.5409327,-1.0395932,-7.1799994,2.312728
2014-03-01,valle_d_aostavallee_d_aoste,45.74155032062454,7.385999400266219,69.35484,58.60125,169.3414,-0.36861104,4.432697,-3.8153584,2.5824373
2014-04-01,valle_d_aostavallee_d_aoste,45.74155032062454,7.385999400266219,122.29333,69.02498,204.27313,2.9369168,7.5351954,-0.70933324,2.6435277
2014-05-01,valle_d_aostavallee_d_aoste,45.74155032062454,7.385999400266219,112.993546,70.70675,226.16487,4.221487,8.681728,0.43929222,2.8869982
2014-06-01,valle_d_aostavallee_d_aoste,45.74155032062454,7.385999400266219,57.816666,69.43935,257.87683,9.7676115,14.661999,5.637398,2.0769908
2014-07-01,valle_d_aostavallee_d_aoste,45.74155032062454,7.385999400266219,193.6387,79.63416,194.91307,9.897016,14.07818,6.4106627,2.4925807
2014-08-01,valle_d_aostavallee_d_aoste,45.74155032062454,7.385999400266219,144.96774,73.84,196.75359,9.374318,13.813575,5.872984,2.3727689
2014-09-01,valle_d_aostavallee_d_aoste,45.74155032062454,7.385999400266219,49.640003,76.862915,178.80463,8.354435,12.559147,5.3034997,2.195639
2014-10-01,valle_d_aostavallee_d_aoste,45.74155032062454,7.385999400266219,104.2871,74.30205,109.96326,5.8439875,9.578297,3.0185575,2.2965322
2014-11-01,valle_d_aostavallee_d_aoste,45.74155032062454,7.385999400266219,270.73,78.52063,61.47963,1.4270924,4.201435,-0.5766573,2.056861
2014-12-01,valle_d_aostavallee_d_aoste,45.74155032062454,7.385999400266219,64.535484,67.990395,44.431004,-2.499104,0.6966667,-5.06853,2.8946054
2015-01-01,valle_d_aostavallee_d_aoste,45.74155032062454,7.385999400266219,134.25162,62.899136,58.779568,-3.6327684,0.04957888,-6.668808,3.2520342
2015-02-01,valle_d_aostavallee_d_aoste,45.74155032062454,7.385999400266219,102.29286,65.845985,91.241066,-5.094246,-1.0987797,-7.789603,2.3431845
2015-03-01,valle_d_aostavallee_d_aoste,45.74155032062454,7.385999400266219,159.34517,67.40199,138.21236,-0.94594085,3.0335393,-3.9401522,3.0717561
2015-04-01,valle_d_aostavallee_d_aoste,45.74155032062454,7.385999400266219,84.263336,62.545315,211.68611,2.4484074,7.1278143,-1.0924073,2.848037
2015-05-01,valle_d_aostavallee_d_aoste,45.74155032062454,7.385999400266219,142.0613,68.63696,219.19176,6.2306724,10.81879,2.4464068,2.693898
2015-06-01,valle_d_aostavallee_d_aoste,45.74155032062454,7.385999400266219,119.96001,70.00228,249.66943,10.321464,15.138574,6.3977222,2.1340647
2015-07-01,valle_d_aostavallee_d_aoste,45.74155032062454,7.385999400266219,72.18065,60.516277,265.595,14.900681,20.331604,10.218772,2.4691935
2015-08-01,valle_d_aostavallee_d_aoste,45.74155032062454,7.385999400266219,155.14517,74.91952,210.1837,11.734247,16.187391,8.127482,2.0035753
2015-09-01,valle_d_aostavallee_d_aoste,45.74155032062454,7.385999400266219,94.136665,77.65721,158.59166,6.049842,10.208741,2.9642777,2.6265092
2015-10-01,valle_d_aostavallee_d_aoste,45.74155032062454,7.385999400266219,142.58064,76.41654,108.655914,3.1962276,7.3189874,0.33235657,2.020233
2015-11-01,valle_d_aostavallee_d_aoste,45.74155032062454,7.385999400266219,92.42001,52.96117,75.02408,2.4662776,6.6848426,-0.7478796,2.904926
2015-12-01,valle_d_aostavallee_d_aoste,45.74155032062454,7.385999400266219,4.7,52.42368,53.602154,0.99215955,4.762607,-1.6078404,1.9291128
2016-01-01,valle_d_aostavallee_d_aoste,45.74155032062454,7.385999400266219,213.44196,67.337135,50.99373,-3.965314,-0.59272397,-6.5794444,2.712222
2016-02-01,valle_d_aostavallee_d_aoste,45.74155032062454,7.385999400266219,212.77586,73.15362,81.43678,-3.175517,0.67491376,-6.336982,2.979023
2016-03-01,valle_d_aostavallee_d_aoste,45.74155032062454,7.385999400266219,74.81613,65.08418,154.54121,-3.0594175,1.9004571,-6.416093,2.9826076
2016-04-01,valle_d_aostavallee_d_aoste,45.74155032062454,7.385999400266219,154.35333,74.06922,182.34906,1.3180184,5.599305,-1.8289629,3.1606016
2016-05-01,valle_d_aostavallee_d_aoste,45.74155032062454,7.385999400266219,201.8871,73.21382,201.49823,3.9958959,8.332886,0.5308513,2.5461202
2016-06-01,valle_d_aostavallee_d_aoste,45.74155032062454,7.385999400266219,101.62334,73.68387,212.66945,8.838435,13.435297,5.016278,2.274537
2016-07-01,valle_d_aostavallee_d_aoste,45.74155032062454,7.385999400266219,94.022575,64.865234,217.39337,12.520242,17.21284,7.9906445,2.640009
2016-08-01,valle_d_aostavallee_d_aoste,45.74155032062454,7.385999400266219,42.248386,66.115654,223.71954,12.130412,16.75104,7.823386,2.4827867
2016-09-01,valle_d_aostavallee_d_aoste,45.74155032062454,7.385999400266219,94.80667,73.26414,147.09166,9.279509,13.513508,5.860731,2.419963
2016-10-01,valle_d_aostavallee_d_aoste,45.74155032062454,7.385999400266219,88.0258,68.45023,106.3629,2.9741309,7.0153136,-0.04893372,2.2561111
2016-11-01,valle_d_aostavallee_d_aoste,45.74155032062454,7.385999400266219,262.78668,73.56322,60.449997,-1.2814444,2.025426,-3.738352,2.5560648
2016-12-01,valle_d_aostavallee_d_aoste,45.74155032062454,7.385999400266219,13.903226,48.637375,60.75986,-0.27895164,3.526604,-2.9600804,2.4570875
2017-01-01,valle_d_aostavallee_d_aoste,45.74155032062454,7.385999400266219,56.396774,59.16402,62.470432,-6.5223203,-2.8460393,-9.306612,2.987921
2017-02-01,valle_d_aostavallee_d_aoste,45.74155032062454,7.385999400266219,110.05,70.37333,101.15179,-2.6837003,0.88289684,-5.631786,2.36874
2017-03-01,valle_d_aostavallee_d_aoste,45.74155032062454,7.385999400266219,189.47098,69.41832,150.41399,1.2033782,5.1208425,-1.9823477,3.0112097
2017-04-01,valle_d_aostavallee_d_aoste,45.74155032062454,7.385999400266219,100.763336,61.649765,223.9926,1.6163518,6.158175,-2.1321945,3.1431017
2017-05-01,valle_d_aostavallee_d_aoste,45.74155032062454,7.385999400266219,110.13226,70.66763,229.54568,6.0573115,10.667616,2.0179033,2.6139336
2017-06-01,valle_d_aostavallee_d_aoste,45.74155032062454,7.385999400266219,104.83334,66.58618,243.78983,11.984713,16.746445,7.648019,2.3088057
2017-07-01,valle_d_aostavallee_d_aoste,45.74155032062454,7.385999400266219,97.893555,69.13352,233.57704,12.068556,16.600662,7.947625,2.92629
2017-08-01,valle_d_aostavallee_d_aoste,45.74155032062454,7.385999400266219,98.20969,68.64945,216.77061,12.682975,16.966236,8.781944,2.4671593
2017-09-01,valle_d_aostavallee_d_aoste,45.74155032062454,7.385999400266219,47.40667,70.54626,161.73149,5.8408422,10.422945,2.4667592,2.6618052
2017-10-01,valle_d_aostavallee_d_aoste,45.74155032062454,7.385999400266219,28.193548,56.441196,126.30824,6.1712365,10.759838,2.6023746,3.0243638
2017-11-01,valle_d_aostavallee_d_aoste,45.74155032062454,7.385999400266219,88.143326,64.04625,70.77037,-1.530037,2.2553704,-4.3696113,2.9478703
2017-12-01,valle_d_aostavallee_d_aoste,45.74155032062454,7.385999400266219,226.43549,65.32608,47.16846,-5.3127594,-1.7266576,-8.3375635,3.0951881
2018-01-01,valle_d_aostavallee_d_aoste,45.74155032062454,7.385999400266219,457.0613,76.80114,55.433697,-3.1005647,0.021487394,-5.6196146,3.167052
2018-02-01,valle_d_aostavallee_d_aoste,45.74155032062454,7.385999400266219,62.0,73.25487,96.025795,-8.2911005,-4.3158627,-11.66989,2.3819246
2018-03-01,valle_d_aostavallee_d_aoste,45.74155032062454,7.385999400266219,122.52904,74.67814,135.28494,-4.24,-0.8204211,-7.2355824,2.756093
2018-04-01,valle_d_aostavallee_d_aoste,45.74155032062454,7.385999400266219,128.32333,67.97839,206.66112,2.7424815,6.570611,-0.32001853,2.7469258
2018-05-01,valle_d_aostavallee_d_aoste,45.74155032062454,7.385999400266219,169.45161,79.083435,188.6389,5.708925,9.834695,2.422679,2.3119533
2018-06-01,valle_d_aostavallee_d_aoste,45.74155032062454,7.385999400266219,54.386673,70.35287,247.70465,10.238,14.640638,6.1435275,2.2715647
2018-07-01,valle_d_aostavallee_d_aoste,45.74155032062454,7.385999400266219,90.70645,65.72575,254.26524,12.522275,17.560886,8.296478,2.6682258
2018-08-01,valle_d_aostavallee_d_aoste,45.74155032062454,7.385999400266219,93.52581,70.7881,216.49908,12.437696,16.941523,8.27819,2.3574014
2018-09-01,valle_d_aostavallee_d_aoste,45.74155032062454,7.385999400266219,41.486668,70.55671,186.36574,9.966295,14.53886,6.0901766,2.2586203
2018-10-01,valle_d_aostavallee_d_aoste,45.74155032062454,7.385999400266219,201.68387,73.644135,114.7267,5.1009316,8.755188,2.1951883,2.5445518
2018-11-01,valle_d_aostavallee_d_aoste,45.74155032062454,7.385999400266219,143.74,80.331795,61.493515,-0.7985463,1.8219075,-2.5723982,2.1646664
2018-12-01,valle_d_aostavallee_d_aoste,45.74155032062454,7.385999400266219,137.06451,63.230915,49.92115,-2.3660753,1.0589516,-5.222276,2.8572133
2019-01-01,valle_d_aostavallee_d_aoste,45.74155032062454,7.385999400266219,66.767746,59.835403,64.735664,-6.435502,-2.9089158,-9.527348,3.831452
2019-02-01,valle_d_aostavallee_d_aoste,45.74155032062454,7.385999400266219,60.54643,45.51783,117.41964,-1.0433431,3.271895,-4.6448803,2.6966367
2019-03-01,valle_d_aostavallee_d_aoste,45.74155032062454,7.385999400266219,118.77419,56.359337,167.84409,-1.2627776,3.2180016,-5.2713714,3.6067026
2019-04-01,valle_d_aostavallee_d_aoste,45.74155032062454,7.385999400266219,164.35333,71.90858,203.18242,-0.081824064,3.4639904,-3.2244904,2.9556851
2019-05-01,valle_d_aostavallee_d_aoste,45.74155032062454,7.385999400266219,117.77742,71.70087,212.68011,2.6121595,6.352455,-1.0611918,3.0474014
2019-06-01,valle_d_aostavallee_d_aoste,45.74155032062454,7.385999400266219,108.82,67.00285,219.10278,11.572693,16.114555,7.1801486,2.6992314
2019-07-01,valle_d_aostavallee_d_aoste,45.74155032062454,7.385999400266219,90.338715,65.68516,241.28494,13.160144,17.688807,8.681165,2.6387992
2019-08-01,valle_d_aostavallee_d_aoste,45.74155032062454,7.385999400266219,99.70645,70.32539,209.78851,12.190859,16.507078,8.396191,2.2995877
2019-09-01,valle_d_aostavallee_d_aoste,45.74155032062454,7.385999400266219,40.05,71.15574,169.93704,8.75975,12.842592,5.250657,2.4556482
2019-10-01,valle_d_aostavallee_d_aoste,45.74155032062454,7.385999400266219,233.43869,75.7245,101.71505,5.269041,8.550529,2.258396,2.562276
2019-11-01,valle_d_aostavallee_d_aoste,45.74155032062454,7.385999400266219,222.22333,83.743454,58.818523,-2.624685,-0.47870356,-4.4765096,2.4305
2019-12-01,valle_d_aostavallee_d_aoste,45.74155032062454,7.385999400266219,196.93872,66.013885,49.324375,-2.1716309,0.74934584,-4.7908335,2.9320517
2020-01-01,valle_d_aostavallee_d_aoste,45.74155032062454,7.385999400266219,35.248386,55.445904,60.02778,-2.6395967,1.0095788,-5.6739964,2.509579
2020-02-01,valle_d_aostavallee_d_aoste,45.74155032062454,7.385999400266219,130.22758,58.008076,91.264366,-1.3797988,2.5667338,-4.9949517,3.685651
2020-03-01,valle_d_aostavallee_d_aoste,45.74155032062454,7.385999400266219,85.64194,71.80024,155.89784,-1.9369893,1.6610036,-5.287079,2.1863081
2020-04-01,valle_d_aostavallee_d_aoste,45.74155032062454,7.385999400266219,47.146667,61.037685,210.0602,3.0103703,7.458277,-0.79255545,2.098361
2020-05-01,valle_d_aostavallee_d_aoste,45.74155032062454,7.385999400266219,137.10968,71.15681,223.76256,6.5782704,10.614068,2.7100894,2.252007
2020-06-01,valle_d_aostavallee_d_aoste,45.74155032062454,7.385999400266219,132.77333,77.2286,202.09723,8.089565,11.996702,4.5864444,2.2433703
2020-07-01,valle_d_aostavallee_d_aoste,45.74155032062454,7.385999400266219,39.2,65.35133,234.0708,12.420977,17.010744,7.9131184,2.634516
2020-08-01,valle_d_aostavallee_d_aoste,45.74155032062454,7.385999400266219,101.71936,66.70565,211.12546,12.06629,16.661497,8.0144,2.5634227
2020-09-01,valle_d_aostavallee_d_aoste,45.74155032062454,7.385999400266219,41.046665,73.90796,166.95741,8.408583,12.5805,5.102222,2.262972
2020-10-01,valle_d_aostavallee_d_aoste,45.74155032062454,7.385999400266219,212.31937,74.848595,92.521515,1.9008422,5.1088257,-0.76607525,2.4939966
2020-11-01,valle_d_aostavallee_d_aoste,45.74155032062454,7.385999400266219,7.6733336,60.919636,73.22871,1.8062962,5.6243057,-0.9412222,1.8810185
2020-12-01,valle_d_aostavallee_d_aoste,45.74155032062454,7.385999400266219,79.40323,75.22982,42.242832,-4.965609,-2.1821773,-7.359435,2.1687455
2021-01-01,valle_d_aostavallee_d_aoste,45.74155032062454,7.385999400266219,143.73549,71.05324,55.16488,-6.7242107,-3.8161469,-9.39483,3.0178761
2021-02-01,valle_d_aostavallee_d_aoste,45.74155032062454,7.385999400266219,55.199997,68.87455,98.23215,-1.951746,1.5380654,-5.2245235,2.2498713
2021-03-01,valle_d_aostavallee_d_aoste,45.74155032062454,7.385999400266219,41.493546,60.78411,169.35574,-2.28198,1.7555823,-5.621873,3.044032
2021-04-01,valle_d_aostavallee_d_aoste,45.74155032062454,7.385999400266219,65.19333,67.39793,218.12502,-0.92893517,2.9373145,-4.3485928,2.8534164
2021-05-01,valle_d_aostavallee_d_aoste,45.74155032062454,7.385999400266219,182.64194,69.18521,218.1577,2.5582259,6.1157703,-1.0455823,3.3122492
2021-06-01,valle_d_aostavallee_d_aoste,45.74155032062454,7.385999400266219,97.05666,75.0059,251.60558,10.428231,14.593962,6.6108885,2.5380094
2021-07-01,valle_d_aostavallee_d_aoste,45.74155032062454,7.385999400266219,161.98065,73.47199,215.02689,11.114185,15.304391,7.161344,2.7253761
2021-08-01,valle_d_aostavallee_d_aoste,45.74155032062454,7.385999400266219,66.73548,67.21146,216.64157,10.774409,15.291487,6.6890674,2.7778316
2021-09-01,valle_d_aostavallee_d_aoste,45.74155032062454,7.385999400266219,76.933334,75.712,162.56204,8.882092,13.006038,5.538009,1.9951204
2021-10-01,valle_d_aostavallee_d_aoste,45.74155032062454,7.385999400266219,85.703224,65.649414,121.76883,3.4700089,7.1586018,0.45657697,2.430385
2021-11-01,valle_d_aostavallee_d_aoste,45.74155032062454,7.385999400266219,94.56,72.92634,61.059258,-1.1184258,1.9201944,-3.6985643,2.1690464
2021-12-01,valle_d_aostavallee_d_aoste,45.74155032062454,7.385999400266219,165.9387,58.879814,51.68817,-2.3241844,1.043396,-5.230233,2.7403314
2022-01-01,valle_d_aostavallee_d_aoste,45.74155032062454,7.385999400266219,58.83226,46.826614,70.7276,-2.2974553,1.7329569,-5.415645,3.4259586
2022-02-01,valle_d_aostavallee_d_aoste,45.74155032062454,7.385999400266219,89.528564,56.2848,107.49802,-2.3776288,1.7658137,-6.1659822,3.78749
2022-03-01,valle_d_aostavallee_d_aoste,45.74155032062454,7.385999400266219,39.86129,57.273846,148.85663,-2.0011826,2.0020785,-5.362697,2.3985302
2022-04-01,valle_d_aostavallee_d_aoste,45.74155032062454,7.385999400266219,140.11333,67.73192,184.71481,0.91679615,5.292861,-2.9644907,2.9383795
2022-05-01,valle_d_aostavallee_d_aoste,45.74155032062454,7.385999400266219,77.15484,70.930244,258.30197,7.9400535,12.099175,4.191559,2.1415143
2022-06-01,valle_d_aostavallee_d_aoste,45.74155032062454,7.385999400266219,124.706665,66.78344,267.05463,11.965944,16.533323,7.6676297,2.4290833
2022-07-01,valle_d_aostavallee_d_aoste,45.74155032062454,7.385999400266219,30.322582,60.85654,302.3719,14.439972,19.406494,9.849006,2.7207527
2022-08-01,valle_d_aostavallee_d_aoste,45.74155032062454,7.385999400266219,86.712906,68.29194,248.32526,12.848862,17.448782,8.735546,2.5069623
2022-09-01,valle_d_aostavallee_d_aoste,45.74155032062454,7.385999400266219,89.60333,69.86568,172.56204,7.2359533,11.310574,3.8822403,2.7276018
2022-10-01,valle_d_aostavallee_d_aoste,45.74155032062454,7.385999400266219,110.73549,70.74863,112.32886,7.4210835,11.026532,4.5417295,1.9870428
2022-11-01,valle_d_aostavallee_d_aoste,45.74155032062454,7.385999400266219,77.9,67.44681,67.95555,-0.3034445,2.9794352,-2.9036112,2.3038425
2022-12-01,valle_d_aostavallee_d_aoste,45.74155032062454,7.385999400266219,116.23871,69.960495,48.112007,-3.03586,-0.05553765,-5.735269,2.039113
2023-01-01,valle_d_aostavallee_d_aoste,45.74155032062454,7.385999400266219,54.2,62.168213,63.26165,-4.856747,-1.596326,-7.6810303,2.8806448
2023-02-01,valle_d_aostavallee_d_aoste,45.74155032062454,7.385999400266219,3.4571428,56.605923,116.44146,-2.0172915,1.947738,-5.2120137,2.6826587
2023-03-01,valle_d_aostavallee_d_aoste,45.74155032062454,7.385999400266219,153.22581,66.24334,151.03406,-0.8991307,2.949471,-4.295833,3.0671146
2023-04-01,valle_d_aostavallee_d_aoste,45.74155032062454,7.385999400266219,91.96333,68.97372,206.96852,0.14863883,3.8580463,-3.379648,3.1751387
2023-05-01,valle_d_aostavallee_d_aoste,45.74155032062454,7.385999400266219,137.80322,76.67357,229.13979,5.141559,8.99784,1.9967024,2.0593817
2023-06-01,valle_d_aostavallee_d_aoste,45.74155032062454,7.385999400266219,97.403336,73.282684,256.52777,10.604176,14.874639,6.707148,2.1367314
2023-07-01,valle_d_aostavallee_d_aoste,45.74155032062454,7.385999400266219,86.461296,63.79155,265.0896,13.054301,17.658665,8.497805,2.8573477
2023-08-01,valle_d_aostavallee_d_aoste,45.74155032062454,7.385999400266219,111.03871,65.266,224.42293,12.334246,16.944256,8.389704,2.5825627
2023-09-01,valle_d_aostavallee_d_aoste,45.74155032062454,7.385999400266219,64.66,70.71638,186.93147,10.595184,14.788537,7.183565,1.7768054
2023-10-01,valle_d_aostavallee_d_aoste,45.74155032062454,7.385999400266219,143.83871,65.97817,116.19892,6.6135216,10.269104,3.5692651,1.9105017
2023-11-01,valle_d_aostavallee_d_aoste,45.74155032062454,7.385999400266219,234.82666,69.47176,57.934258,-1.4925742,1.8281481,-4.7349906,2.7979999
2023-12-01,valle_d_aostavallee_d_aoste,45.74155032062454,7.385999400266219,121.36452,63.353134,47.57975,-1.8134679,1.5481629,-4.720771,2.5242293
2024-01-01,valle_d_aostavallee_d_aoste,45.74155032062454,7.385999400266219,85.535484,61.459167,60.135307,-2.543369,0.9646146,-5.6473026,2.4242203
2024-02-01,valle_d_aostavallee_d_aoste,45.74155032062454,7.385999400266219,128.17932,65.20808,91.4569,-0.776111,2.488429,-3.5080843,1.9708906
2024-03-01,valle_d_aostavallee_d_aoste,45.74155032062454,7.385999400266219,238.55484,74.143524,140.39874,-1.4487991,1.6414963,-4.389005,2.1976163
2024-04-01,valle_d_aostavallee_d_aoste,45.74155032062454,7.385999400266219,106.24667,68.63199,196.86018,1.0260739,4.643056,-2.2521574,2.7285278
2024-05-01,valle_d_aostavallee_d_aoste,45.74155032062454,7.385999400266219,229.32259,79.184235,200.79929,4.3841486,8.112276,1.0212992,2.3377507
2024-06-01,valle_d_aostavallee_d_aoste,45.74155032062454,7.385999400266219,184.14334,76.47068,212.29074,9.218102,13.020416,5.4247403,2.1543796
2024-07-01,valle_d_aostavallee_d_aoste,45.74155032062454,7.385999400266219,91.241936,69.008575,259.35663,13.273136,17.652151,9.062168,2.223208
2024-08-01,valle_d_aostavallee_d_aoste,45.74155032062454,7.385999400266219,59.687096,68.351265,236.2742,13.964417,18.655931,10.000734,1.9861827
2024-09-01,valle_d_aostavallee_d_aoste,45.74155032062454,7.385999400266219,178.47333,77.94417,145.29259,6.3303795,9.563212,3.643565,2.7112315
2024-10-01,valle_d_aostavallee_d_aoste,45.74155032062454,7.385999400266219,220.82257,83.54475,98.8181,5.126317,7.904641,2.834453,1.9691844
2024-11-01,valle_d_aostavallee_d_aoste,45.74155032062454,7.385999400266219,73.34,56.45532,76.135185,0.67441666,4.708204,-2.3342035,1.9754353
2024-12-01,valle_d_aostavallee_d_aoste,45.74155032062454,7.385999400266219,60.65161,57.68191,53.562725,-2.4784946,1.0024463,-5.4577956,2.9021072
2000-01-01,lombardia,45.61999041667941,9.770172979033946,34.509678,62.48354,63.230164,-0.35438064,5.0943284,-4.6582193,1.7899264
2000-02-01,lombardia,45.61999041667941,9.770172979033946,70.31035,62.5312,96.46668,3.2733314,8.927216,-1.4091005,1.7992048
2000-03-01,lombardia,45.61999041667941,9.770172979033946,578.5258,63.119976,147.51912,6.700874,12.710009,1.299458,2.3780644
2000-04-01,lombardia,45.61999041667941,9.770172979033946,1232.8833,76.814674,159.23761,10.180581,14.974311,5.98046,2.0999668
2000-05-01,lombardia,45.61999041667941,9.770172979033946,732.48065,75.648094,232.47597,16.064653,21.289865,11.2891655,1.7842761
2000-06-01,lombardia,45.61999041667941,9.770172979033946,585.59,70.15873,263.04767,19.404764,25.222494,13.68405,1.9020106
2000-07-01,lombardia,45.61999041667941,9.770172979033946,863.3548,69.785995,246.04305,18.615808,24.540049,12.919409,1.9406015
2000-08-01,lombardia,45.61999041667941,9.770172979033946,908.5194,73.58605,215.62483,20.29508,26.497204,14.947045,1.4144542
2000-09-01,lombardia,45.61999041667941,9.770172979033946,795.46,75.062584,171.47177,16.430964,22.507908,11.40892,1.5584449
2000-10-01,lombardia,45.61999041667941,9.770172979033946,2098.6387,85.095024,78.231094,11.22242,15.041459,8.263303,1.5351417
2000-11-01,lombardia,45.61999041667941,9.770172979033946,2470.1934,86.270836,46.381855,5.1871905,8.765273,2.4563653,1.5378256
2000-12-01,lombardia,45.61999041667941,9.770172979033946,631.8807,80.15953,38.329357,2.6791873,6.0509734,0.23256803,1.152677
2001-01-01,lombardia,45.61999041667941,9.770172979033946,967.0484,79.304695,43.46826,0.91200775,4.020115,-1.7266719,1.3350339
2001-02-01,lombardia,45.61999041667941,9.770172979033946,328.82858,67.868576,95.6576,3.0838356,8.289879,-1.2522712,1.958513
2001-03-01,lombardia,45.61999041667941,9.770172979033946,1393.0679,78.709885,112.05706,7.0452633,11.475643,3.2002113,1.9485328
2001-04-01,lombardia,45.61999041667941,9.770172979033946,628.3467,67.52289,184.75113,8.718503,13.972789,3.8560166,2.1614318
2001-05-01,lombardia,45.61999041667941,9.770172979033946,702.00964,73.986984,221.38377,16.008417,21.590378,11.0588665,1.8693513
2001-06-01,lombardia,45.61999041667941,9.770172979033946,835.46,65.28838,265.41318,17.922327,23.999102,11.821498,2.0404637
2001-07-01,lombardia,45.61999041667941,9.770172979033946,812.7807,73.310356,251.50119,20.396639,26.318974,14.92649,1.8621168
2001-08-01,lombardia,45.61999041667941,9.770172979033946,787.3774,73.40213,225.30353,21.236025,27.442402,15.758736,1.7507141
2001-09-01,lombardia,45.61999041667941,9.770172979033946,896.81665,72.64536,151.59633,13.031381,18.7065,8.427677,1.9941924
2001-10-01,lombardia,45.61999041667941,9.770172979033946,607.071,82.819496,105.40041,13.142106,18.286451,9.438836,1.384779
2001-11-01,lombardia,45.61999041667941,9.770172979033946,254.29333,71.04503,63.572716,4.5444508,9.166958,0.9754127,1.949765
2001-12-01,lombardia,45.61999041667941,9.770172979033946,11.029033,63.541786,53.87189,-0.9367718,4.322497,-4.7622857,1.9711773
2002-01-01,lombardia,45.61999041667941,9.770172979033946,141.4871,65.70228,63.334408,-0.013306139,5.5427003,-4.0960307,1.8689483
2002-02-01,lombardia,45.61999041667941,9.770172979033946,828.74286,72.78463,79.443954,3.7435017,8.52905,-0.08101418,2.01999
2002-03-01,lombardia,45.61999041667941,9.770172979033946,384.2516,61.993965,155.94101,7.7040257,13.751707,2.3400571,2.321636
2002-04-01,lombardia,45.61999041667941,9.770172979033946,733.75665,69.888885,174.9356,9.550133,14.551705,5.0722313,2.158993
2002-05-01,lombardia,45.61999041667941,9.770172979033946,2023.1161,74.15415,201.42337,14.212429,19.14379,9.497168,2.1299436
2002-06-01,lombardia,45.61999041667941,9.770172979033946,744.63336,71.83915,254.1344,20.032839,25.519321,14.676276,1.8523356
2002-07-01,lombardia,45.61999041667941,9.770172979033946,1062.9,72.94975,241.1598,19.797693,25.142462,14.910492,1.7787384
2002-08-01,lombardia,45.61999041667941,9.770172979033946,1348.9968,75.9717,205.99919,19.125237,24.42165,14.391421,1.6442808
2002-09-01,lombardia,45.61999041667941,9.770172979033946,771.18665,73.706474,149.95363,14.868767,19.8564,10.843484,1.6218683
2002-10-01,lombardia,45.61999041667941,9.770172979033946,582.3613,73.07371,100.4942,11.14962,16.017208,7.2639523,1.626253
2002-11-01,lombardia,45.61999041667941,9.770172979033946,3079.527,78.40974,46.960735,7.3399324,10.44705,4.583464,1.7822691
2002-12-01,lombardia,45.61999041667941,9.770172979033946,568.69037,79.06272,35.45586,2.7922215,5.5971227,0.47820908,1.1928344
2003-01-01,lombardia,45.61999041667941,9.770172979033946,271.6129,66.95512,57.83951,0.71264136,4.898184,-2.6771197,1.818084
2003-02-01,lombardia,45.61999041667941,9.770172979033946,35.38572,55.258247,110.09824,-0.28139412,5.319865,-4.8340735,1.8908272
2003-03-01,lombardia,45.61999041667941,9.770172979033946,63.03871,62.12299,170.74367,7.271657,13.509618,1.8538321,1.9612018
2003-04-01,lombardia,45.61999041667941,9.770172979033946,490.79333,65.53269,193.13498,9.370328,14.451548,4.5100403,2.4030046
2003-05-01,lombardia,45.61999041667941,9.770172979033946,452.4226,63.418102,246.21869,16.608442,22.4273,11.061859,2.0857892
2003-06-01,lombardia,45.61999041667941,9.770172979033946,389.40668,66.246086,278.54236,22.541422,28.490654,16.80036,1.8634567
2003-07-01,lombardia,45.61999041667941,9.770172979033946,542.3129,65.47771,270.22916,22.082106,27.599546,16.57383,1.9369464
2003-08-01,lombardia,45.61999041667941,9.770172979033946,374.0,63.133938,231.25946,23.964073,30.17673,18.393387,1.9037986
2003-09-01,lombardia,45.61999041667941,9.770172979033946,259.25662,66.16165,174.78566,15.714362,21.334393,10.97261,1.8779703
2003-10-01,lombardia,45.61999041667941,9.770172979033946,1084.5516,74.73585,96.11721,8.857299,13.062557,5.4316325,1.882561
2003-11-01,lombardia,45.61999041667941,9.770172979033946,1207.5867,82.48914,56.562515,6.3936286,9.565024,4.0208764,1.4155682
2003-12-01,lombardia,45.61999041667941,9.770172979033946,697.7516,68.91582,46.38216,2.5674472,6.0611844,-0.40792444,1.8685511
2004-01-01,lombardia,45.61999041667941,9.770172979033946,270.32904,69.211845,53.08541,0.46679133,3.8084388,-2.4552038,1.9126209
2004-02-01,lombardia,45.61999041667941,9.770172979033946,669.87585,67.74522,86.685234,2.443528,6.7878356,-1.2219412,1.919655
2004-03-01,lombardia,45.61999041667941,9.770172979033946,507.48065,64.62695,133.52602,5.147053,9.689257,1.2549443,1.9489151
2004-04-01,lombardia,45.61999041667941,9.770172979033946,857.3667,69.01679,168.51054,9.827727,14.593185,5.481256,1.99077
2004-05-01,lombardia,45.61999041667941,9.770172979033946,845.4968,65.887054,229.58696,13.21877,18.255526,8.383802,2.2963336
2004-06-01,lombardia,45.61999041667941,9.770172979033946,401.01666,59.834354,256.79764,19.132685,24.47274,13.706248,2.0989892
2004-07-01,lombardia,45.61999041667941,9.770172979033946,547.971,67.946976,252.07346,20.483677,25.760298,15.353345,2.023073
2004-08-01,lombardia,45.61999041667941,9.770172979033946,544.40326,75.96074,212.34679,20.529264,25.879047,15.677542,1.9723603
2004-09-01,lombardia,45.61999041667941,9.770172979033946,437.28336,73.29848,169.7115,16.730175,22.207813,11.96893,1.8351067
2004-10-01,lombardia,45.61999041667941,9.770172979033946,1198.8517,86.528114,73.49776,12.573294,15.821873,9.989956,1.5930638
2004-11-01,lombardia,45.61999041667941,9.770172979033946,934.71,70.28852,59.35552,6.358728,10.48651,2.8985505,1.8950298
2004-12-01,lombardia,45.61999041667941,9.770172979033946,495.60968,73.16544,41.55149,2.9473433,6.755677,-0.05746764,1.4899838
2005-01-01,lombardia,45.61999041667941,9.770172979033946,59.99355,61.857067,65.30261,0.60646427,5.140135,-2.9451005,2.2816956
2005-02-01,lombardia,45.61999041667941,9.770172979033946,72.52143,59.4173,94.009026,0.017287774,4.89342,-3.9815452,2.277237
2005-03-01,lombardia,45.61999041667941,9.770172979033946,278.7871,63.98227,150.75548,5.7905974,11.179132,1.2945356,2.092716
2005-04-01,lombardia,45.61999041667941,9.770172979033946,921.66,71.41723,176.7618,9.312715,14.130432,5.2596626,2.1874366
2005-05-01,lombardia,45.61999041667941,9.770172979033946,660.3322,66.0709,245.08093,15.768117,21.117977,10.7482815,2.2400436
2005-06-01,lombardia,45.61999041667941,9.770172979033946,305.15668,66.74377,266.7692,19.919838,25.291876,14.794399,2.1640558
2005-07-01,lombardia,45.61999041667941,9.770172979033946,542.95807,65.66499,255.78867,20.931206,26.408855,15.710399,2.1255584
2005-08-01,lombardia,45.61999041667941,9.770172979033946,953.9775,69.38514,203.17494,18.537003,23.726347,13.791165,1.9069303
2005-09-01,lombardia,45.61999041667941,9.770172979033946,815.4934,77.83148,149.6993,16.481606,21.172491,12.67046,1.5515052
2005-10-01,lombardia,45.61999041667941,9.770172979033946,966.6033,81.30906,92.13546,11.160691,15.030519,8.309311,1.3261371
2005-11-01,lombardia,45.61999041667941,9.770172979033946,481.44,75.4076,59.258007,4.991757,8.212291,2.4760795,1.4596002
2005-12-01,lombardia,45.61999041667941,9.770172979033946,439.4613,69.842705,43.980602,-0.14300081,3.4387681,-3.1241248,1.6261886
2006-01-01,lombardia,45.61999041667941,9.770172979033946,313.53546,78.28516,56.736195,-0.9380541,3.21997,-4.023129,1.5303009
2006-02-01,lombardia,45.61999041667941,9.770172979033946,589.3928,77.37566,84.51042,1.0623245,5.261905,-2.199667,1.7860776
2006-03-01,lombardia,45.61999041667941,9.770172979033946,314.88388,68.05787,130.55229,4.718457,9.617543,0.30785558,2.1085718
2006-04-01,lombardia,45.61999041667941,9.770172979033946,480.04,69.97682,182.0407,10.458896,15.79882,5.720593,2.0490735
2006-05-01,lombardia,45.61999041667941,9.770172979033946,382.45163,68.63488,217.39583,14.878441,20.070656,9.870381,2.1411169
2006-06-01,lombardia,45.61999041667941,9.770172979033946,339.94,60.347183,262.03998,19.45996,25.32958,13.648524,2.15865
2006-07-01,lombardia,45.61999041667941,9.770172979033946,509.54193,67.493515,259.94202,22.956396,28.992563,17.436783,2.0557353
2006-08-01,lombardia,45.61999041667941,9.770172979033946,998.7032,69.21195,201.69395,17.885334,23.232533,13.240148,2.0742128
2006-09-01,lombardia,45.61999041667941,9.770172979033946,1138.5499,76.166794,159.73308,17.683004,23.154074,13.235176,1.7255255
2006-10-01,lombardia,45.61999041667941,9.770172979033946,452.5323,80.54551,99.21387,12.946532,17.686424,9.362355,1.524368
2006-11-01,lombardia,45.61999041667941,9.770172979033946,279.20663,75.665535,63.632744,7.4495063,11.394483,4.1818757,1.4759929
2006-12-01,lombardia,45.61999041667941,9.770172979033946,564.3839,79.67185,47.890713,3.5684457,7.2090755,0.93194115,1.5178946
2007-01-01,lombardia,45.61999041667941,9.770172979033946,349.87744,78.23574,54.66571,4.1589866,7.86427,1.085416,1.856913
2007-02-01,lombardia,45.61999041667941,9.770172979033946,242.77144,76.76081,80.473175,4.6889586,9.214874,0.93663836,1.6069789
2007-03-01,lombardia,45.61999041667941,9.770172979033946,580.2549,66.90408,140.82388,7.3454666,12.400922,2.8760302,2.1061025
2007-04-01,lombardia,45.61999041667941,9.770172979033946,111.04001,67.55788,210.66025,13.847425,19.727236,8.427937,1.8907912
2007-05-01,lombardia,45.61999041667941,9.770172979033946,900.2645,68.48706,225.83711,16.018759,21.340342,10.922867,2.1507955
2007-06-01,lombardia,45.61999041667941,9.770172979033946,1056.9834,76.343,235.39868,18.677052,23.661995,14.037147,1.8200817
2007-07-01,lombardia,45.61999041667941,9.770172979033946,348.9258,60.568825,262.24854,21.217823,27.23511,14.985472,2.118486
2007-08-01,lombardia,45.61999041667941,9.770172979033946,1040.0903,71.93763,198.21054,19.232594,24.682152,14.423219,1.9041383
2007-09-01,lombardia,45.61999041667941,9.770172979033946,628.2833,67.75847,179.97212,15.047376,20.696562,10.273522,1.9527686
2007-10-01,lombardia,45.61999041667941,9.770172979033946,381.6452,74.098145,110.67501,10.81809,15.88503,6.899702,1.6202502
2007-11-01,lombardia,45.61999041667941,9.770172979033946,795.7734,69.07941,69.58991,5.056962,9.587452,1.4476489,1.8261352
2007-12-01,lombardia,45.61999041667941,9.770172979033946,55.75484,72.163185,50.404198,1.4120779,5.386926,-1.6055343,1.6268625
2008-01-01,lombardia,45.61999041667941,9.770172979033946,653.0033,79.67222,54.48169,2.9932518,6.3390183,0.27875564,1.8126253
2008-02-01,lombardia,45.61999041667941,9.770172979033946,214.5724,71.06818,101.03583,3.7063062,8.827283,-0.26635414,1.8705719
2008-03-01,lombardia,45.61999041667941,9.770172979033946,268.55807,63.54848,140.24498,6.5527625,11.655457,1.9050775,2.4691873
2008-04-01,lombardia,45.61999041667941,9.770172979033946,1076.2666,70.79802,172.63701,9.31647,13.8879175,5.114441,2.2038932
2008-05-01,lombardia,45.61999041667941,9.770172979033946,1200.1581,74.56475,211.7053,14.917466,19.703575,10.499593,2.0434668
2008-06-01,lombardia,45.61999041667941,9.770172979033946,1174.1766,78.266205,230.06857,18.713604,23.61491,14.243482,1.7746214
2008-07-01,lombardia,45.61999041667941,9.770172979033946,888.6839,72.54855,253.86821,20.514755,25.843618,15.388088,2.0209723
2008-08-01,lombardia,45.61999041667941,9.770172979033946,411.56772,71.402534,223.5408,20.709467,26.317131,15.531542,1.8327975
2008-09-01,lombardia,45.61999041667941,9.770172979033946,717.0767,73.45522,153.32372,15.167812,20.082285,11.058033,1.7739455
2008-10-01,lombardia,45.61999041667941,9.770172979033946,712.30646,77.07069,96.65423,12.203997,16.873392,8.634312,1.514934
2008-11-01,lombardia,45.61999041667941,9.770172979033946,1646.14,81.561615,52.929184,5.9422455,9.438405,3.193844,1.7417307
2008-12-01,lombardia,45.61999041667941,9.770172979033946,1048.0581,81.64886,40.72552,1.6863216,4.600055,-0.7557215,1.5880047
2009-01-01,lombardia,45.61999041667941,9.770172979033946,497.05804,80.64077,52.294456,-0.24696364,2.905321,-2.851241,1.3788188
2009-02-01,lombardia,45.61999041667941,9.770172979033946,966.3429,66.999756,92.63726,2.118456,6.5684123,-1.6916332,1.9896417
2009-03-01,lombardia,45.61999041667941,9.770172979033946,895.23553,60.855267,143.7083,6.639367,11.5709715,2.0162125,2.267349
2009-04-01,lombardia,45.61999041667941,9.770172979033946,1452.4435,74.82028,172.52054,11.198031,15.883697,7.255592,2.0455587
2009-05-01,lombardia,45.61999041667941,9.770172979033946,121.15484,61.53428,248.62494,17.237423,23.004662,11.674582,1.9105061
2009-06-01,lombardia,45.61999041667941,9.770172979033946,615.48334,63.64881,249.25256,19.011904,24.449205,13.8681965,2.1338673
2009-07-01,lombardia,45.61999041667941,9.770172979033946,731.34515,65.49663,257.90494,21.17671,26.581303,16.02988,2.0487154
2009-08-01,lombardia,45.61999041667941,9.770172979033946,378.1,66.67132,231.27817,22.178337,27.735437,17.27467,1.8883204
2009-09-01,lombardia,45.61999041667941,9.770172979033946,641.7467,70.22461,165.74174,17.397898,22.645515,13.171558,1.6330036
2009-10-01,lombardia,45.61999041667941,9.770172979033946,408.7484,70.49856,111.663414,11.073142,15.895975,7.293034,1.6764537
2009-11-01,lombardia,45.61999041667941,9.770172979033946,1047.4467,81.4822,52.268326,7.06763,9.867224,4.7085648,1.5552846
2009-12-01,lombardia,45.61999041667941,9.770172979033946,771.7258,77.039856,38.982666,0.72114575,3.776977,-2.0372279,1.6167432
2010-01-01,lombardia,45.61999041667941,9.770172979033946,334.0161,77.95666,48.334633,-0.60285956,2.2439263,-3.063514,1.5003042
2010-02-01,lombardia,45.61999041667941,9.770172979033946,707.2715,76.753395,76.84596,1.6783488,5.259042,-1.2905719,1.8405946
2010-03-01,lombardia,45.61999041667941,9.770172979033946,482.80002,70.04668,133.85008,5.3211284,9.745653,1.447502,2.1284068
2010-04-01,lombardia,45.61999041667941,9.770172979033946,504.88,66.12814,201.12444,10.4088955,15.799819,5.555523,2.1929262
2010-05-01,lombardia,45.61999041667941,9.770172979033946,1331.3549,67.964355,204.58076,13.786149,18.299837,9.611616,2.2473571
2010-06-01,lombardia,45.61999041667941,9.770172979033946,890.29675,67.15893,237.41423,18.887468,23.750824,14.297804,2.15209
2010-07-01,lombardia,45.61999041667941,9.770172979033946,377.5226,62.569256,266.97327,22.42547,27.858126,17.20037,2.08657
2010-08-01,lombardia,45.61999041667941,9.770172979033946,1135.2742,70.93882,212.91092,19.372816,24.526852,14.803122,1.8831729
2010-09-01,lombardia,45.61999041667941,9.770172979033946,972.0567,72.99386,161.90117,15.142347,20.190466,10.995683,1.7607342
2010-10-01,lombardia,45.61999041667941,9.770172979033946,1358.4645,77.62838,97.25876,9.568246,13.801485,6.3415413,1.5939742
2010-11-01,lombardia,45.61999041667941,9.770172979033946,1690.4935,83.92924,47.702488,5.992858,8.753461,3.7007236,1.6113333
2010-12-01,lombardia,45.61999041667941,9.770172979033946,905.89355,78.20808,37.766502,-0.27405238,2.5396554,-2.7752073,1.6954792
2011-01-01,lombardia,45.61999041667941,9.770172979033946,267.94836,76.60482,52.667892,0.72933066,3.7662292,-1.6761187,1.4640489
2011-02-01,lombardia,45.61999041667941,9.770172979033946,425.05,72.810585,89.53457,3.5231276,8.188175,0.03159628,1.6842959
2011-03-01,lombardia,45.61999041667941,9.770172979033946,640.5806,70.68657,142.61049,6.6230636,11.37743,2.6415107,1.928768
2011-04-01,lombardia,45.61999041667941,9.770172979033946,71.706665,60.09829,221.23167,13.151799,19.025415,7.8608904,2.127141
2011-05-01,lombardia,45.61999041667941,9.770172979033946,498.5323,61.81539,261.4733,16.500504,22.357409,10.770242,2.1710858
2011-06-01,lombardia,45.61999041667941,9.770172979033946,1394.4801,73.74816,229.57117,18.45958,23.189968,14.186005,1.8616867
2011-07-01,lombardia,45.61999041667941,9.770172979033946,837.78394,67.32895,236.20515,19.46712,24.725098,14.533302,2.0553632
2011-08-01,lombardia,45.61999041667941,9.770172979033946,274.8355,62.60752,234.64929,21.758759,27.71625,16.262724,1.8359729
2011-09-01,lombardia,45.61999041667941,9.770172979033946,777.2133,69.5172,172.87141,18.688877,24.532286,14.047518,1.6227106
2011-10-01,lombardia,45.61999041667941,9.770172979033946,544.0581,68.93862,119.31236,11.140706,16.632357,6.7146964,1.6560681
2011-11-01,lombardia,45.61999041667941,9.770172979033946,1066.12,79.64209,58.903088,6.083046,10.150838,3.3635466,1.3874804
2011-12-01,lombardia,45.61999041667941,9.770172979033946,185.22258,73.30862,43.063366,2.3548844,6.4463353,-0.792676,1.6395626
2012-01-01,lombardia,45.61999041667941,9.770172979033946,226.00645,70.09994,57.88371,0.8712673,5.4033074,-2.5064034,2.0054584
2012-02-01,lombardia,45.61999041667941,9.770172979033946,96.106895,65.8991,104.50865,-0.58898026,4.695538,-5.0461254,1.9809668
2012-03-01,lombardia,45.61999041667941,9.770172979033946,253.39355,59.030136,172.93123,9.53171,15.978161,3.9518826,2.047587
2012-04-01,lombardia,45.61999041667941,9.770172979033946,1172.5267,74.33405,161.9013,9.358612,14.048613,5.3230977,2.1050522
2012-05-01,lombardia,45.61999041667941,9.770172979033946,759.53546,66.93585,240.87338,14.773658,20.308342,9.647353,2.0126872
2012-06-01,lombardia,45.61999041667941,9.770172979033946,552.63666,68.328514,257.88565,20.137537,25.45298,14.96108,1.707447
2012-07-01,lombardia,45.61999041667941,9.770172979033946,555.3484,65.395195,257.66122,21.622126,27.551077,16.085281,1.9789175
2012-08-01,lombardia,45.61999041667941,9.770172979033946,432.19678,61.71661,231.87706,22.59809,28.621807,16.943623,1.8035321
2012-09-01,lombardia,45.61999041667941,9.770172979033946,1070.4434,72.49225,147.66583,16.42848,21.610817,12.176699,1.7632064
2012-10-01,lombardia,45.61999041667941,9.770172979033946,918.84515,80.31631,93.628395,11.695031,16.162933,8.306305,1.513507
2012-11-01,lombardia,45.61999041667941,9.770172979033946,1393.0499,79.7616,53.901184,7.3428454,10.959806,4.5897555,1.4895575
2012-12-01,lombardia,45.61999041667941,9.770172979033946,234.65485,74.734634,42.727245,0.39673862,3.9585774,-2.476292,1.6501571
2013-01-01,lombardia,45.61999041667941,9.770172979033946,468.55807,76.31205,50.66353,1.693064,5.09901,-1.0981977,1.8066307
2013-02-01,lombardia,45.61999041667941,9.770172979033946,339.7393,70.94908,91.21035,0.35663185,4.7785864,-3.0482066,1.948363
2013-03-01,lombardia,45.61999041667941,9.770172979033946,1058.7968,75.72634,114.01171,4.325756,8.568438,0.8026691,1.8806393
2013-04-01,lombardia,45.61999041667941,9.770172979033946,1506.8601,76.641106,156.04602,10.512202,15.187065,6.484856,1.8464826
2013-05-01,lombardia,45.61999041667941,9.770172979033946,1674.458,72.38143,197.56033,12.856856,17.87131,8.268205,2.1245792
2013-06-01,lombardia,45.61999041667941,9.770172979033946,390.4967,64.669914,259.79358,18.529718,24.198826,13.089662,1.9272492
2013-07-01,lombardia,45.61999041667941,9.770172979033946,319.2226,65.21651,269.65103,22.204504,28.049385,16.60841,1.8568084
2013-08-01,lombardia,45.61999041667941,9.770172979033946,629.9194,66.26966,234.699,20.714964,26.66361,15.313442,1.8854874
2013-09-01,lombardia,45.61999041667941,9.770172979033946,449.95334,71.007805,166.60152,16.800617,22.189468,12.173649,1.7103665
2013-10-01,lombardia,45.61999041667941,9.770172979033946,1362.2227,84.65206,77.65044,12.089232,15.237388,9.533345,1.496688
2013-11-01,lombardia,45.61999041667941,9.770172979033946,814.7,77.011604,54.990627,6.3590894,9.942063,3.4174092,1.755383
2013-12-01,lombardia,45.61999041667941,9.770172979033946,694.1129,75.57384,48.4174,2.9995947,7.1523337,0.08959013,1.5921077
2014-01-01,lombardia,45.61999041667941,9.770172979033946,1443.2356,82.32449,44.744118,3.2709584,6.1682577,0.90692353,1.7777361
2014-02-01,lombardia,45.61999041667941,9.770172979033946,1586.175,83.556816,73.35345,4.360796,7.8300285,1.6031432,1.823828
2014-03-01,lombardia,45.61999041667941,9.770172979033946,540.52264,65.630264,158.75192,8.303925,14.248247,3.5088563,2.147207
2014-04-01,lombardia,45.61999041667941,9.770172979033946,810.9734,67.332275,192.91602,11.774348,17.240713,6.8644576,2.197796
2014-05-01,lombardia,45.61999041667941,9.770172979033946,500.60004,62.671154,230.37263,14.445132,20.0638,8.953327,2.1194212
2014-06-01,lombardia,45.61999041667941,9.770172979033946,869.64,67.1564,258.6713,19.054016,24.857035,13.677515,1.9635102
2014-07-01,lombardia,45.61999041667941,9.770172979033946,1489.5646,74.96312,215.83308,19.082571,24.580881,14.332071,1.8262736
2014-08-01,lombardia,45.61999041667941,9.770172979033946,1123.1451,76.27312,199.70059,18.55237,23.73324,14.366318,1.7559372
2014-09-01,lombardia,45.61999041667941,9.770172979033946,410.5267,73.221664,165.91602,16.402794,21.93771,12.069236,1.730064
2014-10-01,lombardia,45.61999041667941,9.770172979033946,766.2064,78.21129,106.05039,13.036183,17.683407,9.544155,1.5767719
2014-11-01,lombardia,45.61999041667941,9.770172979033946,2791.8867,86.7748,47.037483,8.644852,11.857296,6.2459035,1.5370723
2014-12-01,lombardia,45.61999041667941,9.770172979033946,457.3,79.074745,42.465504,3.7479162,6.8052816,1.1964079,1.568752
2015-01-01,lombardia,45.61999041667941,9.770172979033946,454.05484,70.60667,57.87568,2.357651,7.146354,-1.521358,2.152296
2015-02-01,lombardia,45.61999041667941,9.770172979033946,838.86066,74.508865,87.45323,2.254325,7.1093626,-1.4391662,2.0380557
2015-03-01,lombardia,45.61999041667941,9.770172979033946,443.38388,66.39783,142.25475,7.037016,12.696795,2.2009056,2.2597072
2015-04-01,lombardia,45.61999041667941,9.770172979033946,482.98337,59.15653,208.90558,11.095132,17.199984,5.201987,2.4638195
2015-05-01,lombardia,45.61999041667941,9.770172979033946,839.81934,71.67203,223.1396,15.750406,21.445997,10.5441065,1.9765009
2015-06-01,lombardia,45.61999041667941,9.770172979033946,486.53336,68.46695,262.00974,19.78395,25.899181,14.2004385,1.9271377
2015-07-01,lombardia,45.61999041667941,9.770172979033946,308.8871,62.906452,277.10654,24.454365,30.682686,18.414244,2.0254426
2015-08-01,lombardia,45.61999041667941,9.770172979033946,722.5097,69.843315,219.13788,21.16376,27.277943,15.887091,1.8028296
2015-09-01,lombardia,45.61999041667941,9.770172979033946,909.3901,70.36529,158.10796,15.73183,21.196884,11.170409,2.0947375
2015-10-01,lombardia,45.61999041667941,9.770172979033946,1046.0226,78.213264,94.78211,10.910207,15.6504755,7.40032,1.5237125
2015-11-01,lombardia,45.61999041667941,9.770172979033946,89.07334,72.417305,69.11483,7.376689,12.719496,3.5825062,1.5142871
2015-12-01,lombardia,45.61999041667941,9.770172979033946,13.58387,77.92511,47.024223,4.105307,8.146577,1.2098967,1.249426
2016-01-01,lombardia,45.61999041667941,9.770172979033946,327.10645,72.78416,53.955917,1.6745504,6.1750245,-1.8585857,1.9217621
2016-02-01,lombardia,45.61999041667941,9.770172979033946,1174.7828,77.62699,76.26322,4.37207,8.6931925,0.6451651,2.2195787
2016-03-01,lombardia,45.61999041667941,9.770172979033946,547.6516,68.32063,148.37872,6.4005246,12.237836,1.5455401,2.139691
2016-04-01,lombardia,45.61999041667941,9.770172979033946,493.95,68.38135,186.78683,11.528036,17.441595,6.333803,2.169714
2016-05-01,lombardia,45.61999041667941,9.770172979033946,1155.3516,69.36384,215.74525,13.766369,19.410503,8.683189,2.069659
2016-06-01,lombardia,45.61999041667941,9.770172979033946,1095.3966,72.43813,239.65102,18.345682,24.526148,13.037261,1.9055231
2016-07-01,lombardia,45.61999041667941,9.770172979033946,553.0936,67.10877,250.74928,21.828989,28.198019,15.8446,1.9866227
2016-08-01,lombardia,45.61999041667941,9.770172979033946,822.8484,68.70962,236.52945,20.357666,26.660112,14.6964855,1.8372515
2016-09-01,lombardia,45.61999041667941,9.770172979033946,352.49,70.10956,168.10071,18.03582,24.632233,12.857641,1.6838753
2016-10-01,lombardia,45.61999041667941,9.770172979033946,717.6549,81.3713,98.51383,10.402717,15.179691,6.5505223,1.5442244
2016-11-01,lombardia,45.61999041667941,9.770172979033946,752.14996,81.35679,55.357883,6.1210036,9.73961,3.0243309,1.4619371
2016-12-01,lombardia,45.61999041667941,9.770172979033946,23.958065,72.382675,51.09241,3.0231524,7.545388,-0.35589942,1.4303042
2017-01-01,lombardia,45.61999041667941,9.770172979033946,51.95161,64.12948,57.060036,-0.85375607,4.560012,-4.998603,2.0969763
2017-02-01,lombardia,45.61999041667941,9.770172979033946,613.4607,80.24905,81.58973,4.1201234,8.539331,0.6133262,1.7576753
2017-03-01,lombardia,45.61999041667941,9.770172979033946,397.16776,65.19412,151.387,9.160202,15.607551,3.7384076,2.2063344
2017-04-01,lombardia,45.61999041667941,9.770172979033946,497.3967,62.617027,204.88493,11.236972,17.640654,5.3943915,2.3920426
2017-05-01,lombardia,45.61999041667941,9.770172979033946,649.57745,69.01613,240.16417,15.559794,21.850569,9.8673,2.1543221
2017-06-01,lombardia,45.61999041667941,9.770172979033946,1209.4434,66.72238,261.29965,21.033838,27.52706,14.975079,2.3546834
2017-07-01,lombardia,45.61999041667941,9.770172979033946,502.94193,64.95409,253.93558,21.675982,28.193241,15.467961,2.143297
2017-08-01,lombardia,45.61999041667941,9.770172979033946,583.0645,64.43232,224.53647,22.315659,29.02874,16.323206,2.1501892
2017-09-01,lombardia,45.61999041667941,9.770172979033946,954.8667,73.80327,147.65729,14.709966,20.488602,10.145576,2.1435874
2017-10-01,lombardia,45.61999041667941,9.770172979033946,52.08387,67.57867,115.14981,12.316523,18.788828,7.3482575,1.8697073
2017-11-01,lombardia,45.61999041667941,9.770172979033946,718.82666,75.88125,58.87391,5.4869123,9.865947,1.9298728,1.849287
2017-12-01,lombardia,45.61999041667941,9.770172979033946,681.0806,75.11606,41.04133,0.41013423,5.185788,-3.465487,1.945168
2018-01-01,lombardia,45.61999041667941,9.770172979033946,407.3,80.99656,53.129604,3.0953803,7.30823,-0.672072,1.9488668
2018-02-01,lombardia,45.61999041667941,9.770172979033946,272.825,75.61402,82.40519,0.4679029,4.4162083,-3.2921252,1.8771771
2018-03-01,lombardia,45.61999041667941,9.770172979033946,951.2355,77.313774,117.99829,4.345804,8.539227,0.43056715,1.925066
2018-04-01,lombardia,45.61999041667941,9.770172979033946,806.8233,69.730385,205.62312,12.269526,17.849596,6.7796245,2.1749465
2018-05-01,lombardia,45.61999041667941,9.770172979033946,1254.0096,77.91964,208.21227,15.58007,20.724236,10.741917,1.9499277
2018-06-01,lombardia,45.61999041667941,9.770172979033946,578.11334,67.57494,267.27283,19.633654,25.19611,13.8545,1.9431268
2018-07-01,lombardia,45.61999041667941,9.770172979033946,655.7,68.3935,272.98276,21.848452,27.741205,15.981232,1.9497588
2018-08-01,lombardia,45.61999041667941,9.770172979033946,890.47095,69.09517,227.91986,21.922132,27.57713,16.25347,1.8328801
2018-09-01,lombardia,45.61999041667941,9.770172979033946,244.13332,71.53793,186.37129,18.215477,23.809473,12.756103,1.6678445
2018-10-01,lombardia,45.61999041667941,9.770172979033946,1696.9193,77.519875,107.26633,13.046155,18.085798,8.631258,1.803771
2018-11-01,lombardia,45.61999041667941,9.770172979033946,1001.32996,85.16504,48.332268,7.4035707,10.547657,4.9345703,1.4494733
2018-12-01,lombardia,45.61999041667941,9.770172979033946,127.66452,74.455215,49.28975,1.9709309,6.5221534,-2.0851612,1.553243
2019-01-01,lombardia,45.61999041667941,9.770172979033946,107.38709,67.26757,64.57262,0.15916301,5.0153313,-4.276503,2.1812053
2019-02-01,lombardia,45.61999041667941,9.770172979033946,513.12146,64.109024,111.47636,4.0575366,10.452622,-1.6812696,1.8597788
2019-03-01,lombardia,45.61999041667941,9.770172979033946,194.34837,57.565987,174.204,7.2710347,14.043061,0.6997199,2.197092
2019-04-01,lombardia,45.61999041667941,9.770172979033946,1252.6333,72.51969,179.2172,9.871229,14.738448,5.353528,2.190931
2019-05-01,lombardia,45.61999041667941,9.770172979033946,1137.0677,72.922005,197.73871,11.833295,16.64943,7.350401,2.074011
2019-06-01,lombardia,45.61999041667941,9.770172979033946,408.52667,65.53883,263.31256,21.264473,27.123785,14.945754,1.9311115
2019-07-01,lombardia,45.61999041667941,9.770172979033946,591.0097,67.73494,257.20355,22.391869,28.089298,16.98078,1.9474823
2019-08-01,lombardia,45.61999041667941,9.770172979033946,852.1678,75.63503,220.09401,21.740133,26.985355,16.70617,1.7968649
2019-09-01,lombardia,45.61999041667941,9.770172979033946,669.26337,75.57823,171.36075,17.20058,22.248667,12.3848915,1.6056013
2019-10-01,lombardia,45.61999041667941,9.770172979033946,1216.9452,82.041756,96.62806,13.205173,17.415333,9.371948,1.5484536
2019-11-01,lombardia,45.61999041667941,9.770172979033946,2690.19,86.47644,48.529892,6.6447625,9.460076,3.9836416,1.704453
2019-12-01,lombardia,45.61999041667941,9.770172979033946,960.3904,77.23109,46.93583,3.8020728,7.476501,0.12723452,1.7140237
2020-01-01,lombardia,45.61999041667941,9.770172979033946,130.65483,74.97504,60.88256,2.0172906,6.985904,-2.3923683,1.6007416
2020-02-01,lombardia,45.61999041667941,9.770172979033946,42.14483,61.307156,100.31427,5.2257404,10.835673,-0.24092783,2.1537476
2020-03-01,lombardia,45.61999041667941,9.770172979033946,582.10004,70.02953,147.57994,6.1800528,11.080287,1.2381735,1.9644254
2020-04-01,lombardia,45.61999041667941,9.770172979033946,352.98,61.51861,222.6809,11.433231,17.588245,4.9961095,2.0119915
2020-05-01,lombardia,45.61999041667941,9.770172979033946,678.1388,68.21738,234.09586,15.377238,20.80842,10.030818,2.043599
2020-06-01,lombardia,45.61999041667941,9.770172979033946,1271.0967,72.9265,244.23167,17.977503,23.27506,12.700805,1.8887722
2020-07-01,lombardia,45.61999041667941,9.770172979033946,684.0613,70.75906,270.00998,21.0651,26.622896,15.458663,1.933221
2020-08-01,lombardia,45.61999041667941,9.770172979033946,1239.3484,72.60122,226.25783,21.262945,26.712366,16.015207,1.8531442
2020-09-01,lombardia,45.61999041667941,9.770172979033946,541.83997,74.630745,175.2439,17.199917,22.68871,12.055181,1.7170284
2020-10-01,lombardia,45.61999041667941,9.770172979033946,1590.1387,81.16538,96.574104,10.198938,14.652417,6.1497827,1.6541234
2020-11-01,lombardia,45.61999041667941,9.770172979033946,64.56334,76.25153,68.287544,7.026752,11.492518,3.1779678,1.2620047
2020-12-01,lombardia,45.61999041667941,9.770172979033946,1610.9548,84.845604,35.199287,2.2650418,4.915247,-0.30894294,1.5237778
2021-01-01,lombardia,45.61999041667941,9.770172979033946,920.2904,76.94745,53.928253,-0.0127964765,3.922257,-3.5824964,1.7489632
2021-02-01,lombardia,45.61999041667941,9.770172979033946,320.5643,73.75746,95.533554,4.4117956,8.966255,0.1569993,1.7294611
2021-03-01,lombardia,45.61999041667941,9.770172979033946,25.235485,57.217583,173.30202,6.1051507,12.1460085,-0.05258874,2.047658
2021-04-01,lombardia,45.61999041667941,9.770172979033946,502.47,63.248528,200.24069,8.424152,13.53557,3.161861,2.1572397
2021-05-01,lombardia,45.61999041667941,9.770172979033946,875.5129,65.52963,229.0675,13.055202,18.356718,7.548274,2.2159925
2021-06-01,lombardia,45.61999041667941,9.770172979033946,305.1767,64.61043,276.6447,20.499931,26.36896,14.404763,1.911637
2021-07-01,lombardia,45.61999041667941,9.770172979033946,1149.7677,70.43489,247.48975,20.97163,26.570784,15.289956,1.986882
2021-08-01,lombardia,45.61999041667941,9.770172979033946,530.1129,67.14227,232.51611,20.215286,25.942717,14.305808,1.8677992
2021-09-01,lombardia,45.61999041667941,9.770172979033946,560.3301,71.16395,166.9172,17.75107,23.255175,12.2332,1.6011897
2021-10-01,lombardia,45.61999041667941,9.770172979033946,539.8,74.32198,115.02675,10.720484,15.903134,6.0979567,1.5292733
2021-11-01,lombardia,45.61999041667941,9.770172979033946,1203.71,82.649994,55.636066,6.2267995,9.796188,2.8732727,1.5638456
2021-12-01,lombardia,45.61999041667941,9.770172979033946,206.77098,77.00708,47.582138,2.003694,5.954058,-1.8445723,1.5836574
2022-01-01,lombardia,45.61999041667941,9.770172979033946,160.13548,70.26325,69.87556,1.8280483,6.9421625,-2.8009312,1.9546918
2022-02-01,lombardia,45.61999041667941,9.770172979033946,211.24286,62.290813,111.09837,4.179397,10.185299,-1.4533173,2.1892552
2022-03-01,lombardia,45.61999041667941,9.770172979033946,79.83548,56.913197,159.53175,5.6953645,11.613051,0.03748346,1.8591448
2022-04-01,lombardia,45.61999041667941,9.770172979033946,432.86667,63.88254,198.11375,9.714503,15.46782,3.958541,2.2963083
2022-05-01,lombardia,45.61999041667941,9.770172979033946,508.2871,71.07317,243.35944,16.989424,22.54162,11.519083,1.9195648
2022-06-01,lombardia,45.61999041667941,9.770172979033946,565.24005,66.76639,272.37985,21.353767,27.46642,15.166157,2.0339513
2022-07-01,lombardia,45.61999041667941,9.770172979033946,524.36774,60.148888,292.8543,23.701956,30.037998,17.236559,2.133785
2022-08-01,lombardia,45.61999041667941,9.770172979033946,742.6483,66.05781,246.2498,21.948433,27.84624,16.27671,1.9558145
2022-09-01,lombardia,45.61999041667941,9.770172979033946,643.7833,71.257645,179.03632,16.409363,21.612139,11.583131,1.7710083
2022-10-01,lombardia,45.61999041667941,9.770172979033946,547.73224,78.59808,114.39364,14.70834,20.032827,9.960702,1.420629
2022-11-01,lombardia,45.61999041667941,9.770172979033946,655.5067,79.44482,63.657772,7.0937047,11.331691,3.1767688,1.4860189
2022-12-01,lombardia,45.61999041667941,9.770172979033946,673.25806,86.1866,39.117092,3.1075103,5.9314313,0.28236488,1.3798611
2023-01-01,lombardia,45.61999041667941,9.770172979033946,371.10968,77.17931,57.070026,2.6947274,6.33426,-0.76245886,1.8570611
2023-02-01,lombardia,45.61999041667941,9.770172979033946,10.696428,66.577194,106.099396,4.0592766,9.808592,-1.2273614,1.9861591
2023-03-01,lombardia,45.61999041667941,9.770172979033946,300.48065,66.610596,157.54884,7.8069997,13.367034,2.3976867,2.0437274
2023-04-01,lombardia,45.61999041667941,9.770172979033946,473.3267,64.95364,205.71793,9.579808,15.14585,4.257829,2.2046773
2023-05-01,lombardia,45.61999041667941,9.770172979033946,1228.9452,76.83354,207.46872,14.662071,19.367517,10.314391,1.8957891
2023-06-01,lombardia,45.61999041667941,9.770172979033946,695.31665,69.531296,260.9998,19.661903,25.099468,14.359956,1.8483213
2023-07-01,lombardia,45.61999041667941,9.770172979033946,824.5549,70.34032,271.87082,21.958403,27.316967,16.426561,1.9135575
2023-08-01,lombardia,45.61999041667941,9.770172979033946,1030.4161,65.584724,235.20193,21.751585,27.412745,16.261267,1.909395
2023-09-01,lombardia,45.61999041667941,9.770172979033946,741.3334,73.5519,188.95552,18.663961,24.125368,13.469755,1.7140378
2023-10-01,lombardia,45.61999041667941,9.770172979033946,1516.1936,77.15674,108.16543,14.495128,19.139626,10.220376,1.6469842
2023-11-01,lombardia,45.61999041667941,9.770172979033946,667.4733,73.44729,70.57864,6.078264,10.743083,1.8081815,1.8449455
2023-12-01,lombardia,45.61999041667941,9.770172979033946,705.0322,73.56956,48.50155,4.32107,8.138989,0.48765808,1.6894995
2024-01-01,lombardia,45.61999041667941,9.770172979033946,470.2742,76.59402,61.25554,2.2065318,6.6151485,-1.557441,1.8895557
2024-02-01,lombardia,45.61999041667941,9.770172979033946,1219.7139,79.863464,82.59517,6.301228,10.6053505,2.2637758,2.001135
2024-03-01,lombardia,45.61999041667941,9.770172979033946,1476.3969,78.606865,128.12363,7.8439856,12.063652,3.8307335,2.2236917
2024-04-01,lombardia,45.61999041667941,9.770172979033946,690.0233,69.43309,191.76157,10.570648,15.855465,5.4383264,2.1873
2024-05-01,lombardia,45.61999041667941,9.770172979033946,1855.2773,79.82012,205.62405,14.230538,18.773096,9.990016,1.952637
2024-06-01,lombardia,45.61999041667941,9.770172979033946,1087.5433,77.17704,230.7408,18.677633,23.690674,13.752016,1.9587355
2024-07-01,lombardia,45.61999041667941,9.770172979033946,566.6032,73.13625,270.35324,22.7154,28.047897,17.549492,1.9607576
2024-08-01,lombardia,45.61999041667941,9.770172979033946,271.0355,71.66428,235.46446,23.25334,29.177359,18.102558,1.7640924
2024-09-01,lombardia,45.61999041667941,9.770172979033946,1250.1234,76.27262,144.76454,16.173262,20.969597,12.249223,1.977134
2024-10-01,lombardia,45.61999041667941,9.770172979033946,1960.2,89.725876,78.281364,12.754776,16.335594,9.81687,1.6617805
2024-11-01,lombardia,45.61999041667941,9.770172979033946,80.816666,78.09138,74.281136,6.071772,10.787185,2.1484082,1.6487591
2024-12-01,lombardia,45.61999041667941,9.770172979033946,311.4968,74.61589,55.08713,2.6209424,6.9176316,-1.2101216,1.925456
2000-01-01,trentino_alto_adigesudtirol,46.44681616259015,11.297741037372582,48.14516,65.58478,67.27746,-3.8135939,2.0057628,-8.779665,1.6288223
2000-02-01,trentino_alto_adigesudtirol,46.44681616259015,11.297741037372582,95.031044,68.31307,101.1631,-1.4296678,4.267561,-6.3747153,1.3363211
2000-03-01,trentino_alto_adigesudtirol,46.44681616259015,11.297741037372582,527.4613,68.67031,149.50009,1.011328,6.777841,-4.292792,2.1093707
2000-04-01,trentino_alto_adigesudtirol,46.44681616259015,11.297741037372582,451.99335,76.999176,171.82497,4.6806602,9.9718075,-0.060961157,1.8581678
2000-05-01,trentino_alto_adigesudtirol,46.44681616259015,11.297741037372582,495.5258,76.9642,217.1027,9.84601,15.545587,4.478195,1.5990162
2000-06-01,trentino_alto_adigesudtirol,46.44681616259015,11.297741037372582,552.2833,73.38359,249.86258,13.195948,19.62078,6.8467727,1.6062495
2000-07-01,trentino_alto_adigesudtirol,46.44681616259015,11.297741037372582,728.51294,74.98249,221.26797,11.981792,17.824503,5.986297,1.8425113
2000-08-01,trentino_alto_adigesudtirol,46.44681616259015,11.297741037372582,728.4065,72.57962,209.38454,14.7129135,20.815083,8.937942,1.3439798
2000-09-01,trentino_alto_adigesudtirol,46.44681616259015,11.297741037372582,584.55664,76.39755,162.42516,10.674688,16.458633,5.2086625,1.4497403
2000-10-01,trentino_alto_adigesudtirol,46.44681616259015,11.297741037372582,1141.9515,86.44639,77.85395,6.333932,10.150841,2.432654,1.3549278
2000-11-01,trentino_alto_adigesudtirol,46.44681616259015,11.297741037372582,1623.1567,87.43445,48.843147,0.35082614,3.9248567,-3.0495665,1.2851349
2000-12-01,trentino_alto_adigesudtirol,46.44681616259015,11.297741037372582,236.68065,77.63785,41.396797,-1.1580783,2.5706117,-4.7477736,0.9862676
2001-01-01,trentino_alto_adigesudtirol,46.44681616259015,11.297741037372582,518.41614,80.901375,48.6891,-3.690184,0.59083116,-7.7724953,1.2453532
2001-02-01,trentino_alto_adigesudtirol,46.44681616259015,11.297741037372582,177.97858,68.07368,97.610214,-2.0034575,3.379038,-6.6160955,1.5726204
2001-03-01,trentino_alto_adigesudtirol,46.44681616259015,11.297741037372582,738.4,80.815056,120.63051,2.04923,7.016107,-2.5313418,1.3821096
2001-04-01,trentino_alto_adigesudtirol,46.44681616259015,11.297741037372582,514.54333,72.0561,181.88547,2.1260223,7.864355,-3.066677,1.945914
2001-05-01,trentino_alto_adigesudtirol,46.44681616259015,11.297741037372582,413.12582,73.386444,224.90263,10.292216,16.282799,4.644736,1.595177
2001-06-01,trentino_alto_adigesudtirol,46.44681616259015,11.297741037372582,692.32,69.35813,244.08813,10.7,17.208664,4.5855374,1.9500264
2001-07-01,trentino_alto_adigesudtirol,46.44681616259015,11.297741037372582,687.9355,73.91801,225.8484,13.94906,20.135075,8.299796,1.8704056
2001-08-01,trentino_alto_adigesudtirol,46.44681616259015,11.297741037372582,577.93225,76.83445,209.21611,15.0913315,21.134283,9.4015045,1.681027
2001-09-01,trentino_alto_adigesudtirol,46.44681616259015,11.297741037372582,617.4,79.68109,131.74171,6.8609543,12.197711,2.1020305,1.8326094
2001-10-01,trentino_alto_adigesudtirol,46.44681616259015,11.297741037372582,195.56131,78.0406,110.61666,8.983026,14.333763,4.103598,1.1774985
2001-11-01,trentino_alto_adigesudtirol,46.44681616259015,11.297741037372582,183.05002,72.97212,64.882,0.36225972,5.4637876,-3.90928,1.7060163
2001-12-01,trentino_alto_adigesudtirol,46.44681616259015,11.297741037372582,41.419357,66.51354,50.261036,-5.231234,-0.27560058,-9.1706705,1.8194417
2002-01-01,trentino_alto_adigesudtirol,46.44681616259015,11.297741037372582,44.3129,58.729248,60.64912,-2.1771936,3.5188677,-6.978442,1.3459866
2002-02-01,trentino_alto_adigesudtirol,46.44681616259015,11.297741037372582,322.38928,73.37464,84.63935,-0.06873359,5.2689195,-5.025662,1.4691585
2002-03-01,trentino_alto_adigesudtirol,46.44681616259015,11.297741037372582,274.15485,67.95067,158.33803,2.0189552,8.177698,-3.3571398,1.6983217
2002-04-01,trentino_alto_adigesudtirol,46.44681616259015,11.297741037372582,476.5867,78.04011,171.72577,3.0617096,8.451524,-1.6432167,1.7032986
2002-05-01,trentino_alto_adigesudtirol,46.44681616259015,11.297741037372582,1131.7225,79.92329,193.42589,8.297598,13.798894,3.528943,1.501047
2002-06-01,trentino_alto_adigesudtirol,46.44681616259015,11.297741037372582,653.7633,76.43962,241.39961,13.679192,19.78779,7.8760095,1.5440102
2002-07-01,trentino_alto_adigesudtirol,46.44681616259015,11.297741037372582,623.2549,80.40142,217.59035,13.882854,19.582756,8.489388,1.5410469
2002-08-01,trentino_alto_adigesudtirol,46.44681616259015,11.297741037372582,727.83875,81.6992,185.89948,13.089715,18.458853,7.867626,1.4417474
2002-09-01,trentino_alto_adigesudtirol,46.44681616259015,11.297741037372582,467.2,82.565636,139.99161,8.626725,13.672801,3.76918,1.2905031
2002-10-01,trentino_alto_adigesudtirol,46.44681616259015,11.297741037372582,324.1871,78.144424,101.39817,6.052226,10.688848,1.1538552,1.3075539
2002-11-01,trentino_alto_adigesudtirol,46.44681616259015,11.297741037372582,1778.5801,84.16304,47.186302,2.1654518,5.5886583,-1.3429303,1.4754764
2002-12-01,trentino_alto_adigesudtirol,46.44681616259015,11.297741037372582,200.44194,85.32525,38.71304,-1.5620048,2.2109597,-4.725391,1.16962
2003-01-01,trentino_alto_adigesudtirol,46.44681616259015,11.297741037372582,156.17096,74.80742,58.138527,-3.8763566,1.1017061,-8.57605,1.4727072
2003-02-01,trentino_alto_adigesudtirol,46.44681616259015,11.297741037372582,22.792858,61.12661,112.2684,-5.107465,1.0968778,-10.6941805,1.3866322
2003-03-01,trentino_alto_adigesudtirol,46.44681616259015,11.297741037372582,21.664516,62.96939,170.95923,2.2642608,8.601998,-3.6970634,1.3990341
2003-04-01,trentino_alto_adigesudtirol,46.44681616259015,11.297741037372582,219.22333,73.87959,192.21329,3.0537772,9.073666,-2.4241042,1.899951
2003-05-01,trentino_alto_adigesudtirol,46.44681616259015,11.297741037372582,444.71936,70.32925,228.78307,10.293463,16.59782,4.334168,1.5019711
2003-06-01,trentino_alto_adigesudtirol,46.44681616259015,11.297741037372582,502.78665,72.51493,256.09302,15.89457,22.549711,9.989478,1.3089018
2003-07-01,trentino_alto_adigesudtirol,46.44681616259015,11.297741037372582,526.6742,73.05501,241.57846,15.170157,21.53985,8.981653,1.5233405
2003-08-01,trentino_alto_adigesudtirol,46.44681616259015,11.297741037372582,406.25165,67.87197,216.11398,17.244059,24.05253,11.1218605,1.3036474
2003-09-01,trentino_alto_adigesudtirol,46.44681616259015,11.297741037372582,141.90668,71.26046,164.59183,9.900143,15.854566,4.486824,1.4052229
2003-10-01,trentino_alto_adigesudtirol,46.44681616259015,11.297741037372582,637.8742,78.864,99.99288,3.0205004,8.054039,-1.8671223,1.3629566
2003-11-01,trentino_alto_adigesudtirol,46.44681616259015,11.297741037372582,791.3833,80.10761,58.27648,2.103589,6.459466,-1.8076462,1.1996175
2003-12-01,trentino_alto_adigesudtirol,46.44681616259015,11.297741037372582,280.73224,69.82733,46.283592,-1.7361982,2.692822,-5.8353314,1.694987
2004-01-01,trentino_alto_adigesudtirol,46.44681616259015,11.297741037372582,124.283875,74.027466,56.147034,-4.8803644,-0.0031920825,-9.503568,1.6104175
2004-02-01,trentino_alto_adigesudtirol,46.44681616259015,11.297741037372582,345.12415,69.33197,85.09985,-1.8712312,3.2968266,-6.9900756,1.6545272
2004-03-01,trentino_alto_adigesudtirol,46.44681616259015,11.297741037372582,327.9097,72.565865,146.02037,-0.25425097,5.4169517,-5.3488655,1.5303938
2004-04-01,trentino_alto_adigesudtirol,46.44681616259015,11.297741037372582,301.09332,76.74063,172.94623,3.8522313,9.174834,-1.3910224,1.4301329
2004-05-01,trentino_alto_adigesudtirol,46.44681616259015,11.297741037372582,566.55164,73.90318,217.57314,6.64831,12.353403,0.85429645,1.4742688
2004-06-01,trentino_alto_adigesudtirol,46.44681616259015,11.297741037372582,450.18335,73.1648,228.64171,11.910249,18.226532,5.998697,1.5402453
2004-07-01,trentino_alto_adigesudtirol,46.44681616259015,11.297741037372582,517.31934,75.99627,220.01366,13.494481,19.489222,7.752246,1.4890738
2004-08-01,trentino_alto_adigesudtirol,46.44681616259015,11.297741037372582,361.3742,76.09303,192.22798,14.294636,19.832077,8.62352,1.5103205
2004-09-01,trentino_alto_adigesudtirol,46.44681616259015,11.297741037372582,306.31,76.66637,160.77199,10.825742,16.561903,5.289086,1.282413
2004-10-01,trentino_alto_adigesudtirol,46.44681616259015,11.297741037372582,699.1161,85.11322,86.37641,7.3851213,11.345628,3.6748724,1.138581
2004-11-01,trentino_alto_adigesudtirol,46.44681616259015,11.297741037372582,394.74,67.54893,59.022083,1.2651983,6.04264,-2.9453027,1.5997524
2004-12-01,trentino_alto_adigesudtirol,46.44681616259015,11.297741037372582,249.79355,66.19051,46.685135,-1.3926123,2.91793,-5.433855,1.1156639
2005-01-01,trentino_alto_adigesudtirol,46.44681616259015,11.297741037372582,69.88387,57.261,59.827034,-3.8125768,1.7231504,-8.442653,1.5926598
2005-02-01,trentino_alto_adigesudtirol,46.44681616259015,11.297741037372582,69.38214,64.70555,98.54667,-6.0513825,-0.846915,-10.987158,1.5229447
2005-03-01,trentino_alto_adigesudtirol,46.44681616259015,11.297741037372582,115.53226,66.458755,154.10173,0.21969932,6.413291,-5.4862103,1.3740114
2005-04-01,trentino_alto_adigesudtirol,46.44681616259015,11.297741037372582,437.52335,74.786964,176.29367,3.7752576,9.416348,-1.4834704,1.4792352
2005-05-01,trentino_alto_adigesudtirol,46.44681616259015,11.297741037372582,391.08386,71.60451,229.88402,9.304026,15.494259,3.5888739,1.5979477
2005-06-01,trentino_alto_adigesudtirol,46.44681616259015,11.297741037372582,329.31335,71.07517,239.23517,12.888699,19.250235,7.184282,1.5813966
2005-07-01,trentino_alto_adigesudtirol,46.44681616259015,11.297741037372582,591.77747,73.17608,223.35841,13.819504,20.216576,7.8039474,1.5876727
2005-08-01,trentino_alto_adigesudtirol,46.44681616259015,11.297741037372582,657.2742,78.54248,178.08253,11.872962,17.810337,6.8267207,1.4634038
2005-09-01,trentino_alto_adigesudtirol,46.44681616259015,11.297741037372582,495.46667,83.33899,148.99039,10.566697,15.776415,5.82737,1.1810163
2005-10-01,trentino_alto_adigesudtirol,46.44681616259015,11.297741037372582,627.93225,78.682976,98.775185,7.0647182,12.062875,2.4901779,1.0091847
2005-11-01,trentino_alto_adigesudtirol,46.44681616259015,11.297741037372582,248.50668,74.49985,63.851532,-0.05019023,5.0327544,-4.2900877,1.0882924
2005-12-01,trentino_alto_adigesudtirol,46.44681616259015,11.297741037372582,255.53548,75.06794,46.81358,-5.26447,-0.5846328,-9.288351,1.1777796
2006-01-01,trentino_alto_adigesudtirol,46.44681616259015,11.297741037372582,145.60323,70.439545,59.56184,-4.687601,0.6665287,-8.993099,1.0757985
2006-02-01,trentino_alto_adigesudtirol,46.44681616259015,11.297741037372582,275.0,74.259636,88.16017,-3.4929206,1.37844,-8.287067,1.1440709
2006-03-01,trentino_alto_adigesudtirol,46.44681616259015,11.297741037372582,288.47095,74.01416,143.58083,-1.4936355,4.728157,-6.8915596,1.5023115
2006-04-01,trentino_alto_adigesudtirol,46.44681616259015,11.297741037372582,408.68668,75.25571,176.4137,4.283822,9.887985,-1.233726,1.3798772
2006-05-01,trentino_alto_adigesudtirol,46.44681616259015,11.297741037372582,425.43225,75.9509,197.96893,8.217077,14.162002,2.733594,1.4293964
2006-06-01,trentino_alto_adigesudtirol,46.44681616259015,11.297741037372582,332.93002,67.13025,249.59938,12.655998,19.409851,6.672206,1.631683
2006-07-01,trentino_alto_adigesudtirol,46.44681616259015,11.297741037372582,547.7323,72.6148,246.71582,16.523159,23.084707,10.639032,1.3633822
2006-08-01,trentino_alto_adigesudtirol,46.44681616259015,11.297741037372582,888.9388,77.971695,167.25925,10.70155,15.982622,5.8687334,1.4945518
2006-09-01,trentino_alto_adigesudtirol,46.44681616259015,11.297741037372582,376.55002,77.22946,166.3867,12.627877,18.340738,7.1322165,1.1080695
2006-10-01,trentino_alto_adigesudtirol,46.44681616259015,11.297741037372582,288.7,77.99215,103.93074,8.380512,13.649582,3.009141,1.1398377
2006-11-01,trentino_alto_adigesudtirol,46.44681616259015,11.297741037372582,96.71001,70.768814,63.043964,2.8668077,8.151063,-1.9680307,1.2832638
2006-12-01,trentino_alto_adigesudtirol,46.44681616259015,11.297741037372582,322.57742,72.54262,48.443897,0.111539595,4.536335,-3.7318463,1.1197625
2007-01-01,trentino_alto_adigesudtirol,46.44681616259015,11.297741037372582,292.771,73.80837,54.94736,0.2865585,5.180772,-4.8090124,1.421409
2007-02-01,trentino_alto_adigesudtirol,46.44681616259015,11.297741037372582,154.42143,71.334145,94.224144,0.4247065,5.707125,-4.735403,1.3665272
2007-03-01,trentino_alto_adigesudtirol,46.44681616259015,11.297741037372582,374.5161,69.99714,145.89473,1.6587433,7.0597005,-4.102034,1.6147575
2007-04-01,trentino_alto_adigesudtirol,46.44681616259015,11.297741037372582,93.42333,68.77642,230.2229,8.454128,14.801464,1.8540082,1.5562882
2007-05-01,trentino_alto_adigesudtirol,46.44681616259015,11.297741037372582,616.1935,73.95709,210.59332,9.760513,15.628119,3.930473,1.8664515
2007-06-01,trentino_alto_adigesudtirol,46.44681616259015,11.297741037372582,659.64,80.05277,207.728,12.839747,18.41433,7.300332,1.7040143
2007-07-01,trentino_alto_adigesudtirol,46.44681616259015,11.297741037372582,499.08713,69.1117,243.89015,14.26969,20.742638,7.6964016,1.8555452
2007-08-01,trentino_alto_adigesudtirol,46.44681616259015,11.297741037372582,962.77747,80.893,182.73204,13.133332,18.836678,7.4734097,1.5242805
2007-09-01,trentino_alto_adigesudtirol,46.44681616259015,11.297741037372582,440.19,76.59262,169.17444,8.658037,14.338625,2.8300347,1.7236995
2007-10-01,trentino_alto_adigesudtirol,46.44681616259015,11.297741037372582,138.95483,76.9323,112.12943,5.9823117,11.331907,0.5243183,1.662913
2007-11-01,trentino_alto_adigesudtirol,46.44681616259015,11.297741037372582,510.06665,69.069115,66.72167,-0.22960733,4.6022778,-4.405638,1.7924211
2007-12-01,trentino_alto_adigesudtirol,46.44681616259015,11.297741037372582,38.725807,64.41803,50.73362,-2.5785334,2.2448645,-6.4301047,1.458484
2008-01-01,trentino_alto_adigesudtirol,46.44681616259015,11.297741037372582,340.1742,75.114746,51.229168,-1.3078587,3.4064436,-5.3321652,1.4363883
2008-02-01,trentino_alto_adigesudtirol,46.44681616259015,11.297741037372582,98.489655,65.040474,107.4174,-0.3146477,6.296586,-5.5274124,1.4417241
2008-03-01,trentino_alto_adigesudtirol,46.44681616259015,11.297741037372582,244.8355,71.72731,139.46666,-0.16862066,5.625068,-5.5016484,1.9150503
2008-04-01,trentino_alto_adigesudtirol,46.44681616259015,11.297741037372582,740.8933,77.15912,166.74028,3.0264764,7.8757415,-1.9450694,1.7123681
2008-05-01,trentino_alto_adigesudtirol,46.44681616259015,11.297741037372582,644.1193,74.6566,215.30415,9.2897005,14.817887,3.811061,1.7089095
2008-06-01,trentino_alto_adigesudtirol,46.44681616259015,11.297741037372582,759.17004,80.1868,211.5777,12.978339,18.295244,7.5881166,1.4896114
2008-07-01,trentino_alto_adigesudtirol,46.44681616259015,11.297741037372582,884.29034,77.80917,218.6321,13.840526,19.506844,8.064831,1.873388
2008-08-01,trentino_alto_adigesudtirol,46.44681616259015,11.297741037372582,502.27097,78.73736,205.61409,14.344958,20.099678,8.4486,1.5669286
2008-09-01,trentino_alto_adigesudtirol,46.44681616259015,11.297741037372582,465.21335,80.905205,144.48344,9.067803,14.175929,3.8709896,1.4901288
2008-10-01,trentino_alto_adigesudtirol,46.44681616259015,11.297741037372582,598.0355,80.455765,102.2161,7.134607,12.068233,1.8103323,1.3006808
2008-11-01,trentino_alto_adigesudtirol,46.44681616259015,11.297741037372582,841.57007,79.75698,56.60327,0.7135154,4.875683,-3.5668938,1.3761125
2008-12-01,trentino_alto_adigesudtirol,46.44681616259015,11.297741037372582,695.3613,79.4258,42.016033,-2.8253214,1.1774412,-6.4521995,1.6488857
2009-01-01,trentino_alto_adigesudtirol,46.44681616259015,11.297741037372582,323.2742,75.51381,55.946365,-4.176689,0.93438554,-8.418972,1.4209638
2009-02-01,trentino_alto_adigesudtirol,46.44681616259015,11.297741037372582,518.4071,74.40501,92.78988,-3.576882,1.8067877,-8.48439,2.029667
2009-03-01,trentino_alto_adigesudtirol,46.44681616259015,11.297741037372582,584.0129,70.10269,146.53235,-0.28934494,5.4392343,-5.2727485,2.161332
2009-04-01,trentino_alto_adigesudtirol,46.44681616259015,11.297741037372582,639.09,77.04408,179.60797,5.1672454,10.563879,-0.25542328,1.753182
2009-05-01,trentino_alto_adigesudtirol,46.44681616259015,11.297741037372582,130.45807,68.47796,235.60002,10.847421,17.075375,4.50643,1.8901029
2009-06-01,trentino_alto_adigesudtirol,46.44681616259015,11.297741037372582,612.25,72.67335,209.49161,11.919421,17.931143,5.9337754,1.8946993
2009-07-01,trentino_alto_adigesudtirol,46.44681616259015,11.297741037372582,742.37744,75.320885,225.73639,14.379117,20.717222,8.0503025,1.7943854
2009-08-01,trentino_alto_adigesudtirol,46.44681616259015,11.297741037372582,492.2387,74.18503,212.51138,15.939408,22.041832,9.747736,1.6200098
2009-09-01,trentino_alto_adigesudtirol,46.44681616259015,11.297741037372582,527.48663,77.27323,155.63742,11.586431,16.941326,6.2179875,1.4111513
2009-10-01,trentino_alto_adigesudtirol,46.44681616259015,11.297741037372582,262.69678,72.48057,110.460915,5.679849,11.154933,0.5148308,1.6703682
2009-11-01,trentino_alto_adigesudtirol,46.44681616259015,11.297741037372582,559.33,78.6812,57.121883,2.26891,6.6791797,-1.9719815,1.3639345
2009-12-01,trentino_alto_adigesudtirol,46.44681616259015,11.297741037372582,701.3291,75.91134,40.53988,-4.3874745,-0.16851966,-8.095183,1.5850446
2010-01-01,trentino_alto_adigesudtirol,46.44681616259015,11.297741037372582,127.91614,71.32652,54.32357,-5.1745377,-0.66223633,-9.184664,1.413481
2010-02-01,trentino_alto_adigesudtirol,46.44681616259015,11.297741037372582,319.58572,73.58991,87.59641,-3.5534859,1.5502782,-7.963527,1.5533545
2010-03-01,trentino_alto_adigesudtirol,46.44681616259015,11.297741037372582,285.8387,69.10492,143.23193,-0.39834556,4.9285774,-5.527326,1.7936473
2010-04-01,trentino_alto_adigesudtirol,46.44681616259015,11.297741037372582,223.57333,67.96372,204.22186,4.6754274,10.584039,-0.850225,1.7040001
2010-05-01,trentino_alto_adigesudtirol,46.44681616259015,11.297741037372582,780.44196,75.1218,184.24678,7.5943956,12.018051,3.2841482,1.9758343
2010-06-01,trentino_alto_adigesudtirol,46.44681616259015,11.297741037372582,541.0933,72.43066,220.39326,12.624459,18.019228,7.6115093,1.8530775
2010-07-01,trentino_alto_adigesudtirol,46.44681616259015,11.297741037372582,524.8064,70.28098,234.58342,16.115105,22.170574,10.529166,1.8693192
2010-08-01,trentino_alto_adigesudtirol,46.44681616259015,11.297741037372582,1008.2,79.47686,179.47595,13.455309,18.659105,8.440018,1.7379436
2010-09-01,trentino_alto_adigesudtirol,46.44681616259015,11.297741037372582,762.0,79.104225,149.10634,9.460919,14.320573,4.810286,1.4727688
2010-10-01,trentino_alto_adigesudtirol,46.44681616259015,11.297741037372582,641.27747,78.94815,101.07678,4.866857,9.252395,0.5625272,1.4692262
2010-11-01,trentino_alto_adigesudtirol,46.44681616259015,11.297741037372582,1042.4934,83.458565,51.425354,0.72977906,4.14999,-2.972867,1.4379549
2010-12-01,trentino_alto_adigesudtirol,46.44681616259015,11.297741037372582,636.2484,75.7432,38.79695,-4.9237103,-1.0812665,-8.879351,1.7943834
2011-01-01,trentino_alto_adigesudtirol,46.44681616259015,11.297741037372582,99.174194,68.09181,57.398575,-3.048106,1.4259825,-7.1000724,1.4683691
2011-02-01,trentino_alto_adigesudtirol,46.44681616259015,11.297741037372582,160.08215,62.00294,98.730064,-0.336411,5.03014,-4.788683,1.6181113
2011-03-01,trentino_alto_adigesudtirol,46.44681616259015,11.297741037372582,332.50647,67.27817,156.68633,1.8380485,7.558598,-3.4926476,1.9098792
2011-04-01,trentino_alto_adigesudtirol,46.44681616259015,11.297741037372582,127.21333,63.13761,216.05972,7.155747,13.080671,1.0848752,1.9308895
2011-05-01,trentino_alto_adigesudtirol,46.44681616259015,11.297741037372582,489.0355,67.278885,238.24957,10.262168,16.468145,4.143697,1.9559389
2011-06-01,trentino_alto_adigesudtirol,46.44681616259015,11.297741037372582,980.32666,79.285034,192.31288,12.512433,17.454197,7.4896894,1.6873639
2011-07-01,trentino_alto_adigesudtirol,46.44681616259015,11.297741037372582,648.16455,73.190636,204.17595,13.110454,18.31656,7.7494636,1.8671006
2011-08-01,trentino_alto_adigesudtirol,46.44681616259015,11.297741037372582,450.83868,71.55924,212.47517,15.7831135,21.37296,10.00391,1.6927745
2011-09-01,trentino_alto_adigesudtirol,46.44681616259015,11.297741037372582,756.12335,76.532616,163.78282,13.237993,18.722513,7.812867,1.6215276
2011-10-01,trentino_alto_adigesudtirol,46.44681616259015,11.297741037372582,497.80646,71.07186,120.420746,6.5909853,11.828758,1.5717019,1.6740214
2011-11-01,trentino_alto_adigesudtirol,46.44681616259015,11.297741037372582,314.22003,64.474014,64.52822,3.8457956,8.381859,-0.0802679,1.2236174
2011-12-01,trentino_alto_adigesudtirol,46.44681616259015,11.297741037372582,171.56775,72.550995,38.067684,-1.3013792,2.7983708,-4.995363,1.4825727
2012-01-01,trentino_alto_adigesudtirol,46.44681616259015,11.297741037372582,192.6742,64.88221,56.023354,-2.7606153,2.0116782,-6.8563323,1.8021591
2012-02-01,trentino_alto_adigesudtirol,46.44681616259015,11.297741037372582,48.834484,65.318985,95.891685,-5.099725,0.71371067,-9.599489,1.8139899
2012-03-01,trentino_alto_adigesudtirol,46.44681616259015,11.297741037372582,153.11292,60.494343,168.46983,4.4460816,10.5072565,-1.1480546,1.7707953
2012-04-01,trentino_alto_adigesudtirol,46.44681616259015,11.297741037372582,712.45,76.05592,173.3779,4.125814,9.065588,-0.8832371,1.7457751
2012-05-01,trentino_alto_adigesudtirol,46.44681616259015,11.297741037372582,474.72256,70.10939,224.45734,9.290227,15.07367,3.499509,1.8417138
2012-06-01,trentino_alto_adigesudtirol,46.44681616259015,11.297741037372582,551.0867,74.975746,221.87874,14.078065,19.409168,8.754205,1.7256174
2012-07-01,trentino_alto_adigesudtirol,46.44681616259015,11.297741037372582,825.06775,75.39259,217.2834,15.096417,20.49213,9.764433,1.7752465
2012-08-01,trentino_alto_adigesudtirol,46.44681616259015,11.297741037372582,664.1387,73.19744,215.20502,16.21242,21.886988,10.695001,1.5712566
2012-09-01,trentino_alto_adigesudtirol,46.44681616259015,11.297741037372582,714.56,79.32343,145.10286,11.112969,15.981403,5.9865417,1.5092148
2012-10-01,trentino_alto_adigesudtirol,46.44681616259015,11.297741037372582,605.0161,80.6367,95.88957,7.0708194,11.563276,2.5574112,1.2622799
2012-11-01,trentino_alto_adigesudtirol,46.44681616259015,11.297741037372582,1120.9601,78.8999,54.169933,3.0339918,6.561748,-0.6571881,1.1936258
2012-12-01,trentino_alto_adigesudtirol,46.44681616259015,11.297741037372582,167.66452,74.23724,39.88324,-3.368304,0.4749752,-7.2276335,1.2999109
2013-01-01,trentino_alto_adigesudtirol,46.44681616259015,11.297741037372582,222.17743,74.11444,51.022762,-2.1721885,1.9950483,-5.9887886,1.437362
2013-02-01,trentino_alto_adigesudtirol,46.44681616259015,11.297741037372582,233.46785,75.22479,86.01161,-4.8982315,-0.0983721,-9.282631,1.5056682
2013-03-01,trentino_alto_adigesudtirol,46.44681616259015,11.297741037372582,490.5161,75.26197,125.90896,-0.47820306,4.102939,-4.9718027,1.5743874
2013-04-01,trentino_alto_adigesudtirol,46.44681616259015,11.297741037372582,615.5667,78.72621,172.33107,5.5196705,10.384877,0.7889161,1.5613251
2013-05-01,trentino_alto_adigesudtirol,46.44681616259015,11.297741037372582,979.2968,80.09404,180.37483,6.9333997,11.610998,2.366703,1.7381437
2013-06-01,trentino_alto_adigesudtirol,46.44681616259015,11.297741037372582,576.25,74.04769,231.33987,11.870384,17.242672,6.6008487,1.7295398
2013-07-01,trentino_alto_adigesudtirol,46.44681616259015,11.297741037372582,431.8968,72.71352,248.31566,15.938886,21.774097,10.277944,1.61112
2013-08-01,trentino_alto_adigesudtirol,46.44681616259015,11.297741037372582,570.813,71.96299,211.07716,15.145143,20.776525,9.671683,1.5581
2013-09-01,trentino_alto_adigesudtirol,46.44681616259015,11.297741037372582,456.94333,77.464714,156.05418,11.233502,16.284475,6.5364413,1.4564416
2013-10-01,trentino_alto_adigesudtirol,46.44681616259015,11.297741037372582,848.1194,85.14794,86.52008,7.4364133,11.034835,4.011015,1.267354
2013-11-01,trentino_alto_adigesudtirol,46.44681616259015,11.297741037372582,602.94,80.85821,51.687523,1.186593,5.0783577,-2.4411554,1.4529059
2013-12-01,trentino_alto_adigesudtirol,46.44681616259015,11.297741037372582,390.40643,64.98106,42.15001,0.18368895,4.2273498,-3.380974,1.3267127
2014-01-01,trentino_alto_adigesudtirol,46.44681616259015,11.297741037372582,825.21936,82.824425,43.699978,-0.99944186,2.3112705,-4.4896216,1.1983159
2014-02-01,trentino_alto_adigesudtirol,46.44681616259015,11.297741037372582,965.11426,86.95113,73.97041,0.36356702,3.4658914,-3.7801993,1.2602563
2014-03-01,trentino_alto_adigesudtirol,46.44681616259015,11.297741037372582,352.2903,67.27181,157.59766,3.192242,8.478781,-1.9965309,1.5910842
2014-04-01,trentino_alto_adigesudtirol,46.44681616259015,11.297741037372582,470.48666,72.001396,179.15297,6.0040545,11.105799,1.0230838,1.6345888
2014-05-01,trentino_alto_adigesudtirol,46.44681616259015,11.297741037372582,340.28387,72.61363,215.64297,8.055233,13.210166,2.8054464,1.9673203
2014-06-01,trentino_alto_adigesudtirol,46.44681616259015,11.297741037372582,629.93,73.59385,231.80737,12.725773,18.29863,7.174243,1.6995295
2014-07-01,trentino_alto_adigesudtirol,46.44681616259015,11.297741037372582,999.4065,81.9097,187.34355,13.61939,18.567863,8.850391,1.4416287
2014-08-01,trentino_alto_adigesudtirol,46.44681616259015,11.297741037372582,891.95483,85.32458,163.12843,12.475084,16.996458,8.129141,1.3651553
2014-09-01,trentino_alto_adigesudtirol,46.44681616259015,11.297741037372582,366.99332,82.59226,146.58876,11.065912,15.735804,6.583252,1.450597
2014-10-01,trentino_alto_adigesudtirol,46.44681616259015,11.297741037372582,417.36774,81.2463,99.4898,8.4347,12.560595,4.3438706,1.4467326
2014-11-01,trentino_alto_adigesudtirol,46.44681616259015,11.297741037372582,1378.5566,85.50317,49.035175,4.8380203,7.7355657,1.8899592,1.1365685
2014-12-01,trentino_alto_adigesudtirol,46.44681616259015,11.297741037372582,326.8871,73.40531,38.653076,-0.24213344,3.1977952,-3.6172333,1.3732555
2015-01-01,trentino_alto_adigesudtirol,46.44681616259015,11.297741037372582,281.56128,67.75933,53.789433,-1.6866337,2.6310647,-5.810263,1.5883871
2015-02-01,trentino_alto_adigesudtirol,46.44681616259015,11.297741037372582,237.56071,72.49115,88.87511,-1.9967967,2.8163145,-6.2160425,1.3837379
2015-03-01,trentino_alto_adigesudtirol,46.44681616259015,11.297741037372582,206.15805,68.66736,139.96913,1.7726912,6.7067122,-3.066325,1.7273599
2015-04-01,trentino_alto_adigesudtirol,46.44681616259015,11.297741037372582,159.23334,60.64939,208.62514,5.1112247,10.7725525,-0.54459715,1.9399385
2015-05-01,trentino_alto_adigesudtirol,46.44681616259015,11.297741037372582,665.38715,76.900665,191.62695,9.673374,14.769906,4.7731304,1.7225765
2015-06-01,trentino_alto_adigesudtirol,46.44681616259015,11.297741037372582,550.62335,75.50753,220.78345,13.447299,18.660643,8.344216,1.5977075
2015-07-01,trentino_alto_adigesudtirol,46.44681616259015,11.297741037372582,408.04193,71.63288,240.45557,17.905905,23.749334,12.13412,1.7562793
2015-08-01,trentino_alto_adigesudtirol,46.44681616259015,11.297741037372582,647.2226,76.31766,195.73244,15.818472,21.003763,10.862575,1.4255689
2015-09-01,trentino_alto_adigesudtirol,46.44681616259015,11.297741037372582,609.99664,81.236305,139.35684,9.670324,14.203403,5.101693,1.648327
2015-10-01,trentino_alto_adigesudtirol,46.44681616259015,11.297741037372582,645.0548,80.66662,92.757965,6.3725767,10.5419035,2.4873855,1.2034158
2015-11-01,trentino_alto_adigesudtirol,46.44681616259015,11.297741037372582,21.173334,59.218143,69.773415,4.744726,9.561239,0.10432926,1.3423803
2015-12-01,trentino_alto_adigesudtirol,46.44681616259015,11.297741037372582,5.1193542,58.2741,45.692856,2.5492163,7.025127,-1.5314012,1.1090282
2016-01-01,trentino_alto_adigesudtirol,46.44681616259015,11.297741037372582,241.46452,70.05395,52.064907,-2.1590242,1.9651493,-6.0925584,1.2855511
2016-02-01,trentino_alto_adigesudtirol,46.44681616259015,11.297741037372582,526.91034,77.80549,76.368095,-0.4875756,3.5796826,-4.4455085,1.4589782
2016-03-01,trentino_alto_adigesudtirol,46.44681616259015,11.297741037372582,313.82257,72.35133,146.50108,0.70734215,5.834039,-3.760517,1.6404809
2016-04-01,trentino_alto_adigesudtirol,46.44681616259015,11.297741037372582,443.7367,73.94176,177.82985,5.5078115,10.179397,0.951364,1.7555234
2016-05-01,trentino_alto_adigesudtirol,46.44681616259015,11.297741037372582,711.06775,76.33909,182.60913,7.8175416,12.738211,3.2261326,1.6059607
2016-06-01,trentino_alto_adigesudtirol,46.44681616259015,11.297741037372582,907.72,81.77774,200.36319,12.510081,17.46351,7.714445,1.4230736
2016-07-01,trentino_alto_adigesudtirol,46.44681616259015,11.297741037372582,737.9968,77.327286,207.41086,15.454614,20.64664,10.41421,1.5711775
2016-08-01,trentino_alto_adigesudtirol,46.44681616259015,11.297741037372582,721.27094,77.69053,207.32458,14.613596,20.01348,9.384777,1.4640213
2016-09-01,trentino_alto_adigesudtirol,46.44681616259015,11.297741037372582,285.76334,78.46545,142.95746,12.729703,17.597666,8.012268,1.3326093
2016-10-01,trentino_alto_adigesudtirol,46.44681616259015,11.297741037372582,449.73547,80.912415,91.9339,5.641383,9.720089,1.6911519,1.2329587
2016-11-01,trentino_alto_adigesudtirol,46.44681616259015,11.297741037372582,420.38336,79.65855,52.091,1.541587,4.9651446,-1.928055,1.1838506
2016-12-01,trentino_alto_adigesudtirol,46.44681616259015,11.297741037372582,1.7645161,54.709343,47.66515,1.2383752,5.538809,-2.875466,1.3200455
2017-01-01,trentino_alto_adigesudtirol,46.44681616259015,11.297741037372582,44.003223,59.64005,60.794575,-4.8805523,-0.26591736,-9.281607,1.4132811
2017-02-01,trentino_alto_adigesudtirol,46.44681616259015,11.297741037372582,276.90356,74.14986,84.95772,-0.15488382,4.237984,-4.159152,1.19429
2017-03-01,trentino_alto_adigesudtirol,46.44681616259015,11.297741037372582,231.07419,66.12971,157.27151,3.8083773,9.281625,-1.005842,1.6296495
2017-04-01,trentino_alto_adigesudtirol,46.44681616259015,11.297741037372582,415.84003,66.939766,194.83456,4.452489,9.954072,-0.7731861,1.8677526
2017-05-01,trentino_alto_adigesudtirol,46.44681616259015,11.297741037372582,470.3613,74.25392,216.1599,9.34333,14.985113,4.174728,1.6076171
2017-06-01,trentino_alto_adigesudtirol,46.44681616259015,11.297741037372582,790.6333,72.40919,232.13332,14.597808,20.460997,8.877811,1.6714967
2017-07-01,trentino_alto_adigesudtirol,46.44681616259015,11.297741037372582,579.9839,74.24192,228.51395,14.88444,20.62068,9.329632,1.5818485
2017-08-01,trentino_alto_adigesudtirol,46.44681616259015,11.297741037372582,657.25165,74.41142,208.53117,15.864243,21.464766,10.112662,1.4976707
2017-09-01,trentino_alto_adigesudtirol,46.44681616259015,11.297741037372582,746.11334,84.27399,126.370544,8.290864,12.709003,3.9515133,1.3374355
2017-10-01,trentino_alto_adigesudtirol,46.44681616259015,11.297741037372582,104.45485,64.52419,115.8682,7.7822595,12.9645815,2.6662538,1.4237067
2017-11-01,trentino_alto_adigesudtirol,46.44681616259015,11.297741037372582,470.56665,75.645164,57.752144,0.45374227,4.401511,-3.3909671,1.2503577
2017-12-01,trentino_alto_adigesudtirol,46.44681616259015,11.297741037372582,498.96777,72.30017,41.487827,-3.660928,0.8244568,-7.6043634,1.3678468
2018-01-01,trentino_alto_adigesudtirol,46.44681616259015,11.297741037372582,309.3968,78.19428,52.921825,-1.3060082,2.6583474,-5.044126,1.2337086
2018-02-01,trentino_alto_adigesudtirol,46.44681616259015,11.297741037372582,124.36429,77.43975,82.984886,-4.730841,-0.4313869,-9.349286,1.42296
2018-03-01,trentino_alto_adigesudtirol,46.44681616259015,11.297741037372582,477.5871,79.22969,119.89273,-0.5673125,3.7716086,-4.740768,1.5024995
2018-04-01,trentino_alto_adigesudtirol,46.44681616259015,11.297741037372582,468.99335,71.50265,204.0276,7.217384,12.343582,2.1196196,1.6341392
2018-05-01,trentino_alto_adigesudtirol,46.44681616259015,11.297741037372582,763.8871,83.01416,183.82208,10.232573,14.870286,5.722143,1.3907204
2018-06-01,trentino_alto_adigesudtirol,46.44681616259015,11.297741037372582,418.88,74.1949,232.34312,13.863084,19.017754,8.2409935,1.6590203
2018-07-01,trentino_alto_adigesudtirol,46.44681616259015,11.297741037372582,659.0774,75.51946,229.05939,15.912159,20.972273,10.432177,1.6230596
2018-08-01,trentino_alto_adigesudtirol,46.44681616259015,11.297741037372582,863.04517,77.78715,200.38017,16.2686,21.029366,10.71649,1.4776548
2018-09-01,trentino_alto_adigesudtirol,46.44681616259015,11.297741037372582,346.81335,77.76613,171.36197,13.033557,17.841566,7.6312757,1.3463476
2018-10-01,trentino_alto_adigesudtirol,46.44681616259015,11.297741037372582,1243.8936,76.45812,104.8868,8.35308,12.960695,3.7683454,1.5593331
2018-11-01,trentino_alto_adigesudtirol,46.44681616259015,11.297741037372582,385.47336,81.740486,50.71636,3.0059855,5.970417,-0.18689576,1.0978998
2018-12-01,trentino_alto_adigesudtirol,46.44681616259015,11.297741037372582,130.13872,67.886635,43.803284,-1.1563408,2.9516783,-4.9335957,1.3777776
2019-01-01,trentino_alto_adigesudtirol,46.44681616259015,11.297741037372582,122.496765,67.3171,56.678406,-4.106469,-0.097007796,-8.118198,1.8350387
2019-02-01,trentino_alto_adigesudtirol,46.44681616259015,11.297741037372582,373.375,59.61159,108.95224,0.95247364,6.2983217,-3.9552014,1.4933195
2019-03-01,trentino_alto_adigesudtirol,46.44681616259015,11.297741037372582,165.3613,59.110302,168.64575,2.4380941,8.03272,-3.0429726,1.7690046
2019-04-01,trentino_alto_adigesudtirol,46.44681616259015,11.297741037372582,947.1567,77.63067,165.87648,4.5602374,9.033829,0.3701799,1.6042802
2019-05-01,trentino_alto_adigesudtirol,46.44681616259015,11.297741037372582,846.35156,78.838165,176.32614,5.8604827,10.377757,1.4689155,1.7128874
2019-06-01,trentino_alto_adigesudtirol,46.44681616259015,11.297741037372582,297.28,67.637184,237.19733,16.14101,21.747337,10.141281,1.6722311
2019-07-01,trentino_alto_adigesudtirol,46.44681616259015,11.297741037372582,670.01294,74.7136,219.73541,16.048244,21.408888,10.454738,1.5612783
2019-08-01,trentino_alto_adigesudtirol,46.44681616259015,11.297741037372582,558.5968,80.62357,192.8971,15.715284,20.298407,10.677007,1.4194399
2019-09-01,trentino_alto_adigesudtirol,46.44681616259015,11.297741037372582,498.38,80.092514,158.02986,11.646415,16.270222,6.7471595,1.3622249
2019-10-01,trentino_alto_adigesudtirol,46.44681616259015,11.297741037372582,443.4452,80.744484,99.348305,8.375049,12.285794,4.387386,1.3243142
2019-11-01,trentino_alto_adigesudtirol,46.44681616259015,11.297741037372582,1719.7,88.92055,44.270348,1.2047483,3.8614438,-1.7416339,1.169278
2019-12-01,trentino_alto_adigesudtirol,46.44681616259015,11.297741037372582,349.60004,72.34153,40.624184,-0.42343757,3.242624,-4.028739,1.3769207
2020-01-01,trentino_alto_adigesudtirol,46.44681616259015,11.297741037372582,36.170967,61.308865,59.57569,-0.6861191,3.9283533,-4.943566,1.2764674
2020-02-01,trentino_alto_adigesudtirol,46.44681616259015,11.297741037372582,56.327587,61.6669,98.94627,0.7021536,5.591557,-4.168432,1.7529447
2020-03-01,trentino_alto_adigesudtirol,46.44681616259015,11.297741037372582,386.87097,72.665695,139.95468,0.7875222,5.8041797,-4.215389,1.5298338
2020-04-01,trentino_alto_adigesudtirol,46.44681616259015,11.297741037372582,161.88667,61.49661,218.23701,6.6639814,12.479358,0.80044377,1.6350961
2020-05-01,trentino_alto_adigesudtirol,46.44681616259015,11.297741037372582,519.2387,71.43448,211.17474,9.456465,14.591571,4.213,1.8480724
2020-06-01,trentino_alto_adigesudtirol,46.44681616259015,11.297741037372582,794.41003,79.11702,194.93925,12.267873,17.038347,7.481579,1.6563822
2020-07-01,trentino_alto_adigesudtirol,46.44681616259015,11.297741037372582,634.0226,76.76535,220.86148,15.188039,20.617533,9.571514,1.648866
2020-08-01,trentino_alto_adigesudtirol,46.44681616259015,11.297741037372582,1368.5581,79.717735,187.32358,15.523976,20.50654,10.25263,1.5105125
2020-09-01,trentino_alto_adigesudtirol,46.44681616259015,11.297741037372582,452.14,81.31307,155.53784,11.992035,16.55631,7.1504087,1.3349304
2020-10-01,trentino_alto_adigesudtirol,46.44681616259015,11.297741037372582,1136.3678,81.77822,92.711655,5.3361545,9.348185,1.3017633,1.3968434
2020-11-01,trentino_alto_adigesudtirol,46.44681616259015,11.297741037372582,35.68667,69.16923,68.05419,4.132906,8.420386,-0.12279548,1.0992004
2020-12-01,trentino_alto_adigesudtirol,46.44681616259015,11.297741037372582,1174.6904,84.01927,32.091827,-2.2226183,0.8644488,-5.304704,1.1377538
2021-01-01,trentino_alto_adigesudtirol,46.44681616259015,11.297741037372582,449.17096,77.23649,46.012665,-5.009188,-1.0767446,-8.968201,1.2471086
2021-02-01,trentino_alto_adigesudtirol,46.44681616259015,11.297741037372582,201.02501,70.36618,100.895706,-0.2036262,4.6425676,-5.0063343,1.2529622
2021-03-01,trentino_alto_adigesudtirol,46.44681616259015,11.297741037372582,29.900002,61.514725,165.9998,0.7205699,6.042458,-4.7048883,1.647265
2021-04-01,trentino_alto_adigesudtirol,46.44681616259015,11.297741037372582,231.42667,68.251335,198.1133,2.401828,7.355617,-2.7643597,1.6706973
2021-05-01,trentino_alto_adigesudtirol,46.44681616259015,11.297741037372582,712.329,74.28394,206.70375,6.8268113,11.653541,1.9001068,1.8558658
2021-06-01,trentino_alto_adigesudtirol,46.44681616259015,11.297741037372582,343.80334,71.592735,251.3133,15.083965,20.391878,9.329578,1.6361574
2021-07-01,trentino_alto_adigesudtirol,46.44681616259015,11.297741037372582,1034.5807,78.42496,208.45816,14.944271,19.913015,9.646554,1.5584959
2021-08-01,trentino_alto_adigesudtirol,46.44681616259015,11.297741037372582,717.45166,79.08747,196.89394,13.952645,18.778278,8.83325,1.4606887
2021-09-01,trentino_alto_adigesudtirol,46.44681616259015,11.297741037372582,317.04,78.32323,167.39407,12.480391,17.260752,7.443526,1.2375869
2021-10-01,trentino_alto_adigesudtirol,46.44681616259015,11.297741037372582,362.42584,71.38244,108.43182,6.578029,11.045945,1.8962616,1.3858044
2021-11-01,trentino_alto_adigesudtirol,46.44681616259015,11.297741037372582,791.7833,80.04831,53.74499,2.0242841,5.714266,-1.5768957,1.1748466
2021-12-01,trentino_alto_adigesudtirol,46.44681616259015,11.297741037372582,134.00967,71.56661,41.16307,-0.97671086,2.9838452,-4.771199,1.3033841
2022-01-01,trentino_alto_adigesudtirol,46.44681616259015,11.297741037372582,83.94194,56.207554,62.08529,-1.0277617,4.095733,-5.167447,1.6508589
2022-02-01,trentino_alto_adigesudtirol,46.44681616259015,11.297741037372582,166.01428,60.223248,98.449165,-0.7764965,4.9044504,-5.247342,1.738074
2022-03-01,trentino_alto_adigesudtirol,46.44681616259015,11.297741037372582,31.564516,58.399307,147.12587,0.9340392,7.0584874,-4.036558,1.3801029
2022-04-01,trentino_alto_adigesudtirol,46.44681616259015,11.297741037372582,404.75,71.41955,171.06216,4.086315,9.695145,-1.1286441,1.6557935
2022-05-01,trentino_alto_adigesudtirol,46.44681616259015,11.297741037372582,442.1742,79.8846,214.11874,11.002283,16.462627,6.189304,1.460465
2022-06-01,trentino_alto_adigesudtirol,46.44681616259015,11.297741037372582,595.3467,74.722946,247.67259,15.242206,21.209059,9.67492,1.6496133
2022-07-01,trentino_alto_adigesudtirol,46.44681616259015,11.297741037372582,513.10645,69.43521,261.59293,17.003073,23.182123,11.3646755,1.7062043
2022-08-01,trentino_alto_adigesudtirol,46.44681616259015,11.297741037372582,621.1419,75.71156,219.05482,15.646619,21.293411,10.485915,1.5031446
2022-09-01,trentino_alto_adigesudtirol,46.44681616259015,11.297741037372582,505.5,80.11926,150.81166,9.794525,14.83583,5.503546,1.4521738
2022-10-01,trentino_alto_adigesudtirol,46.44681616259015,11.297741037372582,327.03226,75.673035,110.47971,9.933947,15.0854645,5.653251,1.2294102
2022-11-01,trentino_alto_adigesudtirol,46.44681616259015,11.297741037372582,336.99,76.08339,60.1,2.2935417,6.428434,-1.3026319,1.2329099
2022-12-01,trentino_alto_adigesudtirol,46.44681616259015,11.297741037372582,307.0645,80.83729,37.67069,-1.3639838,2.5571818,-4.824239,1.1321828
2023-01-01,trentino_alto_adigesudtirol,46.44681616259015,11.297741037372582,164.72903,73.17013,50.08827,-2.3437977,2.0069463,-5.8144803,1.4187968
2023-02-01,trentino_alto_adigesudtirol,46.44681616259015,11.297741037372582,47.089287,60.983597,104.857796,-0.26514474,5.4540687,-4.6306767,1.6422569
2023-03-01,trentino_alto_adigesudtirol,46.44681616259015,11.297741037372582,166.46451,69.5311,144.01346,2.2202396,7.667813,-2.173762,1.762351
2023-04-01,trentino_alto_adigesudtirol,46.44681616259015,11.297741037372582,357.85666,69.957184,187.21022,3.0768795,8.61399,-1.2107117,1.7094847
2023-05-01,trentino_alto_adigesudtirol,46.44681616259015,11.297741037372582,914.571,80.01015,185.83752,8.693721,13.648388,4.85581,1.5412844
2023-06-01,trentino_alto_adigesudtirol,46.44681616259015,11.297741037372582,509.33667,73.96383,239.59303,13.840999,19.563826,9.013698,1.6674887
2023-07-01,trentino_alto_adigesudtirol,46.44681616259015,11.297741037372582,1004.5774,78.45938,229.43697,15.581207,21.174885,10.581419,1.6695349
2023-08-01,trentino_alto_adigesudtirol,46.44681616259015,11.297741037372582,826.70325,75.268394,199.91847,15.434697,21.158722,10.811672,1.6375953
2023-09-01,trentino_alto_adigesudtirol,46.44681616259015,11.297741037372582,387.76666,77.49964,173.35727,13.557657,19.082872,9.058051,1.398957
2023-10-01,trentino_alto_adigesudtirol,46.44681616259015,11.297741037372582,1040.1292,75.93847,102.099945,9.54771,14.155967,5.5864353,1.3492696
2023-11-01,trentino_alto_adigesudtirol,46.44681616259015,11.297741037372582,631.4066,73.31026,60.82802,0.6774112,5.2904987,-2.8878589,1.511137
2023-12-01,trentino_alto_adigesudtirol,46.44681616259015,11.297741037372582,487.5871,71.55434,40.570152,0.053839326,4.3093214,-3.1679955,1.4083871
2024-01-01,trentino_alto_adigesudtirol,46.44681616259015,11.297741037372582,261.92584,67.77551,56.6982,-1.4176568,3.1897228,-4.906749,1.359048
2024-02-01,trentino_alto_adigesudtirol,46.44681616259015,11.297741037372582,614.7034,73.269295,82.428604,2.0719378,6.271013,-1.287216,1.3604231
2024-03-01,trentino_alto_adigesudtirol,46.44681616259015,11.297741037372582,800.5,77.309326,122.65149,2.4060438,6.7766414,-1.0533724,1.5686424
2024-04-01,trentino_alto_adigesudtirol,46.44681616259015,11.297741037372582,363.70667,68.659874,186.50491,5.17846,10.691621,0.6350613,1.7495643
2024-05-01,trentino_alto_adigesudtirol,46.44681616259015,11.297741037372582,1266.3162,84.67722,172.88184,8.416608,13.083658,4.552915,1.4449041
2024-06-01,trentino_alto_adigesudtirol,46.44681616259015,11.297741037372582,918.55664,81.37435,203.94234,13.228036,18.230318,8.617863,1.4681187
2024-07-01,trentino_alto_adigesudtirol,46.44681616259015,11.297741037372582,585.6613,80.26477,231.68652,16.542059,21.916697,11.9991255,1.4498001
2024-08-01,trentino_alto_adigesudtirol,46.44681616259015,11.297741037372582,383.1742,77.238754,212.54405,17.46402,23.204988,12.935176,1.3909123
2024-09-01,trentino_alto_adigesudtirol,46.44681616259015,11.297741037372582,1000.75336,80.75611,129.56094,10.045175,14.533245,6.5233655,1.650497
2024-10-01,trentino_alto_adigesudtirol,46.44681616259015,11.297741037372582,1072.4613,87.97105,80.60361,7.9887195,11.69883,5.0419946,1.2071799
2024-11-01,trentino_alto_adigesudtirol,46.44681616259015,11.297741037372582,54.376667,63.783802,73.14662,2.5434089,7.386791,-1.2083496,1.3036196
2024-12-01,trentino_alto_adigesudtirol,46.44681616259015,11.297741037372582,158.93549,64.48977,46.829407,-0.81068474,2.364526,-3.6504574,1.8325298
2000-01-01,veneto,45.63648652577014,11.85132368156332,5.9838705,68.2987,64.76961,0.16586009,5.7320976,-4.982698,1.6285617
2000-02-01,veneto,45.63648652577014,11.85132368156332,25.9,67.62295,95.9001,3.7570975,9.577086,-1.8605797,1.5074028
2000-03-01,veneto,45.63648652577014,11.85132368156332,492.60324,68.2997,141.4581,7.536013,13.1389475,1.7083887,2.1176662
2000-04-01,veneto,45.63648652577014,11.85132368156332,377.16666,76.50397,169.20293,12.40278,17.954931,7.1993394,2.0323985
2000-05-01,veneto,45.63648652577014,11.85132368156332,439.8742,73.93347,232.29918,17.717962,23.438318,11.610703,2.0124688
2000-06-01,veneto,45.63648652577014,11.85132368156332,406.69336,70.15686,270.39755,20.924484,27.067436,14.240163,2.0334098
2000-07-01,veneto,45.63648652577014,11.85132368156332,436.9742,72.60199,246.42885,20.377758,26.246763,13.737866,2.1454399
2000-08-01,veneto,45.63648652577014,11.85132368156332,551.45483,73.11208,228.41728,22.59087,29.029652,15.794418,1.5468246
2000-09-01,veneto,45.63648652577014,11.85132368156332,582.43,78.437096,169.39691,17.720507,23.820982,11.692996,1.6388568
2000-10-01,veneto,45.63648652577014,11.85132368156332,1228.9773,89.99871,75.00917,12.922889,16.96874,9.047606,1.5516255
2000-11-01,veneto,45.63648652577014,11.85132368156332,1488.8,91.105255,48.07843,7.707191,11.346393,4.161657,1.6804601
2000-12-01,veneto,45.63648652577014,11.85132368156332,335.30646,86.94062,38.965843,4.1306734,7.668529,0.73763746,1.3501054
2001-01-01,veneto,45.63648652577014,11.85132368156332,597.81616,87.25741,42.745888,2.691866,6.6313944,0.21600094,1.7622532
2001-02-01,veneto,45.63648652577014,11.85132368156332,91.817856,73.020065,93.89653,4.5133033,10.026249,-0.9821568,1.9805661
2001-03-01,veneto,45.63648652577014,11.85132368156332,994.0807,86.44717,109.214905,8.516187,13.079446,4.0496125,2.1440644
2001-04-01,veneto,45.63648652577014,11.85132368156332,519.8534,74.74872,184.3876,9.8744335,15.753203,4.136206,2.254696
2001-05-01,veneto,45.63648652577014,11.85132368156332,469.92902,74.574684,228.61449,17.445135,23.70671,11.973894,2.1662123
2001-06-01,veneto,45.63648652577014,11.85132368156332,438.80002,67.39785,260.65982,19.112434,25.107403,12.47393,2.4188764
2001-07-01,veneto,45.63648652577014,11.85132368156332,693.16125,73.524376,250.92473,21.746845,27.675615,15.8495,2.2010653
2001-08-01,veneto,45.63648652577014,11.85132368156332,395.78387,72.74783,234.80219,22.75683,29.212748,16.541088,1.9293579
2001-09-01,veneto,45.63648652577014,11.85132368156332,786.32666,78.618576,147.07368,14.543768,20.612343,9.050297,1.9618846
2001-10-01,veneto,45.63648652577014,11.85132368156332,261.52905,86.72037,107.48861,15.065693,20.24336,9.890731,1.3551912
2001-11-01,veneto,45.63648652577014,11.85132368156332,312.77335,78.745445,65.05964,5.66296,10.338087,1.0795752,1.9385495
2001-12-01,veneto,45.63648652577014,11.85132368156332,4.851613,70.4827,57.082386,-0.008975309,4.921358,-5.040675,1.9150463
2002-01-01,veneto,45.63648652577014,11.85132368156332,146.00323,75.95147,61.947506,0.8700885,6.342625,-4.5683017,1.712749
2002-02-01,veneto,45.63648652577014,11.85132368156332,470.6036,82.395096,74.48599,4.731117,9.069239,0.52240366,1.8642176
2002-03-01,veneto,45.63648652577014,11.85132368156332,129.62903,66.98216,159.15149,9.181856,15.2969675,2.9763153,2.0799797
2002-04-01,veneto,45.63648652577014,11.85132368156332,836.9633,75.413025,166.34885,10.92694,15.939609,5.751283,2.1496325
2002-05-01,veneto,45.63648652577014,11.85132368156332,1246.8032,78.11888,198.87207,16.112814,21.26981,10.887924,2.0605538
2002-06-01,veneto,45.63648652577014,11.85132368156332,692.9967,72.86867,250.71259,21.565552,26.817333,15.568561,1.874504
2002-07-01,veneto,45.63648652577014,11.85132368156332,762.5807,74.319084,243.53477,21.835098,27.332895,16.27911,1.8913375
2002-08-01,veneto,45.63648652577014,11.85132368156332,930.7936,79.99798,211.90639,20.8946,26.41321,15.4491825,1.5823209
2002-09-01,veneto,45.63648652577014,11.85132368156332,639.5467,78.30701,153.12468,16.453564,21.799747,11.590152,1.5923396
2002-10-01,veneto,45.63648652577014,11.85132368156332,602.47424,81.83706,100.49588,12.823471,17.697544,7.867596,1.5345539
2002-11-01,veneto,45.63648652577014,11.85132368156332,1058.9567,85.25823,48.641506,9.147202,12.826393,5.7982936,1.7743771
2002-12-01,veneto,45.63648652577014,11.85132368156332,461.20966,85.921776,35.513916,3.7466586,7.0591273,1.4180375,1.679926
2003-01-01,veneto,45.63648652577014,11.85132368156332,242.02258,79.13196,57.969326,1.9539894,6.238545,-2.462253,1.6998913
2003-02-01,veneto,45.63648652577014,11.85132368156332,36.660713,59.614334,114.48162,1.355933,7.121162,-4.779946,1.7313938
2003-03-01,veneto,45.63648652577014,11.85132368156332,45.10645,66.68282,163.49068,8.488568,14.391034,1.7614863,1.6336223
2003-04-01,veneto,45.63648652577014,11.85132368156332,573.18,67.53106,186.60098,9.942741,15.706525,4.861815,2.5087025
2003-05-01,veneto,45.63648652577014,11.85132368156332,276.7903,65.7428,246.0849,18.186504,24.781616,11.508872,2.0004373
2003-06-01,veneto,45.63648652577014,11.85132368156332,408.67667,67.83024,274.54477,24.216803,30.21502,17.487293,1.7407382
2003-07-01,veneto,45.63648652577014,11.85132368156332,287.56454,64.057434,267.5144,23.243227,29.566193,16.995728,1.8657137
2003-08-01,veneto,45.63648652577014,11.85132368156332,291.7,64.9384,236.20683,25.841835,32.070522,18.88336,1.8622297
2003-09-01,veneto,45.63648652577014,11.85132368156332,291.99335,67.78489,174.24184,17.255941,23.122612,10.961311,1.6757023
2003-10-01,veneto,45.63648652577014,11.85132368156332,640.98065,80.64855,97.3542,10.563158,14.741539,5.6331387,1.8850667
2003-11-01,veneto,45.63648652577014,11.85132368156332,954.5867,87.78351,55.567482,8.419753,11.685368,4.5550914,1.6488601
2003-12-01,veneto,45.63648652577014,11.85132368156332,506.5,72.685745,48.775616,3.867136,7.687914,-0.47773564,1.9241023
2004-01-01,veneto,45.63648652577014,11.85132368156332,193.4258,74.93093,53.577003,0.9037745,4.9960213,-3.0388298,1.7413499
2004-02-01,veneto,45.63648652577014,11.85132368156332,825.94824,74.22171,75.670555,2.9148798,7.2469254,-1.6532623,1.9461479
2004-03-01,veneto,45.63648652577014,11.85132368156332,588.0871,70.48006,127.38473,6.2445803,11.125445,1.6315134,1.8621935
2004-04-01,veneto,45.63648652577014,11.85132368156332,546.69336,72.19397,160.61537,11.254519,16.218996,6.174309,1.8740373
2004-05-01,veneto,45.63648652577014,11.85132368156332,733.47424,65.80385,221.01091,14.25433,19.598402,8.63475,2.019619
2004-06-01,veneto,45.63648652577014,11.85132368156332,516.7467,63.057785,242.73544,19.675125,25.344555,13.860131,1.945717
2004-07-01,veneto,45.63648652577014,11.85132368156332,385.0742,67.389336,253.92314,21.513159,27.45633,15.791233,2.068173
2004-08-01,veneto,45.63648652577014,11.85132368156332,333.55164,73.39619,221.22644,22.15036,27.658897,16.264015,1.7933139
2004-09-01,veneto,45.63648652577014,11.85132368156332,496.03668,73.64289,164.0227,17.715565,23.282715,11.872173,1.629439
2004-10-01,veneto,45.63648652577014,11.85132368156332,862.0581,87.96342,73.66271,14.032523,17.744547,10.621238,1.414184
2004-11-01,veneto,45.63648652577014,11.85132368156332,611.4034,76.76051,58.92337,7.266519,11.891884,2.914003,1.5791984
2004-12-01,veneto,45.63648652577014,11.85132368156332,538.2677,77.92194,43.75253,3.8087192,8.209902,-0.1529633,1.499029
2005-01-01,veneto,45.63648652577014,11.85132368156332,63.81936,68.232666,61.418877,0.80172986,5.8505898,-3.81947,1.7379401
2005-02-01,veneto,45.63648652577014,11.85132368156332,80.99286,62.291126,90.50437,1.2084402,6.2288356,-4.1323266,1.8567318
2005-03-01,veneto,45.63648652577014,11.85132368156332,113.64194,66.04158,141.4173,6.69703,12.417894,0.77388996,1.8489552
2005-04-01,veneto,45.63648652577014,11.85132368156332,732.8433,72.388435,170.30719,10.618099,15.7845745,5.3441353,2.026052
2005-05-01,veneto,45.63648652577014,11.85132368156332,463.89355,67.388306,239.58855,16.75776,22.43897,10.933658,1.9969141
2005-06-01,veneto,45.63648652577014,11.85132368156332,346.04333,67.12287,253.95523,20.721622,26.35236,14.833974,1.8773577
2005-07-01,veneto,45.63648652577014,11.85132368156332,545.0484,67.3262,251.14864,22.011969,27.61611,16.051636,1.6774004
2005-08-01,veneto,45.63648652577014,11.85132368156332,821.4419,73.519714,194.3923,19.647673,24.826727,14.27731,1.7521905
2005-09-01,veneto,45.63648652577014,11.85132368156332,561.0867,77.44444,151.65556,17.879604,22.837065,12.923969,1.4620959
2005-10-01,veneto,45.63648652577014,11.85132368156332,1030.5903,84.34701,84.39295,12.377084,16.286963,8.523618,1.328033
2005-11-01,veneto,45.63648652577014,11.85132368156332,660.7967,81.13102,55.941013,6.116304,9.841431,2.397755,1.4119283
2005-12-01,veneto,45.63648652577014,11.85132368156332,319.37097,78.10796,43.269764,1.1290432,5.2973447,-2.8122027,1.4219784
2006-01-01,veneto,45.63648652577014,11.85132368156332,195.30324,81.42,56.81562,0.38558024,4.975983,-3.489698,1.4062235
2006-02-01,veneto,45.63648652577014,11.85132368156332,300.96783,79.177124,81.53624,2.5198302,6.9091125,-1.6021987,1.3882245
2006-03-01,veneto,45.63648652577014,11.85132368156332,297.84195,73.46342,125.34678,5.59921,10.08577,1.216521,1.616793
2006-04-01,veneto,45.63648652577014,11.85132368156332,528.1067,74.33091,164.26813,11.597342,17.272219,6.1251464,1.6401446
2006-05-01,veneto,45.63648652577014,11.85132368156332,443.56775,72.63083,212.0612,15.711462,21.639706,10.023615,1.6923115
2006-06-01,veneto,45.63648652577014,11.85132368156332,186.50667,63.0359,253.16765,20.470396,26.41874,14.37831,1.655733
2006-07-01,veneto,45.63648652577014,11.85132368156332,340.90646,64.73678,261.45288,24.125063,30.375463,18.206518,1.5546924
2006-08-01,veneto,45.63648652577014,11.85132368156332,946.72906,72.27059,187.91191,18.805498,24.265635,13.826322,1.6648908
2006-09-01,veneto,45.63648652577014,11.85132368156332,863.4533,75.77645,165.0598,18.85592,24.405125,13.613591,1.5093102
2006-10-01,veneto,45.63648652577014,11.85132368156332,121.39033,78.945656,102.092186,14.029902,19.366007,9.238658,1.187816
2006-11-01,veneto,45.63648652577014,11.85132368156332,170.83667,77.67275,60.956863,7.9336104,12.73062,3.5423908,1.0840911
2006-12-01,veneto,45.63648652577014,11.85132368156332,392.96777,82.89287,47.79317,4.4500976,8.5170555,0.7136052,1.1396546
2007-01-01,veneto,45.63648652577014,11.85132368156332,264.67743,82.47529,48.47533,4.5697293,8.384288,0.8795794,1.3137088
2007-02-01,veneto,45.63648652577014,11.85132368156332,263.24643,81.046875,84.26716,5.6681895,10.695885,1.1364022,1.1000999
2007-03-01,veneto,45.63648652577014,11.85132368156332,539.7549,71.276215,131.01454,8.631378,13.841665,3.312758,1.702849
2007-04-01,veneto,45.63648652577014,11.85132368156332,58.743336,66.4119,214.4858,14.853661,21.147068,8.4939995,1.4817721
2007-05-01,veneto,45.63648652577014,11.85132368156332,702.7451,69.190025,226.9951,17.540949,23.357206,11.766865,1.6949904
2007-06-01,veneto,45.63648652577014,11.85132368156332,611.3933,72.981346,228.62335,20.49274,25.790922,15.308257,1.6291767
2007-07-01,veneto,45.63648652577014,11.85132368156332,299.93225,62.41968,269.24493,22.486689,29.065351,15.995212,1.7406387
2007-08-01,veneto,45.63648652577014,11.85132368156332,650.35156,72.09596,204.66602,20.930727,26.53924,15.427372,1.464087
2007-09-01,veneto,45.63648652577014,11.85132368156332,662.6333,70.38723,175.80917,16.17653,21.995356,10.62562,1.4563621
2007-10-01,veneto,45.63648652577014,11.85132368156332,355.5645,76.79242,104.80281,11.993911,17.14019,7.2187095,1.2668111
2007-11-01,veneto,45.63648652577014,11.85132368156332,422.04666,74.14691,67.81422,6.178938,11.025244,1.8289198,1.32878
2007-12-01,veneto,45.63648652577014,11.85132368156332,107.274185,78.19102,50.305664,2.3251092,6.8342595,-1.5669497,1.2749608
2008-01-01,veneto,45.63648652577014,11.85132368156332,490.09033,83.740135,48.84598,3.3568184,7.6400776,0.35339662,1.3336488
2008-02-01,veneto,45.63648652577014,11.85132368156332,202.04483,77.34832,96.52738,3.883472,9.564069,-0.6767258,1.2873229
2008-03-01,veneto,45.63648652577014,11.85132368156332,304.41937,74.28583,126.76502,6.683887,11.966711,2.154434,1.8658864
2008-04-01,veneto,45.63648652577014,11.85132368156332,728.04004,74.2933,168.65881,10.498813,15.892632,5.8136945,1.6706033
2008-05-01,veneto,45.63648652577014,11.85132368156332,721.3129,73.59624,221.94861,16.317427,21.862888,11.115112,1.6767346
2008-06-01,veneto,45.63648652577014,11.85132368156332,764.76,77.887695,228.00345,20.070951,25.685005,15.117149,1.4497527
2008-07-01,veneto,45.63648652577014,11.85132368156332,529.86127,71.56493,254.03493,21.616455,27.795858,16.07084,1.6928698
2008-08-01,veneto,45.63648652577014,11.85132368156332,516.2936,72.13359,229.74368,21.90193,28.30351,16.330343,1.5166268
2008-09-01,veneto,45.63648652577014,11.85132368156332,531.8467,73.41719,155.2616,16.289213,22.036022,11.457355,1.5008168
2008-10-01,veneto,45.63648652577014,11.85132368156332,531.1839,78.50196,99.3985,13.343797,18.862474,8.450675,1.2844013
2008-11-01,veneto,45.63648652577014,11.85132368156332,1204.7,82.645164,55.491177,6.7410703,11.111224,3.5096614,1.5739268
2008-12-01,veneto,45.63648652577014,11.85132368156332,1005.98706,82.4941,42.209362,2.3787556,6.3553886,-0.55426794,1.6359223
2009-01-01,veneto,45.63648652577014,11.85132368156332,454.06775,81.38419,50.303604,0.4642947,5.147743,-2.3693752,1.272753
2009-02-01,veneto,45.63648652577014,11.85132368156332,485.11072,69.77411,94.07826,2.791863,8.142648,-1.6752713,1.6982964
2009-03-01,veneto,45.63648652577014,11.85132368156332,771.77094,67.990395,138.79854,6.485642,12.262659,1.5553606,2.026596
2009-04-01,veneto,45.63648652577014,11.85132368156332,837.39667,77.72803,167.68677,11.799002,17.509632,7.2485914,1.9707139
2009-05-01,veneto,45.63648652577014,11.85132368156332,148.00323,70.10135,249.17963,17.90221,24.337452,12.017516,1.7426333
2009-06-01,veneto,45.63648652577014,11.85132368156332,542.9133,71.565285,236.03464,19.37992,25.474432,14.071885,1.8605548
2009-07-01,veneto,45.63648652577014,11.85132368156332,435.66455,73.031654,255.0925,21.718212,28.067053,16.50136,1.8910478
2009-08-01,veneto,45.63648652577014,11.85132368156332,300.3871,71.73998,237.8743,23.003754,29.577187,17.710901,1.5811366
2009-09-01,veneto,45.63648652577014,11.85132368156332,627.58997,75.40469,166.31946,18.416021,24.72235,13.492334,1.6581485
2009-10-01,veneto,45.63648652577014,11.85132368156332,352.59033,76.27873,112.06926,11.824257,17.71551,7.4349556,1.4022437
2009-11-01,veneto,45.63648652577014,11.85132368156332,628.27,86.927635,48.603428,7.722672,11.545571,4.828039,1.348317
2009-12-01,veneto,45.63648652577014,11.85132368156332,709.2452,84.57973,39.717743,0.9539137,5.2103906,-1.8259835,1.5117946
2010-01-01,veneto,45.63648652577014,11.85132368156332,410.4032,82.039406,45.715527,0.42046013,3.4453669,-2.0451486,1.2461717
2010-02-01,veneto,45.63648652577014,11.85132368156332,822.9679,80.67896,76.6819,2.919732,6.68032,-0.24015404,1.4340142
2010-03-01,veneto,45.63648652577014,11.85132368156332,344.21936,75.60473,131.04207,6.001404,10.396685,2.0906055,1.7533897
2010-04-01,veneto,45.63648652577014,11.85132368156332,309.57666,69.53204,207.60014,11.561656,16.743876,6.5027695,1.6517045
2010-05-01,veneto,45.63648652577014,11.85132368156332,1120.7161,73.938095,204.4483,15.029585,19.489595,10.631391,1.5976557
2010-06-01,veneto,45.63648652577014,11.85132368156332,891.9766,72.61213,247.01143,19.662031,24.521494,14.779153,1.4439486
2010-07-01,veneto,45.63648652577014,11.85132368156332,539.8032,70.305275,267.42853,22.802639,28.317484,17.355095,1.3026687
2010-08-01,veneto,45.63648652577014,11.85132368156332,792.0452,76.51129,215.44672,20.376997,25.696236,15.353435,1.2465681
2010-09-01,veneto,45.63648652577014,11.85132368156332,1027.02,77.26837,159.1518,15.852285,20.97986,11.485919,1.2836981
2010-10-01,veneto,45.63648652577014,11.85132368156332,1104.6226,80.08601,100.478966,10.51518,15.272693,6.6667438,1.3833104
2010-11-01,veneto,45.63648652577014,11.85132368156332,1740.18,89.25697,43.90376,7.400447,10.113158,4.9599953,1.3018243
2010-12-01,veneto,45.63648652577014,11.85132368156332,1186.5259,81.7717,37.432793,0.78887254,3.8726993,-2.0350711,1.2582773
2011-01-01,veneto,45.63648652577014,11.85132368156332,197.0613,75.9859,46.78953,1.4975175,4.6224446,-0.97472155,1.1624091
2011-02-01,veneto,45.63648652577014,11.85132368156332,386.81787,73.85905,92.190475,3.6970096,8.695079,0.073982835,1.2221471
2011-03-01,veneto,45.63648652577014,11.85132368156332,800.3258,70.69636,145.66176,7.2249312,11.9299,3.0078368,1.6909633
2011-04-01,veneto,45.63648652577014,11.85132368156332,127.200005,59.889954,218.57288,13.479131,19.369724,7.9246144,1.5828714
2011-05-01,veneto,45.63648652577014,11.85132368156332,426.1516,60.762344,267.13284,17.190264,22.985786,11.041457,1.5396249
2011-06-01,veneto,45.63648652577014,11.85132368156332,954.68665,73.5568,233.75475,19.543386,24.221642,14.886089,1.3619746
2011-07-01,veneto,45.63648652577014,11.85132368156332,670.129,70.82502,252.5653,20.472477,25.70364,15.229751,1.3279389
2011-08-01,veneto,45.63648652577014,11.85132368156332,188.2871,67.75555,243.26945,22.647123,28.822903,16.800722,1.2397034
2011-09-01,veneto,45.63648652577014,11.85132368156332,603.57,74.0119,176.30768,19.844875,25.81372,15.051296,1.1482801
2011-10-01,veneto,45.63648652577014,11.85132368156332,771.8613,73.38021,121.558975,11.506936,17.213743,6.920166,1.199627
2011-11-01,veneto,45.63648652577014,11.85132368156332,666.00336,78.705345,65.28579,6.582503,11.523645,3.3588479,1.1024605
2011-12-01,veneto,45.63648652577014,11.85132368156332,201.95161,78.19928,43.166035,3.1511273,7.1166525,-0.058902554,0.97136515
2012-01-01,veneto,45.63648652577014,11.85132368156332,83.619354,69.42525,63.58444,0.84894514,5.9279966,-2.8266366,1.2818279
2012-02-01,veneto,45.63648652577014,11.85132368156332,131.06207,61.471947,98.7025,0.54332656,5.4244037,-3.7935412,1.9385626
2012-03-01,veneto,45.63648652577014,11.85132368156332,69.129036,60.256927,173.57338,9.932153,16.451397,4.159429,1.4086089
2012-04-01,veneto,45.63648652577014,11.85132368156332,863.9467,75.11492,166.32796,10.503938,14.916378,6.383013,1.5215013
2012-05-01,veneto,45.63648652577014,11.85132368156332,816.8968,68.804825,238.96617,15.698351,21.05296,10.39962,1.4349157
2012-06-01,veneto,45.63648652577014,11.85132368156332,359.40332,70.80397,253.4858,20.904484,26.12533,15.496363,1.3140837
2012-07-01,veneto,45.63648652577014,11.85132368156332,419.69357,66.319145,265.34677,22.805353,28.507708,17.176617,1.4856037
2012-08-01,veneto,45.63648652577014,11.85132368156332,360.1355,64.40513,244.66824,23.29064,29.66578,17.29183,1.3323472
2012-09-01,veneto,45.63648652577014,11.85132368156332,1025.3367,76.156296,151.49593,17.601913,22.773432,13.100698,1.216709
2012-10-01,veneto,45.63648652577014,11.85132368156332,1038.1775,83.71902,95.97881,12.608327,17.214275,9.03047,1.0383335
2012-11-01,veneto,45.63648652577014,11.85132368156332,1584.14,85.40964,53.1531,8.377673,12.056511,5.4260683,1.1854061
2012-12-01,veneto,45.63648652577014,11.85132368156332,296.57098,79.56944,42.38125,1.2006466,4.6784096,-1.5565226,1.1134336
2013-01-01,veneto,45.63648652577014,11.85132368156332,597.7516,84.16726,43.17394,2.4680455,5.5474777,-0.15396735,1.2134589
2013-02-01,veneto,45.63648652577014,11.85132368156332,547.93933,76.980156,84.79115,1.7938865,5.8448296,-1.6035416,1.5230174
2013-03-01,veneto,45.63648652577014,11.85132368156332,1414.6129,79.38213,106.44893,5.542745,9.1572485,2.43673,1.5718851
2013-04-01,veneto,45.63648652577014,11.85132368156332,774.9,78.67736,163.98254,11.512399,15.70328,7.66646,1.4319967
2013-05-01,veneto,45.63648652577014,11.85132368156332,1562.5774,78.47611,197.07828,13.9489,18.38818,9.6900625,1.5329645
2013-06-01,veneto,45.63648652577014,11.85132368156332,449.70667,69.47919,263.4222,19.25208,24.622278,13.896733,1.327428
2013-07-01,veneto,45.63648652577014,11.85132368156332,316.16452,68.52989,272.35278,22.927103,28.578321,17.292536,1.2334964
2013-08-01,veneto,45.63648652577014,11.85132368156332,641.9032,68.745705,238.13316,21.745943,27.698013,16.224592,1.2241744
2013-09-01,veneto,45.63648652577014,11.85132368156332,342.83334,78.77328,167.94968,17.411463,22.63219,12.727999,1.0535821
2013-10-01,veneto,45.63648652577014,11.85132368156332,770.87744,85.81731,80.20462,13.136355,16.588972,10.364023,0.96809244
2013-11-01,veneto,45.63648652577014,11.85132368156332,1004.70667,79.96337,56.108986,7.871265,11.414984,4.9118853,1.3392127
2013-12-01,veneto,45.63648652577014,11.85132368156332,467.46774,79.100914,46.815937,3.741673,8.016835,0.74510753,1.0331851
2014-01-01,veneto,45.63648652577014,11.85132368156332,1737.3646,88.919334,37.106106,4.7775807,7.5244923,2.5207558,1.0851101
2014-02-01,veneto,45.63648652577014,11.85132368156332,1679.7,86.995346,70.56531,6.4583907,9.587883,3.3885114,1.395828
2014-03-01,veneto,45.63648652577014,11.85132368156332,521.4032,71.11941,153.46996,9.186861,14.531572,4.6196346,1.5060377
2014-04-01,veneto,45.63648652577014,11.85132368156332,670.3401,71.782234,181.39789,12.581004,17.387793,7.9820843,1.4518015
2014-05-01,veneto,45.63648652577014,11.85132368156332,504.09354,70.38555,236.08917,15.150211,20.251928,10.027954,1.4755038
2014-06-01,veneto,45.63648652577014,11.85132368156332,710.1234,70.413246,256.85278,19.801525,25.033375,14.458289,1.3284433
2014-07-01,veneto,45.63648652577014,11.85132368156332,1402.0613,78.9004,223.40701,20.082266,24.979248,15.545601,1.1200173
2014-08-01,veneto,45.63648652577014,11.85132368156332,979.80005,81.28713,201.84137,19.41031,24.388361,14.8861475,1.1024736
2014-09-01,veneto,45.63648652577014,11.85132368156332,542.44666,82.51796,155.59967,16.850424,21.931982,12.65312,0.9927463
2014-10-01,veneto,45.63648652577014,11.85132368156332,400.90967,81.98558,107.936905,14.028926,18.710554,10.422658,1.0039858
2014-11-01,veneto,45.63648652577014,11.85132368156332,1655.0066,88.020164,47.629414,9.931179,13.092346,7.5080442,1.0919441
2014-12-01,veneto,45.63648652577014,11.85132368156332,561.49036,83.03667,39.60737,4.603672,7.5301204,2.250582,1.0987301
2015-01-01,veneto,45.63648652577014,11.85132368156332,244.29356,77.55146,56.998577,2.8434582,7.239554,-0.6769512,1.0973284
2015-02-01,veneto,45.63648652577014,11.85132368156332,501.63217,75.9722,85.8223,3.9018414,8.063355,0.48740545,1.6579273
2015-03-01,veneto,45.63648652577014,11.85132368156332,571.0161,69.31448,145.48593,7.555609,12.361218,3.181594,1.6632211
2015-04-01,veneto,45.63648652577014,11.85132368156332,321.03668,65.303635,210.06537,11.399492,16.742891,6.132049,1.5693398
2015-05-01,veneto,45.63648652577014,11.85132368156332,662.1677,76.1093,215.27293,16.343586,20.893444,11.936369,1.3712037
2015-06-01,veneto,45.63648652577014,11.85132368156332,627.73,72.23916,260.89755,20.333582,25.562151,15.033676,1.2373024
2015-07-01,veneto,45.63648652577014,11.85132368156332,296.79355,69.206406,275.19592,24.54631,30.103245,18.968397,1.3623613
2015-08-01,veneto,45.63648652577014,11.85132368156332,564.2355,72.23066,223.5476,22.290583,28.071915,17.116186,1.1496396
2015-09-01,veneto,45.63648652577014,11.85132368156332,639.4033,73.54433,160.52908,17.098673,22.091787,12.705693,1.3754325
2015-10-01,veneto,45.63648652577014,11.85132368156332,892.09033,81.98041,94.83492,12.03278,16.367199,8.725615,1.0791124
2015-11-01,veneto,45.63648652577014,11.85132368156332,66.706665,79.32492,66.91029,7.2846093,12.119332,3.9011028,0.8072471
2015-12-01,veneto,45.63648652577014,11.85132368156332,0.0,81.384926,45.92552,3.5248072,7.7997246,0.6233935,0.71657133
2016-01-01,veneto,45.63648652577014,11.85132368156332,309.18066,77.582695,54.421253,1.959807,6.2137413,-1.2643296,0.93134856
2016-02-01,veneto,45.63648652577014,11.85132368156332,1350.2863,82.613396,69.5622,5.406222,8.849589,2.368423,1.6368276
2016-03-01,veneto,45.63648652577014,11.85132368156332,497.31293,75.38713,138.14484,7.423847,11.809379,3.3983111,1.7021493
2016-04-01,veneto,45.63648652577014,11.85132368156332,391.25336,75.718704,189.18578,12.074896,16.929125,7.5496335,1.4868926
2016-05-01,veneto,45.63648652577014,11.85132368156332,1089.4517,76.19046,211.25063,14.705913,19.374401,10.175391,1.3878647
2016-06-01,veneto,45.63648652577014,11.85132368156332,960.47327,78.22001,237.62042,19.200178,24.206772,14.486314,1.2170619
2016-07-01,veneto,45.63648652577014,11.85132368156332,387.58713,72.35138,255.6319,22.616602,28.09301,17.235207,1.2434173
2016-08-01,veneto,45.63648652577014,11.85132368156332,612.2161,73.42714,242.13063,20.898033,26.717663,15.346491,1.1676941
2016-09-01,veneto,45.63648652577014,11.85132368156332,498.62668,75.388405,174.85262,18.817316,24.740713,13.89547,1.0748081
2016-10-01,veneto,45.63648652577014,11.85132368156332,722.38385,83.09158,96.04553,11.469525,15.833572,7.835898,1.0359371
2016-11-01,veneto,45.63648652577014,11.85132368156332,758.67334,83.59402,53.92712,7.3072352,10.658689,4.3389735,0.9811909
2016-12-01,veneto,45.63648652577014,11.85132368156332,4.1741934,75.28453,52.226124,2.9838977,7.8038545,-0.3153273,0.8884045
2017-01-01,veneto,45.63648652577014,11.85132368156332,97.32903,67.49096,58.839024,-0.4858049,4.7538977,-4.959497,1.6492351
2017-02-01,veneto,45.63648652577014,11.85132368156332,584.9464,82.45111,76.14741,4.7757173,9.009653,1.1683631,1.3949041
2017-03-01,veneto,45.63648652577014,11.85132368156332,162.73871,70.83207,154.00885,9.577607,15.751687,4.0115986,1.6360362
2017-04-01,veneto,45.63648652577014,11.85132368156332,512.6433,70.461655,191.64966,11.682527,17.291616,6.456196,1.987252
2017-05-01,veneto,45.63648652577014,11.85132368156332,492.89355,75.06003,229.38489,16.293657,21.890821,11.236456,1.56955
2017-06-01,veneto,45.63648652577014,11.85132368156332,685.6366,71.85126,258.17615,21.736273,27.604214,16.111578,1.9110503
2017-07-01,veneto,45.63648652577014,11.85132368156332,420.52258,71.07744,245.41588,22.445272,28.440891,16.59223,1.7825382
2017-08-01,veneto,45.63648652577014,11.85132368156332,249.5484,68.444305,223.02356,23.233824,29.613386,17.131891,1.7076064
2017-09-01,veneto,45.63648652577014,11.85132368156332,971.42664,81.6221,126.408165,15.728259,20.557478,11.413381,1.626234
2017-10-01,veneto,45.63648652577014,11.85132368156332,132.16452,78.17932,105.87587,12.603944,18.344612,7.874026,1.251679
2017-11-01,veneto,45.63648652577014,11.85132368156332,804.78,81.83405,52.969933,6.1832223,10.215622,2.62408,1.4767935
2017-12-01,veneto,45.63648652577014,11.85132368156332,491.74194,80.62891,38.37223,1.1792092,5.7486744,-2.2743673,1.2609355
2018-01-01,veneto,45.63648652577014,11.85132368156332,306.49677,83.06836,52.93438,4.0191493,7.943009,0.9816129,1.0237796
2018-02-01,veneto,45.63648652577014,11.85132368156332,405.84644,76.19656,75.45396,1.8277589,5.1358123,-1.1499476,1.5641619
2018-03-01,veneto,45.63648652577014,11.85132368156332,870.5387,81.39024,113.11986,5.4694176,9.047471,2.2702796,1.4020978
2018-04-01,veneto,45.63648652577014,11.85132368156332,486.42667,72.8947,209.2495,13.906922,19.338419,8.840958,1.4046243
2018-05-01,veneto,45.63648652577014,11.85132368156332,870.6581,77.14233,213.46568,17.29999,22.220512,12.750404,1.1871785
2018-06-01,veneto,45.63648652577014,11.85132368156332,662.04663,72.141205,261.7835,20.530777,25.849712,15.192435,1.1427916
2018-07-01,veneto,45.63648652577014,11.85132368156332,728.0871,74.34949,259.32654,22.41395,27.906351,17.251406,1.0680928
2018-08-01,veneto,45.63648652577014,11.85132368156332,764.32263,73.03564,232.0302,22.73341,28.640177,17.52796,1.046771
2018-09-01,veneto,45.63648652577014,11.85132368156332,526.07336,77.556595,183.54689,18.562298,24.440609,13.77222,0.93790895
2018-10-01,veneto,45.63648652577014,11.85132368156332,1219.1775,81.053604,107.97928,13.844375,18.902248,9.785163,1.182069
2018-11-01,veneto,45.63648652577014,11.85132368156332,781.4933,86.0152,52.288563,8.837296,11.942884,6.39905,1.0056257
2018-12-01,veneto,45.63648652577014,11.85132368156332,101.1613,79.30626,48.416035,2.3814862,6.544551,-0.7682163,0.8806293
2019-01-01,veneto,45.63648652577014,11.85132368156332,109.4871,74.55104,59.715054,0.9984788,5.3430405,-2.4775634,1.1075389
2019-02-01,veneto,45.63648652577014,11.85132368156332,566.02496,70.94345,109.161934,5.091942,11.108949,0.4854464,1.0348393
2019-03-01,veneto,45.63648652577014,11.85132368156332,119.75162,66.54429,171.30725,8.23054,14.291641,2.7067852,1.419054
2019-04-01,veneto,45.63648652577014,11.85132368156332,1483.2433,76.8432,162.70981,11.126939,15.474007,7.101354,1.4543543
2019-05-01,veneto,45.63648652577014,11.85132368156332,1533.013,81.80303,176.14105,12.697177,16.61838,9.162991,1.36612
2019-06-01,veneto,45.63648652577014,11.85132368156332,170.06334,68.837166,277.8789,22.850655,28.34333,17.031277,1.2657121
2019-07-01,veneto,45.63648652577014,11.85132368156332,697.32904,74.09766,253.28209,22.627388,28.295643,17.257421,1.207402
2019-08-01,veneto,45.63648652577014,11.85132368156332,529.61615,78.00497,226.62538,22.530483,27.888393,17.601738,1.0449866
2019-09-01,veneto,45.63648652577014,11.85132368156332,630.58997,79.549515,167.8678,17.47814,22.717476,12.915103,1.0158422
2019-10-01,veneto,45.63648652577014,11.85132368156332,431.58386,86.06194,100.97675,13.707158,18.171783,10.203119,0.86102057
2019-11-01,veneto,45.63648652577014,11.85132368156332,2265.1,90.501495,44.61634,8.445286,11.291151,5.8311706,1.2161202
2019-12-01,veneto,45.63648652577014,11.85132368156332,665.8291,82.66291,45.944813,4.3455534,8.196347,1.3351786,1.0235595
2020-01-01,veneto,45.63648652577014,11.85132368156332,79.85806,79.610756,64.80772,2.8635674,7.9107933,-0.71096456,0.8309123
2020-02-01,veneto,45.63648652577014,11.85132368156332,39.02414,72.057846,103.214325,5.7354593,11.056686,1.3228972,1.1747297
2020-03-01,veneto,45.63648652577014,11.85132368156332,574.0323,71.91341,142.70288,7.2256722,11.740907,2.9109297,1.5941415
2020-04-01,veneto,45.63648652577014,11.85132368156332,191.46667,59.424824,234.43562,12.396742,18.598988,6.2459054,1.4512867
2020-05-01,veneto,45.63648652577014,11.85132368156332,447.01935,71.03368,239.7312,16.056189,21.017153,10.963955,1.4220911
2020-06-01,veneto,45.63648652577014,11.85132368156332,1073.9634,77.00224,243.56453,19.01919,23.893242,14.359023,1.2282845
2020-07-01,veneto,45.63648652577014,11.85132368156332,582.59357,73.54882,274.18866,21.774883,27.141607,16.26683,1.2120057
2020-08-01,veneto,45.63648652577014,11.85132368156332,1250.2194,78.61748,222.64215,22.07348,27.707241,17.100023,1.1334006
2020-09-01,veneto,45.63648652577014,11.85132368156332,471.85336,78.928215,179.42842,18.121204,23.679388,13.419015,1.1010504
2020-10-01,veneto,45.63648652577014,11.85132368156332,1112.7258,86.68844,98.772606,11.279273,15.834817,7.5308504,1.0099748
2020-11-01,veneto,45.63648652577014,11.85132368156332,87.166664,81.496155,72.88693,7.2388244,12.290645,3.5890899,0.77861017
2020-12-01,veneto,45.63648652577014,11.85132368156332,1545.3678,89.08971,31.629824,3.9104016,6.8020396,1.5033839,1.2273628
2021-01-01,veneto,45.63648652577014,11.85132368156332,765.0774,80.74613,49.367645,1.062062,4.81176,-2.153678,1.142908
2021-02-01,veneto,45.63648652577014,11.85132368156332,285.99643,75.90863,96.341385,5.230035,9.794825,1.5366894,1.0722259
2021-03-01,veneto,45.63648652577014,11.85132368156332,42.809677,66.94744,177.08017,6.6963344,12.5454855,1.1851896,1.2661415
2021-04-01,veneto,45.63648652577014,11.85132368156332,634.58,69.828156,195.83629,9.391554,14.102225,4.5093336,1.4715544
2021-05-01,veneto,45.63648652577014,11.85132368156332,1097.9968,76.595055,231.02592,13.835655,18.605087,9.244809,1.513498
2021-06-01,veneto,45.63648652577014,11.85132368156332,265.06668,70.21154,286.29083,21.603252,27.15056,15.909438,1.2385707
2021-07-01,veneto,45.63648652577014,11.85132368156332,750.1387,75.52408,249.09283,22.135191,27.529129,16.904089,1.2402265
2021-08-01,veneto,45.63648652577014,11.85132368156332,510.7516,74.19501,237.48814,21.024008,26.807579,15.483235,1.1813973
2021-09-01,veneto,45.63648652577014,11.85132368156332,329.59332,76.58203,181.0812,18.121468,23.833912,13.149265,0.9958032
2021-10-01,veneto,45.63648652577014,11.85132368156332,317.95807,78.24727,117.14121,11.425745,16.91791,7.0924397,1.0480204
2021-11-01,veneto,45.63648652577014,11.85132368156332,1010.98,84.125175,56.3933,7.661129,11.301306,4.6955066,1.2004167
2021-12-01,veneto,45.63648652577014,11.85132368156332,269.50647,83.315834,45.500633,2.7415593,6.5369525,-0.21676785,0.96139413
2022-01-01,veneto,45.63648652577014,11.85132368156332,169.30324,77.33202,66.515656,2.2137191,7.1132417,-1.3981625,0.9874156
2022-02-01,veneto,45.63648652577014,11.85132368156332,196.67145,72.80729,105.58736,4.657463,10.031373,0.12968482,1.2125955
2022-03-01,veneto,45.63648652577014,11.85132368156332,79.545166,59.647003,170.88918,6.4374537,12.216493,1.1345936,1.3294293
2022-04-01,veneto,45.63648652577014,11.85132368156332,427.61334,71.973724,202.94688,10.110611,15.105802,5.01066,1.4832065
2022-05-01,veneto,45.63648652577014,11.85132368156332,405.1,74.50153,235.04839,17.778227,22.858671,12.69655,1.3404973
2022-06-01,veneto,45.63648652577014,11.85132368156332,330.64334,70.01915,270.32663,22.327948,27.885082,16.443745,1.3029678
2022-07-01,veneto,45.63648652577014,11.85132368156332,338.18707,62.759823,289.3564,24.289087,30.344238,18.045427,1.3473326
2022-08-01,veneto,45.63648652577014,11.85132368156332,788.542,70.54564,237.1842,22.570269,28.359667,17.16745,1.2368516
2022-09-01,veneto,45.63648652577014,11.85132368156332,678.5467,79.57269,171.14429,16.995209,22.09477,12.594665,1.1542325
2022-10-01,veneto,45.63648652577014,11.85132368156332,114.129036,83.08804,121.29634,15.217736,20.97646,10.933161,0.79332334
2022-11-01,veneto,45.63648652577014,11.85132368156332,719.9133,84.08381,63.52631,8.235581,12.511549,4.814843,0.94484717
2022-12-01,veneto,45.63648652577014,11.85132368156332,690.60645,88.368904,33.33286,4.374617,7.050563,2.1349084,0.87514544
2023-01-01,veneto,45.63648652577014,11.85132368156332,443.6871,81.751114,51.738457,4.1072626,7.427471,1.3515843,1.0966004
2023-02-01,veneto,45.63648652577014,11.85132368156332,11.671429,73.59481,99.28414,4.139184,9.316332,0.052009806,1.1838051
2023-03-01,veneto,45.63648652577014,11.85132368156332,233.04517,74.34342,152.25758,8.53465,13.719033,3.7982745,1.2824739
2023-04-01,veneto,45.63648652577014,11.85132368156332,464.4134,71.78591,196.84659,10.250979,15.05886,5.5963774,1.4025725
2023-05-01,veneto,45.63648652577014,11.85132368156332,1159.4935,76.96832,202.26218,15.834463,20.046137,11.902646,1.4460708
2023-06-01,veneto,45.63648652577014,11.85132368156332,673.4167,74.05035,264.4214,20.726301,25.952583,15.645719,1.2547536
2023-07-01,veneto,45.63648652577014,11.85132368156332,934.98706,77.33035,266.27405,22.835747,28.036846,17.608173,1.3665129
2023-08-01,veneto,45.63648652577014,11.85132368156332,708.429,76.20853,228.22943,22.463972,27.914513,17.45194,1.2751267
2023-09-01,veneto,45.63648652577014,11.85132368156332,290.22333,77.0406,185.5951,19.793541,25.578333,14.874887,1.2852479
2023-10-01,veneto,45.63648652577014,11.85132368156332,1147.9904,82.13796,106.59551,15.383841,20.297583,11.262751,1.3395904
2023-11-01,veneto,45.63648652577014,11.85132368156332,773.39667,80.75371,72.769936,6.856938,11.876351,2.9517126,1.4347647
2023-12-01,veneto,45.63648652577014,11.85132368156332,391.88385,83.98975,46.54538,4.4581466,8.769073,1.3693895,1.2914697
2024-01-01,veneto,45.63648652577014,11.85132368156332,521.39355,80.41357,61.53747,2.8074493,7.210825,-0.3758918,1.4811755
2024-02-01,veneto,45.63648652577014,11.85132368156332,1179.9724,84.387314,77.25744,7.0836253,11.324774,3.8969083,1.5015631
2024-03-01,veneto,45.63648652577014,11.85132368156332,1073.3226,84.970764,116.9271,9.317022,13.271358,5.8228807,1.8852146
2024-04-01,veneto,45.63648652577014,11.85132368156332,488.48334,76.114494,191.21716,12.245245,17.414038,7.2603216,1.8058926
2024-05-01,veneto,45.63648652577014,11.85132368156332,1823.1162,80.72382,200.11684,15.752207,19.985699,11.661746,1.6564257
2024-06-01,veneto,45.63648652577014,11.85132368156332,853.20337,79.977844,236.43073,20.507769,25.183521,15.831403,1.5857139
2024-07-01,veneto,45.63648652577014,11.85132368156332,494.63226,74.57778,271.77258,24.09209,29.351562,18.881561,1.4957981
2024-08-01,veneto,45.63648652577014,11.85132368156332,390.94196,75.213234,240.29584,24.520697,30.351166,19.409685,1.360148
2024-09-01,veneto,45.63648652577014,11.85132368156332,1310.6367,79.044495,143.69624,17.713507,22.573626,13.718653,1.6019657
2024-10-01,veneto,45.63648652577014,11.85132368156332,1700.987,89.553345,78.152596,14.112628,17.707737,11.340483,1.4630889
2024-11-01,veneto,45.63648652577014,11.85132368156332,53.370003,79.412796,78.28105,6.6806893,11.939208,2.8279493,1.2961512
2024-12-01,veneto,45.63648652577014,11.85132368156332,375.19034,77.45242,54.237038,3.5240588,8.076858,0.311265,1.5846845
2000-01-01,friuli_venezia_giulia,46.163567860471964,13.042519849999946,5.7387094,70.44511,64.77177,-1.6223204,3.889112,-6.6420465,2.2290082
2000-02-01,friuli_venezia_giulia,46.163567860471964,13.042519849999946,39.46207,68.723724,101.10196,2.5485427,8.1657095,-2.9028585,1.9526888
2000-03-01,friuli_venezia_giulia,46.163567860471964,13.042519849999946,330.9871,66.46221,143.26709,5.9737563,11.347874,0.6827888,2.7382429
2000-04-01,friuli_venezia_giulia,46.163567860471964,13.042519849999946,223.34332,73.80195,171.27707,10.884699,16.265926,5.8908486,2.2202623
2000-05-01,friuli_venezia_giulia,46.163567860471964,13.042519849999946,318.0,72.465324,227.53487,15.253804,20.818012,9.65676,2.106208
2000-06-01,friuli_venezia_giulia,46.163567860471964,13.042519849999946,190.24667,64.25401,270.9595,19.045746,25.200804,12.363531,2.1487908
2000-07-01,friuli_venezia_giulia,46.163567860471964,13.042519849999946,391.1258,69.68322,238.89314,17.905596,23.472338,11.975788,2.3643136
2000-08-01,friuli_venezia_giulia,46.163567860471964,13.042519849999946,244.3226,68.23518,227.97365,20.21402,26.501917,13.93555,1.9002539
2000-09-01,friuli_venezia_giulia,46.163567860471964,13.042519849999946,387.57666,75.18918,170.38101,15.503084,21.760828,9.868981,1.7865247
2000-10-01,friuli_venezia_giulia,46.163567860471964,13.042519849999946,680.8871,86.0042,75.10302,11.76445,15.825615,8.170943,1.7473336
2000-11-01,friuli_venezia_giulia,46.163567860471964,13.042519849999946,1275.5835,88.92406,45.108242,6.684315,9.988351,3.6265771,1.932273
2000-12-01,friuli_venezia_giulia,46.163567860471964,13.042519849999946,272.89032,85.28843,39.26223,3.197592,6.500392,0.019164054,1.6397803
2001-01-01,friuli_venezia_giulia,46.163567860471964,13.042519849999946,605.6032,84.64952,42.545963,1.7138466,4.5588274,-1.2113247,2.0202608
2001-02-01,friuli_venezia_giulia,46.163567860471964,13.042519849999946,79.88929,69.47313,95.860214,3.2520738,8.348298,-1.6715283,2.5505812
2001-03-01,friuli_venezia_giulia,46.163567860471964,13.042519849999946,535.61615,82.56544,109.18903,7.2854977,11.47193,3.0704582,2.5418189
2001-04-01,friuli_venezia_giulia,46.163567860471964,13.042519849999946,373.23334,70.09716,185.75233,8.04619,13.585118,2.5344157,2.5733228
2001-05-01,friuli_venezia_giulia,46.163567860471964,13.042519849999946,173.59033,68.338066,232.18002,15.76278,21.607061,9.9525385,2.2585173
2001-06-01,friuli_venezia_giulia,46.163567860471964,13.042519849999946,252.62334,65.152115,257.5699,16.71612,22.575138,10.2670965,2.6979432
2001-07-01,friuli_venezia_giulia,46.163567860471964,13.042519849999946,383.73224,70.01792,244.29831,19.688555,25.509356,13.916291,2.4011908
2001-08-01,friuli_venezia_giulia,46.163567860471964,13.042519849999946,188.24193,67.93776,230.16199,20.719059,27.073208,14.555848,2.1659987
2001-09-01,friuli_venezia_giulia,46.163567860471964,13.042519849999946,476.40668,77.64766,136.61397,12.650385,18.05667,7.8798094,2.2658083
2001-10-01,friuli_venezia_giulia,46.163567860471964,13.042519849999946,142.54839,82.07876,109.7291,13.094891,18.634136,8.373563,1.7995125
2001-11-01,friuli_venezia_giulia,46.163567860471964,13.042519849999946,139.02333,75.162445,66.9276,3.9933367,8.979197,-0.61815405,2.0501027
2001-12-01,friuli_venezia_giulia,46.163567860471964,13.042519849999946,18.448387,69.58061,54.71349,-1.6720359,2.9003086,-6.2959347,2.4883494
2002-01-01,friuli_venezia_giulia,46.163567860471964,13.042519849999946,45.735485,73.12058,58.555668,-0.3313805,5.369046,-5.317721,2.2560568
2002-02-01,friuli_venezia_giulia,46.163567860471964,13.042519849999946,219.1607,77.63689,74.50039,4.0732565,8.608728,-0.39642859,2.2114058
2002-03-01,friuli_venezia_giulia,46.163567860471964,13.042519849999946,121.23871,64.19656,159.57613,7.530284,13.544005,1.7585814,2.666812
2002-04-01,friuli_venezia_giulia,46.163567860471964,13.042519849999946,423.24002,71.447395,167.49928,8.9398775,13.88471,4.0825768,2.6551735
2002-05-01,friuli_venezia_giulia,46.163567860471964,13.042519849999946,441.90326,76.815254,199.69371,14.346219,19.436256,9.432823,2.1309402
2002-06-01,friuli_venezia_giulia,46.163567860471964,13.042519849999946,362.66003,69.72313,252.58388,19.50795,25.071695,13.480616,2.1289752
2002-07-01,friuli_venezia_giulia,46.163567860471964,13.042519849999946,345.30322,72.071884,242.46341,19.769104,25.46097,14.38873,2.1839364
2002-08-01,friuli_venezia_giulia,46.163567860471964,13.042519849999946,535.97095,77.73162,206.90395,18.718187,24.268692,13.8247175,1.8413141
2002-09-01,friuli_venezia_giulia,46.163567860471964,13.042519849999946,393.42004,77.73541,155.87851,13.900352,19.508783,9.378032,1.9236382
2002-10-01,friuli_venezia_giulia,46.163567860471964,13.042519849999946,389.7,80.92994,98.42386,10.812621,15.567645,6.5774536,1.929046
2002-11-01,friuli_venezia_giulia,46.163567860471964,13.042519849999946,940.56335,84.2128,48.553764,7.878609,11.714028,4.5171185,2.1359148
2002-12-01,friuli_venezia_giulia,46.163567860471964,13.042519849999946,179.54193,84.1479,34.639957,2.2267084,4.9884806,-0.18369064,2.018466
2003-01-01,friuli_venezia_giulia,46.163567860471964,13.042519849999946,118.43227,79.41582,56.84669,-0.40577173,4.0217586,-4.508009,1.9823128
2003-02-01,friuli_venezia_giulia,46.163567860471964,13.042519849999946,41.817856,62.127125,114.043396,-1.1616205,4.481613,-6.4916515,2.2974467
2003-03-01,friuli_venezia_giulia,46.163567860471964,13.042519849999946,1.8935483,60.674248,160.27472,6.4256816,12.99511,-0.22828649,2.0586376
2003-04-01,friuli_venezia_giulia,46.163567860471964,13.042519849999946,309.46,66.69626,182.9803,8.20714,13.587581,3.1021504,2.4636667
2003-05-01,friuli_venezia_giulia,46.163567860471964,13.042519849999946,213.58064,64.19674,243.68053,16.004274,22.564447,9.022879,2.1682222
2003-06-01,friuli_venezia_giulia,46.163567860471964,13.042519849999946,190.73668,66.733,266.77277,21.704845,27.905838,15.051193,1.9935284
2003-07-01,friuli_venezia_giulia,46.163567860471964,13.042519849999946,285.07742,64.47788,263.40793,20.7358,27.004606,14.61368,1.877704
2003-08-01,friuli_venezia_giulia,46.163567860471964,13.042519849999946,334.66132,65.517,229.56157,22.816763,29.514368,16.11394,1.9217399
2003-09-01,friuli_venezia_giulia,46.163567860471964,13.042519849999946,156.35667,69.66537,173.8448,14.424129,20.642164,8.504634,1.7504292
2003-10-01,friuli_venezia_giulia,46.163567860471964,13.042519849999946,448.05807,79.027794,98.95455,8.138948,12.477647,3.7307215,1.8987166
2003-11-01,friuli_venezia_giulia,46.163567860471964,13.042519849999946,634.95667,85.53659,53.473118,6.5707884,10.205625,3.0390718,1.6804751
2003-12-01,friuli_venezia_giulia,46.163567860471964,13.042519849999946,389.73227,73.71803,48.164413,1.8386923,5.9585567,-2.1529555,1.9358921
2004-01-01,friuli_venezia_giulia,46.163567860471964,13.042519849999946,91.96774,76.28368,56.169617,-1.4113563,2.9652238,-5.7723927,1.7146808
2004-02-01,friuli_venezia_giulia,46.163567860471964,13.042519849999946,338.9655,74.804955,77.77939,1.4339932,5.9628215,-2.931932,2.0164967
2004-03-01,friuli_venezia_giulia,46.163567860471964,13.042519849999946,198.9129,73.301315,134.54839,3.9990253,8.965887,-0.54443294,1.9767123
2004-04-01,friuli_venezia_giulia,46.163567860471964,13.042519849999946,242.66333,74.4539,160.91039,9.35577,13.999064,4.576849,2.010404
2004-05-01,friuli_venezia_giulia,46.163567860471964,13.042519849999946,385.56775,68.79617,222.08325,12.17486,17.420128,6.5812006,2.194499
2004-06-01,friuli_venezia_giulia,46.163567860471964,13.042519849999946,419.57336,67.63499,233.01723,17.509949,22.96967,11.883371,2.0914538
2004-07-01,friuli_venezia_giulia,46.163567860471964,13.042519849999946,263.6903,66.797386,246.393,19.281008,25.217594,13.167963,2.1566541
2004-08-01,friuli_venezia_giulia,46.163567860471964,13.042519849999946,392.9613,72.62532,211.88799,19.510475,25.433445,13.921897,2.0200136
2004-09-01,friuli_venezia_giulia,46.163567860471964,13.042519849999946,295.59335,73.37664,164.16737,15.19434,20.905306,9.802989,1.9503475
2004-10-01,friuli_venezia_giulia,46.163567860471964,13.042519849999946,725.1,85.57683,78.24697,12.13403,16.183407,8.449843,1.8514755
2004-11-01,friuli_venezia_giulia,46.163567860471964,13.042519849999946,262.55667,73.633766,57.974552,5.100978,9.7569065,1.2522974,2.0303617
2004-12-01,friuli_venezia_giulia,46.163567860471964,13.042519849999946,311.6484,77.441536,45.561916,1.2644986,5.785751,-2.5446272,1.7080302
2005-01-01,friuli_venezia_giulia,46.163567860471964,13.042519849999946,23.480644,69.18379,63.21332,-1.066795,4.314301,-5.8373604,1.9565202
2005-02-01,friuli_venezia_giulia,46.163567860471964,13.042519849999946,48.207146,62.598564,96.78457,-0.9826726,3.9899538,-6.0658565,2.215133
2005-03-01,friuli_venezia_giulia,46.163567860471964,13.042519849999946,74.86129,65.70995,144.81998,4.3575163,10.267304,-1.5835209,1.997409
2005-04-01,friuli_venezia_giulia,46.163567860471964,13.042519849999946,445.07666,69.89434,173.3706,8.835139,14.180414,4.042215,2.1420424
2005-05-01,friuli_venezia_giulia,46.163567860471964,13.042519849999946,227.69034,64.28744,238.1509,14.788637,20.89191,8.966892,2.158339
2005-06-01,friuli_venezia_giulia,46.163567860471964,13.042519849999946,235.82333,61.76921,250.05807,18.592613,24.615044,12.688397,2.024014
2005-07-01,friuli_venezia_giulia,46.163567860471964,13.042519849999946,364.86133,66.453636,243.57059,19.590382,25.186232,13.7627535,1.6770728
2005-08-01,friuli_venezia_giulia,46.163567860471964,13.042519849999946,462.88385,72.25235,183.73811,17.496597,22.655,12.498824,1.8826836
2005-09-01,friuli_venezia_giulia,46.163567860471964,13.042519849999946,420.95,76.85382,151.21146,15.462849,20.511663,10.936099,1.7276844
2005-10-01,friuli_venezia_giulia,46.163567860471964,13.042519849999946,378.7226,80.80941,87.09192,10.591501,14.934477,6.59077,1.7936307
2005-11-01,friuli_venezia_giulia,46.163567860471964,13.042519849999946,310.68665,79.53273,58.25018,4.4760604,8.722993,0.39143354,1.7194964
2005-12-01,friuli_venezia_giulia,46.163567860471964,13.042519849999946,240.50323,79.966515,45.089146,-1.1792991,3.5483181,-4.6766562,1.8398833
2006-01-01,friuli_venezia_giulia,46.163567860471964,13.042519849999946,90.69678,79.16708,58.676033,-2.1183627,3.2556224,-5.65787,1.8334144
2006-02-01,friuli_venezia_giulia,46.163567860471964,13.042519849999946,210.11072,76.30245,86.25153,0.27690485,4.8224845,-3.8210561,1.907671
2006-03-01,friuli_venezia_giulia,46.163567860471964,13.042519849999946,301.56775,72.24359,132.23378,3.3366702,7.6798997,-1.0635033,2.0758817
2006-04-01,friuli_venezia_giulia,46.163567860471964,13.042519849999946,346.56332,72.80488,167.93799,9.510662,15.285753,4.0924444,1.813993
2006-05-01,friuli_venezia_giulia,46.163567860471964,13.042519849999946,274.33868,69.186935,213.67986,13.776802,19.775421,7.9648347,2.0675015
2006-06-01,friuli_venezia_giulia,46.163567860471964,13.042519849999946,82.3,59.254288,265.55377,18.51425,24.721157,11.707986,1.9312056
2006-07-01,friuli_venezia_giulia,46.163567860471964,13.042519849999946,176.11613,59.704544,267.47382,22.323711,29.232311,15.5535755,1.9694784
2006-08-01,friuli_venezia_giulia,46.163567860471964,13.042519849999946,558.1032,73.00847,178.5973,16.509998,21.808466,11.920877,1.9184453
2006-09-01,friuli_venezia_giulia,46.163567860471964,13.042519849999946,276.4,74.0386,175.03046,16.641823,22.536737,11.20905,1.7980957
2006-10-01,friuli_venezia_giulia,46.163567860471964,13.042519849999946,201.08386,76.73471,105.67257,12.3913355,17.894184,7.525338,1.7983012
2006-11-01,friuli_venezia_giulia,46.163567860471964,13.042519849999946,138.72333,75.12673,60.40645,6.7320647,11.823337,2.1601005,1.5431064
2006-12-01,friuli_venezia_giulia,46.163567860471964,13.042519849999946,398.07742,81.885704,46.261185,2.8631182,6.9023476,-0.8222061,1.5141696
2007-01-01,friuli_venezia_giulia,46.163567860471964,13.042519849999946,302.1613,80.539154,51.042664,3.4167743,7.797614,-0.67960465,1.6531606
2007-02-01,friuli_venezia_giulia,46.163567860471964,13.042519849999946,235.79643,78.29609,92.28264,3.837296,9.239911,-1.0043318,1.4584727
2007-03-01,friuli_venezia_giulia,46.163567860471964,13.042519849999946,344.44196,71.11309,135.74298,6.6972737,12.0126705,1.5662087,2.169499
2007-04-01,friuli_venezia_giulia,46.163567860471964,13.042519849999946,40.9,63.609837,227.55843,12.891183,19.699211,6.1045666,1.9867128
2007-05-01,friuli_venezia_giulia,46.163567860471964,13.042519849999946,301.4645,68.47618,223.47382,15.653856,21.598722,9.707506,2.2793686
2007-06-01,friuli_venezia_giulia,46.163567860471964,13.042519849999946,322.32666,72.69081,222.1914,18.822788,23.964766,13.7016735,2.0053723
2007-07-01,friuli_venezia_giulia,46.163567860471964,13.042519849999946,318.9839,62.595818,267.40997,20.078785,26.625881,13.5513115,2.0684521
2007-08-01,friuli_venezia_giulia,46.163567860471964,13.042519849999946,387.36777,74.59243,198.1606,18.622309,24.291882,13.25226,1.8690698
2007-09-01,friuli_venezia_giulia,46.163567860471964,13.042519849999946,541.19666,73.27693,175.36559,13.620655,19.870594,8.021169,1.8565531
2007-10-01,friuli_venezia_giulia,46.163567860471964,13.042519849999946,204.24194,78.119865,105.34443,9.758172,15.075487,5.0725284,1.673236
2007-11-01,friuli_venezia_giulia,46.163567860471964,13.042519849999946,252.85666,72.764755,68.12688,4.439563,9.42005,0.23873475,1.687163
2007-12-01,friuli_venezia_giulia,46.163567860471964,13.042519849999946,64.35806,76.32842,49.561565,0.86095035,5.672161,-3.1550713,1.5960742
2008-01-01,friuli_venezia_giulia,46.163567860471964,13.042519849999946,398.6484,81.588036,47.909817,2.5626326,6.7767806,-0.7513251,1.3698936
2008-02-01,friuli_venezia_giulia,46.163567860471964,13.042519849999946,151.42413,75.095695,100.70672,2.9263477,8.446488,-1.7476084,1.5436792
2008-03-01,friuli_venezia_giulia,46.163567860471964,13.042519849999946,267.1903,76.73412,124.787384,4.7315645,9.604405,0.56238645,2.1583972
2008-04-01,friuli_venezia_giulia,46.163567860471964,13.042519849999946,464.4167,74.77217,161.0319,8.78682,13.956186,4.0965056,1.8292873
2008-05-01,friuli_venezia_giulia,46.163567860471964,13.042519849999946,408.3581,71.640625,225.08047,14.931964,20.455244,9.659299,1.9550377
2008-06-01,friuli_venezia_giulia,46.163567860471964,13.042519849999946,410.19,76.37855,225.50824,18.436867,23.790861,13.697835,1.6742518
2008-07-01,friuli_venezia_giulia,46.163567860471964,13.042519849999946,481.43872,72.291275,246.36803,19.651894,25.588457,14.274278,1.8808064
2008-08-01,friuli_venezia_giulia,46.163567860471964,13.042519849999946,351.2387,74.3842,222.8609,19.58269,25.750233,14.251443,1.7435344
2008-09-01,friuli_venezia_giulia,46.163567860471964,13.042519849999946,254.57333,75.65793,154.48924,13.951029,19.659986,9.236928,1.6660887
2008-10-01,friuli_venezia_giulia,46.163567860471964,13.042519849999946,653.0645,79.862915,99.23691,11.367648,16.94864,6.5763373,1.6005044
2008-11-01,friuli_venezia_giulia,46.163567860471964,13.042519849999946,676.11334,82.3188,55.54803,5.0088925,9.325871,1.9214839,1.5152695
2008-12-01,friuli_venezia_giulia,46.163567860471964,13.042519849999946,717.98706,82.93499,42.30038,0.5302359,4.3388486,-2.3898475,1.645096
2009-01-01,friuli_venezia_giulia,46.163567860471964,13.042519849999946,314.1032,79.486664,52.128685,-1.4350848,3.1182938,-4.9410996,1.4614035
2009-02-01,friuli_venezia_giulia,46.163567860471964,13.042519849999946,335.31787,70.96005,94.706215,0.5755913,5.8799386,-4.136659,1.6395552
2009-03-01,friuli_venezia_giulia,46.163567860471964,13.042519849999946,555.5581,69.19731,137.8904,4.47523,9.946759,-0.3370829,2.0411222
2009-04-01,friuli_venezia_giulia,46.163567860471964,13.042519849999946,298.4167,76.0401,168.5534,10.258956,15.962043,5.487079,1.8896807
2009-05-01,friuli_venezia_giulia,46.163567860471964,13.042519849999946,100.454834,68.137825,249.51231,16.06277,22.482698,10.028317,1.7948078
2009-06-01,friuli_venezia_giulia,46.163567860471964,13.042519849999946,404.66333,71.02153,220.6631,17.449709,22.966156,12.314885,1.8421205
2009-07-01,friuli_venezia_giulia,46.163567860471964,13.042519849999946,311.4258,70.88341,254.56538,19.862833,26.041903,14.345176,1.7757653
2009-08-01,friuli_venezia_giulia,46.163567860471964,13.042519849999946,222.11937,70.93038,236.02707,21.043198,27.383532,15.532153,1.6619492
2009-09-01,friuli_venezia_giulia,46.163567860471964,13.042519849999946,370.61,77.46438,163.88387,16.366556,22.29385,11.500704,1.750273
2009-10-01,friuli_venezia_giulia,46.163567860471964,13.042519849999946,271.50323,77.05714,112.818245,10.098144,15.84864,5.6906385,1.5746568
2009-11-01,friuli_venezia_giulia,46.163567860471964,13.042519849999946,465.84,86.21171,49.298565,6.3344517,10.380014,3.1183367,1.3632836
2009-12-01,friuli_venezia_giulia,46.163567860471964,13.042519849999946,698.10645,84.63875,38.26292,0.20603189,3.8422754,-2.714384,1.7063074
2010-01-01,friuli_venezia_giulia,46.163567860471964,13.042519849999946,212.6,80.89902,48.444324,-1.499223,1.843035,-4.3155394,1.3980027
2010-02-01,friuli_venezia_giulia,46.163567860471964,13.042519849999946,424.13214,80.1697,78.63172,1.0576766,4.977012,-2.2864976,1.4922378
2010-03-01,friuli_venezia_giulia,46.163567860471964,13.042519849999946,165.80646,73.913704,133.49358,4.2727885,8.864904,0.27705187,2.0063143
2010-04-01,friuli_venezia_giulia,46.163567860471964,13.042519849999946,152.73999,69.46538,207.98854,9.751483,15.29444,4.3685265,1.8587871
2010-05-01,friuli_venezia_giulia,46.163567860471964,13.042519849999946,697.31616,75.982834,190.889,13.038023,17.310762,9.057394,1.8238161
2010-06-01,friuli_venezia_giulia,46.163567860471964,13.042519849999946,364.82666,73.71032,248.28673,17.718975,22.912569,12.489892,1.6675922
2010-07-01,friuli_venezia_giulia,46.163567860471964,13.042519849999946,349.46777,71.95695,260.63095,20.765827,26.662855,15.025806,1.641129
2010-08-01,friuli_venezia_giulia,46.163567860471964,13.042519849999946,479.9516,79.78165,208.26222,18.45651,23.862751,13.516263,1.5980198
2010-09-01,friuli_venezia_giulia,46.163567860471964,13.042519849999946,799.88007,80.28211,154.80681,13.900501,19.108315,9.69482,1.4829183
2010-10-01,friuli_venezia_giulia,46.163567860471964,13.042519849999946,599.8452,80.16764,99.27922,8.7768755,13.666152,4.764641,1.6093032
2010-11-01,friuli_venezia_giulia,46.163567860471964,13.042519849999946,986.86,89.2714,43.189247,6.1517024,9.13229,3.6249607,1.2489965
2010-12-01,friuli_venezia_giulia,46.163567860471964,13.042519849999946,694.5194,80.70615,38.503986,-0.61701703,2.9144747,-3.7698925,1.3676251
2011-01-01,friuli_venezia_giulia,46.163567860471964,13.042519849999946,150.66129,77.264206,49.841137,0.14727364,3.7267673,-2.909674,1.3211564
2011-02-01,friuli_venezia_giulia,46.163567860471964,13.042519849999946,155.40356,71.62797,94.491554,2.2667203,7.4112744,-1.7287978,1.4792174
2011-03-01,friuli_venezia_giulia,46.163567860471964,13.042519849999946,485.72577,69.615906,148.24106,5.4618,10.618962,0.912258,2.029475
2011-04-01,friuli_venezia_giulia,46.163567860471964,13.042519849999946,109.346664,61.316814,216.85484,11.410694,17.8907,5.3478885,1.861358
2011-05-01,friuli_venezia_giulia,46.163567860471964,13.042519849999946,306.62906,62.564686,261.37045,15.068478,21.35009,8.482951,1.8072752
2011-06-01,friuli_venezia_giulia,46.163567860471964,13.042519849999946,545.51,75.31227,216.39821,17.630226,22.407919,13.055531,1.6761241
2011-07-01,friuli_venezia_giulia,46.163567860471964,13.042519849999946,492.82904,73.48714,240.14949,18.42114,23.663649,13.281293,1.8469387
2011-08-01,friuli_venezia_giulia,46.163567860471964,13.042519849999946,183.79675,72.78963,234.62851,20.32075,26.5762,14.465523,1.540096
2011-09-01,friuli_venezia_giulia,46.163567860471964,13.042519849999946,414.80334,76.386,174.83441,17.897064,24.095514,12.735441,1.5068582
2011-10-01,friuli_venezia_giulia,46.163567860471964,13.042519849999946,603.0549,76.75445,118.248,9.537769,15.384973,4.875467,1.5727247
2011-11-01,friuli_venezia_giulia,46.163567860471964,13.042519849999946,195.25333,77.88731,64.63046,4.9784017,10.343057,1.2911434,1.3123192
2011-12-01,friuli_venezia_giulia,46.163567860471964,13.042519849999946,202.61935,80.91665,40.830387,1.9205862,5.972622,-1.5477904,1.1518394
2012-01-01,friuli_venezia_giulia,46.163567860471964,13.042519849999946,95.26453,69.90562,64.389175,-0.48013183,4.8995175,-4.5981717,1.5269115
2012-02-01,friuli_venezia_giulia,46.163567860471964,13.042519849999946,43.779312,61.20128,98.86838,-1.0531999,3.859377,-5.526292,2.4413242
2012-03-01,friuli_venezia_giulia,46.163567860471964,13.042519849999946,48.609676,61.33365,172.23102,8.339389,15.373884,2.0229378,1.8532876
2012-04-01,friuli_venezia_giulia,46.163567860471964,13.042519849999946,607.0233,74.77966,161.61864,8.914541,13.313366,4.7230678,1.9648616
2012-05-01,friuli_venezia_giulia,46.163567860471964,13.042519849999946,377.26453,68.8584,228.74435,14.1407795,19.709429,8.584034,1.8917707
2012-06-01,friuli_venezia_giulia,46.163567860471964,13.042519849999946,369.94,72.41787,230.624,18.940716,24.00805,13.764986,1.726507
2012-07-01,friuli_venezia_giulia,46.163567860471964,13.042519849999946,444.85486,69.51983,246.71765,20.653212,26.18198,15.237859,2.0018497
2012-08-01,friuli_venezia_giulia,46.163567860471964,13.042519849999946,243.27419,68.53084,238.15503,20.91558,27.342054,14.978643,1.6634454
2012-09-01,friuli_venezia_giulia,46.163567860471964,13.042519849999946,602.25665,77.275024,146.38602,15.843447,21.009354,11.378358,1.5322872
2012-10-01,friuli_venezia_giulia,46.163567860471964,13.042519849999946,683.9613,82.859184,95.91779,10.9353,15.710176,7.1706967,1.3935277
2012-11-01,friuli_venezia_giulia,46.163567860471964,13.042519849999946,993.69666,85.59213,47.950535,6.86882,10.495634,3.9067202,1.4221383
2012-12-01,friuli_venezia_giulia,46.163567860471964,13.042519849999946,203.3871,79.54358,43.914673,-0.10674638,3.9401178,-3.3322718,1.2666093
2013-01-01,friuli_venezia_giulia,46.163567860471964,13.042519849999946,258.8355,82.11996,46.10198,1.2853761,4.979646,-1.8703501,1.4698386
2013-02-01,friuli_venezia_giulia,46.163567860471964,13.042519849999946,312.97858,76.287254,82.48618,-0.034930814,4.094481,-3.7350194,1.5925988
2013-03-01,friuli_venezia_giulia,46.163567860471964,13.042519849999946,655.9032,77.535736,113.924385,3.635581,7.530572,0.3485849,1.5367091
2013-04-01,friuli_venezia_giulia,46.163567860471964,13.042519849999946,259.62665,75.97282,163.5129,10.052814,14.819824,5.8805265,1.583156
2013-05-01,friuli_venezia_giulia,46.163567860471964,13.042519849999946,886.3032,79.674225,183.55914,12.263866,16.585354,8.471304,1.8406762
2013-06-01,friuli_venezia_giulia,46.163567860471964,13.042519849999946,203.08334,69.32123,257.5251,17.33472,22.951855,11.84092,1.7186347
2013-07-01,friuli_venezia_giulia,46.163567860471964,13.042519849999946,149.34193,65.1112,271.13977,21.356676,27.555517,15.401939,1.8394027
2013-08-01,friuli_venezia_giulia,46.163567860471964,13.042519849999946,366.39355,66.96366,231.21056,19.96097,26.353897,13.954821,1.7282085
2013-09-01,friuli_venezia_giulia,46.163567860471964,13.042519849999946,415.25665,79.6332,162.62079,15.236956,20.592262,10.713142,1.4710567
2013-10-01,friuli_venezia_giulia,46.163567860471964,13.042519849999946,410.35486,84.498276,82.26986,11.513982,15.5266485,8.235394,1.396026
2013-11-01,friuli_venezia_giulia,46.163567860471964,13.042519849999946,671.25,79.91097,51.184593,6.046767,9.335181,3.230749,1.675773
2013-12-01,friuli_venezia_giulia,46.163567860471964,13.042519849999946,370.00323,78.43317,45.15505,2.7998405,7.459534,-0.50934094,1.1146328
2014-01-01,friuli_venezia_giulia,46.163567860471964,13.042519849999946,1259.0098,88.565216,37.072495,3.5183663,6.2917824,1.2631077,1.1572512
2014-02-01,friuli_venezia_giulia,46.163567860471964,13.042519849999946,1129.5178,87.3318,66.55991,4.2414403,7.530034,1.436993,1.486402
2014-03-01,friuli_venezia_giulia,46.163567860471964,13.042519849999946,288.14194,70.19942,154.1533,7.2995253,13.153454,2.389639,1.7390288
2014-04-01,friuli_venezia_giulia,46.163567860471964,13.042519849999946,179.62,71.83385,177.60216,10.749742,15.967794,6.053544,1.5726701
2014-05-01,friuli_venezia_giulia,46.163567860471964,13.042519849999946,249.33548,69.99037,227.92368,13.209836,18.477264,8.070808,1.8074535
2014-06-01,friuli_venezia_giulia,46.163567860471964,13.042519849999946,462.43335,71.01309,248.53297,17.770634,23.383747,12.280103,1.7201169
2014-07-01,friuli_venezia_giulia,46.163567860471964,13.042519849999946,593.07104,79.75023,212.53348,18.353363,23.53773,13.711259,1.5207584
2014-08-01,friuli_venezia_giulia,46.163567860471964,13.042519849999946,579.48065,81.67402,187.95804,17.49623,22.479813,13.043062,1.4868805
2014-09-01,friuli_venezia_giulia,46.163567860471964,13.042519849999946,291.69333,83.23657,145.53369,14.941953,20.029325,10.869053,1.2592092
2014-10-01,friuli_venezia_giulia,46.163567860471964,13.042519849999946,221.2258,81.40966,106.46687,12.324676,17.283659,8.433268,1.3367673
2014-11-01,friuli_venezia_giulia,46.163567860471964,13.042519849999946,1321.1467,88.026405,44.25484,8.489366,11.746459,6.0019426,1.2755743
2014-12-01,friuli_venezia_giulia,46.163567860471964,13.042519849999946,287.9516,81.26708,39.42768,2.8506625,6.122349,0.22677079,1.1822717
2015-01-01,friuli_venezia_giulia,46.163567860471964,13.042519849999946,195.6,77.197525,54.954216,1.5534027,6.083385,-2.1438365,1.2496535
2015-02-01,friuli_venezia_giulia,46.163567860471964,13.042519849999946,64.814285,73.785385,86.13786,2.1093237,6.6240287,-1.711724,1.7381915
2015-03-01,friuli_venezia_giulia,46.163567860471964,13.042519849999946,302.05164,68.86812,139.63441,5.7572703,10.984654,1.172716,1.9099349
2015-04-01,friuli_venezia_giulia,46.163567860471964,13.042519849999946,132.53667,64.573586,206.95699,9.378802,15.147203,3.790394,1.9963617
2015-05-01,friuli_venezia_giulia,46.163567860471964,13.042519849999946,383.3742,74.31362,202.44017,14.594668,19.444145,9.92616,1.8372306
2015-06-01,friuli_venezia_giulia,46.163567860471964,13.042519849999946,423.14,71.77072,244.90681,18.33434,23.761309,12.949476,1.6671348
2015-07-01,friuli_venezia_giulia,46.163567860471964,13.042519849999946,257.14838,70.53736,255.99307,22.27108,28.012188,16.6242,1.643689
2015-08-01,friuli_venezia_giulia,46.163567860471964,13.042519849999946,400.9484,74.28582,216.67604,20.276918,26.254438,15.063526,1.2782258
2015-09-01,friuli_venezia_giulia,46.163567860471964,13.042519849999946,536.8767,77.2032,153.69032,14.872451,19.800653,10.489778,1.6881099
2015-10-01,friuli_venezia_giulia,46.163567860471964,13.042519849999946,589.4452,81.645584,88.95352,10.128644,14.660568,6.583684,1.4606246
2015-11-01,friuli_venezia_giulia,46.163567860471964,13.042519849999946,35.88333,76.69948,69.00108,6.0839896,11.669504,1.9064624,1.1196666
2015-12-01,friuli_venezia_giulia,46.163567860471964,13.042519849999946,0.0,79.26797,49.885532,2.4891398,7.7311893,-1.1209852,0.7781743
2016-01-01,friuli_venezia_giulia,46.163567860471964,13.042519849999946,216.90645,78.26274,54.304893,0.46122095,5.1828165,-3.303923,1.0304701
2016-02-01,friuli_venezia_giulia,46.163567860471964,13.042519849999946,815.2448,84.73749,66.34927,3.7060144,7.196537,0.84035957,1.5528905
2016-03-01,friuli_venezia_giulia,46.163567860471964,13.042519849999946,273.8484,74.908005,132.32814,5.489934,10.200485,1.5288414,1.8610158
2016-04-01,friuli_venezia_giulia,46.163567860471964,13.042519849999946,233.22334,75.640144,181.17885,10.185329,15.3747,5.5454016,1.6678084
2016-05-01,friuli_venezia_giulia,46.163567860471964,13.042519849999946,492.4613,75.546814,196.04788,12.92508,18.224554,8.103424,1.521026
2016-06-01,friuli_venezia_giulia,46.163567860471964,13.042519849999946,530.12665,77.60967,217.68889,17.557352,22.668287,12.660153,1.5155886
2016-07-01,friuli_venezia_giulia,46.163567860471964,13.042519849999946,350.5774,71.34237,237.95319,20.481743,26.387661,14.82249,1.5578964
2016-08-01,friuli_venezia_giulia,46.163567860471964,13.042519849999946,351.51614,73.318085,231.44469,18.989344,25.125462,13.156059,1.3974124
2016-09-01,friuli_venezia_giulia,46.163567860471964,13.042519849999946,249.53668,76.731384,174.37024,17.020115,23.154055,12.193311,1.268695
2016-10-01,friuli_venezia_giulia,46.163567860471964,13.042519849999946,381.81293,82.1673,93.80541,9.7101,14.514683,5.8843875,1.2114002
2016-11-01,friuli_venezia_giulia,46.163567860471964,13.042519849999946,617.99,83.51826,51.154118,5.826699,9.443669,2.6105628,1.111812
2016-12-01,friuli_venezia_giulia,46.163567860471964,13.042519849999946,0.19354838,70.5714,54.942425,1.6324315,7.784745,-2.56649,0.9316437
2017-01-01,friuli_venezia_giulia,46.163567860471964,13.042519849999946,116.99677,65.11408,64.61742,-2.8242974,3.0141034,-7.5576377,1.7481949
2017-02-01,friuli_venezia_giulia,46.163567860471964,13.042519849999946,354.9786,81.081,75.74078,3.3775537,7.633587,-0.14025722,1.5312234
2017-03-01,friuli_venezia_giulia,46.163567860471964,13.042519849999946,95.31936,70.35787,156.70967,7.589847,14.232296,1.9207423,1.8334866
2017-04-01,friuli_venezia_giulia,46.163567860471964,13.042519849999946,483.78,68.65973,188.2534,9.647817,15.40368,4.4164047,1.9455354
2017-05-01,friuli_venezia_giulia,46.163567860471964,13.042519849999946,156.89032,74.43597,223.4551,14.629177,20.410517,9.1058035,1.4582772
2017-06-01,friuli_venezia_giulia,46.163567860471964,13.042519849999946,468.96332,71.7933,242.54767,19.479176,25.602839,13.641071,1.9637269
2017-07-01,friuli_venezia_giulia,46.163567860471964,13.042519849999946,291.0871,71.77349,237.08255,20.041965,26.3501,14.017142,1.418133
2017-08-01,friuli_venezia_giulia,46.163567860471964,13.042519849999946,241.2129,70.96017,226.00833,20.797049,27.736187,14.640544,1.4801407
2017-09-01,friuli_venezia_giulia,46.163567860471964,13.042519849999946,609.5067,84.30387,114.3362,13.462508,18.036034,9.524548,1.3967942
2017-10-01,friuli_venezia_giulia,46.163567860471964,13.042519849999946,89.60645,75.24797,113.22823,10.468373,17.042873,5.4190493,1.44663
2017-11-01,friuli_venezia_giulia,46.163567860471964,13.042519849999946,492.99,81.36201,54.509678,4.3177886,9.110491,0.696853,1.338039
2017-12-01,friuli_venezia_giulia,46.163567860471964,13.042519849999946,500.04517,81.24815,41.218174,0.01374259,4.54898,-3.7613459,1.2150687
2018-01-01,friuli_venezia_giulia,46.163567860471964,13.042519849999946,249.25806,83.06538,52.814777,2.5561879,6.543823,-0.670333,1.1527317
2018-02-01,friuli_venezia_giulia,46.163567860471964,13.042519849999946,221.57501,74.83426,81.400154,-0.50597167,3.1999884,-3.6389863,1.7447416
2018-03-01,friuli_venezia_giulia,46.163567860471964,13.042519849999946,481.59357,80.96733,113.11239,3.8275163,7.7699585,0.4883038,1.516932
2018-04-01,friuli_venezia_giulia,46.163567860471964,13.042519849999946,306.6,73.144554,204.83656,12.32613,18.309923,6.9733367,1.5135318
2018-05-01,friuli_venezia_giulia,46.163567860471964,13.042519849999946,408.3581,78.373886,200.80402,15.742713,20.957083,11.084061,1.4908133
2018-06-01,friuli_venezia_giulia,46.163567860471964,13.042519849999946,261.24,71.55064,244.06238,18.655525,24.420454,13.033387,1.4993829
2018-07-01,friuli_venezia_giulia,46.163567860471964,13.042519849999946,293.56775,73.90877,240.10442,20.402798,26.388058,15.123084,1.3416506
2018-08-01,friuli_venezia_giulia,46.163567860471964,13.042519849999946,427.18387,73.33456,222.30002,20.832846,27.487324,15.317494,1.3642656
2018-09-01,friuli_venezia_giulia,46.163567860471964,13.042519849999946,160.56,78.00673,180.33655,16.576313,22.958218,11.582627,1.3336703
2018-10-01,friuli_venezia_giulia,46.163567860471964,13.042519849999946,813.42584,80.76619,105.31322,12.187738,17.447071,7.8587093,1.4036615
2018-11-01,friuli_venezia_giulia,46.163567860471964,13.042519849999946,478.67337,84.88629,49.432976,7.366627,10.524103,4.964222,1.1215603
2018-12-01,friuli_venezia_giulia,46.163567860471964,13.042519849999946,43.267742,78.68962,47.613598,1.4998473,5.9564347,-1.979896,0.97980773
2019-01-01,friuli_venezia_giulia,46.163567860471964,13.042519849999946,99.13548,71.95452,57.29622,-0.37631637,4.217936,-4.055487,1.3150136
2019-02-01,friuli_venezia_giulia,46.163567860471964,13.042519849999946,449.01428,71.24559,109.327576,3.7531643,10.061839,-0.95991164,1.2932408
2019-03-01,friuli_venezia_giulia,46.163567860471964,13.042519849999946,108.98711,67.19653,165.5522,6.6834335,13.026504,1.2243669,1.640652
2019-04-01,friuli_venezia_giulia,46.163567860471964,13.042519849999946,713.9267,77.36828,153.33083,9.667455,14.303813,5.531648,1.4864396
2019-05-01,friuli_venezia_giulia,46.163567860471964,13.042519849999946,696.9258,80.07269,164.76761,11.066829,15.255539,7.2889285,1.4977111
2019-06-01,friuli_venezia_giulia,46.163567860471964,13.042519849999946,89.003334,67.4628,260.16272,21.292803,27.31345,15.180978,1.6526206
2019-07-01,friuli_venezia_giulia,46.163567860471964,13.042519849999946,325.80646,73.415565,238.1984,20.81435,26.818913,15.259156,1.5776663
2019-08-01,friuli_venezia_giulia,46.163567860471964,13.042519849999946,299.13226,76.639366,215.40549,20.708889,26.41111,15.757007,1.400199
2019-09-01,friuli_venezia_giulia,46.163567860471964,13.042519849999946,369.37335,80.65249,163.32295,13.736265,18.72273,9.567763,1.5592729
2019-10-01,friuli_venezia_giulia,46.163567860471964,13.042519849999946,190.13872,83.5906,99.5647,11.971575,16.935581,8.104141,1.2063864
2019-11-01,friuli_venezia_giulia,46.163567860471964,13.042519849999946,1611.0134,90.49287,40.076702,6.7037306,9.484208,4.3011613,1.371234
2019-12-01,friuli_venezia_giulia,46.163567860471964,13.042519849999946,500.90002,81.44238,43.21228,2.869889,6.7363577,-0.23135285,1.1058717
2020-01-01,friuli_venezia_giulia,46.163567860471964,13.042519849999946,34.580643,74.75171,65.36975,1.8726152,7.447246,-2.3560598,1.0167707
2020-02-01,friuli_venezia_giulia,46.163567860471964,13.042519849999946,52.34483,70.87257,99.63256,4.309622,9.705132,-0.19147204,1.4261959
2020-03-01,friuli_venezia_giulia,46.163567860471964,13.042519849999946,384.98712,70.90033,145.0073,5.5122614,10.61879,1.1289247,1.7584692
2020-04-01,friuli_venezia_giulia,46.163567860471964,13.042519849999946,106.13334,57.87977,232.71472,10.802225,17.60544,4.013989,1.8122375
2020-05-01,friuli_venezia_giulia,46.163567860471964,13.042519849999946,310.61935,70.16094,228.80992,14.037047,19.201761,8.7777,1.7628757
2020-06-01,friuli_venezia_giulia,46.163567860471964,13.042519849999946,682.38,78.395226,218.21399,17.10817,21.812109,12.754269,1.4966274
2020-07-01,friuli_venezia_giulia,46.163567860471964,13.042519849999946,346.06128,74.40252,260.76135,19.706379,25.223133,14.233776,1.4797733
2020-08-01,friuli_venezia_giulia,46.163567860471964,13.042519849999946,734.6355,79.57364,207.94102,20.193794,25.807016,15.352812,1.4179821
2020-09-01,friuli_venezia_giulia,46.163567860471964,13.042519849999946,438.79,80.46034,171.18639,16.059788,21.610806,11.456666,1.4541062
2020-10-01,friuli_venezia_giulia,46.163567860471964,13.042519849999946,734.41943,85.764404,95.96115,9.847337,14.638591,6.110496,1.3084283
2020-11-01,friuli_venezia_giulia,46.163567860471964,13.042519849999946,58.120003,78.818214,73.44409,5.502118,10.968039,1.5287777,1.017078
2020-12-01,friuli_venezia_giulia,46.163567860471964,13.042519849999946,1086.0742,88.038704,31.78009,1.9968747,4.988751,-0.57609445,1.1699965
2021-01-01,friuli_venezia_giulia,46.163567860471964,13.042519849999946,538.86774,80.7673,49.461674,-0.8254006,2.940905,-4.2070446,1.1137784
2021-02-01,friuli_venezia_giulia,46.163567860471964,13.042519849999946,287.98572,76.3497,98.246544,3.33995,8.182393,-0.62957746,1.2004104
2021-03-01,friuli_venezia_giulia,46.163567860471964,13.042519849999946,35.887096,66.738846,172.10925,4.6088166,10.8558655,-0.91730136,1.5268016
2021-04-01,friuli_venezia_giulia,46.163567860471964,13.042519849999946,296.97668,68.97703,194.64192,7.5190897,12.492146,2.6197205,1.7198119
2021-05-01,friuli_venezia_giulia,46.163567860471964,13.042519849999946,781.7355,78.08736,210.71211,11.604563,16.434914,7.126646,1.7278825
2021-06-01,friuli_venezia_giulia,46.163567860471964,13.042519849999946,156.37666,70.00023,281.48743,19.831917,25.642336,13.877605,1.5576737
2021-07-01,friuli_venezia_giulia,46.163567860471964,13.042519849999946,338.29678,74.15875,239.54909,20.477592,26.067781,15.105878,1.4716885
2021-08-01,friuli_venezia_giulia,46.163567860471964,13.042519849999946,370.45807,76.316734,221.19388,18.98346,24.769672,13.788501,1.4089911
2021-09-01,friuli_venezia_giulia,46.163567860471964,13.042519849999946,250.03334,76.72144,182.03728,16.413256,22.302713,11.339164,1.3960743
2021-10-01,friuli_venezia_giulia,46.163567860471964,13.042519849999946,198.95483,78.741516,112.227196,9.483176,15.161429,5.0228095,1.5001305
2021-11-01,friuli_venezia_giulia,46.163567860471964,13.042519849999946,527.1633,82.96251,54.769894,6.0541363,9.999744,2.8578568,1.3998121
2021-12-01,friuli_venezia_giulia,46.163567860471964,13.042519849999946,193.41612,82.84277,44.32952,0.63538665,4.8239822,-2.818335,1.0669972
2022-01-01,friuli_venezia_giulia,46.163567860471964,13.042519849999946,135.35484,74.99344,69.520294,0.54966,6.0824866,-3.683219,1.2548559
2022-02-01,friuli_venezia_giulia,46.163567860471964,13.042519849999946,111.34643,73.45704,101.31797,2.8577533,8.424481,-1.6512518,1.5849698
2022-03-01,friuli_venezia_giulia,46.163567860471964,13.042519849999946,69.14194,59.471584,167.6625,4.509979,11.024154,-1.1180369,1.6108682
2022-04-01,friuli_venezia_giulia,46.163567860471964,13.042519849999946,263.71335,73.17117,183.86523,8.38205,13.556372,3.2862546,1.6844927
2022-05-01,friuli_venezia_giulia,46.163567860471964,13.042519849999946,150.10645,74.731255,226.3361,16.02027,21.338663,10.796632,1.6313453
2022-06-01,friuli_venezia_giulia,46.163567860471964,13.042519849999946,268.33667,72.37063,265.38278,20.494411,26.270885,14.626856,1.598124
2022-07-01,friuli_venezia_giulia,46.163567860471964,13.042519849999946,181.8355,65.06751,275.3198,22.27979,28.618557,16.099628,1.772855
2022-08-01,friuli_venezia_giulia,46.163567860471964,13.042519849999946,374.15808,73.18951,227.57855,20.655262,26.855936,15.180691,1.6666919
2022-09-01,friuli_venezia_giulia,46.163567860471964,13.042519849999946,587.64,80.55556,159.40753,14.771038,19.7425,10.485698,1.5787659
2022-10-01,friuli_venezia_giulia,46.163567860471964,13.042519849999946,130.15485,82.93831,119.50294,13.497926,19.52809,8.882611,1.2582017
2022-11-01,friuli_venezia_giulia,46.163567860471964,13.042519849999946,314.79333,84.41628,60.65448,6.4693937,10.893161,2.8751001,1.3540567
2022-12-01,friuli_venezia_giulia,46.163567860471964,13.042519849999946,386.28387,87.54153,34.130768,2.3510163,5.2405896,-0.11716962,1.2069457
2023-01-01,friuli_venezia_giulia,46.163567860471964,13.042519849999946,274.89355,83.22752,47.909817,2.3621576,5.7428446,-0.52950054,1.4221208
2023-02-01,friuli_venezia_giulia,46.163567860471964,13.042519849999946,9.764286,71.14935,102.03879,2.5865207,8.166529,-1.9711212,1.6431876
2023-03-01,friuli_venezia_giulia,46.163567860471964,13.042519849999946,207.35806,74.21538,140.92854,6.6614676,11.780053,2.170607,1.7978619
2023-04-01,friuli_venezia_giulia,46.163567860471964,13.042519849999946,267.56668,71.28798,183.33405,8.21748,13.495981,3.2190323,1.7480744
2023-05-01,friuli_venezia_giulia,46.163567860471964,13.042519849999946,438.72903,75.22021,192.14359,14.006132,18.494802,9.713493,1.9364893
2023-06-01,friuli_venezia_giulia,46.163567860471964,13.042519849999946,396.80667,74.03582,259.87598,18.507954,24.063944,13.269712,1.6718863
2023-07-01,friuli_venezia_giulia,46.163567860471964,13.042519849999946,654.97095,78.150566,253.48837,20.289152,25.831882,15.0582,1.563411
2023-08-01,friuli_venezia_giulia,46.163567860471964,13.042519849999946,532.6032,78.00553,214.9289,19.821573,25.412102,14.922335,1.2935346
2023-09-01,friuli_venezia_giulia,46.163567860471964,13.042519849999946,183.17001,79.80527,186.68817,17.477964,23.52203,12.403698,1.4234327
2023-10-01,friuli_venezia_giulia,46.163567860471964,13.042519849999946,701.08386,84.69223,103.64308,13.608577,18.297794,9.313974,1.6549073
2023-11-01,friuli_venezia_giulia,46.163567860471964,13.042519849999946,515.85333,82.469215,69.71111,5.103634,9.908097,1.0881146,1.6932977
2023-12-01,friuli_venezia_giulia,46.163567860471964,13.042519849999946,324.25806,86.934746,44.753727,2.7601492,6.8533373,-0.6144397,1.5056968
2024-01-01,friuli_venezia_giulia,46.163567860471964,13.042519849999946,268.6742,80.50449,63.620884,1.2779326,6.175022,-2.5700104,1.7024812
2024-02-01,friuli_venezia_giulia,46.163567860471964,13.042519849999946,409.5345,83.53546,77.09677,5.544305,9.993459,1.7496254,1.6760308
2024-03-01,friuli_venezia_giulia,46.163567860471964,13.042519849999946,478.10645,83.779854,112.84669,7.392768,11.689017,3.5054455,1.855216
2024-04-01,friuli_venezia_giulia,46.163567860471964,13.042519849999946,291.77335,76.008255,183.88101,10.211341,15.743314,4.9456234,2.1381702
2024-05-01,friuli_venezia_giulia,46.163567860471964,13.042519849999946,754.78394,82.74458,183.0347,13.76799,18.063938,9.77888,1.9627316
2024-06-01,friuli_venezia_giulia,46.163567860471964,13.042519849999946,402.22003,80.975914,223.24193,18.357117,23.148321,13.891828,2.0655744
2024-07-01,friuli_venezia_giulia,46.163567860471964,13.042519849999946,270.03873,76.156166,253.21954,21.81105,27.471333,16.359455,1.8687919
2024-08-01,friuli_venezia_giulia,46.163567860471964,13.042519849999946,156.83871,75.27247,233.51093,22.531271,28.796925,16.831131,1.7600685
2024-09-01,friuli_venezia_giulia,46.163567860471964,13.042519849999946,672.01,80.85957,137.89175,15.503379,20.248573,11.266775,2.03678
2024-10-01,friuli_venezia_giulia,46.163567860471964,13.042519849999946,787.3323,88.9639,82.119316,12.16626,16.019634,8.79277,1.7960397
2024-11-01,friuli_venezia_giulia,46.163567860471964,13.042519849999946,46.423332,78.97928,79.160934,4.932283,10.266448,0.47730473,1.6665958
2024-12-01,friuli_venezia_giulia,46.163567860471964,13.042519849999946,106.59678,76.49306,52.774193,1.9196807,6.570995,-1.97094,1.9219835
2000-01-01,liguria,44.26416938228943,8.759412094283594,11.154839,59.297974,67.158066,4.338011,8.930984,1.061543,2.8134809
2000-02-01,liguria,44.26416938228943,8.759412094283594,8.541379,58.051384,96.186195,6.93662,11.564523,3.4279368,2.7954783
2000-03-01,liguria,44.26416938228943,8.759412094283594,180.53549,61.428158,146.61882,8.445623,12.937231,4.9113975,3.1377783
2000-04-01,liguria,44.26416938228943,8.759412094283594,289.53,75.40871,165.12111,10.444194,14.651694,7.035111,2.4686182
2000-05-01,liguria,44.26416938228943,8.759412094283594,61.161293,71.99479,241.24625,17.000402,22.372303,12.697064,2.9361653
2000-06-01,liguria,44.26416938228943,8.759412094283594,104.19333,68.4186,269.44168,19.997866,25.724089,15.553837,2.2661397
2000-07-01,liguria,44.26416938228943,8.759412094283594,91.24516,63.817513,262.41882,19.402279,25.19585,14.554248,2.4632986
2000-08-01,liguria,44.26416938228943,8.759412094283594,98.45806,66.64986,225.40645,21.221859,28.267113,16.599558,1.9923204
2000-09-01,liguria,44.26416938228943,8.759412094283594,136.93668,68.8501,184.3889,17.483616,23.678577,13.70605,2.0993495
2000-10-01,liguria,44.26416938228943,8.759412094283594,545.0774,81.22575,91.65591,12.962946,17.135042,10.508865,2.5032935
2000-11-01,liguria,44.26416938228943,8.759412094283594,1015.54004,82.07723,48.807224,7.5555553,11.626856,5.4605274,2.6489785
2000-12-01,liguria,44.26416938228943,8.759412094283594,236.41937,72.07594,42.3086,5.9576616,9.561548,4.0526776,1.7907387
2001-01-01,liguria,44.26416938228943,8.759412094283594,454.35483,70.98818,44.803764,4.1343226,7.400645,1.8942095,2.8353016
2001-02-01,liguria,44.26416938228943,8.759412094283594,91.54643,58.88264,100.800606,5.9515777,11.02863,2.3952796,3.2421658
2001-03-01,liguria,44.26416938228943,8.759412094283594,419.29675,69.99753,118.24463,9.252484,12.7538,5.797683,2.728158
2001-04-01,liguria,44.26416938228943,8.759412094283594,109.76666,60.92377,200.41777,10.029966,14.823582,5.4858165,2.575844
2001-05-01,liguria,44.26416938228943,8.759412094283594,136.67741,71.64775,222.2656,16.12129,21.269543,11.395693,2.5315454
2001-06-01,liguria,44.26416938228943,8.759412094283594,9.086667,60.83781,277.2089,19.078817,25.158121,12.81981,2.692973
2001-07-01,liguria,44.26416938228943,8.759412094283594,56.570965,66.14437,272.3059,21.279366,26.877134,15.423574,2.5713632
2001-08-01,liguria,44.26416938228943,8.759412094283594,18.312902,63.190136,241.25107,22.453394,28.772644,16.833107,2.3309572
2001-09-01,liguria,44.26416938228943,8.759412094283594,250.98334,63.940292,171.35722,14.566177,20.618198,10.259405,2.4663868
2001-10-01,liguria,44.26416938228943,8.759412094283594,161.4129,77.776924,111.58388,14.961419,20.012167,11.338651,2.9618626
2001-11-01,liguria,44.26416938228943,8.759412094283594,88.91667,63.8031,68.46889,7.3726053,12.338761,4.452422,4.0451612
2001-12-01,liguria,44.26416938228943,8.759412094283594,3.103226,55.483067,62.23011,2.6619518,7.8700323,-0.15341933,2.5672371
2002-01-01,liguria,44.26416938228943,8.759412094283594,96.49678,57.755016,70.9672,2.970371,8.690371,-0.15497853,2.911311
2002-02-01,liguria,44.26416938228943,8.759412094283594,254.03572,65.09062,81.204765,6.1375356,10.779126,3.0552201,3.616584
2002-03-01,liguria,44.26416938228943,8.759412094283594,66.009674,55.934643,152.64946,9.483,15.011569,4.797989,3.3060043
2002-04-01,liguria,44.26416938228943,8.759412094283594,127.98334,64.45418,180.03389,10.510327,14.79884,6.2010164,3.1630106
2002-05-01,liguria,44.26416938228943,8.759412094283594,348.2581,70.9029,221.49893,14.321075,18.830591,10.069616,2.9330957
2002-06-01,liguria,44.26416938228943,8.759412094283594,101.29666,68.70103,269.7861,20.022062,25.441662,15.0148945,2.4559891
2002-07-01,liguria,44.26416938228943,8.759412094283594,119.43871,68.46129,257.38977,20.1373,25.785357,15.359924,2.4233768
2002-08-01,liguria,44.26416938228943,8.759412094283594,203.32904,71.6386,213.0731,19.910343,25.17274,15.273236,2.2006502
2002-09-01,liguria,44.26416938228943,8.759412094283594,165.37334,73.85923,162.6189,15.926206,21.438904,11.947383,1.9411774
2002-10-01,liguria,44.26416938228943,8.759412094283594,314.42584,68.93498,104.36452,12.425081,17.36321,9.14721,2.6336837
2002-11-01,liguria,44.26416938228943,8.759412094283594,820.1767,71.93973,55.781116,9.210388,12.782557,7.304539,3.3702042
2002-12-01,liguria,44.26416938228943,8.759412094283594,209.11615,70.45827,41.804844,5.6068873,8.387479,3.9119248,2.3473516
2003-01-01,liguria,44.26416938228943,8.759412094283594,132.9,54.431515,62.84839,3.5776398,7.8008113,1.3838979,3.2887824
2003-02-01,liguria,44.26416938228943,8.759412094283594,6.1178575,51.533726,107.71369,2.0875475,7.2085056,-1.4845833,3.5691648
2003-03-01,liguria,44.26416938228943,8.759412094283594,24.509678,60.11201,167.71613,8.191355,13.828058,3.7554946,3.0358064
2003-04-01,liguria,44.26416938228943,8.759412094283594,219.55667,63.25291,196.5139,10.228789,14.864422,6.2554607,3.4941719
2003-05-01,liguria,44.26416938228943,8.759412094283594,38.119354,60.650406,255.31345,16.732122,22.574463,11.710919,2.8781683
2003-06-01,liguria,44.26416938228943,8.759412094283594,53.283333,66.82415,285.9017,22.305672,28.321627,16.963339,2.420258
2003-07-01,liguria,44.26416938228943,8.759412094283594,12.716129,62.952255,284.1269,22.476116,28.336145,17.16502,2.609646
2003-08-01,liguria,44.26416938228943,8.759412094283594,15.158064,60.20123,240.26129,24.153423,30.679821,19.119349,2.4364362
2003-09-01,liguria,44.26416938228943,8.759412094283594,68.149994,62.117287,180.08667,16.866495,22.938526,12.651145,2.4233654
2003-10-01,liguria,44.26416938228943,8.759412094283594,309.29355,69.580925,97.518814,10.866414,15.134021,8.092612,2.8190062
2003-11-01,liguria,44.26416938228943,8.759412094283594,455.63333,81.1444,62.875,8.12666,11.966044,6.0755496,2.3381505
2003-12-01,liguria,44.26416938228943,8.759412094283594,467.02582,66.7898,51.776344,4.934317,8.810048,2.8943331,2.5863943
2004-01-01,liguria,44.26416938228943,8.759412094283594,91.254845,65.59176,56.766666,2.913887,7.2513866,0.5497473,2.385281
2004-02-01,liguria,44.26416938228943,8.759412094283594,222.7276,70.31006,85.208626,4.4544826,8.886419,1.7876781,2.563604
2004-03-01,liguria,44.26416938228943,8.759412094283594,101.15163,64.429405,138.38387,6.308946,11.097457,2.8676503,2.596535
2004-04-01,liguria,44.26416938228943,8.759412094283594,237.19,69.67426,181.71,10.19721,14.9998,6.1977663,2.8238497
2004-05-01,liguria,44.26416938228943,8.759412094283594,158.79033,70.18229,236.48172,13.117789,18.27137,8.73878,2.7479706
2004-06-01,liguria,44.26416938228943,8.759412094283594,42.6,62.456245,276.16556,18.864576,24.26398,13.834249,2.8061774
2004-07-01,liguria,44.26416938228943,8.759412094283594,18.870968,65.97971,275.443,20.646748,26.720415,15.315574,2.5546668
2004-08-01,liguria,44.26416938228943,8.759412094283594,65.8871,73.75643,230.55215,20.832409,26.784859,16.103241,2.3499062
2004-09-01,liguria,44.26416938228943,8.759412094283594,98.240005,66.70217,185.50502,17.68619,23.721582,13.190489,2.1262364
2004-10-01,liguria,44.26416938228943,8.759412094283594,327.3774,82.02266,82.06613,13.93373,17.857891,11.094515,2.8902495
2004-11-01,liguria,44.26416938228943,8.759412094283594,254.06332,67.890945,69.50444,7.8531494,12.532284,5.1702943,3.144301
2004-12-01,liguria,44.26416938228943,8.759412094283594,172.46127,61.178806,54.066666,5.202419,9.49043,2.8962686,2.5958793
2005-01-01,liguria,44.26416938228943,8.759412094283594,13.470968,52.80986,72.59302,3.1893706,8.349807,0.5635753,3.2812588
2005-02-01,liguria,44.26416938228943,8.759412094283594,25.775002,50.295345,97.42738,2.2472677,7.5406666,-1.0909404,3.2327533
2005-03-01,liguria,44.26416938228943,8.759412094283594,90.767746,63.5736,154.91827,6.8605533,12.142139,2.717156,2.2407389
2005-04-01,liguria,44.26416938228943,8.759412094283594,234.86667,67.29305,192.52888,10.247311,14.867906,6.273705,3.0190911
2005-05-01,liguria,44.26416938228943,8.759412094283594,100.13549,61.687725,260.26935,16.17731,21.811954,11.362736,2.7208843
2005-06-01,liguria,44.26416938228943,8.759412094283594,29.646666,67.152824,278.6439,20.14855,25.739489,15.462461,3.0935214
2005-07-01,liguria,44.26416938228943,8.759412094283594,71.993546,62.396206,283.05536,21.510193,27.496584,16.633295,2.8190322
2005-08-01,liguria,44.26416938228943,8.759412094283594,143.54517,63.97943,226.43172,19.96479,25.883839,15.551053,2.7591155
2005-09-01,liguria,44.26416938228943,8.759412094283594,231.41667,76.45554,165.85555,17.50075,22.676403,13.995356,2.5930915
2005-10-01,liguria,44.26416938228943,8.759412094283594,165.27097,79.800224,100.94839,13.125731,17.695627,10.157329,2.9649167
2005-11-01,liguria,44.26416938228943,8.759412094283594,152.48999,71.841545,66.35611,7.3344054,11.670622,5.135516,2.7374947
2005-12-01,liguria,44.26416938228943,8.759412094283594,237.91936,62.515007,51.132797,2.8008869,6.9410915,0.7506989,2.926467
2006-01-01,liguria,44.26416938228943,8.759412094283594,117.55484,72.14429,64.63656,2.4966664,7.1884947,-0.047059156,3.2054267
2006-02-01,liguria,44.26416938228943,8.759412094283594,186.3893,73.1188,99.29643,4.1214223,8.748501,0.9136429,3.4306686
2006-03-01,liguria,44.26416938228943,8.759412094283594,149.73871,67.29321,132.17473,6.8349085,11.639506,2.7362905,3.6222892
2006-04-01,liguria,44.26416938228943,8.759412094283594,57.843334,69.67515,197.25778,11.794516,17.119516,7.1853333,3.0740213
2006-05-01,liguria,44.26416938228943,8.759412094283594,52.022583,66.9923,247.19409,15.228833,20.707312,10.156773,3.6097813
2006-06-01,liguria,44.26416938228943,8.759412094283594,13.4366665,52.881306,264.7372,19.216442,25.668428,13.189466,3.3187633
2006-07-01,liguria,44.26416938228943,8.759412094283594,99.34839,61.048378,270.88065,23.199677,29.945843,17.66431,2.9872477
2006-08-01,liguria,44.26416938228943,8.759412094283594,208.9484,64.60219,229.04031,18.899914,24.964619,13.880646,3.1477833
2006-09-01,liguria,44.26416938228943,8.759412094283594,393.26,74.12626,171.05,18.038782,23.890495,13.318056,2.9690537
2006-10-01,liguria,44.26416938228943,8.759412094283594,168.84517,77.58402,111.03763,14.284424,19.650429,10.428946,3.5889957
2006-11-01,liguria,44.26416938228943,8.759412094283594,181.06,74.40993,70.34167,9.617967,14.052973,6.1392384,3.8211665
2006-12-01,liguria,44.26416938228943,8.759412094283594,283.92258,72.24709,57.175804,6.694688,10.507725,3.9034567,4.01334
2007-01-01,liguria,44.26416938228943,8.759412094283594,100.54194,73.31949,59.00269,6.235769,10.3708105,3.1688116,3.977331
2007-02-01,liguria,44.26416938228943,8.759412094283594,149.825,72.21931,78.64643,6.8506074,11.934154,2.833506,2.9292397
2007-03-01,liguria,44.26416938228943,8.759412094283594,95.716125,63.959053,141.31882,8.751935,13.759484,4.432898,3.6607542
2007-04-01,liguria,44.26416938228943,8.759412094283594,36.483334,62.297745,206.41225,14.002395,20.224161,8.485534,3.1100752
2007-05-01,liguria,44.26416938228943,8.759412094283594,168.04839,66.15239,245.61774,15.8816395,21.5456,10.790102,3.259178
2007-06-01,liguria,44.26416938228943,8.759412094283594,142.37334,74.81906,256.59113,18.43992,23.659355,13.749127,4.0260158
2007-07-01,liguria,44.26416938228943,8.759412094283594,2.2612903,54.336163,284.44034,21.357903,27.645031,15.056059,3.6263108
2007-08-01,liguria,44.26416938228943,8.759412094283594,143.83226,68.112915,221.45915,20.022436,26.113115,14.86458,3.6899633
2007-09-01,liguria,44.26416938228943,8.759412094283594,129.39667,64.233864,191.62555,16.392271,22.636932,11.089228,3.3999352
2007-10-01,liguria,44.26416938228943,8.759412094283594,133.10968,71.33126,118.038704,12.3818445,18.17935,7.889758,3.7728772
2007-11-01,liguria,44.26416938228943,8.759412094283594,296.92334,67.12961,76.420555,7.085139,11.670156,3.4141834,4.094855
2007-12-01,liguria,44.26416938228943,8.759412094283594,42.92258,59.35612,60.468277,4.386462,8.795903,1.2205106,3.2396097
2008-01-01,liguria,44.26416938228943,8.759412094283594,361.14517,73.684326,57.316666,5.1078334,9.01542,2.25714,3.273892
2008-02-01,liguria,44.26416938228943,8.759412094283594,137.34828,71.365265,102.578735,5.638028,10.576023,1.8323677,2.904894
2008-03-01,liguria,44.26416938228943,8.759412094283594,120.896774,64.84039,141.99194,7.9131722,12.892145,3.7193441,3.412768
2008-04-01,liguria,44.26416938228943,8.759412094283594,392.39,68.19307,184.27,10.682967,15.420666,6.3147054,3.4612634
2008-05-01,liguria,44.26416938228943,8.759412094283594,178.52582,73.77131,204.78279,15.496,20.32047,11.022882,2.9356089
2008-06-01,liguria,44.26416938228943,8.759412094283594,203.86,77.54308,242.35332,18.742598,24.09382,13.926905,2.7728817
2008-07-01,liguria,44.26416938228943,8.759412094283594,19.667744,70.67018,277.46564,20.830122,26.514868,15.59115,2.759105
2008-08-01,liguria,44.26416938228943,8.759412094283594,5.7096777,66.08156,242.79515,21.157898,27.580994,15.512967,2.8517742
2008-09-01,liguria,44.26416938228943,8.759412094283594,84.79667,70.91975,166.1639,16.227688,21.788338,11.521973,3.0644407
2008-10-01,liguria,44.26416938228943,8.759412094283594,301.8613,76.849976,105.167206,13.974973,18.595182,10.267436,2.8540585
2008-11-01,liguria,44.26416938228943,8.759412094283594,549.3,80.588936,61.736668,7.8856335,11.482616,5.1390166,2.976215
2008-12-01,liguria,44.26416938228943,8.759412094283594,486.6226,76.85731,46.995163,3.8391235,7.3617578,1.3082417,3.036056
2009-01-01,liguria,44.26416938228943,8.759412094283594,358.66452,75.30983,61.23441,2.936629,6.630844,0.06021503,3.2202444
2009-02-01,liguria,44.26416938228943,8.759412094283594,342.20358,62.74151,101.31429,4.172601,9.215678,0.2667798,2.8086002
2009-03-01,liguria,44.26416938228943,8.759412094283594,267.2129,61.612686,150.89786,8.098575,13.239263,3.5668976,3.3006606
2009-04-01,liguria,44.26416938228943,8.759412094283594,398.53003,74.49257,173.13222,11.822961,16.5147,7.7961326,3.1754408
2009-05-01,liguria,44.26416938228943,8.759412094283594,25.529032,56.738125,258.09625,17.373291,23.574648,11.681785,2.9536211
2009-06-01,liguria,44.26416938228943,8.759412094283594,58.906666,64.50843,268.73166,19.126093,24.574068,14.200139,3.3048277
2009-07-01,liguria,44.26416938228943,8.759412094283594,58.306454,61.52727,277.35754,21.455523,27.61688,15.835248,2.8966076
2009-08-01,liguria,44.26416938228943,8.759412094283594,28.764515,63.203842,247.89622,22.549732,29.061373,17.11145,2.8173258
2009-09-01,liguria,44.26416938228943,8.759412094283594,186.97668,67.580246,175.72223,18.210772,23.826372,13.552051,3.4009998
2009-10-01,liguria,44.26416938228943,8.759412094283594,210.6871,73.6747,118.06076,12.675681,18.08514,8.556118,3.1595213
2009-11-01,liguria,44.26416938228943,8.759412094283594,511.32333,81.964615,56.175,8.938977,12.9046545,6.0019107,3.223575
2009-12-01,liguria,44.26416938228943,8.759412094283594,567.00964,75.84448,44.795162,3.8417902,7.3768864,0.9290161,3.3761756
2010-01-01,liguria,44.26416938228943,8.759412094283594,136.29355,79.764534,53.080643,2.0510428,5.3319516,-0.25810757,3.1062903
2010-02-01,liguria,44.26416938228943,8.759412094283594,334.32858,76.47879,77.12679,3.8568215,7.838155,0.78488094,2.975063
2010-03-01,liguria,44.26416938228943,8.759412094283594,136.1387,72.16562,133.8828,6.5978546,10.723149,2.972828,3.2058687
2010-04-01,liguria,44.26416938228943,8.759412094283594,91.979996,65.64019,203.9761,11.333917,16.405428,6.8574996,3.2695267
2010-05-01,liguria,44.26416938228943,8.759412094283594,282.35486,70.42441,213.99625,13.919096,18.55033,9.781296,3.5533872
2010-06-01,liguria,44.26416938228943,8.759412094283594,184.60666,69.57606,257.98776,18.470055,23.865566,13.749262,3.217516
2010-07-01,liguria,44.26416938228943,8.759412094283594,35.087097,64.22018,289.4086,22.771236,28.68337,17.506521,3.1415658
2010-08-01,liguria,44.26416938228943,8.759412094283594,173.11935,70.78234,244.83011,20.03288,25.392115,15.3770485,2.7324455
2010-09-01,liguria,44.26416938228943,8.759412094283594,238.36334,71.884865,180.86998,16.480778,22.164661,12.014177,2.7833116
2010-10-01,liguria,44.26416938228943,8.759412094283594,486.5387,77.628975,111.55968,11.815247,16.329252,8.286098,3.5763009
2010-11-01,liguria,44.26416938228943,8.759412094283594,540.8633,82.69167,54.732224,7.7899723,11.254466,5.2677054,3.180801
2010-12-01,liguria,44.26416938228943,8.759412094283594,429.89355,76.75495,43.358067,3.1271937,6.431957,0.555672,2.9744484
2011-01-01,liguria,44.26416938228943,8.759412094283594,172.75162,78.125374,58.10215,3.7241397,7.14343,1.1642205,2.8626223
2011-02-01,liguria,44.26416938228943,8.759412094283594,181.2536,71.52996,97.5625,5.448232,10.172571,1.9310237,2.8483005
2011-03-01,liguria,44.26416938228943,8.759412094283594,302.49356,71.31397,139.8231,7.6381664,12.226726,3.6180322,3.4724765
2011-04-01,liguria,44.26416938228943,8.759412094283594,47.313335,59.565407,220.99443,13.636078,19.572334,8.297933,3.0737417
2011-05-01,liguria,44.26416938228943,8.759412094283594,39.92903,58.709373,278.45538,16.675869,22.845484,10.724559,2.9351506
2011-06-01,liguria,44.26416938228943,8.759412094283594,252.87666,75.62539,260.3622,18.805399,24.003101,14.087799,2.8665268
2011-07-01,liguria,44.26416938228943,8.759412094283594,109.54193,68.82457,257.1586,19.64322,25.049692,14.674672,2.9627626
2011-08-01,liguria,44.26416938228943,8.759412094283594,14.667743,59.078377,253.4699,21.877623,28.413774,15.862333,2.6948283
2011-09-01,liguria,44.26416938228943,8.759412094283594,172.23001,66.38976,186.43166,18.8861,25.440498,13.898549,2.5636935
2011-10-01,liguria,44.26416938228943,8.759412094283594,247.76775,64.27059,128.66666,12.736252,18.746714,8.037656,2.9816127
2011-11-01,liguria,44.26416938228943,8.759412094283594,362.36334,76.859825,78.17111,8.719061,13.460339,5.3980665,2.8028061
2011-12-01,liguria,44.26416938228943,8.759412094283594,113.896774,63.140755,55.763443,5.652408,10.148059,2.3115,2.1145213
2012-01-01,liguria,44.26416938228943,8.759412094283594,84.96452,65.8577,66.389786,3.9630163,8.67178,0.49088717,2.930697
2012-02-01,liguria,44.26416938228943,8.759412094283594,33.61724,60.548164,116.55689,1.7851895,6.653224,-2.208724,3.2133703
2012-03-01,liguria,44.26416938228943,8.759412094283594,87.13871,56.358547,184.84085,10.3373165,16.064682,5.551059,2.9046981
2012-04-01,liguria,44.26416938228943,8.759412094283594,402.46332,73.785934,174.39555,10.650149,14.872427,6.753078,2.785054
2012-05-01,liguria,44.26416938228943,8.759412094283594,178.34517,69.14265,250.71344,14.763187,19.842861,10.145445,2.8274035
2012-06-01,liguria,44.26416938228943,8.759412094283594,41.563335,65.56608,282.72168,20.233883,25.544178,15.129899,2.8421504
2012-07-01,liguria,44.26416938228943,8.759412094283594,15.33871,58.347977,280.71616,21.807291,27.484247,16.491629,3.3441467
2012-08-01,liguria,44.26416938228943,8.759412094283594,63.667744,56.069866,244.31882,23.125854,29.265902,17.54273,2.806644
2012-09-01,liguria,44.26416938228943,8.759412094283594,239.70999,66.27596,163.08722,17.758787,22.880404,13.495433,3.0755107
2012-10-01,liguria,44.26416938228943,8.759412094283594,328.58386,78.38099,107.44516,13.568423,17.982388,10.106624,2.9457285
2012-11-01,liguria,44.26416938228943,8.759412094283594,579.2667,77.58733,64.814995,9.58481,13.3751335,6.687205,3.372129
2012-12-01,liguria,44.26416938228943,8.759412094283594,156.6387,64.45113,53.624733,4.24136,8.703,1.3362582,2.1327157
2013-01-01,liguria,44.26416938228943,8.759412094283594,218.59677,71.77508,60.165054,3.6363013,7.835371,0.77688175,3.005645
2013-02-01,liguria,44.26416938228943,8.759412094283594,113.14286,64.251335,101.31013,2.394375,7.0123687,-1.1531547,3.2158694
2013-03-01,liguria,44.26416938228943,8.759412094283594,457.74838,75.44676,115.12581,5.599043,9.71243,2.2234354,3.2618
2013-04-01,liguria,44.26416938228943,8.759412094283594,322.86334,73.40981,166.81778,11.393327,16.02285,7.239134,3.0313816
2013-05-01,liguria,44.26416938228943,8.759412094283594,322.84515,71.19076,224.82741,12.959365,17.772123,8.543038,3.3525336
2013-06-01,liguria,44.26416938228943,8.759412094283594,54.7,63.91699,277.7367,17.53421,23.607512,11.748427,2.9027848
2013-07-01,liguria,44.26416938228943,8.759412094283594,108.03871,62.30059,274.98172,21.483557,27.964504,15.704396,3.0391881
2013-08-01,liguria,44.26416938228943,8.759412094283594,137.65807,61.49684,246.80914,20.766985,27.449892,15.2548275,2.9180331
2013-09-01,liguria,44.26416938228943,8.759412094283594,143.82333,69.535904,178.46889,17.1422,23.215628,12.426422,2.8332956
2013-10-01,liguria,44.26416938228943,8.759412094283594,277.2226,82.873825,90.352684,13.839316,17.744917,10.758591,3.0979342
2013-11-01,liguria,44.26416938228943,8.759412094283594,305.08,70.65882,65.71166,8.320222,12.161416,5.2216334,3.731129
2013-12-01,liguria,44.26416938228943,8.759412094283594,573.7871,70.48604,59.41721,5.3060484,10.213903,2.2490377,2.180203
2014-01-01,liguria,44.26416938228943,8.759412094283594,824.31616,82.413414,49.88172,5.2277203,8.585677,2.774043,3.073985
2014-02-01,liguria,44.26416938228943,8.759412094283594,578.67145,80.339645,77.53036,5.651071,9.544446,2.732083,3.1177244
2014-03-01,liguria,44.26416938228943,8.759412094283594,212.58386,64.31527,160.39247,8.866595,13.978435,4.6834626,3.4540944
2014-04-01,liguria,44.26416938228943,8.759412094283594,154.16333,69.757645,199.41943,12.029983,16.875145,7.844061,3.079516
2014-05-01,liguria,44.26416938228943,8.759412094283594,105.935486,63.01711,240.88226,14.284941,19.640995,9.340081,2.7111812
2014-06-01,liguria,44.26416938228943,8.759412094283594,110.02667,66.17648,263.64777,19.160254,24.615316,14.189539,2.8212795
2014-07-01,liguria,44.26416938228943,8.759412094283594,206.83871,70.751076,240.1484,19.57485,24.962166,15.000548,2.7947762
2014-08-01,liguria,44.26416938228943,8.759412094283594,118.63226,73.21468,226.12796,19.53793,24.676746,15.2555485,2.312211
2014-09-01,liguria,44.26416938228943,8.759412094283594,88.82001,71.545395,174.84111,17.683146,23.248198,13.588821,2.3362904
2014-10-01,liguria,44.26416938228943,8.759412094283594,327.8258,75.68227,119.008064,14.43879,19.4246,10.897516,2.4992297
2014-11-01,liguria,44.26416938228943,8.759412094283594,1148.4233,84.00134,55.469997,10.462133,13.806033,8.13275,2.033817
2014-12-01,liguria,44.26416938228943,8.759412094283594,154.59677,75.096535,49.899464,6.4741187,9.937081,3.9511504,2.2089646
2015-01-01,liguria,44.26416938228943,8.759412094283594,149.65485,65.2791,66.36291,5.236602,9.617731,2.1278925,2.9622216
2015-02-01,liguria,44.26416938228943,8.759412094283594,327.625,69.112015,96.89941,4.423952,8.4835415,1.2606131,3.0909622
2015-03-01,liguria,44.26416938228943,8.759412094283594,132.57419,64.04846,148.92581,8.587876,13.284822,4.542355,2.8969874
2015-04-01,liguria,44.26416938228943,8.759412094283594,102.83,61.09695,209.28833,11.669461,16.766928,7.0422053,2.948688
2015-05-01,liguria,44.26416938228943,8.759412094283594,62.670967,69.03149,250.92903,15.983748,21.123144,11.370253,2.656238
2015-06-01,liguria,44.26416938228943,8.759412094283594,105.92,65.752556,288.43277,20.010176,25.490105,15.082972,2.4457471
2015-07-01,liguria,44.26416938228943,8.759412094283594,14.248387,61.60988,295.56668,24.12918,30.024296,18.666037,2.606181
2015-08-01,liguria,44.26416938228943,8.759412094283594,119.103226,64.27451,236.22044,21.497807,27.311724,16.395231,2.2632518
2015-09-01,liguria,44.26416938228943,8.759412094283594,224.40666,64.82393,177.93388,16.630804,21.918192,12.331988,3.1078603
2015-10-01,liguria,44.26416938228943,8.759412094283594,339.07742,76.62971,106.90484,12.331468,16.615345,8.924548,3.1433506
2015-11-01,liguria,44.26416938228943,8.759412094283594,23.05,67.43539,74.312775,9.251454,14.210898,5.4154053,2.8328924
2015-12-01,liguria,44.26416938228943,8.759412094283594,52.816128,80.817986,53.422043,6.7031555,10.435328,4.05036,1.5547293
2016-01-01,liguria,44.26416938228943,8.759412094283594,205.4516,70.80589,60.600536,4.386575,8.351823,1.5125,2.568174
2016-02-01,liguria,44.26416938228943,8.759412094283594,496.38965,75.11313,82.34425,6.117379,9.902775,3.1175919,3.1325083
2016-03-01,liguria,44.26416938228943,8.759412094283594,207.1097,65.57177,150.10538,7.4366393,11.9429035,3.6257472,3.0768108
2016-04-01,liguria,44.26416938228943,8.759412094283594,47.79667,66.47761,199.73334,12.1432,17.58144,7.4372106,3.1976933
2016-05-01,liguria,44.26416938228943,8.759412094283594,254.07742,66.61968,238.71613,13.86107,19.101799,9.173789,2.9721172
2016-06-01,liguria,44.26416938228943,8.759412094283594,101.66,69.57407,261.9739,18.00636,23.670921,13.204755,2.5905216
2016-07-01,liguria,44.26416938228943,8.759412094283594,49.23226,60.443123,280.15967,21.435246,28.039827,15.643784,2.599516
2016-08-01,liguria,44.26416938228943,8.759412094283594,67.76452,61.03343,251.43817,20.84831,27.25233,15.221032,2.3730593
2016-09-01,liguria,44.26416938228943,8.759412094283594,119.55,63.431614,189.36945,18.167704,24.76579,13.354234,2.4157634
2016-10-01,liguria,44.26416938228943,8.759412094283594,248.83226,77.57253,106.91398,11.816769,16.955929,8.204135,2.75667
2016-11-01,liguria,44.26416938228943,8.759412094283594,589.61,78.31361,65.263336,7.9265056,12.000427,4.935844,3.009215
2016-12-01,liguria,44.26416938228943,8.759412094283594,51.967743,66.58818,64.66076,4.991457,10.32072,1.659274,2.7237356
2017-01-01,liguria,44.26416938228943,8.759412094283594,48.077423,57.23077,65.06452,2.3934515,6.57021,-1.0414838,3.8948805
2017-02-01,liguria,44.26416938228943,8.759412094283594,280.19287,76.46974,90.03631,6.211589,10.117041,3.0179403,3.5366359
2017-03-01,liguria,44.26416938228943,8.759412094283594,159.80002,59.156517,156.62311,9.6436825,15.443074,4.91757,3.270182
2017-04-01,liguria,44.26416938228943,8.759412094283594,124.05333,61.25375,217.83223,11.337733,17.228071,5.923878,2.7223656
2017-05-01,liguria,44.26416938228943,8.759412094283594,127.16452,63.749523,253.22043,15.249,21.124634,9.670172,2.9340112
2017-06-01,liguria,44.26416938228943,8.759412094283594,61.363335,63.30951,288.11725,20.580416,26.550663,15.024904,3.160903
2017-07-01,liguria,44.26416938228943,8.759412094283594,12.535484,57.582394,271.1984,21.673655,28.134785,15.61159,3.0324814
2017-08-01,liguria,44.26416938228943,8.759412094283594,36.506454,54.440056,234.39034,22.473194,29.361263,16.461473,2.8534806
2017-09-01,liguria,44.26416938228943,8.759412094283594,169.10666,66.33473,163.32278,15.519816,21.300077,10.978005,2.791785
2017-10-01,liguria,44.26416938228943,8.759412094283594,9.480645,64.00156,117.64248,13.094613,19.744097,8.369059,2.6916492
2017-11-01,liguria,44.26416938228943,8.759412094283594,236.42667,70.915985,67.755,7.4764047,11.645856,4.3848886,3.0531504
2017-12-01,liguria,44.26416938228943,8.759412094283594,493.38388,62.89653,48.46774,3.8376184,8.274043,0.58982265,2.490827
2018-01-01,liguria,44.26416938228943,8.759412094283594,220.03549,72.329384,59.052147,5.8913116,10.075118,2.7674623,2.5079083
2018-02-01,liguria,44.26416938228943,8.759412094283594,157.65001,75.371704,88.66072,2.421119,5.9428926,-0.4624047,2.9472868
2018-03-01,liguria,44.26416938228943,8.759412094283594,512.9258,73.59459,127.33764,5.8244405,9.848307,2.436656,2.935489
2018-04-01,liguria,44.26416938228943,8.759412094283594,308.0733,66.18048,211.7889,12.75386,18.141417,7.9757495,2.633527
2018-05-01,liguria,44.26416938228943,8.759412094283594,231.60323,76.64014,216.36182,15.060193,20.35559,10.891172,2.6723309
2018-06-01,liguria,44.26416938228943,8.759412094283594,103.38667,66.59134,261.9461,18.944372,24.641382,13.80269,2.3990912
2018-07-01,liguria,44.26416938228943,8.759412094283594,97.464516,68.15572,284.88492,21.587564,27.80943,16.360052,2.3972268
2018-08-01,liguria,44.26416938228943,8.759412094283594,91.312904,61.406754,235.89249,22.002058,28.481129,16.848558,2.394719
2018-09-01,liguria,44.26416938228943,8.759412094283594,36.81,67.72014,192.4022,18.436785,24.871021,13.506133,2.5417635
2018-10-01,liguria,44.26416938228943,8.759412094283594,639.5871,72.63445,110.34517,14.182639,19.260002,10.274435,3.4322317
2018-11-01,liguria,44.26416938228943,8.759412094283594,291.78665,80.901276,60.12611,8.726121,12.301561,6.1057334,2.7172365
2018-12-01,liguria,44.26416938228943,8.759412094283594,86.52258,67.90396,57.66774,5.4011936,10.188994,2.0700483,1.8480177
2019-01-01,liguria,44.26416938228943,8.759412094283594,68.12581,56.766514,78.53871,3.2867362,8.477058,-0.38117728,2.6774347
2019-02-01,liguria,44.26416938228943,8.759412094283594,262.30716,56.058456,117.7375,6.1458035,12.75366,1.6018631,2.538704
2019-03-01,liguria,44.26416938228943,8.759412094283594,34.69355,51.1524,178.41559,9.172263,14.843919,4.414806,3.1469355
2019-04-01,liguria,44.26416938228943,8.759412094283594,431.21002,67.45012,190.42166,10.234528,15.257111,5.841878,2.9582205
2019-05-01,liguria,44.26416938228943,8.759412094283594,217.7129,72.99008,214.77956,12.179036,16.757269,8.041506,2.9000726
2019-06-01,liguria,44.26416938228943,8.759412094283594,9.29,63.062393,288.7072,21.689037,27.261477,16.780788,2.8912418
2019-07-01,liguria,44.26416938228943,8.759412094283594,121.93225,66.64785,280.714,23.477312,28.55443,19.315119,2.6600988
2019-08-01,liguria,44.26416938228943,8.759412094283594,25.467743,71.27305,235.70163,23.139425,28.250177,19.28027,2.5387356
2019-09-01,liguria,44.26416938228943,8.759412094283594,111.06334,70.14211,185.85056,19.290812,23.944572,15.614939,2.6193492
2019-10-01,liguria,44.26416938228943,8.759412094283594,394.7129,76.6813,102.12527,15.3994465,19.139978,12.369284,2.6005619
2019-11-01,liguria,44.26416938228943,8.759412094283594,899.91,78.607864,59.42,9.053888,11.982984,6.770506,2.8152795
2019-12-01,liguria,44.26416938228943,8.759412094283594,440.70325,69.18599,55.615593,7.199113,10.814747,4.337651,2.222487
2020-01-01,liguria,44.26416938228943,8.759412094283594,124.2,70.9356,71.07311,5.1801076,10.156236,1.9407096,2.4124558
2020-02-01,liguria,44.26416938228943,8.759412094283594,39.837933,57.34332,107.35459,8.10446,13.221512,3.966333,2.5920188
2020-03-01,liguria,44.26416938228943,8.759412094283594,238.57095,67.0409,158.51935,8.016312,12.167069,4.6397204,2.9385588
2020-04-01,liguria,44.26416938228943,8.759412094283594,76.96667,59.986256,222.99112,12.2667055,17.148855,7.698178,3.0514138
2020-05-01,liguria,44.26416938228943,8.759412094283594,250.79355,66.193474,255.92848,15.711209,21.343117,10.76335,2.7174816
2020-06-01,liguria,44.26416938228943,8.759412094283594,249.61334,68.46538,269.87164,17.779572,23.326061,12.824761,2.631903
2020-07-01,liguria,44.26416938228943,8.759412094283594,64.26129,68.20333,297.87363,21.150715,27.332968,15.727042,2.7632983
2020-08-01,liguria,44.26416938228943,8.759412094283594,162.69678,66.066086,256.91882,21.543999,28.109966,16.444021,2.5669825
2020-09-01,liguria,44.26416938228943,8.759412094283594,122.44667,65.90574,190.72887,17.704721,23.863878,13.053445,2.6267848
2020-10-01,liguria,44.26416938228943,8.759412094283594,569.51935,76.49058,109.915596,11.427655,16.143322,7.9308977,2.7783453
2020-11-01,liguria,44.26416938228943,8.759412094283594,46.033333,73.68073,88.06556,9.660472,13.51966,7.0155997,2.7002528
2020-12-01,liguria,44.26416938228943,8.759412094283594,469.80322,77.195,46.916668,4.96443,7.6133924,3.012914,2.09474
2021-01-01,liguria,44.26416938228943,8.759412094283594,402.98065,72.5034,67.150536,3.190774,7.1389565,0.3519086,2.387076
2021-02-01,liguria,44.26416938228943,8.759412094283594,156.73929,72.613045,99.58929,6.8921127,11.484941,3.3136547,2.7302878
2021-03-01,liguria,44.26416938228943,8.759412094283594,13.167743,51.720932,182.91452,7.7773547,13.651241,2.8360753,2.8279448
2021-04-01,liguria,44.26416938228943,8.759412094283594,218.57333,61.895798,208.25502,9.42125,14.367678,5.109922,2.9398656
2021-05-01,liguria,44.26416938228943,8.759412094283594,205.75807,62.236984,257.39948,13.424602,18.5153,8.62764,3.002508
2021-06-01,liguria,44.26416938228943,8.759412094283594,40.833332,61.43309,285.61945,19.843832,26.099844,14.421633,2.7920215
2021-07-01,liguria,44.26416938228943,8.759412094283594,61.529034,62.49781,286.293,21.230253,27.402746,15.879436,2.9379554
2021-08-01,liguria,44.26416938228943,8.759412094283594,33.490322,58.969685,253.60808,21.176205,27.301064,16.011656,2.4139123
2021-09-01,liguria,44.26416938228943,8.759412094283594,190.70334,64.06894,173.87445,18.346094,24.548512,13.663462,2.2694461
2021-10-01,liguria,44.26416938228943,8.759412094283594,160.41936,69.16512,128.81345,12.189919,17.657299,8.368392,2.1678042
2021-11-01,liguria,44.26416938228943,8.759412094283594,379.01666,74.431595,73.34945,8.553522,12.260067,5.837394,3.2812903
2021-12-01,liguria,44.26416938228943,8.759412094283594,167.89032,69.16544,61.367203,4.809489,9.406806,1.794844,2.5514984
2022-01-01,liguria,44.26416938228943,8.759412094283594,79.46129,64.25368,89.30699,4.650785,10.058854,1.121328,2.5560303
2022-02-01,liguria,44.26416938228943,8.759412094283594,107.04286,58.90956,119.13393,6.548541,12.082988,2.3859823,2.853433
2022-03-01,liguria,44.26416938228943,8.759412094283594,37.851616,55.143627,155.76936,7.0250216,12.705408,2.4894464,3.2697604
2022-04-01,liguria,44.26416938228943,8.759412094283594,143.84334,59.831173,202.03722,10.5951605,16.203423,5.3788443,3.1134999
2022-05-01,liguria,44.26416938228943,8.759412094283594,58.967743,68.065865,253.40054,16.809381,22.613472,11.866489,2.8123045
2022-06-01,liguria,44.26416938228943,8.759412094283594,50.72,62.15101,279.28555,21.564762,27.790375,15.812118,2.8564785
2022-07-01,liguria,44.26416938228943,8.759412094283594,22.370968,59.04003,295.0586,24.011715,30.69617,18.061394,2.803694
2022-08-01,liguria,44.26416938228943,8.759412094283594,131.11613,62.406067,243.18707,22.291395,28.973377,17.031275,2.5979497
2022-09-01,liguria,44.26416938228943,8.759412094283594,86.763336,65.27702,183.95055,17.572426,23.31246,13.077527,2.5380642
2022-10-01,liguria,44.26416938228943,8.759412094283594,85.96129,75.28221,121.86075,15.554027,21.498983,11.675924,2.4589229
2022-11-01,liguria,44.26416938228943,8.759412094283594,256.39,72.392876,76.081665,9.389511,13.864093,6.1210775,2.8806396
2022-12-01,liguria,44.26416938228943,8.759412094283594,294.8871,84.70251,50.25484,6.320344,9.436425,4.111086,2.3916388
2023-01-01,liguria,44.26416938228943,8.759412094283594,203.68387,72.59999,68.88602,5.206817,8.93601,2.5289302,2.9496357
2023-02-01,liguria,44.26416938228943,8.759412094283594,16.614286,64.50901,105.247025,5.4331126,10.85497,1.5807679,2.8133006
2023-03-01,liguria,44.26416938228943,8.759412094283594,56.15484,60.681965,162.57419,9.275236,14.604822,4.807978,3.0822527
2023-04-01,liguria,44.26416938228943,8.759412094283594,63.193336,60.5262,213.72,10.860838,16.571804,5.7193165,2.6382957
2023-05-01,liguria,44.26416938228943,8.759412094283594,189.9484,72.31306,220.63333,15.12393,20.441704,10.78244,3.112029
2023-06-01,liguria,44.26416938228943,8.759412094283594,178.63,69.767365,247.31,19.668343,25.422516,14.741427,2.450188
2023-07-01,liguria,44.26416938228943,8.759412094283594,60.89032,65.36513,284.3774,22.73261,28.661617,17.273764,2.5959468
2023-08-01,liguria,44.26416938228943,8.759412094283594,218.12259,57.44067,247.5957,22.369678,28.851677,16.874592,2.4303954
2023-09-01,liguria,44.26416938228943,8.759412094283594,159.34332,66.170395,192.18388,18.919348,25.152716,14.240111,2.6067903
2023-10-01,liguria,44.26416938228943,8.759412094283594,583.30646,73.534004,117.41935,15.653359,20.83206,11.804425,2.8991778
2023-11-01,liguria,44.26416938228943,8.759412094283594,319.48,65.05966,82.4239,8.862056,13.7693615,5.160322,2.8122256
2023-12-01,liguria,44.26416938228943,8.759412094283594,138.27097,66.17619,60.42312,7.556747,11.026779,4.5977316,2.1785066
2024-01-01,liguria,44.26416938228943,8.759412094283594,226.06451,69.36291,72.49409,5.621968,10.576064,2.2270916,2.8426328
2024-02-01,liguria,44.26416938228943,8.759412094283594,489.7173,74.49958,88.340225,7.816925,12.701414,4.3726664,2.7825305
2024-03-01,liguria,44.26416938228943,8.759412094283594,561.77423,76.38283,140.42958,8.735124,13.419521,5.022838,2.8464305
2024-04-01,liguria,44.26416938228943,8.759412094283594,191.27667,65.278984,198.43167,11.744233,17.177559,7.109311,3.08614
2024-05-01,liguria,44.26416938228943,8.759412094283594,261.14517,76.98099,232.58818,14.413855,19.496016,10.016962,2.6796253
2024-06-01,liguria,44.26416938228943,8.759412094283594,168.51334,74.2503,246.68001,18.280283,23.624128,13.83905,2.6054623
2024-07-01,liguria,44.26416938228943,8.759412094283594,13.96129,70.446846,286.86185,22.749268,28.997828,17.371855,2.5484025
2024-08-01,liguria,44.26416938228943,8.759412094283594,41.329033,67.69406,254.91452,23.461086,30.357832,18.114168,2.0993807
2024-09-01,liguria,44.26416938228943,8.759412094283594,356.52,71.0629,154.57224,16.998978,22.065926,13.111149,2.3000968
2024-10-01,liguria,44.26416938228943,8.759412094283594,709.629,87.73029,92.2957,14.410112,18.10508,11.836253,2.4378252
2024-11-01,liguria,44.26416938228943,8.759412094283594,71.87334,75.88561,87.43278,8.484789,13.982961,4.68365,2.1552634
2024-12-01,liguria,44.26416938228943,8.759412094283594,79.68065,65.06169,70.87795,5.182086,10.300676,1.7836075,2.0342925
2000-01-01,emilia_romagna,44.52972237515645,11.038597954885073,65.08387,66.081375,63.811523,1.7178667,6.4762406,-2.711531,2.5083272
2000-02-01,emilia_romagna,44.52972237515645,11.038597954885073,50.913795,66.729225,96.07732,5.3241115,10.819899,0.2368284,2.3890836
2000-03-01,emilia_romagna,44.52972237515645,11.038597954885073,485.72906,70.76559,138.7734,8.921745,14.774669,3.4434104,3.1766505
2000-04-01,emilia_romagna,44.52972237515645,11.038597954885073,562.52,79.90589,165.52742,13.105689,18.061405,8.4423895,2.7852874
2000-05-01,emilia_romagna,44.52972237515645,11.038597954885073,239.7258,76.9867,241.39606,18.610178,24.397131,12.954367,2.7520823
2000-06-01,emilia_romagna,44.52972237515645,11.038597954885073,501.78333,72.3413,273.74057,21.822462,28.08984,15.558584,2.4769084
2000-07-01,emilia_romagna,44.52972237515645,11.038597954885073,317.34515,70.999626,261.42053,21.704716,28.275581,15.399487,2.6605215
2000-08-01,emilia_romagna,44.52972237515645,11.038597954885073,340.15485,72.39391,233.05228,23.80437,30.633986,17.189644,2.0202003
2000-09-01,emilia_romagna,44.52972237515645,11.038597954885073,341.16998,77.50133,176.25174,19.050783,25.411459,13.037147,2.2720392
2000-10-01,emilia_romagna,44.52972237515645,11.038597954885073,1122.3904,88.688225,79.80853,14.178573,17.830502,10.992496,2.2105007
2000-11-01,emilia_romagna,44.52972237515645,11.038597954885073,1695.4634,88.99069,47.764786,9.13931,12.948378,5.7994246,2.267399
2000-12-01,emilia_romagna,44.52972237515645,11.038597954885073,582.1613,85.83095,38.22178,5.2223787,8.473348,2.3066156,1.5731256
2001-01-01,emilia_romagna,44.52972237515645,11.038597954885073,861.09357,85.56537,38.413628,4.3271737,6.662385,1.5831412,2.3866138
2001-02-01,emilia_romagna,44.52972237515645,11.038597954885073,271.07855,74.62959,93.866356,6.013142,10.880428,0.88294065,2.7960556
2001-03-01,emilia_romagna,44.52972237515645,11.038597954885073,1053.8193,86.30979,109.35692,11.131499,15.183974,6.8064785,3.229118
2001-04-01,emilia_romagna,44.52972237515645,11.038597954885073,656.1067,76.56806,189.07353,11.500612,16.856426,5.9170365,2.8359368
2001-05-01,emilia_romagna,44.52972237515645,11.038597954885073,569.56775,78.53234,223.92365,18.06679,23.879232,12.6948595,2.7397437
2001-06-01,emilia_romagna,44.52972237515645,11.038597954885073,297.37,68.095146,268.15216,20.558949,27.198046,13.979242,2.7880185
2001-07-01,emilia_romagna,44.52972237515645,11.038597954885073,349.25806,74.292984,266.53616,23.43932,29.616009,17.159073,2.5686574
2001-08-01,emilia_romagna,44.52972237515645,11.038597954885073,218.98709,71.927055,242.83246,24.560919,31.34458,17.695505,2.2706463
2001-09-01,emilia_romagna,44.52972237515645,11.038597954885073,904.81335,75.877304,158.33092,16.399496,22.43404,10.701513,2.3978374
2001-10-01,emilia_romagna,44.52972237515645,11.038597954885073,328.4645,86.67718,109.0774,16.080776,21.06895,11.270791,2.062548
2001-11-01,emilia_romagna,44.52972237515645,11.038597954885073,595.9634,76.08652,64.91599,6.586872,10.5890875,2.8341746,2.8134904
2001-12-01,emilia_romagna,44.52972237515645,11.038597954885073,105.96129,69.111565,56.382153,0.9839672,5.941604,-2.8776212,2.6294796
2002-01-01,emilia_romagna,44.52972237515645,11.038597954885073,151.99033,75.68875,64.59248,1.6552783,6.8834653,-3.1586535,2.3950284
2002-02-01,emilia_romagna,44.52972237515645,11.038597954885073,521.2322,82.690994,74.687645,6.1560903,10.406749,2.2982876,2.8772135
2002-03-01,emilia_romagna,44.52972237515645,11.038597954885073,71.380646,66.96056,154.4381,9.878546,16.392977,3.7330866,2.807859
2002-04-01,emilia_romagna,44.52972237515645,11.038597954885073,862.3367,76.14616,167.56975,11.381389,16.660412,6.5813746,2.8314505
2002-05-01,emilia_romagna,44.52972237515645,11.038597954885073,698.32904,78.288666,211.60068,16.777468,22.434065,11.500606,2.8885572
2002-06-01,emilia_romagna,44.52972237515645,11.038597954885073,301.46667,73.50231,260.2926,22.357824,28.695576,16.137451,2.5061262
2002-07-01,emilia_romagna,44.52972237515645,11.038597954885073,787.14197,74.774254,248.58989,22.384636,28.522028,16.648117,2.5010002
2002-08-01,emilia_romagna,44.52972237515645,11.038597954885073,935.0774,79.7762,214.37787,21.85649,27.38912,16.300093,2.285485
2002-09-01,emilia_romagna,44.52972237515645,11.038597954885073,842.69,76.68077,150.09744,17.216076,22.433687,12.515473,2.2675564
2002-10-01,emilia_romagna,44.52972237515645,11.038597954885073,731.45483,80.07737,101.919876,13.846953,18.559145,9.296997,2.4295552
2002-11-01,emilia_romagna,44.52972237515645,11.038597954885073,988.11334,82.177734,48.293682,10.5697565,13.947299,7.507055,2.8356397
2002-12-01,emilia_romagna,44.52972237515645,11.038597954885073,1198.2808,82.88418,35.582596,5.0022483,7.4212475,2.7772048,2.5081892
2003-01-01,emilia_romagna,44.52972237515645,11.038597954885073,448.46774,73.30173,56.39061,2.681268,6.473006,-0.61129415,2.86852
2003-02-01,emilia_romagna,44.52972237515645,11.038597954885073,95.01429,56.905167,113.32042,1.5641142,6.92375,-3.3346097,2.7731783
2003-03-01,emilia_romagna,44.52972237515645,11.038597954885073,291.1,69.5267,166.62305,8.632847,14.851976,2.8190856,2.6521513
2003-04-01,emilia_romagna,44.52972237515645,11.038597954885073,740.8733,69.28557,191.07526,10.927863,16.446566,5.800868,3.3047838
2003-05-01,emilia_romagna,44.52972237515645,11.038597954885073,133.51613,64.97489,250.32101,18.709776,25.319365,12.431358,2.8741663
2003-06-01,emilia_romagna,44.52972237515645,11.038597954885073,291.49335,68.178856,283.07782,24.704638,31.780485,18.283981,2.4079206
2003-07-01,emilia_romagna,44.52972237515645,11.038597954885073,73.49678,63.18467,276.19135,24.73395,31.561138,18.41936,2.716544
2003-08-01,emilia_romagna,44.52972237515645,11.038597954885073,122.85806,62.030117,240.74442,26.940607,33.939526,20.327637,2.6021914
2003-09-01,emilia_romagna,44.52972237515645,11.038597954885073,376.68002,66.267,175.87541,18.15277,24.173931,12.319908,2.4163601
2003-10-01,emilia_romagna,44.52972237515645,11.038597954885073,908.54517,78.94783,95.738945,11.784727,15.989941,7.7194924,2.883443
2003-11-01,emilia_romagna,44.52972237515645,11.038597954885073,1348.2534,87.538216,56.451077,8.748443,11.637126,6.012701,2.2566438
2003-12-01,emilia_romagna,44.52972237515645,11.038597954885073,511.9839,72.14601,49.35445,4.3632555,7.8680973,1.1592925,2.7504058
2004-01-01,emilia_romagna,44.52972237515645,11.038597954885073,473.29355,71.53702,51.594955,2.1219733,5.8285356,-1.2782583,2.3288462
2004-02-01,emilia_romagna,44.52972237515645,11.038597954885073,874.3345,75.12679,76.52725,3.9443073,8.510752,-0.17122638,2.6726975
2004-03-01,emilia_romagna,44.52972237515645,11.038597954885073,624.35803,69.19618,124.27055,6.5570827,11.207023,2.3472035,2.6875482
2004-04-01,emilia_romagna,44.52972237515645,11.038597954885073,777.28,72.69196,157.86786,11.575347,16.593576,6.9710507,2.977618
2004-05-01,emilia_romagna,44.52972237515645,11.038597954885073,538.0484,65.49114,225.82506,14.940946,20.624533,9.559813,3.0560768
2004-06-01,emilia_romagna,44.52972237515645,11.038597954885073,349.61002,60.549152,255.68655,20.68579,26.740496,14.99165,2.8138738
2004-07-01,emilia_romagna,44.52972237515645,11.038597954885073,301.00323,63.385887,270.55606,22.974236,29.468239,16.780388,2.6789045
2004-08-01,emilia_romagna,44.52972237515645,11.038597954885073,198.34193,74.68,231.41129,23.312119,29.594704,17.450352,2.5379162
2004-09-01,emilia_romagna,44.52972237515645,11.038597954885073,553.46,71.936035,171.61855,18.59884,24.84169,13.018271,2.455309
2004-10-01,emilia_romagna,44.52972237515645,11.038597954885073,926.5065,88.477684,73.82453,15.20863,19.00162,11.76534,2.3166687
2004-11-01,emilia_romagna,44.52972237515645,11.038597954885073,881.03674,78.63568,60.20188,8.198969,12.359308,4.466456,2.2879946
2004-12-01,emilia_romagna,44.52972237515645,11.038597954885073,809.89355,78.162186,45.525494,4.4899087,8.098961,1.5285991,2.191073
2005-01-01,emilia_romagna,44.52972237515645,11.038597954885073,169.27744,69.036545,63.771206,1.8641596,6.205152,-1.7875885,2.7646618
2005-02-01,emilia_romagna,44.52972237515645,11.038597954885073,342.2,62.397987,86.36189,1.5107243,6.561098,-2.8150463,2.6374106
2005-03-01,emilia_romagna,44.52972237515645,11.038597954885073,231.73871,69.0599,139.86107,7.3208036,12.840532,2.2922556,2.4397554
2005-04-01,emilia_romagna,44.52972237515645,11.038597954885073,980.87335,74.88134,176.68575,11.032709,16.299189,6.228005,2.8581746
2005-05-01,emilia_romagna,44.52972237515645,11.038597954885073,338.91614,67.98066,247.69876,17.585844,23.656487,11.811104,2.6936474
2005-06-01,emilia_romagna,44.52972237515645,11.038597954885073,140.92667,68.43701,265.84286,21.538784,27.811016,15.618466,2.4647489
2005-07-01,emilia_romagna,44.52972237515645,11.038597954885073,403.74194,64.264946,265.88788,23.29524,29.576256,17.212654,2.3100963
2005-08-01,emilia_romagna,44.52972237515645,11.038597954885073,860.6549,70.917175,205.05554,20.84029,26.597534,15.347647,2.2243197
2005-09-01,emilia_romagna,44.52972237515645,11.038597954885073,721.74005,77.49214,157.62338,18.622574,23.821352,13.804077,2.0945308
2005-10-01,emilia_romagna,44.52972237515645,11.038597954885073,1333.0677,84.680565,88.6531,13.073692,16.727106,9.666703,1.7730165
2005-11-01,emilia_romagna,44.52972237515645,11.038597954885073,1011.69006,81.58055,54.52554,6.9892974,9.906413,4.3422537,2.114969
2005-12-01,emilia_romagna,44.52972237515645,11.038597954885073,750.87744,73.82034,41.98595,2.1039202,5.549689,-0.6840257,2.3219404
2006-01-01,emilia_romagna,44.52972237515645,11.038597954885073,272.21936,82.82328,58.26717,0.4899831,4.0130944,-2.3324308,2.2533128
2006-02-01,emilia_romagna,44.52972237515645,11.038597954885073,460.56073,77.1163,84.34736,3.23143,7.9642406,-0.5626742,2.2891057
2006-03-01,emilia_romagna,44.52972237515645,11.038597954885073,427.1032,73.11821,117.3348,6.5676613,11.427453,2.113231,2.7795682
2006-04-01,emilia_romagna,44.52972237515645,11.038597954885073,471.89667,72.20028,173.41492,12.263028,18.018639,7.1033897,2.3621922
2006-05-01,emilia_romagna,44.52972237515645,11.038597954885073,382.36774,66.97719,232.78772,16.590431,22.60874,10.835099,2.7062812
2006-06-01,emilia_romagna,44.52972237515645,11.038597954885073,178.15332,55.8214,250.49692,20.838509,27.221214,14.466426,2.457402
2006-07-01,emilia_romagna,44.52972237515645,11.038597954885073,177.20645,56.94659,267.9078,24.642775,31.36607,18.100292,2.3434856
2006-08-01,emilia_romagna,44.52972237515645,11.038597954885073,639.30646,66.49673,203.106,20.349913,26.39372,14.983486,2.6056242
2006-09-01,emilia_romagna,44.52972237515645,11.038597954885073,1133.9734,71.7726,166.8836,19.27147,25.34889,14.028982,2.288519
2006-10-01,emilia_romagna,44.52972237515645,11.038597954885073,193.97743,77.26373,104.63151,14.672645,20.082193,10.246025,2.0066285
2006-11-01,emilia_romagna,44.52972237515645,11.038597954885073,373.38666,78.76996,64.534134,9.034407,13.63558,4.989106,1.7917835
2006-12-01,emilia_romagna,44.52972237515645,11.038597954885073,301.4226,82.9414,50.152706,4.88648,8.752555,1.8047554,2.1231632
2007-01-01,emilia_romagna,44.52972237515645,11.038597954885073,199.05484,79.81214,50.740635,5.8222647,9.725332,2.5011044,2.3567703
2007-02-01,emilia_romagna,44.52972237515645,11.038597954885073,416.55002,80.20673,76.61679,6.4962816,11.025921,2.5147507,2.0396256
2007-03-01,emilia_romagna,44.52972237515645,11.038597954885073,849.4839,72.509674,126.410645,8.760765,13.793326,4.1140633,2.7805228
2007-04-01,emilia_romagna,44.52972237515645,11.038597954885073,131.14667,64.962204,212.77446,14.48113,21.020918,8.206082,2.1887784
2007-05-01,emilia_romagna,44.52972237515645,11.038597954885073,466.60324,62.686188,242.14932,18.004654,24.312197,12.048905,2.7157638
2007-06-01,emilia_romagna,44.52972237515645,11.038597954885073,626.2567,67.553185,241.76775,20.83279,26.586855,15.334374,2.7518523
2007-07-01,emilia_romagna,44.52972237515645,11.038597954885073,48.99355,48.64443,282.237,24.048529,31.063862,16.670874,2.7360444
2007-08-01,emilia_romagna,44.52972237515645,11.038597954885073,320.0645,62.01305,215.13359,21.863216,28.155329,15.956965,2.4176896
2007-09-01,emilia_romagna,44.52972237515645,11.038597954885073,435.83334,63.42248,179.60484,17.327456,23.802038,11.456534,2.4225266
2007-10-01,emilia_romagna,44.52972237515645,11.038597954885073,942.22266,75.94468,106.98452,12.372978,17.427908,8.247749,2.329693
2007-11-01,emilia_romagna,44.52972237515645,11.038597954885073,457.74667,74.56986,67.63898,6.5617676,11.198831,2.7190955,2.3474755
2007-12-01,emilia_romagna,44.52972237515645,11.038597954885073,258.9258,76.276306,52.541107,2.8297477,6.8685164,-0.33565295,2.2819326
2008-01-01,emilia_romagna,44.52972237515645,11.038597954885073,487.53226,81.9013,50.68093,4.4951496,8.01902,1.5381061,2.1665246
2008-02-01,emilia_romagna,44.52972237515645,11.038597954885073,193.64484,75.23803,96.0178,4.811246,10.15134,0.5717408,2.2839863
2008-03-01,emilia_romagna,44.52972237515645,11.038597954885073,478.2097,69.65448,126.42209,8.198549,13.392828,3.3607817,3.105043
2008-04-01,emilia_romagna,44.52972237515645,11.038597954885073,602.7267,68.18434,175.38992,11.611568,16.97257,6.389492,2.8930187
2008-05-01,emilia_romagna,44.52972237515645,11.038597954885073,779.3613,70.5084,218.24245,16.464891,22.07906,10.978721,2.6179266
2008-06-01,emilia_romagna,44.52972237515645,11.038597954885073,897.11334,72.948975,235.91975,20.581385,26.439121,15.186043,2.0875428
2008-07-01,emilia_romagna,44.52972237515645,11.038597954885073,171.61613,61.343197,268.99103,23.174953,29.56801,16.881107,2.293217
2008-08-01,emilia_romagna,44.52972237515645,11.038597954885073,93.92258,57.802357,242.57895,23.548002,30.416536,17.010845,2.2871432
2008-09-01,emilia_romagna,44.52972237515645,11.038597954885073,245.93333,64.735405,157.1633,17.492327,23.356567,12.296428,2.4173076
2008-10-01,emilia_romagna,44.52972237515645,11.038597954885073,478.88385,73.129654,102.679375,14.687825,19.855783,10.281392,2.0313463
2008-11-01,emilia_romagna,44.52972237515645,11.038597954885073,1481.96,82.987076,57.572445,8.233962,12.020059,5.155871,2.291301
2008-12-01,emilia_romagna,44.52972237515645,11.038597954885073,938.7194,84.25273,43.37162,3.4721317,6.6677823,0.8400364,2.1460743
2009-01-01,emilia_romagna,44.52972237515645,11.038597954885073,752.62256,85.23494,49.486343,1.5375597,4.7095485,-1.0739256,2.039853
2009-02-01,emilia_romagna,44.52972237515645,11.038597954885073,633.54285,67.30054,93.34893,3.9862168,8.928948,-0.16748847,2.2071714
2009-03-01,emilia_romagna,44.52972237515645,11.038597954885073,822.6936,64.13493,138.01443,8.360834,13.5592575,3.3645954,2.8235369
2009-04-01,emilia_romagna,44.52972237515645,11.038597954885073,996.32336,76.5362,167.48563,12.522853,17.39673,8.268698,2.6857045
2009-05-01,emilia_romagna,44.52972237515645,11.038597954885073,204.54193,59.000805,257.97153,18.980719,25.442198,12.610617,2.4155982
2009-06-01,emilia_romagna,44.52972237515645,11.038597954885073,321.10333,62.730328,250.9707,20.70389,26.57292,14.944859,2.8108037
2009-07-01,emilia_romagna,44.52972237515645,11.038597954885073,228.16776,60.04111,268.576,23.616293,30.018806,17.327541,2.4489503
2009-08-01,emilia_romagna,44.52972237515645,11.038597954885073,201.14516,60.616817,245.90817,24.316116,31.055912,18.186186,2.2080774
2009-09-01,emilia_romagna,44.52972237515645,11.038597954885073,517.73,67.84022,170.4578,19.148705,24.917355,14.215781,2.5329986
2009-10-01,emilia_romagna,44.52972237515645,11.038597954885073,583.1355,74.49559,112.29279,12.668909,18.088457,8.233634,2.1743848
2009-11-01,emilia_romagna,44.52972237515645,11.038597954885073,800.35004,86.571144,51.08387,8.825116,11.884266,6.1193237,2.2131627
2009-12-01,emilia_romagna,44.52972237515645,11.038597954885073,965.6677,83.3176,41.096386,2.546332,6.0950336,-0.50436,2.3146334
2010-01-01,emilia_romagna,44.52972237515645,11.038597954885073,536.4484,86.52857,42.14217,0.6088436,3.4649348,-1.7308974,1.9515753
2010-02-01,emilia_romagna,44.52972237515645,11.038597954885073,844.1428,81.52939,72.70968,3.5371816,7.308776,0.34334534,2.503148
2010-03-01,emilia_romagna,44.52972237515645,11.038597954885073,654.5968,73.89291,127.59626,6.986804,11.634173,2.883002,2.824066
2010-04-01,emilia_romagna,44.52972237515645,11.038597954885073,683.98334,68.862045,201.7543,11.97519,17.565586,6.6332808,2.49322
2010-05-01,emilia_romagna,44.52972237515645,11.038597954885073,885.4742,67.48215,209.6475,15.940525,21.265795,10.979523,2.82875
2010-06-01,emilia_romagna,44.52972237515645,11.038597954885073,829.3534,65.407326,260.9679,20.49932,26.30415,14.947412,2.4927082
2010-07-01,emilia_romagna,44.52972237515645,11.038597954885073,173.41614,60.42848,280.0488,24.180422,30.488245,18.035143,2.2837448
2010-08-01,emilia_romagna,44.52972237515645,11.038597954885073,604.3967,66.89921,231.25443,21.806688,27.803709,16.359665,2.297361
2010-09-01,emilia_romagna,44.52972237515645,11.038597954885073,635.29,72.56519,166.9649,17.157751,22.976078,12.187303,2.1698992
2010-10-01,emilia_romagna,44.52972237515645,11.038597954885073,1002.6161,80.47169,103.43133,11.459145,16.001093,7.656011,2.327673
2010-11-01,emilia_romagna,44.52972237515645,11.038597954885073,1351.97,86.62882,47.172985,8.361429,11.6242895,5.5962267,2.2266235
2010-12-01,emilia_romagna,44.52972237515645,11.038597954885073,850.90643,83.567696,36.7872,1.4727628,4.839623,-1.3744003,2.185442
2011-01-01,emilia_romagna,44.52972237515645,11.038597954885073,344.53226,84.7379,45.66207,2.0353942,5.0563464,-0.44053718,1.936726
2011-02-01,emilia_romagna,44.52972237515645,11.038597954885073,506.30713,75.360306,92.71514,4.49201,9.527541,0.5540264,2.1635988
2011-03-01,emilia_romagna,44.52972237515645,11.038597954885073,788.6033,70.50117,139.7123,7.582358,12.471156,3.1378915,2.703992
2011-04-01,emilia_romagna,44.52972237515645,11.038597954885073,173.53667,60.959946,217.18146,14.0386,20.407179,7.9365597,2.4494193
2011-05-01,emilia_romagna,44.52972237515645,11.038597954885073,251.88066,58.79099,276.58664,17.68298,24.339596,10.840584,2.4773648
2011-06-01,emilia_romagna,44.52972237515645,11.038597954885073,777.2167,69.97066,258.716,20.67971,26.433336,15.381932,2.264575
2011-07-01,emilia_romagna,44.52972237515645,11.038597954885073,379.28387,61.725056,263.26602,21.963675,28.09885,15.964291,2.5608141
2011-08-01,emilia_romagna,44.52972237515645,11.038597954885073,14.283871,53.45025,255.18236,24.401989,31.4008,17.615454,2.1170423
2011-09-01,emilia_romagna,44.52972237515645,11.038597954885073,357.98334,63.39301,184.26854,21.052284,27.634727,15.553666,2.1097767
2011-10-01,emilia_romagna,44.52972237515645,11.038597954885073,690.6129,67.67953,124.98426,12.584735,18.442678,7.508649,2.2059834
2011-11-01,emilia_romagna,44.52972237515645,11.038597954885073,406.91003,82.24179,68.9129,7.3052416,11.734584,4.107797,1.8586276
2011-12-01,emilia_romagna,44.52972237515645,11.038597954885073,276.06128,74.32583,48.202133,4.544513,8.99256,0.78073096,2.0064437
2012-01-01,emilia_romagna,44.52972237515645,11.038597954885073,117.935486,72.65066,64.16207,2.3692505,7.234974,-1.4622853,2.136904
2012-02-01,emilia_romagna,44.52972237515645,11.038597954885073,379.14825,71.93731,103.3572,0.26590654,5.3639426,-4.149282,2.8270717
2012-03-01,emilia_romagna,44.52972237515645,11.038597954885073,161.61613,58.387646,179.77068,10.696667,17.718748,4.4348774,2.380472
2012-04-01,emilia_romagna,44.52972237515645,11.038597954885073,863.71326,72.25786,170.87364,11.458255,16.520603,6.684635,2.90134
2012-05-01,emilia_romagna,44.52972237515645,11.038597954885073,612.75806,64.89653,239.82622,16.223251,22.504313,10.29973,2.50651
2012-06-01,emilia_romagna,44.52972237515645,11.038597954885073,118.16667,58.912067,272.5867,22.584812,29.078835,16.143192,2.4830835
2012-07-01,emilia_romagna,44.52972237515645,11.038597954885073,125.85484,51.766808,279.62958,24.67539,31.545906,17.934782,2.7647645
2012-08-01,emilia_romagna,44.52972237515645,11.038597954885073,107.28065,49.549026,253.19629,25.278618,32.482483,18.28123,2.2818885
2012-09-01,emilia_romagna,44.52972237515645,11.038597954885073,987.89,70.96016,154.96358,18.4246,23.89554,13.895564,2.4127543
2012-10-01,emilia_romagna,44.52972237515645,11.038597954885073,889.95166,80.70746,101.80269,13.836503,18.69923,10.025796,2.1064332
2012-11-01,emilia_romagna,44.52972237515645,11.038597954885073,1187.5433,83.57542,57.194626,9.474645,13.159335,6.5098543,2.270371
2012-12-01,emilia_romagna,44.52972237515645,11.038597954885073,337.44196,78.9086,45.21176,2.0823529,5.9126015,-0.861384,2.0114086
2013-01-01,emilia_romagna,44.52972237515645,11.038597954885073,830.9129,84.99836,45.663895,2.8721485,6.1748943,0.11699793,2.1883957
2013-02-01,emilia_romagna,44.52972237515645,11.038597954885073,841.2179,78.386955,85.98604,2.0808322,6.416431,-1.1994513,2.5088437
2013-03-01,emilia_romagna,44.52972237515645,11.038597954885073,1425.6936,80.32909,100.66766,6.1424117,10.243501,2.637012,2.5862682
2013-04-01,emilia_romagna,44.52972237515645,11.038597954885073,841.49,75.391655,168.24301,12.510236,17.444471,8.03256,2.4829314
2013-05-01,emilia_romagna,44.52972237515645,11.038597954885073,856.129,71.477936,215.3343,15.0917,20.440063,10.241037,2.839105
2013-06-01,emilia_romagna,44.52972237515645,11.038597954885073,243.32333,62.09558,274.56976,20.159021,26.532991,13.999975,2.3913617
2013-07-01,emilia_romagna,44.52972237515645,11.038597954885073,162.94194,59.122654,277.4416,23.928337,30.426655,17.609182,2.2956374
2013-08-01,emilia_romagna,44.52972237515645,11.038597954885073,413.5871,59.14043,245.33546,22.939516,29.63118,16.740683,2.2060704
2013-09-01,emilia_romagna,44.52972237515645,11.038597954885073,362.16333,67.46978,175.56505,18.950031,25.0663,13.558324,2.1227393
2013-10-01,emilia_romagna,44.52972237515645,11.038597954885073,1123.8162,84.16016,83.76027,14.201329,17.868687,11.12683,2.1195748
2013-11-01,emilia_romagna,44.52972237515645,11.038597954885073,966.05005,80.364395,59.640324,8.56056,12.128139,5.583902,2.529699
2013-12-01,emilia_romagna,44.52972237515645,11.038597954885073,324.93225,79.68421,51.24974,4.5107427,9.225087,1.0533376,1.9448633
2014-01-01,emilia_romagna,44.52972237515645,11.038597954885073,1361.1936,86.56888,39.64867,5.344001,8.580027,2.6425717,2.327003
2014-02-01,emilia_romagna,44.52972237515645,11.038597954885073,1089.2714,82.63368,74.16057,6.9206905,10.673194,3.6098776,2.5446353
2014-03-01,emilia_romagna,44.52972237515645,11.038597954885073,739.2388,70.63925,154.30814,9.566615,15.118923,4.70579,2.747876
2014-04-01,emilia_romagna,44.52972237515645,11.038597954885073,685.56006,71.27953,185.71062,13.153913,18.698435,8.148159,2.4844623
2014-05-01,emilia_romagna,44.52972237515645,11.038597954885073,517.20325,62.673386,240.76756,16.092583,22.118885,10.277571,2.6534207
2014-06-01,emilia_romagna,44.52972237515645,11.038597954885073,561.0933,64.1599,261.08804,20.938757,27.078901,14.898902,2.5616262
2014-07-01,emilia_romagna,44.52972237515645,11.038597954885073,890.3967,71.08538,233.27199,21.21158,27.127619,15.996148,2.3687565
2014-08-01,emilia_romagna,44.52972237515645,11.038597954885073,317.44516,70.05203,219.61668,21.296564,27.202581,15.945639,2.1425233
2014-09-01,emilia_romagna,44.52972237515645,11.038597954885073,644.3667,77.02832,160.97984,17.791294,23.330376,13.20882,1.995461
2014-10-01,emilia_romagna,44.52972237515645,11.038597954885073,471.25485,78.53622,110.75611,14.89649,20.03338,11.091393,2.2455034
2014-11-01,emilia_romagna,44.52972237515645,11.038597954885073,1386.7367,86.34002,50.902687,10.703127,13.960407,8.098445,2.0212257
2014-12-01,emilia_romagna,44.52972237515645,11.038597954885073,571.8258,85.445755,43.38801,5.27085,8.2872095,2.9003458,2.0262706
2015-01-01,emilia_romagna,44.52972237515645,11.038597954885073,261.21613,74.89814,59.584812,4.2845836,9.000615,0.48901016,2.3333676
2015-02-01,emilia_romagna,44.52972237515645,11.038597954885073,1322.3965,80.76256,87.05055,3.799467,8.143203,0.44870248,2.521528
2015-03-01,emilia_romagna,44.52972237515645,11.038597954885073,884.66455,70.89694,149.59274,8.317326,13.2941265,3.7188747,3.0192559
2015-04-01,emilia_romagna,44.52972237515645,11.038597954885073,579.92664,62.400333,211.91412,12.528855,18.402899,6.7331347,2.7416828
2015-05-01,emilia_romagna,44.52972237515645,11.038597954885073,626.0516,70.96463,235.06972,17.24147,22.819588,12.010049,2.5831683
2015-06-01,emilia_romagna,44.52972237515645,11.038597954885073,355.24,65.710396,277.8113,21.388939,27.69782,15.248382,2.3296854
2015-07-01,emilia_romagna,44.52972237515645,11.038597954885073,39.3871,58.296307,291.84323,26.207287,32.62598,19.903435,2.42359
2015-08-01,emilia_romagna,44.52972237515645,11.038597954885073,479.87744,64.26644,234.05841,23.220984,29.802979,17.449898,2.188222
2015-09-01,emilia_romagna,44.52972237515645,11.038597954885073,492.18332,63.975807,169.63266,18.255344,23.994062,13.184895,2.9049942
2015-10-01,emilia_romagna,44.52972237515645,11.038597954885073,1000.6419,82.359184,96.417145,12.475794,16.68204,9.222058,2.1916153
2015-11-01,emilia_romagna,44.52972237515645,11.038597954885073,350.6067,80.90314,69.66438,8.545719,13.611811,4.7029047,1.9300268
2015-12-01,emilia_romagna,44.52972237515645,11.038597954885073,18.090324,88.65759,45.126434,5.1032376,8.860659,2.3397176,1.3493391
2016-01-01,emilia_romagna,44.52972237515645,11.038597954885073,398.6871,76.095375,54.98309,3.7454903,8.086224,0.15988682,2.3624818
2016-02-01,emilia_romagna,44.52972237515645,11.038597954885073,1606.3242,80.147415,71.98275,6.647895,10.446321,3.2653782,2.8161485
2016-03-01,emilia_romagna,44.52972237515645,11.038597954885073,657.1516,74.33005,136.85147,8.158197,12.889946,3.7910993,2.8271213
2016-04-01,emilia_romagna,44.52972237515645,11.038597954885073,344.40332,70.630875,193.78964,13.198967,18.773094,7.9602637,2.7213023
2016-05-01,emilia_romagna,44.52972237515645,11.038597954885073,795.81616,69.33739,226.38242,15.736703,21.260113,10.5961685,2.7336252
2016-06-01,emilia_romagna,44.52972237515645,11.038597954885073,504.16333,68.43831,252.55861,20.34684,26.196796,14.842352,2.3692095
2016-07-01,emilia_romagna,44.52972237515645,11.038597954885073,177.35808,60.68916,272.78278,24.155384,30.527004,17.918982,2.1958325
2016-08-01,emilia_romagna,44.52972237515645,11.038597954885073,266.18387,62.08442,248.34145,22.320944,28.792032,16.1071,2.1135004
2016-09-01,emilia_romagna,44.52972237515645,11.038597954885073,395.33334,66.93243,179.92072,19.631618,26.077778,14.17744,2.0654325
2016-10-01,emilia_romagna,44.52972237515645,11.038597954885073,820.05164,83.637856,98.13475,12.144449,16.67971,8.409798,1.8909781
2016-11-01,emilia_romagna,44.52972237515645,11.038597954885073,834.80334,83.84281,56.49167,8.126452,11.882117,5.001871,1.9742982
2016-12-01,emilia_romagna,44.52972237515645,11.038597954885073,119.493546,79.64393,51.666363,3.817435,8.079628,0.6029982,1.7867912
2017-01-01,emilia_romagna,44.52972237515645,11.038597954885073,103.509674,71.008125,54.96384,0.58433276,5.1882057,-3.1600597,2.5927536
2017-02-01,emilia_romagna,44.52972237515645,11.038597954885073,732.4143,81.90401,78.41129,5.9144096,10.059772,2.3362527,2.3570924
2017-03-01,emilia_romagna,44.52972237515645,11.038597954885073,190.69032,62.52167,154.18808,10.766394,17.057272,5.120722,2.5536757
2017-04-01,emilia_romagna,44.52972237515645,11.038597954885073,303.62665,66.1193,198.47311,12.814183,19.104416,6.88599,2.4321249
2017-05-01,emilia_romagna,44.52972237515645,11.038597954885073,519.04517,66.78733,244.52185,17.155409,23.138096,11.231169,2.4049284
2017-06-01,emilia_romagna,44.52972237515645,11.038597954885073,317.3333,58.413643,281.6383,23.182049,29.539497,16.690933,2.6108885
2017-07-01,emilia_romagna,44.52972237515645,11.038597954885073,109.88709,54.096256,264.334,24.236986,30.876884,17.412636,2.5811837
2017-08-01,emilia_romagna,44.52972237515645,11.038597954885073,112.16774,52.116966,229.16353,25.038485,32.07047,18.202097,2.406509
2017-09-01,emilia_romagna,44.52972237515645,11.038597954885073,853.5267,71.44638,138.69342,16.857006,22.636223,12.077827,2.408821
2017-10-01,emilia_romagna,44.52972237515645,11.038597954885073,98.26451,71.942856,107.73204,13.862094,20.269077,8.801213,1.9909729
2017-11-01,emilia_romagna,44.52972237515645,11.038597954885073,1253.0734,82.15553,53.806988,7.244566,11.532158,3.836004,2.2129474
2017-12-01,emilia_romagna,44.52972237515645,11.038597954885073,658.342,77.111755,41.675205,3.2771952,7.727747,-0.23204085,2.2111044
2018-01-01,emilia_romagna,44.52972237515645,11.038597954885073,212.10645,81.15218,55.84534,5.266233,9.354585,1.8274753,2.2256699
2018-02-01,emilia_romagna,44.52972237515645,11.038597954885073,1212.625,82.76254,76.018295,1.9834173,5.2631216,-0.8692267,2.6929464
2018-03-01,emilia_romagna,44.52972237515645,11.038597954885073,1020.50964,76.36803,115.055145,6.193978,10.267472,2.4753418,2.6948724
2018-04-01,emilia_romagna,44.52972237515645,11.038597954885073,312.53998,66.89361,212.67326,14.484209,20.04944,9.048605,2.6529758
2018-05-01,emilia_romagna,44.52972237515645,11.038597954885073,775.8194,76.61033,224.74246,17.345415,22.572557,12.681535,2.2744145
2018-06-01,emilia_romagna,44.52972237515645,11.038597954885073,503.57666,65.10833,266.5293,21.281624,27.06166,15.419404,2.3957996
2018-07-01,emilia_romagna,44.52972237515645,11.038597954885073,386.22903,65.441696,273.94122,23.936106,30.175367,18.160904,2.110121
2018-08-01,emilia_romagna,44.52972237515645,11.038597954885073,343.50647,63.585228,237.12903,23.79092,30.178463,18.200636,2.1817677
2018-09-01,emilia_romagna,44.52972237515645,11.038597954885073,281.93668,69.49457,189.0945,19.674192,25.8242,14.531894,2.0060833
2018-10-01,emilia_romagna,44.52972237515645,11.038597954885073,905.9839,79.59048,112.50078,14.630558,19.583593,10.51992,2.4504385
2018-11-01,emilia_romagna,44.52972237515645,11.038597954885073,815.55,87.07005,54.918278,9.281392,12.305782,6.841803,1.8438172
2018-12-01,emilia_romagna,44.52972237515645,11.038597954885073,218.82257,80.376335,51.340664,3.6787696,7.711981,0.50610954,1.5894225
2019-01-01,emilia_romagna,44.52972237515645,11.038597954885073,310.16452,73.68306,66.21982,2.1319914,6.6049933,-1.33593,1.9818951
2019-02-01,emilia_romagna,44.52972237515645,11.038597954885073,450.96075,64.6802,112.312355,5.971967,12.143355,1.0002621,2.0423057
2019-03-01,emilia_romagna,44.52972237515645,11.038597954885073,141.87743,57.92439,173.85458,9.727782,16.038652,3.662232,2.4621422
2019-04-01,emilia_romagna,44.52972237515645,11.038597954885073,806.2467,70.99781,181.10362,11.780572,16.879606,6.939826,2.4554112
2019-05-01,emilia_romagna,44.52972237515645,11.038597954885073,1810.087,76.13162,192.26547,13.453347,18.05552,9.278751,2.618139
2019-06-01,emilia_romagna,44.52972237515645,11.038597954885073,126.090004,65.58786,292.3403,23.582447,29.477983,17.504717,2.3556154
2019-07-01,emilia_romagna,44.52972237515645,11.038597954885073,565.4065,71.5154,268.7409,24.83638,30.16285,19.63882,2.2609208
2019-08-01,emilia_romagna,44.52972237515645,11.038597954885073,224.8613,76.30747,238.97841,24.825779,30.106804,19.852173,2.0992093
2019-09-01,emilia_romagna,44.52972237515645,11.038597954885073,478.24,74.89628,178.06854,19.871008,24.457811,15.35059,2.2513816
2019-10-01,emilia_romagna,44.52972237515645,11.038597954885073,569.571,83.01461,106.14543,15.96439,19.960539,11.969029,2.0406215
2019-11-01,emilia_romagna,44.52972237515645,11.038597954885073,2221.3867,87.92581,50.333332,9.850652,12.653803,7.306325,2.0171907
2019-12-01,emilia_romagna,44.52972237515645,11.038597954885073,824.6065,82.48868,50.969822,6.024382,9.402154,2.7656436,1.7767013
2020-01-01,emilia_romagna,44.52972237515645,11.038597954885073,195.54517,81.61031,66.55242,4.270176,8.816487,0.8812006,1.6281737
2020-02-01,emilia_romagna,44.52972237515645,11.038597954885073,83.22069,68.42796,107.065765,8.109865,13.213656,3.0255368,2.262839
2020-03-01,emilia_romagna,44.52972237515645,11.038597954885073,557.0871,72.35102,149.16324,8.309029,12.766503,3.8218791,2.4153512
2020-04-01,emilia_romagna,44.52972237515645,11.038597954885073,290.72336,61.18112,239.34558,13.007696,18.989569,6.676677,2.5485642
2020-05-01,emilia_romagna,44.52972237515645,11.038597954885073,340.58386,63.983902,252.99689,17.25643,22.76368,11.382322,2.688551
2020-06-01,emilia_romagna,44.52972237515645,11.038597954885073,619.7867,64.16482,276.76074,20.389938,26.30895,14.56968,2.4649246
2020-07-01,emilia_romagna,44.52972237515645,11.038597954885073,474.96454,63.69913,297.27615,23.16079,29.344482,16.835325,2.3082945
2020-08-01,emilia_romagna,44.52972237515645,11.038597954885073,611.5613,66.26298,247.48909,23.761583,29.827318,18.270824,2.2924569
2020-09-01,emilia_romagna,44.52972237515645,11.038597954885073,467.24,69.63373,189.13307,19.219374,25.345135,13.992827,2.248293
2020-10-01,emilia_romagna,44.52972237515645,11.038597954885073,930.74194,80.06719,106.26327,12.526389,17.370417,8.468095,2.3741362
2020-11-01,emilia_romagna,44.52972237515645,11.038597954885073,213.96667,82.01337,72.98347,8.884231,12.363673,6.0888295,1.8210336
2020-12-01,emilia_romagna,44.52972237515645,11.038597954885073,1604.729,86.96203,35.62604,5.131809,7.6117682,2.9738317,2.119559
2021-01-01,emilia_romagna,44.52972237515645,11.038597954885073,764.771,79.888016,51.23868,2.562569,6.1628213,-0.31525496,2.1371047
2021-02-01,emilia_romagna,44.52972237515645,11.038597954885073,262.1536,76.56172,98.24237,6.572713,11.216955,2.6205647,2.2670376
2021-03-01,emilia_romagna,44.52972237515645,11.038597954885073,60.183872,58.23314,182.53941,8.016552,14.479833,1.8490855,2.4393353
2021-04-01,emilia_romagna,44.52972237515645,11.038597954885073,580.47,65.39782,202.83427,10.266285,15.821899,4.8318086,2.6410646
2021-05-01,emilia_romagna,44.52972237515645,11.038597954885073,437.9129,62.820774,254.38919,15.65172,21.263807,10.025521,3.0157142
2021-06-01,emilia_romagna,44.52972237515645,11.038597954885073,168.60667,58.270924,295.21857,22.706924,29.236586,16.224142,2.3860657
2021-07-01,emilia_romagna,44.52972237515645,11.038597954885073,224.55484,59.60282,272.202,24.099127,30.55386,17.902943,2.462076
2021-08-01,emilia_romagna,44.52972237515645,11.038597954885073,179.23871,56.987793,253.68004,23.224222,29.813433,16.877699,2.2953172
2021-09-01,emilia_romagna,44.52972237515645,11.038597954885073,517.63,66.03346,186.33643,19.498753,26.02758,13.8080015,1.9758049
2021-10-01,emilia_romagna,44.52972237515645,11.038597954885073,365.91617,74.58983,121.55281,12.36036,17.81701,7.934243,2.1573048
2021-11-01,emilia_romagna,44.52972237515645,11.038597954885073,960.7133,84.32907,62.118954,8.428145,11.638264,5.681715,2.3351395
2021-12-01,emilia_romagna,44.52972237515645,11.038597954885073,544.45483,84.44952,50.407913,3.774348,7.58289,0.7722658,1.87689
2022-01-01,emilia_romagna,44.52972237515645,11.038597954885073,308.00647,79.237495,70.76613,3.2787888,8.190781,-0.41808793,1.9270369
2022-02-01,emilia_romagna,44.52972237515645,11.038597954885073,262.19287,68.81097,114.61276,6.3866386,12.104762,1.2572249,2.4259331
2022-03-01,emilia_romagna,44.52972237515645,11.038597954885073,202.9387,58.944,178.34274,6.8514495,13.112531,1.0903993,2.3957283
2022-04-01,emilia_romagna,44.52972237515645,11.038597954885073,655.29004,64.99034,213.08696,11.125183,16.99514,5.1153893,3.00034
2022-05-01,emilia_romagna,44.52972237515645,11.038597954885073,476.46454,68.243324,233.43536,18.536789,24.478127,12.807406,2.4215817
2022-06-01,emilia_romagna,44.52972237515645,11.038597954885073,167.27667,61.353218,264.23026,23.646584,30.028748,17.193863,2.5039837
2022-07-01,emilia_romagna,44.52972237515645,11.038597954885073,139.60645,54.063927,280.76105,25.793943,32.890903,18.589663,2.4176586
2022-08-01,emilia_romagna,44.52972237515645,11.038597954885073,708.49036,62.2485,228.6691,23.860613,30.53724,17.86132,2.119425
2022-09-01,emilia_romagna,44.52972237515645,11.038597954885073,501.14,70.08212,174.51385,18.700037,24.558952,13.5093155,2.2503226
2022-10-01,emilia_romagna,44.52972237515645,11.038597954885073,126.20645,77.708305,124.104836,16.634525,22.689886,11.936513,1.8415229
2022-11-01,emilia_romagna,44.52972237515645,11.038597954885073,866.61664,83.89222,68.6914,9.182526,13.326727,5.617731,2.1177392
2022-12-01,emilia_romagna,44.52972237515645,11.038597954885073,859.36774,91.11192,38.848072,5.67946,7.977721,3.6330526,1.5898569
2023-01-01,emilia_romagna,44.52972237515645,11.038597954885073,678.28064,82.83622,59.460457,4.899407,8.364276,2.0912669,2.2328994
2023-02-01,emilia_romagna,44.52972237515645,11.038597954885073,213.43573,70.86078,100.22912,5.316149,11.1554165,0.59646595,1.8885958
2023-03-01,emilia_romagna,44.52972237515645,11.038597954885073,385.89682,67.183464,153.43198,10.033532,15.670145,4.689074,2.6031623
2023-04-01,emilia_romagna,44.52972237515645,11.038597954885073,212.51001,67.54106,199.33601,11.339478,17.170584,5.6990952,2.3123157
2023-05-01,emilia_romagna,44.52972237515645,11.038597954885073,1971.7258,78.306244,201.78629,15.886634,20.685162,11.562082,2.246532
2023-06-01,emilia_romagna,44.52972237515645,11.038597954885073,576.12,69.42602,253.64839,21.50359,27.31494,15.898769,2.007164
2023-07-01,emilia_romagna,44.52972237515645,11.038597954885073,254.30646,64.44825,272.01846,24.976599,31.130577,18.814236,2.323214
2023-08-01,emilia_romagna,44.52972237515645,11.038597954885073,391.90646,60.989716,230.70369,24.049603,30.480665,17.943497,2.203292
2023-09-01,emilia_romagna,44.52972237515645,11.038597954885073,250.93668,66.94364,176.87473,20.674923,26.89967,15.268352,2.4517915
2023-10-01,emilia_romagna,44.52972237515645,11.038597954885073,972.429,72.71592,108.294876,17.175419,22.59172,12.6313095,2.398045
2023-11-01,emilia_romagna,44.52972237515645,11.038597954885073,650.5567,75.26358,77.099464,8.91955,13.728931,4.867204,2.3622432
2023-12-01,emilia_romagna,44.52972237515645,11.038597954885073,238.28387,82.75036,53.57934,7.0469003,10.321736,3.5695446,2.0779681
2024-01-01,emilia_romagna,44.52972237515645,11.038597954885073,603.2839,80.371506,63.64985,4.1347284,8.473965,0.8180202,2.2936943
2024-02-01,emilia_romagna,44.52972237515645,11.038597954885073,839.0621,79.35989,80.07633,8.284497,13.323089,4.2568035,2.3060677
2024-03-01,emilia_romagna,44.52972237515645,11.038597954885073,819.9387,78.32977,125.39699,10.4339285,15.372657,5.9288034,2.602817
2024-04-01,emilia_romagna,44.52972237515645,11.038597954885073,611.41003,70.178444,190.40631,12.965926,18.74505,7.6019692,2.6104312
2024-05-01,emilia_romagna,44.52972237515645,11.038597954885073,837.9419,75.14299,207.23375,16.542067,21.87573,11.403041,2.4102626
2024-06-01,emilia_romagna,44.52972237515645,11.038597954885073,789.6667,69.633804,236.65068,21.295063,26.917229,15.698225,2.4620912
2024-07-01,emilia_romagna,44.52972237515645,11.038597954885073,189.75806,66.23085,273.09238,25.296946,31.393476,19.148918,2.3026352
2024-08-01,emilia_romagna,44.52972237515645,11.038597954885073,356.2226,69.71363,229.98415,25.324617,31.792097,19.74198,2.018209
2024-09-01,emilia_romagna,44.52972237515645,11.038597954885073,1485.6167,75.33939,149.74583,18.68722,23.685547,14.409128,2.4608078
2024-10-01,emilia_romagna,44.52972237515645,11.038597954885073,1745.1516,88.71385,80.663506,15.226179,18.630556,12.464208,2.1555123
2024-11-01,emilia_romagna,44.52972237515645,11.038597954885073,134.12666,83.31054,77.51761,7.6148367,12.227071,3.9684165,2.0465026
2024-12-01,emilia_romagna,44.52972237515645,11.038597954885073,815.06775,79.973045,62.15648,4.0515437,8.475957,0.86323106,2.2870915
2000-01-01,toscana,43.46499995467139,11.127795253924448,197.69354,69.72917,70.58664,4.224319,8.131755,-0.4999487,2.2042873
2000-02-01,toscana,43.46499995467139,11.127795253924448,122.87932,69.28873,104.01243,7.460878,12.321752,1.8106148,2.382145
2000-03-01,toscana,43.46499995467139,11.127795253924448,806.6775,74.40095,143.2822,9.366066,13.544833,4.273272,2.7986133
2000-04-01,toscana,43.46499995467139,11.127795253924448,721.38336,80.933395,173.64354,12.679172,16.686373,7.919818,2.6004484
2000-05-01,toscana,43.46499995467139,11.127795253924448,186.07742,78.515396,247.00864,18.326616,23.428503,12.13443,2.466574
2000-06-01,toscana,43.46499995467139,11.127795253924448,501.46667,72.33141,283.9403,21.163681,26.959862,14.757252,2.398451
2000-07-01,toscana,43.46499995467139,11.127795253924448,350.8355,69.64556,272.20193,21.240515,27.041674,14.975682,2.5838747
2000-08-01,toscana,43.46499995467139,11.127795253924448,146.5871,71.58146,244.55014,23.974716,30.628284,16.531076,2.069241
2000-09-01,toscana,43.46499995467139,11.127795253924448,420.87,75.844055,188.30336,19.554983,24.937368,13.220264,2.0211096
2000-10-01,toscana,43.46499995467139,11.127795253924448,1238.8613,87.72744,92.816574,15.332938,18.963978,11.272859,2.169117
2000-11-01,toscana,43.46499995467139,11.127795253924448,2717.8267,86.30007,55.251034,10.888457,13.917726,7.401768,2.2637362
2000-12-01,toscana,43.46499995467139,11.127795253924448,1121.0677,85.53101,43.058018,8.356652,11.379393,4.763571,1.7915905
2001-01-01,toscana,43.46499995467139,11.127795253924448,1043.0388,85.90659,42.86547,7.0865917,9.484265,4.1211333,2.3681219
2001-02-01,toscana,43.46499995467139,11.127795253924448,326.39642,75.614494,102.018135,7.3803406,11.346612,2.6236048,2.8425496
2001-03-01,toscana,43.46499995467139,11.127795253924448,1341.6194,85.91797,117.118774,11.897613,15.053175,8.100798,3.1347635
2001-04-01,toscana,43.46499995467139,11.127795253924448,717.73334,77.699394,199.28642,10.902677,15.764535,5.561922,2.766776
2001-05-01,toscana,43.46499995467139,11.127795253924448,497.7,79.2073,227.66255,17.623755,22.814783,11.929672,2.6255014
2001-06-01,toscana,43.46499995467139,11.127795253924448,142.46667,68.14338,277.03113,19.72864,25.878685,13.30804,2.728841
2001-07-01,toscana,43.46499995467139,11.127795253924448,213.14839,72.07666,278.7866,22.854588,28.901672,16.569036,2.529911
2001-08-01,toscana,43.46499995467139,11.127795253924448,19.306452,69.84852,258.41562,24.418657,31.161724,17.307373,2.2638133
2001-09-01,toscana,43.46499995467139,11.127795253924448,971.9,73.979225,169.05968,17.174461,22.541147,11.09767,2.1900814
2001-10-01,toscana,43.46499995467139,11.127795253924448,556.2452,83.885056,121.56939,17.49698,22.25371,12.072413,2.0585594
2001-11-01,toscana,43.46499995467139,11.127795253924448,714.65,75.201065,72.290184,9.505436,13.203254,5.134248,2.682023
2001-12-01,toscana,43.46499995467139,11.127795253924448,343.22906,68.92846,60.97287,4.2124157,7.785976,-0.21974874,2.6053963
2002-01-01,toscana,43.46499995467139,11.127795253924448,191.84517,74.56436,69.94036,4.595704,9.042378,-0.8862092,2.19481
2002-02-01,toscana,43.46499995467139,11.127795253924448,717.40717,82.724434,83.65283,8.625194,12.413674,4.002237,2.8032255
2002-03-01,toscana,43.46499995467139,11.127795253924448,59.893547,69.22102,157.52637,10.92528,16.18022,4.8632693,2.766155
2002-04-01,toscana,43.46499995467139,11.127795253924448,555.7233,78.0448,177.0292,12.044811,16.836283,6.746726,2.5088463
2002-05-01,toscana,43.46499995467139,11.127795253924448,770.05164,79.442345,224.82658,16.47524,21.551235,10.947079,2.5764241
2002-06-01,toscana,43.46499995467139,11.127795253924448,320.51334,73.88505,272.20853,21.842163,28.023817,15.366598,2.4190865
2002-07-01,toscana,43.46499995467139,11.127795253924448,436.96774,75.26855,260.1669,22.36498,27.826002,16.287819,2.3081007
2002-08-01,toscana,43.46499995467139,11.127795253924448,1005.0355,80.03213,227.0305,21.752884,26.941496,16.191755,2.2173352
2002-09-01,toscana,43.46499995467139,11.127795253924448,818.05334,78.23021,155.4221,17.84649,22.354471,12.572851,2.051535
2002-10-01,toscana,43.46499995467139,11.127795253924448,880.6516,81.0313,111.74856,15.045973,18.977468,10.192112,2.392273
2002-11-01,toscana,43.46499995467139,11.127795253924448,1180.5366,82.12518,55.42791,12.425462,15.073241,9.111616,2.7342894
2002-12-01,toscana,43.46499995467139,11.127795253924448,1101.1516,83.454346,40.65529,7.4557424,9.473729,4.770386,2.3948512
2003-01-01,toscana,43.46499995467139,11.127795253924448,747.6161,71.63755,60.628033,5.564561,8.829372,1.5818992,2.797413
2003-02-01,toscana,43.46499995467139,11.127795253924448,249.83572,60.74481,117.38663,3.0423791,7.832214,-2.1535602,2.7875981
2003-03-01,toscana,43.46499995467139,11.127795253924448,209.46776,69.218216,171.88911,9.468969,15.110838,3.0315452,2.5350537
2003-04-01,toscana,43.46499995467139,11.127795253924448,755.3933,70.18047,199.06395,11.7048645,16.84272,6.047541,2.8381937
2003-05-01,toscana,43.46499995467139,11.127795253924448,124.870964,65.46433,257.19843,18.915262,25.183744,12.0109825,2.5369031
2003-06-01,toscana,43.46499995467139,11.127795253924448,192.4,67.13932,293.3367,24.254288,31.208052,17.162363,2.2325194
2003-07-01,toscana,43.46499995467139,11.127795253924448,24.63871,63.339813,287.41272,25.00336,31.77333,17.952389,2.4937034
2003-08-01,toscana,43.46499995467139,11.127795253924448,173.01936,60.188652,251.40749,26.792385,33.583008,19.67767,2.2817416
2003-09-01,toscana,43.46499995467139,11.127795253924448,479.81665,66.59091,183.04121,19.247469,25.000616,13.025583,2.1948037
2003-10-01,toscana,43.46499995467139,11.127795253924448,1006.64197,77.89795,104.09052,13.823161,17.72733,9.443386,2.7027645
2003-11-01,toscana,43.46499995467139,11.127795253924448,1682.6433,87.179115,63.41111,11.088494,14.508102,7.3560967,2.3030994
2003-12-01,toscana,43.46499995467139,11.127795253924448,706.57416,73.21754,53.321575,6.6064963,9.9576235,2.8384395,2.575025
2004-01-01,toscana,43.46499995467139,11.127795253924448,638.6678,71.82959,57.149166,4.2288885,8.341261,0.3668442,2.1249437
2004-02-01,toscana,43.46499995467139,11.127795253924448,967.9518,77.51114,79.78321,6.292881,10.272098,2.6932104,2.435119
2004-03-01,toscana,43.46499995467139,11.127795253924448,586.7871,73.817085,128.80382,7.5056596,12.297891,3.0465229,2.4282284
2004-04-01,toscana,43.46499995467139,11.127795253924448,778.3333,77.054756,165.90207,11.476427,16.4487,6.5747676,2.5781226
2004-05-01,toscana,43.46499995467139,11.127795253924448,772.3839,69.977715,230.36798,14.149944,19.73308,8.702917,2.6104286
2004-06-01,toscana,43.46499995467139,11.127795253924448,295.50336,65.998665,264.2965,19.842756,26.036137,13.72558,2.5837507
2004-07-01,toscana,43.46499995467139,11.127795253924448,185.50645,60.403675,283.3216,22.582531,29.727709,15.366749,2.3356824
2004-08-01,toscana,43.46499995467139,11.127795253924448,222.97742,72.561676,243.99986,23.114914,29.38665,16.903309,2.158118
2004-09-01,toscana,43.46499995467139,11.127795253924448,534.55334,69.38063,183.51033,19.513422,25.637526,13.441556,2.0117118
2004-10-01,toscana,43.46499995467139,11.127795253924448,1285.9323,86.844315,87.60252,16.209764,20.327456,12.455309,2.2114165
2004-11-01,toscana,43.46499995467139,11.127795253924448,678.81335,78.48191,67.7009,9.74823,14.089091,5.581032,2.352655
2004-12-01,toscana,43.46499995467139,11.127795253924448,1371.2838,78.132225,52.3172,7.2887597,10.754337,3.800595,2.3331907
2005-01-01,toscana,43.46499995467139,11.127795253924448,257.49677,70.50791,69.209305,4.0307155,8.167467,-0.22729433,2.670325
2005-02-01,toscana,43.46499995467139,11.127795253924448,421.50714,65.37191,91.949196,2.9939797,7.589029,-1.5767289,2.7618508
2005-03-01,toscana,43.46499995467139,11.127795253924448,405.0645,71.79174,144.7567,7.8005915,13.024469,2.442508,2.242788
2005-04-01,toscana,43.46499995467139,11.127795253924448,790.43005,76.09029,188.04341,11.15973,16.189209,5.9674716,2.7016914
2005-05-01,toscana,43.46499995467139,11.127795253924448,303.93872,70.26507,255.48001,17.418596,23.489521,11.045604,2.6265438
2005-06-01,toscana,43.46499995467139,11.127795253924448,243.22333,66.88838,275.45868,21.03769,27.449474,14.325164,2.6792896
2005-07-01,toscana,43.46499995467139,11.127795253924448,217.05484,62.266792,278.39807,23.171228,29.90808,15.999289,2.382208
2005-08-01,toscana,43.46499995467139,11.127795253924448,573.8484,71.03113,216.36697,21.3082,27.306192,15.094276,2.3046951
2005-09-01,toscana,43.46499995467139,11.127795253924448,839.18335,78.49911,168.96072,18.86816,24.020807,13.469079,2.1257985
2005-10-01,toscana,43.46499995467139,11.127795253924448,1043.7646,84.31485,101.15991,14.546124,18.953253,10.077216,2.1272843
2005-11-01,toscana,43.46499995467139,11.127795253924448,1743.8333,81.85547,62.641212,8.880898,12.934612,4.843324,2.1086447
2005-12-01,toscana,43.46499995467139,11.127795253924448,1173.9839,75.85312,45.880844,4.201419,7.8349853,0.6491723,2.2144537
2006-01-01,toscana,43.46499995467139,11.127795253924448,573.8904,79.013954,64.753685,3.3294284,7.2905216,-0.35563636,2.436099
2006-02-01,toscana,43.46499995467139,11.127795253924448,605.4643,72.19367,92.78128,5.303877,9.661948,1.0415198,2.2174957
2006-03-01,toscana,43.46499995467139,11.127795253924448,656.85486,74.992744,120.27619,7.2215977,11.223798,3.1457539,2.561659
2006-04-01,toscana,43.46499995467139,11.127795253924448,306.81665,73.25315,183.71732,12.617189,18.2094,7.0347233,2.0658255
2006-05-01,toscana,43.46499995467139,11.127795253924448,331.8581,67.02215,246.07689,16.015953,22.065718,9.794572,2.3237722
2006-06-01,toscana,43.46499995467139,11.127795253924448,116.25,53.55131,255.80865,19.544569,26.016064,12.64379,2.276333
2006-07-01,toscana,43.46499995467139,11.127795253924448,251.18388,53.792953,278.4805,24.466612,31.601786,17.334799,2.1610415
2006-08-01,toscana,43.46499995467139,11.127795253924448,411.1516,66.714615,216.65053,20.647684,26.591032,14.756322,2.1879983
2006-09-01,toscana,43.46499995467139,11.127795253924448,1093.77,70.465294,177.75711,19.468927,25.567991,13.524091,1.7686214
2006-10-01,toscana,43.46499995467139,11.127795253924448,493.0484,76.62388,119.41972,15.7869625,20.88803,10.872385,1.9276369
2006-11-01,toscana,43.46499995467139,11.127795253924448,585.7633,76.86201,73.38837,10.383635,14.783284,5.904132,1.8042816
2006-12-01,toscana,43.46499995467139,11.127795253924448,706.42584,79.3999,55.328587,7.651935,11.540644,3.839047,2.0220954
2007-01-01,toscana,43.46499995467139,11.127795253924448,447.0129,77.22161,57.504627,7.668279,11.472564,3.867643,2.2729757
2007-02-01,toscana,43.46499995467139,11.127795253924448,919.0786,74.56184,83.964424,8.105249,12.559582,3.6137528,2.298387
2007-03-01,toscana,43.46499995467139,11.127795253924448,624.09357,73.33648,128.74419,9.053645,13.491505,4.7248063,2.892493
2007-04-01,toscana,43.46499995467139,11.127795253924448,40.073338,65.20729,222.32945,14.341087,21.350208,7.418074,2.114354
2007-05-01,toscana,43.46499995467139,11.127795253924448,829.871,64.62011,249.26193,16.657185,22.651276,10.75528,2.5245473
2007-06-01,toscana,43.46499995467139,11.127795253924448,309.04666,67.396614,249.66148,20.035233,25.624731,14.495953,2.7962945
2007-07-01,toscana,43.46499995467139,11.127795253924448,12.206452,49.771763,298.39136,22.6193,30.213644,14.896262,2.754845
2007-08-01,toscana,43.46499995467139,11.127795253924448,491.04517,61.268257,230.08565,21.608837,28.149872,15.223523,2.5899413
2007-09-01,toscana,43.46499995467139,11.127795253924448,598.3367,63.560276,189.23192,17.598007,24.04064,11.366443,2.4421098
2007-10-01,toscana,43.46499995467139,11.127795253924448,591.90643,74.786446,117.703674,13.704462,19.040344,8.796805,2.4394484
2007-11-01,toscana,43.46499995467139,11.127795253924448,439.76,71.95046,74.102325,8.354553,12.71347,4.1468925,2.4874535
2007-12-01,toscana,43.46499995467139,11.127795253924448,392.99677,71.56221,58.95924,4.866915,9.112454,0.9273456,2.1946285
2008-01-01,toscana,43.46499995467139,11.127795253924448,909.68713,78.3203,55.52926,6.896109,10.706246,3.2725055,2.0219903
2008-02-01,toscana,43.46499995467139,11.127795253924448,480.45862,72.362015,102.70008,6.5508122,11.306318,2.0403154,2.114106
2008-03-01,toscana,43.46499995467139,11.127795253924448,843.3065,73.03968,129.31032,8.286993,12.659449,4.101146,2.5887809
2008-04-01,toscana,43.46499995467139,11.127795253924448,744.99335,66.85512,184.08412,11.802013,16.808764,6.871579,2.5069315
2008-05-01,toscana,43.46499995467139,11.127795253924448,648.28394,69.40896,220.83421,16.428806,21.90169,10.796779,2.162713
2008-06-01,toscana,43.46499995467139,11.127795253924448,581.31006,72.17177,246.82945,20.129087,26.083834,14.203377,1.8510258
2008-07-01,toscana,43.46499995467139,11.127795253924448,76.57742,59.64674,284.10776,22.400845,29.121893,15.638239,2.0221803
2008-08-01,toscana,43.46499995467139,11.127795253924448,129.57742,55.195625,256.49,23.09665,30.54198,15.754609,1.9510314
2008-09-01,toscana,43.46499995467139,11.127795253924448,427.72665,64.838646,166.52042,17.781254,23.771086,12.119287,2.0947106
2008-10-01,toscana,43.46499995467139,11.127795253924448,785.0774,76.07356,113.585396,15.40804,20.472902,10.535912,1.870015
2008-11-01,toscana,43.46499995467139,11.127795253924448,1806.56,81.27256,66.03708,9.65506,13.656719,5.840492,2.1082323
2008-12-01,toscana,43.46499995467139,11.127795253924448,1796.7162,82.923775,49.29832,5.393352,9.099235,2.132018,2.087973
2009-01-01,toscana,43.46499995467139,11.127795253924448,935.2516,83.36926,54.333084,4.685491,8.541523,1.1764416,2.2157753
2009-02-01,toscana,43.46499995467139,11.127795253924448,883.60004,67.529495,100.22647,4.8373036,9.599873,0.37095377,2.147619
2009-03-01,toscana,43.46499995467139,11.127795253924448,1075.8967,67.39097,142.20866,8.688753,13.808844,3.8315694,2.5745287
2009-04-01,toscana,43.46499995467139,11.127795253924448,745.01666,76.89164,176.43953,12.95878,18.360725,8.001143,2.308474
2009-05-01,toscana,43.46499995467139,11.127795253924448,130.74516,59.005646,266.24606,18.077469,25.158072,10.965313,2.2604837
2009-06-01,toscana,43.46499995467139,11.127795253924448,598.9,67.30173,258.01678,19.583206,25.15067,13.961847,2.5686126
2009-07-01,toscana,43.46499995467139,11.127795253924448,105.80646,59.760307,283.8347,23.001831,30.018105,15.805903,2.3001323
2009-08-01,toscana,43.46499995467139,11.127795253924448,96.25807,62.1938,261.41995,24.387115,31.92049,17.277256,1.9573282
2009-09-01,toscana,43.46499995467139,11.127795253924448,642.16003,72.181145,177.54637,19.705881,25.520515,14.515427,2.270575
2009-10-01,toscana,43.46499995467139,11.127795253924448,572.71936,76.77556,121.55689,13.55032,19.04302,8.57498,2.0193937
2009-11-01,toscana,43.46499995467139,11.127795253924448,831.84,86.20809,61.609043,10.510425,14.693472,6.368676,2.1349277
2009-12-01,toscana,43.46499995467139,11.127795253924448,1678.9453,83.382744,45.842083,5.890107,9.675405,2.2491784,2.2792785
2010-01-01,toscana,43.46499995467139,11.127795253924448,1296.6451,85.744774,47.2917,3.5554123,6.9814544,0.2683871,2.0488284
2010-02-01,toscana,43.46499995467139,11.127795253924448,1045.5322,82.005714,78.7781,5.7429037,9.45526,1.9548172,2.498397
2010-03-01,toscana,43.46499995467139,11.127795253924448,435.52582,77.58457,131.98161,7.650061,12.116217,3.3347373,2.494996
2010-04-01,toscana,43.46499995467139,11.127795253924448,685.8767,72.03088,206.78088,11.838024,17.657314,6.182421,2.2293267
2010-05-01,toscana,43.46499995467139,11.127795253924448,1096.342,73.65448,214.95624,14.723888,19.679018,9.85216,2.3770704
2010-06-01,toscana,43.46499995467139,11.127795253924448,616.37,67.56084,276.3465,19.45515,25.424042,13.389359,2.1541758
2010-07-01,toscana,43.46499995467139,11.127795253924448,272.35162,62.64503,293.7093,23.712526,30.400803,16.988995,2.161454
2010-08-01,toscana,43.46499995467139,11.127795253924448,500.1742,68.27768,245.01239,21.336264,27.388548,15.413382,2.0142996
2010-09-01,toscana,43.46499995467139,11.127795253924448,797.2867,73.1744,180.02998,17.615995,23.596823,12.002427,1.8474663
2010-10-01,toscana,43.46499995467139,11.127795253924448,905.89355,82.38945,115.09152,12.729869,17.290985,8.5084915,2.2410402
2010-11-01,toscana,43.46499995467139,11.127795253924448,2316.5935,85.529724,58.50814,9.449169,12.903086,6.2270026,2.1216278
2010-12-01,toscana,43.46499995467139,11.127795253924448,1427.6001,80.4314,42.504875,4.834076,8.243204,1.4580632,2.122633
2011-01-01,toscana,43.46499995467139,11.127795253924448,420.27744,85.56718,52.254444,5.183707,8.851296,1.9601799,1.9090285
2011-02-01,toscana,43.46499995467139,11.127795253924448,644.9857,72.02301,99.825714,5.884596,10.609208,1.6786407,2.2667634
2011-03-01,toscana,43.46499995467139,11.127795253924448,955.6097,73.66206,143.29619,7.939313,12.658525,3.47517,2.5351813
2011-04-01,toscana,43.46499995467139,11.127795253924448,159.93335,65.447586,221.42545,13.427893,19.645872,7.1885347,2.2779057
2011-05-01,toscana,43.46499995467139,11.127795253924448,136.26453,61.87198,282.9132,16.977667,23.876202,9.732968,2.3388534
2011-06-01,toscana,43.46499995467139,11.127795253924448,577.9067,71.37411,270.3677,20.361778,26.43502,14.240049,2.213925
2011-07-01,toscana,43.46499995467139,11.127795253924448,444.17096,67.503815,275.1749,21.148945,27.102055,15.073662,2.2872179
2011-08-01,toscana,43.46499995467139,11.127795253924448,12.345161,57.8509,268.9155,23.264687,30.891417,15.549303,1.8690348
2011-09-01,toscana,43.46499995467139,11.127795253924448,387.23334,66.84389,195.68747,20.782299,27.617561,14.300266,1.8748823
2011-10-01,toscana,43.46499995467139,11.127795253924448,701.95807,70.77753,136.58351,13.782717,19.97126,7.988141,2.0105038
2011-11-01,toscana,43.46499995467139,11.127795253924448,379.32,80.50362,78.74419,9.6701765,15.368138,4.8619933,1.7725309
2011-12-01,toscana,43.46499995467139,11.127795253924448,828.6194,72.77627,54.62253,7.409445,11.456025,3.48601,1.9886096
2012-01-01,toscana,43.46499995467139,11.127795253924448,214.68063,71.18894,70.37909,5.106259,10.2261305,0.30078897,1.947298
2012-02-01,toscana,43.46499995467139,11.127795253924448,204.39655,75.68791,107.70382,2.1878402,6.445516,-1.7251979,2.677951
2012-03-01,toscana,43.46499995467139,11.127795253924448,120.87097,61.924427,184.28706,10.913175,17.61916,4.4919353,2.2320292
2012-04-01,toscana,43.46499995467139,11.127795253924448,1141.1034,75.85707,186.16112,11.781057,16.49721,7.0054827,2.4988554
2012-05-01,toscana,43.46499995467139,11.127795253924448,809.0646,68.83271,246.05438,15.208681,21.332462,9.075453,2.1262202
2012-06-01,toscana,43.46499995467139,11.127795253924448,147.23,61.2563,280.60168,21.35349,28.018154,14.393501,2.2882621
2012-07-01,toscana,43.46499995467139,11.127795253924448,13.058064,53.95924,291.4911,23.56328,30.585932,16.386953,2.5921204
2012-08-01,toscana,43.46499995467139,11.127795253924448,271.5613,52.82475,264.49673,24.847845,32.611027,17.051369,2.0006728
2012-09-01,toscana,43.46499995467139,11.127795253924448,740.0033,76.430855,163.1748,18.901154,24.288994,13.735732,2.2054548
2012-10-01,toscana,43.46499995467139,11.127795253924448,1294.5742,82.988266,114.20867,15.089645,20.086376,10.38842,1.8970842
2012-11-01,toscana,43.46499995467139,11.127795253924448,2320.6533,84.02029,64.06357,10.961739,14.600321,7.5143642,2.2146924
2012-12-01,toscana,43.46499995467139,11.127795253924448,970.77094,75.91986,51.39473,5.146691,9.213,1.3483609,1.7873605
2013-01-01,toscana,43.46499995467139,11.127795253924448,1114.1743,84.15688,52.814827,5.0411863,8.720523,1.7282983,2.0795338
2013-02-01,toscana,43.46499995467139,11.127795253924448,880.20715,78.1314,89.84413,3.7587593,8.046838,-0.2775706,2.3887513
2013-03-01,toscana,43.46499995467139,11.127795253924448,1755.5548,81.36077,104.500496,7.6662655,11.744416,3.848902,2.3841422
2013-04-01,toscana,43.46499995467139,11.127795253924448,661.61664,74.64072,178.72081,13.171039,18.70726,7.7896395,2.307634
2013-05-01,toscana,43.46499995467139,11.127795253924448,1136.2582,75.72484,226.31819,14.4348545,19.397026,9.651965,2.4505427
2013-06-01,toscana,43.46499995467139,11.127795253924448,276.3,68.234726,283.94922,18.786118,25.34011,12.195893,2.1530411
2013-07-01,toscana,43.46499995467139,11.127795253924448,162.66129,62.181786,282.5195,22.954962,29.924017,15.981513,2.0883784
2013-08-01,toscana,43.46499995467139,11.127795253924448,274.3097,59.107723,256.2957,22.952232,30.263245,16.004131,2.0642347
2013-09-01,toscana,43.46499995467139,11.127795253924448,651.1434,69.23371,186.26436,18.950306,25.260416,13.080853,1.923509
2013-10-01,toscana,43.46499995467139,11.127795253924448,1523.9163,84.557655,96.73756,16.032389,20.257656,12.195103,2.048257
2013-11-01,toscana,43.46499995467139,11.127795253924448,1224.0933,82.314804,66.23256,9.801796,13.364345,6.51949,2.6935709
2013-12-01,toscana,43.46499995467139,11.127795253924448,537.94836,77.267715,56.416233,6.373977,11.037135,2.2621655,1.9190359
2014-01-01,toscana,43.46499995467139,11.127795253924448,2125.3774,85.83535,43.94586,7.053798,10.586031,3.7548838,2.3616116
2014-02-01,toscana,43.46499995467139,11.127795253924448,1792.8037,81.49852,79.219826,8.474331,12.218156,4.899216,2.634705
2014-03-01,toscana,43.46499995467139,11.127795253924448,743.7355,72.82062,156.10378,9.400892,14.709267,4.600585,2.7937396
2014-04-01,toscana,43.46499995467139,11.127795253924448,501.39667,75.07973,191.42686,12.419386,17.846172,7.2697883,2.368252
2014-05-01,toscana,43.46499995467139,11.127795253924448,422.26453,68.06891,245.09927,14.797002,20.694044,8.862475,2.4923205
2014-06-01,toscana,43.46499995467139,11.127795253924448,539.8067,67.53516,265.09235,19.890104,26.386812,13.36662,2.5643888
2014-07-01,toscana,43.46499995467139,11.127795253924448,1206.229,73.29632,247.44962,20.544365,26.358414,14.939504,2.4265926
2014-08-01,toscana,43.46499995467139,11.127795253924448,176.35806,71.3956,237.03488,20.778666,26.71591,14.98046,2.1459727
2014-09-01,toscana,43.46499995467139,11.127795253924448,743.54004,80.60154,167.6478,18.06672,23.79868,13.026071,1.7858837
2014-10-01,toscana,43.46499995467139,11.127795253924448,573.45166,79.51038,119.98024,15.687073,20.739435,11.327762,2.209985
2014-11-01,toscana,43.46499995467139,11.127795253924448,2061.2202,86.68581,57.70181,11.984434,15.524841,8.901125,2.0207698
2014-12-01,toscana,43.46499995467139,11.127795253924448,683.37744,81.45442,47.778442,7.2161236,10.736788,4.0697436,2.0148375
2015-01-01,toscana,43.46499995467139,11.127795253924448,501.43228,71.770775,64.62953,6.0208163,10.280841,2.131418,2.3831806
2015-02-01,toscana,43.46499995467139,11.127795253924448,914.3215,79.31479,89.66486,5.4134564,9.858589,1.659672,2.5342138
2015-03-01,toscana,43.46499995467139,11.127795253924448,856.59357,72.73067,152.77332,8.758537,13.532686,4.371129,2.7548397
2015-04-01,toscana,43.46499995467139,11.127795253924448,594.25,63.631706,216.05193,11.82097,17.77935,5.989213,2.3198683
2015-05-01,toscana,43.46499995467139,11.127795253924448,357.4355,69.8689,245.542,16.475756,22.324877,10.677142,2.217787
2015-06-01,toscana,43.46499995467139,11.127795253924448,377.11334,67.571304,284.07803,20.646002,27.215225,14.1137,2.179349
2015-07-01,toscana,43.46499995467139,11.127795253924448,65.270966,61.04462,304.4442,25.341328,32.39644,18.402205,2.2372196
2015-08-01,toscana,43.46499995467139,11.127795253924448,727.9387,65.95995,245.78506,22.988585,30.017675,16.392351,1.9561889
2015-09-01,toscana,43.46499995467139,11.127795253924448,314.62,67.75535,179.57182,18.208939,23.63758,13.373028,2.4558966
2015-10-01,toscana,43.46499995467139,11.127795253924448,1543.5742,84.19355,104.20255,13.858894,18.042036,10.177708,2.1827483
2015-11-01,toscana,43.46499995467139,11.127795253924448,295.90332,81.16376,77.81137,10.33088,15.227886,6.1596017,1.9247751
2015-12-01,toscana,43.46499995467139,11.127795253924448,35.77097,85.37589,51.2892,7.4714136,12.061482,3.6943321,1.2479258
2016-01-01,toscana,43.46499995467139,11.127795253924448,1001.6355,77.98239,58.88847,5.446299,9.878247,1.4205539,2.1031034
2016-02-01,toscana,43.46499995467139,11.127795253924448,2197.062,81.258125,75.20168,7.488095,11.517769,3.7295694,2.5814738
2016-03-01,toscana,43.46499995467139,11.127795253924448,595.2645,76.07331,134.80157,7.7015753,12.704401,3.2737682,2.6241307
2016-04-01,toscana,43.46499995467139,11.127795253924448,361.9,72.656265,194.55386,12.569967,18.772291,6.3591394,2.2000062
2016-05-01,toscana,43.46499995467139,11.127795253924448,832.9259,73.27168,230.11516,14.285995,20.233198,8.506927,2.3209689
2016-06-01,toscana,43.46499995467139,11.127795253924448,475.91336,71.69926,258.42276,18.745016,24.828363,12.6577835,2.135735
2016-07-01,toscana,43.46499995467139,11.127795253924448,195.0484,63.40112,278.49847,22.26414,29.660643,14.909228,2.0114164
2016-08-01,toscana,43.46499995467139,11.127795253924448,89.31935,62.95825,254.5734,21.485813,28.907415,14.600422,2.0395374
2016-09-01,toscana,43.46499995467139,11.127795253924448,627.18665,70.01996,185.73903,18.291555,25.53082,12.050439,1.767522
2016-10-01,toscana,43.46499995467139,11.127795253924448,1075.6903,83.81344,105.19542,12.924343,18.364315,8.236143,1.5871116
2016-11-01,toscana,43.46499995467139,11.127795253924448,1476.4333,83.95941,63.165634,9.002228,13.466706,5.0984135,1.8666975
2016-12-01,toscana,43.46499995467139,11.127795253924448,84.838715,76.25642,57.025005,4.843148,11.0513935,0.4326532,1.5043074
2017-01-01,toscana,43.46499995467139,11.127795253924448,322.7387,75.704865,58.65466,1.7235184,6.372482,-2.3578756,2.5784307
2017-02-01,toscana,43.46499995467139,11.127795253924448,1000.6679,81.7709,83.779205,6.8239684,11.513929,2.5637333,2.3391154
2017-03-01,toscana,43.46499995467139,11.127795253924448,537.0709,64.70996,160.70093,9.654372,16.423761,3.4875233,2.2709765
2017-04-01,toscana,43.46499995467139,11.127795253924448,386.06668,70.32438,203.77971,11.401942,18.202871,4.7310705,2.1389277
2017-05-01,toscana,43.46499995467139,11.127795253924448,329.34515,68.79283,253.94473,15.765508,22.628353,8.637395,2.0963593
2017-06-01,toscana,43.46499995467139,11.127795253924448,179.89334,62.97339,297.25076,21.343174,28.221554,13.969488,2.2441003
2017-07-01,toscana,43.46499995467139,11.127795253924448,59.26452,56.916748,276.69904,22.663324,30.04432,14.603142,2.2743123
2017-08-01,toscana,43.46499995467139,11.127795253924448,146.15485,52.987198,237.99901,23.942144,32.203857,15.420691,2.0701888
2017-09-01,toscana,43.46499995467139,11.127795253924448,955.89667,73.72013,148.38785,16.362242,22.191433,10.938346,1.8939302
2017-10-01,toscana,43.46499995467139,11.127795253924448,78.08064,71.76069,118.97137,12.935875,20.792435,6.3648133,1.5943547
2017-11-01,toscana,43.46499995467139,11.127795253924448,1123.9333,82.316635,61.3084,7.7402706,12.690145,3.4648874,1.9098294
2017-12-01,toscana,43.46499995467139,11.127795253924448,1610.9935,76.27133,47.33033,4.3754034,8.872163,0.2805914,2.11153
2018-01-01,toscana,43.46499995467139,11.127795253924448,563.79675,79.49879,61.866215,6.495611,11.141476,2.1434922,2.166004
2018-02-01,toscana,43.46499995467139,11.127795253924448,1162.9177,84.88867,78.31479,2.220655,5.9906273,-1.3055204,2.4956493
2018-03-01,toscana,43.46499995467139,11.127795253924448,1760.113,77.8897,116.006874,6.1412215,10.407382,2.0377467,2.5874343
2018-04-01,toscana,43.46499995467139,11.127795253924448,489.33002,70.444084,216.8372,13.061675,19.693846,6.608185,2.5291474
2018-05-01,toscana,43.46499995467139,11.127795253924448,978.14197,81.72856,221.93474,15.4933405,21.205471,9.9713335,2.242003
2018-06-01,toscana,43.46499995467139,11.127795253924448,311.00665,69.83975,265.15735,19.275373,25.452814,12.312795,2.3687482
2018-07-01,toscana,43.46499995467139,11.127795253924448,319.52905,66.94593,278.6528,22.573345,29.50566,15.090582,2.1857488
2018-08-01,toscana,43.46499995467139,11.127795253924448,305.2774,64.95848,242.41261,22.313265,29.69108,15.258622,2.1475334
2018-09-01,toscana,43.46499995467139,11.127795253924448,200.46333,71.71286,195.38503,18.920649,26.119946,12.02339,1.9218475
2018-10-01,toscana,43.46499995467139,11.127795253924448,1100.2968,80.988235,120.44873,14.230786,19.90809,9.289748,2.4297187
2018-11-01,toscana,43.46499995467139,11.127795253924448,1192.5033,86.26914,62.668858,9.32103,13.214378,5.7595706,1.7958566
2018-12-01,toscana,43.46499995467139,11.127795253924448,467.68713,78.230995,57.811325,5.1231856,10.427562,0.5600187,1.3841711
2019-01-01,toscana,43.46499995467139,11.127795253924448,525.1968,73.34975,72.5814,2.5572278,7.724091,-1.8436857,1.9125094
2019-02-01,toscana,43.46499995467139,11.127795253924448,853.9857,64.01744,116.61891,6.1176023,13.031197,0.40954456,2.135274
2019-03-01,toscana,43.46499995467139,11.127795253924448,205.66774,62.044888,175.61504,8.725739,14.913311,2.7381256,2.484396
2019-04-01,toscana,43.46499995467139,11.127795253924448,1105.9667,72.056145,189.33113,10.422708,16.302938,4.5054297,2.2846136
2019-05-01,toscana,43.46499995467139,11.127795253924448,1471.5935,78.37751,196.4096,12.243159,16.99631,7.471975,2.6345022
2019-06-01,toscana,43.46499995467139,11.127795253924448,31.183334,65.69769,300.12933,22.534113,28.574091,16.012892,2.486443
2019-07-01,toscana,43.46499995467139,11.127795253924448,497.64838,69.44081,274.5753,24.155228,29.872469,18.169619,2.343581
2019-08-01,toscana,43.46499995467139,11.127795253924448,140.89355,72.03299,249.23943,24.391731,30.373278,18.402332,1.976893
2019-09-01,toscana,43.46499995467139,11.127795253924448,611.99335,73.28696,188.96318,19.705214,24.863413,14.712274,2.072111
2019-10-01,toscana,43.46499995467139,11.127795253924448,651.9968,82.53695,118.52825,16.137064,20.727928,11.787594,1.9717079
2019-11-01,toscana,43.46499995467139,11.127795253924448,3122.7432,86.67757,58.923252,10.758179,14.06736,7.747132,2.0974846
2019-12-01,toscana,43.46499995467139,11.127795253924448,1332.1129,80.501495,56.589523,7.58498,11.302628,3.8686533,1.8416541
2020-01-01,toscana,43.46499995467139,11.127795253924448,357.50647,79.98348,73.01,4.9868917,10.825464,0.6237547,1.6858338
2020-02-01,toscana,43.46499995467139,11.127795253924448,306.2621,69.03906,114.99599,8.803461,14.108284,3.537415,2.303055
2020-03-01,toscana,43.46499995467139,11.127795253924448,850.1516,73.70821,151.57127,8.12743,12.811158,3.4705353,2.4284558
2020-04-01,toscana,43.46499995467139,11.127795253924448,392.98334,64.45124,245.66951,12.350151,17.965834,6.201846,2.6013188
2020-05-01,toscana,43.46499995467139,11.127795253924448,526.9355,67.33152,254.22592,15.621273,21.597141,9.272724,2.6445663
2020-06-01,toscana,43.46499995467139,11.127795253924448,623.79663,66.61854,281.39163,18.336857,24.734999,11.42827,2.4774265
2020-07-01,toscana,43.46499995467139,11.127795253924448,154.69678,64.82879,297.6578,21.696749,29.344604,14.00658,2.4169817
2020-08-01,toscana,43.46499995467139,11.127795253924448,484.471,65.44995,261.75504,22.557037,29.908749,15.479978,2.2889922
2020-09-01,toscana,43.46499995467139,11.127795253924448,621.55334,73.27001,192.31407,18.009146,25.151875,11.890197,2.1589599
2020-10-01,toscana,43.46499995467139,11.127795253924448,1297.7485,81.79441,116.55876,12.059277,17.71581,7.031986,2.2847836
2020-11-01,toscana,43.46499995467139,11.127795253924448,356.27335,84.26381,79.98307,9.540767,14.508085,5.685178,1.9649198
2020-12-01,toscana,43.46499995467139,11.127795253924448,2169.9128,86.11849,41.65216,6.287364,9.753389,3.2638695,2.1301374
2021-01-01,toscana,43.46499995467139,11.127795253924448,1631.7451,80.48196,54.235306,3.975495,7.873858,0.45715678,2.363137
2021-02-01,toscana,43.46499995467139,11.127795253924448,708.3214,79.67784,104.31104,7.0261097,12.742785,2.025991,2.3650608
2021-03-01,toscana,43.46499995467139,11.127795253924448,94.41612,63.310047,181.82808,7.1337333,14.084496,0.82416475,2.5480783
2021-04-01,toscana,43.46499995467139,11.127795253924448,718.68335,67.97565,211.17906,9.361127,15.388521,3.3373864,2.52581
2021-05-01,toscana,43.46499995467139,11.127795253924448,526.62585,68.016884,262.75134,14.096301,19.82596,7.967305,2.7257276
2021-06-01,toscana,43.46499995467139,11.127795253924448,137.04001,64.50301,298.55414,20.448553,27.924109,12.774689,2.3719819
2021-07-01,toscana,43.46499995467139,11.127795253924448,154.81613,60.26209,286.46036,22.467163,29.607084,15.096196,2.480855
2021-08-01,toscana,43.46499995467139,11.127795253924448,120.36129,59.79969,267.6229,22.088518,29.525852,14.999945,2.1457188
2021-09-01,toscana,43.46499995467139,11.127795253924448,390.99667,66.17471,197.96835,18.51315,26.375067,11.527991,1.8474637
2021-10-01,toscana,43.46499995467139,11.127795253924448,588.2387,75.49646,130.40848,12.146043,18.156643,7.321303,2.1534083
2021-11-01,toscana,43.46499995467139,11.127795253924448,1306.5599,84.60545,68.32028,9.396057,13.266581,6.1257024,2.224885
2021-12-01,toscana,43.46499995467139,11.127795253924448,1333.5388,81.78712,56.42011,5.223813,10.063088,1.2858689,1.9748024
2022-01-01,toscana,43.46499995467139,11.127795253924448,358.80646,76.46633,75.65517,4.066009,9.97634,-0.065903984,2.1983159
2022-02-01,toscana,43.46499995467139,11.127795253924448,418.52502,69.69328,119.86904,6.84923,12.696827,1.5855538,2.5190213
2022-03-01,toscana,43.46499995467139,11.127795253924448,347.63873,62.05284,180.20442,6.399559,13.38598,0.5514092,2.412768
2022-04-01,toscana,43.46499995467139,11.127795253924448,744.87335,66.56539,216.36784,10.251768,16.422424,3.902288,2.709156
2022-05-01,toscana,43.46499995467139,11.127795253924448,262.23227,69.03622,224.27045,16.98934,23.937296,10.274202,2.272403
2022-06-01,toscana,43.46499995467139,11.127795253924448,74.66,61.25336,255.72958,22.312668,29.58084,14.898451,2.5338242
2022-07-01,toscana,43.46499995467139,11.127795253924448,55.132256,56.2743,270.80222,24.636604,33.015587,16.177277,2.3158238
2022-08-01,toscana,43.46499995467139,11.127795253924448,389.27744,64.01502,218.82019,22.853004,30.732893,15.877267,2.0632696
2022-09-01,toscana,43.46499995467139,11.127795253924448,1225.86,72.15016,170.91757,17.996464,24.363447,12.361755,2.1188605
2022-10-01,toscana,43.46499995467139,11.127795253924448,81.33548,78.79443,130.51512,15.580566,22.905743,10.350413,1.7333283
2022-11-01,toscana,43.46499995467139,11.127795253924448,1128.7834,82.54289,76.622734,9.795211,14.570753,5.444305,2.1723695
2022-12-01,toscana,43.46499995467139,11.127795253924448,1709.8452,89.1922,47.614025,8.239716,11.274494,5.6073065,1.690305
2023-01-01,toscana,43.46499995467139,11.127795253924448,1183.3291,83.040764,64.52925,5.540135,9.59657,2.1003802,2.3324356
2023-02-01,toscana,43.46499995467139,11.127795253924448,317.39285,74.09882,102.56616,5.0742564,11.366101,0.23200169,1.9730759
2023-03-01,toscana,43.46499995467139,11.127795253924448,662.9516,73.31515,150.53601,9.372755,14.802925,4.125886,2.555929
2023-04-01,toscana,43.46499995467139,11.127795253924448,408.08002,69.41851,194.70181,10.521012,16.724085,4.3277626,2.312244
2023-05-01,toscana,43.46499995467139,11.127795253924448,1120.4839,81.00115,198.11688,15.060545,20.738335,9.7684355,2.231233
2023-06-01,toscana,43.46499995467139,11.127795253924448,833.5033,75.59013,244.82106,19.899689,26.615322,13.279413,1.9676073
2023-07-01,toscana,43.46499995467139,11.127795253924448,106.170975,65.55739,268.17218,24.00478,31.141321,16.530645,2.255039
2023-08-01,toscana,43.46499995467139,11.127795253924448,475.53552,64.4206,227.91972,22.684711,30.481544,15.287036,2.0432146
2023-09-01,toscana,43.46499995467139,11.127795253924448,217.10666,68.276375,171.87286,19.776516,27.158726,13.356956,2.3045282
2023-10-01,toscana,43.46499995467139,11.127795253924448,1293.0259,73.96705,113.72093,17.147339,23.597813,11.666408,2.3277318
2023-11-01,toscana,43.46499995467139,11.127795253924448,1593.1101,76.41399,80.193405,10.175612,15.203221,5.1822505,2.42808
2023-12-01,toscana,43.46499995467139,11.127795253924448,395.93225,80.06835,59.966743,9.300816,12.168461,5.9980597,2.0222619
2024-01-01,toscana,43.46499995467139,11.127795253924448,626.52905,76.70903,69.13704,6.6330466,11.505648,2.8100197,2.226873
2024-02-01,toscana,43.46499995467139,11.127795253924448,1293.9863,75.796585,87.57725,8.790452,14.23637,4.4897203,2.3984523
2024-03-01,toscana,43.46499995467139,11.127795253924448,1220.7386,76.18258,129.75743,10.43605,15.443907,5.5347085,2.436164
2024-04-01,toscana,43.46499995467139,11.127795253924448,585.10004,68.53743,192.82092,12.395302,18.24887,6.8328695,2.3892841
2024-05-01,toscana,43.46499995467139,11.127795253924448,659.7452,72.942635,206.67255,15.9302435,21.391537,10.185007,2.3658164
2024-06-01,toscana,43.46499995467139,11.127795253924448,798.1333,65.75918,238.75905,19.956196,25.682728,13.546214,2.443231
2024-07-01,toscana,43.46499995467139,11.127795253924448,66.645164,64.620346,270.94974,24.157507,31.244553,16.968819,2.202457
2024-08-01,toscana,43.46499995467139,11.127795253924448,224.0871,68.90074,231.35234,24.334366,32.258392,17.521772,1.9261577
2024-09-01,toscana,43.46499995467139,11.127795253924448,1420.1367,77.48563,153.0009,18.148966,23.503675,13.380479,2.1157815
2024-10-01,toscana,43.46499995467139,11.127795253924448,2068.4226,86.647194,92.87935,15.490927,19.488804,12.1198635,2.0030832
2024-11-01,toscana,43.46499995467139,11.127795253924448,498.36002,80.34425,82.60026,9.214596,14.86921,4.6147027,1.9117544
2024-12-01,toscana,43.46499995467139,11.127795253924448,744.371,79.3195,67.32071,4.8215036,9.768161,1.3820543,1.9980556
2000-01-01,umbria,42.96184020212442,12.489018707606553,62.54516,75.01548,76.10063,3.7024686,6.782233,-0.98572576,2.1234818
2000-02-01,umbria,42.96184020212442,12.489018707606553,65.824135,76.562065,108.24737,7.0661583,11.456424,2.1755247,2.3256633
2000-03-01,umbria,42.96184020212442,12.489018707606553,324.72903,79.55566,146.52069,9.297675,12.945817,4.5850596,2.506038
2000-04-01,umbria,42.96184020212442,12.489018707606553,265.43002,82.56209,178.53804,12.975267,16.841764,7.926329,2.3698804
2000-05-01,umbria,42.96184020212442,12.489018707606553,96.12258,78.95709,243.58063,18.118593,23.296005,12.187787,2.109737
2000-06-01,umbria,42.96184020212442,12.489018707606553,91.723335,71.080734,278.55215,20.863977,26.63311,14.103312,2.4702897
2000-07-01,umbria,42.96184020212442,12.489018707606553,190.14194,69.044655,274.01788,21.770826,27.399618,15.274597,2.9612095
2000-08-01,umbria,42.96184020212442,12.489018707606553,16.141935,69.1377,251.25104,24.509693,31.485632,16.624763,2.2251647
2000-09-01,umbria,42.96184020212442,12.489018707606553,203.64,76.73958,183.68045,19.238022,24.482681,12.891453,2.4215395
2000-10-01,umbria,42.96184020212442,12.489018707606553,325.71613,88.3534,91.4723,15.138014,18.404346,10.838769,2.1490777
2000-11-01,umbria,42.96184020212442,12.489018707606553,591.0,88.32945,61.315945,11.089601,13.428351,7.364337,3.0474057
2000-12-01,umbria,42.96184020212442,12.489018707606553,370.91934,86.80661,48.29593,8.108724,10.472293,3.947665,2.1673315
2001-01-01,umbria,42.96184020212442,12.489018707606553,324.66455,88.16702,46.919353,7.108843,8.7867565,4.2413325,2.68446
2001-02-01,umbria,42.96184020212442,12.489018707606553,149.72144,79.36891,103.464676,7.1452913,10.190971,2.322465,3.063362
2001-03-01,umbria,42.96184020212442,12.489018707606553,278.85486,88.10795,118.09151,12.143576,15.472672,7.6990185,3.578878
2001-04-01,umbria,42.96184020212442,12.489018707606553,283.56,81.19808,192.91304,10.763289,15.303912,5.439645,2.7272172
2001-05-01,umbria,42.96184020212442,12.489018707606553,232.15163,80.49778,228.88676,17.308,22.655994,11.409838,2.5541759
2001-06-01,umbria,42.96184020212442,12.489018707606553,63.52,67.59318,275.56232,19.817684,26.156038,13.185275,2.8452172
2001-07-01,umbria,42.96184020212442,12.489018707606553,66.69355,70.29772,277.54977,23.326405,29.95277,16.365314,2.7492743
2001-08-01,umbria,42.96184020212442,12.489018707606553,8.083871,68.54744,257.6266,24.760647,31.792313,17.131144,2.6323876
2001-09-01,umbria,42.96184020212442,12.489018707606553,328.02332,76.668724,168.73477,16.887081,22.232992,10.561185,2.7562172
2001-10-01,umbria,42.96184020212442,12.489018707606553,111.90968,83.79438,128.16866,16.916342,21.952847,11.289787,2.0281065
2001-11-01,umbria,42.96184020212442,12.489018707606553,268.10333,76.63931,72.53188,9.323686,12.560319,5.259601,2.8150437
2001-12-01,umbria,42.96184020212442,12.489018707606553,91.074196,71.08037,61.115356,4.0367565,6.486823,0.14516826,3.2712095
2002-01-01,umbria,42.96184020212442,12.489018707606553,60.27742,76.521805,72.33345,4.1322823,7.7172546,-0.7123948,2.3236642
2002-02-01,umbria,42.96184020212442,12.489018707606553,198.57857,85.804474,87.24107,8.702655,12.151959,4.210454,2.7406793
2002-03-01,umbria,42.96184020212442,12.489018707606553,18.103226,73.81612,155.45407,10.982475,15.869907,5.373138,3.0041199
2002-04-01,umbria,42.96184020212442,12.489018707606553,150.84,79.61203,167.19093,11.917793,16.406763,6.634166,2.691
2002-05-01,umbria,42.96184020212442,12.489018707606553,246.64194,81.5902,221.19038,16.716862,21.855515,10.831472,2.4197755
2002-06-01,umbria,42.96184020212442,12.489018707606553,95.51,74.14444,268.83588,22.23048,28.801271,15.314801,2.381855
2002-07-01,umbria,42.96184020212442,12.489018707606553,216.68066,77.1305,251.85625,22.320375,27.769028,15.991086,2.3456802
2002-08-01,umbria,42.96184020212442,12.489018707606553,405.93872,82.75817,225.13394,21.575207,27.020426,15.744358,2.0989447
2002-09-01,umbria,42.96184020212442,12.489018707606553,346.13336,82.10581,148.13986,17.37206,21.63497,12.010431,2.0919745
2002-10-01,umbria,42.96184020212442,12.489018707606553,238.58066,85.19985,114.60273,15.298181,19.122086,9.577426,2.4001892
2002-11-01,umbria,42.96184020212442,12.489018707606553,312.98334,85.683754,58.978622,12.393507,14.961094,8.785098,2.5097861
2002-12-01,umbria,42.96184020212442,12.489018707606553,467.09033,86.693054,40.50561,7.4357533,9.032963,4.7771034,2.1858065
2003-01-01,umbria,42.96184020212442,12.489018707606553,264.54193,76.40204,62.280857,5.850473,8.335771,1.7658167,2.6460588
2003-02-01,umbria,42.96184020212442,12.489018707606553,109.425,62.77817,114.921974,2.9720924,7.0363193,-2.947787,2.83835
2003-03-01,umbria,42.96184020212442,12.489018707606553,89.48065,69.253235,174.50037,9.550235,14.58861,2.9412446,2.717237
2003-04-01,umbria,42.96184020212442,12.489018707606553,170.42334,70.04071,197.1326,11.54006,16.750238,5.402391,3.1383479
2003-05-01,umbria,42.96184020212442,12.489018707606553,89.78065,65.646095,249.19319,18.998308,25.760708,12.110596,2.4217741
2003-06-01,umbria,42.96184020212442,12.489018707606553,135.77667,64.93861,285.88947,24.227152,31.588268,16.962671,2.1140254
2003-07-01,umbria,42.96184020212442,12.489018707606553,16.258064,61.900753,285.5645,25.317469,32.923923,17.842623,2.551329
2003-08-01,umbria,42.96184020212442,12.489018707606553,90.69355,59.483498,252.06592,26.440245,33.58713,19.1488,2.4782293
2003-09-01,umbria,42.96184020212442,12.489018707606553,172.67334,69.28965,178.92682,18.72381,24.407715,12.684316,2.2885652
2003-10-01,umbria,42.96184020212442,12.489018707606553,426.40643,80.745285,104.481766,13.515683,17.525135,8.9589405,2.908436
2003-11-01,umbria,42.96184020212442,12.489018707606553,293.02667,87.55611,64.796745,10.860354,14.362326,6.702717,2.1932824
2003-12-01,umbria,42.96184020212442,12.489018707606553,104.616135,75.94775,55.743336,6.52258,9.239807,2.2162974,2.5533695
2004-01-01,umbria,42.96184020212442,12.489018707606553,220.11615,73.68725,60.324337,3.872205,7.3805676,-0.18645859,2.5927665
2004-02-01,umbria,42.96184020212442,12.489018707606553,396.8724,77.78538,84.268745,6.2782717,9.9411545,2.3079085,2.4781485
2004-03-01,umbria,42.96184020212442,12.489018707606553,208.26451,72.52,127.34082,7.47311,12.172135,2.727875,2.5251331
2004-04-01,umbria,42.96184020212442,12.489018707606553,437.03333,78.895584,151.63695,11.031338,15.754376,6.596239,2.3906956
2004-05-01,umbria,42.96184020212442,12.489018707606553,376.6129,70.228905,226.76297,13.697101,19.446655,8.152598,2.79304
2004-06-01,umbria,42.96184020212442,12.489018707606553,168.86667,65.987206,253.32211,19.709068,25.977697,13.687235,2.477098
2004-07-01,umbria,42.96184020212442,12.489018707606553,36.100002,52.865246,287.5084,22.993782,30.420113,15.617522,2.4617496
2004-08-01,umbria,42.96184020212442,12.489018707606553,134.76129,61.945377,246.81348,23.111567,29.73957,16.590942,2.3272755
2004-09-01,umbria,42.96184020212442,12.489018707606553,231.67667,64.78062,179.34854,18.977821,24.821997,13.280934,2.3670578
2004-10-01,umbria,42.96184020212442,12.489018707606553,406.9129,84.49207,96.01087,16.060827,20.579967,11.866402,2.2147193
2004-11-01,umbria,42.96184020212442,12.489018707606553,305.43668,79.264,66.52102,9.149671,13.071032,5.3395543,2.4126775
2004-12-01,umbria,42.96184020212442,12.489018707606553,546.82904,71.828606,52.98808,6.838492,9.622588,3.7369351,2.32041
2005-01-01,umbria,42.96184020212442,12.489018707606553,247.0,72.2353,70.68022,3.6308448,7.078145,-0.67036813,2.4500806
2005-02-01,umbria,42.96184020212442,12.489018707606553,170.82858,67.294846,91.83579,2.5050776,6.537177,-2.3040178,2.9754307
2005-03-01,umbria,42.96184020212442,12.489018707606553,167.06451,70.50442,142.6206,7.6564302,13.123158,1.5745302,2.333692
2005-04-01,umbria,42.96184020212442,12.489018707606553,403.36334,73.87361,185.06848,10.792026,16.066822,5.51384,2.7240505
2005-05-01,umbria,42.96184020212442,12.489018707606553,112.36452,69.69834,245.2721,17.091242,23.53266,10.745754,2.5658555
2005-06-01,umbria,42.96184020212442,12.489018707606553,84.52667,65.352234,264.84528,20.432741,27.271078,13.716906,2.6337717
2005-07-01,umbria,42.96184020212442,12.489018707606553,36.232258,57.364376,274.2251,23.193293,30.504925,15.969368,2.6254346
2005-08-01,umbria,42.96184020212442,12.489018707606553,270.59033,70.665016,213.39024,20.655546,26.917671,14.588404,2.2853014
2005-09-01,umbria,42.96184020212442,12.489018707606553,235.18001,78.745544,168.73586,18.279575,23.582907,12.858616,2.2314854
2005-10-01,umbria,42.96184020212442,12.489018707606553,374.5968,85.44274,99.17111,13.509288,18.260479,8.912577,1.9216584
2005-11-01,umbria,42.96184020212442,12.489018707606553,796.16003,86.016075,64.28152,8.388093,12.169017,4.4915147,2.3178551
2005-12-01,umbria,42.96184020212442,12.489018707606553,522.16455,83.02008,47.803997,4.1046386,7.318776,0.7603822,2.6754277
2006-01-01,umbria,42.96184020212442,12.489018707606553,193.65485,78.73018,67.34993,3.5257118,6.9135756,-0.44143054,2.4695828
2006-02-01,umbria,42.96184020212442,12.489018707606553,291.58572,73.74593,94.666534,5.4314165,9.25686,1.29651,2.6963043
2006-03-01,umbria,42.96184020212442,12.489018707606553,286.8097,76.00532,114.03787,7.1561604,11.051343,3.0666654,3.161392
2006-04-01,umbria,42.96184020212442,12.489018707606553,196.88667,72.174416,177.25508,12.626776,18.289974,6.834329,2.466174
2006-05-01,umbria,42.96184020212442,12.489018707606553,87.46774,67.43247,247.21353,16.250042,22.787714,9.638688,2.6076682
2006-06-01,umbria,42.96184020212442,12.489018707606553,78.253334,55.032036,254.86232,19.70753,26.550278,12.807732,2.715605
2006-07-01,umbria,42.96184020212442,12.489018707606553,130.1742,55.970173,274.9316,23.796375,31.379929,16.132683,2.64244
2006-08-01,umbria,42.96184020212442,12.489018707606553,200.1355,68.86315,213.34186,20.93248,27.169474,14.538381,2.6696491
2006-09-01,umbria,42.96184020212442,12.489018707606553,369.14334,70.24168,175.30579,19.313381,25.519342,12.948485,1.8732246
2006-10-01,umbria,42.96184020212442,12.489018707606553,108.40968,76.58382,120.59608,15.4508095,20.915174,9.864673,2.0009677
2006-11-01,umbria,42.96184020212442,12.489018707606553,137.72333,78.93555,78.41558,9.41717,14.2260065,4.5821266,1.7599673
2006-12-01,umbria,42.96184020212442,12.489018707606553,129.18063,80.08311,58.141655,6.9936256,10.585385,3.0767882,2.0777874
2007-01-01,umbria,42.96184020212442,12.489018707606553,192.78711,80.94447,63.77805,6.993191,11.005515,2.9019039,2.314183
2007-02-01,umbria,42.96184020212442,12.489018707606553,277.67502,75.777824,85.21196,7.853268,11.860593,3.5902407,2.499573
2007-03-01,umbria,42.96184020212442,12.489018707606553,217.04839,75.55246,121.708984,9.219144,13.623085,4.7399645,2.921914
2007-04-01,umbria,42.96184020212442,12.489018707606553,33.473335,67.430664,222.86522,14.199503,21.143488,7.2317863,2.2127244
2007-05-01,umbria,42.96184020212442,12.489018707606553,269.9613,67.833015,247.16618,16.67349,22.951427,10.398793,2.5110025
2007-06-01,umbria,42.96184020212442,12.489018707606553,102.206665,64.687775,245.89131,20.767664,27.058836,14.39242,2.6117644
2007-07-01,umbria,42.96184020212442,12.489018707606553,3.903226,46.17791,296.7819,23.764647,31.899298,15.506774,2.7078679
2007-08-01,umbria,42.96184020212442,12.489018707606553,99.11613,58.15233,235.99754,22.411026,29.253853,15.549978,2.678534
2007-09-01,umbria,42.96184020212442,12.489018707606553,167.16333,63.468273,185.04819,17.302979,23.671299,10.876442,2.57571
2007-10-01,umbria,42.96184020212442,12.489018707606553,174.63226,73.582825,116.016136,13.1058655,18.043774,8.115052,2.396129
2007-11-01,umbria,42.96184020212442,12.489018707606553,111.346664,72.20131,73.25689,7.7618623,11.755572,3.599873,2.4687862
2007-12-01,umbria,42.96184020212442,12.489018707606553,145.86452,74.44888,61.07468,4.43906,7.532945,1.0897862,2.475582
2008-01-01,umbria,42.96184020212442,12.489018707606553,230.76453,77.25123,59.19285,6.198359,9.8124895,2.6101227,2.156981
2008-02-01,umbria,42.96184020212442,12.489018707606553,156.10345,70.23884,107.2991,6.1674995,10.865075,1.6172676,2.3495576
2008-03-01,umbria,42.96184020212442,12.489018707606553,487.27094,76.03508,124.44951,8.100105,12.404798,3.7471175,2.867486
2008-04-01,umbria,42.96184020212442,12.489018707606553,294.46664,67.98622,177.35616,11.44085,16.276506,6.567489,3.1681774
2008-05-01,umbria,42.96184020212442,12.489018707606553,241.3258,69.14862,224.68898,15.922018,21.59697,10.281027,2.333657
2008-06-01,umbria,42.96184020212442,12.489018707606553,225.78667,70.87996,243.80435,20.154081,26.335499,14.293341,1.8127319
2008-07-01,umbria,42.96184020212442,12.489018707606553,27.306454,56.476295,279.0021,22.88379,29.950254,15.932044,2.3136535
2008-08-01,umbria,42.96184020212442,12.489018707606553,27.98387,51.98269,256.8075,23.701122,31.508518,15.995388,2.1216338
2008-09-01,umbria,42.96184020212442,12.489018707606553,174.61,63.409954,164.35869,17.640232,23.783283,11.880046,2.2787027
2008-10-01,umbria,42.96184020212442,12.489018707606553,210.16452,74.633,117.03437,15.088959,20.521753,10.106494,2.0677733
2008-11-01,umbria,42.96184020212442,12.489018707606553,473.24667,79.46641,67.24855,9.277472,13.421333,5.32429,2.192152
2008-12-01,umbria,42.96184020212442,12.489018707606553,670.35156,82.0664,52.29313,5.2264833,8.509993,1.9988533,2.3103995
2009-01-01,umbria,42.96184020212442,12.489018707606553,230.37741,81.190674,54.81241,4.669309,7.542454,1.4800103,2.4107678
2009-02-01,umbria,42.96184020212442,12.489018707606553,227.4,70.211815,98.96001,4.3293395,8.60113,0.36749616,2.764375
2009-03-01,umbria,42.96184020212442,12.489018707606553,254.34515,68.07194,137.63113,8.280013,12.937741,3.5599685,3.052987
2009-04-01,umbria,42.96184020212442,12.489018707606553,212.49,73.997696,169.65,12.250851,17.57397,6.9940505,2.642221
2009-05-01,umbria,42.96184020212442,12.489018707606553,124.51291,57.74697,261.7882,18.002474,24.7028,11.308566,2.5007048
2009-06-01,umbria,42.96184020212442,12.489018707606553,306.05,66.89528,247.49709,19.075956,24.606955,13.40488,2.8895507
2009-07-01,umbria,42.96184020212442,12.489018707606553,106.103226,58.584984,279.1122,22.858345,29.688051,15.910777,2.477928
2009-08-01,umbria,42.96184020212442,12.489018707606553,72.62581,58.581123,258.8359,23.972767,31.17618,17.008425,2.2080822
2009-09-01,umbria,42.96184020212442,12.489018707606553,152.59335,70.57404,176.79312,19.271902,25.01414,14.066939,2.47575
2009-10-01,umbria,42.96184020212442,12.489018707606553,243.07742,73.92637,119.322586,12.932177,18.25285,7.947689,2.459895
2009-11-01,umbria,42.96184020212442,12.489018707606553,344.62668,82.93938,67.596016,9.624463,14.077427,5.4299455,2.1642425
2009-12-01,umbria,42.96184020212442,12.489018707606553,496.8968,82.349335,49.597126,6.1121774,9.183499,2.7953925,2.891662
2010-01-01,umbria,42.96184020212442,12.489018707606553,529.2871,85.442635,51.662693,3.2394598,6.512756,-0.013965653,2.2652664
2010-02-01,umbria,42.96184020212442,12.489018707606553,503.61072,80.33764,80.70109,5.4051785,9.009325,1.9626046,2.7520885
2010-03-01,umbria,42.96184020212442,12.489018707606553,211.44516,75.18142,134.68968,7.697535,12.245785,2.9831204,2.847812
2010-04-01,umbria,42.96184020212442,12.489018707606553,333.03003,72.65335,199.84892,11.071523,16.80351,5.467558,2.5344129
2010-05-01,umbria,42.96184020212442,12.489018707606553,417.20645,75.95405,208.43794,14.41294,19.632664,9.395841,2.5969248
2010-06-01,umbria,42.96184020212442,12.489018707606553,129.11,66.49534,267.88986,19.041666,25.436523,12.500488,2.3718803
2010-07-01,umbria,42.96184020212442,12.489018707606553,113.145164,61.62927,285.68933,23.17124,30.414211,16.134851,2.2862656
2010-08-01,umbria,42.96184020212442,12.489018707606553,61.82258,65.77871,245.16513,21.81808,28.66552,15.127913,2.0975525
2010-09-01,umbria,42.96184020212442,12.489018707606553,190.14667,72.44238,173.25835,17.275475,23.274963,11.5161,2.1702535
2010-10-01,umbria,42.96184020212442,12.489018707606553,227.79033,81.121475,109.55575,12.363862,16.992622,7.982612,2.1883028
2010-11-01,umbria,42.96184020212442,12.489018707606553,854.9834,85.17244,61.060863,9.128569,13.11788,5.427717,2.0714817
2010-12-01,umbria,42.96184020212442,12.489018707606553,397.971,78.3296,49.294178,4.353359,8.215883,0.76265067,2.4471493
2011-01-01,umbria,42.96184020212442,12.489018707606553,161.86774,82.90833,56.214233,4.4131627,8.471185,0.8574089,2.03906
2011-02-01,umbria,42.96184020212442,12.489018707606553,155.39644,68.00551,103.87578,5.542566,10.355015,1.0486994,2.568552
2011-03-01,umbria,42.96184020212442,12.489018707606553,376.97098,71.99176,141.92111,7.5597506,12.039982,3.0115426,2.8213427
2011-04-01,umbria,42.96184020212442,12.489018707606553,71.083336,62.11114,216.79747,12.752876,18.819288,6.7503767,2.688007
2011-05-01,umbria,42.96184020212442,12.489018707606553,113.603226,61.72282,269.58276,16.012709,22.998144,9.19798,2.655263
2011-06-01,umbria,42.96184020212442,12.489018707606553,190.63666,67.0021,261.90182,20.110332,26.780428,13.628662,2.3118877
2011-07-01,umbria,42.96184020212442,12.489018707606553,235.93549,64.29023,276.56873,21.07681,27.561699,14.732195,2.482514
2011-08-01,umbria,42.96184020212442,12.489018707606553,4.435484,54.157063,270.68338,23.451504,31.262104,15.783885,2.010652
2011-09-01,umbria,42.96184020212442,12.489018707606553,109.91,62.425728,196.23187,20.838844,28.194765,13.868246,2.0583587
2011-10-01,umbria,42.96184020212442,12.489018707606553,151.90323,69.29586,133.69705,13.131637,18.992342,7.507282,2.2051823
2011-11-01,umbria,42.96184020212442,12.489018707606553,46.56667,76.708275,80.039856,8.860826,14.360847,3.9886086,1.705732
2011-12-01,umbria,42.96184020212442,12.489018707606553,284.3,75.97651,58.0007,6.7927732,10.43116,3.1241796,2.6602876
2012-01-01,umbria,42.96184020212442,12.489018707606553,79.241936,71.33502,74.25632,4.2735305,9.157317,-0.2062728,2.0744002
2012-02-01,umbria,42.96184020212442,12.489018707606553,158.17587,74.2859,101.198654,1.5253674,5.6664577,-2.4538794,3.087556
2012-03-01,umbria,42.96184020212442,12.489018707606553,23.25484,58.969566,182.76894,10.816353,17.311813,4.6242285,2.8231068
2012-04-01,umbria,42.96184020212442,12.489018707606553,283.99335,75.14319,182.0797,11.623819,16.72509,6.531272,2.6639311
2012-05-01,umbria,42.96184020212442,12.489018707606553,253.87097,69.04563,233.26437,14.783318,20.871689,8.586886,2.4068372
2012-06-01,umbria,42.96184020212442,12.489018707606553,71.63334,57.517483,266.5826,21.772978,28.926037,14.380228,2.438275
2012-07-01,umbria,42.96184020212442,12.489018707606553,44.84516,51.31356,284.581,24.244568,31.850496,16.51226,2.8079207
2012-08-01,umbria,42.96184020212442,12.489018707606553,50.025806,49.6679,268.2286,25.02538,33.1554,17.042135,2.2926085
2012-09-01,umbria,42.96184020212442,12.489018707606553,347.19,75.03424,160.81303,18.466711,23.952806,13.201742,2.5533912
2012-10-01,umbria,42.96184020212442,12.489018707606553,491.1484,82.3478,115.81732,14.568682,19.892433,9.692068,1.9950701
2012-11-01,umbria,42.96184020212442,12.489018707606553,741.69336,85.35305,65.056885,10.411459,14.11071,6.873301,2.456471
2012-12-01,umbria,42.96184020212442,12.489018707606553,285.94836,81.04767,54.535763,4.452335,8.510953,0.5438815,2.1630118
2013-01-01,umbria,42.96184020212442,12.489018707606553,356.3613,86.70734,53.565567,4.6364512,8.427759,1.1706626,2.217742
2013-02-01,umbria,42.96184020212442,12.489018707606553,328.3357,80.09285,86.3354,3.4881558,7.7517977,-0.6587772,2.6686528
2013-03-01,umbria,42.96184020212442,12.489018707606553,438.04193,81.023445,106.03051,7.7855363,11.981164,3.8185306,2.7688708
2013-04-01,umbria,42.96184020212442,12.489018707606553,214.63,72.02573,184.7442,13.131384,18.854864,7.50559,2.44475
2013-05-01,umbria,42.96184020212442,12.489018707606553,436.35162,78.912384,223.45686,14.037924,19.28475,9.094144,2.4874299
2013-06-01,umbria,42.96184020212442,12.489018707606553,209.65334,70.59454,274.83585,18.382605,24.968662,12.062286,2.217554
2013-07-01,umbria,42.96184020212442,12.489018707606553,84.55161,65.047356,282.5596,22.189692,29.348389,15.320984,2.3338008
2013-08-01,umbria,42.96184020212442,12.489018707606553,76.71936,60.547867,253.40218,22.768433,30.309097,15.728587,2.338138
2013-09-01,umbria,42.96184020212442,12.489018707606553,259.06665,72.21907,186.69493,18.524685,25.11879,12.370184,2.2127862
2013-10-01,umbria,42.96184020212442,12.489018707606553,341.14194,85.50092,104.71494,15.362456,20.398361,10.951388,2.0143933
2013-11-01,umbria,42.96184020212442,12.489018707606553,622.59,87.43978,64.98985,9.269279,12.743192,6.101384,2.970989
2013-12-01,umbria,42.96184020212442,12.489018707606553,87.83548,81.22212,59.360447,5.67129,10.037047,1.6060308,1.9551998
2014-01-01,umbria,42.96184020212442,12.489018707606553,428.92905,87.080414,44.873425,6.444705,10.051872,3.0085237,2.2933416
2014-02-01,umbria,42.96184020212442,12.489018707606553,470.83215,80.94928,84.35481,8.343497,12.426371,4.4533424,2.6854076
2014-03-01,umbria,42.96184020212442,12.489018707606553,237.25806,72.11314,151.09747,9.087181,14.513417,4.010999,2.7358031
2014-04-01,umbria,42.96184020212442,12.489018707606553,245.08667,74.58432,180.5808,11.969347,17.624126,6.5767674,2.4119203
2014-05-01,umbria,42.96184020212442,12.489018707606553,216.09033,68.66222,236.92601,14.649149,20.67341,8.815167,2.4561884
2014-06-01,umbria,42.96184020212442,12.489018707606553,214.25336,67.45055,254.00655,19.699024,26.398586,13.45387,2.5644348
2014-07-01,umbria,42.96184020212442,12.489018707606553,352.10648,73.44282,238.99474,20.604137,26.850483,14.818118,2.373131
2014-08-01,umbria,42.96184020212442,12.489018707606553,78.677414,69.002846,238.03194,21.345884,28.010595,14.976268,2.1985657
2014-09-01,umbria,42.96184020212442,12.489018707606553,251.01334,79.787476,158.14238,17.68575,23.407978,12.549372,2.0311522
2014-10-01,umbria,42.96184020212442,12.489018707606553,113.922585,79.22144,120.531555,15.185175,20.49956,10.477529,2.3618302
2014-11-01,umbria,42.96184020212442,12.489018707606553,445.30334,85.11195,62.507973,11.594448,15.924228,7.763608,1.921482
2014-12-01,umbria,42.96184020212442,12.489018707606553,204.45161,81.652084,50.92006,6.660354,10.230441,3.507391,2.0590043
2015-01-01,umbria,42.96184020212442,12.489018707606553,176.45483,74.98944,65.73212,5.8468404,9.904818,2.0187342,2.3736603
2015-02-01,umbria,42.96184020212442,12.489018707606553,269.25357,77.905525,88.42547,5.2585707,9.496588,1.4479231,2.4016964
2015-03-01,umbria,42.96184020212442,12.489018707606553,347.18387,73.92654,148.86781,8.357038,13.034709,3.9905403,2.7820826
2015-04-01,umbria,42.96184020212442,12.489018707606553,134.37668,63.64606,215.95796,11.732789,17.672003,6.008087,2.6291993
2015-05-01,umbria,42.96184020212442,12.489018707606553,182.92581,66.08342,236.83415,16.836004,23.279665,10.72784,2.4793968
2015-06-01,umbria,42.96184020212442,12.489018707606553,166.08,64.2242,275.70688,20.043652,27.125053,13.219787,2.3559527
2015-07-01,umbria,42.96184020212442,12.489018707606553,19.512905,58.020634,305.02948,25.497648,33.34193,18.101843,2.250568
2015-08-01,umbria,42.96184020212442,12.489018707606553,169.72581,64.31853,245.27454,22.947971,30.215034,16.203485,2.069418
2015-09-01,umbria,42.96184020212442,12.489018707606553,153.14,67.95267,178.66269,18.392496,24.199718,13.157727,2.593489
2015-10-01,umbria,42.96184020212442,12.489018707606553,378.08386,82.565704,100.20407,13.550139,17.995647,9.638559,2.1547472
2015-11-01,umbria,42.96184020212442,12.489018707606553,153.66333,81.350494,85.014854,9.686362,14.743926,5.096029,1.6867427
2015-12-01,umbria,42.96184020212442,12.489018707606553,0.0,84.558304,61.2763,6.26466,11.493472,1.8575035,1.2063884
2016-01-01,umbria,42.96184020212442,12.489018707606553,314.31937,78.72505,61.071182,5.6302695,9.629327,1.7855049,2.3507361
2016-02-01,umbria,42.96184020212442,12.489018707606553,490.52414,79.2861,74.4389,8.022994,11.967109,4.2275453,2.9378748
2016-03-01,umbria,42.96184020212442,12.489018707606553,226.1129,75.51932,122.64656,7.747745,12.70865,3.5946424,2.9361434
2016-04-01,umbria,42.96184020212442,12.489018707606553,226.14668,68.88532,185.89023,12.993745,19.221243,6.8914886,2.5803876
2016-05-01,umbria,42.96184020212442,12.489018707606553,302.0,73.04272,219.98985,14.492195,20.418959,8.690597,2.5435903
2016-06-01,umbria,42.96184020212442,12.489018707606553,227.60666,73.48046,241.84492,18.88334,25.182127,12.787845,2.1601048
2016-07-01,umbria,42.96184020212442,12.489018707606553,138.07097,61.244522,270.81802,22.504358,30.07597,15.130493,2.0658064
2016-08-01,umbria,42.96184020212442,12.489018707606553,89.951614,60.866444,246.52174,21.157194,28.590263,14.264601,2.416753
2016-09-01,umbria,42.96184020212442,12.489018707606553,216.51334,71.67713,166.79094,17.871927,24.760267,11.776293,2.1258624
2016-10-01,umbria,42.96184020212442,12.489018707606553,373.32257,82.169655,101.46037,13.144853,18.27712,8.382297,2.0001473
2016-11-01,umbria,42.96184020212442,12.489018707606553,362.59668,83.30925,64.44964,9.08838,13.551735,4.877641,2.089112
2016-12-01,umbria,42.96184020212442,12.489018707606553,14.003225,75.10698,60.416897,5.035087,10.541673,0.27540672,1.6954697
2017-01-01,umbria,42.96184020212442,12.489018707606553,171.61292,71.17668,62.897266,1.2676191,5.7476225,-2.947486,3.0107641
2017-02-01,umbria,42.96184020212442,12.489018707606553,297.82855,78.06257,87.09472,7.0631905,11.555874,2.8732765,2.863579
2017-03-01,umbria,42.96184020212442,12.489018707606553,212.15807,61.44269,161.54103,9.552995,16.249361,3.1168756,2.7751613
2017-04-01,umbria,42.96184020212442,12.489018707606553,186.05334,67.28804,201.76846,11.27818,18.3294,4.4135756,2.6346884
2017-05-01,umbria,42.96184020212442,12.489018707606553,157.56775,67.21476,247.8615,15.470207,22.65876,8.468047,2.453559
2017-06-01,umbria,42.96184020212442,12.489018707606553,84.22,58.02262,289.81778,21.50237,29.42429,13.636207,2.66367
2017-07-01,umbria,42.96184020212442,12.489018707606553,47.535484,52.30937,279.2556,22.775785,30.886427,14.621735,2.6074789
2017-08-01,umbria,42.96184020212442,12.489018707606553,32.83871,47.353325,244.81696,24.517736,33.35523,15.583625,2.4776857
2017-09-01,umbria,42.96184020212442,12.489018707606553,372.2967,73.893585,143.8692,16.301807,22.415901,10.396412,2.5482354
2017-10-01,umbria,42.96184020212442,12.489018707606553,60.26129,71.54327,124.08345,13.17224,20.512236,6.130354,2.1053855
2017-11-01,umbria,42.96184020212442,12.489018707606553,415.94666,83.16408,61.68768,7.872014,12.567112,3.4876447,2.1573806
2017-12-01,umbria,42.96184020212442,12.489018707606553,556.3,78.9731,50.50806,4.3163815,8.738965,0.02360799,2.5621178
2018-01-01,umbria,42.96184020212442,12.489018707606553,142.29355,79.48112,63.909885,6.274085,11.084252,1.5791059,2.1309888
2018-02-01,umbria,42.96184020212442,12.489018707606553,388.57144,82.09969,70.02989,2.4293282,6.5515375,-1.5187769,2.6905122
2018-03-01,umbria,42.96184020212442,12.489018707606553,741.2097,78.33753,109.40568,6.6087937,11.077832,2.357798,3.0025947
2018-04-01,umbria,42.96184020212442,12.489018707606553,216.03334,67.37998,212.45253,13.4257345,20.335648,6.7107387,2.5027316
2018-05-01,umbria,42.96184020212442,12.489018707606553,415.86774,82.261116,214.01334,15.852149,21.783697,10.422362,2.1848316
2018-06-01,umbria,42.96184020212442,12.489018707606553,159.12668,69.148186,258.60434,18.932499,25.649622,12.026421,2.5319707
2018-07-01,umbria,42.96184020212442,12.489018707606553,102.954834,61.958424,274.96426,22.535421,30.365812,14.506525,2.3390741
2018-08-01,umbria,42.96184020212442,12.489018707606553,163.76453,69.46561,241.15604,22.04823,30.152742,14.505224,2.1977944
2018-09-01,umbria,42.96184020212442,12.489018707606553,104.11,71.096565,192.33224,18.881048,26.354132,11.639699,2.0287826
2018-10-01,umbria,42.96184020212442,12.489018707606553,307.7613,78.83371,120.65988,14.398709,20.282486,8.795274,2.5227277
2018-11-01,umbria,42.96184020212442,12.489018707606553,389.03333,86.24803,63.31232,9.100134,13.529895,4.8159776,2.0727174
2018-12-01,umbria,42.96184020212442,12.489018707606553,198.9484,81.42583,58.23247,4.725722,9.551623,-0.07676717,1.9336536
2019-01-01,umbria,42.96184020212442,12.489018707606553,274.50647,77.78048,68.15392,2.3895407,6.8711987,-2.0180085,2.545652
2019-02-01,umbria,42.96184020212442,12.489018707606553,235.43573,63.9134,116.790764,6.08434,12.198789,0.19816382,2.9430745
2019-03-01,umbria,42.96184020212442,12.489018707606553,66.09355,62.91254,168.88043,8.971609,15.361983,2.7572684,3.1808448
2019-04-01,umbria,42.96184020212442,12.489018707606553,328.01334,70.82519,177.84021,10.850869,17.111979,4.836453,2.6738913
2019-05-01,umbria,42.96184020212442,12.489018707606553,590.25806,80.30027,187.1157,12.0782,17.074436,7.3680606,2.6834922
2019-06-01,umbria,42.96184020212442,12.489018707606553,7.866667,64.12977,283.38043,21.800644,29.45691,14.026025,2.5412607
2019-07-01,umbria,42.96184020212442,12.489018707606553,264.07422,64.91817,271.3941,22.777613,30.447033,15.303524,2.3937237
2019-08-01,umbria,42.96184020212442,12.489018707606553,78.825806,65.53462,246.52594,23.324049,31.273369,15.579593,2.103885
2019-09-01,umbria,42.96184020212442,12.489018707606553,232.84,74.24898,184.82138,18.347582,25.22065,11.737461,2.3022246
2019-10-01,umbria,42.96184020212442,12.489018707606553,117.7,81.96206,126.268585,14.830224,20.958551,9.179695,2.0141969
2019-11-01,umbria,42.96184020212442,12.489018707606553,881.4,88.90709,58.16268,10.143529,13.922954,6.6539054,2.589163
2019-12-01,umbria,42.96184020212442,12.489018707606553,451.05484,81.07928,60.392704,6.631515,11.114654,2.3815742,2.4716303
2020-01-01,umbria,42.96184020212442,12.489018707606553,71.91613,78.02285,76.34011,4.988236,10.557394,-0.047356263,1.7560097
2020-02-01,umbria,42.96184020212442,12.489018707606553,94.25862,69.580734,116.220764,7.64976,13.630884,1.9521103,2.675431
2020-03-01,umbria,42.96184020212442,12.489018707606553,325.9,74.81592,145.37694,7.489807,13.06622,2.14493,3.0026717
2020-04-01,umbria,42.96184020212442,12.489018707606553,174.22667,65.53829,236.18623,11.316634,18.264463,4.4346123,2.7348406
2020-05-01,umbria,42.96184020212442,12.489018707606553,165.19678,65.07283,245.81873,15.524249,21.929716,9.113394,2.904986
2020-06-01,umbria,42.96184020212442,12.489018707606553,275.87,69.4522,275.32645,17.990349,24.589478,11.491446,2.4436195
2020-07-01,umbria,42.96184020212442,12.489018707606553,59.296776,59.666195,279.8664,21.928408,29.925203,13.940602,2.4089446
2020-08-01,umbria,42.96184020212442,12.489018707606553,186.69678,61.258614,245.56102,23.05672,30.873913,15.43493,2.4609642
2020-09-01,umbria,42.96184020212442,12.489018707606553,401.23,72.80007,178.22139,18.297989,25.196875,11.749438,2.189739
2020-10-01,umbria,42.96184020212442,12.489018707606553,434.88385,82.29353,120.55855,12.098972,17.622923,6.9214234,2.2129626
2020-11-01,umbria,42.96184020212442,12.489018707606553,184.08334,83.12173,77.25942,9.263587,14.295645,4.7569423,1.899902
2020-12-01,umbria,42.96184020212442,12.489018707606553,744.32904,86.135124,51.31802,5.5972614,9.645129,1.8998913,2.1664867
2021-01-01,umbria,42.96184020212442,12.489018707606553,558.7355,81.57664,54.17707,3.386066,7.071743,-0.114147976,2.474674
2021-02-01,umbria,42.96184020212442,12.489018707606553,256.225,76.807846,106.10598,7.123599,12.766494,1.7587928,2.4389403
2021-03-01,umbria,42.96184020212442,12.489018707606553,83.72581,66.91899,175.36711,6.6270685,13.218076,0.34903577,2.575375
2021-04-01,umbria,42.96184020212442,12.489018707606553,222.83669,70.83864,204.90723,8.96788,15.23212,2.9565978,2.6398656
2021-05-01,umbria,42.96184020212442,12.489018707606553,126.88711,68.72749,249.71425,14.177546,20.732914,7.681805,2.8227036
2021-06-01,umbria,42.96184020212442,12.489018707606553,69.15667,64.59407,289.78842,20.642899,28.598988,12.884684,2.2489998
2021-07-01,umbria,42.96184020212442,12.489018707606553,55.716133,58.070694,274.4085,22.971272,30.658813,15.371406,2.5279872
2021-08-01,umbria,42.96184020212442,12.489018707606553,79.593544,59.276337,265.03577,22.52632,30.457472,14.84726,2.3682923
2021-09-01,umbria,42.96184020212442,12.489018707606553,64.043335,66.14896,205.31921,18.76814,26.270004,11.624007,2.1031375
2021-10-01,umbria,42.96184020212442,12.489018707606553,273.7742,77.3661,125.63324,11.801949,17.1524,6.8004627,2.3488848
2021-11-01,umbria,42.96184020212442,12.489018707606553,476.26666,86.731384,67.634056,9.2312565,12.978704,5.7579927,2.069634
2021-12-01,umbria,42.96184020212442,12.489018707606553,516.7742,82.41367,57.837307,5.1189623,9.623839,0.75155324,2.210866
2022-01-01,umbria,42.96184020212442,12.489018707606553,98.22258,76.9977,70.848175,3.9233975,8.915855,-0.24764724,2.2596807
2022-02-01,umbria,42.96184020212442,12.489018707606553,117.14285,71.23755,116.052795,6.3604536,11.710229,1.6274495,2.465955
2022-03-01,umbria,42.96184020212442,12.489018707606553,96.0871,60.46931,181.8643,6.503601,12.705824,1.1716795,2.3973877
2022-04-01,umbria,42.96184020212442,12.489018707606553,232.98666,68.305214,215.43007,10.253446,16.276276,4.6216807,2.7293186
2022-05-01,umbria,42.96184020212442,12.489018707606553,54.077423,66.322586,217.21527,17.526213,24.349989,11.143342,2.297016
2022-06-01,umbria,42.96184020212442,12.489018707606553,54.303333,55.433296,247.35834,23.070747,30.359655,15.964775,2.4278152
2022-07-01,umbria,42.96184020212442,12.489018707606553,60.890324,52.878292,258.21844,25.069696,33.09109,17.392012,2.3873773
2022-08-01,umbria,42.96184020212442,12.489018707606553,165.13226,63.22043,203.93338,22.92063,30.274786,16.678173,2.2875035
2022-09-01,umbria,42.96184020212442,12.489018707606553,399.5467,73.57364,160.10689,17.796738,23.942131,12.745035,2.2910433
2022-10-01,umbria,42.96184020212442,12.489018707606553,44.07097,78.59248,132.91129,15.611822,22.072075,10.9510765,1.8281522
2022-11-01,umbria,42.96184020212442,12.489018707606553,469.89,83.54527,77.84674,9.4880295,13.852655,5.383264,2.0578115
2022-12-01,umbria,42.96184020212442,12.489018707606553,397.40326,90.15835,50.26999,7.5311294,11.15624,4.479926,1.7239655
2023-01-01,umbria,42.96184020212442,12.489018707606553,490.14194,85.565796,62.941795,4.8710203,8.89736,1.513699,2.1413848
2023-02-01,umbria,42.96184020212442,12.489018707606553,168.92859,73.39787,104.98215,5.2282295,10.707764,0.7066421,2.256646
2023-03-01,umbria,42.96184020212442,12.489018707606553,189.59677,76.104416,145.59467,9.2333555,14.587983,4.441673,2.7382188
2023-04-01,umbria,42.96184020212442,12.489018707606553,167.75334,72.48817,177.8029,10.016942,15.77107,4.7774744,2.6018658
2023-05-01,umbria,42.96184020212442,12.489018707606553,441.3742,80.50507,182.00879,14.836568,20.465717,10.221384,2.2507293
2023-06-01,umbria,42.96184020212442,12.489018707606553,238.02335,72.93265,240.66449,20.008942,26.570265,14.314402,2.099971
2023-07-01,umbria,42.96184020212442,12.489018707606553,35.32258,62.47906,266.72266,24.787674,32.057434,17.969236,2.3299403
2023-08-01,umbria,42.96184020212442,12.489018707606553,167.89355,61.284813,217.21388,23.096064,30.677177,16.465809,2.2912798
2023-09-01,umbria,42.96184020212442,12.489018707606553,109.72,67.98231,162.70325,19.847178,26.461277,14.562344,2.3333478
2023-10-01,umbria,42.96184020212442,12.489018707606553,212.50645,71.55803,112.651115,17.484316,23.742352,12.34691,2.5085797
2023-11-01,umbria,42.96184020212442,12.489018707606553,454.79333,81.32801,75.25797,9.922282,14.270507,5.6325364,2.6707318
2023-12-01,umbria,42.96184020212442,12.489018707606553,91.43225,81.02065,61.540672,8.7648,11.760146,5.2924156,2.234958
2024-01-01,umbria,42.96184020212442,12.489018707606553,170.9484,77.908875,69.314514,7.3000245,10.772604,4.027549,1.8818759
2024-02-01,umbria,42.96184020212442,12.489018707606553,239.78276,75.1463,91.41079,9.508058,13.539595,5.91124,2.444194
2024-03-01,umbria,42.96184020212442,12.489018707606553,375.6871,77.59929,125.53541,10.727433,14.741235,6.9270897,2.4573493
2024-04-01,umbria,42.96184020212442,12.489018707606553,139.43668,69.74248,185.53441,12.80739,17.810236,8.148112,2.3183877
2024-05-01,umbria,42.96184020212442,12.489018707606553,166.53226,72.4521,164.16725,15.953088,20.659435,11.413527,2.137528
2024-06-01,umbria,42.96184020212442,12.489018707606553,75.22,62.059574,227.82173,21.009459,26.701666,15.564481,2.2005868
2024-07-01,umbria,42.96184020212442,12.489018707606553,28.770967,56.461693,254.19635,25.334433,31.451899,19.537996,1.9769496
2024-08-01,umbria,42.96184020212442,12.489018707606553,113.22581,62.12802,188.20091,25.569565,31.683748,20.09427,1.8268267
2024-09-01,umbria,42.96184020212442,12.489018707606553,508.58664,76.5042,149.44058,18.800566,23.30653,14.76808,2.044993
2024-10-01,umbria,42.96184020212442,12.489018707606553,563.87415,85.80113,96.86291,16.06651,19.58617,12.838962,1.7621951
2024-11-01,umbria,42.96184020212442,12.489018707606553,127.8,78.59057,77.30326,10.178064,14.049139,6.5269895,1.9434131
2024-12-01,umbria,42.96184020212442,12.489018707606553,331.5484,75.87221,64.83064,6.428979,9.363692,3.5289414,1.8612132
2000-01-01,marche,43.34155034344195,13.135073455941564,65.01613,72.558975,72.37006,5.0410333,7.8731327,0.7045012,2.3910742
2000-02-01,marche,43.34155034344195,13.135073455941564,76.913795,77.00797,104.538315,7.2559857,11.609147,2.7872732,2.5203512
2000-03-01,marche,43.34155034344195,13.135073455941564,281.1742,79.4133,142.40112,9.913837,14.55744,5.0053825,2.8154263
2000-04-01,marche,43.34155034344195,13.135073455941564,234.57668,82.09992,178.63548,13.95945,18.714975,9.008703,2.5331388
2000-05-01,marche,43.34155034344195,13.135073455941564,127.62259,77.16549,240.0221,18.794302,24.260828,13.143388,2.194084
2000-06-01,marche,43.34155034344195,13.135073455941564,151.19,68.869385,270.39752,22.108719,28.110886,15.833052,2.4853709
2000-07-01,marche,43.34155034344195,13.135073455941564,137.59032,68.98488,268.9053,22.998402,29.080784,16.662287,3.0990567
2000-08-01,marche,43.34155034344195,13.135073455941564,35.619354,67.826256,245.63025,25.15315,31.776932,18.188046,2.2943547
2000-09-01,marche,43.34155034344195,13.135073455941564,299.7,76.13996,175.79599,19.482157,25.139238,13.602815,2.4275942
2000-10-01,marche,43.34155034344195,13.135073455941564,297.0516,87.713326,86.70102,15.36872,19.349966,11.21263,2.2559097
2000-11-01,marche,43.34155034344195,13.135073455941564,390.65332,87.97376,60.062347,11.691265,15.73004,7.3910275,3.000258
2000-12-01,marche,43.34155034344195,13.135073455941564,351.2129,86.05002,47.848267,8.473333,11.586424,4.8457227,2.3567407
2001-01-01,marche,43.34155034344195,13.135073455941564,436.35806,87.16934,45.825565,6.889734,9.27143,4.231959,2.7322485
2001-02-01,marche,43.34155034344195,13.135073455941564,230.66786,78.27179,99.20535,7.0599933,10.864385,2.8551817,2.940704
2001-03-01,marche,43.34155034344195,13.135073455941564,232.1871,88.57941,119.85424,12.829119,17.30142,8.20095,3.729443
2001-04-01,marche,43.34155034344195,13.135073455941564,298.84335,80.022354,184.17871,11.205889,16.081512,6.1208396,2.545198
2001-05-01,marche,43.34155034344195,13.135073455941564,215.42258,79.29769,229.7963,17.55543,22.744783,12.171099,2.3852587
2001-06-01,marche,43.34155034344195,13.135073455941564,95.043335,67.57353,268.0324,20.706772,26.918783,14.201594,2.9728773
2001-07-01,marche,43.34155034344195,13.135073455941564,53.829033,70.17453,268.23627,23.973682,30.171265,17.429626,2.989035
2001-08-01,marche,43.34155034344195,13.135073455941564,46.980644,67.92113,248.35126,25.295752,31.807016,18.454044,2.5988922
2001-09-01,marche,43.34155034344195,13.135073455941564,415.76,76.67567,163.82747,17.446108,23.278769,11.508152,2.6867733
2001-10-01,marche,43.34155034344195,13.135073455941564,82.880646,84.163284,123.62455,17.216463,22.322708,11.903431,2.2512689
2001-11-01,marche,43.34155034344195,13.135073455941564,361.74335,73.74166,68.751854,8.96925,12.630617,5.129543,2.7691443
2001-12-01,marche,43.34155034344195,13.135073455941564,211.30968,67.71651,58.8411,4.399289,7.3324575,0.7658543,2.9261105
2002-01-01,marche,43.34155034344195,13.135073455941564,50.496777,76.19316,67.87873,4.4692593,8.066777,-0.19703108,2.4192057
2002-02-01,marche,43.34155034344195,13.135073455941564,215.18571,86.0591,83.04597,8.777555,12.468254,4.723432,2.9625976
2002-03-01,marche,43.34155034344195,13.135073455941564,23.49355,73.73529,151.85605,10.9043455,15.627404,5.8384285,2.6761687
2002-04-01,marche,43.34155034344195,13.135073455941564,261.10333,77.538734,160.93147,11.929335,16.582726,7.074305,2.420198
2002-05-01,marche,43.34155034344195,13.135073455941564,290.3387,81.27418,216.41667,17.281977,22.590914,11.7431555,2.4678423
2002-06-01,marche,43.34155034344195,13.135073455941564,97.350006,73.60125,260.6713,22.69855,28.845354,16.303938,2.4963646
2002-07-01,marche,43.34155034344195,13.135073455941564,343.6613,75.69657,244.03195,22.966585,28.4573,17.243546,2.5286214
2002-08-01,marche,43.34155034344195,13.135073455941564,376.61288,81.94189,212.62843,22.467285,27.765272,16.92142,2.2679944
2002-09-01,marche,43.34155034344195,13.135073455941564,436.43335,79.966095,148.58426,17.985039,22.78961,12.991896,2.0209465
2002-10-01,marche,43.34155034344195,13.135073455941564,193.29355,83.970634,110.477,15.786526,20.821342,10.622868,2.6879854
2002-11-01,marche,43.34155034344195,13.135073455941564,148.88,84.501335,57.691048,12.639196,16.338829,8.846626,2.8684592
2002-12-01,marche,43.34155034344195,13.135073455941564,786.60645,84.97777,37.945637,6.850098,9.290009,4.501186,2.4085028
2003-01-01,marche,43.34155034344195,13.135073455941564,287.3742,74.85114,57.425026,6.174994,8.838653,2.814549,2.7609463
2003-02-01,marche,43.34155034344195,13.135073455941564,162.53572,59.876114,108.046295,3.1934855,6.524676,-1.3912102,2.7847002
2003-03-01,marche,43.34155034344195,13.135073455941564,114.05484,68.94304,169.86292,9.5922785,13.937825,4.7396626,2.4940808
2003-04-01,marche,43.34155034344195,13.135073455941564,167.47334,69.13372,194.82005,11.617852,16.517355,6.4122066,2.7918239
2003-05-01,marche,43.34155034344195,13.135073455941564,92.506454,65.91474,242.6834,19.191898,25.098131,13.059973,2.2980645
2003-06-01,marche,43.34155034344195,13.135073455941564,137.07,65.79202,274.2537,25.02706,31.32816,18.388086,2.3300629
2003-07-01,marche,43.34155034344195,13.135073455941564,23.006453,61.205975,277.30197,25.768812,32.256058,19.039852,2.703229
2003-08-01,marche,43.34155034344195,13.135073455941564,165.06451,59.590214,243.24881,27.18468,33.665863,20.440468,2.5680828
2003-09-01,marche,43.34155034344195,13.135073455941564,214.92334,67.53482,174.16974,18.537962,23.85017,13.048284,2.1523552
2003-10-01,marche,43.34155034344195,13.135073455941564,485.72903,79.14432,101.23178,13.50575,17.68198,9.229522,2.8151124
2003-11-01,marche,43.34155034344195,13.135073455941564,160.12334,86.283264,61.837654,10.561933,13.846857,7.2196264,2.0699685
2003-12-01,marche,43.34155034344195,13.135073455941564,163.9129,73.67207,53.55466,6.5259647,9.441613,3.0958452,2.5579
2004-01-01,marche,43.34155034344195,13.135073455941564,213.2226,71.17833,57.69355,4.4306927,7.4840055,0.37985668,2.9723554
2004-02-01,marche,43.34155034344195,13.135073455941564,260.76898,75.55361,84.695404,6.871801,10.415342,2.631376,2.7949674
2004-03-01,marche,43.34155034344195,13.135073455941564,154.43549,69.95273,126.52031,7.777416,11.619957,3.5579987,2.4906726
2004-04-01,marche,43.34155034344195,13.135073455941564,404.71667,77.24516,148.50401,11.358939,15.552833,7.04054,2.3757577
2004-05-01,marche,43.34155034344195,13.135073455941564,286.56775,69.128525,224.997,14.439286,19.7218,8.993697,2.787763
2004-06-01,marche,43.34155034344195,13.135073455941564,199.03333,65.73898,243.15556,20.418411,25.875782,14.72665,2.729723
2004-07-01,marche,43.34155034344195,13.135073455941564,103.80646,55.66589,276.39993,23.920898,30.44547,17.151503,2.7138224
2004-08-01,marche,43.34155034344195,13.135073455941564,129.40968,62.065353,239.22969,24.25042,30.379148,17.969927,2.6060588
2004-09-01,marche,43.34155034344195,13.135073455941564,369.99667,63.94262,172.05896,19.314575,24.574942,13.965435,2.3862765
2004-10-01,marche,43.34155034344195,13.135073455941564,320.15485,83.54941,94.102745,16.890427,21.084017,12.708348,2.4843214
2004-11-01,marche,43.34155034344195,13.135073455941564,380.83002,75.29726,62.240128,9.7657385,13.327919,6.0679317,2.4264088
2004-12-01,marche,43.34155034344195,13.135073455941564,433.8387,70.638916,49.009556,6.8541937,9.487144,3.955893,2.253597
2005-01-01,marche,43.34155034344195,13.135073455941564,454.66455,68.16574,66.37335,4.473351,7.1874876,0.19168758,2.8065157
2005-02-01,marche,43.34155034344195,13.135073455941564,214.53928,62.700485,88.42924,3.4006846,6.217507,-1.4490608,2.9668765
2005-03-01,marche,43.34155034344195,13.135073455941564,122.296776,69.55887,143.19565,7.7428193,12.500178,1.867691,2.3746896
2005-04-01,marche,43.34155034344195,13.135073455941564,386.06335,71.774956,181.90863,11.363959,16.32911,6.124747,2.7952297
2005-05-01,marche,43.34155034344195,13.135073455941564,170.8613,68.451225,239.16338,17.685698,23.3118,11.91573,2.5353255
2005-06-01,marche,43.34155034344195,13.135073455941564,169.24002,65.32317,256.1787,21.197144,27.132717,15.007595,2.6546066
2005-07-01,marche,43.34155034344195,13.135073455941564,152.95807,57.644775,263.8017,23.944218,30.102402,17.555645,2.7771912
2005-08-01,marche,43.34155034344195,13.135073455941564,360.4452,69.32188,203.45729,21.235287,26.804705,15.445573,2.681905
2005-09-01,marche,43.34155034344195,13.135073455941564,214.81668,76.0172,162.45555,18.979275,23.920265,13.904647,2.2697985
2005-10-01,marche,43.34155034344195,13.135073455941564,398.81613,82.59489,97.3874,13.716634,17.686289,9.750002,2.1254563
2005-11-01,marche,43.34155034344195,13.135073455941564,582.81006,83.153824,61.62469,8.977657,12.117339,5.65724,2.4893115
2005-12-01,marche,43.34155034344195,13.135073455941564,445.5129,79.01499,47.274193,4.8400655,7.8438983,1.7001224,2.7702403
2006-01-01,marche,43.34155034344195,13.135073455941564,230.14838,75.642624,62.074074,3.5764036,5.731565,-0.08865591,2.9635272
2006-02-01,marche,43.34155034344195,13.135073455941564,250.17857,69.51669,90.7834,5.9741497,9.342744,2.2588656,3.1053233
2006-03-01,marche,43.34155034344195,13.135073455941564,283.19678,70.15823,115.66607,7.363315,10.930253,3.59316,3.5048842
2006-04-01,marche,43.34155034344195,13.135073455941564,306.70334,68.5757,174.84877,13.030204,18.261438,7.847151,2.6967704
2006-05-01,marche,43.34155034344195,13.135073455941564,120.76453,66.07193,244.37335,17.213814,23.12524,11.395406,2.854714
2006-06-01,marche,43.34155034344195,13.135073455941564,195.56665,55.956173,251.57747,20.80164,26.792635,14.958534,2.8369212
2006-07-01,marche,43.34155034344195,13.135073455941564,135.10645,56.250534,269.4791,24.21028,30.997416,17.54644,2.8255599
2006-08-01,marche,43.34155034344195,13.135073455941564,353.45807,65.79215,207.08601,21.693111,27.654333,15.854627,2.8994794
2006-09-01,marche,43.34155034344195,13.135073455941564,390.08002,69.72835,171.58488,19.704355,25.459713,14.077126,2.3214843
2006-10-01,marche,43.34155034344195,13.135073455941564,84.50323,71.882484,116.36351,16.05031,21.490095,10.755457,2.2942452
2006-11-01,marche,43.34155034344195,13.135073455941564,103.83667,73.72012,76.59382,11.387726,16.340025,6.4641757,2.4414494
2006-12-01,marche,43.34155034344195,13.135073455941564,108.66774,76.44418,55.263443,7.8498774,11.070776,4.43928,2.5342696
2007-01-01,marche,43.34155034344195,13.135073455941564,111.20969,77.55091,62.15203,8.295367,12.285955,4.3858004,3.0670054
2007-02-01,marche,43.34155034344195,13.135073455941564,196.425,75.49175,84.28109,8.565251,12.059768,4.747837,2.908723
2007-03-01,marche,43.34155034344195,13.135073455941564,342.1742,72.107185,118.88202,9.733873,13.727559,5.678799,3.0665126
2007-04-01,marche,43.34155034344195,13.135073455941564,101.69667,65.34279,221.00462,14.390388,20.595316,8.21916,2.2595754
2007-05-01,marche,43.34155034344195,13.135073455941564,214.20645,63.88299,244.04181,18.231165,24.057125,12.4207945,3.0390995
2007-06-01,marche,43.34155034344195,13.135073455941564,124.92333,60.85983,244.63797,22.128527,27.924326,16.347185,3.127676
2007-07-01,marche,43.34155034344195,13.135073455941564,24.75484,44.679832,286.30704,25.541655,32.657803,18.45221,3.206424
2007-08-01,marche,43.34155034344195,13.135073455941564,134.97743,56.370426,227.72313,23.190067,29.250704,17.164177,2.8890352
2007-09-01,marche,43.34155034344195,13.135073455941564,241.18335,61.502205,178.57562,17.69105,23.656181,11.766974,2.7913399
2007-10-01,marche,43.34155034344195,13.135073455941564,394.43872,72.85274,107.061226,13.246741,17.464037,9.063841,2.4188344
2007-11-01,marche,43.34155034344195,13.135073455941564,191.5,69.71747,70.03519,8.042735,11.622944,4.356108,2.8703394
2007-12-01,marche,43.34155034344195,13.135073455941564,266.1903,72.42111,56.665176,5.122807,7.6630735,2.2999938,2.937331
2008-01-01,marche,43.34155034344195,13.135073455941564,81.506454,75.31629,56.59827,6.451769,9.863258,2.921992,2.7268958
2008-02-01,marche,43.34155034344195,13.135073455941564,60.051727,69.146065,104.39623,6.8416634,10.663227,2.6543133,2.5651526
2008-03-01,marche,43.34155034344195,13.135073455941564,592.15485,70.99486,120.40591,9.102034,13.326464,4.7718725,3.5515153
2008-04-01,marche,43.34155034344195,13.135073455941564,317.25,66.18182,176.65524,12.326303,17.116146,7.518913,3.5552547
2008-05-01,marche,43.34155034344195,13.135073455941564,228.27744,67.8613,232.33363,16.713987,21.780956,11.644897,2.6456633
2008-06-01,marche,43.34155034344195,13.135073455941564,231.11667,68.862206,238.97685,20.986233,26.076061,15.917182,2.116198
2008-07-01,marche,43.34155034344195,13.135073455941564,81.69678,55.03215,267.89368,23.841442,29.673523,18.00143,2.527894
2008-08-01,marche,43.34155034344195,13.135073455941564,32.34839,52.99407,249.00539,24.192959,30.490751,17.89134,2.3381467
2008-09-01,marche,43.34155034344195,13.135073455941564,236.84668,62.123512,160.46173,18.119444,22.931591,13.360099,2.1646981
2008-10-01,marche,43.34155034344195,13.135073455941564,114.380646,71.024765,113.37784,15.768279,20.4178,11.19948,2.4479642
2008-11-01,marche,43.34155034344195,13.135073455941564,461.96335,75.860016,63.753704,9.884725,13.608423,6.1542315,2.6085124
2008-12-01,marche,43.34155034344195,13.135073455941564,565.09357,78.27646,49.20998,5.8248987,8.776,2.823253,2.1969295
2009-01-01,marche,43.34155034344195,13.135073455941564,244.71614,77.510635,51.838715,4.8197155,6.810302,2.1847072,2.374942
2009-02-01,marche,43.34155034344195,13.135073455941564,216.75714,67.523926,94.71032,4.8625693,8.721173,1.3453736,2.544505
2009-03-01,marche,43.34155034344195,13.135073455941564,185.42903,65.32853,133.7718,9.143548,13.1950865,5.0115924,2.7145617
2009-04-01,marche,43.34155034344195,13.135073455941564,340.62,74.39298,167.01945,12.889369,17.186264,8.647305,2.3504465
2009-05-01,marche,43.34155034344195,13.135073455941564,119.70968,57.675438,255.13173,19.249527,24.72258,13.766018,2.4912415
2009-06-01,marche,43.34155034344195,13.135073455941564,492.52667,63.758266,247.22746,20.368826,24.920454,15.813629,2.8816195
2009-07-01,marche,43.34155034344195,13.135073455941564,117.67097,57.331135,271.74908,23.863205,29.823044,17.9194,2.906281
2009-08-01,marche,43.34155034344195,13.135073455941564,119.074196,57.943207,245.98802,24.313011,30.22745,18.512856,2.3397138
2009-09-01,marche,43.34155034344195,13.135073455941564,130.64001,68.09318,173.00958,19.903284,24.696999,15.169317,2.5649211
2009-10-01,marche,43.34155034344195,13.135073455941564,366.2581,70.94952,112.20998,13.739057,18.305386,9.242732,2.5157304
2009-11-01,marche,43.34155034344195,13.135073455941564,258.24667,79.00975,64.155556,10.683193,14.4231205,7.0009007,2.6723835
2009-12-01,marche,43.34155034344195,13.135073455941564,412.9839,78.86551,48.384407,6.586425,9.792989,3.2357285,3.1379821
2010-01-01,marche,43.34155034344195,13.135073455941564,368.54517,84.161224,49.16219,3.3523448,5.736332,0.4379062,2.5363696
2010-02-01,marche,43.34155034344195,13.135073455941564,386.31073,78.172226,79.53968,5.687014,8.914553,2.5671031,3.165404
2010-03-01,marche,43.34155034344195,13.135073455941564,282.1516,72.06479,134.46416,8.4921,12.204124,4.5467534,2.7948203
2010-04-01,marche,43.34155034344195,13.135073455941564,350.11334,70.96153,193.52313,11.570991,16.05947,7.1621604,2.4694242
2010-05-01,marche,43.34155034344195,13.135073455941564,383.64194,71.49337,205.73387,15.707067,20.414116,11.155382,2.6980035
2010-06-01,marche,43.34155034344195,13.135073455941564,297.42334,64.61452,257.02283,20.048838,25.329664,14.8446455,2.4061604
2010-07-01,marche,43.34155034344195,13.135073455941564,128.02258,61.47507,272.836,23.635647,29.431044,17.912657,2.555414
2010-08-01,marche,43.34155034344195,13.135073455941564,176.85162,63.846527,236.98387,22.497925,28.205006,16.881361,2.3337524
2010-09-01,marche,43.34155034344195,13.135073455941564,336.87003,70.233826,164.52008,17.75099,22.789806,12.83952,2.2670882
2010-10-01,marche,43.34155034344195,13.135073455941564,213.16774,77.24747,100.333336,12.714614,16.515078,9.050404,2.3691754
2010-11-01,marche,43.34155034344195,13.135073455941564,669.78,82.68775,57.828396,9.823573,13.534821,6.224648,2.540764
2010-12-01,marche,43.34155034344195,13.135073455941564,308.62256,76.45643,49.1356,3.9823625,8.39098,0.39760754,2.5392575
2011-01-01,marche,43.34155034344195,13.135073455941564,266.26776,82.03876,53.810333,3.8033092,7.5264273,1.0388141,2.1263692
2011-02-01,marche,43.34155034344195,13.135073455941564,188.92143,68.47829,98.09424,5.996822,9.835076,2.4969542,2.5934398
2011-03-01,marche,43.34155034344195,13.135073455941564,576.58704,69.85323,138.39217,7.795657,11.460188,3.967479,2.623077
2011-04-01,marche,43.34155034344195,13.135073455941564,147.45667,62.0289,209.7966,13.35572,18.571737,8.2560835,2.4584339
2011-05-01,marche,43.34155034344195,13.135073455941564,160.5,62.242416,257.3871,16.535929,22.173075,10.944826,2.3893974
2011-06-01,marche,43.34155034344195,13.135073455941564,192.07668,66.40101,256.38672,20.82297,26.185692,15.546425,2.510566
2011-07-01,marche,43.34155034344195,13.135073455941564,278.72903,60.890446,263.43338,22.341944,27.87486,16.900023,2.889303
2011-08-01,marche,43.34155034344195,13.135073455941564,0.80322576,54.104343,262.5899,24.56466,30.904274,18.346842,2.3154593
2011-09-01,marche,43.34155034344195,13.135073455941564,106.55333,61.43327,188.22992,21.859343,27.844213,16.017046,2.2763176
2011-10-01,marche,43.34155034344195,13.135073455941564,177.72258,67.11793,124.21266,13.638925,18.283932,9.14537,2.2990718
2011-11-01,marche,43.34155034344195,13.135073455941564,92.95,76.11693,75.36976,9.285167,13.312532,5.5175986,1.9800314
2011-12-01,marche,43.34155034344195,13.135073455941564,307.5871,73.27239,54.932796,7.503719,11.13646,4.182605,2.741205
2012-01-01,marche,43.34155034344195,13.135073455941564,86.76129,70.084694,70.47132,4.222545,8.968698,0.4047222,2.7069933
2012-02-01,marche,43.34155034344195,13.135073455941564,364.28964,69.11811,93.31002,1.7645465,5.1952844,-1.4485793,3.1976054
2012-03-01,marche,43.34155034344195,13.135073455941564,69.73871,57.59309,177.86679,11.256775,16.446457,6.2230043,2.6454349
2012-04-01,marche,43.34155034344195,13.135073455941564,443.25336,72.108925,177.81358,12.294883,16.933392,7.754002,2.9969716
2012-05-01,marche,43.34155034344195,13.135073455941564,240.11612,66.76993,227.30856,15.53698,20.90847,10.246161,2.4300303
2012-06-01,marche,43.34155034344195,13.135073455941564,59.443336,56.392235,262.6778,22.794886,28.730017,16.929512,2.8493457
2012-07-01,marche,43.34155034344195,13.135073455941564,132.44194,50.623844,273.7918,25.241695,31.418941,19.165768,3.1512477
2012-08-01,marche,43.34155034344195,13.135073455941564,59.451614,50.254314,260.92236,25.221115,31.664099,18.894924,2.452468
2012-09-01,marche,43.34155034344195,13.135073455941564,714.82,72.52688,156.52777,18.857405,23.410418,14.406256,2.5033364
2012-10-01,marche,43.34155034344195,13.135073455941564,352.97742,79.04393,109.57139,15.2281475,19.588017,10.974306,2.2770176
2012-11-01,marche,43.34155034344195,13.135073455941564,666.18665,81.41287,62.763275,11.151636,14.346251,8.0770645,2.6015031
2012-12-01,marche,43.34155034344195,13.135073455941564,317.09033,79.09569,52.635006,4.7351847,9.00327,1.1369534,2.3585484
2013-01-01,marche,43.34155034344195,13.135073455941564,331.8774,83.82783,51.077362,5.129737,8.7564335,1.8084378,2.6164212
2013-02-01,marche,43.34155034344195,13.135073455941564,404.98215,77.734276,79.07838,3.812688,7.3574433,0.3428903,3.0658894
2013-03-01,marche,43.34155034344195,13.135073455941564,419.12903,78.335846,109.01463,7.9748387,11.689202,4.375424,2.7611413
2013-04-01,marche,43.34155034344195,13.135073455941564,208.60666,71.69089,189.3818,13.223847,18.042986,8.508325,2.570547
2013-05-01,marche,43.34155034344195,13.135073455941564,485.88388,75.927536,220.84079,15.069916,19.797163,10.410997,2.6864333
2013-06-01,marche,43.34155034344195,13.135073455941564,316.39,68.549835,267.40308,19.435987,24.932219,13.999993,2.6229496
2013-07-01,marche,43.34155034344195,13.135073455941564,83.45807,64.17634,278.98895,22.939281,28.680473,17.233284,2.507106
2013-08-01,marche,43.34155034344195,13.135073455941564,143.35808,61.07897,244.4295,23.151596,29.08403,17.31877,2.4397595
2013-09-01,marche,43.34155034344195,13.135073455941564,217.61,69.502754,179.44104,19.226978,24.68977,13.865971,2.2499309
2013-10-01,marche,43.34155034344195,13.135073455941564,324.39355,82.73228,103.68608,15.490828,19.39873,11.698808,2.0843334
2013-11-01,marche,43.34155034344195,13.135073455941564,1059.1766,83.07588,60.636726,10.039416,12.99483,7.155923,2.8633268
2013-12-01,marche,43.34155034344195,13.135073455941564,236.28064,77.29624,56.148148,6.879316,10.867188,3.1673834,2.069513
2014-01-01,marche,43.34155034344195,13.135073455941564,286.10645,83.78378,42.342293,7.283817,10.572924,4.0539875,2.647684
2014-02-01,marche,43.34155034344195,13.135073455941564,331.8143,78.27633,83.06745,8.888783,12.5391,5.344286,3.0660746
2014-03-01,marche,43.34155034344195,13.135073455941564,404.14194,70.05204,146.80019,9.779389,14.166105,5.504824,2.6762207
2014-04-01,marche,43.34155034344195,13.135073455941564,351.63998,72.954414,174.9435,12.556913,17.140783,8.055901,2.4151762
2014-05-01,marche,43.34155034344195,13.135073455941564,434.1129,66.01903,231.46205,15.424519,20.273104,10.657512,2.4212232
2014-06-01,marche,43.34155034344195,13.135073455941564,305.9867,66.11998,250.49289,20.291416,25.456408,15.180284,2.5956507
2014-07-01,marche,43.34155034344195,13.135073455941564,385.21292,72.08827,233.40652,21.301342,26.3167,16.374268,2.6411777
2014-08-01,marche,43.34155034344195,13.135073455941564,131.2742,65.70567,230.35812,21.935728,27.318796,16.685411,2.4176326
2014-09-01,marche,43.34155034344195,13.135073455941564,360.87335,78.24067,151.55217,17.713081,22.230967,13.30924,2.137151
2014-10-01,marche,43.34155034344195,13.135073455941564,196.59355,76.53026,114.55018,15.660242,19.73523,11.738599,2.275073
2014-11-01,marche,43.34155034344195,13.135073455941564,336.77335,81.56431,62.19074,12.165265,15.723138,8.752382,2.0702045
2014-12-01,marche,43.34155034344195,13.135073455941564,260.1226,81.74395,49.710575,7.1638703,10.354677,4.373202,2.150721
2015-01-01,marche,43.34155034344195,13.135073455941564,241.6129,72.828766,61.830048,6.942936,10.624724,3.3001463,3.0084205
2015-02-01,marche,43.34155034344195,13.135073455941564,514.1964,77.06572,83.37401,5.8653536,8.97871,2.6301057,2.5918598
2015-03-01,marche,43.34155034344195,13.135073455941564,515.14197,72.761314,141.31332,8.852966,12.64049,5.1293607,2.532328
2015-04-01,marche,43.34155034344195,13.135073455941564,254.90002,62.499878,214.84198,12.610512,17.367237,7.9307404,2.3802705
2015-05-01,marche,43.34155034344195,13.135073455941564,416.59033,65.815285,228.96686,18.031849,22.810442,13.404811,2.3681252
2015-06-01,marche,43.34155034344195,13.135073455941564,228.46667,63.038105,269.69104,20.964705,26.255367,15.707222,2.4145846
2015-07-01,marche,43.34155034344195,13.135073455941564,18.56129,55.959446,293.66217,26.509293,31.968534,21.140186,2.5362659
2015-08-01,marche,43.34155034344195,13.135073455941564,192.01291,65.88007,237.79837,23.66569,28.83383,18.555923,2.079303
2015-09-01,marche,43.34155034344195,13.135073455941564,223.98334,65.04659,171.26544,19.421303,23.795256,15.128798,2.3332515
2015-10-01,marche,43.34155034344195,13.135073455941564,599.25806,80.85505,93.79181,14.163572,17.535704,10.948341,2.0267315
2015-11-01,marche,43.34155034344195,13.135073455941564,207.46667,78.87928,82.56729,10.952037,15.050592,7.0225525,1.7521383
2015-12-01,marche,43.34155034344195,13.135073455941564,0.9677419,83.79308,59.63889,7.9367743,11.943101,4.2123084,1.6007637
2016-01-01,marche,43.34155034344195,13.135073455941564,218.41614,75.88935,59.422047,6.4803314,9.897625,3.1565351,2.740645
2016-02-01,marche,43.34155034344195,13.135073455941564,370.3931,76.20609,73.151024,8.815951,12.354419,5.33302,3.1821208
2016-03-01,marche,43.34155034344195,13.135073455941564,447.55807,75.61691,120.4325,8.679086,12.195977,5.215155,2.750265
2016-04-01,marche,43.34155034344195,13.135073455941564,277.18,69.290535,182.63393,13.615318,18.17899,9.13329,2.5755472
2016-05-01,marche,43.34155034344195,13.135073455941564,351.19034,71.35096,218.01613,15.608964,20.288755,11.001911,2.4802742
2016-06-01,marche,43.34155034344195,13.135073455941564,399.30667,71.55507,229.49721,20.146435,24.95518,15.42818,2.499714
2016-07-01,marche,43.34155034344195,13.135073455941564,260.25482,61.696507,258.71,23.742224,29.08458,18.450016,2.3703256
2016-08-01,marche,43.34155034344195,13.135073455941564,157.22903,61.51808,237.87962,21.868086,27.152054,16.645935,2.491266
2016-09-01,marche,43.34155034344195,13.135073455941564,231.79668,71.741455,155.4929,19.21853,24.177345,14.342938,2.2869778
2016-10-01,marche,43.34155034344195,13.135073455941564,390.46454,79.81703,96.135605,13.529271,17.358725,9.770399,2.2374985
2016-11-01,marche,43.34155034344195,13.135073455941564,278.91998,79.96154,62.413578,10.338352,14.103585,6.636287,2.4079592
2016-12-01,marche,43.34155034344195,13.135073455941564,11.064516,74.59539,58.459675,6.3240595,10.347425,2.3402479,1.9509708
2017-01-01,marche,43.34155034344195,13.135073455941564,334.30646,68.10046,61.513138,2.0573657,5.341347,-1.2062635,2.9730766
2017-02-01,marche,43.34155034344195,13.135073455941564,423.12143,76.953125,83.93981,7.58952,11.154418,4.1039615,3.045185
2017-03-01,marche,43.34155034344195,13.135073455941564,223.19356,61.950882,158.90533,10.579253,15.723635,5.5149436,3.1278331
2017-04-01,marche,43.34155034344195,13.135073455941564,256.90668,65.85123,198.46727,12.358312,17.624918,7.157123,2.9459717
2017-05-01,marche,43.34155034344195,13.135073455941564,226.5,68.06425,244.62962,16.427607,21.70413,11.218368,2.6706026
2017-06-01,marche,43.34155034344195,13.135073455941564,90.63667,56.905346,277.22592,22.568592,28.363708,16.842146,2.7997954
2017-07-01,marche,43.34155034344195,13.135073455941564,62.03226,51.599712,271.31003,24.010557,29.952261,18.144716,2.7515457
2017-08-01,marche,43.34155034344195,13.135073455941564,16.758064,47.111004,240.84198,25.29038,31.755411,18.902102,2.56874
2017-09-01,marche,43.34155034344195,13.135073455941564,521.43,71.53655,143.91048,17.53591,22.360891,12.78332,2.9472485
2017-10-01,marche,43.34155034344195,13.135073455941564,125.767746,70.96849,118.973724,14.586696,19.87865,9.372578,2.709726
2017-11-01,marche,43.34155034344195,13.135073455941564,602.30005,81.11044,59.01142,9.238585,13.138768,5.401935,2.7175784
2017-12-01,marche,43.34155034344195,13.135073455941564,370.48386,76.56418,50.255978,5.8001494,9.694002,1.96819,2.4578547
2018-01-01,marche,43.34155034344195,13.135073455941564,101.28065,78.58965,60.12814,7.368838,11.31614,3.490669,2.2776048
2018-02-01,marche,43.34155034344195,13.135073455941564,606.9321,79.98682,64.00033,3.097801,6.289385,-0.044871047,2.801415
2018-03-01,marche,43.34155034344195,13.135073455941564,551.1226,77.01622,107.93907,7.340633,11.085576,3.6521266,2.9957395
2018-04-01,marche,43.34155034344195,13.135073455941564,129.55334,67.22051,204.37253,14.476886,19.58999,9.445309,2.376258
2018-05-01,marche,43.34155034344195,13.135073455941564,442.62262,79.093025,210.52449,17.183653,21.676561,12.7720995,2.0961258
2018-06-01,marche,43.34155034344195,13.135073455941564,247.31335,67.794174,247.71634,20.190233,25.261345,15.1821375,2.4185786
2018-07-01,marche,43.34155034344195,13.135073455941564,129.72902,62.63016,265.586,23.610483,29.176863,18.13205,2.485761
2018-08-01,marche,43.34155034344195,13.135073455941564,117.07742,67.01371,229.41576,23.715408,29.367409,18.174028,2.2171364
2018-09-01,marche,43.34155034344195,13.135073455941564,212.84334,70.218735,183.604,19.611767,24.919445,14.450849,2.087676
2018-10-01,marche,43.34155034344195,13.135073455941564,276.77097,77.61886,113.40711,15.030146,19.300497,10.850785,2.4260013
2018-11-01,marche,43.34155034344195,13.135073455941564,250.28668,83.41436,59.953705,10.306574,13.560712,7.138272,2.2148175
2018-12-01,marche,43.34155034344195,13.135073455941564,228.51936,80.30185,54.148746,5.932834,9.874346,2.0584319,2.2051857
2019-01-01,marche,43.34155034344195,13.135073455941564,281.49033,75.39355,62.497314,3.5039337,6.87945,0.19735663,2.8370817
2019-02-01,marche,43.34155034344195,13.135073455941564,107.950005,63.587402,111.93981,7.0884786,11.788825,2.4648442,2.8986015
2019-03-01,marche,43.34155034344195,13.135073455941564,113.37742,60.022118,163.72012,10.356869,15.392733,5.410245,3.1798327
2019-04-01,marche,43.34155034344195,13.135073455941564,304.54333,69.63472,171.3031,11.919475,16.533878,7.3782864,2.9492044
2019-05-01,marche,43.34155034344195,13.135073455941564,736.8323,78.523674,183.8181,13.3900585,17.265343,9.602894,2.7248387
2019-06-01,marche,43.34155034344195,13.135073455941564,16.433334,68.18459,268.3599,23.046593,28.659014,17.499586,2.7767766
2019-07-01,marche,43.34155034344195,13.135073455941564,308.21936,67.28319,260.15234,23.913496,29.433224,18.47348,2.7093608
2019-08-01,marche,43.34155034344195,13.135073455941564,104.05807,69.3622,238.93906,24.428232,30.105864,18.844711,2.3053834
2019-09-01,marche,43.34155034344195,13.135073455941564,300.76,75.401924,179.61667,19.356594,24.364225,14.433556,2.3950315
2019-10-01,marche,43.34155034344195,13.135073455941564,177.77097,80.688225,120.53167,16.058813,20.774626,11.455753,2.1456296
2019-11-01,marche,43.34155034344195,13.135073455941564,525.74664,86.7004,53.639194,11.417509,14.6907,8.206388,2.9701006
2019-12-01,marche,43.34155034344195,13.135073455941564,268.5742,81.038414,56.44922,7.6202507,11.483485,3.777336,2.6554413
2020-01-01,marche,43.34155034344195,13.135073455941564,54.390327,76.22462,73.37873,6.3732047,10.57879,2.258826,2.307468
2020-02-01,marche,43.34155034344195,13.135073455941564,84.52414,70.78009,112.852165,9.296386,14.23267,4.391839,3.1971111
2020-03-01,marche,43.34155034344195,13.135073455941564,393.57742,75.174034,141.65085,8.349062,12.616813,4.134331,2.8583748
2020-04-01,marche,43.34155034344195,13.135073455941564,233.67334,65.64885,230.20215,12.389219,17.61099,7.244034,2.6029842
2020-05-01,marche,43.34155034344195,13.135073455941564,260.40323,62.954266,236.53795,16.519663,21.417599,11.697118,2.5882804
2020-06-01,marche,43.34155034344195,13.135073455941564,260.97333,67.4005,269.50897,19.782322,24.794975,14.854345,2.504547
2020-07-01,marche,43.34155034344195,13.135073455941564,124.63548,60.0545,271.34918,22.828484,28.570805,17.160433,2.4761474
2020-08-01,marche,43.34155034344195,13.135073455941564,202.23549,61.251694,234.71535,24.209372,29.734215,18.773735,2.3349056
2020-09-01,marche,43.34155034344195,13.135073455941564,313.21335,70.33379,173.39505,19.660942,24.912342,14.504675,2.1776195
2020-10-01,marche,43.34155034344195,13.135073455941564,282.81613,78.77261,117.89666,13.892371,18.419151,9.446031,2.3627813
2020-11-01,marche,43.34155034344195,13.135073455941564,260.67334,81.039505,72.85617,10.155846,13.78064,6.603089,1.922327
2020-12-01,marche,43.34155034344195,13.135073455941564,490.74838,82.95839,50.29002,6.8754478,10.274815,3.5444562,2.3365521
2021-01-01,marche,43.34155034344195,13.135073455941564,327.61935,79.581635,53.605736,4.614692,8.024859,1.2468787,2.7137492
2021-02-01,marche,43.34155034344195,13.135073455941564,153.00714,77.099884,105.91204,7.8746195,12.248544,3.5429332,2.5403402
2021-03-01,marche,43.34155034344195,13.135073455941564,125.15484,65.715004,174.25539,7.4656596,12.4852295,2.4983962,2.433159
2021-04-01,marche,43.34155034344195,13.135073455941564,178.40334,70.233086,205.9247,9.79834,14.727833,4.9460673,2.5386698
2021-05-01,marche,43.34155034344195,13.135073455941564,91.145164,65.633804,233.9534,15.720113,21.02397,10.476416,2.799884
2021-06-01,marche,43.34155034344195,13.135073455941564,64.30333,61.44995,286.04135,22.346937,28.27194,16.489826,2.3589244
2021-07-01,marche,43.34155034344195,13.135073455941564,157.02904,57.371094,260.5418,24.607115,30.244473,19.02593,2.6916158
2021-08-01,marche,43.34155034344195,13.135073455941564,174.38065,57.021828,252.75836,23.701277,29.617477,17.854673,2.3855813
2021-09-01,marche,43.34155034344195,13.135073455941564,113.13667,67.21788,201.32594,19.743107,25.247831,14.325524,2.0215375
2021-10-01,marche,43.34155034344195,13.135073455941564,468.18387,76.30877,114.06811,12.763844,16.731758,8.857404,2.0879366
2021-11-01,marche,43.34155034344195,13.135073455941564,590.0267,85.32154,64.67315,10.105913,12.758886,7.5130982,2.082783
2021-12-01,marche,43.34155034344195,13.135073455941564,417.17743,81.43803,55.326164,6.3328195,10.011497,2.722261,2.2134662
2022-01-01,marche,43.34155034344195,13.135073455941564,125.67097,77.10261,67.91069,4.4976673,9.11144,0.35158297,2.3996224
2022-02-01,marche,43.34155034344195,13.135073455941564,123.564285,71.0527,109.93816,6.8557506,11.542411,2.50829,2.6289322
2022-03-01,marche,43.34155034344195,13.135073455941564,103.183876,61.526592,174.34021,6.8569117,12.005928,2.2388473,2.1798112
2022-04-01,marche,43.34155034344195,13.135073455941564,239.09668,66.973595,208.39073,11.102123,16.276453,6.002117,2.542918
2022-05-01,marche,43.34155034344195,13.135073455941564,75.896774,67.332344,218.29808,18.386995,23.817717,13.097798,2.0518167
2022-06-01,marche,43.34155034344195,13.135073455941564,142.01001,57.671356,246.81328,23.805273,29.583267,17.97238,2.488176
2022-07-01,marche,43.34155034344195,13.135073455941564,44.012905,54.124325,255.54391,25.45302,31.5202,19.398205,2.4346163
2022-08-01,marche,43.34155034344195,13.135073455941564,164.76129,64.81001,208.16487,23.513111,29.20035,18.417015,2.2045283
2022-09-01,marche,43.34155034344195,13.135073455941564,369.33667,71.88258,157.34167,18.709972,23.891869,14.289062,2.375003
2022-10-01,marche,43.34155034344195,13.135073455941564,78.851616,77.23548,125.8172,16.638638,22.006374,12.620196,1.8850213
2022-11-01,marche,43.34155034344195,13.135073455941564,551.11334,82.47763,70.44938,10.378308,14.250396,6.87812,2.1111572
2022-12-01,marche,43.34155034344195,13.135073455941564,399.48712,89.21374,47.67861,7.749351,11.267057,4.876064,1.7871273
2023-01-01,marche,43.34155034344195,13.135073455941564,582.52905,83.45421,58.38142,5.7532496,9.485668,2.5898209,2.3072672
2023-02-01,marche,43.34155034344195,13.135073455941564,207.8643,71.62907,103.78042,5.9252615,10.649622,1.8054067,2.5197034
2023-03-01,marche,43.34155034344195,13.135073455941564,219.38388,72.55214,142.95909,10.108984,14.946334,5.6282496,2.745779
2023-04-01,marche,43.34155034344195,13.135073455941564,190.35333,72.1538,178.14198,10.705713,15.544994,6.2988915,2.743827
2023-05-01,marche,43.34155034344195,13.135073455941564,583.81934,79.48848,178.46149,15.973341,20.419558,11.950722,2.1148448
2023-06-01,marche,43.34155034344195,13.135073455941564,286.55667,70.82569,245.97067,21.376867,26.794296,16.234238,2.1760314
2023-07-01,marche,43.34155034344195,13.135073455941564,64.451614,62.332783,262.4071,25.788109,31.583223,20.203897,2.7732959
2023-08-01,marche,43.34155034344195,13.135073455941564,221.4387,61.21983,218.63202,24.046568,29.8878,18.646889,2.3595953
2023-09-01,marche,43.34155034344195,13.135073455941564,135.73999,68.23573,163.33087,20.870213,26.096935,16.441973,2.2580535
2023-10-01,marche,43.34155034344195,13.135073455941564,192.16774,69.21183,106.681,18.330154,23.362246,13.895806,2.7020178
2023-11-01,marche,43.34155034344195,13.135073455941564,502.71002,77.06957,67.785805,10.722064,14.673198,6.939617,2.900676
2023-12-01,marche,43.34155034344195,13.135073455941564,129.54839,81.23634,58.272102,8.961801,12.234814,5.5797668,2.2091782
2024-01-01,marche,43.34155034344195,13.135073455941564,222.70323,76.84277,66.51703,7.451556,10.734071,4.5331182,2.3128178
2024-02-01,marche,43.34155034344195,13.135073455941564,193.13104,75.095955,87.82662,9.844757,13.250836,6.7925763,2.5955627
2024-03-01,marche,43.34155034344195,13.135073455941564,362.5645,76.11646,123.376945,11.481201,15.126678,8.210463,2.5346713
2024-04-01,marche,43.34155034344195,13.135073455941564,185.93,68.93916,181.23271,13.690749,18.130337,9.810761,2.4111068
2024-05-01,marche,43.34155034344195,13.135073455941564,168.05162,72.04695,153.62903,16.705593,20.757149,12.907619,2.2348964
2024-06-01,marche,43.34155034344195,13.135073455941564,71.14667,63.260643,223.29506,22.16403,27.004116,17.77029,2.5643425
2024-07-01,marche,43.34155034344195,13.135073455941564,32.812904,56.81006,245.79929,26.03145,30.966291,21.423204,2.2568989
2024-08-01,marche,43.34155034344195,13.135073455941564,123.19678,62.350445,173.3856,26.143398,30.92166,21.834839,1.8972548
2024-09-01,marche,43.34155034344195,13.135073455941564,704.98004,74.228806,148.47902,19.48032,23.578442,15.925987,2.3268175
2024-10-01,marche,43.34155034344195,13.135073455941564,574.83545,85.73197,97.52718,16.577658,19.74943,13.848592,2.1579154
2024-11-01,marche,43.34155034344195,13.135073455941564,167.83,78.745995,74.70247,10.508537,13.714126,7.2893577,2.0841477
2024-12-01,marche,43.34155034344195,13.135073455941564,411.7,73.752495,61.89277,7.0293365,9.669567,4.2686257,2.1084297
2000-01-01,lazio,41.975829635705495,12.757455839532437,147.24193,79.83113,82.64886,5.2816725,9.1884575,1.3660215,1.880163
2000-02-01,lazio,41.975829635705495,12.757455839532437,142.14827,79.304665,114.833244,7.6498303,12.248197,2.988027,1.8931032
2000-03-01,lazio,41.975829635705495,12.757455839532437,582.9354,80.61143,153.2332,9.552704,13.603118,5.3411827,2.174646
2000-04-01,lazio,41.975829635705495,12.757455839532437,506.5767,81.928024,187.14319,13.262761,17.152945,8.876339,2.390837
2000-05-01,lazio,41.975829635705495,12.757455839532437,149.96129,78.7408,247.01569,18.377382,23.291016,13.009231,1.8005135
2000-06-01,lazio,41.975829635705495,12.757455839532437,89.41,71.424545,278.1649,21.32609,27.098434,15.279309,2.3141284
2000-07-01,lazio,41.975829635705495,12.757455839532437,191.67096,67.397644,278.1299,22.267996,27.873613,16.195873,2.791441
2000-08-01,lazio,41.975829635705495,12.757455839532437,76.68387,69.50026,257.70245,24.574118,31.1576,17.886074,2.0898352
2000-09-01,lazio,41.975829635705495,12.757455839532437,287.79333,75.361626,188.54572,20.15441,25.266733,14.521487,2.2961738
2000-10-01,lazio,41.975829635705495,12.757455839532437,848.02905,87.684296,108.04353,16.427305,20.04683,11.792963,1.8116988
2000-11-01,lazio,41.975829635705495,12.757455839532437,1100.6865,87.65312,73.04007,12.487593,15.365167,8.336169,2.5278857
2000-12-01,lazio,41.975829635705495,12.757455839532437,656.5097,87.08019,58.754803,9.719749,12.988522,5.0634513,2.016462
2001-01-01,lazio,41.975829635705495,12.757455839532437,747.729,87.82508,57.184383,8.632363,11.441703,5.635464,2.4233782
2001-02-01,lazio,41.975829635705495,12.757455839532437,351.06427,81.32464,110.69282,7.9300623,11.807155,4.0091686,2.8386433
2001-03-01,lazio,41.975829635705495,12.757455839532437,508.49356,86.546936,135.7964,12.537541,16.211084,8.698678,3.2412586
2001-04-01,lazio,41.975829635705495,12.757455839532437,560.83997,81.29885,201.20038,11.456917,15.867906,6.873863,2.8121176
2001-05-01,lazio,41.975829635705495,12.757455839532437,347.09033,80.45141,229.01799,18.110483,23.085674,13.028756,2.5299122
2001-06-01,lazio,41.975829635705495,12.757455839532437,91.42,66.14896,276.79547,20.322739,26.183582,14.884391,3.2619002
2001-07-01,lazio,41.975829635705495,12.757455839532437,45.72258,67.344536,278.7393,23.232985,29.063124,17.621555,3.0548105
2001-08-01,lazio,41.975829635705495,12.757455839532437,26.348389,68.922134,261.86005,24.556576,30.694408,18.725143,2.6642601
2001-09-01,lazio,41.975829635705495,12.757455839532437,313.72668,76.53159,181.90509,18.01043,22.918016,13.079817,2.8343658
2001-10-01,lazio,41.975829635705495,12.757455839532437,129.70969,82.37478,138.0876,18.370771,23.353062,13.4187975,1.9730294
2001-11-01,lazio,41.975829635705495,12.757455839532437,619.5133,79.09495,77.4765,11.267795,15.025423,7.1840873,2.6175885
2001-12-01,lazio,41.975829635705495,12.757455839532437,181.07742,74.24251,67.22652,5.5960054,8.860687,1.9702872,2.8900313
2002-01-01,lazio,41.975829635705495,12.757455839532437,185.73227,78.27141,80.21947,5.6433277,9.843714,1.0969205,2.1457467
2002-02-01,lazio,41.975829635705495,12.757455839532437,396.45355,85.555016,101.051125,9.445773,13.449,5.2200365,2.4720902
2002-03-01,lazio,41.975829635705495,12.757455839532437,70.42903,75.18935,159.99313,11.492452,16.466167,6.3691506,2.7214446
2002-04-01,lazio,41.975829635705495,12.757455839532437,340.17334,80.21134,180.53279,12.716114,17.370758,7.980701,2.6852174
2002-05-01,lazio,41.975829635705495,12.757455839532437,527.56775,80.37534,230.65698,17.054132,21.820324,12.010187,2.492621
2002-06-01,lazio,41.975829635705495,12.757455839532437,146.07,72.487175,272.5519,22.340708,27.850084,17.048462,2.487346
2002-07-01,lazio,41.975829635705495,12.757455839532437,390.7,76.124275,256.3908,22.78113,27.828691,17.625422,2.5430558
2002-08-01,lazio,41.975829635705495,12.757455839532437,735.7484,82.49044,231.89494,22.104197,26.73629,17.329855,2.2357485
2002-09-01,lazio,41.975829635705495,12.757455839532437,600.75336,83.12879,162.20729,18.528181,22.76584,13.867121,1.9859908
2002-10-01,lazio,41.975829635705495,12.757455839532437,385.37744,86.16335,127.35378,15.773942,19.928886,10.957364,2.0448687
2002-11-01,lazio,41.975829635705495,12.757455839532437,607.24,85.73379,69.11148,13.620347,16.408878,10.319803,2.6401937
2002-12-01,lazio,41.975829635705495,12.757455839532437,587.60004,87.90658,47.38146,8.972919,11.44867,6.011049,1.9038918
2003-01-01,lazio,41.975829635705495,12.757455839532437,723.14197,78.923294,68.34761,7.5036116,10.457331,3.8627286,2.5150542
2003-02-01,lazio,41.975829635705495,12.757455839532437,141.64644,66.368324,116.46917,4.601487,8.975438,-0.52148515,2.5077329
2003-03-01,lazio,41.975829635705495,12.757455839532437,158.95483,69.17814,180.29948,9.728358,14.7767105,4.323439,2.3775067
2003-04-01,lazio,41.975829635705495,12.757455839532437,265.55,68.89181,207.89362,12.551563,17.417519,7.2015376,2.947067
2003-05-01,lazio,41.975829635705495,12.757455839532437,93.841934,65.049126,253.06752,19.301563,25.20412,13.545618,2.3607643
2003-06-01,lazio,41.975829635705495,12.757455839532437,125.01,62.38323,290.0778,24.213772,30.489893,18.335358,2.221096
2003-07-01,lazio,41.975829635705495,12.757455839532437,46.445164,60.841103,290.54028,25.16522,31.24286,19.362211,2.5919373
2003-08-01,lazio,41.975829635705495,12.757455839532437,101.270966,59.411415,254.80345,26.375784,32.772358,20.405577,2.37527
2003-09-01,lazio,41.975829635705495,12.757455839532437,410.27335,71.378395,184.77339,19.776272,24.84001,14.6032915,2.1484673
2003-10-01,lazio,41.975829635705495,12.757455839532437,704.7871,79.960075,113.07492,15.20499,18.951899,10.980164,2.4894705
2003-11-01,lazio,41.975829635705495,12.757455839532437,597.12,87.59694,74.8827,12.802567,16.04354,8.830332,1.9399837
2003-12-01,lazio,41.975829635705495,12.757455839532437,333.03873,77.74688,61.236206,8.002178,11.070211,4.2402945,2.289637
2004-01-01,lazio,41.975829635705495,12.757455839532437,550.78394,72.245224,67.80875,5.2847505,9.549757,1.4122757,2.2499456
2004-02-01,lazio,41.975829635705495,12.757455839532437,909.9448,75.9218,90.03712,7.3705783,12.021317,3.3354492,2.2533545
2004-03-01,lazio,41.975829635705495,12.757455839532437,579.6226,73.91478,137.69963,8.42101,13.510365,3.9341195,2.1563041
2004-04-01,lazio,41.975829635705495,12.757455839532437,860.72,80.77845,164.0796,11.69338,16.682772,7.51171,2.3210235
2004-05-01,lazio,41.975829635705495,12.757455839532437,678.9258,72.75267,230.90164,14.287467,20.499392,8.860934,2.5627837
2004-06-01,lazio,41.975829635705495,12.757455839532437,215.73668,68.46146,262.16977,20.11791,26.765425,14.03803,2.413051
2004-07-01,lazio,41.975829635705495,12.757455839532437,175.35806,57.71224,288.32645,22.971624,30.617449,15.969047,2.3413305
2004-08-01,lazio,41.975829635705495,12.757455839532437,122.19678,65.54784,253.18103,23.006275,30.178404,16.724796,2.2892988
2004-09-01,lazio,41.975829635705495,12.757455839532437,297.06335,68.44537,186.9337,19.483294,26.322762,13.854834,2.1628678
2004-10-01,lazio,41.975829635705495,12.757455839532437,619.36774,82.095085,113.211174,16.869705,22.378702,12.591903,1.9895355
2004-11-01,lazio,41.975829635705495,12.757455839532437,777.67334,77.26951,73.62678,10.65972,15.312563,6.6970086,2.046078
2004-12-01,lazio,41.975829635705495,12.757455839532437,1355.1064,76.51978,57.350784,8.92538,12.847603,5.5987062,2.127854
2005-01-01,lazio,41.975829635705495,12.757455839532437,344.13873,69.86349,76.61537,5.492492,10.242938,0.70446676,1.9558119
2005-02-01,lazio,41.975829635705495,12.757455839532437,557.34644,66.67148,100.11164,4.3927264,9.064921,-0.33725017,2.5987906
2005-03-01,lazio,41.975829635705495,12.757455839532437,586.21936,71.67675,152.41618,9.051355,14.560113,3.4586549,2.169227
2005-04-01,lazio,41.975829635705495,12.757455839532437,688.70667,72.03625,197.15245,11.6810665,17.17941,6.214834,2.600183
2005-05-01,lazio,41.975829635705495,12.757455839532437,163.14194,67.19263,252.55226,17.97098,24.352869,11.625006,2.5183764
2005-06-01,lazio,41.975829635705495,12.757455839532437,250.98332,63.925556,270.45245,21.237085,27.992435,14.49118,2.4266431
2005-07-01,lazio,41.975829635705495,12.757455839532437,22.532257,56.765224,281.38922,23.611052,30.764526,16.516697,2.739821
2005-08-01,lazio,41.975829635705495,12.757455839532437,342.1032,67.82925,227.52301,21.696238,28.043652,15.41894,2.3677804
2005-09-01,lazio,41.975829635705495,12.757455839532437,735.5233,77.01634,176.73988,19.715271,25.37549,14.123581,1.9208152
2005-10-01,lazio,41.975829635705495,12.757455839532437,882.9419,81.15571,112.38445,15.354891,20.467236,10.288364,1.7045355
2005-11-01,lazio,41.975829635705495,12.757455839532437,1368.0867,80.51946,74.49891,10.424508,14.812624,6.0635934,2.20748
2005-12-01,lazio,41.975829635705495,12.757455839532437,1163.3225,79.11954,55.736298,5.865723,9.858271,1.8605024,2.3361325
2006-01-01,lazio,41.975829635705495,12.757455839532437,461.24518,71.701805,73.32839,5.299106,9.659009,0.9733069,2.1384993
2006-02-01,lazio,41.975829635705495,12.757455839532437,667.9857,72.1015,103.575325,6.6643095,11.391375,2.1269808,2.3058655
2006-03-01,lazio,41.975829635705495,12.757455839532437,491.91937,74.724106,127.55228,8.515777,13.315784,3.9394147,2.8048773
2006-04-01,lazio,41.975829635705495,12.757455839532437,361.37,72.3132,188.0073,13.385874,19.366795,7.7244534,2.3919418
2006-05-01,lazio,41.975829635705495,12.757455839532437,124.90645,66.51303,259.75058,17.058952,23.907019,10.497369,2.5214374
2006-06-01,lazio,41.975829635705495,12.757455839532437,158.9,58.416065,257.7038,20.426777,27.746716,13.450661,2.5336158
2006-07-01,lazio,41.975829635705495,12.757455839532437,282.3129,61.150944,277.52426,24.874208,32.17874,17.816889,2.4244514
2006-08-01,lazio,41.975829635705495,12.757455839532437,227.1871,67.44952,230.47083,22.069183,28.470669,15.958115,2.5938761
2006-09-01,lazio,41.975829635705495,12.757455839532437,994.45,70.86718,181.76176,20.5809,26.887629,14.577653,1.864931
2006-10-01,lazio,41.975829635705495,12.757455839532437,136.62581,74.68772,132.47029,17.338768,23.342451,11.618703,1.7925348
2006-11-01,lazio,41.975829635705495,12.757455839532437,378.01666,78.83685,87.37431,11.503371,17.096003,6.1010437,1.7502644
2006-12-01,lazio,41.975829635705495,12.757455839532437,258.73227,77.33622,65.938835,9.316291,13.998243,4.773901,1.7167163
2007-01-01,lazio,41.975829635705495,12.757455839532437,389.56454,81.37417,73.79799,8.586373,13.192464,4.0261645,2.0567358
2007-02-01,lazio,41.975829635705495,12.757455839532437,852.1214,77.86495,96.50058,9.103239,13.706352,4.5055656,2.2101862
2007-03-01,lazio,41.975829635705495,12.757455839532437,483.35486,75.545044,129.38992,10.543114,15.627295,5.476952,2.6768303
2007-04-01,lazio,41.975829635705495,12.757455839532437,178.87001,70.101395,220.29106,15.098576,21.605003,8.602629,2.0057354
2007-05-01,lazio,41.975829635705495,12.757455839532437,483.74835,73.93108,250.92192,17.387426,23.548018,11.235764,2.3961587
2007-06-01,lazio,41.975829635705495,12.757455839532437,154.74667,69.81109,255.32278,21.283672,27.842525,14.7776575,2.3825724
2007-07-01,lazio,41.975829635705495,12.757455839532437,0.31935483,54.076065,301.04037,23.980396,31.759197,16.2349,2.6756294
2007-08-01,lazio,41.975829635705495,12.757455839532437,54.17742,60.277634,243.95538,23.831562,30.855333,16.893429,2.7619197
2007-09-01,lazio,41.975829635705495,12.757455839532437,200.06332,66.26779,189.9042,19.078154,25.649548,12.584493,2.4522212
2007-10-01,lazio,41.975829635705495,12.757455839532437,314.87097,71.84941,123.6545,15.6398115,21.27627,10.087308,2.2226946
2007-11-01,lazio,41.975829635705495,12.757455839532437,312.13333,73.86694,79.79435,9.818023,14.712677,5.029936,2.1215036
2007-12-01,lazio,41.975829635705495,12.757455839532437,276.31293,73.10464,67.6746,6.6056304,11.20482,2.0387504,2.252414
2008-01-01,lazio,41.975829635705495,12.757455839532437,668.1936,77.74811,66.49797,7.6329417,12.2106495,3.751373,2.0385468
2008-02-01,lazio,41.975829635705495,12.757455839532437,327.8276,71.72723,113.36913,7.22345,12.9927635,2.3983645,2.1785905
2008-03-01,lazio,41.975829635705495,12.757455839532437,964.2065,82.19688,134.71567,9.002415,14.055344,4.7029243,2.6656258
2008-04-01,lazio,41.975829635705495,12.757455839532437,523.22,73.264175,192.5716,12.243521,17.876707,7.293453,3.0496502
2008-05-01,lazio,41.975829635705495,12.757455839532437,716.99036,71.00865,231.19019,16.954163,23.328323,11.254437,2.320943
2008-06-01,lazio,41.975829635705495,12.757455839532437,357.29333,72.81957,252.50273,20.815477,27.263922,15.117535,2.1252337
2008-07-01,lazio,41.975829635705495,12.757455839532437,126.948395,64.647415,285.0869,23.222063,30.5618,16.543303,2.540896
2008-08-01,lazio,41.975829635705495,12.757455839532437,19.603226,60.76398,262.28186,23.95614,31.88737,16.91867,2.2039726
2008-09-01,lazio,41.975829635705495,12.757455839532437,298.43,66.94898,176.46684,18.732162,25.738825,13.039124,2.2399476
2008-10-01,lazio,41.975829635705495,12.757455839532437,635.6516,80.26102,127.92861,15.946935,22.09791,11.004229,1.8879259
2008-11-01,lazio,41.975829635705495,12.757455839532437,1110.1333,82.50947,74.89071,10.972595,15.909013,6.9204464,2.144422
2008-12-01,lazio,41.975829635705495,12.757455839532437,1730.4033,81.46538,57.99136,6.7893987,11.375261,3.3630598,2.364723
2009-01-01,lazio,41.975829635705495,12.757455839532437,841.2387,83.501976,60.56989,6.3196087,10.435795,3.0449796,2.2626016
2009-02-01,lazio,41.975829635705495,12.757455839532437,541.1643,72.27763,107.85285,5.5378337,10.772025,1.3857377,2.8992429
2009-03-01,lazio,41.975829635705495,12.757455839532437,626.2969,71.093796,148.32611,9.122666,14.634688,4.462207,3.2382398
2009-04-01,lazio,41.975829635705495,12.757455839532437,576.9034,74.60998,177.408,12.938459,19.064634,7.8761525,2.583882
2009-05-01,lazio,41.975829635705495,12.757455839532437,210.14839,64.06632,263.85742,18.546053,25.987478,11.857776,2.3637044
2009-06-01,lazio,41.975829635705495,12.757455839532437,591.1767,71.626625,259.52493,20.045937,26.536373,14.212918,2.888594
2009-07-01,lazio,41.975829635705495,12.757455839532437,125.12258,64.990585,288.11865,23.44595,30.736622,16.728523,2.4180102
2009-08-01,lazio,41.975829635705495,12.757455839532437,53.516132,63.030464,265.7918,24.7136,32.585915,18.151861,2.247349
2009-09-01,lazio,41.975829635705495,12.757455839532437,515.36334,71.66879,181.09853,20.156858,26.951105,15.224121,2.2316358
2009-10-01,lazio,41.975829635705495,12.757455839532437,461.01935,76.684875,127.932846,14.092998,20.658964,9.1851,2.1536448
2009-11-01,lazio,41.975829635705495,12.757455839532437,850.67334,84.34789,77.73807,10.953219,16.715107,6.548674,2.0333767
2009-12-01,lazio,41.975829635705495,12.757455839532437,1152.4935,83.50667,57.03666,7.4075494,11.544751,3.9804318,2.5550842
2010-01-01,lazio,41.975829635705495,12.757455839532437,1022.5645,82.36256,60.384804,5.288028,9.682452,1.8417504,2.2041147
2010-02-01,lazio,41.975829635705495,12.757455839532437,1071.8893,81.640434,90.488686,6.6890316,11.185695,3.1164775,2.7418516
2010-03-01,lazio,41.975829635705495,12.757455839532437,498.51935,77.71725,142.8886,8.632207,14.351349,4.0108514,2.4771125
2010-04-01,lazio,41.975829635705495,12.757455839532437,551.7767,76.17779,203.14409,12.398277,18.72186,7.062545,2.216873
2010-05-01,lazio,41.975829635705495,12.757455839532437,831.32263,79.509186,220.10648,15.151204,21.0329,10.268957,2.5463445
2010-06-01,lazio,41.975829635705495,12.757455839532437,294.15,71.625206,269.3714,19.843931,26.666512,13.602659,2.4969094
2010-07-01,lazio,41.975829635705495,12.757455839532437,164.5871,68.12648,290.43665,24.132113,31.542105,17.714273,2.2884464
2010-08-01,lazio,41.975829635705495,12.757455839532437,75.241936,69.4974,253.2674,22.914766,30.31947,16.58835,2.215072
2010-09-01,lazio,41.975829635705495,12.757455839532437,239.97334,73.305374,185.59216,18.65338,25.559084,13.256678,2.2908294
2010-10-01,lazio,41.975829635705495,12.757455839532437,535.5322,80.692856,120.744576,14.279945,20.130793,9.797133,2.1040182
2010-11-01,lazio,41.975829635705495,12.757455839532437,2111.9734,87.56767,69.801994,10.756387,15.470031,7.113219,2.1129854
2010-12-01,lazio,41.975829635705495,12.757455839532437,874.4774,79.648224,58.246254,6.3644733,10.697888,2.696751,2.3608925
2011-01-01,lazio,41.975829635705495,12.757455839532437,363.35486,83.43272,66.01992,6.5978684,11.468267,3.0773418,1.7164867
2011-02-01,lazio,41.975829635705495,12.757455839532437,436.4143,69.7343,112.37861,6.880648,13.245509,2.1026893,2.5211546
2011-03-01,lazio,41.975829635705495,12.757455839532437,1127.687,77.25312,147.80046,8.742933,14.136922,4.435939,2.559183
2011-04-01,lazio,41.975829635705495,12.757455839532437,209.71667,68.58053,217.32896,13.654792,20.250626,8.081156,2.4338715
2011-05-01,lazio,41.975829635705495,12.757455839532437,228.80322,69.48424,268.682,16.862312,24.119688,10.592967,2.5660238
2011-06-01,lazio,41.975829635705495,12.757455839532437,233.78,72.80373,273.72476,21.01478,27.842867,15.034577,2.4443007
2011-07-01,lazio,41.975829635705495,12.757455839532437,485.7226,71.867004,283.55685,21.899761,28.669672,15.96396,2.532114
2011-08-01,lazio,41.975829635705495,12.757455839532437,10.97742,63.559864,275.50803,24.079576,31.94568,17.312103,2.0436869
2011-09-01,lazio,41.975829635705495,12.757455839532437,182.29333,68.48197,203.55481,21.555235,29.405487,15.390582,1.9705597
2011-10-01,lazio,41.975829635705495,12.757455839532437,482.0097,71.809875,141.51842,15.019678,21.856318,9.617963,2.2199752
2011-11-01,lazio,41.975829635705495,12.757455839532437,275.34668,80.26286,89.45738,10.668952,17.42324,6.25053,1.6503532
2011-12-01,lazio,41.975829635705495,12.757455839532437,595.4807,80.01003,67.89071,7.842494,12.795265,3.9534392,2.4240148
2012-01-01,lazio,41.975829635705495,12.757455839532437,201.59355,71.44156,81.24555,5.758953,11.514746,1.2314788,2.0309887
2012-02-01,lazio,41.975829635705495,12.757455839532437,603.75525,75.84818,107.66178,3.5933673,9.193099,-0.7553796,2.4210737
2012-03-01,lazio,41.975829635705495,12.757455839532437,44.219353,64.78136,186.38077,11.306604,18.61088,5.5153146,2.411471
2012-04-01,lazio,41.975829635705495,12.757455839532437,641.54004,80.01023,196.67523,12.300688,18.028088,7.4929233,2.5659258
2012-05-01,lazio,41.975829635705495,12.757455839532437,549.81934,74.64716,248.57169,15.648024,22.3572,9.660976,2.343687
2012-06-01,lazio,41.975829635705495,12.757455839532437,38.280003,65.36085,281.35648,22.182388,29.533518,15.187292,2.50042
2012-07-01,lazio,41.975829635705495,12.757455839532437,105.32258,61.26642,288.46622,24.550802,32.41749,17.406874,2.7290866
2012-08-01,lazio,41.975829635705495,12.757455839532437,63.503227,59.264275,271.16815,25.481627,33.744854,18.452276,2.3801632
2012-09-01,lazio,41.975829635705495,12.757455839532437,818.2434,79.181435,174.6774,19.515518,25.680569,14.741371,2.4532642
2012-10-01,lazio,41.975829635705495,12.757455839532437,1068.7517,85.1947,127.01552,15.863204,22.203451,11.231515,1.8504261
2012-11-01,lazio,41.975829635705495,12.757455839532437,1072.5334,87.59689,74.48397,12.241112,17.228832,8.463878,2.1440997
2012-12-01,lazio,41.975829635705495,12.757455839532437,641.09357,81.613754,63.673187,6.077402,11.21289,1.9239786,2.3345618
2013-01-01,lazio,41.975829635705495,12.757455839532437,972.2,87.49649,63.164288,6.029002,10.990135,2.2868993,2.2571354
2013-02-01,lazio,41.975829635705495,12.757455839532437,793.5465,81.431946,96.909454,4.950451,10.5487385,0.7052205,2.46105
2013-03-01,lazio,41.975829635705495,12.757455839532437,1165.7549,82.034935,120.022736,8.943336,13.770365,5.020839,2.8209693
2013-04-01,lazio,41.975829635705495,12.757455839532437,398.88333,76.26368,200.29453,13.829249,20.033506,8.546213,2.5156903
2013-05-01,lazio,41.975829635705495,12.757455839532437,627.9613,80.811295,235.06732,15.221423,21.274588,10.160839,2.6504557
2013-06-01,lazio,41.975829635705495,12.757455839532437,280.56332,74.72463,282.3266,19.458445,26.506105,13.238712,2.4172606
2013-07-01,lazio,41.975829635705495,12.757455839532437,272.91937,71.1944,283.36615,23.006815,30.782341,16.622402,2.3061466
2013-08-01,lazio,41.975829635705495,12.757455839532437,306.68387,66.025894,258.92682,23.783905,31.588037,17.386219,2.2226543
2013-09-01,lazio,41.975829635705495,12.757455839532437,429.76666,77.22635,195.72751,19.303295,26.423582,13.773912,2.1357262
2013-10-01,lazio,41.975829635705495,12.757455839532437,547.86127,86.53096,119.37457,16.623337,22.725983,12.335433,1.8670475
2013-11-01,lazio,41.975829635705495,12.757455839532437,1286.09,87.00944,73.38325,10.654894,15.307558,7.1576247,2.6676466
2013-12-01,lazio,41.975829635705495,12.757455839532437,304.00647,83.63413,67.61519,7.529681,13.250563,3.315151,1.8534607
2014-01-01,lazio,41.975829635705495,12.757455839532437,1327.2161,88.58977,55.574825,7.7513924,11.90185,4.306265,2.5132854
2014-02-01,lazio,41.975829635705495,12.757455839532437,972.9536,83.577034,96.89246,9.337947,14.209653,5.2574844,2.6581967
2014-03-01,lazio,41.975829635705495,12.757455839532437,586.3452,76.68266,156.16852,9.699509,15.821481,4.739612,2.5052068
2014-04-01,lazio,41.975829635705495,12.757455839532437,604.6067,79.00074,191.68872,12.717934,19.124405,7.346317,2.4954944
2014-05-01,lazio,41.975829635705495,12.757455839532437,387.0613,76.76444,244.0171,15.290123,22.039845,9.551187,2.4765077
2014-06-01,lazio,41.975829635705495,12.757455839532437,566.68335,73.71584,263.97397,20.272608,27.616713,14.083479,2.4215128
2014-07-01,lazio,41.975829635705495,12.757455839532437,546.2549,78.488365,258.78494,21.095757,27.7823,15.482184,2.4680803
2014-08-01,lazio,41.975829635705495,12.757455839532437,65.35806,76.03144,256.1722,22.134281,29.411512,16.147884,2.3395267
2014-09-01,lazio,41.975829635705495,12.757455839532437,369.21335,81.01753,173.245,19.331444,26.201635,14.322663,2.1743622
2014-10-01,lazio,41.975829635705495,12.757455839532437,184.12582,79.73387,133.31393,16.546017,23.330067,11.596981,2.263743
2014-11-01,lazio,41.975829635705495,12.757455839532437,1131.9167,86.176765,73.652824,12.966654,18.230803,9.104672,2.2240381
2014-12-01,lazio,41.975829635705495,12.757455839532437,704.60004,81.7275,59.146484,7.8218656,12.51983,4.272595,2.1563096
2015-01-01,lazio,41.975829635705495,12.757455839532437,447.56775,79.86471,74.803986,6.739363,11.804087,2.6028132,2.3648
2015-02-01,lazio,41.975829635705495,12.757455839532437,767.6643,80.209915,97.739075,6.4902124,11.862889,2.4938662,2.5388083
2015-03-01,lazio,41.975829635705495,12.757455839532437,836.24194,76.94752,153.99577,9.263325,14.788353,4.8375673,2.7010553
2015-04-01,lazio,41.975829635705495,12.757455839532437,365.4567,73.69354,223.52203,12.259813,18.900404,6.6913624,2.5913584
2015-05-01,lazio,41.975829635705495,12.757455839532437,199.33548,73.27202,249.257,17.320248,24.60943,11.037603,2.4584887
2015-06-01,lazio,41.975829635705495,12.757455839532437,213.54666,71.68442,284.63516,20.899288,28.56654,14.4172535,2.3751414
2015-07-01,lazio,41.975829635705495,12.757455839532437,77.51613,68.62227,311.65027,25.69061,33.616493,18.984035,2.3458292
2015-08-01,lazio,41.975829635705495,12.757455839532437,390.65485,70.614586,258.4324,23.81062,31.350859,17.741192,2.2004576
2015-09-01,lazio,41.975829635705495,12.757455839532437,358.30334,74.02469,189.86539,19.701271,26.501873,14.536798,2.3909218
2015-10-01,lazio,41.975829635705495,12.757455839532437,1109.3969,85.72233,113.53376,14.969228,20.137903,11.1072645,2.2182136
2015-11-01,lazio,41.975829635705495,12.757455839532437,210.90001,84.92677,91.17196,11.09851,17.282234,6.591652,1.8096215
2015-12-01,lazio,41.975829635705495,12.757455839532437,3.9419353,84.809265,72.14807,7.7545547,14.649341,3.2237158,1.2978209
2016-01-01,lazio,41.975829635705495,12.757455839532437,510.7,83.239006,68.956635,7.103583,11.7474985,3.0351522,2.3597581
2016-02-01,lazio,41.975829635705495,12.757455839532437,966.131,84.46551,86.01036,9.366716,14.07967,5.32717,3.010817
2016-03-01,lazio,41.975829635705495,12.757455839532437,394.92905,78.885544,130.10294,9.381986,15.07028,4.6065145,2.747519
2016-04-01,lazio,41.975829635705495,12.757455839532437,318.47333,72.14875,191.6233,14.124516,20.683388,8.324992,2.5893152
2016-05-01,lazio,41.975829635705495,12.757455839532437,558.19354,77.3676,231.44772,15.495532,21.795973,9.993256,2.6304312
2016-06-01,lazio,41.975829635705495,12.757455839532437,372.31,78.21466,250.4765,19.7885,26.542873,13.946182,2.379884
2016-07-01,lazio,41.975829635705495,12.757455839532437,110.9129,67.03791,273.9219,23.572378,31.208944,16.901104,2.4077363
2016-08-01,lazio,41.975829635705495,12.757455839532437,93.91936,66.86912,249.47066,22.831425,30.52402,16.477306,2.3869004
2016-09-01,lazio,41.975829635705495,12.757455839532437,564.32996,78.13039,170.93698,19.265257,26.34462,14.018969,2.006163
2016-10-01,lazio,41.975829635705495,12.757455839532437,736.8064,83.06044,111.23903,14.97111,20.908436,10.33352,2.0176508
2016-11-01,lazio,41.975829635705495,12.757455839532437,681.07666,85.7265,74.48379,10.768191,15.865712,6.6482534,2.1793008
2016-12-01,lazio,41.975829635705495,12.757455839532437,62.522583,75.947624,68.72078,7.104991,13.483272,2.33487,1.603976
2017-01-01,lazio,41.975829635705495,12.757455839532437,335.76773,72.13144,68.96052,4.091669,9.285169,-0.26343378,2.6608293
2017-02-01,lazio,41.975829635705495,12.757455839532437,374.09998,82.402725,98.282776,8.862124,14.16087,4.455002,2.4569545
2017-03-01,lazio,41.975829635705495,12.757455839532437,267.77094,69.15632,171.09467,10.920356,17.56696,5.039658,2.722174
2017-04-01,lazio,41.975829635705495,12.757455839532437,296.83334,73.13129,212.53151,12.415999,19.244644,6.2618976,2.695828
2017-05-01,lazio,41.975829635705495,12.757455839532437,225.5516,69.96549,255.5981,17.154747,24.333374,10.600117,2.517798
2017-06-01,lazio,41.975829635705495,12.757455839532437,82.37,66.027214,294.88507,22.601397,30.038572,15.674976,2.657404
2017-07-01,lazio,41.975829635705495,12.757455839532437,92.674194,59.35344,275.96722,24.068783,31.909563,16.817959,2.7040637
2017-08-01,lazio,41.975829635705495,12.757455839532437,21.551613,53.79713,243.88173,25.66332,33.97213,18.25147,2.5452209
2017-09-01,lazio,41.975829635705495,12.757455839532437,817.4667,77.27257,164.21294,17.735176,24.184063,12.230368,2.4000976
2017-10-01,lazio,41.975829635705495,12.757455839532437,85.093544,74.24174,133.1708,14.975887,22.038374,9.105709,2.0618074
2017-11-01,lazio,41.975829635705495,12.757455839532437,795.39,83.457275,73.19381,9.607682,14.854824,5.196911,2.1428459
2017-12-01,lazio,41.975829635705495,12.757455839532437,1089.971,79.657234,58.12674,5.986213,10.834255,1.6434691,2.4081924
2018-01-01,lazio,41.975829635705495,12.757455839532437,348.46777,81.54032,73.42853,8.098785,13.167107,3.6302977,2.1603172
2018-02-01,lazio,41.975829635705495,12.757455839532437,912.0465,81.81569,76.93891,4.9646835,9.607363,0.9182963,2.4227831
2018-03-01,lazio,41.975829635705495,12.757455839532437,1357.1968,82.23554,119.51507,8.368168,13.326151,4.0975056,2.790028
2018-04-01,lazio,41.975829635705495,12.757455839532437,311.56335,70.76308,212.9255,14.823576,21.557777,8.983609,2.3110812
2018-05-01,lazio,41.975829635705495,12.757455839532437,674.7484,83.355515,217.67354,16.926674,22.898905,12.1055355,2.009402
2018-06-01,lazio,41.975829635705495,12.757455839532437,254.59666,71.29069,259.82822,20.476,27.531946,14.451359,2.3762481
2018-07-01,lazio,41.975829635705495,12.757455839532437,220.28065,67.296364,278.79623,23.764332,31.150684,17.35137,2.3321388
2018-08-01,lazio,41.975829635705495,12.757455839532437,440.09998,74.14905,243.71443,23.055223,30.775957,17.386463,2.0493355
2018-09-01,lazio,41.975829635705495,12.757455839532437,263.11,74.055016,195.36066,20.06058,27.241962,14.572647,1.931797
2018-10-01,lazio,41.975829635705495,12.757455839532437,891.80005,78.8269,126.7481,16.336893,22.259054,11.705321,2.38311
2018-11-01,lazio,41.975829635705495,12.757455839532437,1338.05,85.115456,74.367035,11.253442,16.124289,7.5448165,2.170413
2018-12-01,lazio,41.975829635705495,12.757455839532437,435.0355,79.58131,67.453026,7.250136,12.3314705,2.9046817,1.9066759
2019-01-01,lazio,41.975829635705495,12.757455839532437,606.2936,77.814476,75.32575,4.2845864,9.124384,0.10856514,2.5890164
2019-02-01,lazio,41.975829635705495,12.757455839532437,471.6,68.46666,122.52732,7.7146754,13.817246,2.4624374,2.6201766
2019-03-01,lazio,41.975829635705495,12.757455839532437,59.041935,69.02453,173.7222,10.39824,16.971687,4.6203666,2.7187395
2019-04-01,lazio,41.975829635705495,12.757455839532437,530.49,75.449905,189.31784,11.897573,18.263765,6.3433657,2.5263386
2019-05-01,lazio,41.975829635705495,12.757455839532437,975.57745,83.87739,199.55861,12.870441,18.370922,8.386238,2.5704958
2019-06-01,lazio,41.975829635705495,12.757455839532437,37.823334,65.285965,285.41385,22.910486,30.524704,15.854188,2.4328985
2019-07-01,lazio,41.975829635705495,12.757455839532437,443.81613,65.64302,275.81458,24.159506,31.57096,17.551844,2.4000156
2019-08-01,lazio,41.975829635705495,12.757455839532437,103.75162,65.82082,255.98186,24.44764,32.207222,17.970304,2.1360185
2019-09-01,lazio,41.975829635705495,12.757455839532437,555.51,74.53523,196.1193,20.061235,27.166784,14.313928,2.105431
2019-10-01,lazio,41.975829635705495,12.757455839532437,344.13873,81.76651,138.14348,16.245617,23.009954,11.029473,1.9034308
2019-11-01,lazio,41.975829635705495,12.757455839532437,2265.4702,90.13265,70.75482,11.632223,15.587157,8.391245,2.6700726
2019-12-01,lazio,41.975829635705495,12.757455839532437,852.5548,79.87415,69.03173,8.605988,13.530876,4.4211793,2.395675
2020-01-01,lazio,41.975829635705495,12.757455839532437,187.35806,77.50972,85.823555,6.754645,12.76401,1.9856002,1.7220651
2020-02-01,lazio,41.975829635705495,12.757455839532437,181.96552,73.24049,126.52949,8.807846,14.955171,3.4760919,2.4097075
2020-03-01,lazio,41.975829635705495,12.757455839532437,497.3516,75.699104,148.58081,9.281591,15.269139,4.13761,2.606804
2020-04-01,lazio,41.975829635705495,12.757455839532437,237.58667,70.12605,231.39508,12.622663,19.35205,6.578033,2.4161267
2020-05-01,lazio,41.975829635705495,12.757455839532437,183.25807,66.90811,250.07262,17.489647,24.46916,11.362596,2.6650982
2020-06-01,lazio,41.975829635705495,12.757455839532437,498.13672,73.03982,286.97888,19.385935,26.075628,13.302551,2.622163
2020-07-01,lazio,41.975829635705495,12.757455839532437,70.54194,63.66603,278.85565,23.78139,31.442656,16.800266,2.4835572
2020-08-01,lazio,41.975829635705495,12.757455839532437,237.97742,64.85889,254.88367,24.39617,32.065594,17.856043,2.5442917
2020-09-01,lazio,41.975829635705495,12.757455839532437,684.37665,73.22876,179.63516,20.106318,27.053831,14.451317,2.1175506
2020-10-01,lazio,41.975829635705495,12.757455839532437,766.8032,83.83627,137.17963,13.501395,19.338898,8.676305,2.2014778
2020-11-01,lazio,41.975829635705495,12.757455839532437,385.30002,83.79902,85.828415,11.526143,17.170029,7.184863,1.841442
2020-12-01,lazio,41.975829635705495,12.757455839532437,1524.1161,86.7238,68.92032,7.511532,12.108265,3.7428732,2.278792
2021-01-01,lazio,41.975829635705495,12.757455839532437,1387.2485,83.903885,65.91204,5.396973,9.561736,1.6292771,2.5118847
2021-02-01,lazio,41.975829635705495,12.757455839532437,566.71075,78.98703,115.63699,8.62491,14.450865,3.693622,2.3319874
2021-03-01,lazio,41.975829635705495,12.757455839532437,441.39355,71.11599,174.22475,8.445084,14.722566,3.050391,2.2891338
2021-04-01,lazio,41.975829635705495,12.757455839532437,442.57,74.254654,218.1051,10.632718,16.880245,5.1903424,2.418721
2021-05-01,lazio,41.975829635705495,12.757455839532437,231.23227,74.755516,268.364,15.349084,21.966692,9.3898535,2.613117
2021-06-01,lazio,41.975829635705495,12.757455839532437,291.71667,69.71485,284.89453,21.51077,28.837923,15.0313835,2.28329
2021-07-01,lazio,41.975829635705495,12.757455839532437,59.26129,63.729614,271.3085,23.941319,31.377768,17.246773,2.6484554
2021-08-01,lazio,41.975829635705495,12.757455839532437,104.767746,65.05947,266.54785,23.972965,31.495928,17.537848,2.391094
2021-09-01,lazio,41.975829635705495,12.757455839532437,152.62668,71.192986,212.98325,20.699598,28.01087,14.810349,2.0137534
2021-10-01,lazio,41.975829635705495,12.757455839532437,352.92578,76.797844,134.88577,14.118378,20.11457,9.323661,2.2808259
2021-11-01,lazio,41.975829635705495,12.757455839532437,1297.3434,86.355576,73.97012,11.61764,15.782037,8.238235,2.0667734
2021-12-01,lazio,41.975829635705495,12.757455839532437,940.46454,81.20182,67.20289,7.267366,11.93832,3.0882635,2.2012343
2022-01-01,lazio,41.975829635705495,12.757455839532437,176.39354,75.95761,77.753746,5.84631,11.39816,1.5758998,2.1986482
2022-02-01,lazio,41.975829635705495,12.757455839532437,237.83928,72.96157,121.15847,7.9067388,13.89686,3.064836,2.5187733
2022-03-01,lazio,41.975829635705495,12.757455839532437,221.54193,61.91129,170.50026,7.957865,14.761268,2.4530704,2.3146017
2022-04-01,lazio,41.975829635705495,12.757455839532437,348.86334,69.886086,214.41568,11.474997,18.114496,5.8332586,2.5605128
2022-05-01,lazio,41.975829635705495,12.757455839532437,106.40968,67.883354,214.1759,18.208405,25.793442,11.932787,2.1458309
2022-06-01,lazio,41.975829635705495,12.757455839532437,86.013336,58.046726,245.91731,23.742874,31.999767,16.707794,2.4372263
2022-07-01,lazio,41.975829635705495,12.757455839532437,117.54194,59.05126,255.13521,25.573322,34.035126,18.310795,2.5097141
2022-08-01,lazio,41.975829635705495,12.757455839532437,297.4258,66.93676,209.06946,23.9114,31.933968,17.972591,2.3342865
2022-09-01,lazio,41.975829635705495,12.757455839532437,837.0833,75.93958,164.96558,19.216434,25.802292,14.278647,2.2838585
2022-10-01,lazio,41.975829635705495,12.757455839532437,46.296776,80.43122,143.0661,16.664194,23.744213,11.853854,1.6815252
2022-11-01,lazio,41.975829635705495,12.757455839532437,1123.5466,82.81107,85.08926,11.267671,16.55599,7.0962567,2.0364854
2022-12-01,lazio,41.975829635705495,12.757455839532437,956.81616,89.12135,59.939537,9.613238,14.022448,6.277696,1.7364779
2023-01-01,lazio,41.975829635705495,12.757455839532437,756.3871,82.609924,71.95822,6.6948295,11.469848,3.0559895,2.1072001
2023-02-01,lazio,41.975829635705495,12.757455839532437,285.02856,73.272385,109.03044,6.6838875,13.006788,1.9645374,2.146019
2023-03-01,lazio,41.975829635705495,12.757455839532437,297.5742,78.87867,154.20325,9.9947605,15.93171,5.2859793,2.4655592
2023-04-01,lazio,41.975829635705495,12.757455839532437,576.4033,75.001305,184.61168,10.949349,17.326159,5.6385517,2.4941611
2023-05-01,lazio,41.975829635705495,12.757455839532437,857.2548,82.664085,181.78372,15.508002,21.555586,11.244762,2.1315706
2023-06-01,lazio,41.975829635705495,12.757455839532437,489.5467,75.83358,240.92807,20.51742,27.48,15.0603485,2.109259
2023-07-01,lazio,41.975829635705495,12.757455839532437,72.019356,67.63413,267.17593,25.014467,32.68944,18.560019,2.35956
2023-08-01,lazio,41.975829635705495,12.757455839532437,303.3,67.07865,222.38376,23.230898,31.16823,17.044897,2.3010116
2023-09-01,lazio,41.975829635705495,12.757455839532437,153.30333,67.590355,168.73079,21.110514,28.659115,15.546565,2.1202917
2023-10-01,lazio,41.975829635705495,12.757455839532437,358.92584,76.90751,124.70985,18.308245,24.939756,13.419978,2.2967408
2023-11-01,lazio,41.975829635705495,12.757455839532437,861.44666,83.176445,79.84645,11.442142,16.348253,7.1570196,2.4744546
2023-12-01,lazio,41.975829635705495,12.757455839532437,189.54193,80.24059,68.2318,9.838171,12.847808,6.904098,2.0863903
2024-01-01,lazio,41.975829635705495,12.757455839532437,319.8387,78.32024,75.66068,8.938307,12.22046,5.866862,2.142984
2024-02-01,lazio,41.975829635705495,12.757455839532437,678.8483,77.121124,101.90144,10.404614,14.213278,6.932798,2.5350916
2024-03-01,lazio,41.975829635705495,12.757455839532437,842.03876,80.46949,137.0476,11.051909,14.940714,7.6120253,2.6053154
2024-04-01,lazio,41.975829635705495,12.757455839532437,207.67334,72.15385,197.23279,13.352763,18.468075,8.718552,2.4623368
2024-05-01,lazio,41.975829635705495,12.757455839532437,239.45805,75.03531,163.96721,16.479698,20.887863,12.256391,2.4851804
2024-06-01,lazio,41.975829635705495,12.757455839532437,63.37,66.19017,239.38799,20.879322,26.615578,15.689293,2.3844113
2024-07-01,lazio,41.975829635705495,12.757455839532437,38.525806,59.40208,257.51068,25.12302,31.215078,19.712727,2.3375318
2024-08-01,lazio,41.975829635705495,12.757455839532437,109.616135,64.98214,175.42747,26.086988,31.896858,20.924522,2.1882606
2024-09-01,lazio,41.975829635705495,12.757455839532437,627.7267,76.48366,160.85811,19.716356,24.39872,15.660863,2.1680634
2024-10-01,lazio,41.975829635705495,12.757455839532437,813.4839,85.936615,110.0268,17.190798,21.097982,13.787073,1.8052367
2024-11-01,lazio,41.975829635705495,12.757455839532437,148.49335,75.21154,78.628235,12.2374115,16.170704,8.317239,2.1312482
2024-12-01,lazio,41.975829635705495,12.757455839532437,772.8871,74.45067,71.58699,8.343015,11.6877365,4.8842835,2.2240462
2000-01-01,abruzzo,42.22361250096313,13.85327809896639,95.712906,77.04769,80.87808,2.882433,7.166845,-0.6995353,1.8635156
2000-02-01,abruzzo,42.22361250096313,13.85327809896639,139.42758,79.862656,108.80625,4.4209614,9.60976,0.0553156,2.048533
2000-03-01,abruzzo,42.22361250096313,13.85327809896639,340.85483,81.774185,152.08693,6.32778,11.9554405,1.9036002,2.215566
2000-04-01,abruzzo,42.22361250096313,13.85327809896639,313.6067,82.92414,180.47739,11.474009,16.63164,7.1201215,2.499192
2000-05-01,abruzzo,42.22361250096313,13.85327809896639,163.34195,78.46073,235.26161,16.180685,22.001316,11.271309,1.8107218
2000-06-01,abruzzo,42.22361250096313,13.85327809896639,116.466675,70.58529,262.29916,19.807062,26.115631,14.126674,2.234449
2000-07-01,abruzzo,42.22361250096313,13.85327809896639,162.90646,68.612015,270.6851,20.575838,27.104704,14.6431875,2.45354
2000-08-01,abruzzo,42.22361250096313,13.85327809896639,28.087097,67.32458,252.25699,22.972048,30.222467,16.743805,1.8987207
2000-09-01,abruzzo,42.22361250096313,13.85327809896639,188.62334,74.47398,175.34294,17.518257,22.999893,12.343782,2.0286524
2000-10-01,abruzzo,42.22361250096313,13.85327809896639,376.0,87.30936,100.76955,14.124874,18.295542,9.668669,1.7725068
2000-11-01,abruzzo,42.22361250096313,13.85327809896639,504.9867,87.491646,70.752266,10.161387,13.700996,6.2454405,2.243415
2000-12-01,abruzzo,42.22361250096313,13.85327809896639,394.70325,85.302246,60.91143,7.5573864,11.359961,3.3244257,2.0040596
2001-01-01,abruzzo,42.22361250096313,13.85327809896639,355.39355,87.33761,56.74467,6.1116023,9.030445,3.2368562,2.183193
2001-02-01,abruzzo,42.22361250096313,13.85327809896639,212.57143,80.30555,105.38196,5.054655,9.435865,1.6217643,2.5473456
2001-03-01,abruzzo,42.22361250096313,13.85327809896639,274.12903,87.515656,134.62767,10.48547,15.165391,6.7200413,2.725555
2001-04-01,abruzzo,42.22361250096313,13.85327809896639,420.48,81.2543,179.01187,9.030149,13.77743,5.1343303,2.3554547
2001-05-01,abruzzo,42.22361250096313,13.85327809896639,254.44518,80.31849,216.32559,15.73931,21.12622,11.228441,2.340533
2001-06-01,abruzzo,42.22361250096313,13.85327809896639,138.31334,67.76759,261.19858,18.238016,24.735209,13.077129,2.714805
2001-07-01,abruzzo,42.22361250096313,13.85327809896639,56.990322,68.912415,261.60715,21.243866,27.829159,15.970335,2.5437398
2001-08-01,abruzzo,42.22361250096313,13.85327809896639,25.970966,69.525764,246.2947,22.770939,29.552204,17.472755,2.1474466
2001-09-01,abruzzo,42.22361250096313,13.85327809896639,202.91666,77.94329,175.52882,15.674681,21.063639,11.166438,2.344497
2001-10-01,abruzzo,42.22361250096313,13.85327809896639,55.40968,82.11546,138.34691,16.137701,21.625267,11.764057,1.8839777
2001-11-01,abruzzo,42.22361250096313,13.85327809896639,376.28003,76.12035,75.05225,8.406382,11.953235,4.7374463,2.3853557
2001-12-01,abruzzo,42.22361250096313,13.85327809896639,223.85483,70.53616,61.12028,2.74664,5.6377034,-0.46917164,2.4339883
2002-01-01,abruzzo,42.22361250096313,13.85327809896639,98.17097,76.18181,77.925095,3.395768,7.6894913,-0.69586104,2.0362165
2002-02-01,abruzzo,42.22361250096313,13.85327809896639,239.50357,85.127815,98.40497,6.934851,11.610249,3.0011199,2.3915012
2002-03-01,abruzzo,42.22361250096313,13.85327809896639,70.822586,76.37087,146.97266,9.185221,13.818936,4.5663586,2.5598605
2002-04-01,abruzzo,42.22361250096313,13.85327809896639,286.99335,80.17414,163.20451,10.078475,14.6887045,5.627277,2.413644
2002-05-01,abruzzo,42.22361250096313,13.85327809896639,378.6516,81.06653,213.89914,14.777923,20.110054,10.023832,2.246233
2002-06-01,abruzzo,42.22361250096313,13.85327809896639,98.8,72.435165,258.59744,19.784147,25.465342,15.266816,2.2157035
2002-07-01,abruzzo,42.22361250096313,13.85327809896639,226.0258,75.57982,237.82968,20.200508,25.897892,15.846839,2.2661753
2002-08-01,abruzzo,42.22361250096313,13.85327809896639,400.47745,81.31063,206.2865,19.433647,24.787628,15.062003,1.8976655
2002-09-01,abruzzo,42.22361250096313,13.85327809896639,435.59668,81.265656,150.24548,15.50155,20.142384,11.29674,1.7424661
2002-10-01,abruzzo,42.22361250096313,13.85327809896639,215.25162,84.47594,119.41034,12.566733,17.834845,7.8812547,2.026632
2002-11-01,abruzzo,42.22361250096313,13.85327809896639,229.40001,86.06162,66.74237,10.766016,13.833024,7.4326377,2.3331213
2002-12-01,abruzzo,42.22361250096313,13.85327809896639,473.7484,86.563126,43.741936,5.8237014,8.264092,3.213652,1.9850245
2003-01-01,abruzzo,42.22361250096313,13.85327809896639,569.23865,77.274,64.30481,5.053715,7.6769295,1.7110689,2.138149
2003-02-01,abruzzo,42.22361250096313,13.85327809896639,182.525,64.59669,105.58263,1.1912107,4.6240983,-2.8695524,2.3699152
2003-03-01,abruzzo,42.22361250096313,13.85327809896639,178.95807,70.77228,173.59978,6.8566537,11.448696,2.7332666,2.2233844
2003-04-01,abruzzo,42.22361250096313,13.85327809896639,134.96333,72.37485,193.87064,9.618517,14.090418,5.215661,2.6809747
2003-05-01,abruzzo,42.22361250096313,13.85327809896639,77.561295,67.897644,233.59924,16.905169,23.102154,12.178341,2.134155
2003-06-01,abruzzo,42.22361250096313,13.85327809896639,221.08667,64.64557,267.84012,21.452864,28.36164,16.169277,2.1093419
2003-07-01,abruzzo,42.22361250096313,13.85327809896639,20.383871,61.306156,272.32532,22.487095,29.313156,17.000532,2.2654564
2003-08-01,abruzzo,42.22361250096313,13.85327809896639,151.92903,60.23023,241.13725,23.492329,30.304657,18.174053,2.0027912
2003-09-01,abruzzo,42.22361250096313,13.85327809896639,226.51335,70.35145,173.99973,16.30058,21.296963,11.452937,1.9197711
2003-10-01,abruzzo,42.22361250096313,13.85327809896639,480.3387,79.24313,107.20968,11.974425,15.88501,8.06431,2.2690787
2003-11-01,abruzzo,42.22361250096313,13.85327809896639,139.01001,85.22216,72.16412,10.172731,12.974392,6.4593697,1.7966751
2003-12-01,abruzzo,42.22361250096313,13.85327809896639,259.9258,75.79461,59.021873,5.162513,7.707386,1.4636521,2.161069
2004-01-01,abruzzo,42.22361250096313,13.85327809896639,338.3742,68.93752,64.90214,3.172799,6.5372605,-0.40033892,2.2705328
2004-02-01,abruzzo,42.22361250096313,13.85327809896639,384.8862,71.668945,92.94623,5.2255635,9.469065,1.393539,2.2185037
2004-03-01,abruzzo,42.22361250096313,13.85327809896639,229.60646,68.86069,135.03416,6.3795214,10.533975,2.0469656,2.0530727
2004-04-01,abruzzo,42.22361250096313,13.85327809896639,477.63666,77.71685,149.54773,9.672706,14.016628,5.9528584,2.3084745
2004-05-01,abruzzo,42.22361250096313,13.85327809896639,357.8742,70.554375,218.58365,12.137195,18.08955,7.3462462,2.3450682
2004-06-01,abruzzo,42.22361250096313,13.85327809896639,193.87334,67.280365,242.42824,18.197979,24.585943,12.969598,2.280907
2004-07-01,abruzzo,42.22361250096313,13.85327809896639,158.79031,55.164616,267.32288,21.642902,29.243967,15.732607,2.151498
2004-08-01,abruzzo,42.22361250096313,13.85327809896639,118.92904,59.037117,242.8603,21.533852,28.936562,15.707889,2.0446281
2004-09-01,abruzzo,42.22361250096313,13.85327809896639,261.13,63.711773,175.77118,17.29025,23.697418,12.020421,1.8634548
2004-10-01,abruzzo,42.22361250096313,13.85327809896639,239.1484,78.816505,113.70066,15.017924,20.543623,11.099538,1.9239066
2004-11-01,abruzzo,42.22361250096313,13.85327809896639,417.1067,71.72475,68.63644,8.92791,12.322161,5.30224,1.890339
2004-12-01,abruzzo,42.22361250096313,13.85327809896639,544.8258,70.69108,54.69218,6.8400793,9.624035,3.7724962,1.9176708
2005-01-01,abruzzo,42.22361250096313,13.85327809896639,300.39355,62.404644,73.5503,3.673991,6.7934613,-0.9744615,2.1184716
2005-02-01,abruzzo,42.22361250096313,13.85327809896639,332.65356,63.29259,93.24909,2.2023942,5.201289,-2.4101422,2.41477
2005-03-01,abruzzo,42.22361250096313,13.85327809896639,304.36774,68.42339,149.59021,7.0603166,11.564384,1.3458009,2.0656013
2005-04-01,abruzzo,42.22361250096313,13.85327809896639,347.74667,68.76359,188.20932,10.140712,14.868985,5.1876917,2.6046808
2005-05-01,abruzzo,42.22361250096313,13.85327809896639,87.119354,63.843914,230.6848,16.211739,21.955065,10.58267,2.305451
2005-06-01,abruzzo,42.22361250096313,13.85327809896639,195.06668,63.269382,249.55084,19.462831,25.600903,13.483458,2.2298024
2005-07-01,abruzzo,42.22361250096313,13.85327809896639,30.064516,55.154724,262.8756,22.519588,29.350912,16.057028,2.308647
2005-08-01,abruzzo,42.22361250096313,13.85327809896639,230.40967,66.84074,212.97513,19.812447,26.055922,13.831369,2.060369
2005-09-01,abruzzo,42.22361250096313,13.85327809896639,266.0467,76.17926,163.3291,17.61448,22.967579,12.375265,1.7030932
2005-10-01,abruzzo,42.22361250096313,13.85327809896639,366.54517,77.07091,110.63068,13.320428,17.94211,8.513783,1.813603
2005-11-01,abruzzo,42.22361250096313,13.85327809896639,744.01,78.71132,74.183044,8.441379,11.6271515,4.515802,1.9471216
2005-12-01,abruzzo,42.22361250096313,13.85327809896639,584.48706,76.61361,54.98934,4.180812,6.786449,0.6120694,2.0218618
2006-01-01,abruzzo,42.22361250096313,13.85327809896639,306.73547,70.446846,70.89776,3.5668755,6.0178623,-0.36335152,2.1428046
2006-02-01,abruzzo,42.22361250096313,13.85327809896639,290.125,68.11396,100.644684,4.8381925,9.202107,1.0424031,2.237736
2006-03-01,abruzzo,42.22361250096313,13.85327809896639,299.7,72.426476,122.11482,6.476405,10.759769,2.7179716,2.5407543
2006-04-01,abruzzo,42.22361250096313,13.85327809896639,257.02335,69.17373,173.84915,11.807274,17.63893,7.1755247,2.136805
2006-05-01,abruzzo,42.22361250096313,13.85327809896639,75.80322,63.61445,247.3748,16.106815,22.927263,10.506642,2.1920447
2006-06-01,abruzzo,42.22361250096313,13.85327809896639,204.32333,58.37355,240.7935,19.204391,26.313087,13.642585,2.17413
2006-07-01,abruzzo,42.22361250096313,13.85327809896639,202.20001,58.536324,257.53745,22.695328,30.391195,16.211464,2.0825808
2006-08-01,abruzzo,42.22361250096313,13.85327809896639,139.31291,65.49538,218.26599,20.20898,27.34109,14.290551,2.0397458
2006-09-01,abruzzo,42.22361250096313,13.85327809896639,464.61667,69.42158,171.02515,18.52119,25.413677,13.056734,1.6598164
2006-10-01,abruzzo,42.22361250096313,13.85327809896639,31.841936,70.79251,124.67714,15.18521,21.773167,9.75199,1.7771268
2006-11-01,abruzzo,42.22361250096313,13.85327809896639,203.51334,74.07367,87.10763,9.733223,15.714339,4.818229,1.638452
2006-12-01,abruzzo,42.22361250096313,13.85327809896639,85.448395,73.66851,63.889553,7.222132,12.001969,3.175962,1.7280535
2007-01-01,abruzzo,42.22361250096313,13.85327809896639,205.8,77.61359,78.07599,6.6509132,11.177635,2.3308446,2.074278
2007-02-01,abruzzo,42.22361250096313,13.85327809896639,335.525,75.992065,93.21428,6.920908,10.858692,2.9870276,2.2877119
2007-03-01,abruzzo,42.22361250096313,13.85327809896639,266.52258,73.81921,120.29744,8.367214,12.734513,3.9734745,2.5587368
2007-04-01,abruzzo,42.22361250096313,13.85327809896639,110.96333,65.98427,215.9226,12.829381,19.043535,6.860904,2.0220706
2007-05-01,abruzzo,42.22361250096313,13.85327809896639,324.34515,72.1083,237.58337,15.63178,21.44264,9.961949,2.348972
2007-06-01,abruzzo,42.22361250096313,13.85327809896639,168.40668,66.9407,245.67796,19.528872,25.91994,13.357742,2.1649745
2007-07-01,abruzzo,42.22361250096313,13.85327809896639,0.0,49.85078,283.18805,23.088665,30.639164,15.684376,2.3303387
2007-08-01,abruzzo,42.22361250096313,13.85327809896639,20.609678,55.60311,232.8912,22.264694,29.40932,15.246226,2.2054536
2007-09-01,abruzzo,42.22361250096313,13.85327809896639,137.55334,63.21528,179.02542,16.252495,23.042696,9.685485,2.134743
2007-10-01,abruzzo,42.22361250096313,13.85327809896639,312.15485,71.48089,110.96254,12.91263,17.929556,7.903671,2.0191472
2007-11-01,abruzzo,42.22361250096313,13.85327809896639,225.00668,71.953636,74.93616,7.2723217,11.571492,3.0052514,2.02887
2007-12-01,abruzzo,42.22361250096313,13.85327809896639,313.5355,73.46325,63.227722,4.5507436,8.581752,0.36631224,2.1769657
2008-01-01,abruzzo,42.22361250096313,13.85327809896639,261.95483,73.670784,66.479774,5.840456,10.407835,2.1684117,1.9934909
2008-02-01,abruzzo,42.22361250096313,13.85327809896639,110.14827,68.743195,111.93688,5.171011,10.549807,0.81482756,2.1057334
2008-03-01,abruzzo,42.22361250096313,13.85327809896639,654.51294,78.740746,127.97403,7.0073647,12.15431,3.1903253,2.4021158
2008-04-01,abruzzo,42.22361250096313,13.85327809896639,525.5967,71.76143,178.75027,10.009813,15.698426,5.791796,2.741921
2008-05-01,abruzzo,42.22361250096313,13.85327809896639,296.1129,69.22085,228.27391,14.844219,21.408918,9.680982,2.2203007
2008-06-01,abruzzo,42.22361250096313,13.85327809896639,371.97,72.8676,235.07542,18.768532,25.37947,13.687466,1.9744886
2008-07-01,abruzzo,42.22361250096313,13.85327809896639,122.100006,62.83086,261.75366,21.248594,28.727571,15.352703,2.169024
2008-08-01,abruzzo,42.22361250096313,13.85327809896639,31.374193,58.30776,251.76382,22.077827,30.18292,15.642761,1.8614544
2008-09-01,abruzzo,42.22361250096313,13.85327809896639,187.24333,67.01983,164.4726,16.394785,23.133545,11.345265,1.9389207
2008-10-01,abruzzo,42.22361250096313,13.85327809896639,304.80322,76.634636,126.60087,13.650134,20.081041,8.8073435,1.7400163
2008-11-01,abruzzo,42.22361250096313,13.85327809896639,737.1567,81.79835,71.394066,8.897245,13.507664,5.3382087,1.9667569
2008-12-01,abruzzo,42.22361250096313,13.85327809896639,805.2903,79.887566,54.01039,4.662665,9.165559,1.4595871,2.0604837
2009-01-01,abruzzo,42.22361250096313,13.85327809896639,574.10645,81.82385,58.449425,4.292917,8.059492,1.4789776,2.0540268
2009-02-01,abruzzo,42.22361250096313,13.85327809896639,377.7143,70.132576,99.08626,2.932821,7.7310867,-0.54850477,2.5005116
2009-03-01,abruzzo,42.22361250096313,13.85327809896639,450.22903,69.09417,138.85759,6.560492,11.982238,2.6342783,2.671271
2009-04-01,abruzzo,42.22361250096313,13.85327809896639,515.3833,74.605286,163.44435,10.698846,16.610111,6.669054,2.3475904
2009-05-01,abruzzo,42.22361250096313,13.85327809896639,148.49033,63.279213,244.85211,17.029573,24.33754,11.185648,2.0942044
2009-06-01,abruzzo,42.22361250096313,13.85327809896639,501.32666,71.34832,246.93532,18.184608,24.68952,13.386787,2.453359
2009-07-01,abruzzo,42.22361250096313,13.85327809896639,146.84195,64.65466,271.39392,21.730976,28.956306,16.107672,2.2652433
2009-08-01,abruzzo,42.22361250096313,13.85327809896639,61.329037,62.064346,243.46912,22.717197,30.691141,16.913485,2.0181165
2009-09-01,abruzzo,42.22361250096313,13.85327809896639,309.98666,72.238495,167.12656,17.928839,24.741968,13.423689,2.2231607
2009-10-01,abruzzo,42.22361250096313,13.85327809896639,347.9258,76.23292,115.29032,12.205213,18.648968,7.9508967,2.0065172
2009-11-01,abruzzo,42.22361250096313,13.85327809896639,444.37332,79.707146,77.77683,9.44155,15.090463,5.4468136,2.0261724
2009-12-01,abruzzo,42.22361250096313,13.85327809896639,668.81616,82.580376,54.861946,5.434434,9.524303,2.2575505,2.34956
2010-01-01,abruzzo,42.22361250096313,13.85327809896639,596.09033,82.77277,59.202297,3.059125,7.6014166,-0.063780785,2.122143
2010-02-01,abruzzo,42.22361250096313,13.85327809896639,680.3143,80.96176,86.274826,4.686132,9.537439,1.6204783,2.4853358
2010-03-01,abruzzo,42.22361250096313,13.85327809896639,366.46454,74.864105,140.22855,6.518882,12.428944,2.7201147,2.2704675
2010-04-01,abruzzo,42.22361250096313,13.85327809896639,346.2367,74.52941,182.97034,10.2719145,16.104567,6.041825,2.1194434
2010-05-01,abruzzo,42.22361250096313,13.85327809896639,468.79352,77.44724,200.97594,13.555456,19.568178,9.104715,2.40471
2010-06-01,abruzzo,42.22361250096313,13.85327809896639,341.28333,71.482475,236.84154,18.18675,24.917137,12.951096,2.3184805
2010-07-01,abruzzo,42.22361250096313,13.85327809896639,123.5258,68.93116,264.35648,21.816849,29.177092,16.52175,2.2024932
2010-08-01,abruzzo,42.22361250096313,13.85327809896639,58.48387,67.527054,239.13887,21.318485,28.78044,15.528672,1.8543657
2010-09-01,abruzzo,42.22361250096313,13.85327809896639,193.51666,73.11856,164.26244,16.393887,23.371645,11.477636,1.9332937
2010-10-01,abruzzo,42.22361250096313,13.85327809896639,257.0742,80.0478,104.227455,11.900186,17.477766,8.093324,1.8865801
2010-11-01,abruzzo,42.22361250096313,13.85327809896639,1279.2034,86.476685,67.3113,8.628714,13.29939,4.9651494,1.8499434
2010-12-01,abruzzo,42.22361250096313,13.85327809896639,620.29675,78.35052,58.320667,3.4489088,8.3002405,-0.041850753,2.0350683
2011-01-01,abruzzo,42.22361250096313,13.85327809896639,243.17099,80.254555,67.98114,4.0364404,8.9241,1.0947211,1.7150218
2011-02-01,abruzzo,42.22361250096313,13.85327809896639,256.94287,67.331825,106.6235,4.795763,10.895669,0.88272095,2.2958412
2011-03-01,abruzzo,42.22361250096313,13.85327809896639,755.0355,75.096054,139.8461,6.213245,11.716404,2.65541,2.340462
2011-04-01,abruzzo,42.22361250096313,13.85327809896639,164.04001,65.84693,198.039,11.850025,18.16811,7.0885673,2.3380706
2011-05-01,abruzzo,42.22361250096313,13.85327809896639,229.38065,70.544556,236.05084,14.593769,21.465126,9.46542,2.2245708
2011-06-01,abruzzo,42.22361250096313,13.85327809896639,284.01,73.46941,254.50792,18.8589,25.827396,13.541777,2.1484292
2011-07-01,abruzzo,42.22361250096313,13.85327809896639,312.1742,69.261925,258.17743,20.191309,27.445507,14.494906,2.2552376
2011-08-01,abruzzo,42.22361250096313,13.85327809896639,4.52258,60.95291,261.75342,22.618443,30.665077,16.46926,1.7720639
2011-09-01,abruzzo,42.22361250096313,13.85327809896639,80.63667,65.34808,193.60933,20.048954,27.801067,14.421109,1.789178
2011-10-01,abruzzo,42.22361250096313,13.85327809896639,290.25162,70.73966,127.67578,12.618346,19.34419,7.874256,1.9634198
2011-11-01,abruzzo,42.22361250096313,13.85327809896639,154.70667,76.88161,87.744354,8.686929,15.462245,4.890059,1.5517938
2011-12-01,abruzzo,42.22361250096313,13.85327809896639,494.73227,79.725075,65.41881,5.4144554,10.348666,1.9729415,2.0243275
2012-01-01,abruzzo,42.22361250096313,13.85327809896639,117.574196,69.75095,78.31465,2.8324192,8.595582,-0.9983898,2.0852926
2012-02-01,abruzzo,42.22361250096313,13.85327809896639,444.969,71.26766,92.37609,1.1254148,6.8264117,-2.907101,2.2560492
2012-03-01,abruzzo,42.22361250096313,13.85327809896639,58.951614,60.230392,179.43602,9.474928,16.318903,4.7215524,2.2058172
2012-04-01,abruzzo,42.22361250096313,13.85327809896639,563.67334,77.46857,182.66046,10.406409,16.273994,6.107144,2.3428783
2012-05-01,abruzzo,42.22361250096313,13.85327809896639,309.15808,73.0387,218.55031,13.848265,20.70591,8.532452,2.133849
2012-06-01,abruzzo,42.22361250096313,13.85327809896639,42.690002,64.35008,258.5418,20.734058,28.332682,14.626084,2.305565
2012-07-01,abruzzo,42.22361250096313,13.85327809896639,214.48709,58.69749,260.40543,23.16115,31.159002,16.880693,2.4251394
2012-08-01,abruzzo,42.22361250096313,13.85327809896639,44.61613,56.267925,256.43576,23.755322,32.13715,17.426334,1.8921376
2012-09-01,abruzzo,42.22361250096313,13.85327809896639,750.73,77.6321,168.99295,17.773016,24.22432,13.197218,2.1282146
2012-10-01,abruzzo,42.22361250096313,13.85327809896639,556.5387,82.55149,122.266266,14.042159,20.46302,9.586962,1.6167003
2012-11-01,abruzzo,42.22361250096313,13.85327809896639,684.50336,86.24101,71.947174,10.260634,15.266763,6.8252087,1.9031667
2012-12-01,abruzzo,42.22361250096313,13.85327809896639,492.7,79.277306,59.78868,3.7344806,9.317968,-0.22774464,1.9077938
2013-01-01,abruzzo,42.22361250096313,13.85327809896639,645.49036,85.33126,62.662384,3.9461317,9.092159,0.45989063,2.0042262
2013-02-01,abruzzo,42.22361250096313,13.85327809896639,524.9143,82.29426,80.52785,2.4547458,8.191783,-1.1660048,2.2755778
2013-03-01,abruzzo,42.22361250096313,13.85327809896639,744.4549,80.94173,120.14406,6.3768806,11.551438,3.1116948,2.3431575
2013-04-01,abruzzo,42.22361250096313,13.85327809896639,287.08002,73.79615,203.0678,11.873564,18.365446,7.006031,2.2280734
2013-05-01,abruzzo,42.22361250096313,13.85327809896639,573.0871,80.38458,220.23921,13.7812,19.967417,8.668567,2.3578594
2013-06-01,abruzzo,42.22361250096313,13.85327809896639,288.40332,75.956764,254.11385,17.941502,24.657084,12.212884,2.0703757
2013-07-01,abruzzo,42.22361250096313,13.85327809896639,196.73225,71.84787,268.14462,21.048958,28.291567,15.656664,1.9924
2013-08-01,abruzzo,42.22361250096313,13.85327809896639,173.86452,66.85572,239.18098,21.921394,29.319307,16.277472,1.8113368
2013-09-01,abruzzo,42.22361250096313,13.85327809896639,378.58334,75.703026,184.81384,17.47606,24.391068,12.366246,1.764144
2013-10-01,abruzzo,42.22361250096313,13.85327809896639,295.79034,83.944336,119.70803,14.554526,20.447992,10.460402,1.7367934
2013-11-01,abruzzo,42.22361250096313,13.85327809896639,1156.1566,87.03436,64.61441,8.717989,13.108821,5.607096,2.242062
2013-12-01,abruzzo,42.22361250096313,13.85327809896639,302.07098,79.116684,66.36276,6.0347757,11.736618,1.9923782,1.5972854
2014-01-01,abruzzo,42.22361250096313,13.85327809896639,671.45807,87.30368,55.375065,6.0535536,10.232602,2.8322606,2.3034663
2014-02-01,abruzzo,42.22361250096313,13.85327809896639,473.77856,82.13653,93.654045,7.4777994,12.246558,3.876858,2.3004904
2014-03-01,abruzzo,42.22361250096313,13.85327809896639,372.85483,74.2408,146.50136,7.9598575,13.49775,3.6307764,2.2174656
2014-04-01,abruzzo,42.22361250096313,13.85327809896639,518.8,77.4692,164.82486,10.806833,16.715061,6.1699405,2.104254
2014-05-01,abruzzo,42.22361250096313,13.85327809896639,499.59033,75.63404,219.5052,13.589915,19.925142,8.558357,2.0470147
2014-06-01,abruzzo,42.22361250096313,13.85327809896639,343.07666,74.37119,237.80057,18.125092,25.03696,12.726816,2.213322
2014-07-01,abruzzo,42.22361250096313,13.85327809896639,293.94516,79.48851,235.52953,19.245407,25.765451,14.04992,2.225659
2014-08-01,abruzzo,42.22361250096313,13.85327809896639,31.548388,74.054756,238.98607,20.223755,27.648153,14.793777,1.9265581
2014-09-01,abruzzo,42.22361250096313,13.85327809896639,372.2033,82.26087,155.7226,16.89393,23.20245,12.261675,1.9238219
2014-10-01,abruzzo,42.22361250096313,13.85327809896639,113.89032,80.11616,123.13888,14.404545,20.723919,9.733646,2.069959
2014-11-01,abruzzo,42.22361250096313,13.85327809896639,504.05334,85.00436,75.74943,11.032829,16.34056,6.8976355,1.9319688
2014-12-01,abruzzo,42.22361250096313,13.85327809896639,363.34192,83.260345,59.30372,5.931435,10.376177,2.1386278,1.8181
2015-01-01,abruzzo,42.22361250096313,13.85327809896639,424.59677,80.17285,71.131226,4.9094973,9.742501,0.8783544,2.3805113
2015-02-01,abruzzo,42.22361250096313,13.85327809896639,580.5857,80.52445,91.59896,4.160496,8.918813,0.30154058,2.317624
2015-03-01,abruzzo,42.22361250096313,13.85327809896639,517.54193,77.60342,140.17578,7.155164,12.22272,3.236192,2.1643221
2015-04-01,abruzzo,42.22361250096313,13.85327809896639,254.90332,71.44027,212.31892,10.623373,16.690657,5.767593,2.3822005
2015-05-01,abruzzo,42.22361250096313,13.85327809896639,223.55484,71.77939,229.17877,16.0467,22.840912,10.56559,2.1518369
2015-06-01,abruzzo,42.22361250096313,13.85327809896639,175.39,70.711525,260.91693,18.8089,25.938572,13.132186,2.1579604
2015-07-01,abruzzo,42.22361250096313,13.85327809896639,77.0871,64.77327,291.63342,24.177097,31.727535,18.232416,2.0188024
2015-08-01,abruzzo,42.22361250096313,13.85327809896639,186.57419,71.459564,241.28758,22.160406,29.13957,16.788301,1.7525203
2015-09-01,abruzzo,42.22361250096313,13.85327809896639,210.76001,71.8144,171.95227,17.786615,24.182941,12.857774,1.9667966
2015-10-01,abruzzo,42.22361250096313,13.85327809896639,777.0323,84.24947,101.90323,13.0607815,17.846478,9.6420965,1.6699016
2015-11-01,abruzzo,42.22361250096313,13.85327809896639,203.52335,82.12119,93.433044,9.770253,15.737135,5.6319942,1.429853
2015-12-01,abruzzo,42.22361250096313,13.85327809896639,0.2516129,79.18375,78.01995,6.703523,13.315726,2.452001,1.1680399
2016-01-01,abruzzo,42.22361250096313,13.85327809896639,380.88385,82.71827,70.28567,5.14021,9.449202,1.3186003,2.0730371
2016-02-01,abruzzo,42.22361250096313,13.85327809896639,551.7207,83.16503,85.70135,7.6133804,12.036329,3.4877057,2.4442606
2016-03-01,abruzzo,42.22361250096313,13.85327809896639,305.68387,81.42487,122.67878,7.370033,11.721439,3.2532172,2.3422308
2016-04-01,abruzzo,42.22361250096313,13.85327809896639,320.66,71.22433,180.59547,12.664629,18.361025,7.3455057,2.1455057
2016-05-01,abruzzo,42.22361250096313,13.85327809896639,453.3742,78.91671,218.45735,13.846391,19.286116,8.978813,2.3151255
2016-06-01,abruzzo,42.22361250096313,13.85327809896639,355.7367,79.20108,224.89491,18.255924,24.083673,13.223172,2.22026
2016-07-01,abruzzo,42.22361250096313,13.85327809896639,187.4742,69.06913,256.70312,22.218645,28.538078,16.581785,2.2679005
2016-08-01,abruzzo,42.22361250096313,13.85327809896639,113.15161,69.12293,233.56505,20.951918,27.424797,15.265858,2.0142481
2016-09-01,abruzzo,42.22361250096313,13.85327809896639,360.54333,80.473236,147.82118,17.32762,22.830004,12.829588,1.8473644
2016-10-01,abruzzo,42.22361250096313,13.85327809896639,400.9613,82.50902,103.06315,13.095593,18.152018,8.735085,1.7368671
2016-11-01,abruzzo,42.22361250096313,13.85327809896639,355.26666,84.607056,74.56949,9.042819,13.779333,4.961198,1.7501723
2016-12-01,abruzzo,42.22361250096313,13.85327809896639,19.048388,74.039375,71.528435,5.6434307,11.363072,0.8512055,1.3904401
2017-01-01,abruzzo,42.22361250096313,13.85327809896639,395.92902,74.737076,70.97568,1.3268288,5.794024,-2.5174167,2.3017986
2017-02-01,abruzzo,42.22361250096313,13.85327809896639,317.58215,82.418396,97.98064,6.57174,11.501322,2.2150543,2.2016585
2017-03-01,abruzzo,42.22361250096313,13.85327809896639,233.1129,67.57823,165.96774,9.059353,15.032368,3.8264132,2.3943822
2017-04-01,abruzzo,42.22361250096313,13.85327809896639,258.46335,71.78344,202.97514,10.61464,16.818312,4.951305,2.361339
2017-05-01,abruzzo,42.22361250096313,13.85327809896639,321.18707,72.92424,243.16185,15.0182905,21.120111,9.501974,2.316126
2017-06-01,abruzzo,42.22361250096313,13.85327809896639,60.20333,65.44601,275.3986,20.911758,27.564466,14.75894,2.3854125
2017-07-01,abruzzo,42.22361250096313,13.85327809896639,72.04839,57.305805,274.78513,22.432682,29.62064,15.925302,2.4922335
2017-08-01,abruzzo,42.22361250096313,13.85327809896639,7.5,49.995106,246.75175,24.312422,32.24877,17.190289,2.2397647
2017-09-01,abruzzo,42.22361250096313,13.85327809896639,558.9166,76.49803,162.86977,16.010588,21.959305,10.769011,2.0772853
2017-10-01,abruzzo,42.22361250096313,13.85327809896639,114.01291,71.918396,134.06834,13.268884,19.407444,7.923286,1.9689556
2017-11-01,abruzzo,42.22361250096313,13.85327809896639,679.9033,83.80538,71.4435,7.6004457,12.256983,3.449983,1.785045
2017-12-01,abruzzo,42.22361250096313,13.85327809896639,778.99036,81.66571,60.796062,3.8164103,8.144377,-0.058726083,1.891345
2018-01-01,abruzzo,42.22361250096313,13.85327809896639,214.77097,81.667305,72.45271,5.9314895,10.7108965,1.6812083,1.7354127
2018-02-01,abruzzo,42.22361250096313,13.85327809896639,549.8071,83.73689,67.82658,2.696861,6.8431597,-0.9741041,1.9664196
2018-03-01,abruzzo,42.22361250096313,13.85327809896639,817.4839,83.90061,113.655556,6.167971,10.576487,2.1812139,2.1830263
2018-04-01,abruzzo,42.22361250096313,13.85327809896639,170.95334,69.02687,202.4681,13.249475,19.213669,7.912842,1.9965535
2018-05-01,abruzzo,42.22361250096313,13.85327809896639,566.15485,83.65994,202.07928,15.31442,20.434734,10.893464,1.6179905
2018-06-01,abruzzo,42.22361250096313,13.85327809896639,241.45667,73.96376,236.68927,18.394365,24.066462,13.390391,2.043387
2018-07-01,abruzzo,42.22361250096313,13.85327809896639,172.5613,67.55614,264.3502,21.798481,28.01865,16.197538,2.0428212
2018-08-01,abruzzo,42.22361250096313,13.85327809896639,203.54193,73.84848,225.42209,21.268408,27.73745,16.218279,1.7140212
2018-09-01,abruzzo,42.22361250096313,13.85327809896639,194.37,73.24055,183.22937,17.978672,24.127861,12.932638,1.7218558
2018-10-01,abruzzo,42.22361250096313,13.85327809896639,601.9935,80.62096,117.28294,13.944833,18.99819,9.552327,1.9994448
2018-11-01,abruzzo,42.22361250096313,13.85327809896639,507.50668,84.775604,71.62486,9.320147,13.594576,5.73824,1.7969745
2018-12-01,abruzzo,42.22361250096313,13.85327809896639,278.47098,80.07425,63.709408,5.131476,9.733958,1.063469,1.6939858
2019-01-01,abruzzo,42.22361250096313,13.85327809896639,321.5871,81.779274,68.09677,2.083939,6.0353413,-1.4585702,2.3576381
2019-02-01,abruzzo,42.22361250096313,13.85327809896639,269.35715,68.83446,115.802666,5.734043,10.989909,1.0463195,2.3164768
2019-03-01,abruzzo,42.22361250096313,13.85327809896639,62.738712,66.997246,163.01888,8.681099,14.539098,3.3201501,2.4540186
2019-04-01,abruzzo,42.22361250096313,13.85327809896639,341.82,74.32578,173.32147,10.220341,15.735129,5.355986,2.3091214
2019-05-01,abruzzo,42.22361250096313,13.85327809896639,639.6839,85.66135,190.6077,11.1092205,15.522324,7.3970037,2.2610304
2019-06-01,abruzzo,42.22361250096313,13.85327809896639,26.16,65.273796,263.56213,21.283108,27.769863,15.454124,2.4142628
2019-07-01,abruzzo,42.22361250096313,13.85327809896639,270.60968,65.88582,263.8863,22.049267,28.456766,16.441952,2.2184992
2019-08-01,abruzzo,42.22361250096313,13.85327809896639,196.74838,64.53281,243.92017,22.807041,29.528034,16.947657,1.8327829
2019-09-01,abruzzo,42.22361250096313,13.85327809896639,284.58002,76.69759,184.34435,17.876572,23.87845,12.815202,1.9042513
2019-10-01,abruzzo,42.22361250096313,13.85327809896639,155.73549,78.781425,136.19054,14.563892,20.405008,9.246359,1.7188573
2019-11-01,abruzzo,42.22361250096313,13.85327809896639,1109.6,89.69776,64.885315,9.601619,13.071557,6.466121,2.202712
2019-12-01,abruzzo,42.22361250096313,13.85327809896639,428.79675,81.10629,66.05112,6.2213144,10.627944,2.2184775,2.0008883
2020-01-01,abruzzo,42.22361250096313,13.85327809896639,67.883865,76.131996,85.84418,4.7481766,10.1940565,0.21073537,1.6249453
2020-02-01,abruzzo,42.22361250096313,13.85327809896639,151.02069,72.04962,121.84074,6.975067,12.524681,1.9679339,2.2173932
2020-03-01,abruzzo,42.22361250096313,13.85327809896639,450.58386,76.27554,138.4024,7.126878,12.365945,2.4052896,2.297236
2020-04-01,abruzzo,42.22361250096313,13.85327809896639,225.14334,66.430534,212.7935,10.937906,16.82475,5.6324267,2.2736638
2020-05-01,abruzzo,42.22361250096313,13.85327809896639,208.04517,67.42245,233.6807,15.396605,21.268778,9.949046,2.3823397
2020-06-01,abruzzo,42.22361250096313,13.85327809896639,345.41333,75.667984,278.92654,17.600382,22.76968,12.431301,2.3652034
2020-07-01,abruzzo,42.22361250096313,13.85327809896639,83.12581,65.86686,258.9057,21.53173,27.771828,15.517651,2.326107
2020-08-01,abruzzo,42.22361250096313,13.85327809896639,149.91614,64.5306,233.42238,22.305779,29.049313,16.391176,2.123316
2020-09-01,abruzzo,42.22361250096313,13.85327809896639,350.14667,73.6139,163.08617,17.896852,24.066862,12.565257,1.9956949
2020-10-01,abruzzo,42.22361250096313,13.85327809896639,416.45807,84.01173,134.35266,11.498417,16.736824,6.9740486,2.0331738
2020-11-01,abruzzo,42.22361250096313,13.85327809896639,240.54666,84.366264,83.5774,9.449582,14.355012,5.27394,1.7168615
2020-12-01,abruzzo,42.22361250096313,13.85327809896639,757.75165,87.009254,73.66594,5.413007,9.4990835,1.904262,1.9877638
2021-01-01,abruzzo,42.22361250096313,13.85327809896639,714.1677,85.9612,68.58857,2.9156287,6.67208,-0.5010033,2.1970448
2021-02-01,abruzzo,42.22361250096313,13.85327809896639,315.03574,77.194275,120.227905,6.4744067,11.996235,1.716147,2.1882262
2021-03-01,abruzzo,42.22361250096313,13.85327809896639,264.21613,71.62548,168.16156,5.919896,11.193406,1.3068398,1.983644
2021-04-01,abruzzo,42.22361250096313,13.85327809896639,253.53,74.52468,209.83617,8.354042,13.630088,3.5604067,2.167229
2021-05-01,abruzzo,42.22361250096313,13.85327809896639,143.44516,72.71751,243.79607,13.608365,19.693455,8.171761,2.2625887
2021-06-01,abruzzo,42.22361250096313,13.85327809896639,159.14667,66.65665,257.50256,19.856264,26.330711,14.156297,2.1387203
2021-07-01,abruzzo,42.22361250096313,13.85327809896639,163.96774,60.446903,242.9426,22.415773,29.017656,16.537184,2.3243794
2021-08-01,abruzzo,42.22361250096313,13.85327809896639,136.50322,60.42408,243.49944,22.055681,28.983334,16.02585,1.9807382
2021-09-01,abruzzo,42.22361250096313,13.85327809896639,85.81,70.434784,206.74916,18.215055,24.478745,12.793098,1.819257
2021-10-01,abruzzo,42.22361250096313,13.85327809896639,342.71613,80.11654,119.04975,11.468272,16.370033,7.2172284,1.8754565
2021-11-01,abruzzo,42.22361250096313,13.85327809896639,780.26,87.80924,70.745766,9.601511,13.124536,6.615468,1.6830509
2021-12-01,abruzzo,42.22361250096313,13.85327809896639,641.5806,81.738716,65.3655,5.163193,9.241719,1.4909405,1.9672006
2022-01-01,abruzzo,42.22361250096313,13.85327809896639,114.90323,73.71531,75.27037,3.9295514,8.575883,0.040615067,2.1061044
2022-02-01,abruzzo,42.22361250096313,13.85327809896639,216.11786,71.123726,109.94431,5.65799,10.696732,1.7559866,2.3078935
2022-03-01,abruzzo,42.22361250096313,13.85327809896639,140.4742,63.259808,160.71623,5.327681,11.116883,1.0641279,1.9650164
2022-04-01,abruzzo,42.22361250096313,13.85327809896639,267.99,69.67641,197.9079,9.268613,15.350127,4.4686723,2.223681
2022-05-01,abruzzo,42.22361250096313,13.85327809896639,103.35807,69.35601,207.78403,16.38054,23.203085,11.124832,1.7734417
2022-06-01,abruzzo,42.22361250096313,13.85327809896639,152.71,58.345078,244.07826,21.926882,29.406342,15.926482,2.2186978
2022-07-01,abruzzo,42.22361250096313,13.85327809896639,116.5258,57.061142,247.10991,23.596369,31.167088,17.763578,2.3851175
2022-08-01,abruzzo,42.22361250096313,13.85327809896639,222.82904,68.63973,197.98305,21.167423,28.404325,16.364704,2.0648222
2022-09-01,abruzzo,42.22361250096313,13.85327809896639,492.5467,76.94505,153.86441,16.47705,22.42868,12.281945,1.9328784
2022-10-01,abruzzo,42.22361250096313,13.85327809896639,36.10968,77.02557,134.97157,14.799888,21.186695,10.48854,1.7052106
2022-11-01,abruzzo,42.22361250096313,13.85327809896639,827.7367,83.33404,76.000565,8.921047,13.31641,5.630345,1.746243
2022-12-01,abruzzo,42.22361250096313,13.85327809896639,554.7065,88.0109,58.414707,7.402201,11.565166,4.344855,1.3435018
2023-01-01,abruzzo,42.22361250096313,13.85327809896639,688.5355,83.47772,66.55577,4.3204894,8.734415,1.1165363,1.8593847
2023-02-01,abruzzo,42.22361250096313,13.85327809896639,186.16072,72.1869,112.86108,4.49951,10.063756,0.3778269,2.2100334
2023-03-01,abruzzo,42.22361250096313,13.85327809896639,266.29034,77.70935,151.39337,7.834508,13.366563,3.7300026,2.096252
2023-04-01,abruzzo,42.22361250096313,13.85327809896639,385.65997,77.85602,178.05312,8.489192,13.988826,4.308401,2.188907
2023-05-01,abruzzo,42.22361250096313,13.85327809896639,715.2645,85.19341,162.61864,13.669322,18.878305,10.148455,1.9720777
2023-06-01,abruzzo,42.22361250096313,13.85327809896639,361.5467,77.191154,235.1096,18.788456,25.309252,13.998997,1.8778163
2023-07-01,abruzzo,42.22361250096313,13.85327809896639,47.13871,65.16063,270.61646,23.893524,31.204454,18.086227,2.2521157
2023-08-01,abruzzo,42.22361250096313,13.85327809896639,246.46454,66.433586,227.78595,21.751001,29.210276,16.280716,2.0708964
2023-09-01,abruzzo,42.22361250096313,13.85327809896639,145.07,69.445076,172.29747,19.283688,25.90661,14.72022,1.9919376
2023-10-01,abruzzo,42.22361250096313,13.85327809896639,299.0871,75.61247,121.32996,16.149124,22.13841,11.9276285,2.0795379
2023-11-01,abruzzo,42.22361250096313,13.85327809896639,778.68335,84.556145,68.944916,8.934004,13.062876,5.534316,2.2028785
2023-12-01,abruzzo,42.22361250096313,13.85327809896639,161.2742,81.64746,64.333244,7.9524436,10.619679,5.3161974,1.9337234
2024-01-01,abruzzo,42.22361250096313,13.85327809896639,274.7387,79.9533,72.02296,6.8081055,9.587077,4.3638515,1.9590404
2024-02-01,abruzzo,42.22361250096313,13.85327809896639,383.36896,77.71932,100.25862,8.435432,11.696604,5.759401,2.5098686
2024-03-01,abruzzo,42.22361250096313,13.85327809896639,497.7742,81.67799,131.883,9.062584,12.64506,6.2297807,2.380965
2024-04-01,abruzzo,42.22361250096313,13.85327809896639,210.66,75.38621,189.51355,11.641455,16.4666,7.787228,2.3832881
2024-05-01,abruzzo,42.22361250096313,13.85327809896639,129.63548,77.56383,124.387375,14.660461,18.639969,10.919231,2.2425342
2024-06-01,abruzzo,42.22361250096313,13.85327809896639,60.49667,70.16525,227.71977,19.845268,25.452946,15.401104,2.2988787
2024-07-01,abruzzo,42.22361250096313,13.85327809896639,81.2,61.160835,241.0279,23.893986,29.829102,19.30297,2.2641578
2024-08-01,abruzzo,42.22361250096313,13.85327809896639,80.938705,66.129326,134.36932,24.39363,30.525503,19.942066,1.9122744
2024-09-01,abruzzo,42.22361250096313,13.85327809896639,450.71667,79.010345,154.76752,17.517117,22.160784,13.934279,1.9618077
2024-10-01,abruzzo,42.22361250096313,13.85327809896639,452.3742,87.52835,111.71596,15.128946,18.931524,12.254272,1.7145298
2024-11-01,abruzzo,42.22361250096313,13.85327809896639,213.10999,75.98244,71.36949,10.290821,13.646278,6.78698,1.8262628
2024-12-01,abruzzo,42.22361250096313,13.85327809896639,584.4774,73.756325,67.2064,6.650525,9.272107,3.5317469,1.855369
2000-01-01,molise,41.68099480367373,14.592110488315654,21.932259,76.657486,79.67375,4.0459747,7.8819942,1.2109164,2.207947
2000-02-01,molise,41.68099480367373,14.592110488315654,38.448277,78.70787,108.27508,5.0953603,10.079984,2.0265281,2.6686363
2000-03-01,molise,41.68099480367373,14.592110488315654,63.119354,80.70772,158.37169,7.273724,13.325894,4.279186,2.7061803
2000-04-01,molise,41.68099480367373,14.592110488315654,81.770004,81.47806,189.27348,12.234984,17.75541,9.193795,2.8864622
2000-05-01,molise,41.68099480367373,14.592110488315654,37.212906,77.33688,243.62389,17.279463,23.355299,13.523203,1.9768182
2000-06-01,molise,41.68099480367373,14.592110488315654,41.506668,70.00512,268.52805,20.974627,27.120068,16.338764,2.4412575
2000-07-01,molise,41.68099480367373,14.592110488315654,23.345161,67.84941,280.25952,22.204382,28.407537,17.462397,2.729252
2000-08-01,molise,41.68099480367373,14.592110488315654,3.1387095,68.03489,259.49637,24.200628,31.171919,19.70461,1.7385556
2000-09-01,molise,41.68099480367373,14.592110488315654,24.396667,71.324554,176.5818,18.861408,24.068817,14.758856,2.141462
2000-10-01,molise,41.68099480367373,14.592110488315654,71.490326,85.82089,107.56672,15.575836,19.810595,11.71239,1.673233
2000-11-01,molise,41.68099480367373,14.592110488315654,135.04001,85.38834,75.62349,11.472348,15.26672,8.703795,2.7715833
2000-12-01,molise,41.68099480367373,14.592110488315654,89.77419,83.64991,64.231674,8.531459,12.573542,5.557852,1.812148
2001-01-01,molise,41.68099480367373,14.592110488315654,103.283875,85.10576,59.89736,7.95052,10.555337,5.256693,1.8929985
2001-02-01,molise,41.68099480367373,14.592110488315654,58.14286,78.88232,106.71429,6.7277346,10.583433,4.0835066,2.3771346
2001-03-01,molise,41.68099480367373,14.592110488315654,43.238712,86.298065,142.239,11.834018,16.576818,8.901496,2.4959238
2001-04-01,molise,41.68099480367373,14.592110488315654,88.26,79.43936,184.25606,10.258719,15.292902,7.175734,2.0370378
2001-05-01,molise,41.68099480367373,14.592110488315654,20.64516,78.791145,220.11656,16.866913,22.311129,13.324207,1.9843109
2001-06-01,molise,41.68099480367373,14.592110488315654,32.073334,67.165764,266.8174,19.295704,26.076666,15.798523,2.236212
2001-07-01,molise,41.68099480367373,14.592110488315654,1.1709677,68.008736,265.66937,22.449194,29.124817,18.924553,1.8708577
2001-08-01,molise,41.68099480367373,14.592110488315654,8.703226,70.38587,251.07184,23.519564,30.36566,19.99132,1.5082477
2001-09-01,molise,41.68099480367373,14.592110488315654,34.89,76.10008,183.51894,17.237394,22.448212,13.751331,1.8034848
2001-10-01,molise,41.68099480367373,14.592110488315654,7.3677416,81.43855,143.36143,17.23239,22.856468,14.016341,1.417214
2001-11-01,molise,41.68099480367373,14.592110488315654,116.46667,74.00778,76.84016,10.044855,12.9091215,6.7951207,2.0658863
2001-12-01,molise,41.68099480367373,14.592110488315654,65.396774,68.230125,59.504395,4.267009,6.3005276,1.3403958,2.3279912
2002-01-01,molise,41.68099480367373,14.592110488315654,38.980644,75.96219,78.15469,4.914406,8.453922,1.4854766,1.7644649
2002-02-01,molise,41.68099480367373,14.592110488315654,37.05,84.18228,100.52354,8.562606,12.858855,5.258823,2.106055
2002-03-01,molise,41.68099480367373,14.592110488315654,28.325808,76.45232,147.36876,10.477214,14.468292,6.8155856,2.2967668
2002-04-01,molise,41.68099480367373,14.592110488315654,68.293335,79.184494,173.5197,11.582765,15.563681,7.979303,1.6168029
2002-05-01,molise,41.68099480367373,14.592110488315654,65.14516,79.07624,223.15103,15.995102,20.905272,12.577213,1.415843
2002-06-01,molise,41.68099480367373,14.592110488315654,10.440001,70.724236,264.64774,21.069197,26.726612,17.930666,1.6822728
2002-07-01,molise,41.68099480367373,14.592110488315654,48.280647,73.10216,244.36806,21.830542,27.74267,18.703371,1.8679473
2002-08-01,molise,41.68099480367373,14.592110488315654,72.25162,78.89863,214.91718,21.099903,26.722328,17.784039,1.5953664
2002-09-01,molise,41.68099480367373,14.592110488315654,106.816666,77.90417,157.40758,17.362703,21.79499,13.872674,1.6625075
2002-10-01,molise,41.68099480367373,14.592110488315654,49.090324,82.09844,122.725075,14.56434,19.304157,11.0902195,1.8378663
2002-11-01,molise,41.68099480367373,14.592110488315654,28.45,84.88488,69.99394,12.734145,15.740961,9.939993,2.4682577
2002-12-01,molise,41.68099480367373,14.592110488315654,125.980644,85.20411,43.68622,8.049134,9.973739,5.4974337,1.7513931
2003-01-01,molise,41.68099480367373,14.592110488315654,175.08386,75.54026,64.28665,7.298607,9.205242,3.936041,2.7715101
2003-02-01,molise,41.68099480367373,14.592110488315654,28.489286,64.166794,102.68993,3.3652594,5.5384173,-0.5312013,2.1274755
2003-03-01,molise,41.68099480367373,14.592110488315654,47.67742,71.48642,172.83286,8.122463,12.553944,4.801884,2.0194647
2003-04-01,molise,41.68099480367373,14.592110488315654,37.843338,72.20659,197.48485,10.915811,15.197522,7.151977,2.1490984
2003-05-01,molise,41.68099480367373,14.592110488315654,23.390324,68.94395,242.33286,18.139494,24.345177,15.332822,1.8645527
2003-06-01,molise,41.68099480367373,14.592110488315654,23.880001,64.94083,274.70456,22.873589,29.461205,19.7015,1.6713333
2003-07-01,molise,41.68099480367373,14.592110488315654,3.364516,60.727757,280.84973,23.908936,30.352001,20.567696,1.8087977
2003-08-01,molise,41.68099480367373,14.592110488315654,27.893549,61.886326,246.64737,24.783325,31.258049,21.690187,1.7346188
2003-09-01,molise,41.68099480367373,14.592110488315654,58.04,70.22691,178.12802,18.210272,22.634212,14.533704,1.5264622
2003-10-01,molise,41.68099480367373,14.592110488315654,118.20968,76.09932,109.13343,14.379749,18.02511,10.947214,2.4153886
2003-11-01,molise,41.68099480367373,14.592110488315654,39.353333,83.34945,74.26818,12.264817,14.171113,8.71894,1.8468711
2003-12-01,molise,41.68099480367373,14.592110488315654,76.267746,74.51726,59.747803,7.551063,8.700741,3.551921,2.1621847
2004-01-01,molise,41.68099480367373,14.592110488315654,97.2258,65.51746,64.337975,5.515645,7.624736,2.0578375,2.3977714
2004-02-01,molise,41.68099480367373,14.592110488315654,96.04138,69.413605,95.7696,7.316473,10.328292,3.4768648,2.3071864
2004-03-01,molise,41.68099480367373,14.592110488315654,55.451614,67.78925,138.78886,8.360535,11.852295,4.292265,1.7609385
2004-04-01,molise,41.68099480367373,14.592110488315654,139.12334,74.5716,159.36212,11.474977,15.356765,8.418894,1.8700454
2004-05-01,molise,41.68099480367373,14.592110488315654,75.619354,68.35084,228.39297,13.778518,18.738863,10.017764,1.9012829
2004-06-01,molise,41.68099480367373,14.592110488315654,69.69666,67.09951,248.9197,19.842363,24.775612,15.964053,1.6263334
2004-07-01,molise,41.68099480367373,14.592110488315654,27.348385,54.92018,269.2192,23.330982,29.60246,19.317785,1.3958873
2004-08-01,molise,41.68099480367373,14.592110488315654,18.180645,59.211838,250.77272,23.258085,29.163963,18.940607,1.4369208
2004-09-01,molise,41.68099480367373,14.592110488315654,57.160004,63.381813,177.20074,19.491804,24.03968,15.350772,1.3027272
2004-10-01,molise,41.68099480367373,14.592110488315654,83.31936,78.19298,121.01321,17.425732,22.11624,14.243167,1.6257991
2004-11-01,molise,41.68099480367373,14.592110488315654,168.14001,68.3173,69.402275,11.383425,13.349969,7.8676286,1.6623334
2004-12-01,molise,41.68099480367373,14.592110488315654,121.3742,70.358406,52.08651,9.634545,11.046356,6.3188047,1.7919941
2005-01-01,molise,41.68099480367373,14.592110488315654,98.3613,61.908436,74.7698,5.8393917,7.687441,1.8472359,1.9050514
2005-02-01,molise,41.68099480367373,14.592110488315654,107.62857,62.394615,92.38556,4.425016,5.855041,0.26965907,1.9937907
2005-03-01,molise,41.68099480367373,14.592110488315654,88.767746,69.904175,153.5975,8.860249,12.864765,4.313387,1.7767887
2005-04-01,molise,41.68099480367373,14.592110488315654,87.96333,69.39658,195.35529,11.812576,15.98931,7.46731,2.1541665
2005-05-01,molise,41.68099480367373,14.592110488315654,7.5774193,64.86044,236.97066,18.064486,22.83035,13.5320015,1.9570014
2005-06-01,molise,41.68099480367373,14.592110488315654,52.78,63.129356,254.5894,21.272045,26.350452,16.492235,1.6517272
2005-07-01,molise,41.68099480367373,14.592110488315654,5.745161,58.94612,267.00732,24.143103,29.78863,19.437874,1.7455719
2005-08-01,molise,41.68099480367373,14.592110488315654,67.9742,66.74973,220.05205,21.676832,26.820951,17.126253,1.476481
2005-09-01,molise,41.68099480367373,14.592110488315654,93.606674,74.78443,166.4144,19.761915,23.859015,15.3851595,1.5060833
2005-10-01,molise,41.68099480367373,14.592110488315654,129.94194,76.01872,115.96995,15.869889,19.149334,11.370528,1.814289
2005-11-01,molise,41.68099480367373,14.592110488315654,247.08334,77.38006,75.39697,10.86425,12.792364,6.9822874,1.8942424
2005-12-01,molise,41.68099480367373,14.592110488315654,173.58386,74.84663,56.816715,7.013284,8.614816,3.2180793,1.8266861
2006-01-01,molise,41.68099480367373,14.592110488315654,75.82903,71.23807,70.304985,6.060234,6.751745,1.7170087,1.4484237
2006-02-01,molise,41.68099480367373,14.592110488315654,109.52143,68.71982,100.665596,6.8795123,10.440787,3.1156168,1.7051785
2006-03-01,molise,41.68099480367373,14.592110488315654,105.53871,74.006966,125.09751,8.178842,11.918687,4.752522,1.857676
2006-04-01,molise,41.68099480367373,14.592110488315654,63.656666,71.77373,180.90303,13.23975,18.12081,9.341568,1.5908711
2006-05-01,molise,41.68099480367373,14.592110488315654,15.141935,64.51819,257.66202,17.495403,23.121986,12.916708,1.429736
2006-06-01,molise,41.68099480367373,14.592110488315654,78.003334,60.740524,246.0356,20.699076,26.763006,15.964819,1.3293256
2006-07-01,molise,41.68099480367373,14.592110488315654,44.174194,60.423283,261.94577,24.25385,30.466093,18.736357,1.1697652
2006-08-01,molise,41.68099480367373,14.592110488315654,43.451614,65.49494,228.90982,22.04885,28.165234,16.954206,1.3363636
2006-09-01,molise,41.68099480367373,14.592110488315654,163.78,69.24021,173.62802,20.569304,26.53972,15.73187,1.1883258
2006-10-01,molise,41.68099480367373,14.592110488315654,14.906452,70.61014,128.14076,17.165321,22.710169,12.546444,1.2648094
2006-11-01,molise,41.68099480367373,14.592110488315654,69.0,76.271194,90.617424,11.048985,16.444847,6.8800826,1.1905833
2006-12-01,molise,41.68099480367373,14.592110488315654,34.080647,72.51004,62.970676,9.288658,13.493328,5.564523,1.2923754
2007-01-01,molise,41.68099480367373,14.592110488315654,63.541935,80.18873,82.661285,8.485315,12.708094,5.042192,1.5347066
2007-02-01,molise,41.68099480367373,14.592110488315654,135.56429,76.88189,96.91639,8.967118,12.794999,5.3792934,1.653474
2007-03-01,molise,41.68099480367373,14.592110488315654,120.18387,73.99566,124.25,10.191876,14.262631,6.391107,1.6988196
2007-04-01,molise,41.68099480367373,14.592110488315654,36.86,67.68889,222.60985,14.655151,20.031462,9.710529,1.0498182
2007-05-01,molise,41.68099480367373,14.592110488315654,111.94517,74.86185,241.09605,17.225828,22.271803,12.476282,1.4025587
2007-06-01,molise,41.68099480367373,14.592110488315654,35.793335,70.42791,257.0894,21.19084,26.88794,15.830841,1.1303636
2007-07-01,molise,41.68099480367373,14.592110488315654,0.0,54.739037,288.06232,24.477251,30.988415,18.085,1.4233723
2007-08-01,molise,41.68099480367373,14.592110488315654,5.4419355,58.359276,240.8959,24.008116,30.377222,17.83709,1.2242814
2007-09-01,molise,41.68099480367373,14.592110488315654,35.46,62.25323,182.42426,18.369017,24.322008,12.516061,1.1464772
2007-10-01,molise,41.68099480367373,14.592110488315654,107.83548,68.33437,109.84091,15.246108,20.025225,10.395688,1.3032112
2007-11-01,molise,41.68099480367373,14.592110488315654,86.47667,70.30726,74.564384,9.635136,13.617204,5.445091,1.6052953
2007-12-01,molise,41.68099480367373,14.592110488315654,88.29355,70.70319,61.867306,6.8889146,11.043197,2.4857404,1.5830132
2008-01-01,molise,41.68099480367373,14.592110488315654,125.16452,75.62395,67.838715,8.042609,12.115058,4.262815,1.4830571
2008-02-01,molise,41.68099480367373,14.592110488315654,35.768967,71.38317,112.749214,7.332915,12.205979,3.006434,1.537939
2008-03-01,molise,41.68099480367373,14.592110488315654,224.58388,80.55633,130.83284,9.025644,13.70393,5.374919,1.7303151
2008-04-01,molise,41.68099480367373,14.592110488315654,157.12,74.59968,183.1697,11.89866,17.15853,7.9203477,1.6886894
2008-05-01,molise,41.68099480367373,14.592110488315654,97.45807,69.14722,238.43036,16.847214,22.772615,12.1726465,1.2501173
2008-06-01,molise,41.68099480367373,14.592110488315654,119.73,72.75225,244.0144,20.746227,26.442871,16.143915,1.4346591
2008-07-01,molise,41.68099480367373,14.592110488315654,20.880646,65.89683,267.06964,23.299963,29.502478,18.147522,1.3533064
2008-08-01,molise,41.68099480367373,14.592110488315654,11.851612,62.284958,257.46262,24.012579,30.814924,18.465044,1.2780353
2008-09-01,molise,41.68099480367373,14.592110488315654,62.069996,67.57307,167.78789,18.646717,24.521235,13.990098,1.3097575
2008-10-01,molise,41.68099480367373,14.592110488315654,112.06774,78.6417,130.62904,16.011364,21.674568,11.330513,1.1723826
2008-11-01,molise,41.68099480367373,14.592110488315654,284.75665,82.167534,73.390144,11.473243,15.535113,7.717348,1.6716212
2008-12-01,molise,41.68099480367373,14.592110488315654,239.33548,78.67116,53.074047,7.149487,11.395168,4.083013,1.5832771
2009-01-01,molise,41.68099480367373,14.592110488315654,302.36453,81.43389,55.807186,6.7898602,10.354288,3.9196188,1.8031449
2009-02-01,molise,41.68099480367373,14.592110488315654,116.09286,68.50048,98.87662,5.0737257,9.698238,1.6541477,2.2718668
2009-03-01,molise,41.68099480367373,14.592110488315654,185.67096,70.4561,139.18695,8.269091,13.431906,4.634516,2.5089808
2009-04-01,molise,41.68099480367373,14.592110488315654,178.08333,75.94974,168.64395,12.4199095,17.81613,9.239568,1.7304317
2009-05-01,molise,41.68099480367373,14.592110488315654,48.548386,66.506836,250.17596,18.173805,24.573658,13.090668,1.7906303
2009-06-01,molise,41.68099480367373,14.592110488315654,214.26334,73.901024,255.8856,19.639166,25.371386,15.449234,2.0163484
2009-07-01,molise,41.68099480367373,14.592110488315654,51.422585,68.04593,279.51465,23.008379,29.13761,18.10761,1.9527932
2009-08-01,molise,41.68099480367373,14.592110488315654,1.0870968,63.62106,248.60043,24.33,31.247797,19.382866,1.6576905
2009-09-01,molise,41.68099480367373,14.592110488315654,115.94666,71.27768,168.3,19.72899,25.70681,16.005537,1.7805455
2009-10-01,molise,41.68099480367373,14.592110488315654,120.70323,75.87212,117.03592,14.054846,19.538666,10.445344,1.7071041
2009-11-01,molise,41.68099480367373,14.592110488315654,184.36334,84.22877,81.5053,10.984008,15.785529,7.596674,1.9413258
2009-12-01,molise,41.68099480367373,14.592110488315654,273.94193,82.10546,55.307186,7.8384457,11.316671,4.908827,2.0469794
2010-01-01,molise,41.68099480367373,14.592110488315654,207.58064,77.97666,58.211136,5.5374336,9.619332,2.5577273,1.6940395
2010-02-01,molise,41.68099480367373,14.592110488315654,281.17502,80.98144,87.10715,6.6476703,10.934204,3.6454544,2.0268748
2010-03-01,molise,41.68099480367373,14.592110488315654,129.69678,75.5722,143.38637,8.504311,13.773049,5.0634823,1.8807918
2010-04-01,molise,41.68099480367373,14.592110488315654,125.44333,74.79505,185.24167,12.127469,17.470833,8.501189,1.7299771
2010-05-01,molise,41.68099480367373,14.592110488315654,135.63548,76.77692,208.95015,15.080542,20.56684,11.168614,2.564201
2010-06-01,molise,41.68099480367373,14.592110488315654,129.60667,71.696465,238.38788,19.61759,25.485075,15.089499,2.5085533
2010-07-01,molise,41.68099480367373,14.592110488315654,49.52581,70.2359,267.91718,23.149933,29.572975,18.563679,2.3274267
2010-08-01,molise,41.68099480367373,14.592110488315654,2.4967742,67.833305,246.60117,22.943968,29.560167,18.080147,1.6075953
2010-09-01,molise,41.68099480367373,14.592110488315654,84.01333,72.102196,166.59091,18.217901,24.64281,14.107688,1.6844772
2010-10-01,molise,41.68099480367373,14.592110488315654,102.3484,77.62663,104.517586,14.073409,19.223211,10.411869,1.5114735
2010-11-01,molise,41.68099480367373,14.592110488315654,529.99,87.076,70.66061,10.997189,15.134795,7.7287807,1.7333863
2010-12-01,molise,41.68099480367373,14.592110488315654,178.6387,76.52584,60.253666,6.3338346,10.370754,3.012089,1.7548386
2011-01-01,molise,41.68099480367373,14.592110488315654,91.4,78.80966,69.93915,6.430763,10.7553,3.6687095,1.2766935
2011-02-01,molise,41.68099480367373,14.592110488315654,96.63571,67.37886,103.682625,7.1357136,12.445657,3.436737,1.7194805
2011-03-01,molise,41.68099480367373,14.592110488315654,263.02258,75.65593,139.14589,8.437104,13.211407,5.3435187,1.7629838
2011-04-01,molise,41.68099480367373,14.592110488315654,60.99,64.937225,202.23712,13.35419,18.973333,9.023182,1.5144092
2011-05-01,molise,41.68099480367373,14.592110488315654,90.3,71.48969,239.03737,16.109653,22.186415,11.43269,1.6741716
2011-06-01,molise,41.68099480367373,14.592110488315654,52.413338,73.95082,263.20755,20.460876,26.880877,15.722022,1.2799319
2011-07-01,molise,41.68099480367373,14.592110488315654,68.23226,70.48635,266.0352,21.931011,28.497948,16.681004,1.528783
2011-08-01,molise,41.68099480367373,14.592110488315654,0.0,64.483635,267.28885,24.112873,31.088385,18.67801,1.0911729
2011-09-01,molise,41.68099480367373,14.592110488315654,27.210001,66.87495,196.79848,21.722326,28.64103,16.912,1.2201135
2011-10-01,molise,41.68099480367373,14.592110488315654,114.00645,67.29795,127.38709,15.015381,20.821356,10.755652,1.5051613
2011-11-01,molise,41.68099480367373,14.592110488315654,59.65667,75.2398,85.99848,11.161249,16.951902,7.3301287,1.484697
2011-12-01,molise,41.68099480367373,14.592110488315654,174.04193,79.79905,67.0044,7.563417,11.975697,4.3258357,2.1543915
2012-01-01,molise,41.68099480367373,14.592110488315654,49.09677,68.6529,79.51687,4.5580645,9.661429,0.68534464,2.0332844
2012-02-01,molise,41.68099480367373,14.592110488315654,195.63792,70.94095,90.80408,3.4300392,8.582101,-0.44178686,1.8726567
2012-03-01,molise,41.68099480367373,14.592110488315654,23.806452,62.177048,179.3893,10.833922,16.857428,6.4741564,2.1035264
2012-04-01,molise,41.68099480367373,14.592110488315654,207.22668,79.19193,191.24394,11.691485,16.77831,8.117954,2.3181136
2012-05-01,molise,41.68099480367373,14.592110488315654,84.09677,73.44114,226.40762,15.216773,21.364265,10.3744135,1.8545527
2012-06-01,molise,41.68099480367373,14.592110488315654,19.68,68.22734,263.39697,21.925158,28.45444,16.589302,1.8577423
2012-07-01,molise,41.68099480367373,14.592110488315654,83.880646,63.142334,261.80646,24.129723,31.074646,18.693981,2.1853518
2012-08-01,molise,41.68099480367373,14.592110488315654,9.796774,59.155006,262.57843,24.930859,32.2544,19.77335,1.911789
2012-09-01,molise,41.68099480367373,14.592110488315654,222.54666,76.51901,177.06818,19.449242,25.398468,15.517227,1.7560985
2012-10-01,molise,41.68099480367373,14.592110488315654,206.42581,81.54034,125.08725,15.742185,21.659126,11.905351,1.4649998
2012-11-01,molise,41.68099480367373,14.592110488315654,223.45,84.438934,74.5197,12.319226,16.96293,9.099075,2.0896213
2012-12-01,molise,41.68099480367373,14.592110488315654,184.52902,77.32352,61.95601,5.943057,10.69967,2.0944426,1.8839074
2013-01-01,molise,41.68099480367373,14.592110488315654,239.54517,84.411545,64.288124,6.0521336,10.629317,2.7418182,1.7372655
2013-02-01,molise,41.68099480367373,14.592110488315654,170.76428,80.664825,81.693184,4.759951,10.015202,1.1652923,2.0140421
2013-03-01,molise,41.68099480367373,14.592110488315654,253.2484,80.14257,126.92375,8.483079,13.067147,5.4157624,2.095264
2013-04-01,molise,41.68099480367373,14.592110488315654,91.21001,72.09319,212.62047,13.400696,19.278143,9.2125,1.8127955
2013-05-01,molise,41.68099480367373,14.592110488315654,158.45807,77.34394,227.33505,15.44508,21.366325,10.724463,2.1302786
2013-06-01,molise,41.68099480367373,14.592110488315654,55.876667,74.6327,259.00986,19.363022,25.264437,14.257886,1.4564923
2013-07-01,molise,41.68099480367373,14.592110488315654,72.590324,70.29294,274.46042,22.613064,29.09062,17.533218,1.4039149
2013-08-01,molise,41.68099480367373,14.592110488315654,57.73871,65.35886,243.25879,23.739086,30.2375,18.471216,1.4922506
2013-09-01,molise,41.68099480367373,14.592110488315654,127.67667,73.57625,188.21136,19.439856,25.642302,14.646023,1.6182197
2013-10-01,molise,41.68099480367373,14.592110488315654,119.98387,83.16617,127.195015,16.450447,21.961107,12.56593,1.1328151
2013-11-01,molise,41.68099480367373,14.592110488315654,319.92,83.09373,64.95531,10.959446,15.1823635,8.056371,2.106803
2013-12-01,molise,41.68099480367373,14.592110488315654,105.57097,78.850815,68.65176,7.7190905,13.0914,4.1799045,1.3179473
2014-01-01,molise,41.68099480367373,14.592110488315654,248.6742,86.59443,59.092373,7.993182,11.876906,5.028314,1.7378224
2014-02-01,molise,41.68099480367373,14.592110488315654,189.51787,81.69201,96.840096,9.428855,13.947038,6.0842853,1.4058036
2014-03-01,molise,41.68099480367373,14.592110488315654,121.34517,72.58264,147.43915,9.604912,14.601429,5.4073167,1.3119429
2014-04-01,molise,41.68099480367373,14.592110488315654,161.17,78.78037,168.83105,12.302787,17.6975,8.296954,1.329159
2014-05-01,molise,41.68099480367373,14.592110488315654,125.10968,76.47671,223.57477,15.103556,20.85736,10.568761,1.4544355
2014-06-01,molise,41.68099480367373,14.592110488315654,93.84,73.842064,246.55682,19.615599,26.189613,14.621415,2.239659
2014-07-01,molise,41.68099480367373,14.592110488315654,117.05162,77.644165,245.10703,20.726927,26.904552,15.989413,2.5502787
2014-08-01,molise,41.68099480367373,14.592110488315654,1.3935484,73.879036,251.30278,21.993292,28.790167,17.06692,2.1562026
2014-09-01,molise,41.68099480367373,14.592110488315654,156.40334,79.97119,162.32274,18.659681,24.609941,14.383401,2.0579772
2014-10-01,molise,41.68099480367373,14.592110488315654,12.396774,77.78293,126.365105,16.007902,22.054663,11.572163,2.2542303
2014-11-01,molise,41.68099480367373,14.592110488315654,178.42,85.5773,79.239395,12.867751,17.445555,9.024719,2.2403104
2014-12-01,molise,41.68099480367373,14.592110488315654,182.75806,82.18673,62.267593,7.6964436,11.885873,3.6301978,2.2364733
2015-01-01,molise,41.68099480367373,14.592110488315654,179.95807,79.96522,72.62977,6.448299,10.737727,2.406378,2.808211
2015-02-01,molise,41.68099480367373,14.592110488315654,266.85,78.291916,91.06899,6.0148787,10.400211,2.0154626,2.7634737
2015-03-01,molise,41.68099480367373,14.592110488315654,169.69032,74.78594,140.33798,8.917148,13.5708,5.0374265,2.7010262
2015-04-01,molise,41.68099480367373,14.592110488315654,85.89667,72.862785,215.61816,11.79682,17.352726,7.291394,2.636727
2015-05-01,molise,41.68099480367373,14.592110488315654,67.07742,72.66809,237.00952,17.245798,23.504456,12.160015,2.4600809
2015-06-01,molise,41.68099480367373,14.592110488315654,43.81667,70.63637,265.70456,20.225676,26.866371,14.893228,2.4163482
2015-07-01,molise,41.68099480367373,14.592110488315654,8.574193,64.96679,293.8966,25.360151,32.35678,19.878906,2.1410775
2015-08-01,molise,41.68099480367373,14.592110488315654,66.41936,70.39824,248.48682,23.752844,30.147625,18.791832,1.9937977
2015-09-01,molise,41.68099480367373,14.592110488315654,54.633335,67.32503,177.84091,19.955513,25.841425,15.136289,2.2780302
2015-10-01,molise,41.68099480367373,14.592110488315654,263.17743,83.56619,105.71333,14.9106,19.487022,11.607544,2.1597362
2015-11-01,molise,41.68099480367373,14.592110488315654,67.2,83.94866,94.80227,10.918855,15.804855,7.119234,1.7604469
2015-12-01,molise,41.68099480367373,14.592110488315654,0.0,81.10835,84.6305,7.672961,13.234214,3.5939074,1.1787388
2016-01-01,molise,41.68099480367373,14.592110488315654,126.26129,81.20974,73.51392,6.992397,10.999186,3.4776466,2.583563
2016-02-01,molise,41.68099480367373,14.592110488315654,178.58621,84.6458,89.92242,9.02688,13.099436,5.499765,2.861489
2016-03-01,molise,41.68099480367373,14.592110488315654,62.796776,82.53801,123.254395,8.680198,12.643688,4.9431744,2.5771482
2016-04-01,molise,41.68099480367373,14.592110488315654,101.90667,72.15971,184.6909,13.953711,19.24893,9.014242,2.4862878
2016-05-01,molise,41.68099480367373,14.592110488315654,148.05806,78.18615,223.77199,15.102126,20.549318,10.551225,2.5556962
2016-06-01,molise,41.68099480367373,14.592110488315654,127.98667,77.90623,232.66136,19.621477,25.640642,14.800826,2.3737345
2016-07-01,molise,41.68099480367373,14.592110488315654,60.43226,66.6308,261.3145,23.52937,30.323357,17.809288,2.1756525
2016-08-01,molise,41.68099480367373,14.592110488315654,35.65484,67.76199,239.29985,22.53434,29.126745,17.134392,2.2752564
2016-09-01,molise,41.68099480367373,14.592110488315654,134.04333,78.99302,155.98334,18.559977,24.121727,14.343492,1.7422801
2016-10-01,molise,41.68099480367373,14.592110488315654,140.93225,82.21253,108.63856,14.614978,19.568995,10.598929,1.8193474
2016-11-01,molise,41.68099480367373,14.592110488315654,156.46333,83.43769,79.62576,10.64775,15.258864,6.828598,2.280424
2016-12-01,molise,41.68099480367373,14.592110488315654,6.1967745,74.43164,75.65689,6.698189,11.761166,2.6299706,1.6411583
2017-01-01,molise,41.68099480367373,14.592110488315654,137.1871,78.15504,71.23608,3.0812242,6.8485637,-0.14606303,2.4135263
2017-02-01,molise,41.68099480367373,14.592110488315654,98.46072,82.78034,101.06331,8.013758,12.666419,4.275487,1.9485797
2017-03-01,molise,41.68099480367373,14.592110488315654,66.13871,68.36203,168.20013,10.59327,16.283043,5.844127,3.051114
2017-04-01,molise,41.68099480367373,14.592110488315654,75.03,71.192345,209.95001,11.9082575,17.885765,6.7777653,2.5209012
2017-05-01,molise,41.68099480367373,14.592110488315654,92.62903,70.024605,250.04546,16.524061,22.692177,11.187822,2.4143035
2017-06-01,molise,41.68099480367373,14.592110488315654,19.086668,63.23264,279.75833,22.302423,29.329296,16.277962,2.231735
2017-07-01,molise,41.68099480367373,14.592110488315654,37.858063,54.563755,276.6444,23.88128,31.346098,17.356062,2.257104
2017-08-01,molise,41.68099480367373,14.592110488315654,0.0,47.75499,252.71112,25.665077,34.176243,18.627338,2.1321113
2017-09-01,molise,41.68099480367373,14.592110488315654,145.77335,71.89318,173.73409,17.848795,23.757143,12.815704,2.1281817
2017-10-01,molise,41.68099480367373,14.592110488315654,49.56774,71.02144,140.71921,14.663211,20.393776,9.870389,2.091503
2017-11-01,molise,41.68099480367373,14.592110488315654,253.25334,84.912766,75.2106,9.0723715,13.292706,5.4631214,2.2024393
2017-12-01,molise,41.68099480367373,14.592110488315654,245.26453,83.180855,63.975807,5.337999,8.972961,2.0090175,2.5029252
2018-01-01,molise,41.68099480367373,14.592110488315654,76.019356,83.406334,75.60484,7.434744,11.507932,4.042786,2.258607
2018-02-01,molise,41.68099480367373,14.592110488315654,217.825,84.09041,68.46347,4.3124676,8.103661,1.1278653,1.9428653
2018-03-01,molise,41.68099480367373,14.592110488315654,289.6774,84.86788,114.55645,7.7492595,11.936108,4.20316,2.6857917
2018-04-01,molise,41.68099480367373,14.592110488315654,40.69667,68.385895,204.84166,14.529916,20.286263,9.7138405,1.8364015
2018-05-01,molise,41.68099480367373,14.592110488315654,133.51614,81.37871,210.59824,16.64137,22.099913,12.375352,1.2883506
2018-06-01,molise,41.68099480367373,14.592110488315654,60.72,71.11053,237.2644,19.880173,25.73446,15.151682,2.0831816
2018-07-01,molise,41.68099480367373,14.592110488315654,66.18065,68.28198,267.10117,23.051254,29.154573,17.977821,2.3414881
2018-08-01,molise,41.68099480367373,14.592110488315654,47.245163,72.59803,230.16055,22.50898,29.535814,17.813942,2.1138783
2018-09-01,molise,41.68099480367373,14.592110488315654,58.86,72.582146,186.82652,19.393135,25.811195,14.843173,2.1143105
2018-10-01,molise,41.68099480367373,14.592110488315654,174.33871,80.346466,119.321846,15.602052,20.188835,11.906445,2.5973241
2018-11-01,molise,41.68099480367373,14.592110488315654,201.83,84.78407,76.00227,10.673099,14.677537,7.615326,2.3463557
2018-12-01,molise,41.68099480367373,14.592110488315654,86.674194,82.02207,67.10704,6.4222646,10.385227,3.0987902,2.322199
2019-01-01,molise,41.68099480367373,14.592110488315654,153.42258,83.61655,67.664955,3.3195236,6.851378,0.3189443,2.924472
2019-02-01,molise,41.68099480367373,14.592110488315654,87.582146,72.57801,114.87825,6.5845942,11.165438,2.6277192,3.2837012
2019-03-01,molise,41.68099480367373,14.592110488315654,44.751614,70.15686,160.98167,9.611026,14.679245,5.2734313,3.229289
2019-04-01,molise,41.68099480367373,14.592110488315654,83.69667,74.299126,180.61818,11.524644,16.878742,7.2074924,2.567576
2019-05-01,molise,41.68099480367373,14.592110488315654,244.6,85.47493,197.37465,12.145051,16.603394,8.720257,2.7042007
2019-06-01,molise,41.68099480367373,14.592110488315654,13.103333,63.457237,263.94016,22.56053,29.094408,16.7706,2.6406891
2019-07-01,molise,41.68099480367373,14.592110488315654,69.83548,63.619118,267.41275,23.525219,30.20265,18.055988,2.5301247
2019-08-01,molise,41.68099480367373,14.592110488315654,59.051617,59.29602,250.8959,24.586847,31.84724,18.82203,1.8001026
2019-09-01,molise,41.68099480367373,14.592110488315654,76.263336,74.00399,188.93408,19.57425,25.557894,14.936765,2.1380377
2019-10-01,molise,41.68099480367373,14.592110488315654,62.04194,77.470024,141.56232,16.63382,21.798326,11.450219,1.895667
2019-11-01,molise,41.68099480367373,14.592110488315654,403.50336,88.48147,68.29318,11.367644,14.759863,8.506424,2.6031969
2019-12-01,molise,41.68099480367373,14.592110488315654,183.05162,82.45407,68.08724,7.5830135,11.352105,4.351987,2.6567228
2020-01-01,molise,41.68099480367373,14.592110488315654,21.90968,77.24234,88.40909,5.992984,10.760257,2.4201393,2.3650439
2020-02-01,molise,41.68099480367373,14.592110488315654,62.010345,75.864265,124.08386,7.8616138,12.422922,3.9125547,3.4055014
2020-03-01,molise,41.68099480367373,14.592110488315654,120.08064,75.97979,137.80573,8.396341,13.459362,4.1165104,2.8753078
2020-04-01,molise,41.68099480367373,14.592110488315654,75.863335,67.07835,210.9462,12.151431,18.515642,7.1833262,2.7555757
2020-05-01,molise,41.68099480367373,14.592110488315654,56.15161,66.86813,240.39296,17.166267,22.84225,11.369964,3.2099557
2020-06-01,molise,41.68099480367373,14.592110488315654,103.00667,72.97107,292.45984,20.245651,24.323072,14.789825,2.9980834
2020-07-01,molise,41.68099480367373,14.592110488315654,30.916128,63.814915,263.12976,24.168774,29.722315,17.767199,2.6067812
2020-08-01,molise,41.68099480367373,14.592110488315654,29.574194,65.015305,242.88564,23.762323,30.77807,18.281569,2.7143989
2020-09-01,molise,41.68099480367373,14.592110488315654,180.15668,69.14117,165.99925,19.732027,26.11856,14.633978,2.6406817
2020-10-01,molise,41.68099480367373,14.592110488315654,142.66776,84.28555,145.79692,13.04458,17.965322,9.082969,2.5875807
2020-11-01,molise,41.68099480367373,14.592110488315654,115.21666,86.414536,86.75454,10.799265,15.082203,7.468053,2.010765
2020-12-01,molise,41.68099480367373,14.592110488315654,293.75482,88.46418,81.914955,7.125542,10.675814,4.2435117,2.474802
2021-01-01,molise,41.68099480367373,14.592110488315654,306.6226,86.98422,74.35337,4.5454545,7.8408794,1.6958652,2.984736
2021-02-01,molise,41.68099480367373,14.592110488315654,147.76428,78.06336,124.7565,7.653409,12.615706,3.5468102,2.727362
2021-03-01,molise,41.68099480367373,14.592110488315654,106.28387,72.82989,165.1393,7.1665316,12.198533,3.106679,2.8671775
2021-04-01,molise,41.68099480367373,14.592110488315654,75.986664,73.15933,222.43712,9.678908,14.765295,5.206265,2.6558182
2021-05-01,molise,41.68099480367373,14.592110488315654,35.7,72.56003,263.83432,14.805908,20.633686,9.913629,2.9017007
2021-06-01,molise,41.68099480367373,14.592110488315654,45.96,62.94995,253.96817,21.465431,28.195265,15.761666,1.9367121
2021-07-01,molise,41.68099480367373,14.592110488315654,27.106453,58.288597,240.19136,24.101751,31.027388,18.28987,2.448365
2021-08-01,molise,41.68099480367373,14.592110488315654,25.345161,58.22327,246.67813,23.902014,31.074127,18.126848,2.4859676
2021-09-01,molise,41.68099480367373,14.592110488315654,33.753334,68.42577,214.02272,19.358318,25.66012,14.385189,2.1185682
2021-10-01,molise,41.68099480367373,14.592110488315654,97.58065,79.590675,122.07331,12.814406,17.154333,9.316085,2.152632
2021-11-01,molise,41.68099480367373,14.592110488315654,374.64667,88.82796,71.6894,11.08425,14.326644,8.602727,2.217356
2021-12-01,molise,41.68099480367373,14.592110488315654,231.80646,82.46011,68.23094,6.718181,10.246723,3.6490028,2.544032
2022-01-01,molise,41.68099480367373,14.592110488315654,48.603226,73.00907,77.454544,5.1993546,9.1089945,1.8836805,2.325777
2022-02-01,molise,41.68099480367373,14.592110488315654,104.3,70.849625,107.81006,6.8897,11.318498,3.4748535,2.7589936
2022-03-01,molise,41.68099480367373,14.592110488315654,48.645164,65.12015,153.14737,6.2057843,10.837419,2.561862,2.3895967
2022-04-01,molise,41.68099480367373,14.592110488315654,81.41333,70.46142,190.14014,10.5605,16.087938,6.1112347,2.9430528
2022-05-01,molise,41.68099480367373,14.592110488315654,39.558064,70.71984,214.38857,17.42505,23.702654,12.343542,2.0102859
2022-06-01,molise,41.68099480367373,14.592110488315654,70.01,59.262974,246.11061,23.088356,29.954468,17.30909,2.3668332
2022-07-01,molise,41.68099480367373,14.592110488315654,34.11613,57.305202,247.65248,24.672565,31.28227,19.279142,2.2416496
2022-08-01,molise,41.68099480367373,14.592110488315654,88.035484,64.37574,196.33136,22.720894,29.1328,18.024136,2.2145674
2022-09-01,molise,41.68099480367373,14.592110488315654,228.03,75.38094,155.0197,18.105644,23.297691,14.044023,1.7426362
2022-10-01,molise,41.68099480367373,14.592110488315654,22.764517,77.74288,138.71335,16.016943,21.695776,11.815139,1.7596408
2022-11-01,molise,41.68099480367373,14.592110488315654,302.86334,83.360405,76.0394,10.675227,14.791614,7.5958633,2.2920907
2022-12-01,molise,41.68099480367373,14.592110488315654,167.13548,88.574356,62.86217,9.159596,12.902023,6.2439656,1.6578445
2023-01-01,molise,41.68099480367373,14.592110488315654,247.96129,84.04286,67.1195,6.051437,9.876114,2.942038,2.2694206
2023-02-01,molise,41.68099480367373,14.592110488315654,39.157143,75.42329,113.31574,5.9618344,10.613287,2.4313393,2.6941476
2023-03-01,molise,41.68099480367373,14.592110488315654,94.145164,81.02463,151.96922,8.998078,13.882038,5.1702566,2.9652343
2023-04-01,molise,41.68099480367373,14.592110488315654,127.88333,79.12542,181.3485,9.90947,14.861612,6.0273104,2.849144
2023-05-01,molise,41.68099480367373,14.592110488315654,249.85483,85.05923,168.85924,15.08085,19.69132,11.721341,2.3632035
2023-06-01,molise,41.68099480367373,14.592110488315654,138.56667,78.10574,242.40152,20.161713,26.179218,15.577484,2.0149014
2023-07-01,molise,41.68099480367373,14.592110488315654,15.629032,67.305405,275.08212,25.255165,31.943499,19.637917,2.2454984
2023-08-01,molise,41.68099480367373,14.592110488315654,54.24839,66.91712,234.41861,22.98497,29.695246,17.723122,2.4715102
2023-09-01,molise,41.68099480367373,14.592110488315654,50.386665,67.06442,176.62651,20.979357,26.917356,16.48612,2.550788
2023-10-01,molise,41.68099480367373,14.592110488315654,99.29355,77.31857,126.76026,17.644098,23.1661,13.526319,2.4904032
2023-11-01,molise,41.68099480367373,14.592110488315654,288.88,85.68117,70.36136,10.708652,14.387301,7.440674,3.3757048
2023-12-01,molise,41.68099480367373,14.592110488315654,60.19355,83.343994,66.34018,8.934421,12.023129,6.0860486,2.843035
2024-01-01,molise,41.68099480367373,14.592110488315654,111.60645,82.89841,71.5066,7.8509383,11.16107,5.1303806,3.1831741
2024-02-01,molise,41.68099480367373,14.592110488315654,131.94482,78.1903,103.30408,9.4004545,13.433526,6.214937,3.227414
2024-03-01,molise,41.68099480367373,14.592110488315654,146.80646,81.42207,134.6767,10.589905,14.981562,7.05014,3.1880424
2024-04-01,molise,41.68099480367373,14.592110488315654,71.19,75.09736,195.4288,13.076644,18.87831,8.444182,3.0841138
2024-05-01,molise,41.68099480367373,14.592110488315654,40.00645,79.090355,121.31965,15.988614,20.526598,11.637192,2.6842887
2024-06-01,molise,41.68099480367373,14.592110488315654,16.92,71.190674,232.75075,21.730461,27.99868,16.682991,2.6192575
2024-07-01,molise,41.68099480367373,14.592110488315654,38.219357,62.181076,241.25365,25.69511,32.496353,20.219494,2.5106964
2024-08-01,molise,41.68099480367373,14.592110488315654,39.767742,68.19959,119.00586,25.506248,33.03403,20.244164,2.4060044
2024-09-01,molise,41.68099480367373,14.592110488315654,131.66,78.48601,161.55682,18.788189,24.25503,14.784643,2.455409
2024-10-01,molise,41.68099480367373,14.592110488315654,102.62581,87.285515,115.78152,16.308994,20.854647,13.157962,2.285
2024-11-01,molise,41.68099480367373,14.592110488315654,80.47667,76.29567,69.721214,11.644393,15.418113,7.51347,2.637091
2024-12-01,molise,41.68099480367373,14.592110488315654,237.95808,76.21137,69.057915,8.136297,11.325286,4.3874416,2.6909971
2000-01-01,campania,40.861448326204595,14.829480102068475,88.951614,77.33516,82.914795,4.8504133,9.448749,2.568436,2.2337892
2000-02-01,campania,40.861448326204595,14.829480102068475,189.74138,78.58793,109.96766,6.004457,10.807707,3.3733008,2.8088615
2000-03-01,campania,40.861448326204595,14.829480102068475,160.11935,79.74833,164.30345,8.46843,14.404495,6.1080356,2.7683628
2000-04-01,campania,40.861448326204595,14.829480102068475,313.63333,80.259186,195.41148,12.728135,17.551722,9.542471,2.8793561
2000-05-01,campania,40.861448326204595,14.829480102068475,85.322586,77.88657,248.84515,17.943598,23.468311,14.17663,2.3535528
2000-06-01,campania,40.861448326204595,14.829480102068475,97.99667,71.25292,276.68414,21.453562,26.967154,17.080685,2.7425525
2000-07-01,campania,40.861448326204595,14.829480102068475,85.33226,68.88357,288.67053,23.12166,28.070335,18.103388,3.1584685
2000-08-01,campania,40.861448326204595,14.829480102068475,6.835484,70.81849,265.33813,24.82005,30.390848,20.22112,2.3088179
2000-09-01,campania,40.861448326204595,14.829480102068475,131.73334,68.28313,182.41815,19.612005,24.571676,15.964855,2.6355023
2000-10-01,campania,40.861448326204595,14.829480102068475,229.61935,85.35549,116.1486,16.121675,20.899744,12.7536,2.2860649
2000-11-01,campania,40.861448326204595,14.829480102068475,435.53336,84.452675,81.42667,12.190551,16.722363,9.845885,2.7621553
2000-12-01,campania,40.861448326204595,14.829480102068475,342.42578,83.493904,68.68655,9.045875,13.711084,6.9147916,2.0723794
2001-01-01,campania,40.861448326204595,14.829480102068475,340.29352,84.08416,64.73125,8.768812,12.379234,6.5580087,2.4798517
2001-02-01,campania,40.861448326204595,14.829480102068475,188.34286,79.15085,110.84803,7.4395003,12.059574,5.162709,2.9777837
2001-03-01,campania,40.861448326204595,14.829480102068475,172.42258,85.31035,148.54259,12.666304,17.090881,9.469421,3.1917496
2001-04-01,campania,40.861448326204595,14.829480102068475,277.04666,78.78834,192.14206,10.901947,16.043814,7.901221,3.0185776
2001-05-01,campania,40.861448326204595,14.829480102068475,45.280647,79.14181,225.28142,17.468256,23.089708,13.979402,2.5976512
2001-06-01,campania,40.861448326204595,14.829480102068475,72.72667,67.664635,275.01126,20.016186,26.526237,16.479818,2.9800365
2001-07-01,campania,40.861448326204595,14.829480102068475,0.54193544,68.8127,275.80554,23.130402,29.15413,19.696022,2.7120657
2001-08-01,campania,40.861448326204595,14.829480102068475,49.777416,72.297615,257.35327,23.76025,29.8,20.418264,2.2759697
2001-09-01,campania,40.861448326204595,14.829480102068475,73.486664,75.70096,192.91931,18.30209,23.136806,15.092696,2.5437648
2001-10-01,campania,40.861448326204595,14.829480102068475,9.148387,81.21072,149.67632,17.6582,23.204088,14.734894,2.0227065
2001-11-01,campania,40.861448326204595,14.829480102068475,429.21332,74.278786,81.01126,10.756232,14.65393,8.178793,2.8566163
2001-12-01,campania,40.861448326204595,14.829480102068475,255.12582,68.47641,62.109676,4.8338885,8.080576,2.2741826,2.2371516
2002-01-01,campania,40.861448326204595,14.829480102068475,134.53873,75.858086,83.23114,5.6649337,9.8612385,2.3363225,2.2083602
2002-02-01,campania,40.861448326204595,14.829480102068475,139.85358,83.36766,105.414536,9.550829,13.824581,6.366017,2.6936324
2002-03-01,campania,40.861448326204595,14.829480102068475,81.70645,76.46551,152.26051,11.164022,15.806388,7.4098682,2.8677993
2002-04-01,campania,40.861448326204595,14.829480102068475,290.08667,79.31169,184.29036,12.340266,16.876501,8.792147,2.516984
2002-05-01,campania,40.861448326204595,14.829480102068475,161.00967,78.02899,232.71614,16.641506,21.338818,13.001012,2.5274148
2002-06-01,campania,40.861448326204595,14.829480102068475,26.12,69.98529,272.1099,21.762066,26.772224,17.855663,2.3920364
2002-07-01,campania,40.861448326204595,14.829480102068475,132.96774,72.10577,252.53146,22.705904,28.25102,19.371508,2.5776954
2002-08-01,campania,40.861448326204595,14.829480102068475,302.6387,77.27485,225.84517,22.096792,27.413424,18.504963,2.018849
2002-09-01,campania,40.861448326204595,14.829480102068475,330.19666,76.79053,166.4377,18.471426,22.754438,14.6623955,1.9046234
2002-10-01,campania,40.861448326204595,14.829480102068475,237.84195,81.08717,130.12991,15.710091,19.922916,11.950457,2.281518
2002-11-01,campania,40.861448326204595,14.829480102068475,162.25333,84.39432,75.66207,14.084074,17.233116,11.031498,2.7529268
2002-12-01,campania,40.861448326204595,14.829480102068475,427.45483,85.18311,47.541718,9.456589,11.798909,6.5935903,1.8896729
2003-01-01,campania,40.861448326204595,14.829480102068475,545.12585,76.508286,67.624916,8.74894,10.620167,5.1084495,2.530457
2003-02-01,campania,40.861448326204595,14.829480102068475,106.10357,67.36854,107.38448,4.7670417,7.7123375,0.83062065,2.6132874
2003-03-01,campania,40.861448326204595,14.829480102068475,85.15161,73.564285,175.91101,8.941347,13.531708,5.267224,2.5613077
2003-04-01,campania,40.861448326204595,14.829480102068475,114.89334,74.10892,204.53448,11.889066,16.425316,7.890519,2.8146005
2003-05-01,campania,40.861448326204595,14.829480102068475,94.54193,71.57486,251.34392,18.783567,24.79998,15.497383,2.4853756
2003-06-01,campania,40.861448326204595,14.829480102068475,54.13667,65.73137,283.77905,23.380526,29.169693,19.723188,2.2699041
2003-07-01,campania,40.861448326204595,14.829480102068475,64.6871,61.89104,290.44226,24.53815,30.39539,21.157463,2.5362353
2003-08-01,campania,40.861448326204595,14.829480102068475,38.896774,64.95036,252.72371,25.289017,31.323229,21.82586,2.3613324
2003-09-01,campania,40.861448326204595,14.829480102068475,176.43668,71.96964,184.88138,19.441757,23.875954,16.022478,2.3222601
2003-10-01,campania,40.861448326204595,14.829480102068475,514.9839,76.114746,114.53326,16.063974,19.601038,12.860646,2.9796796
2003-11-01,campania,40.861448326204595,14.829480102068475,175.63,83.50497,80.06023,13.526787,16.42378,9.979927,2.4243402
2003-12-01,campania,40.861448326204595,14.829480102068475,318.86774,75.56818,63.05784,8.888552,11.176861,5.1410613,2.6502829
2004-01-01,campania,40.861448326204595,14.829480102068475,338.69354,62.833298,67.22336,6.992062,9.368845,3.4279356,3.1080601
2004-02-01,campania,40.861448326204595,14.829480102068475,303.2,66.94342,100.27467,8.541658,11.767831,4.910756,2.953153
2004-03-01,campania,40.861448326204595,14.829480102068475,269.22903,66.86869,143.80734,9.412901,12.791306,5.679061,2.5922425
2004-04-01,campania,40.861448326204595,14.829480102068475,396.5567,70.98059,168.23311,12.4037695,16.450266,9.615754,2.7157922
2004-05-01,campania,40.861448326204595,14.829480102068475,336.64514,67.56921,237.57753,14.337391,19.187515,11.03846,2.737733
2004-06-01,campania,40.861448326204595,14.829480102068475,155.83667,67.98973,261.05423,20.18928,24.76882,16.504015,2.5231164
2004-07-01,campania,40.861448326204595,14.829480102068475,46.64516,58.429768,279.2723,23.330263,28.909315,19.50206,2.3399756
2004-08-01,campania,40.861448326204595,14.829480102068475,38.074196,63.026527,258.68008,23.591118,29.007776,19.442175,2.3569574
2004-09-01,campania,40.861448326204595,14.829480102068475,200.88,65.89353,183.13655,20.35122,24.974028,16.374414,2.037854
2004-10-01,campania,40.861448326204595,14.829480102068475,308.31937,77.866165,129.17575,18.465199,22.788895,14.924273,2.0295515
2004-11-01,campania,40.861448326204595,14.829480102068475,561.70337,66.768524,74.06896,12.931691,15.009383,8.990696,2.5212076
2004-12-01,campania,40.861448326204595,14.829480102068475,459.51935,70.10182,54.60267,11.561031,13.060351,7.907979,2.3945558
2005-01-01,campania,40.861448326204595,14.829480102068475,420.35806,61.94782,78.4732,7.1699305,9.272183,3.4087985,2.576688
2005-02-01,campania,40.861448326204595,14.829480102068475,503.9,63.578117,97.07464,5.6847634,7.6421237,1.798926,2.776103
2005-03-01,campania,40.861448326204595,14.829480102068475,224.2742,72.675,157.50456,9.548121,13.674901,5.447884,2.4155588
2005-04-01,campania,40.861448326204595,14.829480102068475,285.39667,71.46929,203.62828,12.356965,16.681002,8.351756,2.9514337
2005-05-01,campania,40.861448326204595,14.829480102068475,84.03549,68.884926,245.82268,18.339682,23.08175,14.1869,2.451573
2005-06-01,campania,40.861448326204595,14.829480102068475,62.813335,66.89952,264.3722,21.459757,26.457901,17.27208,2.2730756
2005-07-01,campania,40.861448326204595,14.829480102068475,28.387096,64.584625,275.9506,24.07589,29.377068,19.957268,2.2751348
2005-08-01,campania,40.861448326204595,14.829480102068475,191.5871,68.380684,231.51482,22.447626,27.527838,18.337847,1.9977242
2005-09-01,campania,40.861448326204595,14.829480102068475,371.55334,74.43308,174.52138,20.574852,24.991396,16.790117,1.6468195
2005-10-01,campania,40.861448326204595,14.829480102068475,410.8581,75.45568,123.1297,16.936913,20.608147,12.553764,1.6736234
2005-11-01,campania,40.861448326204595,14.829480102068475,783.04663,75.646225,81.23977,12.304648,15.115199,8.770422,1.9693495
2005-12-01,campania,40.861448326204595,14.829480102068475,610.871,74.517105,60.48676,8.627544,10.594516,4.933388,2.0605764
2006-01-01,campania,40.861448326204595,14.829480102068475,212.81935,75.15598,75.46141,7.5347486,9.198771,3.5237353,1.83228
2006-02-01,campania,40.861448326204595,14.829480102068475,413.55713,71.03817,105.02537,7.9240417,11.378512,4.3856697,2.1320107
2006-03-01,campania,40.861448326204595,14.829480102068475,414.84515,75.28839,129.57686,9.111818,12.762803,5.8657246,2.4237714
2006-04-01,campania,40.861448326204595,14.829480102068475,216.06667,73.89293,188.46574,13.682835,18.202492,10.011715,2.218107
2006-05-01,campania,40.861448326204595,14.829480102068475,37.812904,66.89855,267.26184,17.788961,22.779432,13.49756,2.4209192
2006-06-01,campania,40.861448326204595,14.829480102068475,248.94002,63.341312,256.83493,20.741228,26.13361,16.250769,2.2397077
2006-07-01,campania,40.861448326204595,14.829480102068475,162.53871,65.05023,269.43292,24.305456,29.51745,19.40314,2.0635617
2006-08-01,campania,40.861448326204595,14.829480102068475,185.4129,65.42069,240.58734,22.746885,27.99082,18.359032,2.4834423
2006-09-01,campania,40.861448326204595,14.829480102068475,548.6666,70.534966,181.28185,21.09468,26.158133,16.718372,1.8539956
2006-10-01,campania,40.861448326204595,14.829480102068475,60.638714,71.52178,133.94571,18.26036,23.082052,14.118426,2.0296376
2006-11-01,campania,40.861448326204595,14.829480102068475,251.30334,76.148224,95.99103,12.363788,17.119951,8.382278,2.0612054
2006-12-01,campania,40.861448326204595,14.829480102068475,216.53871,72.49258,65.971306,10.82461,14.396865,7.4796305,1.9917477
2007-01-01,campania,40.861448326204595,14.829480102068475,213.65161,79.23039,86.47675,9.865645,13.679181,6.664312,1.9323179
2007-02-01,campania,40.861448326204595,14.829480102068475,562.72144,77.03375,101.71305,10.179667,13.775566,6.700298,2.225883
2007-03-01,campania,40.861448326204595,14.829480102068475,488.46127,74.69489,130.00311,11.174686,14.882348,7.6681776,2.4542003
2007-04-01,campania,40.861448326204595,14.829480102068475,178.79666,70.63508,227.10666,15.001278,19.58331,10.717579,1.8812692
2007-05-01,campania,40.861448326204595,14.829480102068475,404.5613,76.32538,245.96396,17.55068,22.00591,13.497379,2.181509
2007-06-01,campania,40.861448326204595,14.829480102068475,124.916664,72.899734,266.0283,21.612398,26.590837,16.934145,2.0797122
2007-07-01,campania,40.861448326204595,14.829480102068475,0.0,60.73752,293.22314,24.382374,29.948189,18.953192,2.1666925
2007-08-01,campania,40.861448326204595,14.829480102068475,22.058064,63.30905,250.57397,24.590809,30.037514,19.183527,2.1384048
2007-09-01,campania,40.861448326204595,14.829480102068475,201.13,63.70739,190.10898,19.541296,24.680243,14.528111,2.038902
2007-10-01,campania,40.861448326204595,14.829480102068475,310.00323,67.57802,116.58086,16.585892,20.888535,12.219522,1.8921165
2007-11-01,campania,40.861448326204595,14.829480102068475,397.25668,68.3464,77.08344,11.432064,15.3017645,7.574505,2.1563745
2007-12-01,campania,40.861448326204595,14.829480102068475,310.5,69.65407,64.798,8.548496,12.233163,4.380636,2.138829
2008-01-01,campania,40.861448326204595,14.829480102068475,471.7871,75.965385,72.10612,9.395147,13.119531,5.9260955,1.8799866
2008-02-01,campania,40.861448326204595,14.829480102068475,72.534485,74.25772,115.77456,8.407717,12.907129,4.5180755,2.0372863
2008-03-01,campania,40.861448326204595,14.829480102068475,754.9935,80.7573,135.40977,10.14438,14.5226965,6.734916,2.4210472
2008-04-01,campania,40.861448326204595,14.829480102068475,342.1367,76.10072,190.04346,12.858959,17.724121,9.143231,2.3253927
2008-05-01,campania,40.861448326204595,14.829480102068475,272.16132,68.866974,245.50102,17.66372,23.132086,13.233027,2.0886898
2008-06-01,campania,40.861448326204595,14.829480102068475,256.65,72.58648,257.83813,21.21751,26.31527,17.060759,1.9253653
2008-07-01,campania,40.861448326204595,14.829480102068475,24.358065,69.32113,278.31815,23.824589,29.100578,19.297192,2.0685263
2008-08-01,campania,40.861448326204595,14.829480102068475,10.274193,67.73285,265.1853,24.479855,30.150862,19.882347,1.9212747
2008-09-01,campania,40.861448326204595,14.829480102068475,300.30667,68.82795,176.53471,19.903374,25.085758,15.597825,1.8767167
2008-10-01,campania,40.861448326204595,14.829480102068475,351.68063,80.25894,137.5613,17.152542,22.198195,12.935009,1.7342399
2008-11-01,campania,40.861448326204595,14.829480102068475,871.57666,79.667595,76.89816,13.113759,17.058311,9.447276,2.427573
2008-12-01,campania,40.861448326204595,14.829480102068475,707.9678,76.05192,56.424244,8.786598,12.626006,5.9628344,2.451907
2009-01-01,campania,40.861448326204595,14.829480102068475,1131.5096,80.81097,58.104115,8.491126,11.667935,5.8082223,2.479178
2009-02-01,campania,40.861448326204595,14.829480102068475,390.1643,69.510574,102.93596,6.4504113,10.811271,3.026741,2.9167562
2009-03-01,campania,40.861448326204595,14.829480102068475,641.61615,72.56495,144.64383,9.395311,14.169373,5.7109895,3.248862
2009-04-01,campania,40.861448326204595,14.829480102068475,596.86664,76.41398,175.1,13.263326,18.088629,10.210266,2.4883516
2009-05-01,campania,40.861448326204595,14.829480102068475,158.18387,70.20603,257.31458,18.359991,23.864473,13.828818,2.36443
2009-06-01,campania,40.861448326204595,14.829480102068475,594.01666,75.162834,264.51126,20.275694,25.398525,16.165678,2.7061918
2009-07-01,campania,40.861448326204595,14.829480102068475,71.55807,69.92703,288.2594,23.427052,28.795225,18.781853,2.61401
2009-08-01,campania,40.861448326204595,14.829480102068475,5.348387,68.29339,258.2078,24.977022,30.67432,20.551569,2.1934044
2009-09-01,campania,40.861448326204595,14.829480102068475,370.58667,70.68189,174.35059,20.778406,25.912693,17.314497,2.536064
2009-10-01,campania,40.861448326204595,14.829480102068475,444.5,75.1874,124.164185,15.3589945,20.173817,12.059687,2.3676646
2009-11-01,campania,40.861448326204595,14.829480102068475,623.88336,84.36265,85.61425,12.275579,16.575,9.203374,2.5412374
2009-12-01,campania,40.861448326204595,14.829480102068475,989.18713,81.2856,57.495216,9.637281,13.075746,6.784743,2.6474524
2010-01-01,campania,40.861448326204595,14.829480102068475,633.89355,73.98741,60.971294,7.28462,10.887973,4.551764,2.6076646
2010-02-01,campania,40.861448326204595,14.829480102068475,1058.1858,80.41874,91.071434,8.066776,11.971717,5.111591,2.9413037
2010-03-01,campania,40.861448326204595,14.829480102068475,401.02258,75.8416,145.71457,9.687244,14.398354,6.338278,2.6910162
2010-04-01,campania,40.861448326204595,14.829480102068475,321.02002,75.4736,192.10965,13.206961,18.021547,9.562366,2.4155912
2010-05-01,campania,40.861448326204595,14.829480102068475,447.6194,75.52356,217.99399,16.019093,21.031427,12.193724,2.8291802
2010-06-01,campania,40.861448326204595,14.829480102068475,367.93668,70.90731,249.10114,20.239393,25.342878,16.069693,2.4971323
2010-07-01,campania,40.861448326204595,14.829480102068475,87.37419,70.86237,276.56308,23.798395,29.122896,19.528831,2.4003356
2010-08-01,campania,40.861448326204595,14.829480102068475,0.4516129,68.3879,255.41469,23.689157,29.175846,19.396198,2.395369
2010-09-01,campania,40.861448326204595,14.829480102068475,365.59668,71.451454,176.0561,19.404135,25.04073,15.563782,2.3724408
2010-10-01,campania,40.861448326204595,14.829480102068475,572.41614,74.23682,112.36908,15.603023,20.321184,12.231089,2.3374302
2010-11-01,campania,40.861448326204595,14.829480102068475,1646.5967,85.23799,74.48253,12.75486,16.48665,9.80491,2.6720436
2010-12-01,campania,40.861448326204595,14.829480102068475,491.25482,73.698814,63.70278,8.462313,12.116763,5.4182425,2.5088866
2011-01-01,campania,40.861448326204595,14.829480102068475,324.76776,76.22022,73.57241,8.224951,12.045225,5.5439467,1.9756871
2011-02-01,campania,40.861448326204595,14.829480102068475,340.51785,67.364235,107.343605,8.554263,13.083746,5.4463663,2.4559393
2011-03-01,campania,40.861448326204595,14.829480102068475,829.8968,75.8987,143.25742,9.742029,13.971421,6.937695,2.6757865
2011-04-01,campania,40.861448326204595,14.829480102068475,198.72668,65.690994,208.17516,13.862699,18.748056,9.694209,2.5159907
2011-05-01,campania,40.861448326204595,14.829480102068475,278.74838,71.39921,244.95506,16.605904,21.853094,12.182848,2.456193
2011-06-01,campania,40.861448326204595,14.829480102068475,138.94,74.73474,274.17218,20.98199,26.45294,16.660975,2.2980275
2011-07-01,campania,40.861448326204595,14.829480102068475,110.52903,71.36924,279.99957,22.621447,28.069883,17.818052,2.3801348
2011-08-01,campania,40.861448326204595,14.829480102068475,0.0,68.97767,275.0178,24.259897,30.113611,19.321754,1.9730225
2011-09-01,campania,40.861448326204595,14.829480102068475,153.78,68.886986,203.79541,22.208498,27.987955,17.910896,1.9537876
2011-10-01,campania,40.861448326204595,14.829480102068475,302.53226,64.781006,134.48076,16.305779,21.420992,12.296734,2.2437096
2011-11-01,campania,40.861448326204595,14.829480102068475,167.14667,70.79305,91.30184,13.165036,18.22146,9.277689,2.061968
2011-12-01,campania,40.861448326204595,14.829480102068475,579.2323,77.490555,70.61113,9.144832,13.255219,5.9757504,2.8581438
2012-01-01,campania,40.861448326204595,14.829480102068475,177.56775,68.97427,82.75462,6.0614324,10.634949,2.1044338,2.1086123
2012-02-01,campania,40.861448326204595,14.829480102068475,664.09314,69.54134,96.41855,5.304994,9.51738,1.5147514,2.5615187
2012-03-01,campania,40.861448326204595,14.829480102068475,96.716125,63.938778,182.54506,11.367694,16.511776,7.0977015,2.482649
2012-04-01,campania,40.861448326204595,14.829480102068475,722.66003,79.07709,198.91495,12.4220295,16.969383,9.066402,2.6690888
2012-05-01,campania,40.861448326204595,14.829480102068475,314.69354,73.9049,238.44717,15.749379,21.044552,11.294243,2.4141119
2012-06-01,campania,40.861448326204595,14.829480102068475,114.71999,71.661545,273.50552,21.989925,27.578314,17.253372,2.317087
2012-07-01,campania,40.861448326204595,14.829480102068475,260.76776,68.80189,270.32968,24.252697,29.901253,19.511955,2.3766217
2012-08-01,campania,40.861448326204595,14.829480102068475,13.451613,64.16487,269.9179,25.0863,31.176172,20.475414,2.0352561
2012-09-01,campania,40.861448326204595,14.829480102068475,616.5334,74.96037,188.33586,20.49112,25.824903,16.837006,2.0677464
2012-10-01,campania,40.861448326204595,14.829480102068475,720.0258,78.716705,131.48566,16.950216,22.190228,13.47395,1.9759655
2012-11-01,campania,40.861448326204595,14.829480102068475,660.7533,81.272415,80.351494,13.770037,17.88622,10.857051,2.413292
2012-12-01,campania,40.861448326204595,14.829480102068475,646.6193,75.06595,66.58999,7.632963,11.708809,4.1135974,2.2672603
2013-01-01,campania,40.861448326204595,14.829480102068475,848.8806,82.20323,67.7564,7.6455703,11.6383915,4.5095105,2.2314496
2013-02-01,campania,40.861448326204595,14.829480102068475,656.88214,78.918396,90.319954,6.273613,10.8173,2.8674755,2.388427
2013-03-01,campania,40.861448326204595,14.829480102068475,879.1484,79.37493,134.64426,9.921611,14.014725,7.0144825,2.8318624
2013-04-01,campania,40.861448326204595,14.829480102068475,304.9167,72.136,220.73631,14.188921,19.401276,10.43645,2.436797
2013-05-01,campania,40.861448326204595,14.829480102068475,346.10324,73.25986,233.57263,16.57079,21.879835,12.043254,2.8559082
2013-06-01,campania,40.861448326204595,14.829480102068475,111.72334,73.19598,270.4683,19.83428,25.026806,15.30051,2.2826233
2013-07-01,campania,40.861448326204595,14.829480102068475,144.72903,69.32137,282.00378,23.172657,28.674448,18.41214,2.1383739
2013-08-01,campania,40.861448326204595,14.829480102068475,173.92581,66.07965,251.55461,24.365213,29.883284,19.544159,2.14346
2013-09-01,campania,40.861448326204595,14.829480102068475,399.64334,72.21449,195.23656,20.382542,25.70689,16.02764,2.2829428
2013-10-01,campania,40.861448326204595,14.829480102068475,447.9097,81.25539,135.92413,17.799479,22.782394,14.173037,1.8193259
2013-11-01,campania,40.861448326204595,14.829480102068475,998.9467,78.62164,70.56207,12.439793,16.355816,9.659395,2.689847
2013-12-01,campania,40.861448326204595,14.829480102068475,378.89035,76.49464,73.3604,9.165954,13.83497,5.984358,1.9664603
2014-01-01,campania,40.861448326204595,14.829480102068475,873.37744,85.90936,63.8505,9.354675,12.914038,6.4411073,2.2184222
2014-02-01,campania,40.861448326204595,14.829480102068475,708.5036,81.38498,103.52364,10.428783,14.495609,7.032591,2.342659
2014-03-01,campania,40.861448326204595,14.829480102068475,438.0,73.316475,150.84383,10.3921795,14.760991,6.2562156,2.5036278
2014-04-01,campania,40.861448326204595,14.829480102068475,451.48334,79.65563,179.89056,12.863378,17.689774,9.047719,2.482251
2014-05-01,campania,40.861448326204595,14.829480102068475,259.4355,77.43581,232.19733,15.582781,20.719492,11.370616,2.3638864
2014-06-01,campania,40.861448326204595,14.829480102068475,229.42001,73.03499,260.3154,20.46854,26.207022,15.743558,2.5490706
2014-07-01,campania,40.861448326204595,14.829480102068475,385.02258,76.94404,255.48343,21.482311,26.994997,17.058401,2.768619
2014-08-01,campania,40.861448326204595,14.829480102068475,11.435484,75.62345,264.90054,22.836395,28.69914,18.300371,2.4132457
2014-09-01,campania,40.861448326204595,14.829480102068475,482.54666,78.476036,173.71931,20.011354,25.367386,15.873417,2.145468
2014-10-01,campania,40.861448326204595,14.829480102068475,36.496773,75.63473,134.65495,17.399494,22.816296,13.142275,2.2443967
2014-11-01,campania,40.861448326204595,14.829480102068475,553.71,84.12565,84.342064,14.3140545,18.037998,10.865558,2.1969202
2014-12-01,campania,40.861448326204595,14.829480102068475,599.2484,80.54168,66.42403,9.349059,12.9348345,5.3982134,2.2966483
2015-01-01,campania,40.861448326204595,14.829480102068475,634.47095,79.03371,77.01424,7.7122407,11.569412,3.8417506,2.4988887
2015-02-01,campania,40.861448326204595,14.829480102068475,920.4929,76.817215,97.288666,7.071323,11.249532,3.2568548,2.599107
2015-03-01,campania,40.861448326204595,14.829480102068475,590.81616,73.528145,144.92926,10.023915,14.138137,6.1921663,2.768714
2015-04-01,campania,40.861448326204595,14.829480102068475,242.47333,74.4259,221.77426,12.391957,17.33949,8.023579,2.7126164
2015-05-01,campania,40.861448326204595,14.829480102068475,123.28065,75.02766,248.0536,17.711452,23.18745,12.890266,2.7134466
2015-06-01,campania,40.861448326204595,14.829480102068475,160.58334,73.216606,279.26138,20.819983,26.57754,15.769622,2.3824384
2015-07-01,campania,40.861448326204595,14.829480102068475,17.796776,69.183136,306.03336,25.572401,31.386948,20.416615,2.342892
2015-08-01,campania,40.861448326204595,14.829480102068475,210.7258,71.87891,259.2932,24.35722,29.768885,19.72874,2.2586744
2015-09-01,campania,40.861448326204595,14.829480102068475,179.56668,67.39479,187.61472,21.169678,26.204397,16.609533,2.4065752
2015-10-01,campania,40.861448326204595,14.829480102068475,792.9452,82.49687,115.34372,16.38416,20.551132,12.924199,2.2376425
2015-11-01,campania,40.861448326204595,14.829480102068475,246.79,83.16858,97.117935,11.529328,16.35012,7.521524,2.2526915
2015-12-01,campania,40.861448326204595,14.829480102068475,3.3096774,82.084915,91.767746,8.0117035,13.633237,3.7380893,1.5269729
2016-01-01,campania,40.861448326204595,14.829480102068475,400.30322,79.87759,78.0049,8.371391,12.156422,5.0431705,2.6469798
2016-02-01,campania,40.861448326204595,14.829480102068475,614.9207,82.39076,95.98906,9.908075,13.8556595,5.9742594,2.8929784
2016-03-01,campania,40.861448326204595,14.829480102068475,292.20645,82.583954,127.88387,9.283857,13.092433,5.3320665,2.7507224
2016-04-01,campania,40.861448326204595,14.829480102068475,272.38666,72.360275,190.03195,14.2244005,19.922083,8.88768,2.6283288
2016-05-01,campania,40.861448326204595,14.829480102068475,481.75806,76.57218,231.25673,15.369774,20.52386,10.549906,2.7784092
2016-06-01,campania,40.861448326204595,14.829480102068475,223.27667,75.100204,243.7347,19.875193,25.670643,14.560843,2.652856
2016-07-01,campania,40.861448326204595,14.829480102068475,195.07419,68.23831,271.90234,23.225655,29.776623,17.05617,2.4301567
2016-08-01,campania,40.861448326204595,14.829480102068475,67.22258,70.09441,247.23804,22.100744,28.55957,16.508348,2.419527
2016-09-01,campania,40.861448326204595,14.829480102068475,503.44,78.79643,163.8177,18.521135,24.075054,14.0384865,2.1114748
2016-10-01,campania,40.861448326204595,14.829480102068475,706.6097,82.4385,117.76351,15.35762,20.277485,11.432654,2.2666657
2016-11-01,campania,40.861448326204595,14.829480102068475,680.0867,81.81577,86.203445,11.965083,16.531227,8.325296,2.4648538
2016-12-01,campania,40.861448326204595,14.829480102068475,36.02903,74.80617,81.15485,7.3574615,12.361318,3.0694082,2.0269089
2017-01-01,campania,40.861448326204595,14.829480102068475,486.66452,79.16932,74.49411,3.9528985,7.4221134,0.7738821,2.7285018
2017-02-01,campania,40.861448326204595,14.829480102068475,321.0,81.47546,107.84236,8.878293,13.135066,5.17318,2.7865067
2017-03-01,campania,40.861448326204595,14.829480102068475,214.92903,70.33179,171.16084,10.6929035,16.04252,5.8409944,2.9886103
2017-04-01,campania,40.861448326204595,14.829480102068475,157.94667,72.73893,219.86621,12.245745,17.799944,6.9837813,2.751897
2017-05-01,campania,40.861448326204595,14.829480102068475,131.15807,70.320915,257.05298,16.825409,22.6711,11.156527,2.6859345
2017-06-01,campania,40.861448326204595,14.829480102068475,24.546667,67.04285,287.56573,22.129236,28.517157,16.134254,2.6888287
2017-07-01,campania,40.861448326204595,14.829480102068475,75.42258,58.50524,277.64917,23.743675,30.477072,17.318735,2.7210007
2017-08-01,campania,40.861448326204595,14.829480102068475,0.0,56.5514,257.47522,25.073124,32.452385,18.504524,2.3861334
2017-09-01,campania,40.861448326204595,14.829480102068475,450.24002,71.03287,183.78851,18.683916,23.853666,13.793906,2.5347466
2017-10-01,campania,40.861448326204595,14.829480102068475,88.48065,72.04943,146.39377,15.292412,21.198277,10.347197,2.340811
2017-11-01,campania,40.861448326204595,14.829480102068475,811.42334,81.34276,81.27793,10.347491,14.839689,6.5372047,2.570443
2017-12-01,campania,40.861448326204595,14.829480102068475,826.371,79.40206,67.23292,6.363388,10.17018,2.7215216,2.8790233
2018-01-01,campania,40.861448326204595,14.829480102068475,357.73547,79.942635,80.23159,8.424025,12.585697,4.7508183,2.5173376
2018-02-01,campania,40.861448326204595,14.829480102068475,953.2536,81.676956,75.772415,5.6667733,9.299375,2.3770936,2.4622135
2018-03-01,campania,40.861448326204595,14.829480102068475,953.7484,83.103516,121.057625,8.990329,12.989573,5.3500557,3.1379364
2018-04-01,campania,40.861448326204595,14.829480102068475,120.97001,70.26917,209.837,15.038607,20.58845,10.076132,2.4010477
2018-05-01,campania,40.861448326204595,14.829480102068475,416.9968,79.088,218.56773,17.017462,22.245483,12.585717,2.1029825
2018-06-01,campania,40.861448326204595,14.829480102068475,201.65334,70.84158,247.23976,20.219421,25.912909,15.022397,2.3938608
2018-07-01,campania,40.861448326204595,14.829480102068475,108.229034,68.46045,276.20068,23.50286,29.548191,17.99894,2.2451854
2018-08-01,campania,40.861448326204595,14.829480102068475,240.12903,75.04343,239.0336,22.635927,29.412804,17.900127,2.0329583
2018-09-01,campania,40.861448326204595,14.829480102068475,148.26999,72.79541,194.06207,19.969965,26.093945,15.325712,2.1640046
2018-10-01,campania,40.861448326204595,14.829480102068475,613.7839,79.52674,125.81091,16.667517,21.54267,12.807466,2.7377331
2018-11-01,campania,40.861448326204595,14.829480102068475,871.17004,83.655304,83.64161,11.714697,16.05929,8.415525,2.2978492
2018-12-01,campania,40.861448326204595,14.829480102068475,228.0484,80.257,71.853836,7.8948493,12.006402,4.316218,2.169655
2019-01-01,campania,40.861448326204595,14.829480102068475,713.35486,82.82267,71.82046,4.3552055,7.9209757,1.1089634,2.5564914
2019-02-01,campania,40.861448326204595,14.829480102068475,239.99643,73.14608,119.32684,7.263869,11.883746,3.128537,3.0515313
2019-03-01,campania,40.861448326204595,14.829480102068475,168.93549,72.22366,164.79843,10.145155,15.148567,5.6780996,3.0846376
2019-04-01,campania,40.861448326204595,14.829480102068475,263.9167,74.81949,190.1377,12.1418295,17.200163,7.6399784,2.7601073
2019-05-01,campania,40.861448326204595,14.829480102068475,737.4226,84.236435,209.25095,12.793369,17.006924,9.136926,2.9013784
2019-06-01,campania,40.861448326204595,14.829480102068475,61.590004,65.51633,266.0816,22.732523,29.219963,16.79141,2.6270936
2019-07-01,campania,40.861448326204595,14.829480102068475,149.49677,66.21984,277.64963,23.785133,30.121815,18.091965,2.6818602
2019-08-01,campania,40.861448326204595,14.829480102068475,71.94516,64.71982,259.69812,24.616423,31.651731,18.89707,2.1338596
2019-09-01,campania,40.861448326204595,14.829480102068475,235.37,73.3346,197.10898,20.233688,26.11972,15.4754715,2.4999928
2019-10-01,campania,40.861448326204595,14.829480102068475,211.27097,77.774605,149.50545,16.64825,22.574684,11.883161,2.2315357
2019-11-01,campania,40.861448326204595,14.829480102068475,1551.16,85.77822,75.02391,12.488197,16.013813,9.45505,2.7207556
2019-12-01,campania,40.861448326204595,14.829480102068475,744.18066,80.99126,72.88543,8.807664,12.873439,5.4471345,2.686118
2020-01-01,campania,40.861448326204595,14.829480102068475,65.9742,77.24442,94.341484,6.9529905,11.933523,3.0421646,2.2947195
2020-02-01,campania,40.861448326204595,14.829480102068475,201.53104,75.3349,128.17621,8.695629,13.218711,4.531348,3.0168424
2020-03-01,campania,40.861448326204595,14.829480102068475,361.86774,76.680534,143.29031,9.151713,14.234259,4.709266,2.7854197
2020-04-01,campania,40.861448326204595,14.829480102068475,285.63,69.42236,210.24483,12.245112,17.90394,7.1855445,2.5673516
2020-05-01,campania,40.861448326204595,14.829480102068475,177.51291,66.04673,249.71115,17.079258,22.90392,11.563532,3.0013013
2020-06-01,campania,40.861448326204595,14.829480102068475,253.47665,71.628365,302.75793,19.361298,24.816687,13.975745,2.9209704
2020-07-01,campania,40.861448326204595,14.829480102068475,110.270966,65.83723,267.11536,23.539185,30.083015,17.470713,2.5990145
2020-08-01,campania,40.861448326204595,14.829480102068475,99.65162,68.56618,251.3063,24.001394,30.730412,18.389574,2.4996066
2020-09-01,campania,40.861448326204595,14.829480102068475,619.2233,67.26953,174.62872,20.5437,26.947214,15.379979,2.4023013
2020-10-01,campania,40.861448326204595,14.829480102068475,556.49036,82.09652,153.53873,14.051116,19.173233,9.7711315,2.5843306
2020-11-01,campania,40.861448326204595,14.829480102068475,443.95667,85.13096,90.936745,11.751938,16.250248,8.309487,2.0873513
2020-12-01,campania,40.861448326204595,14.829480102068475,1167.3386,86.59107,92.35106,8.287659,11.941215,5.201319,2.4613214
2021-01-01,campania,40.861448326204595,14.829480102068475,1056.5613,84.3416,79.34276,6.2954836,9.460401,3.2174127,2.8539307
2021-02-01,campania,40.861448326204595,14.829480102068475,662.33215,78.53031,125.21544,8.435608,13.3342,4.370677,2.7603788
2021-03-01,campania,40.861448326204595,14.829480102068475,339.0097,73.59016,172.96925,8.010056,13.026628,3.6480021,2.7359746
2021-04-01,campania,40.861448326204595,14.829480102068475,265.04333,74.1505,234.35536,10.470477,15.562539,5.760763,2.6041896
2021-05-01,campania,40.861448326204595,14.829480102068475,145.13226,72.11241,276.59943,15.659244,21.303732,10.383986,2.9974256
2021-06-01,campania,40.861448326204595,14.829480102068475,162.09,65.68471,261.79642,21.797163,28.486362,15.863214,2.4033105
2021-07-01,campania,40.861448326204595,14.829480102068475,91.65161,63.752216,248.78163,24.061823,30.631664,18.087645,2.6428456
2021-08-01,campania,40.861448326204595,14.829480102068475,74.08064,60.766594,255.06541,24.43677,31.301441,18.37397,2.485906
2021-09-01,campania,40.861448326204595,14.829480102068475,172.68001,69.29698,222.73007,20.273872,26.60826,15.1509695,2.1801436
2021-10-01,campania,40.861448326204595,14.829480102068475,349.40646,77.879616,132.27228,14.0117655,18.470636,10.356013,2.327901
2021-11-01,campania,40.861448326204595,14.829480102068475,1413.5701,86.288055,73.957756,12.345372,15.941151,9.584361,2.4584634
2021-12-01,campania,40.861448326204595,14.829480102068475,1082.1162,81.29507,73.883644,7.7753434,11.438871,4.480434,2.2889948
2022-01-01,campania,40.861448326204595,14.829480102068475,208.7871,73.00674,80.02625,6.221065,10.404429,2.5995638,2.2065353
2022-02-01,campania,40.861448326204595,14.829480102068475,380.3143,70.860344,110.04532,7.6059084,12.588337,3.4268348,2.5243442
2022-03-01,campania,40.861448326204595,14.829480102068475,362.3968,67.95559,153.09033,7.1291056,12.405149,2.5796375,2.5043151
2022-04-01,campania,40.861448326204595,14.829480102068475,410.25,71.923134,196.28783,11.316402,16.821232,6.431793,2.6743608
2022-05-01,campania,40.861448326204595,14.829480102068475,165.64517,72.20259,233.07387,17.535868,24.118908,11.956496,2.2541227
2022-06-01,campania,40.861448326204595,14.829480102068475,191.39667,60.15047,254.46875,23.138268,29.93519,16.884916,2.339461
2022-07-01,campania,40.861448326204595,14.829480102068475,110.85808,57.736786,262.29813,24.156483,31.356392,18.05208,2.3852208
2022-08-01,campania,40.861448326204595,14.829480102068475,378.8387,60.500122,200.2761,23.156368,30.27715,17.651922,2.0850885
2022-09-01,campania,40.861448326204595,14.829480102068475,875.0333,71.91414,162.87126,19.144331,24.613903,14.540775,1.3950684
2022-10-01,campania,40.861448326204595,14.829480102068475,140.77419,76.86038,147.97487,16.342562,22.507044,11.662282,1.2166371
2022-11-01,campania,40.861448326204595,14.829480102068475,1257.04,81.1603,81.0154,11.557597,16.047176,8.012183,1.6446118
2022-12-01,campania,40.861448326204595,14.829480102068475,476.671,86.159225,68.40089,10.590363,14.709699,7.2249074,1.4476933
2023-01-01,campania,40.861448326204595,14.829480102068475,1013.85486,82.95067,72.16618,7.047008,11.119032,3.666416,1.8726138
2023-02-01,campania,40.861448326204595,14.829480102068475,102.692856,74.43554,113.79679,6.863628,11.6327505,2.911074,2.8991878
2023-03-01,campania,40.861448326204595,14.829480102068475,336.9097,78.43152,157.59555,9.703371,14.540666,5.42006,3.0377197
2023-04-01,campania,40.861448326204595,14.829480102068475,468.35,77.25065,187.1439,10.605594,15.656762,6.334687,2.8914747
2023-05-01,campania,40.861448326204595,14.829480102068475,838.1839,83.46511,178.04451,14.850647,19.584135,11.223421,2.4263895
2023-06-01,campania,40.861448326204595,14.829480102068475,449.78003,76.75698,250.38275,19.742031,25.48697,14.809011,2.056936
2023-07-01,campania,40.861448326204595,14.829480102068475,64.519356,67.260506,278.40555,24.49177,31.032665,18.459375,2.3087184
2023-08-01,campania,40.861448326204595,14.829480102068475,189.02258,67.43749,229.03336,22.517792,29.162012,16.968271,2.381456
2023-09-01,campania,40.861448326204595,14.829480102068475,202.74667,67.0337,175.89883,20.86213,27.553406,15.670848,2.3712578
2023-10-01,campania,40.861448326204595,14.829480102068475,452.27417,77.98489,131.79912,18.388859,24.032896,13.874478,2.4034333
2023-11-01,campania,40.861448326204595,14.829480102068475,972.4433,83.77345,74.91264,12.250379,16.226559,8.586486,2.999324
2023-12-01,campania,40.861448326204595,14.829480102068475,245.48389,81.5422,69.922134,8.760204,12.8698,5.413132,2.4814782
2024-01-01,campania,40.861448326204595,14.829480102068475,468.39032,81.36848,74.06852,7.70295,11.729014,4.527802,2.6970282
2024-02-01,campania,40.861448326204595,14.829480102068475,639.9242,78.49905,107.12889,9.30181,13.981505,5.5251102,2.7207792
2024-03-01,campania,40.861448326204595,14.829480102068475,510.76453,80.126396,138.72414,10.104812,15.030918,6.0945,2.646836
2024-04-01,campania,40.861448326204595,14.829480102068475,258.11002,74.87876,198.6046,12.710715,18.799158,7.2185884,2.4710183
2024-05-01,campania,40.861448326204595,14.829480102068475,142.74194,79.029015,124.92392,16.669544,21.679842,11.852363,2.391668
2024-06-01,campania,40.861448326204595,14.829480102068475,51.320004,70.4208,238.28252,21.17562,27.611519,14.870669,2.2695045
2024-07-01,campania,40.861448326204595,14.829480102068475,77.00323,62.83038,246.49455,25.016232,32.087067,18.44083,2.0902739
2024-08-01,campania,40.861448326204595,14.829480102068475,134.2258,68.374275,110.12035,25.912428,33.135426,19.44021,2.3165863
2024-09-01,campania,40.861448326204595,14.829480102068475,452.18665,76.22634,168.56276,19.321526,25.259903,14.603542,2.0883288
2024-10-01,campania,40.861448326204595,14.829480102068475,378.00323,82.887535,120.2436,16.89838,22.10651,12.984053,1.9075232
2024-11-01,campania,40.861448326204595,14.829480102068475,269.22,76.925,71.56919,12.20671,16.501953,7.6917605,2.3296576
2024-12-01,campania,40.861448326204595,14.829480102068475,820.6129,76.4734,72.93949,8.800979,12.668777,4.6025114,2.3157732
2000-01-01,puglia,40.96988369932333,16.631316830995946,44.58387,72.26984,82.53393,6.6491766,10.642823,2.8018463,2.5357225
2000-02-01,puglia,40.96988369932333,16.631316830995946,356.0241,74.036766,116.202644,7.5236354,11.835372,3.49444,3.084741
2000-03-01,puglia,40.96988369932333,16.631316830995946,129.64839,74.400986,171.0472,9.674863,14.495993,5.2779846,3.076937
2000-04-01,puglia,40.96988369932333,16.631316830995946,227.52667,76.26985,200.80396,14.186067,19.225603,9.92695,3.0514715
2000-05-01,puglia,40.96988369932333,16.631316830995946,91.69032,74.882515,247.44032,19.489216,24.648272,14.621226,2.9401515
2000-06-01,puglia,40.96988369932333,16.631316830995946,67.600006,68.50294,278.4537,22.8988,28.259026,18.093477,3.322158
2000-07-01,puglia,40.96988369932333,16.631316830995946,18.977419,67.47044,288.9984,24.668358,30.321455,19.29063,3.4879434
2000-08-01,puglia,40.96988369932333,16.631316830995946,0.0,71.44528,262.88797,25.721365,31.76966,20.426151,2.6957984
2000-09-01,puglia,40.96988369932333,16.631316830995946,145.5,57.84525,180.8959,21.359335,26.173449,16.552612,2.6048868
2000-10-01,puglia,40.96988369932333,16.631316830995946,461.4097,82.282364,116.574776,17.776806,21.86106,13.553545,2.701613
2000-11-01,puglia,40.96988369932333,16.631316830995946,398.39667,79.65652,82.93153,14.156904,18.360735,10.3859825,3.1019514
2000-12-01,puglia,40.96988369932333,16.631316830995946,243.75162,80.369484,69.59988,10.638958,14.631275,6.3747735,2.652579
2001-01-01,puglia,40.96988369932333,16.631316830995946,350.21936,80.016754,66.866516,10.466147,13.4697275,7.2133474,3.1022885
2001-02-01,puglia,40.96988369932333,16.631316830995946,124.12857,74.11996,113.50704,9.426669,13.05844,5.345832,3.2396
2001-03-01,puglia,40.96988369932333,16.631316830995946,159.83871,81.403366,156.61275,14.096727,18.348743,10.011682,3.5213952
2001-04-01,puglia,40.96988369932333,16.631316830995946,251.47,73.41044,196.78423,12.522971,16.71338,8.509891,3.0310547
2001-05-01,puglia,40.96988369932333,16.631316830995946,91.490326,76.2264,232.88385,18.622135,23.281382,14.314701,2.972616
2001-06-01,puglia,40.96988369932333,16.631316830995946,36.006668,67.61141,276.00507,21.31975,26.89071,16.728504,3.2541435
2001-07-01,puglia,40.96988369932333,16.631316830995946,1.0580645,69.43756,272.9655,24.80054,30.317171,20.518862,3.14804
2001-08-01,puglia,40.96988369932333,16.631316830995946,9.948387,73.84527,253.25806,25.569836,31.018084,21.1312,2.6316528
2001-09-01,puglia,40.96988369932333,16.631316830995946,102.44333,73.848236,192.28934,20.336557,25.085096,16.00056,2.7492633
2001-10-01,puglia,40.96988369932333,16.631316830995946,52.983875,80.563965,144.32623,18.950945,23.63042,15.149174,2.494279
2001-11-01,puglia,40.96988369932333,16.631316830995946,221.97,68.774734,81.9005,12.735611,16.13364,9.176275,3.131313
2001-12-01,puglia,40.96988369932333,16.631316830995946,296.00323,62.587963,61.124424,6.832288,9.549644,3.3890417,2.645995
2002-01-01,puglia,40.96988369932333,16.631316830995946,112.670975,73.047874,80.96712,7.2521005,10.835486,3.2045226,3.0244274
2002-02-01,puglia,40.96988369932333,16.631316830995946,74.89286,79.63178,109.41133,11.150442,14.611331,7.050455,3.26635
2002-03-01,puglia,40.96988369932333,16.631316830995946,168.09355,74.25138,156.83759,12.66323,16.135675,9.044947,3.197961
2002-04-01,puglia,40.96988369932333,16.631316830995946,312.47998,78.13189,192.37012,13.905109,17.42132,9.978231,2.6793234
2002-05-01,puglia,40.96988369932333,16.631316830995946,194.23871,74.75649,235.74481,18.256124,22.509422,14.119784,3.1139047
2002-06-01,puglia,40.96988369932333,16.631316830995946,17.6,68.28006,267.36075,23.04999,28.080034,18.23311,3.0578547
2002-07-01,puglia,40.96988369932333,16.631316830995946,246.52258,68.07734,252.14143,24.827597,29.49718,20.76543,3.0840418
2002-08-01,puglia,40.96988369932333,16.631316830995946,186.48709,71.20359,223.82504,24.023058,28.564941,19.358181,2.5261645
2002-09-01,puglia,40.96988369932333,16.631316830995946,331.03,70.065346,169.80246,20.051523,23.951157,15.921334,2.41853
2002-10-01,puglia,40.96988369932333,16.631316830995946,246.37741,75.633095,130.59479,16.767889,21.193241,12.501202,2.7534356
2002-11-01,puglia,40.96988369932333,16.631316830995946,160.65668,80.054436,76.15665,14.5059395,17.896933,11.015803,3.156155
2002-12-01,puglia,40.96988369932333,16.631316830995946,883.5226,81.53902,48.61815,10.479722,12.777416,7.435437,2.724726
2003-01-01,puglia,40.96988369932333,16.631316830995946,508.81937,72.248375,68.866516,10.010476,12.490414,6.2795963,3.4194012
2003-02-01,puglia,40.96988369932333,16.631316830995946,131.80357,66.822845,111.140045,5.8864245,8.361386,2.1185572,3.079905
2003-03-01,puglia,40.96988369932333,16.631316830995946,90.20323,73.93448,177.57,10.293049,14.153428,6.3319697,2.7894015
2003-04-01,puglia,40.96988369932333,16.631316830995946,179.65332,76.3081,209.3102,12.847271,16.866568,8.698781,3.1354449
2003-05-01,puglia,40.96988369932333,16.631316830995946,81.5,75.34789,257.65054,19.769083,24.70071,15.753769,3.0457935
2003-06-01,puglia,40.96988369932333,16.631316830995946,69.253334,69.848656,282.488,25.144258,30.126476,21.007446,2.9375699
2003-07-01,puglia,40.96988369932333,16.631316830995946,30.564514,63.39886,289.35056,26.25978,31.158367,22.246618,3.0756595
2003-08-01,puglia,40.96988369932333,16.631316830995946,84.15484,69.88985,248.52042,26.892212,32.183506,22.774076,2.6909854
2003-09-01,puglia,40.96988369932333,16.631316830995946,389.87,71.6882,186.9445,20.95857,24.754173,16.998775,2.7063262
2003-10-01,puglia,40.96988369932333,16.631316830995946,412.13226,73.178825,114.645004,17.211702,20.465801,13.503249,3.1136498
2003-11-01,puglia,40.96988369932333,16.631316830995946,249.99332,80.8046,80.55911,14.474889,17.085548,10.97969,2.8321416
2003-12-01,puglia,40.96988369932333,16.631316830995946,446.14197,73.65073,63.267914,10.065943,12.3298235,6.1206594,3.003477
2004-01-01,puglia,40.96988369932333,16.631316830995946,324.74518,63.151913,69.70062,8.254951,10.349495,4.557732,3.628742
2004-02-01,puglia,40.96988369932333,16.631316830995946,162.6138,70.00714,103.19942,9.517224,12.580026,5.311539,3.0993445
2004-03-01,puglia,40.96988369932333,16.631316830995946,318.93872,66.13248,145.21977,10.513756,13.488741,6.581538,2.9890583
2004-04-01,puglia,40.96988369932333,16.631316830995946,268.31,74.37647,171.23874,13.567632,17.167696,10.118551,2.867868
2004-05-01,puglia,40.96988369932333,16.631316830995946,257.0,70.44576,243.12874,15.758825,20.212952,11.685525,3.1868725
2004-06-01,puglia,40.96988369932333,16.631316830995946,295.58002,71.449356,261.98178,21.486021,25.95492,17.467356,3.12253
2004-07-01,puglia,40.96988369932333,16.631316830995946,139.88388,60.2312,273.57047,24.706469,30.047043,20.452711,2.9217079
2004-08-01,puglia,40.96988369932333,16.631316830995946,20.351612,64.61489,257.1222,24.57758,29.510082,20.245714,2.7116742
2004-09-01,puglia,40.96988369932333,16.631316830995946,188.59,68.56085,182.52382,21.405947,25.412788,17.122025,2.51109
2004-10-01,puglia,40.96988369932333,16.631316830995946,193.05806,80.06756,129.10774,19.549978,23.57481,15.685912,2.7338061
2004-11-01,puglia,40.96988369932333,16.631316830995946,910.29,71.345856,72.68029,13.504229,15.958705,9.555898,2.7024882
2004-12-01,puglia,40.96988369932333,16.631316830995946,509.29678,74.671486,51.390915,11.850248,13.863269,8.521802,2.913532
2005-01-01,puglia,40.96988369932333,16.631316830995946,393.04517,67.64424,78.46782,8.202413,10.617945,4.2581964,2.9324403
2005-02-01,puglia,40.96988369932333,16.631316830995946,345.92856,66.367165,99.12121,6.7326274,9.350034,2.7422483,3.1964517
2005-03-01,puglia,40.96988369932333,16.631316830995946,150.32904,74.294586,160.51137,10.045843,14.052634,5.9060445,2.8183274
2005-04-01,puglia,40.96988369932333,16.631316830995946,137.51666,72.51832,202.82349,13.15555,17.374454,9.0871725,3.1241684
2005-05-01,puglia,40.96988369932333,16.631316830995946,99.200005,71.6086,249.27063,18.683706,23.474312,14.219341,3.1693063
2005-06-01,puglia,40.96988369932333,16.631316830995946,88.70334,69.64221,264.22052,21.927622,26.615551,17.477087,3.0063367
2005-07-01,puglia,40.96988369932333,16.631316830995946,53.145157,67.771164,270.33054,25.12935,29.855549,20.422163,3.3616562
2005-08-01,puglia,40.96988369932333,16.631316830995946,124.53226,69.229836,226.15575,23.43211,27.91938,18.849903,3.056658
2005-09-01,puglia,40.96988369932333,16.631316830995946,446.40668,72.564514,174.49689,21.604797,25.41971,17.490282,2.6547766
2005-10-01,puglia,40.96988369932333,16.631316830995946,530.4645,74.15899,124.8449,17.051563,20.464983,13.07258,2.7939224
2005-11-01,puglia,40.96988369932333,16.631316830995946,692.67334,73.89848,80.01773,12.784146,15.629861,9.004382,3.0737433
2005-12-01,puglia,40.96988369932333,16.631316830995946,537.3355,72.45869,61.2711,9.524056,11.872991,5.695835,3.1581774
2006-01-01,puglia,40.96988369932333,16.631316830995946,198.70001,74.247154,72.46305,7.735686,9.6548605,4.0808086,2.890008
2006-02-01,puglia,40.96988369932333,16.631316830995946,449.17145,73.981575,104.436134,8.815969,12.0776615,4.928876,3.0561
2006-03-01,puglia,40.96988369932333,16.631316830995946,328.8355,75.29691,137.18497,10.040943,13.617286,6.247392,3.3430274
2006-04-01,puglia,40.96988369932333,16.631316830995946,168.34334,75.0125,194.3798,14.015026,18.113665,10.039088,2.8866534
2006-05-01,puglia,40.96988369932333,16.631316830995946,24.22903,69.23653,266.77148,18.36226,23.092205,13.641053,3.1063352
2006-06-01,puglia,40.96988369932333,16.631316830995946,344.05664,65.46785,258.91727,21.51998,26.347355,16.720392,2.870832
2006-07-01,puglia,40.96988369932333,16.631316830995946,112.47742,67.63765,266.15033,25.061865,29.402176,20.314003,3.066
2006-08-01,puglia,40.96988369932333,16.631316830995946,147.4258,65.53678,238.27126,23.857698,28.563625,18.98636,3.0320547
2006-09-01,puglia,40.96988369932333,16.631316830995946,261.52667,70.52975,180.94566,21.749123,25.992292,17.156115,2.7171082
2006-10-01,puglia,40.96988369932333,16.631316830995946,15.36129,73.5304,133.81186,18.585415,22.416986,14.571246,2.7999225
2006-11-01,puglia,40.96988369932333,16.631316830995946,133.17334,75.596344,96.66141,12.548106,17.154047,8.042214,2.8250568
2006-12-01,puglia,40.96988369932333,16.631316830995946,537.78064,73.984146,62.679325,10.986013,14.179359,7.2249737,2.629629
2007-01-01,puglia,40.96988369932333,16.631316830995946,99.83548,76.36123,90.69792,10.358421,14.6237545,6.056834,3.0067065
2007-02-01,puglia,40.96988369932333,16.631316830995946,364.76074,74.32026,105.10661,10.946117,14.606472,7.0988317,3.2765374
2007-03-01,puglia,40.96988369932333,16.631316830995946,565.9354,74.71923,137.85382,12.0482025,15.766214,8.176801,3.3588772
2007-04-01,puglia,40.96988369932333,16.631316830995946,234.13333,73.57391,229.58687,14.853733,19.47517,10.067318,2.470105
2007-05-01,puglia,40.96988369932333,16.631316830995946,201.3355,69.88581,246.2884,18.868868,23.269777,14.595394,3.2992628
2007-06-01,puglia,40.96988369932333,16.631316830995946,98.22,69.53717,270.31824,23.186384,28.030577,18.355017,2.9315467
2007-07-01,puglia,40.96988369932333,16.631316830995946,0.0,59.228825,289.49164,25.966421,31.248867,20.69219,3.244069
2007-08-01,puglia,40.96988369932333,16.631316830995946,9.393548,63.6963,248.6825,25.477545,30.405933,20.432331,2.7974563
2007-09-01,puglia,40.96988369932333,16.631316830995946,223.50333,63.862713,189.35254,20.052238,24.64562,15.110797,2.5614667
2007-10-01,puglia,40.96988369932333,16.631316830995946,414.1226,70.04146,111.59876,16.472729,20.052507,12.294157,2.373463
2007-11-01,puglia,40.96988369932333,16.631316830995946,518.5033,69.9278,77.13005,11.976044,14.97828,7.8469887,2.7844465
2007-12-01,puglia,40.96988369932333,16.631316830995946,436.05807,73.42733,62.766724,8.964387,11.844221,4.8004174,2.8721387
2008-01-01,puglia,40.96988369932333,16.631316830995946,382.43225,77.0597,73.556335,9.814633,13.288279,5.788106,2.8724933
2008-02-01,puglia,40.96988369932333,16.631316830995946,97.61724,77.36811,116.72397,8.789423,12.945938,4.7092967,2.7149549
2008-03-01,puglia,40.96988369932333,16.631316830995946,600.7451,77.34651,142.88892,11.765371,15.872078,7.613222,3.2864628
2008-04-01,puglia,40.96988369932333,16.631316830995946,312.38666,76.8574,197.70181,13.73642,18.20268,9.935811,2.8573802
2008-05-01,puglia,40.96988369932333,16.631316830995946,129.48065,70.31052,254.43462,18.120077,22.717913,13.598905,2.6379337
2008-06-01,puglia,40.96988369932333,16.631316830995946,248.34335,72.76452,264.07602,22.563126,27.049545,18.554295,2.688125
2008-07-01,puglia,40.96988369932333,16.631316830995946,16.932259,69.237946,276.2261,25.519695,29.985794,21.287413,2.9599726
2008-08-01,puglia,40.96988369932333,16.631316830995946,0.0,69.34741,262.8306,25.784407,30.481768,21.517862,2.845597
2008-09-01,puglia,40.96988369932333,16.631316830995946,386.46335,69.79075,177.45697,20.578808,24.798788,16.424503,2.687123
2008-10-01,puglia,40.96988369932333,16.631316830995946,168.84517,80.03417,137.4203,17.658009,21.995092,13.293991,2.5620904
2008-11-01,puglia,40.96988369932333,16.631316830995946,912.51,77.83763,77.64745,13.897004,17.374596,10.143163,2.9691017
2008-12-01,puglia,40.96988369932333,16.631316830995946,876.9388,73.898254,58.44446,9.86398,13.042252,7.0141816,2.8104615
2009-01-01,puglia,40.96988369932333,16.631316830995946,1241.5774,79.1612,57.21166,9.452604,12.030485,6.195142,3.071534
2009-02-01,puglia,40.96988369932333,16.631316830995946,317.23572,70.12379,103.51355,7.3556576,10.956085,3.9190993,3.124432
2009-03-01,puglia,40.96988369932333,16.631316830995946,674.20325,72.09032,149.90561,10.186552,14.0767975,6.1876698,3.2666743
2009-04-01,puglia,40.96988369932333,16.631316830995946,521.74335,79.131584,181.06665,14.068893,17.975115,10.833051,2.7457614
2009-05-01,puglia,40.96988369932333,16.631316830995946,111.461296,71.194214,261.73145,19.18227,24.083746,14.588406,3.0408368
2009-06-01,puglia,40.96988369932333,16.631316830995946,633.99,73.350395,270.51608,21.399773,25.867062,17.021265,3.1138415
2009-07-01,puglia,40.96988369932333,16.631316830995946,52.50645,68.567795,290.72034,24.749172,29.39931,20.38435,3.3132708
2009-08-01,puglia,40.96988369932333,16.631316830995946,12.067741,71.600494,248.6763,25.715912,30.212593,21.379152,2.7607276
2009-09-01,puglia,40.96988369932333,16.631316830995946,415.09665,73.24442,176.29524,22.214144,26.104364,18.361027,2.7303867
2009-10-01,puglia,40.96988369932333,16.631316830995946,504.14197,73.828835,123.01589,16.264006,20.083546,12.609909,2.6227741
2009-11-01,puglia,40.96988369932333,16.631316830995946,471.47003,83.5119,86.57193,13.065735,16.516706,9.419921,3.0795434
2009-12-01,puglia,40.96988369932333,16.631316830995946,706.95807,79.462685,58.29938,10.848203,13.590551,7.453584,3.2335677
2010-01-01,puglia,40.96988369932333,16.631316830995946,808.671,66.68209,62.36151,8.415625,11.207249,5.579919,3.0598676
2010-02-01,puglia,40.96988369932333,16.631316830995946,1012.53925,76.19189,91.64673,9.31348,12.515927,5.9792094,3.6239731
2010-03-01,puglia,40.96988369932333,16.631316830995946,583.5581,74.097,149.3437,10.493684,14.506329,6.934856,3.1763792
2010-04-01,puglia,40.96988369932333,16.631316830995946,304.56335,71.68579,194.64532,14.015144,18.000011,10.147097,2.7095947
2010-05-01,puglia,40.96988369932333,16.631316830995946,353.3871,70.187325,225.44873,17.361845,21.74759,13.446447,3.4934418
2010-06-01,puglia,40.96988369932333,16.631316830995946,330.63,66.47968,246.3307,21.744045,25.839182,17.503357,3.4000897
2010-07-01,puglia,40.96988369932333,16.631316830995946,40.56774,65.21725,270.73462,24.95626,29.389973,20.76395,3.3434918
2010-08-01,puglia,40.96988369932333,16.631316830995946,1.7903225,62.02268,255.99681,24.98845,29.441324,20.586515,3.0142047
2010-09-01,puglia,40.96988369932333,16.631316830995946,417.9867,66.590485,171.64613,20.65778,24.927855,16.81398,2.9173865
2010-10-01,puglia,40.96988369932333,16.631316830995946,896.77423,69.467415,109.59766,16.401245,20.027712,12.927233,2.9446146
2010-11-01,puglia,40.96988369932333,16.631316830995946,1315.54,80.18589,76.14861,14.167066,17.266953,10.87291,3.1619384
2010-12-01,puglia,40.96988369932333,16.631316830995946,433.30322,67.53631,63.525978,9.455505,12.414418,6.289242,3.0920708
2011-01-01,puglia,40.96988369932333,16.631316830995946,500.7613,71.428825,74.16558,8.697555,11.773594,5.6919413,2.830879
2011-02-01,puglia,40.96988369932333,16.631316830995946,419.6607,64.47596,104.531845,9.402103,13.087571,6.4225087,3.1918588
2011-03-01,puglia,40.96988369932333,16.631316830995946,677.1871,70.01952,145.20514,10.97663,14.14145,8.118446,3.323261
2011-04-01,puglia,40.96988369932333,16.631316830995946,374.60663,61.98004,210.15567,14.488052,18.523602,10.238272,3.02028
2011-05-01,puglia,40.96988369932333,16.631316830995946,349.96454,67.05363,238.70616,17.669565,21.661123,13.426192,3.2312996
2011-06-01,puglia,40.96988369932333,16.631316830995946,95.21333,67.42782,276.20935,22.53262,26.961857,18.39899,3.3193448
2011-07-01,puglia,40.96988369932333,16.631316830995946,52.038708,64.435,274.41617,24.234913,28.859285,19.655165,3.401571
2011-08-01,puglia,40.96988369932333,16.631316830995946,0.0,64.20879,269.54935,25.656012,30.218134,20.97511,2.8277128
2011-09-01,puglia,40.96988369932333,16.631316830995946,260.00333,65.174095,201.90985,23.808407,28.08978,19.509943,2.6435733
2011-10-01,puglia,40.96988369932333,16.631316830995946,401.7871,60.106422,132.08168,17.3811,20.950758,13.426415,2.8908386
2011-11-01,puglia,40.96988369932333,16.631316830995946,484.58667,66.84833,84.706894,13.7252035,16.978498,9.622582,2.5961432
2011-12-01,puglia,40.96988369932333,16.631316830995946,492.03226,73.62855,69.828384,10.461911,13.835841,7.064891,2.8798175
2012-01-01,puglia,40.96988369932333,16.631316830995946,182.68065,62.405888,84.932304,7.591604,11.123986,3.575368,3.0365064
2012-02-01,puglia,40.96988369932333,16.631316830995946,1220.5483,64.26803,96.2942,7.2158246,9.958353,3.3180532,3.4152825
2012-03-01,puglia,40.96988369932333,16.631316830995946,168.44193,63.397793,180.0707,12.190841,16.388157,7.998398,3.0543063
2012-04-01,puglia,40.96988369932333,16.631316830995946,804.5,75.39973,202.82281,13.735199,17.880493,10.0489645,3.567943
2012-05-01,puglia,40.96988369932333,16.631316830995946,289.69034,68.632416,241.24934,17.258429,22.00495,12.651694,3.4245257
2012-06-01,puglia,40.96988369932333,16.631316830995946,77.32,68.49505,279.04977,23.451643,28.599562,18.644585,3.402688
2012-07-01,puglia,40.96988369932333,16.631316830995946,223.44838,63.716393,269.28763,26.671808,31.222675,21.980093,3.7304468
2012-08-01,puglia,40.96988369932333,16.631316830995946,0.0,59.97932,268.73227,26.376305,31.153803,21.744135,3.1398935
2012-09-01,puglia,40.96988369932333,16.631316830995946,503.88333,68.79401,188.8353,22.374584,26.684772,18.150934,2.8406034
2012-10-01,puglia,40.96988369932333,16.631316830995946,606.45166,71.887505,128.65327,18.510233,22.951239,14.961943,2.7117693
2012-11-01,puglia,40.96988369932333,16.631316830995946,786.0467,74.04947,79.40657,15.293269,18.712143,11.866837,3.1706867
2012-12-01,puglia,40.96988369932333,16.631316830995946,717.0033,67.33257,67.4602,9.196187,12.814338,5.3519516,3.1932158
2013-01-01,puglia,40.96988369932333,16.631316830995946,950.01935,74.474495,70.268234,8.963606,12.65474,5.234801,3.33694
2013-02-01,puglia,40.96988369932333,16.631316830995946,651.0679,72.05388,93.37016,8.225051,12.104819,4.1936398,3.4447749
2013-03-01,puglia,40.96988369932333,16.631316830995946,839.4839,74.17631,141.88733,11.315793,15.039542,7.9059157,3.5211077
2013-04-01,puglia,40.96988369932333,16.631316830995946,221.91,68.20041,230.00377,15.010133,19.661251,10.701263,2.9334083
2013-05-01,puglia,40.96988369932333,16.631316830995946,293.09033,67.402336,238.06943,17.993652,22.773659,13.694235,3.6663287
2013-06-01,puglia,40.96988369932333,16.631316830995946,113.20667,66.72885,271.3506,21.349556,25.897001,17.065317,3.5122747
2013-07-01,puglia,40.96988369932333,16.631316830995946,73.519356,61.51197,284.24695,24.714117,28.958618,20.253946,3.1803255
2013-08-01,puglia,40.96988369932333,16.631316830995946,103.60645,60.29347,248.46559,25.919884,30.03899,21.342018,3.0481324
2013-09-01,puglia,40.96988369932333,16.631316830995946,308.3567,64.428215,196.23251,21.898762,26.245716,17.243525,2.6550465
2013-10-01,puglia,40.96988369932333,16.631316830995946,455.14517,75.994995,138.86986,18.319334,22.549742,14.67485,2.421282
2013-11-01,puglia,40.96988369932333,16.631316830995946,1385.34,70.01992,71.55928,14.227714,17.919725,11.291083,3.083365
2013-12-01,puglia,40.96988369932333,16.631316830995946,472.39355,67.80144,72.86556,10.494896,14.922328,7.145786,2.6313856
2014-01-01,puglia,40.96988369932333,16.631316830995946,783.59033,80.1325,66.80089,10.95267,14.47135,7.9479275,3.3965673
2014-02-01,puglia,40.96988369932333,16.631316830995946,826.275,76.456535,105.0095,11.894025,15.385886,8.675727,3.3954108
2014-03-01,puglia,40.96988369932333,16.631316830995946,559.6032,68.08885,156.56236,11.818878,15.555693,7.4620037,3.017992
2014-04-01,puglia,40.96988369932333,16.631316830995946,549.5867,76.00469,186.91362,13.969041,18.067305,10.401233,3.136325
2014-05-01,puglia,40.96988369932333,16.631316830995946,350.23224,71.05768,237.12778,16.810417,21.13458,12.748723,3.3482435
2014-06-01,puglia,40.96988369932333,16.631316830995946,271.21002,68.01124,266.422,22.055958,26.758358,17.571539,3.4015265
2014-07-01,puglia,40.96988369932333,16.631316830995946,242.4097,70.436226,258.82602,23.38916,28.095165,19.169966,3.6559691
2014-08-01,puglia,40.96988369932333,16.631316830995946,3.1903226,70.09855,264.12363,24.61088,29.341566,20.020447,3.0652611
2014-09-01,puglia,40.96988369932333,16.631316830995946,489.52332,72.91293,178.01413,21.035946,25.075056,17.062937,2.7112153
2014-10-01,puglia,40.96988369932333,16.631316830995946,303.67743,72.41606,133.53806,17.941092,21.881763,13.747048,2.7450016
2014-11-01,puglia,40.96988369932333,16.631316830995946,503.13,81.19123,85.06585,15.588806,18.69604,11.544177,2.9307368
2014-12-01,puglia,40.96988369932333,16.631316830995946,612.1613,74.86122,69.59209,11.055904,13.957864,6.262717,2.6241453
2015-01-01,puglia,40.96988369932333,16.631316830995946,854.41614,71.205376,79.34213,9.2791395,12.624978,4.820863,3.344366
2015-02-01,puglia,40.96988369932333,16.631316830995946,1035.1072,68.900986,98.55049,8.89982,12.290208,4.662681,3.53298
2015-03-01,puglia,40.96988369932333,16.631316830995946,837.8871,67.954865,146.4405,11.236725,14.642263,7.246488,3.5535564
2015-04-01,puglia,40.96988369932333,16.631316830995946,188.24667,68.9387,230.34714,13.613738,18.001616,9.327092,3.3162582
2015-05-01,puglia,40.96988369932333,16.631316830995946,116.822586,73.30547,252.32451,18.865856,23.551702,13.907037,3.4853225
2015-06-01,puglia,40.96988369932333,16.631316830995946,129.07333,71.936035,280.92282,22.125587,26.964752,17.590897,3.3246982
2015-07-01,puglia,40.96988369932333,16.631316830995946,15.083871,67.72476,300.64105,26.851013,32.049698,22.052008,3.2534418
2015-08-01,puglia,40.96988369932333,16.631316830995946,308.66132,71.66466,252.81934,25.994051,30.542498,21.648779,2.9185483
2015-09-01,puglia,40.96988369932333,16.631316830995946,279.75333,67.32664,189.97572,22.994913,27.060364,18.02338,3.0254498
2015-10-01,puglia,40.96988369932333,16.631316830995946,1091.4,79.26322,113.250114,17.824604,21.475933,14.0405445,2.7418647
2015-11-01,puglia,40.96988369932333,16.631316830995946,364.17334,83.03239,95.8913,13.546798,17.435926,9.677993,2.933975
2015-12-01,puglia,40.96988369932333,16.631316830995946,0.5032258,81.79989,92.518196,10.439823,14.321166,6.3680344,2.131545
2016-01-01,puglia,40.96988369932333,16.631316830995946,539.7387,77.52168,81.029396,10.136213,13.488871,6.45989,3.405437
2016-02-01,puglia,40.96988369932333,16.631316830995946,727.9862,82.137184,101.52115,11.689927,15.545492,8.046261,3.7096586
2016-03-01,puglia,40.96988369932333,16.631316830995946,563.44196,80.513794,136.1222,10.990116,14.524685,7.6531367,3.2985742
2016-04-01,puglia,40.96988369932333,16.631316830995946,380.97668,74.98479,192.7647,15.386557,19.8138,11.2864275,3.1588516
2016-05-01,puglia,40.96988369932333,16.631316830995946,524.9387,76.14737,239.2541,16.862778,21.383806,13.010278,3.5117562
2016-06-01,puglia,40.96988369932333,16.631316830995946,214.35,75.12993,248.4775,21.629723,26.498919,17.903652,3.4244199
2016-07-01,puglia,40.96988369932333,16.631316830995946,93.29033,69.52939,270.8759,25.225704,30.21864,20.751234,3.4986205
2016-08-01,puglia,40.96988369932333,16.631316830995946,82.396774,72.00888,247.13585,24.0854,28.67838,19.806128,3.420429
2016-09-01,puglia,40.96988369932333,16.631316830995946,626.94336,76.82903,168.83382,20.965937,24.820599,17.087444,2.7136533
2016-10-01,puglia,40.96988369932333,16.631316830995946,810.058,78.75219,120.222145,17.266592,20.712763,13.569622,2.8300061
2016-11-01,puglia,40.96988369932333,16.631316830995946,792.03,78.70868,89.00903,13.759212,17.286022,10.422955,2.7892518
2016-12-01,puglia,40.96988369932333,16.631316830995946,31.051613,71.40953,80.46083,9.463926,12.740081,5.0297728,2.5177112
2017-01-01,puglia,40.96988369932333,16.631316830995946,757.0258,78.285706,76.28207,5.6133256,8.367926,2.4881182,3.3345594
2017-02-01,puglia,40.96988369932333,16.631316830995946,391.10358,83.18983,107.56667,10.334319,13.897217,6.6542397,3.3601587
2017-03-01,puglia,40.96988369932333,16.631316830995946,219.48709,73.20161,174.68965,12.370305,16.38521,8.009758,3.6166096
2017-04-01,puglia,40.96988369932333,16.631316830995946,250.06332,74.52084,221.73103,13.503228,17.770527,9.22523,3.4034014
2017-05-01,puglia,40.96988369932333,16.631316830995946,189.11613,75.5967,264.4117,17.961586,22.543348,13.635401,3.443924
2017-06-01,puglia,40.96988369932333,16.631316830995946,12.260001,67.25964,285.0118,23.917593,28.677532,19.010052,3.2699232
2017-07-01,puglia,40.96988369932333,16.631316830995946,15.809677,63.11315,285.79898,25.83544,30.761015,20.792103,3.5718336
2017-08-01,puglia,40.96988369932333,16.631316830995946,4.3193545,64.00682,258.88272,27.00023,32.37226,21.386969,3.4170806
2017-09-01,puglia,40.96988369932333,16.631316830995946,395.9533,71.36351,192.92973,21.079304,25.30482,16.450857,3.0609314
2017-10-01,puglia,40.96988369932333,16.631316830995946,104.148384,74.18857,147.61307,16.994814,20.871231,12.563711,2.9552772
2017-11-01,puglia,40.96988369932333,16.631316830995946,907.92664,79.18397,83.79803,12.250861,15.79738,8.787637,2.9594333
2017-12-01,puglia,40.96988369932333,16.631316830995946,751.371,78.71102,70.36342,8.784829,11.6044655,5.3004627,3.4103982
2018-01-01,puglia,40.96988369932333,16.631316830995946,223.03549,74.629,83.2703,10.0151415,13.007086,6.3321795,3.4405787
2018-02-01,puglia,40.96988369932333,16.631316830995946,816.1786,74.67813,81.94001,7.9815536,10.74562,4.9611416,4.1346498
2018-03-01,puglia,40.96988369932333,16.631316830995946,699.371,80.80739,122.67487,10.924083,14.531712,7.069818,4.011276
2018-04-01,puglia,40.96988369932333,16.631316830995946,65.00667,70.36756,205.76767,16.238293,20.362316,11.520903,3.0465865
2018-05-01,puglia,40.96988369932333,16.631316830995946,370.89032,74.414536,233.60419,19.178415,23.249119,14.908807,2.8077226
2018-06-01,puglia,40.96988369932333,16.631316830995946,151.38666,68.06209,247.78522,22.515947,26.542974,18.365963,3.3870864
2018-07-01,puglia,40.96988369932333,16.631316830995946,40.367744,65.616005,279.18893,25.580458,29.751823,20.69004,3.5322335
2018-08-01,puglia,40.96988369932333,16.631316830995946,61.467743,68.29602,234.46448,25.53519,30.205683,20.918367,2.8613
2018-09-01,puglia,40.96988369932333,16.631316830995946,29.29,66.578094,193.93022,22.33242,26.713194,17.893827,2.812575
2018-10-01,puglia,40.96988369932333,16.631316830995946,874.8581,74.9949,125.59527,18.495998,21.891169,14.759932,2.9239047
2018-11-01,puglia,40.96988369932333,16.631316830995946,755.0167,77.377266,85.71132,13.943282,17.075502,10.7061405,2.9498467
2018-12-01,puglia,40.96988369932333,16.631316830995946,319.6742,74.14369,73.341805,9.735603,13.022562,5.859037,2.4145305
2019-01-01,puglia,40.96988369932333,16.631316830995946,564.62256,74.164734,72.649925,6.532126,9.68316,2.912773,3.5161917
2019-02-01,puglia,40.96988369932333,16.631316830995946,152.16785,68.65317,120.28976,9.464095,12.673864,5.5728283,3.6088302
2019-03-01,puglia,40.96988369932333,16.631316830995946,232.41934,69.619354,170.65868,12.150539,16.1098,7.4410057,3.7373774
2019-04-01,puglia,40.96988369932333,16.631316830995946,411.91666,74.67014,197.97127,13.945253,18.003273,9.874371,3.2867286
2019-05-01,puglia,40.96988369932333,16.631316830995946,666.7645,80.0252,214.19386,15.277209,19.13478,11.468546,3.4702692
2019-06-01,puglia,40.96988369932333,16.631316830995946,37.65,62.590206,269.49457,24.288725,29.15407,19.29744,3.4189582
2019-07-01,puglia,40.96988369932333,16.631316830995946,154.31613,62.60419,275.11234,25.411753,30.35272,20.32072,3.4203339
2019-08-01,puglia,40.96988369932333,16.631316830995946,45.596775,60.458813,255.65137,26.590836,31.459206,21.42365,2.9810805
2019-09-01,puglia,40.96988369932333,16.631316830995946,256.13,69.12923,198.68178,22.598566,26.872654,18.279465,2.8660998
2019-10-01,puglia,40.96988369932333,16.631316830995946,257.69034,72.42154,151.25838,18.780943,23.015226,14.011009,2.7508307
2019-11-01,puglia,40.96988369932333,16.631316830995946,1186.98,78.28771,75.54269,15.317967,18.569052,11.746036,3.6099198
2019-12-01,puglia,40.96988369932333,16.631316830995946,476.38065,74.53498,72.487366,10.936252,14.043701,7.8269315,3.4193096
2020-01-01,puglia,40.96988369932333,16.631316830995946,43.15484,69.58693,91.17242,9.292245,12.948067,5.21648,3.286526
2020-02-01,puglia,40.96988369932333,16.631316830995946,180.45862,71.35708,131.67012,10.579589,14.496641,5.9693375,3.8744757
2020-03-01,puglia,40.96988369932333,16.631316830995946,428.69357,72.284294,147.51598,11.050603,14.980312,6.585414,3.3923612
2020-04-01,puglia,40.96988369932333,16.631316830995946,334.66998,68.009186,212.60199,13.79458,18.0515,8.908612,3.1028216
2020-05-01,puglia,40.96988369932333,16.631316830995946,159.77419,63.652107,254.31473,18.63063,22.990692,13.565908,3.711219
2020-06-01,puglia,40.96988369932333,16.631316830995946,204.62,68.46657,309.87756,21.686182,25.504179,16.671858,3.5922065
2020-07-01,puglia,40.96988369932333,16.631316830995946,85.13549,59.929756,272.75342,25.34775,29.84985,19.707111,3.7394707
2020-08-01,puglia,40.96988369932333,16.631316830995946,78.377426,63.737694,251.1489,26.331911,30.96362,21.165478,3.224656
2020-09-01,puglia,40.96988369932333,16.631316830995946,399.3,61.884956,169.12624,23.051287,27.368227,18.406967,3.252865
2020-10-01,puglia,40.96988369932333,16.631316830995946,518.9194,75.35041,154.22003,16.724169,20.549362,12.270272,3.0660272
2020-11-01,puglia,40.96988369932333,16.631316830995946,734.5067,75.55089,86.74845,13.949703,17.305025,10.312476,2.7555616
2020-12-01,puglia,40.96988369932333,16.631316830995946,993.67426,80.34215,96.58788,10.790034,13.74586,7.457327,3.1198742
2021-01-01,puglia,40.96988369932333,16.631316830995946,1013.8613,77.429794,79.665375,8.345501,11.179599,4.782059,3.579045
2021-02-01,puglia,40.96988369932333,16.631316830995946,449.52502,76.76716,127.11553,9.953356,13.917608,6.0263686,3.1650016
2021-03-01,puglia,40.96988369932333,16.631316830995946,364.8645,67.43263,169.73676,9.90999,13.717433,5.6835256,3.3161194
2021-04-01,puglia,40.96988369932333,16.631316830995946,314.9167,69.26559,239.2723,12.376855,16.496786,8.112407,3.2292466
2021-05-01,puglia,40.96988369932333,16.631316830995946,100.603226,67.82327,281.81027,17.919342,22.323668,13.010893,3.4016771
2021-06-01,puglia,40.96988369932333,16.631316830995946,76.87334,62.699017,259.7031,23.649065,28.405365,18.211678,3.387918
2021-07-01,puglia,40.96988369932333,16.631316830995946,52.954838,59.958206,241.49887,26.662066,31.863586,21.256456,3.709942
2021-08-01,puglia,40.96988369932333,16.631316830995946,85.116135,57.91524,251.14716,26.87585,31.991451,21.436745,3.3188581
2021-09-01,puglia,40.96988369932333,16.631316830995946,96.01667,62.8706,223.78156,22.387047,26.425968,17.727484,2.9148998
2021-10-01,puglia,40.96988369932333,16.631316830995946,526.8774,69.29071,129.26283,16.55648,19.924353,12.845727,2.9864886
2021-11-01,puglia,40.96988369932333,16.631316830995946,1163.7467,79.496574,74.20589,14.558805,17.333958,11.794008,3.1462283
2021-12-01,puglia,40.96988369932333,16.631316830995946,703.9387,77.25417,74.37724,9.606997,12.862674,6.6885295,3.3728223
2022-01-01,puglia,40.96988369932333,16.631316830995946,177.52258,70.94128,79.290794,7.45242,11.435597,4.141791,3.2533598
2022-02-01,puglia,40.96988369932333,16.631316830995946,506.7286,69.97715,110.882835,8.963895,13.521958,5.251953,3.5074677
2022-03-01,puglia,40.96988369932333,16.631316830995946,304.2097,67.04954,158.30557,7.956817,12.275114,4.0747943,2.9312806
2022-04-01,puglia,40.96988369932333,16.631316830995946,297.46,71.90062,198.04959,12.752896,17.399246,8.405219,3.602965
2022-05-01,puglia,40.96988369932333,16.631316830995946,187.1903,71.79358,252.93819,18.972475,24.29677,13.8860235,3.0416791
2022-06-01,puglia,40.96988369932333,16.631316830995946,202.73334,59.6362,261.36105,25.159391,30.39813,20.153397,3.5302398
2022-07-01,puglia,40.96988369932333,16.631316830995946,52.858063,52.981026,269.4116,26.915594,32.481796,21.528458,3.299345
2022-08-01,puglia,40.96988369932333,16.631316830995946,94.73226,61.52543,206.15955,25.63238,30.875652,21.179806,2.878745
2022-09-01,puglia,40.96988369932333,16.631316830995946,519.0067,69.87928,171.40854,21.497171,26.121737,17.178362,2.9141116
2022-10-01,puglia,40.96988369932333,16.631316830995946,178.90001,78.85512,141.68806,17.990534,22.555683,13.855778,2.689234
2022-11-01,puglia,40.96988369932333,16.631316830995946,1269.6868,83.520706,75.89393,13.60714,17.209406,10.171399,3.2268963
2022-12-01,puglia,40.96988369932333,16.631316830995946,579.72253,88.18976,71.32862,11.763626,15.150608,8.61088,2.4766788
2023-01-01,puglia,40.96988369932333,16.631316830995946,1185.1001,84.097176,74.02336,9.192847,12.549237,5.7313137,3.368403
2023-02-01,puglia,40.96988369932333,16.631316830995946,190.44286,75.91848,111.60133,8.535904,12.54986,4.473673,3.2150302
2023-03-01,puglia,40.96988369932333,16.631316830995946,426.50323,77.40828,161.8592,11.293038,15.687573,6.9450083,3.5151548
2023-04-01,puglia,40.96988369932333,16.631316830995946,437.99335,77.529106,193.84071,12.418152,16.740393,8.167809,3.3549433
2023-05-01,puglia,40.96988369932333,16.631316830995946,574.4355,81.830765,186.7575,17.905252,21.940031,13.715266,3.4185126
2023-06-01,puglia,40.96988369932333,16.631316830995946,418.9267,73.01401,267.9647,22.866312,27.897913,17.696129,3.0873785
2023-07-01,puglia,40.96988369932333,16.631316830995946,24.867743,60.77027,283.82123,27.982065,33.86204,21.651327,3.4210694
2023-08-01,puglia,40.96988369932333,16.631316830995946,284.96454,65.12301,230.47626,26.52716,31.709412,20.781242,2.9710674
2023-09-01,puglia,40.96988369932333,16.631316830995946,169.64667,68.54191,170.69342,24.361021,28.917372,19.296608,3.2268646
2023-10-01,puglia,40.96988369932333,16.631316830995946,393.82904,76.07249,122.36771,20.201653,24.92032,15.520948,3.3173919
2023-11-01,puglia,40.96988369932333,16.631316830995946,1034.11,80.786255,76.127754,14.531965,18.414856,10.594709,3.6080635
2023-12-01,puglia,40.96988369932333,16.631316830995946,260.37097,83.196754,70.84967,11.134285,14.991372,7.277859,2.5912564
2024-01-01,puglia,40.96988369932333,16.631316830995946,574.8032,81.49236,73.73939,10.363425,13.936426,6.8293934,2.8515759
2024-02-01,puglia,40.96988369932333,16.631316830995946,645.2517,82.39557,105.05521,11.506228,15.81733,7.1394835,3.0886223
2024-03-01,puglia,40.96988369932333,16.631316830995946,516.4678,81.92608,139.27983,13.463766,17.552769,8.909558,2.9528675
2024-04-01,puglia,40.96988369932333,16.631316830995946,309.88333,75.32988,194.9294,15.981819,21.321344,10.201344,2.8770883
2024-05-01,puglia,40.96988369932333,16.631316830995946,201.27742,75.1293,121.34117,19.137323,23.73715,14.272854,2.7324352
2024-06-01,puglia,40.96988369932333,16.631316830995946,13.650002,62.227894,233.50986,25.625103,31.083963,20.086502,3.569625
2024-07-01,puglia,40.96988369932333,16.631316830995946,61.54194,57.796337,237.68712,28.52291,33.902134,22.781013,3.597579
2024-08-01,puglia,40.96988369932333,16.631316830995946,178.02902,63.26072,91.49563,27.813732,33.452366,21.918657,2.618263
2024-09-01,puglia,40.96988369932333,16.631316830995946,479.53333,75.35614,164.20082,22.053913,26.91818,17.435411,2.5137784
2024-10-01,puglia,40.96988369932333,16.631316830995946,277.58063,81.85164,117.24996,18.857695,23.18513,14.689134,2.484095
2024-11-01,puglia,40.96988369932333,16.631316830995946,416.82,78.97626,70.32808,13.156638,17.331089,8.737629,2.2560198
2024-12-01,puglia,40.96988369932333,16.631316830995946,1197.8871,80.679276,70.52217,10.060644,13.472144,6.2209377,2.3136208
2000-01-01,basilicata,40.491393137834734,16.0772467519066,57.358067,75.06798,83.148994,4.0312014,8.599023,0.625152,1.9845191
2000-02-01,basilicata,40.491393137834734,16.0772467519066,227.17932,76.82007,111.507065,5.0770936,9.825143,1.4068079,2.5371065
2000-03-01,basilicata,40.491393137834734,16.0772467519066,109.1,77.72298,173.89833,7.5665493,12.537205,3.351115,2.5413363
2000-04-01,basilicata,40.491393137834734,16.0772467519066,182.20999,79.01542,197.91779,11.670612,16.85685,7.512467,2.6807745
2000-05-01,basilicata,40.491393137834734,16.0772467519066,93.406456,77.283295,243.06941,17.018627,22.529863,12.449001,2.4252288
2000-06-01,basilicata,40.491393137834734,16.0772467519066,58.050003,71.13798,273.11142,20.510807,26.463026,15.725549,2.6274855
2000-07-01,basilicata,40.491393137834734,16.0772467519066,14.416129,69.987465,289.87805,22.477695,28.12908,16.955729,2.829321
2000-08-01,basilicata,40.491393137834734,16.0772467519066,0.0,72.078026,265.65222,23.714931,30.246607,18.24136,2.2909522
2000-09-01,basilicata,40.491393137834734,16.0772467519066,169.11667,61.646297,178.61176,18.48019,23.856806,13.805533,2.2096794
2000-10-01,basilicata,40.491393137834734,16.0772467519066,178.57097,84.10151,118.60369,15.136368,19.879854,11.290411,2.325499
2000-11-01,basilicata,40.491393137834734,16.0772467519066,144.24667,82.69186,84.49429,11.507318,16.305073,8.458742,2.6037714
2000-12-01,basilicata,40.491393137834734,16.0772467519066,192.03226,81.54211,73.75484,8.078015,12.553239,4.5852413,2.288049
2001-01-01,basilicata,40.491393137834734,16.0772467519066,216.63873,82.0763,68.57727,7.6788597,11.346469,4.81631,2.520212
2001-02-01,basilicata,40.491393137834734,16.0772467519066,90.17857,76.99215,113.85851,6.2853737,10.876476,2.8949318,2.8059967
2001-03-01,basilicata,40.491393137834734,16.0772467519066,91.70645,83.6759,155.43625,11.846752,16.578936,7.776368,3.0470965
2001-04-01,basilicata,40.491393137834734,16.0772467519066,131.25333,76.66853,191.33557,9.778765,14.833978,5.733168,2.8322856
2001-05-01,basilicata,40.491393137834734,16.0772467519066,60.61613,78.70006,218.75084,16.271687,22.198511,11.973898,2.5426266
2001-06-01,basilicata,40.491393137834734,16.0772467519066,39.94,69.33693,272.42157,18.855583,25.327173,13.839765,2.8951936
2001-07-01,basilicata,40.491393137834734,16.0772467519066,0.33225805,70.97802,270.6221,22.33387,29.41648,17.97116,2.6943655
2001-08-01,basilicata,40.491393137834734,16.0772467519066,45.42903,74.72589,250.35052,22.815645,29.798307,18.23583,2.3055053
2001-09-01,basilicata,40.491393137834734,16.0772467519066,51.11,75.82557,194.87111,17.510244,23.022928,13.499166,2.4597778
2001-10-01,basilicata,40.491393137834734,16.0772467519066,0.22258064,80.602356,151.2421,16.339794,22.473984,12.30087,2.2198584
2001-11-01,basilicata,40.491393137834734,16.0772467519066,195.88667,72.415596,83.31492,9.591578,13.842089,6.4439836,2.7783842
2001-12-01,basilicata,40.491393137834734,16.0772467519066,196.75807,65.5389,57.273735,3.4309154,7.0783806,0.48037484,2.2337112
2002-01-01,basilicata,40.491393137834734,16.0772467519066,60.525806,73.71434,84.63625,4.8680463,9.305127,1.2593179,2.348393
2002-02-01,basilicata,40.491393137834734,16.0772467519066,94.47143,81.39738,110.70339,8.939357,13.098241,5.3943744,3.336646
2002-03-01,basilicata,40.491393137834734,16.0772467519066,78.045166,76.12465,151.41167,10.217072,14.59997,6.6094623,3.173825
2002-04-01,basilicata,40.491393137834734,16.0772467519066,257.49335,80.30718,188.96953,11.470473,16.07064,7.6970854,2.834949
2002-05-01,basilicata,40.491393137834734,16.0772467519066,110.59033,76.965324,227.72072,15.908761,20.79452,11.7461,3.2062058
2002-06-01,basilicata,40.491393137834734,16.0772467519066,15.563334,69.56281,265.69492,20.917578,27.051483,15.819926,2.800962
2002-07-01,basilicata,40.491393137834734,16.0772467519066,101.80322,70.71153,245.91983,22.346008,28.033298,18.30979,3.0353885
2002-08-01,basilicata,40.491393137834734,16.0772467519066,157.13226,73.6016,218.12596,21.519464,26.744291,16.986685,2.6346266
2002-09-01,basilicata,40.491393137834734,16.0772467519066,216.53,73.38331,164.33081,17.586391,22.143717,13.817404,2.4026506
2002-10-01,basilicata,40.491393137834734,16.0772467519066,172.25162,78.14916,131.5576,14.80655,19.55196,10.817434,2.8383226
2002-11-01,basilicata,40.491393137834734,16.0772467519066,145.66,82.98506,76.52318,12.894198,16.509514,9.904213,2.637365
2002-12-01,basilicata,40.491393137834734,16.0772467519066,363.70966,83.94981,48.801228,8.633189,11.088688,5.9400706,2.1798708
2003-01-01,basilicata,40.491393137834734,16.0772467519066,380.56775,74.98696,68.75023,8.030415,10.311453,4.715739,2.646596
2003-02-01,basilicata,40.491393137834734,16.0772467519066,107.74286,69.41257,109.05544,3.4594696,6.17585,-0.19805102,2.7029421
2003-03-01,basilicata,40.491393137834734,16.0772467519066,50.103226,75.55096,174.59293,7.8155913,12.567008,4.050875,2.4127493
2003-04-01,basilicata,40.491393137834734,16.0772467519066,135.48999,78.768974,201.71112,10.558282,15.452006,6.4123807,2.705149
2003-05-01,basilicata,40.491393137834734,16.0772467519066,90.074196,75.883766,252.4218,17.763119,23.786333,13.651303,2.6460335
2003-06-01,basilicata,40.491393137834734,16.0772467519066,72.503334,69.46897,275.96286,22.484776,28.909746,18.12963,2.4961903
2003-07-01,basilicata,40.491393137834734,16.0772467519066,67.70323,64.45539,287.24854,23.899475,30.142164,19.868877,2.6613362
2003-08-01,basilicata,40.491393137834734,16.0772467519066,70.1871,69.54338,249.35146,24.4099,30.852814,20.293718,2.3423903
2003-09-01,basilicata,40.491393137834734,16.0772467519066,195.36667,73.197334,182.733,18.600288,23.387312,14.706171,2.7683618
2003-10-01,basilicata,40.491393137834734,16.0772467519066,396.56128,75.73383,114.349,15.234779,19.194668,12.093303,3.4281197
2003-11-01,basilicata,40.491393137834734,16.0772467519066,127.653336,82.496,83.54,12.3884325,15.898625,8.858146,2.8770094
2003-12-01,basilicata,40.491393137834734,16.0772467519066,255.61292,75.39428,64.86298,7.9033275,10.683041,4.28016,3.172968
2004-01-01,basilicata,40.491393137834734,16.0772467519066,266.8161,64.24885,67.21598,5.9967065,8.661229,2.6487217,3.8610108
2004-02-01,basilicata,40.491393137834734,16.0772467519066,148.45862,69.97294,104.30049,7.492771,11.3201475,3.708972,3.4136617
2004-03-01,basilicata,40.491393137834734,16.0772467519066,202.91614,68.490074,146.41597,8.334658,11.905935,4.6819386,3.0474133
2004-04-01,basilicata,40.491393137834734,16.0772467519066,179.17667,75.53289,168.66095,11.506999,15.824048,8.51112,3.0734951
2004-05-01,basilicata,40.491393137834734,16.0772467519066,228.1742,71.940956,237.48419,13.325499,18.623318,9.51513,3.197711
2004-06-01,basilicata,40.491393137834734,16.0772467519066,122.32333,71.726166,258.92126,19.514042,24.885109,15.443152,3.0220952
2004-07-01,basilicata,40.491393137834734,16.0772467519066,76.283875,60.627228,273.94562,22.563745,28.851475,18.29533,2.8036342
2004-08-01,basilicata,40.491393137834734,16.0772467519066,48.993546,65.48912,255.98434,22.662552,28.845823,18.255978,2.7006297
2004-09-01,basilicata,40.491393137834734,16.0772467519066,112.93,69.57199,179.98953,19.05506,24.160486,15.07697,2.6171014
2004-10-01,basilicata,40.491393137834734,16.0772467519066,155.42581,80.81993,132.97267,17.585562,22.314848,14.097741,2.817745
2004-11-01,basilicata,40.491393137834734,16.0772467519066,443.86667,70.85722,73.33968,11.431039,14.328203,7.9807873,2.9323905
2004-12-01,basilicata,40.491393137834734,16.0772467519066,258.62903,74.03434,53.78034,10.121926,12.588841,7.271837,3.0480983
2005-01-01,basilicata,40.491393137834734,16.0772467519066,321.90643,65.57004,79.55545,6.142528,8.768197,2.6569462,2.9720583
2005-02-01,basilicata,40.491393137834734,16.0772467519066,285.15002,66.55624,95.66565,4.4042788,7.2196975,0.9390136,3.348714
2005-03-01,basilicata,40.491393137834734,16.0772467519066,92.603226,74.78393,160.25867,8.187066,13.060301,4.3153057,2.4303594
2005-04-01,basilicata,40.491393137834734,16.0772467519066,106.0,72.98787,201.80984,10.976416,15.985395,7.266955,2.7559745
2005-05-01,basilicata,40.491393137834734,16.0772467519066,97.69032,71.785164,240.11488,16.9144,22.489622,12.748424,2.6677234
2005-06-01,basilicata,40.491393137834734,16.0772467519066,51.656666,69.820435,256.1184,19.93916,25.627094,15.4605665,2.5799363
2005-07-01,basilicata,40.491393137834734,16.0772467519066,31.512903,67.590164,270.3794,23.148193,29.064602,18.559778,2.8768878
2005-08-01,basilicata,40.491393137834734,16.0772467519066,151.65807,70.5286,229.56377,21.478907,27.024857,16.99568,3.1037323
2005-09-01,basilicata,40.491393137834734,16.0772467519066,258.43,73.967384,169.44762,19.208733,24.05286,15.437284,2.3579936
2005-10-01,basilicata,40.491393137834734,16.0772467519066,183.78065,74.43593,126.536095,15.185256,19.695587,11.256003,2.6192932
2005-11-01,basilicata,40.491393137834734,16.0772467519066,335.97333,73.88792,84.26952,10.777212,14.253577,7.5812407,3.041286
2005-12-01,basilicata,40.491393137834734,16.0772467519066,389.80322,73.467766,62.4851,7.345855,9.977072,4.246829,3.4899478
2006-01-01,basilicata,40.491393137834734,16.0772467519066,117.49355,75.90043,77.214745,5.734098,8.207333,2.7053578,3.0157788
2006-02-01,basilicata,40.491393137834734,16.0772467519066,296.31073,74.90062,105.88707,6.6582346,10.157357,3.3528774,3.36466
2006-03-01,basilicata,40.491393137834734,16.0772467519066,258.10968,76.852455,133.6215,8.019875,11.785978,4.555275,3.7553182
2006-04-01,basilicata,40.491393137834734,16.0772467519066,163.52,75.19349,189.90126,12.224181,16.7989,8.491571,2.7919333
2006-05-01,basilicata,40.491393137834734,16.0772467519066,9.6,69.09728,267.6175,16.505161,21.76674,11.936525,2.8705804
2006-06-01,basilicata,40.491393137834734,16.0772467519066,198.12,64.80366,248.06477,19.726925,25.087723,14.994178,2.742838
2006-07-01,basilicata,40.491393137834734,16.0772467519066,171.33871,68.49349,259.36255,22.771112,28.070377,17.720839,2.7035208
2006-08-01,basilicata,40.491393137834734,16.0772467519066,147.2258,66.05997,240.98524,21.812067,27.0643,17.169529,3.2308292
2006-09-01,basilicata,40.491393137834734,16.0772467519066,203.57,70.763336,179.44699,19.579067,24.403954,15.118635,2.6018288
2006-10-01,basilicata,40.491393137834734,16.0772467519066,34.196774,73.94598,131.19139,16.711561,21.054358,12.764387,2.9774165
2006-11-01,basilicata,40.491393137834734,16.0772467519066,118.80334,75.913864,99.58984,10.755641,15.554305,6.2581043,3.1649523
2006-12-01,basilicata,40.491393137834734,16.0772467519066,332.2613,73.51328,66.735794,9.07631,12.335359,5.62989,2.2855115
2007-01-01,basilicata,40.491393137834734,16.0772467519066,129.4387,77.87208,94.3745,8.658606,12.782741,4.715296,2.44753
2007-02-01,basilicata,40.491393137834734,16.0772467519066,295.9643,76.6762,105.07483,8.965941,12.401653,5.3912377,2.9885747
2007-03-01,basilicata,40.491393137834734,16.0772467519066,336.85806,76.63531,134.02826,9.953045,13.46133,6.424107,3.2339108
2007-04-01,basilicata,40.491393137834734,16.0772467519066,141.67332,73.5903,228.64952,12.944672,17.290207,8.45958,2.6175394
2007-05-01,basilicata,40.491393137834734,16.0772467519066,207.13872,72.97072,239.96036,16.65148,21.355553,12.278693,3.2730873
2007-06-01,basilicata,40.491393137834734,16.0772467519066,103.84334,71.2542,265.76474,21.0585,26.360115,16.168356,2.9561331
2007-07-01,basilicata,40.491393137834734,16.0772467519066,0.0,60.333393,288.90753,23.820814,29.71715,18.175684,3.0719538
2007-08-01,basilicata,40.491393137834734,16.0772467519066,7.3,64.32762,249.37634,23.659891,29.214338,18.193897,2.972504
2007-09-01,basilicata,40.491393137834734,16.0772467519066,167.67334,65.60234,188.51492,18.073639,23.147766,13.005216,2.6878
2007-10-01,basilicata,40.491393137834734,16.0772467519066,184.1,69.85246,112.26759,14.737282,18.663195,10.545429,2.187702
2007-11-01,basilicata,40.491393137834734,16.0772467519066,342.72336,69.994995,75.55905,9.913314,13.466239,5.8862095,2.5834951
2007-12-01,basilicata,40.491393137834734,16.0772467519066,263.2774,73.52138,65.0682,6.9129615,9.971357,2.71635,2.3673394
2008-01-01,basilicata,40.491393137834734,16.0772467519066,244.19034,77.08236,76.8126,8.085883,11.9535,4.1240864,2.353447
2008-02-01,basilicata,40.491393137834734,16.0772467519066,52.741383,78.356415,117.62528,6.8115664,11.31903,2.6292315,2.1657438
2008-03-01,basilicata,40.491393137834734,16.0772467519066,430.9871,79.43242,143.61414,9.48788,14.0006485,5.5811057,2.91235
2008-04-01,basilicata,40.491393137834734,16.0772467519066,161.07332,78.4299,188.35555,11.649929,16.529076,7.8923397,2.5503173
2008-05-01,basilicata,40.491393137834734,16.0772467519066,109.69678,70.32379,246.03227,16.013674,21.268646,11.505232,2.742817
2008-06-01,basilicata,40.491393137834734,16.0772467519066,140.15001,73.28691,255.48318,20.255548,25.581009,15.940022,2.6344697
2008-07-01,basilicata,40.491393137834734,16.0772467519066,7.5161295,70.77138,274.72565,23.285175,28.524443,18.753557,2.8384516
2008-08-01,basilicata,40.491393137834734,16.0772467519066,18.641933,69.82114,262.3957,23.675014,29.316109,19.254604,2.5887926
2008-09-01,basilicata,40.491393137834734,16.0772467519066,312.72336,71.46876,173.87271,18.562794,23.245089,14.49959,2.47007
2008-10-01,basilicata,40.491393137834734,16.0772467519066,99.738716,81.30893,141.47557,15.875379,20.595778,11.599742,2.4813886
2008-11-01,basilicata,40.491393137834734,16.0772467519066,519.2134,80.0484,78.931435,11.873349,15.893294,8.328648,3.011695
2008-12-01,basilicata,40.491393137834734,16.0772467519066,440.3968,75.59577,58.380337,7.7538214,11.1918955,5.052605,2.842759
2009-01-01,basilicata,40.491393137834734,16.0772467519066,754.45807,80.8609,58.20983,7.669481,10.517948,4.726642,2.9353917
2009-02-01,basilicata,40.491393137834734,16.0772467519066,258.17502,72.30017,100.468025,5.0305514,9.138109,1.7470101,3.182044
2009-03-01,basilicata,40.491393137834734,16.0772467519066,437.52258,74.65323,147.2129,8.062298,12.303302,4.293671,3.4283257
2009-04-01,basilicata,40.491393137834734,16.0772467519066,414.17,79.26103,172.34383,11.870622,16.06199,9.130044,2.6392794
2009-05-01,basilicata,40.491393137834734,16.0772467519066,138.0,72.08857,250.55606,17.078182,22.625395,12.56506,2.5266695
2009-06-01,basilicata,40.491393137834734,16.0772467519066,399.95667,74.26626,261.43842,19.493502,24.567127,15.182123,2.838343
2009-07-01,basilicata,40.491393137834734,16.0772467519066,56.909683,68.7651,286.72565,22.829931,28.405018,18.121216,2.8080735
2009-08-01,basilicata,40.491393137834734,16.0772467519066,21.480644,71.76824,247.42734,23.802334,29.124403,19.485065,2.4098864
2009-09-01,basilicata,40.491393137834734,16.0772467519066,343.46002,73.94321,167.76666,19.696795,24.097986,15.926244,2.6558695
2009-10-01,basilicata,40.491393137834734,16.0772467519066,400.57745,75.12224,121.722275,14.327274,18.379747,11.120982,2.5435884
2009-11-01,basilicata,40.491393137834734,16.0772467519066,261.8333,83.115364,91.239044,11.484013,15.257105,8.197054,3.2026603
2009-12-01,basilicata,40.491393137834734,16.0772467519066,552.3968,80.44811,58.04147,9.2361965,12.31259,6.1621814,3.2942674
2010-01-01,basilicata,40.491393137834734,16.0772467519066,519.7677,69.999954,60.88233,6.336369,9.398958,3.758427,3.185072
2010-02-01,basilicata,40.491393137834734,16.0772467519066,676.7036,79.055565,88.5085,7.31968,10.8235235,4.232255,4.0025306
2010-03-01,basilicata,40.491393137834734,16.0772467519066,338.83228,76.096504,148.29707,8.521207,12.677268,5.250651,3.6395729
2010-04-01,basilicata,40.491393137834734,16.0772467519066,236.15335,74.2491,186.52667,12.006714,16.358442,8.182765,2.9013968
2010-05-01,basilicata,40.491393137834734,16.0772467519066,348.7387,72.58555,216.298,15.284955,19.98548,11.793287,3.616347
2010-06-01,basilicata,40.491393137834734,16.0772467519066,241.73666,68.63654,230.44922,19.547228,24.20009,15.720959,3.2868383
2010-07-01,basilicata,40.491393137834734,16.0772467519066,86.1129,67.99126,262.443,22.899246,27.971956,18.720297,3.2035637
2010-08-01,basilicata,40.491393137834734,16.0772467519066,2.5451612,64.234406,254.26053,23.170866,28.272587,18.80796,3.1071644
2010-09-01,basilicata,40.491393137834734,16.0772467519066,304.09332,69.62891,169.70825,18.567259,23.311478,15.065564,3.159019
2010-10-01,basilicata,40.491393137834734,16.0772467519066,544.3678,71.823425,108.180336,14.576282,18.385426,11.408129,3.120992
2010-11-01,basilicata,40.491393137834734,16.0772467519066,833.9066,82.34834,77.5273,12.369622,15.574819,9.447667,3.9344826
2010-12-01,basilicata,40.491393137834734,16.0772467519066,276.50964,70.25984,64.176346,7.7462206,10.940323,4.7212443,3.5045745
2011-01-01,basilicata,40.491393137834734,16.0772467519066,248.18065,72.79621,78.415054,7.0784516,10.3083105,4.004313,2.9318306
2011-02-01,basilicata,40.491393137834734,16.0772467519066,267.0357,66.11723,106.016335,7.5633197,11.429041,4.9079556,3.3945613
2011-03-01,basilicata,40.491393137834734,16.0772467519066,435.88068,74.44991,141.75053,8.832789,12.273665,6.2221565,3.711533
2011-04-01,basilicata,40.491393137834734,16.0772467519066,221.86667,64.46231,204.0565,12.447301,16.947803,8.297832,3.4449744
2011-05-01,basilicata,40.491393137834734,16.0772467519066,258.65485,70.21498,224.44978,15.231112,19.762339,11.051004,3.1963992
2011-06-01,basilicata,40.491393137834734,16.0772467519066,111.62668,72.11591,264.0711,20.092741,25.2075,15.66659,3.429495
2011-07-01,basilicata,40.491393137834734,16.0772467519066,14.993547,68.158585,272.49554,22.06127,27.283937,17.392653,3.4126942
2011-08-01,basilicata,40.491393137834734,16.0772467519066,0.27741933,66.8421,265.5991,23.527914,28.936705,18.426727,2.998184
2011-09-01,basilicata,40.491393137834734,16.0772467519066,195.23335,67.31958,201.44412,21.374367,26.24011,17.16793,2.8277333
2011-10-01,basilicata,40.491393137834734,16.0772467519066,199.31613,62.667995,131.5232,14.849684,19.084549,10.902541,3.196034
2011-11-01,basilicata,40.491393137834734,16.0772467519066,154.04666,67.6274,92.14254,11.862686,15.642835,7.8799047,2.5712125
2011-12-01,basilicata,40.491393137834734,16.0772467519066,344.03226,76.2776,71.832565,8.076609,11.537463,4.801164,3.5253208
2012-01-01,basilicata,40.491393137834734,16.0772467519066,117.32904,66.686905,82.16375,5.4673915,9.288264,1.3320277,2.4642642
2012-02-01,basilicata,40.491393137834734,16.0772467519066,595.62756,67.27511,92.684074,4.888637,8.090827,1.1461773,2.9357831
2012-03-01,basilicata,40.491393137834734,16.0772467519066,106.674194,65.2136,179.91983,10.02427,14.764411,5.5523195,2.7409554
2012-04-01,basilicata,40.491393137834734,16.0772467519066,519.53,77.92414,200.16824,11.514219,15.970205,7.9828815,3.186238
2012-05-01,basilicata,40.491393137834734,16.0772467519066,249.83228,72.08522,232.06573,15.000642,20.420387,10.352482,2.9441254
2012-06-01,basilicata,40.491393137834734,16.0772467519066,62.55,70.37569,270.18762,21.39878,27.263332,16.377844,2.7148824
2012-07-01,basilicata,40.491393137834734,16.0772467519066,169.49033,66.82552,259.44424,24.259523,29.807505,19.387655,2.9920642
2012-08-01,basilicata,40.491393137834734,16.0772467519066,0.0,61.99456,266.6169,24.305855,30.059887,19.268106,2.6506267
2012-09-01,basilicata,40.491393137834734,16.0772467519066,221.84,71.65696,191.54062,20.18618,24.948196,15.987118,2.437727
2012-10-01,basilicata,40.491393137834734,16.0772467519066,404.4516,73.95206,133.08357,16.437614,21.362942,12.703864,2.5422857
2012-11-01,basilicata,40.491393137834734,16.0772467519066,410.87335,77.56089,80.60508,13.210299,16.77263,10.0069685,2.8417428
2012-12-01,basilicata,40.491393137834734,16.0772467519066,394.99033,70.17563,67.43902,7.1223226,10.645278,3.331183,2.8565958
2013-01-01,basilicata,40.491393137834734,16.0772467519066,579.2968,77.83798,71.214745,7.0467343,10.574421,3.587032,2.8358676
2013-02-01,basilicata,40.491393137834734,16.0772467519066,408.91785,76.334595,88.51122,5.9286633,9.771146,2.1063094,3.1210167
2013-03-01,basilicata,40.491393137834734,16.0772467519066,542.83545,77.82421,141.34254,9.148169,13.083905,5.9052653,3.9071584
2013-04-01,basilicata,40.491393137834734,16.0772467519066,168.36,70.576416,224.99397,12.885838,17.994577,8.81666,3.0348191
2013-05-01,basilicata,40.491393137834734,16.0772467519066,200.00644,69.939125,229.56131,15.998768,21.220724,11.629831,3.6990538
2013-06-01,basilicata,40.491393137834734,16.0772467519066,67.82667,70.05784,256.8387,19.479107,24.920792,14.880437,3.2818856
2013-07-01,basilicata,40.491393137834734,16.0772467519066,107.9871,64.52105,274.6206,22.617369,27.71692,17.552568,2.9011736
2013-08-01,basilicata,40.491393137834734,16.0772467519066,63.25484,62.600586,244.64148,23.81799,28.843964,18.861702,3.0374746
2013-09-01,basilicata,40.491393137834734,16.0772467519066,223.51334,68.06725,197.49619,19.855354,24.688477,15.172812,3.0525177
2013-10-01,basilicata,40.491393137834734,16.0772467519066,217.35806,77.89012,141.24023,17.061716,21.660318,12.980114,2.654676
2013-11-01,basilicata,40.491393137834734,16.0772467519066,896.7867,74.0311,70.40984,11.94018,15.78533,9.170851,3.565038
2013-12-01,basilicata,40.491393137834734,16.0772467519066,297.0871,70.75437,76.8808,8.811315,13.073118,5.337521,3.002049
2014-01-01,basilicata,40.491393137834734,16.0772467519066,541.2677,83.657646,69.7616,9.119358,12.632138,5.7667737,3.4994595
2014-02-01,basilicata,40.491393137834734,16.0772467519066,519.8536,79.84678,106.698296,9.851639,13.576857,6.359694,3.8436904
2014-03-01,basilicata,40.491393137834734,16.0772467519066,343.6419,71.58001,150.95392,9.73862,13.741573,5.4390163,3.768802
2014-04-01,basilicata,40.491393137834734,16.0772467519066,330.0,79.01282,176.01842,11.960752,16.563717,8.266517,3.4889903
2014-05-01,basilicata,40.491393137834734,16.0772467519066,160.99678,75.45612,223.35176,14.926024,19.833376,10.568698,3.3347588
2014-06-01,basilicata,40.491393137834734,16.0772467519066,129.93668,69.269775,251.49237,20.195631,25.728134,15.401584,3.310965
2014-07-01,basilicata,40.491393137834734,16.0772467519066,228.3742,73.85393,248.18217,21.339508,26.850313,16.828793,3.6275206
2014-08-01,basilicata,40.491393137834734,16.0772467519066,12.306452,73.41483,259.34808,22.655357,28.414268,17.95636,3.2299995
2014-09-01,basilicata,40.491393137834734,16.0772467519066,348.77002,75.82268,172.71143,19.381319,24.031742,15.161164,2.82046
2014-10-01,basilicata,40.491393137834734,16.0772467519066,132.3258,75.48127,132.13457,16.43899,20.824303,12.090291,2.6297235
2014-11-01,basilicata,40.491393137834734,16.0772467519066,326.74,83.175,87.10223,14.134793,16.875006,9.718438,2.8966348
2014-12-01,basilicata,40.491393137834734,16.0772467519066,283.57098,77.635605,70.90691,9.764767,12.031269,4.437032,2.7211185
2015-01-01,basilicata,40.491393137834734,16.0772467519066,487.28387,76.19918,78.05469,7.34243,10.822828,2.981226,3.3560395
2015-02-01,basilicata,40.491393137834734,16.0772467519066,562.27856,73.39087,99.32245,6.471646,10.143397,2.530408,3.6507173
2015-03-01,basilicata,40.491393137834734,16.0772467519066,473.52905,72.56714,141.56805,9.117269,12.738101,5.4774437,3.6190476
2015-04-01,basilicata,40.491393137834734,16.0772467519066,114.543335,73.02017,222.35968,11.623997,16.47192,7.4818883,3.336438
2015-05-01,basilicata,40.491393137834734,16.0772467519066,75.258064,75.429344,246.41843,17.078123,22.276344,12.246996,3.3410842
2015-06-01,basilicata,40.491393137834734,16.0772467519066,145.87,74.58334,271.86508,20.048382,25.750671,15.078337,2.6270828
2015-07-01,basilicata,40.491393137834734,16.0772467519066,22.664516,70.20447,300.35916,25.063244,31.303381,19.911873,2.7274315
2015-08-01,basilicata,40.491393137834734,16.0772467519066,192.99678,72.92722,252.9324,23.748898,29.016918,19.287771,2.7285314
2015-09-01,basilicata,40.491393137834734,16.0772467519066,162.98999,69.36057,187.31682,20.784523,25.351435,15.946733,2.8851938
2015-10-01,basilicata,40.491393137834734,16.0772467519066,575.2871,81.68964,113.25869,16.09618,20.005836,12.148063,2.875825
2015-11-01,basilicata,40.491393137834734,16.0772467519066,227.58,82.69986,100.07429,11.989384,16.52679,7.964549,2.8561203
2015-12-01,basilicata,40.491393137834734,16.0772467519066,4.512903,81.89283,100.80245,8.671588,13.426455,4.3697724,2.1992104
2016-01-01,basilicata,40.491393137834734,16.0772467519066,285.63226,80.15921,82.737946,8.3658,11.636651,5.341204,3.739788
2016-02-01,basilicata,40.491393137834734,16.0772467519066,447.51038,83.04026,103.679146,9.876657,13.275911,6.6779075,4.096417
2016-03-01,basilicata,40.491393137834734,16.0772467519066,337.68063,84.03482,131.11766,9.121597,12.213019,6.02663,3.4443226
2016-04-01,basilicata,40.491393137834734,16.0772467519066,190.66,74.32049,190.01523,13.820945,18.207552,10.103489,3.344165
2016-05-01,basilicata,40.491393137834734,16.0772467519066,309.85486,76.167816,232.1103,14.883772,19.54331,11.358716,3.231327
2016-06-01,basilicata,40.491393137834734,16.0772467519066,75.77667,74.672165,241.08763,19.543852,25.091105,15.7979,2.8587584
2016-07-01,basilicata,40.491393137834734,16.0772467519066,76.04193,69.831764,268.19324,23.236109,28.920921,18.613262,2.729588
2016-08-01,basilicata,40.491393137834734,16.0772467519066,63.76129,73.25159,241.506,21.72225,27.270346,17.453213,3.2995634
2016-09-01,basilicata,40.491393137834734,16.0772467519066,350.27664,78.84274,163.84888,18.66831,22.875816,15.097275,2.6977143
2016-10-01,basilicata,40.491393137834734,16.0772467519066,475.74194,81.15586,120.56343,15.620607,19.335047,12.233416,3.013963
2016-11-01,basilicata,40.491393137834734,16.0772467519066,461.18665,80.76014,92.13809,12.211967,15.556688,9.476259,2.8551526
2016-12-01,basilicata,40.491393137834734,16.0772467519066,51.074196,74.322334,86.593544,7.8596096,11.28968,3.7246327,2.4226327
2017-01-01,basilicata,40.491393137834734,16.0772467519066,414.1871,80.45147,78.11028,2.9540553,5.432633,0.3003226,2.8265991
2017-02-01,basilicata,40.491393137834734,16.0772467519066,192.38214,83.5819,113.94592,8.065516,11.307023,4.720143,2.6053436
2017-03-01,basilicata,40.491393137834734,16.0772467519066,140.58064,74.061195,172.04884,10.048144,14.116141,6.0199137,2.9848263
2017-04-01,basilicata,40.491393137834734,16.0772467519066,112.82333,75.79291,221.83206,11.282243,15.540837,7.2281175,2.597454
2017-05-01,basilicata,40.491393137834734,16.0772467519066,79.4742,76.13132,255.95668,15.981536,20.709957,11.749394,2.4112782
2017-06-01,basilicata,40.491393137834734,16.0772467519066,10.79,70.150116,279.47684,21.92904,26.957623,17.168139,2.3256156
2017-07-01,basilicata,40.491393137834734,16.0772467519066,9.477419,63.461765,285.59387,23.846046,29.117807,18.891287,2.6809921
2017-08-01,basilicata,40.491393137834734,16.0772467519066,9.732258,64.20567,259.06702,25.139765,30.759842,19.720753,2.366565
2017-09-01,basilicata,40.491393137834734,16.0772467519066,215.88,72.33865,193.15237,18.4349,22.594461,14.161117,2.3881714
2017-10-01,basilicata,40.491393137834734,16.0772467519066,42.003227,73.95161,153.03717,14.969594,18.902681,10.946933,2.5364978
2017-11-01,basilicata,40.491393137834734,16.0772467519066,478.28,79.99193,84.91334,9.669089,13.117847,6.354038,3.248819
2017-12-01,basilicata,40.491393137834734,16.0772467519066,505.4065,78.78197,71.210754,5.8869157,8.738541,2.536356,3.829708
2018-01-01,basilicata,40.491393137834734,16.0772467519066,182.06451,76.31989,86.39017,7.691782,10.848726,4.2180457,3.4711459
2018-02-01,basilicata,40.491393137834734,16.0772467519066,458.52502,78.50134,80.05204,5.294354,8.361024,2.387459,3.50334
2018-03-01,basilicata,40.491393137834734,16.0772467519066,492.93872,83.57053,125.48171,8.419908,12.039621,4.8949304,4.1310964
2018-04-01,basilicata,40.491393137834734,16.0772467519066,49.456665,72.643105,209.62001,14.401228,18.623829,10.171371,3.033159
2018-05-01,basilicata,40.491393137834734,16.0772467519066,245.3871,76.298584,224.51306,16.529018,20.90181,12.433428,2.5388265
2018-06-01,basilicata,40.491393137834734,16.0772467519066,124.39667,70.89049,239.24951,19.73337,24.375563,15.405965,2.999565
2018-07-01,basilicata,40.491393137834734,16.0772467519066,27.990322,65.49885,278.259,23.576164,28.665407,18.471514,2.8990507
2018-08-01,basilicata,40.491393137834734,16.0772467519066,125.990326,73.20001,235.26912,22.816883,28.123312,18.24152,2.4224944
2018-09-01,basilicata,40.491393137834734,16.0772467519066,15.809999,69.693275,193.18825,19.825897,24.64847,15.621187,2.505035
2018-10-01,basilicata,40.491393137834734,16.0772467519066,465.1742,79.60524,127.08387,16.341879,20.40627,12.785038,2.6105807
2018-11-01,basilicata,40.491393137834734,16.0772467519066,410.33334,81.4049,88.10476,11.458263,14.896504,8.346561,2.460908
2018-12-01,basilicata,40.491393137834734,16.0772467519066,151.72258,77.559235,76.52504,7.424543,10.761938,3.9216251,2.2243378
2019-01-01,basilicata,40.491393137834734,16.0772467519066,402.3968,80.42815,71.47895,3.6961565,6.7480397,0.5880768,3.1675851
2019-02-01,basilicata,40.491393137834734,16.0772467519066,112.17143,73.03419,118.57892,6.687408,10.431701,2.9316835,3.512986
2019-03-01,basilicata,40.491393137834734,16.0772467519066,115.922585,73.51453,168.61444,9.682181,13.943366,5.4695883,3.5309
2019-04-01,basilicata,40.491393137834734,16.0772467519066,248.56001,76.28996,196.4308,11.322914,15.51572,7.69193,2.9903872
2019-05-01,basilicata,40.491393137834734,16.0772467519066,323.93872,84.035934,216.43903,12.419524,16.450813,8.988958,3.0211425
2019-06-01,basilicata,40.491393137834734,16.0772467519066,48.683334,64.16651,267.9073,22.463663,27.902437,17.783722,2.742073
2019-07-01,basilicata,40.491393137834734,16.0772467519066,67.79355,65.00439,282.333,23.32861,28.857222,18.342707,2.8185713
2019-08-01,basilicata,40.491393137834734,16.0772467519066,19.109676,63.427906,256.8298,24.602919,30.144485,19.490004,2.5489275
2019-09-01,basilicata,40.491393137834734,16.0772467519066,156.45667,72.68751,196.49048,19.93937,24.6504,15.752792,2.7020793
2019-10-01,basilicata,40.491393137834734,16.0772467519066,101.877426,74.74689,155.54071,16.63107,20.959906,12.265434,2.8121378
2019-11-01,basilicata,40.491393137834734,16.0772467519066,808.32996,82.764305,78.21555,12.28959,15.43567,9.156377,3.8925714
2019-12-01,basilicata,40.491393137834734,16.0772467519066,358.02902,79.19514,75.4298,8.437877,11.563312,5.398925,3.7840183
2020-01-01,basilicata,40.491393137834734,16.0772467519066,27.56129,74.7762,95.95761,6.90298,10.803908,3.2310169,3.3914993
2020-02-01,basilicata,40.491393137834734,16.0772467519066,130.57585,74.20484,131.94186,8.343416,12.418777,3.9770212,4.151727
2020-03-01,basilicata,40.491393137834734,16.0772467519066,287.4,77.17151,142.24455,8.681508,12.930521,4.4830723,3.5093853
2020-04-01,basilicata,40.491393137834734,16.0772467519066,241.63335,70.51022,199.02856,11.756301,16.273367,7.281593,3.1944191
2020-05-01,basilicata,40.491393137834734,16.0772467519066,91.045166,66.6915,254.70967,16.612684,21.52972,11.777474,3.5749063
2020-06-01,basilicata,40.491393137834734,16.0772467519066,145.85,70.65715,318.50247,19.101446,23.787739,14.20682,3.553244
2020-07-01,basilicata,40.491393137834734,16.0772467519066,85.574196,63.84386,268.38544,23.19319,28.740807,17.678059,3.2384455
2020-08-01,basilicata,40.491393137834734,16.0772467519066,79.92581,65.61715,246.42754,24.209486,29.576351,19.065674,3.0660307
2020-09-01,basilicata,40.491393137834734,16.0772467519066,318.3,63.439445,168.0,20.550644,25.572433,15.917811,3.094276
2020-10-01,basilicata,40.491393137834734,16.0772467519066,316.28064,79.27972,144.06667,14.433642,18.518944,10.251426,3.2397943
2020-11-01,basilicata,40.491393137834734,16.0772467519066,377.18,81.69237,89.566666,11.51413,15.090251,8.204028,2.78006
2020-12-01,basilicata,40.491393137834734,16.0772467519066,626.43555,84.94202,102.12764,8.063133,10.91635,5.30823,2.757487
2021-01-01,basilicata,40.491393137834734,16.0772467519066,648.1194,82.63761,84.0,5.9137416,8.736267,2.7586575,3.0160677
2021-02-01,basilicata,40.491393137834734,16.0772467519066,358.82855,78.68177,135.57692,7.962704,11.997095,4.3808026,3.4421868
2021-03-01,basilicata,40.491393137834734,16.0772467519066,189.20323,72.96886,222.3656,7.142166,11.167327,3.349542,2.9824638
2021-04-01,basilicata,40.491393137834734,16.0772467519066,214.90001,75.51102,262.87903,9.832743,14.172507,5.8804827,2.8804507
2021-05-01,basilicata,40.491393137834734,16.0772467519066,89.145164,70.78649,282.50482,15.734933,20.274181,11.070153,3.0766544
2021-06-01,basilicata,40.491393137834734,16.0772467519066,135.86334,64.405266,247.37961,21.96784,26.943542,16.822159,2.966454
2021-07-01,basilicata,40.491393137834734,16.0772467519066,60.73226,61.474903,237.30646,24.554213,30.089394,19.38748,3.0433333
2021-08-01,basilicata,40.491393137834734,16.0772467519066,37.141937,58.272358,247.87834,24.904987,30.491625,19.615719,2.7650354
2021-09-01,basilicata,40.491393137834734,16.0772467519066,102.606674,65.86706,225.73308,20.137184,24.36407,15.660221,2.4328346
2021-10-01,basilicata,40.491393137834734,16.0772467519066,295.85162,73.78461,132.49979,13.633487,17.120872,10.35801,2.699232
2021-11-01,basilicata,40.491393137834734,16.0772467519066,782.31335,82.99281,75.1717,12.02054,15.072841,9.455019,2.9635046
2021-12-01,basilicata,40.491393137834734,16.0772467519066,542.14514,80.75616,77.20952,7.0858865,10.196433,4.32102,2.9974654
2022-01-01,basilicata,40.491393137834734,16.0772467519066,163.23872,74.13176,80.39109,5.1248107,9.105938,1.8675238,2.7321317
2022-02-01,basilicata,40.491393137834734,16.0772467519066,290.5107,72.44267,111.017,6.3452716,11.362877,2.5310001,3.1228437
2022-03-01,basilicata,40.491393137834734,16.0772467519066,290.73547,70.28857,151.961,5.6665554,10.463272,1.820559,2.93353
2022-04-01,basilicata,40.491393137834734,16.0772467519066,252.76001,73.25697,193.46826,10.337737,15.563457,5.8370385,3.1552758
2022-05-01,basilicata,40.491393137834734,16.0772467519066,130.8,73.13089,272.2464,16.662386,22.674038,11.636439,2.7660522
2022-06-01,basilicata,40.491393137834734,16.0772467519066,115.263336,59.56989,264.94,22.898739,28.971691,17.455322,3.1115015
2022-07-01,basilicata,40.491393137834734,16.0772467519066,49.44516,54.760014,276.87802,24.002123,30.717295,18.48064,2.9227986
2022-08-01,basilicata,40.491393137834734,16.0772467519066,163.0871,58.918804,187.9625,23.073902,29.404198,18.164728,2.7296252
2022-09-01,basilicata,40.491393137834734,16.0772467519066,384.16333,69.53791,171.57683,19.275946,24.415955,14.581962,2.426892
2022-10-01,basilicata,40.491393137834734,16.0772467519066,124.56775,77.26355,152.12442,16.124325,21.424843,11.682989,2.4543962
2022-11-01,basilicata,40.491393137834734,16.0772467519066,805.54663,84.01958,78.424126,11.4564295,15.681534,7.745603,2.8013048
2022-12-01,basilicata,40.491393137834734,16.0772467519066,299.94516,87.42353,74.74901,10.508435,14.267344,7.1088753,2.2940063
2023-01-01,basilicata,40.491393137834734,16.0772467519066,775.41296,84.37089,74.01075,7.0160394,10.64591,3.5052717,2.8089
2023-02-01,basilicata,40.491393137834734,16.0772467519066,88.307144,76.474495,112.533676,6.4961796,10.746984,2.5445035,2.8200884
2023-03-01,basilicata,40.491393137834734,16.0772467519066,289.42905,77.82812,164.49585,9.213754,13.84917,4.793834,2.98839
2023-04-01,basilicata,40.491393137834734,16.0772467519066,336.83667,78.33305,190.54889,10.1244955,14.871352,6.056343,2.8616695
2023-05-01,basilicata,40.491393137834734,16.0772467519066,407.45163,83.073235,186.54134,14.61635,18.84496,10.939542,2.7838554
2023-06-01,basilicata,40.491393137834734,16.0772467519066,304.08667,72.854,262.48697,19.657398,24.94832,14.749672,2.5673747
2023-07-01,basilicata,40.491393137834734,16.0772467519066,22.83871,60.291607,301.369,24.726446,31.096647,18.567099,2.5050106
2023-08-01,basilicata,40.491393137834734,16.0772467519066,146.5,64.664734,230.20584,22.968525,28.655127,17.762129,2.179653
2023-09-01,basilicata,40.491393137834734,16.0772467519066,116.35333,66.449005,170.37587,21.079844,26.6798,16.202654,2.5966601
2023-10-01,basilicata,40.491393137834734,16.0772467519066,312.47095,76.67867,129.7662,18.321585,23.215452,14.015948,2.8795114
2023-11-01,basilicata,40.491393137834734,16.0772467519066,665.68665,81.004074,79.59269,12.498879,16.48205,8.797229,3.134857
2023-12-01,basilicata,40.491393137834734,16.0772467519066,147.76453,82.710655,75.02488,8.151464,12.360215,4.5342274,1.9970814
2024-01-01,basilicata,40.491393137834734,16.0772467519066,399.01614,81.08314,69.35115,7.2557383,11.084142,3.9109247,2.1283932
2024-02-01,basilicata,40.491393137834734,16.0772467519066,468.06207,82.01595,106.56387,8.799557,13.07546,5.1045218,2.5293202
2024-03-01,basilicata,40.491393137834734,16.0772467519066,307.56128,83.08451,138.19601,9.776177,14.385459,5.9380674,2.4612873
2024-04-01,basilicata,40.491393137834734,16.0772467519066,165.87,76.80385,188.61873,12.621249,18.267527,7.3028564,2.355276
2024-05-01,basilicata,40.491393137834734,16.0772467519066,107.545166,76.00864,105.41014,16.762224,21.547523,12.187895,2.3221872
2024-06-01,basilicata,40.491393137834734,16.0772467519066,13.566667,64.519966,232.29651,21.915928,28.020803,15.959165,2.9166856
2024-07-01,basilicata,40.491393137834734,16.0772467519066,46.78387,57.05505,238.54686,25.304787,31.728336,19.182064,2.8866541
2024-08-01,basilicata,40.491393137834734,16.0772467519066,153.22581,62.568142,75.25776,25.577963,31.942379,19.508883,2.4589524
2024-09-01,basilicata,40.491393137834734,16.0772467519066,245.14001,75.23687,157.54192,19.381605,24.783566,14.765269,1.9565046
2024-10-01,basilicata,40.491393137834734,16.0772467519066,176.23549,82.32076,115.96222,16.926632,21.70805,12.629641,2.0962212
2024-11-01,basilicata,40.491393137834734,16.0772467519066,248.72668,79.845535,66.4454,11.391746,15.674166,6.9121394,2.0381143
2024-12-01,basilicata,40.491393137834734,16.0772467519066,649.4742,78.59121,71.30568,8.144009,11.71766,4.343714,1.9628417
2000-01-01,calabria,39.045021040002204,16.34375706414396,455.6032,76.92424,87.82782,5.0865006,8.798342,1.3786482,1.8427625
2000-02-01,calabria,39.045021040002204,16.34375706414396,433.49658,77.00527,119.30946,6.4907293,10.435838,2.5654733,2.6617615
2000-03-01,calabria,39.045021040002204,16.34375706414396,119.49032,76.30277,184.99692,9.082563,13.893766,4.3267307,2.4066749
2000-04-01,calabria,39.045021040002204,16.34375706414396,367.30667,78.47662,198.99916,12.778616,17.377838,8.256986,2.7801688
2000-05-01,calabria,39.045021040002204,16.34375706414396,73.92903,77.94199,236.34291,17.727535,22.879519,12.681113,2.1894352
2000-06-01,calabria,39.045021040002204,16.34375706414396,14.746668,73.16456,274.2968,21.073036,26.727484,15.507406,2.4573054
2000-07-01,calabria,39.045021040002204,16.34375706414396,107.43226,71.12205,291.27283,23.159086,28.939404,17.384073,2.6235979
2000-08-01,calabria,39.045021040002204,16.34375706414396,0.0,73.970215,267.7672,24.342537,30.525084,18.24731,2.0609138
2000-09-01,calabria,39.045021040002204,16.34375706414396,1052.7733,61.169224,183.55945,19.59526,24.485,14.733349,2.1626773
2000-10-01,calabria,39.045021040002204,16.34375706414396,456.6129,84.04282,126.17917,15.838789,20.18135,11.568584,2.1745305
2000-11-01,calabria,39.045021040002204,16.34375706414396,389.71002,83.47307,90.62399,13.138053,17.628426,8.807104,2.7351668
2000-12-01,calabria,39.045021040002204,16.34375706414396,612.58386,82.01922,79.62852,9.631728,13.30835,6.0793424,2.644754
2001-01-01,calabria,39.045021040002204,16.34375706414396,890.99036,81.56199,76.46394,8.839833,12.423225,5.384062,2.6917078
2001-02-01,calabria,39.045021040002204,16.34375706414396,436.58926,76.90463,121.00704,7.3651752,11.682193,3.1923792,2.8977928
2001-03-01,calabria,39.045021040002204,16.34375706414396,288.20648,81.55537,165.51428,13.01761,17.63623,8.4218855,3.2550228
2001-04-01,calabria,39.045021040002204,16.34375706414396,302.05334,76.07273,200.22038,11.1109085,15.987744,6.4344625,3.3031366
2001-05-01,calabria,39.045021040002204,16.34375706414396,252.73549,79.3675,223.20834,17.260809,22.50871,12.15273,2.5501654
2001-06-01,calabria,39.045021040002204,16.34375706414396,73.613335,70.54039,282.5397,19.93306,25.798698,14.117597,3.0256474
2001-07-01,calabria,39.045021040002204,16.34375706414396,10.874194,72.02622,275.92337,23.14953,29.194775,17.324343,2.5137572
2001-08-01,calabria,39.045021040002204,16.34375706414396,51.43226,76.22006,252.3834,23.471226,29.33185,18.038347,2.2090132
2001-09-01,calabria,39.045021040002204,16.34375706414396,130.97,75.62662,204.2949,19.15436,24.241314,14.215717,2.4032798
2001-10-01,calabria,39.045021040002204,16.34375706414396,24.44516,80.43414,153.71071,17.632713,23.127651,12.298703,2.1989412
2001-11-01,calabria,39.045021040002204,16.34375706414396,469.50333,75.06564,87.83037,11.047584,15.129656,7.1506076,2.8272905
2001-12-01,calabria,39.045021040002204,16.34375706414396,547.05164,67.898636,58.70988,4.8545527,8.469032,1.43834,3.1020594
2002-01-01,calabria,39.045021040002204,16.34375706414396,205.4484,74.375786,89.56133,5.767744,10.112702,1.484477,2.7858973
2002-02-01,calabria,39.045021040002204,16.34375706414396,198.87143,80.924545,118.79709,9.600108,13.4823475,5.8145514,3.268768
2002-03-01,calabria,39.045021040002204,16.34375706414396,227.52258,75.86035,159.45737,10.771831,15.226839,6.3811016,3.174278
2002-04-01,calabria,39.045021040002204,16.34375706414396,537.19666,80.65317,202.61168,11.910965,16.486664,7.423622,2.633658
2002-05-01,calabria,39.045021040002204,16.34375706414396,471.2839,75.611404,239.16354,15.977446,20.73658,11.289156,2.6889207
2002-06-01,calabria,39.045021040002204,16.34375706414396,47.629997,68.651924,271.77942,21.219894,27.015806,15.48818,2.974126
2002-07-01,calabria,39.045021040002204,16.34375706414396,225.58066,71.2337,251.60286,22.854818,28.014938,17.752968,2.5741377
2002-08-01,calabria,39.045021040002204,16.34375706414396,305.4355,72.26707,228.56583,22.217907,27.227324,17.217009,2.4824708
2002-09-01,calabria,39.045021040002204,16.34375706414396,550.17334,73.923615,174.2552,18.193705,22.609478,13.867654,1.8393824
2002-10-01,calabria,39.045021040002204,16.34375706414396,312.12903,77.877396,138.52682,15.35299,20.001623,10.6837225,2.266007
2002-11-01,calabria,39.045021040002204,16.34375706414396,563.2,83.341064,81.44947,13.017314,16.60754,9.466316,2.6952968
2002-12-01,calabria,39.045021040002204,16.34375706414396,964.0226,84.251976,55.94494,8.7691965,11.859714,5.760084,2.6404505
2003-01-01,calabria,39.045021040002204,16.34375706414396,894.19354,77.04304,75.4247,8.144678,11.211128,5.1245675,3.0337179
2003-02-01,calabria,39.045021040002204,16.34375706414396,384.24643,73.40739,111.72839,3.9118311,7.608915,0.25808468,2.8236744
2003-03-01,calabria,39.045021040002204,16.34375706414396,126.35161,77.41666,175.82678,8.025683,12.651306,3.6478856,2.3560815
2003-04-01,calabria,39.045021040002204,16.34375706414396,543.3467,80.72484,207.73715,11.1065645,15.764997,6.6239614,2.6793013
2003-05-01,calabria,39.045021040002204,16.34375706414396,155.80322,77.343636,258.61783,17.876308,23.582869,12.378452,2.7717204
2003-06-01,calabria,39.045021040002204,16.34375706414396,108.62334,71.208725,281.15073,22.958286,28.855808,17.333714,2.6011965
2003-07-01,calabria,39.045021040002204,16.34375706414396,34.529034,65.73468,292.12372,24.440159,30.240461,18.921148,3.132903
2003-08-01,calabria,39.045021040002204,16.34375706414396,279.27417,72.00927,251.17628,24.611805,30.4512,19.037333,2.5320718
2003-09-01,calabria,39.045021040002204,16.34375706414396,254.61002,75.54225,187.02505,19.082386,23.98328,14.265827,2.2422414
2003-10-01,calabria,39.045021040002204,16.34375706414396,637.6194,77.45074,118.35073,16.37769,20.611023,12.327858,2.5843756
2003-11-01,calabria,39.045021040002204,16.34375706414396,495.72665,83.65275,90.80361,12.485055,16.621561,8.422376,2.0661068
2003-12-01,calabria,39.045021040002204,16.34375706414396,787.5548,77.52392,67.994865,7.849406,11.407263,4.3709903,2.8173158
2004-01-01,calabria,39.045021040002204,16.34375706414396,550.3613,67.969215,73.899734,6.1258264,9.596425,2.7619457,3.620074
2004-02-01,calabria,39.045021040002204,16.34375706414396,212.91034,71.61027,113.178345,7.684283,11.865054,3.656938,3.002299
2004-03-01,calabria,39.045021040002204,16.34375706414396,636.571,71.55933,152.26794,8.6075735,12.7346945,4.6085467,3.0229878
2004-04-01,calabria,39.045021040002204,16.34375706414396,563.23,76.18782,175.07983,12.556815,16.510687,8.796874,3.1600876
2004-05-01,calabria,39.045021040002204,16.34375706414396,265.91937,74.11437,245.09944,14.340608,19.292498,9.593192,3.2436953
2004-06-01,calabria,39.045021040002204,16.34375706414396,162.68001,73.13855,268.86475,19.905767,25.16846,14.793344,2.9742072
2004-07-01,calabria,39.045021040002204,16.34375706414396,86.145164,63.136173,279.6396,22.776031,28.499048,17.273767,2.5161061
2004-08-01,calabria,39.045021040002204,16.34375706414396,26.63871,68.66584,262.45776,23.107275,28.786394,17.605423,2.4363606
2004-09-01,calabria,39.045021040002204,16.34375706414396,356.40668,71.91264,186.77792,19.193928,24.153423,14.424546,2.0003655
2004-10-01,calabria,39.045021040002204,16.34375706414396,205.30646,81.209274,142.639,18.174194,22.95422,13.470954,2.2029674
2004-11-01,calabria,39.045021040002204,16.34375706414396,1004.42676,72.16807,76.6121,11.513181,15.263184,7.8323607,2.8313463
2004-12-01,calabria,39.045021040002204,16.34375706414396,1168.5322,76.040146,56.930553,10.002381,12.859064,7.218931,2.734721
2005-01-01,calabria,39.045021040002204,16.34375706414396,457.7387,66.30479,85.914116,6.0863857,9.584218,2.6638668,2.7685711
2005-02-01,calabria,39.045021040002204,16.34375706414396,598.2857,67.252655,104.23612,4.8643494,8.412975,1.3236941,3.5661926
2005-03-01,calabria,39.045021040002204,16.34375706414396,234.40645,74.617775,166.90817,8.805536,13.558752,4.034884,2.7644517
2005-04-01,calabria,39.045021040002204,16.34375706414396,347.29,72.34857,205.28874,11.1953945,15.802122,6.7675242,3.1784272
2005-05-01,calabria,39.045021040002204,16.34375706414396,298.4613,72.57747,245.14098,17.097364,22.369684,11.987291,2.7584016
2005-06-01,calabria,39.045021040002204,16.34375706414396,131.80334,70.84775,261.76413,20.094418,25.261536,15.071252,2.5008204
2005-07-01,calabria,39.045021040002204,16.34375706414396,57.454838,67.93791,276.17587,23.3564,29.009653,17.829384,2.7261145
2005-08-01,calabria,39.045021040002204,16.34375706414396,226.96451,70.62791,239.94392,22.196585,27.346636,17.196264,2.733321
2005-09-01,calabria,39.045021040002204,16.34375706414396,449.42,73.331535,175.8002,19.525618,24.0268,15.151878,2.1765897
2005-10-01,calabria,39.045021040002204,16.34375706414396,379.0129,73.00703,132.85042,15.265611,19.70099,10.961558,2.3815362
2005-11-01,calabria,39.045021040002204,16.34375706414396,501.61334,70.640755,92.54522,11.17714,15.17116,7.2703266,2.9951732
2005-12-01,calabria,39.045021040002204,16.34375706414396,916.2323,73.45219,68.53647,7.4307766,10.755161,4.126207,3.683877
2006-01-01,calabria,39.045021040002204,16.34375706414396,368.3806,76.48086,85.336494,5.578377,8.918733,2.2871501,2.9278803
2006-02-01,calabria,39.045021040002204,16.34375706414396,638.6929,76.290054,113.31118,6.880303,10.575645,3.3067424,3.158196
2006-03-01,calabria,39.045021040002204,16.34375706414396,415.2226,75.24639,144.86089,8.695059,12.494627,5.0977316,3.2332628
2006-04-01,calabria,39.045021040002204,16.34375706414396,263.76334,73.910286,202.6705,13.075593,17.915743,8.432047,2.8077393
2006-05-01,calabria,39.045021040002204,16.34375706414396,10.690323,68.60599,274.11465,17.184685,22.888853,11.618865,2.8615859
2006-06-01,calabria,39.045021040002204,16.34375706414396,313.85,64.41809,265.231,20.341692,26.074215,14.781458,2.5631409
2006-07-01,calabria,39.045021040002204,16.34375706414396,255.60324,70.334915,261.3612,22.956377,28.410458,17.689962,2.650792
2006-08-01,calabria,39.045021040002204,16.34375706414396,200.6129,63.206135,253.07912,22.590578,28.034786,17.28883,2.9866066
2006-09-01,calabria,39.045021040002204,16.34375706414396,400.04,69.708626,187.35266,19.594446,24.52207,14.806976,2.287254
2006-10-01,calabria,39.045021040002204,16.34375706414396,255.92581,74.52084,131.86974,16.744215,21.461199,12.163369,2.5804505
2006-11-01,calabria,39.045021040002204,16.34375706414396,250.92001,75.479416,107.20405,10.978985,15.8735695,6.1761675,2.8821645
2006-12-01,calabria,39.045021040002204,16.34375706414396,829.1033,74.84872,70.440315,9.295071,12.680494,6.069558,2.139026
2007-01-01,calabria,39.045021040002204,16.34375706414396,206.90645,75.973366,103.87652,8.872124,12.906718,4.926967,2.2619104
2007-02-01,calabria,39.045021040002204,16.34375706414396,635.075,75.72507,112.428795,8.959714,12.524419,5.426296,2.871623
2007-03-01,calabria,39.045021040002204,16.34375706414396,578.2064,74.751236,146.15019,10.161926,13.881404,6.5580745,3.0803783
2007-04-01,calabria,39.045021040002204,16.34375706414396,338.43335,74.2734,223.89659,13.015018,17.81838,8.315375,2.2125707
2007-05-01,calabria,39.045021040002204,16.34375706414396,280.87418,71.004906,244.52538,16.794037,21.563822,12.075762,2.8804839
2007-06-01,calabria,39.045021040002204,16.34375706414396,174.49667,69.91247,270.77432,21.716633,27.220486,16.29944,2.846218
2007-07-01,calabria,39.045021040002204,16.34375706414396,0.06451613,60.543404,285.59174,23.875553,29.893412,17.977676,2.5871031
2007-08-01,calabria,39.045021040002204,16.34375706414396,10.048387,62.676254,258.72757,23.937832,29.726892,18.188295,2.9104383
2007-09-01,calabria,39.045021040002204,16.34375706414396,253.73,64.90251,193.90742,18.78923,23.878017,13.70384,2.443906
2007-10-01,calabria,39.045021040002204,16.34375706414396,509.82904,67.77965,116.788376,15.274756,19.401556,11.209314,2.0638502
2007-11-01,calabria,39.045021040002204,16.34375706414396,647.1167,69.5596,80.853714,10.354567,14.152748,6.6445575,2.8170128
2007-12-01,calabria,39.045021040002204,16.34375706414396,569.8258,75.16935,70.7972,6.9680953,10.374053,3.4980295,2.552262
2008-01-01,calabria,39.045021040002204,16.34375706414396,247.24516,75.92722,85.42716,8.364715,12.186896,4.6225047,2.3527935
2008-02-01,calabria,39.045021040002204,16.34375706414396,136.80347,78.91794,120.701294,7.147195,11.564359,2.8089128,2.3355217
2008-03-01,calabria,39.045021040002204,16.34375706414396,673.6775,76.237366,155.7444,10.14363,14.423287,6.0378175,3.21628
2008-04-01,calabria,39.045021040002204,16.34375706414396,208.77333,76.488976,197.21974,12.490492,17.207129,7.8473716,2.7739594
2008-05-01,calabria,39.045021040002204,16.34375706414396,87.532265,68.66055,248.04091,16.458698,21.77,11.330271,2.6428454
2008-06-01,calabria,39.045021040002204,16.34375706414396,145.49335,71.46889,269.59006,20.705095,26.290524,15.302991,2.608765
2008-07-01,calabria,39.045021040002204,16.34375706414396,5.0903225,71.00452,283.34192,23.5887,29.336554,18.011795,2.6843944
2008-08-01,calabria,39.045021040002204,16.34375706414396,42.225807,71.98357,264.43353,24.097738,29.990343,18.476347,2.3370678
2008-09-01,calabria,39.045021040002204,16.34375706414396,577.2867,71.528725,183.69617,19.424105,24.497265,14.456764,2.2049038
2008-10-01,calabria,39.045021040002204,16.34375706414396,186.90646,80.338646,147.40744,16.306726,21.0949,11.650144,2.260008
2008-11-01,calabria,39.045021040002204,16.34375706414396,949.1134,78.264656,83.83461,12.278853,16.403711,8.303067,2.9333847
2008-12-01,calabria,39.045021040002204,16.34375706414396,1253.0452,74.997086,64.51942,8.087429,11.452618,4.897296,2.8945098
2009-01-01,calabria,39.045021040002204,16.34375706414396,1591.6097,80.4557,63.819603,8.064175,11.091522,5.0993667,2.798449
2009-02-01,calabria,39.045021040002204,16.34375706414396,639.8571,71.98608,105.271385,5.630163,9.601397,1.8436124,2.9984224
2009-03-01,calabria,39.045021040002204,16.34375706414396,735.3581,73.72543,158.61885,8.782433,12.975781,4.668845,3.2743278
2009-04-01,calabria,39.045021040002204,16.34375706414396,505.69672,78.00759,173.64417,12.399948,16.458345,8.590847,2.6578417
2009-05-01,calabria,39.045021040002204,16.34375706414396,98.867744,72.97007,256.01007,17.868423,23.328218,12.600536,2.5800536
2009-06-01,calabria,39.045021040002204,16.34375706414396,375.31668,72.02786,270.9669,20.250704,25.53335,15.082751,2.7105148
2009-07-01,calabria,39.045021040002204,16.34375706414396,54.812904,68.060684,292.54346,23.470198,29.184956,17.925314,2.7090466
2009-08-01,calabria,39.045021040002204,16.34375706414396,14.854839,72.90987,250.91473,24.351574,29.814709,19.236015,2.4972475
2009-09-01,calabria,39.045021040002204,16.34375706414396,1123.1866,72.50732,170.8433,19.828735,24.247816,15.557342,2.672207
2009-10-01,calabria,39.045021040002204,16.34375706414396,763.59357,73.690575,127.896645,14.851839,18.903536,11.0029335,2.8409884
2009-11-01,calabria,39.045021040002204,16.34375706414396,390.04333,81.92326,99.226326,12.187606,16.3269,8.312243,3.2249956
2009-12-01,calabria,39.045021040002204,16.34375706414396,680.68384,79.49908,61.926037,10.0383415,13.627747,6.6906266,3.4928722
2010-01-01,calabria,39.045021040002204,16.34375706414396,1188.2258,66.14558,67.54449,6.988169,10.076229,4.0204415,3.5016975
2010-02-01,calabria,39.045021040002204,16.34375706414396,1164.6572,77.30432,95.631714,7.89083,11.477525,4.4574,3.7218175
2010-03-01,calabria,39.045021040002204,16.34375706414396,650.27747,74.19028,151.10725,9.53708,13.612966,5.5698867,3.2434716
2010-04-01,calabria,39.045021040002204,16.34375706414396,221.98001,73.72065,189.80658,12.764324,17.237701,8.466257,2.8941364
2010-05-01,calabria,39.045021040002204,16.34375706414396,325.4839,69.52908,222.53215,16.180107,21.032038,11.627027,3.2951903
2010-06-01,calabria,39.045021040002204,16.34375706414396,270.47003,66.75602,240.98131,20.094172,25.007397,15.479971,3.1089869
2010-07-01,calabria,39.045021040002204,16.34375706414396,83.21936,68.00274,265.50772,23.367828,28.707096,18.357157,2.9774873
2010-08-01,calabria,39.045021040002204,16.34375706414396,9.554838,62.590378,259.8038,23.660095,28.991413,18.660809,2.9486809
2010-09-01,calabria,39.045021040002204,16.34375706414396,670.06335,68.04701,175.10403,19.102306,23.621544,14.976891,2.6312819
2010-10-01,calabria,39.045021040002204,16.34375706414396,1025.7032,69.79642,113.97432,15.230332,18.990675,11.757257,2.8101404
2010-11-01,calabria,39.045021040002204,16.34375706414396,971.1667,79.36807,82.3431,13.002968,16.763853,9.453359,3.449045
2010-12-01,calabria,39.045021040002204,16.34375706414396,490.85162,68.650246,68.610435,8.462879,12.025765,5.123296,2.9232216
2011-01-01,calabria,39.045021040002204,16.34375706414396,656.59357,69.0085,86.65749,7.6399674,11.223692,3.9187136,2.4649959
2011-02-01,calabria,39.045021040002204,16.34375706414396,621.4286,66.40667,110.79595,7.485521,11.090325,4.2065926,3.0253432
2011-03-01,calabria,39.045021040002204,16.34375706414396,719.97095,72.89775,145.85493,9.097982,12.976442,5.5702853,3.1282506
2011-04-01,calabria,39.045021040002204,16.34375706414396,585.94006,64.88392,202.26135,12.518394,17.189892,8.020049,2.8797135
2011-05-01,calabria,39.045021040002204,16.34375706414396,335.3484,69.5772,222.49763,15.3572445,20.089746,10.775607,3.0142534
2011-06-01,calabria,39.045021040002204,16.34375706414396,114.33667,71.690834,269.39594,20.26054,25.355942,15.3227415,3.0927753
2011-07-01,calabria,39.045021040002204,16.34375706414396,17.516129,66.48582,275.24203,22.931856,28.464054,17.49731,2.8430767
2011-08-01,calabria,39.045021040002204,16.34375706414396,4.3193545,66.93974,264.5229,23.764935,29.735874,17.925339,2.6179943
2011-09-01,calabria,39.045021040002204,16.34375706414396,346.53668,66.8258,202.56009,21.574835,26.827118,16.41215,2.476532
2011-10-01,calabria,39.045021040002204,16.34375706414396,368.3774,61.01967,135.42511,14.879225,19.43852,10.412282,2.8324916
2011-11-01,calabria,39.045021040002204,16.34375706414396,673.9367,66.415886,96.81613,11.581946,15.515314,7.7370715,2.8589954
2011-12-01,calabria,39.045021040002204,16.34375706414396,607.64844,74.74742,75.51079,8.7162895,12.259151,5.2771416,3.4729548
2012-01-01,calabria,39.045021040002204,16.34375706414396,413.87738,65.94883,88.485306,5.9655576,9.853441,2.1602447,2.6244001
2012-02-01,calabria,39.045021040002204,16.34375706414396,1375.7311,65.06122,99.35141,5.487173,8.782306,2.2604325,3.2316113
2012-03-01,calabria,39.045021040002204,16.34375706414396,177.39679,64.77991,180.86151,10.314146,15.140827,5.606121,2.8024132
2012-04-01,calabria,39.045021040002204,16.34375706414396,673.54663,75.64067,203.76816,12.43939,16.952068,8.112401,3.368327
2012-05-01,calabria,39.045021040002204,16.34375706414396,270.28064,71.11293,238.12102,15.48982,20.567076,10.529751,3.1808891
2012-06-01,calabria,39.045021040002204,16.34375706414396,30.796665,70.53604,268.60913,21.985327,28.049934,16.059832,2.9811816
2012-07-01,calabria,39.045021040002204,16.34375706414396,125.66129,67.861336,256.59482,24.612963,30.414946,18.85071,2.9833663
2012-08-01,calabria,39.045021040002204,16.34375706414396,6.8580647,64.13862,267.24677,24.781965,30.995407,18.744001,2.6119828
2012-09-01,calabria,39.045021040002204,16.34375706414396,257.07666,71.11225,198.52846,21.00716,26.18954,15.940869,2.5664232
2012-10-01,calabria,39.045021040002204,16.34375706414396,491.5968,71.30484,137.15224,17.306334,22.168983,12.605892,2.710525
2012-11-01,calabria,39.045021040002204,16.34375706414396,659.33,75.606186,87.33715,13.546022,17.2671,9.972995,3.073532
2012-12-01,calabria,39.045021040002204,16.34375706414396,814.45807,69.51594,73.97698,7.483484,11.143401,3.829548,2.82257
2013-01-01,calabria,39.045021040002204,16.34375706414396,975.7839,76.45314,79.28293,7.6587305,10.969702,4.392854,2.92275
2013-02-01,calabria,39.045021040002204,16.34375706414396,753.41785,74.75665,99.78753,6.635948,10.359049,2.9592447,3.4404924
2013-03-01,calabria,39.045021040002204,16.34375706414396,931.6968,76.679535,155.89275,10.066768,13.853523,6.3539324,4.02671
2013-04-01,calabria,39.045021040002204,16.34375706414396,222.53001,70.105484,231.13312,13.613216,18.60715,8.765328,3.4765387
2013-05-01,calabria,39.045021040002204,16.34375706414396,181.29033,66.4969,232.7857,16.38997,21.311924,11.590734,3.7699108
2013-06-01,calabria,39.045021040002204,16.34375706414396,92.17667,69.10557,264.22653,19.588041,24.970795,14.334373,3.2420063
2013-07-01,calabria,39.045021040002204,16.34375706414396,100.5,64.45683,277.28375,22.62944,28.28357,16.857891,2.6707153
2013-08-01,calabria,39.045021040002204,16.34375706414396,136.49033,62.167595,246.41402,23.947113,29.620888,18.35613,2.8012056
2013-09-01,calabria,39.045021040002204,16.34375706414396,313.46667,66.47638,199.43185,20.232517,25.2039,15.284581,2.7243054
2013-10-01,calabria,39.045021040002204,16.34375706414396,264.06775,74.13116,148.26424,17.654268,22.51564,12.793193,2.5750701
2013-11-01,calabria,39.045021040002204,16.34375706414396,1385.4934,70.48303,77.49108,12.017786,15.803997,8.346758,3.6682262
2013-12-01,calabria,39.045021040002204,16.34375706414396,708.99677,70.50672,83.248405,8.597191,12.707709,4.578492,2.8075185
2014-01-01,calabria,39.045021040002204,16.34375706414396,651.0613,82.41112,79.724884,8.934908,12.780507,5.0483975,3.4832466
2014-02-01,calabria,39.045021040002204,16.34375706414396,1022.825,77.698494,115.00296,9.865828,13.878298,5.79848,3.458697
2014-03-01,calabria,39.045021040002204,16.34375706414396,726.7161,71.24389,157.08672,9.722188,14.214013,5.302733,3.2672622
2014-04-01,calabria,39.045021040002204,16.34375706414396,524.91003,77.10922,188.89575,12.202415,16.685125,7.855624,3.051876
2014-05-01,calabria,39.045021040002204,16.34375706414396,238.4,72.88744,231.89934,15.280407,20.234814,10.396638,2.9780293
2014-06-01,calabria,39.045021040002204,16.34375706414396,100.35333,64.72327,263.78006,20.613842,26.158401,15.181583,3.3026922
2014-07-01,calabria,39.045021040002204,16.34375706414396,222.10324,71.92436,251.89523,21.763346,27.03201,16.62394,3.4475825
2014-08-01,calabria,39.045021040002204,16.34375706414396,14.761291,72.65319,269.01828,23.259277,28.979082,17.75068,3.1479921
2014-09-01,calabria,39.045021040002204,16.34375706414396,408.72,74.623276,183.81912,20.074629,24.850544,15.354445,2.7465363
2014-10-01,calabria,39.045021040002204,16.34375706414396,348.09033,73.89919,141.4062,16.706337,21.671097,11.782182,2.4852355
2014-11-01,calabria,39.045021040002204,16.34375706414396,718.82666,81.564644,94.37771,14.39796,16.551443,9.392673,3.0562413
2014-12-01,calabria,39.045021040002204,16.34375706414396,455.72583,75.69063,79.89522,10.49807,12.739688,4.8563795,2.9250042
2015-01-01,calabria,39.045021040002204,16.34375706414396,524.9678,74.020164,86.45901,7.5045533,11.461559,3.5189846,3.1038814
2015-02-01,calabria,39.045021040002204,16.34375706414396,737.41077,70.38877,108.15492,6.463626,10.359083,2.5535715,3.4923444
2015-03-01,calabria,39.045021040002204,16.34375706414396,861.1581,70.787674,146.32793,9.267315,13.073619,5.5435734,3.261801
2015-04-01,calabria,39.045021040002204,16.34375706414396,89.54668,71.25212,230.562,12.173439,17.081036,7.402484,3.2362523
2015-05-01,calabria,39.045021040002204,16.34375706414396,95.05807,75.30399,258.02298,17.45978,22.962269,12.076566,3.5803058
2015-06-01,calabria,39.045021040002204,16.34375706414396,193.99667,75.81408,279.2308,20.04514,25.742237,14.481797,2.982188
2015-07-01,calabria,39.045021040002204,16.34375706414396,33.751614,73.18738,304.4095,24.940878,30.993889,19.0378,3.052845
2015-08-01,calabria,39.045021040002204,16.34375706414396,225.6871,73.10343,257.86768,23.726313,29.25359,18.37056,3.000761
2015-09-01,calabria,39.045021040002204,16.34375706414396,389.28665,69.257126,194.93419,20.919127,26.034773,15.966622,2.5568373
2015-10-01,calabria,39.045021040002204,16.34375706414396,933.5581,81.12556,118.63242,16.431644,20.764734,12.109062,3.1239495
2015-11-01,calabria,39.045021040002204,16.34375706414396,750.4067,82.0908,106.05265,12.839721,16.973013,8.818645,3.418241
2015-12-01,calabria,39.045021040002204,16.34375706414396,42.196774,83.42254,111.820015,9.2657995,13.738102,4.7995996,2.271584
2016-01-01,calabria,39.045021040002204,16.34375706414396,422.7871,80.265305,91.92932,8.894064,11.212738,6.7157154,3.8350017
2016-02-01,calabria,39.045021040002204,16.34375706414396,364.70343,81.422646,113.59279,10.789051,12.946914,8.204215,4.1772194
2016-03-01,calabria,39.045021040002204,16.34375706414396,715.6903,80.30368,139.72878,10.142916,12.559442,7.158648,3.5025518
2016-04-01,calabria,39.045021040002204,16.34375706414396,185.55,72.5287,190.7951,14.27168,17.39502,11.253359,3.2485065
2016-05-01,calabria,39.045021040002204,16.34375706414396,413.96774,74.09495,239.8385,15.248651,18.31906,12.575499,3.2672644
2016-06-01,calabria,39.045021040002204,16.34375706414396,49.66667,72.658455,251.30762,19.639492,23.57302,16.544634,3.2369978
2016-07-01,calabria,39.045021040002204,16.34375706414396,6.6903224,70.66977,277.24368,23.602962,27.737814,20.016706,3.016491
2016-08-01,calabria,39.045021040002204,16.34375706414396,171.01935,74.54044,245.9961,22.44955,26.492785,18.8151,3.0234864
2016-09-01,calabria,39.045021040002204,16.34375706414396,411.35333,76.10134,167.76157,19.551165,22.569967,16.647194,2.6380258
2016-10-01,calabria,39.045021040002204,16.34375706414396,608.46454,76.546936,128.94595,17.070288,19.697649,14.477516,2.8000848
2016-11-01,calabria,39.045021040002204,16.34375706414396,817.66003,79.4489,98.92612,13.062858,15.531096,10.972715,3.2973547
2016-12-01,calabria,39.045021040002204,16.34375706414396,145.02902,73.695366,96.78817,9.24445,11.680441,6.5308666,3.0266871
2017-01-01,calabria,39.045021040002204,16.34375706414396,1126.8452,77.90531,85.23419,4.6003823,7.6336365,1.6103697,3.1956017
2017-02-01,calabria,39.045021040002204,16.34375706414396,376.22858,82.999245,122.82871,9.199189,12.867918,5.595305,3.1598396
2017-03-01,calabria,39.045021040002204,16.34375706414396,268.54517,75.15993,175.95644,10.933873,15.253732,6.677203,3.3120985
2017-04-01,calabria,39.045021040002204,16.34375706414396,225.72668,77.183235,229.85988,12.528187,17.082169,8.036762,2.8867755
2017-05-01,calabria,39.045021040002204,16.34375706414396,122.16774,77.04939,261.57364,17.126808,21.959661,12.359529,3.048329
2017-06-01,calabria,39.045021040002204,16.34375706414396,10.746668,72.61505,280.94095,22.834715,28.001696,17.727312,2.8241131
2017-07-01,calabria,39.045021040002204,16.34375706414396,40.95806,67.57835,295.99405,24.809614,29.998608,19.67283,3.2243483
2017-08-01,calabria,39.045021040002204,16.34375706414396,7.674194,71.67958,268.42554,25.872322,31.244343,20.539732,2.7017224
2017-09-01,calabria,39.045021040002204,16.34375706414396,376.06665,73.411934,205.52206,19.626795,24.243357,15.046266,2.9146538
2017-10-01,calabria,39.045021040002204,16.34375706414396,154.10646,73.480354,160.11978,15.82332,20.03428,11.684569,2.7495534
2017-11-01,calabria,39.045021040002204,16.34375706414396,656.25336,77.892456,95.57962,11.226249,14.818567,7.694796,3.112925
2017-12-01,calabria,39.045021040002204,16.34375706414396,502.37418,76.89295,78.54982,7.7044396,11.091528,4.3434906,3.4800532
2018-01-01,calabria,39.045021040002204,16.34375706414396,423.1903,73.54403,94.25889,8.266031,11.794823,5.389456,3.684547
2018-02-01,calabria,39.045021040002204,16.34375706414396,1124.0608,73.80295,92.88945,6.412989,9.841433,3.5181663,3.3055103
2018-03-01,calabria,39.045021040002204,16.34375706414396,681.9032,82.15356,136.53299,9.801417,13.885739,6.3113647,3.9498181
2018-04-01,calabria,39.045021040002204,16.34375706414396,44.39,71.822205,206.25456,14.731002,19.648668,10.393866,3.134923
2018-05-01,calabria,39.045021040002204,16.34375706414396,246.97098,73.190544,233.69366,17.007378,21.68643,12.980637,2.9242659
2018-06-01,calabria,39.045021040002204,16.34375706414396,403.48334,69.3039,255.36072,19.878944,24.681688,15.837188,3.2645106
2018-07-01,calabria,39.045021040002204,16.34375706414396,66.33226,67.76422,291.25436,23.623974,28.835869,18.938875,3.2661169
2018-08-01,calabria,39.045021040002204,16.34375706414396,372.2903,71.08376,237.49622,22.505888,27.881298,18.592152,2.842014
2018-09-01,calabria,39.045021040002204,16.34375706414396,91.44,68.60675,195.5622,20.078785,25.112349,16.304295,2.7672498
2018-10-01,calabria,39.045021040002204,16.34375706414396,1605.5065,77.90528,130.13478,16.224699,20.284061,13.037152,3.3688648
2018-11-01,calabria,39.045021040002204,16.34375706414396,798.7867,80.4811,96.280045,12.232411,15.951741,9.433244,2.9554677
2018-12-01,calabria,39.045021040002204,16.34375706414396,557.82904,74.41634,83.34128,8.230172,11.737959,5.3796196,2.8017201
2019-01-01,calabria,39.045021040002204,16.34375706414396,632.49677,76.2755,79.197044,4.520129,8.043328,1.3906472,3.09195
2019-02-01,calabria,39.045021040002204,16.34375706414396,320.63574,71.58694,124.18608,6.839738,10.802536,3.2784917,3.289828
2019-03-01,calabria,39.045021040002204,16.34375706414396,357.36777,74.75607,175.30635,10.336692,14.809521,6.184904,3.3886535
2019-04-01,calabria,39.045021040002204,16.34375706414396,349.22998,76.79061,205.00319,11.836514,16.10904,7.9008064,3.163942
2019-05-01,calabria,39.045021040002204,16.34375706414396,414.20648,82.575424,232.3189,13.097666,17.44754,9.130281,3.3138788
2019-06-01,calabria,39.045021040002204,16.34375706414396,61.013332,65.10044,272.23438,22.85919,28.442541,17.620216,3.172301
2019-07-01,calabria,39.045021040002204,16.34375706414396,161.8742,68.69733,294.51202,23.568602,28.867971,18.57749,3.192078
2019-08-01,calabria,39.045021040002204,16.34375706414396,44.477417,67.95011,258.19415,24.612123,30.203485,19.452164,2.7191234
2019-09-01,calabria,39.045021040002204,16.34375706414396,185.41667,72.16728,202.58301,20.604883,25.414152,16.096867,2.7647629
2019-10-01,calabria,39.045021040002204,16.34375706414396,242.52902,74.14654,161.21512,17.326782,21.943325,12.983318,2.9728246
2019-11-01,calabria,39.045021040002204,16.34375706414396,1363.8032,82.03661,84.91147,12.517913,16.156847,9.20684,4.392865
2019-12-01,calabria,39.045021040002204,16.34375706414396,808.66455,77.54303,80.71851,9.153778,12.485894,6.1500635,4.044448
2020-01-01,calabria,39.045021040002204,16.34375706414396,81.17742,74.41181,104.526825,7.1782618,11.130507,4.209792,3.3924153
2020-02-01,calabria,39.045021040002204,16.34375706414396,162.06897,74.56751,136.89919,8.754017,13.0728035,5.036881,3.915064
2020-03-01,calabria,39.045021040002204,16.34375706414396,781.0355,78.49207,150.01642,9.184774,13.6607685,5.375658,3.1014538
2020-04-01,calabria,39.045021040002204,16.34375706414396,297.45667,73.33225,190.9915,12.069269,16.693804,7.882682,2.5484936
2020-05-01,calabria,39.045021040002204,16.34375706414396,173.00323,67.401695,,17.339064,22.454134,12.591807,2.7635481
2020-06-01,calabria,39.045021040002204,16.34375706414396,238.14334,70.607635,,19.48517,24.258945,15.02759,2.9000576
2020-07-01,calabria,39.045021040002204,16.34375706414396,135.87741,66.5442,,23.246765,28.451536,18.459764,2.7793465
2020-08-01,calabria,39.045021040002204,16.34375706414396,125.435486,67.250336,,24.365004,29.828539,19.687353,2.7272208
2020-09-01,calabria,39.045021040002204,16.34375706414396,360.61667,61.8902,,20.907825,25.848438,16.823862,2.5212243
2020-10-01,calabria,39.045021040002204,16.34375706414396,377.5968,75.520996,,15.182718,19.805956,11.463785,2.7361372
2020-11-01,calabria,39.045021040002204,16.34375706414396,660.0567,77.08728,,12.112319,16.1987,9.114896,2.4274058
2020-12-01,calabria,39.045021040002204,16.34375706414396,924.23224,82.51976,107.725,8.975349,12.360193,6.2645445,2.6978762
2021-01-01,calabria,39.045021040002204,16.34375706414396,780.7999,79.09124,,7.454047,10.968103,4.324068,3.0440013
2021-02-01,calabria,39.045021040002204,16.34375706414396,498.08572,76.863396,,8.81907,13.24963,5.1916447,2.9994621
2021-03-01,calabria,39.045021040002204,16.34375706414396,456.34195,70.82235,,7.9695864,12.289246,4.2401767,2.628352
2021-04-01,calabria,39.045021040002204,16.34375706414396,346.99002,73.901,,10.936045,15.378137,6.8629656,2.797051
2021-05-01,calabria,39.045021040002204,16.34375706414396,62.938713,69.90754,,16.773155,21.832703,11.974569,2.9864368
2021-06-01,calabria,39.045021040002204,16.34375706414396,144.54333,64.580475,,22.6478,28.20973,17.65739,2.636207
2021-07-01,calabria,39.045021040002204,16.34375706414396,107.545166,63.119053,,24.856989,30.27939,19.906944,2.8437986
2021-08-01,calabria,39.045021040002204,16.34375706414396,82.158066,57.931633,250.08589,25.597387,31.231853,20.636143,2.4923427
2021-09-01,calabria,39.045021040002204,16.34375706414396,313.03998,66.504944,228.11375,20.614618,25.788164,16.526337,2.117483
2021-10-01,calabria,39.045021040002204,16.34375706414396,1053.0774,69.727486,141.42062,14.317454,18.423235,11.187719,2.6072414
2021-11-01,calabria,39.045021040002204,16.34375706414396,900.74335,78.337296,77.1922,13.062923,16.459538,10.426112,2.71513
2021-12-01,calabria,39.045021040002204,16.34375706414396,648.09357,79.41794,83.283325,7.913575,11.35995,5.024405,2.704915
2022-01-01,calabria,39.045021040002204,16.34375706414396,249.3742,74.16572,84.27964,7.579909,10.738711,4.5694265,2.6103265
2022-02-01,calabria,39.045021040002204,16.34375706414396,308.86072,76.815994,118.61237,7.614608,12.138619,3.5780573,2.6989195
2022-03-01,calabria,39.045021040002204,16.34375706414396,364.79678,72.60289,155.37807,7.0495434,11.384847,3.0614073,2.9380066
2022-04-01,calabria,39.045021040002204,16.34375706414396,234.43666,74.39984,201.15712,11.258876,15.524871,7.426797,3.0780191
2022-05-01,calabria,39.045021040002204,16.34375706414396,152.9387,74.63163,313.28088,16.817934,21.798267,12.476355,2.6393569
2022-06-01,calabria,39.045021040002204,16.34375706414396,148.07333,59.78772,285.45645,22.34339,27.58032,17.681334,2.7068462
2022-07-01,calabria,39.045021040002204,16.34375706414396,93.8613,56.632557,293.52292,24.16094,29.531467,19.377296,2.485035
2022-08-01,calabria,39.045021040002204,16.34375706414396,321.25162,58.539997,187.33348,23.322231,28.529484,18.685474,2.4332652
2022-09-01,calabria,39.045021040002204,16.34375706414396,469.33334,66.675446,183.21042,20.577826,25.338661,15.845529,2.3981388
2022-10-01,calabria,39.045021040002204,16.34375706414396,248.06131,75.41039,156.11281,16.805113,21.292574,12.550569,2.114605
2022-11-01,calabria,39.045021040002204,16.34375706414396,1068.4333,81.437614,83.10191,12.845007,17.006245,8.827639,2.8189442
2022-12-01,calabria,39.045021040002204,16.34375706414396,340.85162,85.32119,82.979454,12.064996,15.553437,8.750048,2.205639
2023-01-01,calabria,39.045021040002204,16.34375706414396,1127.3129,83.160736,84.75077,8.334898,12.02317,4.712638,2.244609
2023-02-01,calabria,39.045021040002204,16.34375706414396,109.89286,76.95689,111.49159,7.3545094,11.348887,3.638881,3.0388598
2023-03-01,calabria,39.045021040002204,16.34375706414396,404.30322,79.7324,174.17937,9.840133,13.783156,5.9218903,3.0474727
2023-04-01,calabria,39.045021040002204,16.34375706414396,575.02673,80.05427,195.80934,10.808951,14.964371,6.9505415,2.7780554
2023-05-01,calabria,39.045021040002204,16.34375706414396,408.10968,82.640564,198.293,15.033206,18.594828,11.87504,2.8212323
2023-06-01,calabria,39.045021040002204,16.34375706414396,385.91,71.78044,279.01422,19.496212,23.867931,15.668432,2.3990064
2023-07-01,calabria,39.045021040002204,16.34375706414396,53.225807,64.14473,303.51694,24.228773,29.760925,18.98357,2.5437138
2023-08-01,calabria,39.045021040002204,16.34375706414396,169.54517,67.55354,199.56052,22.764088,27.117,18.913658,2.5263398
2023-09-01,calabria,39.045021040002204,16.34375706414396,85.97,69.82752,150.49681,21.00501,26.12538,16.423378,2.2991624
2023-10-01,calabria,39.045021040002204,16.34375706414396,413.20642,78.488556,120.800285,19.35612,23.106821,16.00263,2.669398
2023-11-01,calabria,39.045021040002204,16.34375706414396,828.07666,78.67181,84.56709,13.994202,17.718721,10.551881,3.3759468
2023-12-01,calabria,39.045021040002204,16.34375706414396,187.57097,81.21275,78.58249,9.770606,13.512621,6.3973308,2.6939764
2024-01-01,calabria,39.045021040002204,16.34375706414396,920.429,77.837265,68.233406,8.307988,12.010251,5.083797,2.7044954
2024-02-01,calabria,39.045021040002204,16.34375706414396,637.9448,81.85315,107.511536,9.261651,13.462807,5.573167,3.0291798
2024-03-01,calabria,39.045021040002204,16.34375706414396,558.72906,82.9928,139.34169,10.0678215,14.008568,6.9354177,2.7689888
2024-04-01,calabria,39.045021040002204,16.34375706414396,242.57668,74.49068,172.41911,12.813736,17.776825,8.641399,2.6073139
2024-05-01,calabria,39.045021040002204,16.34375706414396,192.54892,76.24027,90.03971,16.991497,21.478569,12.989695,2.4328825
2024-06-01,calabria,39.045021040002204,16.34375706414396,6.816667,66.30216,216.26836,21.37295,26.757097,16.164421,2.6307137
2024-07-01,calabria,39.045021040002204,16.34375706414396,139.56775,62.00046,223.05302,24.709291,29.827705,19.709995,2.416592
2024-08-01,calabria,39.045021040002204,16.34375706414396,334.54517,63.79409,43.545383,25.189142,30.256857,20.807026,2.2249815
2024-09-01,calabria,39.045021040002204,16.34375706414396,473.78668,77.66748,153.90192,20.359867,24.962837,15.917705,2.0757308
2024-10-01,calabria,39.045021040002204,16.34375706414396,410.11935,84.53906,111.77336,17.87648,22.181461,13.767401,2.241189
2024-11-01,calabria,39.045021040002204,16.34375706414396,494.3,77.538765,67.1398,12.583901,17.043327,8.038946,2.3217413
2024-12-01,calabria,39.045021040002204,16.34375706414396,820.37744,75.86344,75.97323,8.892819,12.990039,4.9214506,1.8364762
2000-01-01,sicilia,37.61074442801147,14.166310194634159,712.3678,80.49386,93.476685,7.7359447,11.136171,5.086842,1.6093187
2000-02-01,sicilia,37.61074442801147,14.166310194634159,164.08275,78.11069,131.11572,9.130839,12.57199,5.338975,2.5941978
2000-03-01,sicilia,37.61074442801147,14.166310194634159,15.977419,76.1237,192.68762,11.837951,14.925234,7.339864,2.356443
2000-04-01,sicilia,37.61074442801147,14.166310194634159,441.71997,77.79771,209.35144,14.545811,17.887535,10.111458,3.1236846
2000-05-01,sicilia,37.61074442801147,14.166310194634159,101.31613,79.92391,241.5048,19.450748,22.905922,14.645683,2.572578
2000-06-01,sicilia,37.61074442801147,14.166310194634159,49.923332,76.89497,276.7155,22.670637,25.774025,17.03701,2.755629
2000-07-01,sicilia,37.61074442801147,14.166310194634159,0.0,71.70064,295.39832,25.276459,28.428978,19.060577,2.9861438
2000-08-01,sicilia,37.61074442801147,14.166310194634159,0.0,73.72783,271.00052,26.2377,29.569157,20.196543,2.8299353
2000-09-01,sicilia,37.61074442801147,14.166310194634159,504.62,71.04231,195.22878,22.188435,25.79399,17.67817,2.2726343
2000-10-01,sicilia,37.61074442801147,14.166310194634159,316.7613,83.789795,135.71106,17.551788,21.309412,14.448582,2.4836142
2000-11-01,sicilia,37.61074442801147,14.166310194634159,263.80667,84.51756,101.93737,14.628636,18.40783,11.66123,2.5551581
2000-12-01,sicilia,37.61074442801147,14.166310194634159,669.6871,82.72554,90.13483,11.76032,15.218992,8.7769785,2.8825781
2001-01-01,sicilia,37.61074442801147,14.166310194634159,622.4387,83.40819,87.67729,10.876831,14.089207,7.8550515,2.660498
2001-02-01,sicilia,37.61074442801147,14.166310194634159,548.64996,79.50098,131.08496,9.776394,13.406263,6.3775196,2.7578807
2001-03-01,sicilia,37.61074442801147,14.166310194634159,140.15808,80.379364,179.58846,14.537414,18.15718,9.871171,2.9916837
2001-04-01,sicilia,37.61074442801147,14.166310194634159,279.01334,76.06178,220.96616,12.480589,16.840908,8.72765,3.3176808
2001-05-01,sicilia,37.61074442801147,14.166310194634159,212.01613,79.487465,232.53026,18.709948,22.69085,13.114091,2.5022151
2001-06-01,sicilia,37.61074442801147,14.166310194634159,35.406666,69.710464,299.6173,21.782955,25.640606,16.13325,2.8286085
2001-07-01,sicilia,37.61074442801147,14.166310194634159,0.0,71.55754,288.4181,24.374285,28.963226,18.90247,2.7342968
2001-08-01,sicilia,37.61074442801147,14.166310194634159,14.945162,74.60107,261.86505,24.111576,29.077677,19.932436,2.4744165
2001-09-01,sicilia,37.61074442801147,14.166310194634159,20.390001,75.28756,211.7315,21.61131,25.649162,17.355522,2.5299435
2001-10-01,sicilia,37.61074442801147,14.166310194634159,0.0,80.41487,158.37778,18.957376,24.001162,16.092983,2.35378
2001-11-01,sicilia,37.61074442801147,14.166310194634159,413.25,78.51085,93.7043,13.819972,17.778051,10.852808,2.6230807
2001-12-01,sicilia,37.61074442801147,14.166310194634159,555.4258,72.47962,66.26613,8.435924,12.32687,5.50344,2.4516525
2002-01-01,sicilia,37.61074442801147,14.166310194634159,369.02582,77.17,98.64453,8.526911,12.474119,4.508919,2.3410885
2002-02-01,sicilia,37.61074442801147,14.166310194634159,249.29645,81.8823,127.55371,11.237217,14.171251,7.945627,2.770775
2002-03-01,sicilia,37.61074442801147,14.166310194634159,75.629036,75.2826,172.78036,12.972956,16.810415,8.528702,2.7332146
2002-04-01,sicilia,37.61074442801147,14.166310194634159,344.18335,81.12712,223.64023,13.879839,17.18916,9.575244,2.754625
2002-05-01,sicilia,37.61074442801147,14.166310194634159,358.29675,76.077324,258.74356,17.585897,21.282433,13.110649,2.9935322
2002-06-01,sicilia,37.61074442801147,14.166310194634159,30.553333,67.83644,287.9651,22.61927,25.89849,16.584408,2.802001
2002-07-01,sicilia,37.61074442801147,14.166310194634159,65.79033,72.60168,262.9724,24.737469,28.006226,19.290968,2.6496675
2002-08-01,sicilia,37.61074442801147,14.166310194634159,61.79032,74.40074,244.76347,24.179705,27.733305,19.28112,2.854795
2002-09-01,sicilia,37.61074442801147,14.166310194634159,155.98001,76.74405,192.98685,20.533497,24.771921,16.804512,2.0049899
2002-10-01,sicilia,37.61074442801147,14.166310194634159,314.2,79.23886,150.94897,17.674677,21.926487,14.261805,2.3772995
2002-11-01,sicilia,37.61074442801147,14.166310194634159,676.5567,85.26426,91.0625,15.195906,18.062904,12.42751,3.1161
2002-12-01,sicilia,37.61074442801147,14.166310194634159,615.2742,85.93822,66.91948,10.965714,13.634083,7.990609,2.5847962
2003-01-01,sicilia,37.61074442801147,14.166310194634159,783.2097,80.90485,86.07573,10.601789,13.042081,7.266033,3.6925333
2003-02-01,sicilia,37.61074442801147,14.166310194634159,375.29285,76.01768,116.978096,7.2149887,10.098787,3.7141528,3.1624422
2003-03-01,sicilia,37.61074442801147,14.166310194634159,194.71936,77.35317,184.7781,9.946598,13.781416,5.957829,2.6909537
2003-04-01,sicilia,37.61074442801147,14.166310194634159,516.4367,80.20525,219.71849,13.329156,16.531097,8.99664,3.367145
2003-05-01,sicilia,37.61074442801147,14.166310194634159,91.36775,74.94525,269.60822,19.172825,23.233189,14.027134,2.775886
2003-06-01,sicilia,37.61074442801147,14.166310194634159,18.983334,68.63254,289.4901,24.22722,28.224268,18.590384,2.8002288
2003-07-01,sicilia,37.61074442801147,14.166310194634159,0.0,64.62036,302.78085,26.341301,30.527664,21.45861,2.889371
2003-08-01,sicilia,37.61074442801147,14.166310194634159,123.02581,68.34722,258.68158,26.41512,30.813374,21.62436,2.7541735
2003-09-01,sicilia,37.61074442801147,14.166310194634159,656.87,75.43862,191.11758,21.747551,25.257725,17.675388,2.7426085
2003-10-01,sicilia,37.61074442801147,14.166310194634159,830.10974,77.85795,126.936745,19.599386,22.442457,15.819689,3.101817
2003-11-01,sicilia,37.61074442801147,14.166310194634159,857.8667,83.83067,102.81237,15.946184,18.783203,12.217129,2.9511247
2003-12-01,sicilia,37.61074442801147,14.166310194634159,1063.0226,79.02196,74.92704,10.912285,13.735972,7.9665914,3.1717722
2004-01-01,sicilia,37.61074442801147,14.166310194634159,285.70645,70.26656,83.22518,8.531563,12.336384,5.6721864,3.4730363
2004-02-01,sicilia,37.61074442801147,14.166310194634159,114.49655,70.19051,122.738144,9.819,14.018103,6.1822267,3.0650299
2004-03-01,sicilia,37.61074442801147,14.166310194634159,472.14517,73.11358,158.89705,10.664282,14.099588,7.633179,3.1829655
2004-04-01,sicilia,37.61074442801147,14.166310194634159,373.95,76.366905,190.92383,12.834093,16.934143,9.952138,3.764901
2004-05-01,sicilia,37.61074442801147,14.166310194634159,102.80645,74.259796,258.95575,14.986516,19.51797,11.44446,3.2068777
2004-06-01,sicilia,37.61074442801147,14.166310194634159,74.55334,70.47294,283.88528,20.937002,25.523945,16.08385,3.1709137
2004-07-01,sicilia,37.61074442801147,14.166310194634159,21.351614,65.19417,299.07675,23.345533,28.860226,19.408714,2.8651612
2004-08-01,sicilia,37.61074442801147,14.166310194634159,0.23870967,71.20609,272.64542,24.551323,29.727142,20.4122,2.946895
2004-09-01,sicilia,37.61074442801147,14.166310194634159,505.44666,72.13062,194.88516,21.986992,25.631275,17.216581,2.4519446
2004-10-01,sicilia,37.61074442801147,14.166310194634159,279.42902,80.15426,153.1467,20.642813,24.236923,16.043295,2.796433
2004-11-01,sicilia,37.61074442801147,14.166310194634159,1117.6567,70.90717,85.38333,13.824074,17.142166,11.196887,2.9325867
2004-12-01,sicilia,37.61074442801147,14.166310194634159,1386.2903,74.31053,65.03439,13.255026,14.880803,9.915964,3.1609824
2005-01-01,sicilia,37.61074442801147,14.166310194634159,643.06775,64.866005,93.99849,7.6785154,11.512143,5.2331576,2.485161
2005-02-01,sicilia,37.61074442801147,14.166310194634159,822.07855,66.013596,114.53432,7.8225374,10.273081,4.2565484,3.5203226
2005-03-01,sicilia,37.61074442801147,14.166310194634159,208.41937,72.72532,175.94672,9.943739,14.535966,6.906392,2.9763145
2005-04-01,sicilia,37.61074442801147,14.166310194634159,369.51666,71.960335,219.10248,12.409583,16.345034,9.49804,3.9290862
2005-05-01,sicilia,37.61074442801147,14.166310194634159,114.925804,70.25129,262.10938,17.930086,22.694452,14.013226,3.5202801
2005-06-01,sicilia,37.61074442801147,14.166310194634159,91.340004,68.21657,268.13034,20.48238,25.345804,17.425148,3.2563667
2005-07-01,sicilia,37.61074442801147,14.166310194634159,4.906451,65.85824,294.59436,23.729298,29.209154,20.059046,3.337438
2005-08-01,sicilia,37.61074442801147,14.166310194634159,72.72258,68.96869,260.36377,23.766207,27.535187,19.488697,3.400827
2005-09-01,sicilia,37.61074442801147,14.166310194634159,50.710003,72.23565,189.93347,21.91824,25.498302,18.0794,2.6814582
2005-10-01,sicilia,37.61074442801147,14.166310194634159,210.62259,72.07292,136.2888,18.749168,21.733799,15.065813,2.9110012
2005-11-01,sicilia,37.61074442801147,14.166310194634159,494.57336,68.93248,105.836975,15.039855,17.789719,11.14557,3.194785
2005-12-01,sicilia,37.61074442801147,14.166310194634159,1261.3323,71.8596,77.24257,9.470194,12.774605,7.2420444,2.5557563
2006-01-01,sicilia,37.61074442801147,14.166310194634159,672.2129,74.97742,94.94062,8.247116,11.353042,6.277479,2.941706
2006-02-01,sicilia,37.61074442801147,14.166310194634159,439.48932,74.956474,123.14258,8.645927,12.358911,6.6077595,3.1612396
2006-03-01,sicilia,37.61074442801147,14.166310194634159,432.50323,72.00073,160.13156,10.532768,14.415547,8.000732,3.773176
2006-04-01,sicilia,37.61074442801147,14.166310194634159,130.35667,71.24548,216.34076,14.097654,18.650063,11.554031,3.2174888
2006-05-01,sicilia,37.61074442801147,14.166310194634159,0.0,66.380775,290.16644,18.273525,22.7682,14.704131,3.2264667
2006-06-01,sicilia,37.61074442801147,14.166310194634159,128.67334,62.068073,284.33475,20.768654,26.174736,17.7018,2.9428945
2006-07-01,sicilia,37.61074442801147,14.166310194634159,83.877426,68.57017,273.85443,24.192219,28.410152,21.379524,2.6874952
2006-08-01,sicilia,37.61074442801147,14.166310194634159,86.39355,60.079388,264.3982,24.551884,28.77117,21.341133,3.193516
2006-09-01,sicilia,37.61074442801147,14.166310194634159,415.07666,67.41468,195.41888,22.154436,25.285645,18.496696,2.4956486
2006-10-01,sicilia,37.61074442801147,14.166310194634159,699.26776,73.343925,136.47845,19.493023,23.175034,16.255447,2.4825459
2006-11-01,sicilia,37.61074442801147,14.166310194634159,289.21667,72.911705,117.953125,15.490606,18.617603,11.88522,2.7279806
2006-12-01,sicilia,37.61074442801147,14.166310194634159,1135.9968,74.616066,78.924644,13.179871,16.209726,10.127649,2.3418682
2007-01-01,sicilia,37.61074442801147,14.166310194634159,197.3871,75.00955,109.91293,11.885767,14.98607,9.146218,2.1788418
2007-02-01,sicilia,37.61074442801147,14.166310194634159,385.13928,76.09979,123.45438,11.015261,13.7334175,8.20144,3.0305817
2007-03-01,sicilia,37.61074442801147,14.166310194634159,791.33545,71.30596,160.26297,11.145924,14.665075,8.716175,3.3836825
2007-04-01,sicilia,37.61074442801147,14.166310194634159,331.16003,71.11916,222.27017,13.823984,17.632816,11.525883,2.6374502
2007-05-01,sicilia,37.61074442801147,14.166310194634159,249.28711,69.93694,258.56934,16.712479,21.41209,14.305948,2.9735074
2007-06-01,sicilia,37.61074442801147,14.166310194634159,412.65668,67.74963,273.66406,21.186531,26.074032,18.494507,2.7758672
2007-07-01,sicilia,37.61074442801147,14.166310194634159,0.0,61.051212,290.07373,23.66441,28.30531,20.639328,2.7608542
2007-08-01,sicilia,37.61074442801147,14.166310194634159,0.0,60.521473,270.70602,24.811218,28.811974,21.355785,2.8545823
2007-09-01,sicilia,37.61074442801147,14.166310194634159,352.48,63.902096,200.71654,20.770603,25.025452,18.34519,2.5110476
2007-10-01,sicilia,37.61074442801147,14.166310194634159,973.4451,65.83808,128.0683,18.016573,21.339529,15.314229,2.3402703
2007-11-01,sicilia,37.61074442801147,14.166310194634159,888.13,66.84992,93.30508,13.534699,17.558899,11.20713,3.2651272
2007-12-01,sicilia,37.61074442801147,14.166310194634159,666.5548,72.787384,82.17717,10.0475,13.237842,7.988379,2.4287307
2008-01-01,sicilia,37.61074442801147,14.166310194634159,262.1839,74.2154,96.273315,10.20438,13.895311,8.644406,1.7902129
2008-02-01,sicilia,37.61074442801147,14.166310194634159,136.45518,73.00162,126.04337,9.502287,13.0096245,7.106907,2.085525
2008-03-01,sicilia,37.61074442801147,14.166310194634159,582.671,71.813385,172.91873,11.06646,15.084561,8.656647,3.061497
2008-04-01,sicilia,37.61074442801147,14.166310194634159,94.113335,72.04017,209.63828,13.348093,18.46496,11.471943,2.7969522
2008-05-01,sicilia,37.61074442801147,14.166310194634159,26.177418,63.129208,245.9796,17.284256,22.301224,14.896215,2.7956831
2008-06-01,sicilia,37.61074442801147,14.166310194634159,33.356667,67.43942,284.77695,20.396097,25.054836,18.22787,2.4293756
2008-07-01,sicilia,37.61074442801147,14.166310194634159,0.0,68.63747,297.03363,23.44007,27.772968,21.131527,2.6941311
2008-08-01,sicilia,37.61074442801147,14.166310194634159,1.8258064,70.17795,265.66708,24.267265,28.036446,21.6726,2.4648013
2008-09-01,sicilia,37.61074442801147,14.166310194634159,648.79333,68.12342,196.7685,22.031054,25.165432,18.678883,2.2953706
2008-10-01,sicilia,37.61074442801147,14.166310194634159,451.41937,76.74157,152.41003,17.923328,21.665241,15.48405,2.197652
2008-11-01,sicilia,37.61074442801147,14.166310194634159,614.6167,74.895386,96.53671,15.457899,18.162598,12.30962,2.8679368
2008-12-01,sicilia,37.61074442801147,14.166310194634159,1222.6001,72.8205,75.1245,10.734129,13.847331,8.829789,2.5264318
2009-01-01,sicilia,37.61074442801147,14.166310194634159,1642.6968,79.15731,72.155495,10.308758,12.899148,8.30789,2.719413
2009-02-01,sicilia,37.61074442801147,14.166310194634159,1005.88934,69.968025,117.923,7.968941,11.266187,5.96807,2.7928724
2009-03-01,sicilia,37.61074442801147,14.166310194634159,560.17737,70.32251,172.26575,10.639606,13.914019,8.289231,3.0606463
2009-04-01,sicilia,37.61074442801147,14.166310194634159,762.05664,74.37212,179.15338,13.299181,16.506077,10.83835,2.4550977
2009-05-01,sicilia,37.61074442801147,14.166310194634159,80.87419,69.83769,270.68774,18.378805,22.69584,14.81162,2.6425304
2009-06-01,sicilia,37.61074442801147,14.166310194634159,268.86667,68.41138,277.75745,21.30279,25.631989,17.277119,2.6128674
2009-07-01,sicilia,37.61074442801147,14.166310194634159,0.0,65.88524,298.44592,24.2947,28.957006,20.442686,2.2533278
2009-08-01,sicilia,37.61074442801147,14.166310194634159,1.4935484,68.90568,265.17377,25.562548,29.611408,22.254936,2.3285341
2009-09-01,sicilia,37.61074442801147,14.166310194634159,848.93665,66.92723,178.54753,21.28009,25.27846,18.818497,2.2069266
2009-10-01,sicilia,37.61074442801147,14.166310194634159,795.229,70.10492,141.00504,16.87576,20.55314,14.593462,2.2195206
2009-11-01,sicilia,37.61074442801147,14.166310194634159,404.6767,79.64504,113.33568,14.31945,17.894829,11.8513,2.6462803
2009-12-01,sicilia,37.61074442801147,14.166310194634159,716.6355,77.36882,68.90782,11.659632,15.257386,9.716123,3.375353
2010-01-01,sicilia,37.61074442801147,14.166310194634159,824.79675,66.24825,78.71774,9.829602,12.558886,7.929304,3.1997309
2010-02-01,sicilia,37.61074442801147,14.166310194634159,936.37854,76.694595,106.392715,10.229998,13.803211,7.713073,3.6327178
2010-03-01,sicilia,37.61074442801147,14.166310194634159,565.09033,74.65445,158.62576,11.538992,14.679968,8.869919,2.7021933
2010-04-01,sicilia,37.61074442801147,14.166310194634159,31.32,75.54506,203.59064,14.41549,17.91394,11.573297,2.3692212
2010-05-01,sicilia,37.61074442801147,14.166310194634159,142.3258,70.149376,237.765,17.050312,20.952366,13.966066,2.7294195
2010-06-01,sicilia,37.61074442801147,14.166310194634159,36.16333,67.39368,264.17355,20.52888,24.46727,17.304523,2.5868056
2010-07-01,sicilia,37.61074442801147,14.166310194634159,7.074194,70.5323,282.82764,24.244663,28.65379,20.711493,2.5404234
2010-08-01,sicilia,37.61074442801147,14.166310194634159,0.0,66.25904,269.85825,24.243198,28.676,21.113655,2.5085378
2010-09-01,sicilia,37.61074442801147,14.166310194634159,956.83,69.08334,190.75522,20.52801,24.523396,18.048018,2.4107027
2010-10-01,sicilia,37.61074442801147,14.166310194634159,1773.4937,70.25758,131.3009,17.132673,20.821764,15.094787,2.670051
2010-11-01,sicilia,37.61074442801147,14.166310194634159,526.1034,78.66518,87.686325,14.785397,17.736473,12.901085,2.83174
2010-12-01,sicilia,37.61074442801147,14.166310194634159,430.16452,69.63402,74.41104,11.372141,14.421113,8.947611,2.5602539
2011-01-01,sicilia,37.61074442801147,14.166310194634159,597.26776,68.427345,92.86366,10.0088215,12.907661,7.2811656,2.092137
2011-02-01,sicilia,37.61074442801147,14.166310194634159,906.97144,69.2374,125.60296,8.690397,12.165025,6.40569,2.433599
2011-03-01,sicilia,37.61074442801147,14.166310194634159,905.0226,75.877266,155.60495,10.526548,14.057736,8.075329,2.537174
2011-04-01,sicilia,37.61074442801147,14.166310194634159,725.82666,66.686676,210.73463,14.038906,17.832027,10.992476,2.3873334
2011-05-01,sicilia,37.61074442801147,14.166310194634159,223.46454,69.69297,235.06023,16.590508,20.548447,13.641642,2.6901355
2011-06-01,sicilia,37.61074442801147,14.166310194634159,87.240005,73.64562,279.2289,20.847372,24.94912,17.789124,2.5612998
2011-07-01,sicilia,37.61074442801147,14.166310194634159,1.3354839,68.41279,296.94403,23.905365,28.25797,20.429161,2.457366
2011-08-01,sicilia,37.61074442801147,14.166310194634159,0.0,69.595474,269.51852,24.075115,28.137693,20.986519,2.3380718
2011-09-01,sicilia,37.61074442801147,14.166310194634159,244.00667,69.30965,209.95833,21.827324,26.518559,17.866848,2.0571957
2011-10-01,sicilia,37.61074442801147,14.166310194634159,551.629,62.224792,148.35736,16.761017,20.876205,13.927637,2.2792304
2011-11-01,sicilia,37.61074442801147,14.166310194634159,323.07,68.985634,110.192444,14.626495,17.93435,12.205063,2.3115046
2011-12-01,sicilia,37.61074442801147,14.166310194634159,437.49033,73.269936,84.08354,10.783012,14.065769,8.473029,2.5735347
2012-01-01,sicilia,37.61074442801147,14.166310194634159,329.2226,67.26996,97.69203,8.6862955,11.595719,6.6054764,1.9152846
2012-02-01,sicilia,37.61074442801147,14.166310194634159,687.7586,65.53332,117.60021,7.431675,10.676835,4.7991595,2.6209226
2012-03-01,sicilia,37.61074442801147,14.166310194634159,90.94839,65.03522,190.01248,11.493246,15.54175,8.480361,2.295693
2012-04-01,sicilia,37.61074442801147,14.166310194634159,447.21335,75.80186,215.06354,13.832816,17.8001,11.251661,2.9824128
2012-05-01,sicilia,37.61074442801147,14.166310194634159,95.83548,71.624664,268.20502,16.555702,20.567804,13.782078,2.4742382
2012-06-01,sicilia,37.61074442801147,14.166310194634159,0.0,72.37425,271.94675,22.76145,27.14634,19.343342,2.3653667
2012-07-01,sicilia,37.61074442801147,14.166310194634159,343.1258,71.548546,264.1869,24.933645,29.308908,21.6736,2.5126019
2012-08-01,sicilia,37.61074442801147,14.166310194634159,0.0,69.520325,272.46033,25.617943,30.155514,22.227493,2.3282924
2012-09-01,sicilia,37.61074442801147,14.166310194634159,230.38666,74.68114,208.63959,22.036423,26.059736,19.268394,2.1419046
2012-10-01,sicilia,37.61074442801147,14.166310194634159,517.01294,73.599594,147.12576,19.015663,22.870182,16.610912,2.241254
2012-11-01,sicilia,37.61074442801147,14.166310194634159,393.23666,76.17958,98.339195,15.720344,18.931614,13.180571,2.3944554
2012-12-01,sicilia,37.61074442801147,14.166310194634159,896.6516,71.119225,86.21623,10.085656,12.92469,7.942749,2.5381505
2013-01-01,sicilia,37.61074442801147,14.166310194634159,929.77423,77.43242,89.313255,9.80402,12.481725,7.756275,2.7300558
2013-02-01,sicilia,37.61074442801147,14.166310194634159,653.58923,73.7283,122.783485,8.228145,11.749606,5.754662,2.7526932
2013-03-01,sicilia,37.61074442801147,14.166310194634159,664.0258,77.24403,174.37236,12.290146,15.756042,10.0011835,2.948788
2013-04-01,sicilia,37.61074442801147,14.166310194634159,402.59332,73.093414,235.46915,15.083097,18.990986,12.758848,2.6396587
2013-05-01,sicilia,37.61074442801147,14.166310194634159,61.06774,66.63886,248.73273,18.011591,21.713158,14.677969,2.6589987
2013-06-01,sicilia,37.61074442801147,14.166310194634159,61.54667,69.89562,288.15366,20.371538,24.463116,17.139307,2.418498
2013-07-01,sicilia,37.61074442801147,14.166310194634159,1.032258,67.841835,287.68243,24.19569,28.417223,20.429464,2.2272837
2013-08-01,sicilia,37.61074442801147,14.166310194634159,217.63228,65.20639,256.41318,25.376553,29.561682,21.866192,2.4487383
2013-09-01,sicilia,37.61074442801147,14.166310194634159,352.49667,69.05427,208.27148,22.150633,25.885275,18.947586,2.0787747
2013-10-01,sicilia,37.61074442801147,14.166310194634159,392.25806,74.70763,156.02356,20.482258,23.888,17.746302,2.0680544
2013-11-01,sicilia,37.61074442801147,14.166310194634159,828.2633,69.39406,96.376305,14.449234,17.973772,11.685858,2.693771
2013-12-01,sicilia,37.61074442801147,14.166310194634159,714.4839,74.51277,93.6759,11.181323,14.099123,8.546789,2.1195455
2014-01-01,sicilia,37.61074442801147,14.166310194634159,823.69684,82.37174,92.60912,11.400686,14.062502,8.7068,3.0777118
2014-02-01,sicilia,37.61074442801147,14.166310194634159,714.24646,78.3354,132.45299,11.691065,14.96811,8.616474,2.8146331
2014-03-01,sicilia,37.61074442801147,14.166310194634159,672.09033,74.58917,174.8454,11.472881,15.18972,8.119171,2.6534312
2014-04-01,sicilia,37.61074442801147,14.166310194634159,467.64334,75.70102,217.125,14.106812,17.711258,11.079222,2.732579
2014-05-01,sicilia,37.61074442801147,14.166310194634159,170.35162,73.48502,255.0494,16.7154,20.78889,13.173122,2.577408
2014-06-01,sicilia,37.61074442801147,14.166310194634159,35.13667,63.7652,279.35132,21.96482,26.414814,18.406548,2.5950732
2014-07-01,sicilia,37.61074442801147,14.166310194634159,51.20968,73.3038,279.79938,23.346497,27.2734,19.840801,2.6428323
2014-08-01,sicilia,37.61074442801147,14.166310194634159,0.42903227,74.80394,282.48148,24.363422,28.930052,21.027328,2.4393175
2014-09-01,sicilia,37.61074442801147,14.166310194634159,755.49,74.860535,206.90298,22.750097,26.81609,19.284315,2.315049
2014-10-01,sicilia,37.61074442801147,14.166310194634159,281.28064,73.88052,162.60812,19.756397,23.800896,16.412388,2.043648
2014-11-01,sicilia,37.61074442801147,14.166310194634159,802.8934,80.14943,106.33815,16.362171,19.433262,13.907185,2.354049
2014-12-01,sicilia,37.61074442801147,14.166310194634159,551.45166,75.233986,92.597275,11.967246,15.209642,9.241353,2.4841423
2015-01-01,sicilia,37.61074442801147,14.166310194634159,365.82257,74.7197,99.94002,9.947043,13.07335,6.9526587,2.3805804
2015-02-01,sicilia,37.61074442801147,14.166310194634159,1045.1714,73.077835,128.29344,8.912176,12.433517,5.7635927,3.2782652
2015-03-01,sicilia,37.61074442801147,14.166310194634159,1009.94836,72.22138,169.13092,11.70091,15.215428,8.2739105,2.5874217
2015-04-01,sicilia,37.61074442801147,14.166310194634159,40.31,72.837265,248.31314,14.135746,18.137335,10.062894,2.5567358
2015-05-01,sicilia,37.61074442801147,14.166310194634159,140.4613,73.90252,280.42728,19.251028,23.728325,15.251573,2.8033428
2015-06-01,sicilia,37.61074442801147,14.166310194634159,298.6767,75.54929,288.9909,22.11867,26.123768,18.014484,2.4386873
2015-07-01,sicilia,37.61074442801147,14.166310194634159,0.0,75.626755,319.03375,26.367874,30.307522,22.288097,2.2970233
2015-08-01,sicilia,37.61074442801147,14.166310194634159,348.43228,72.70113,278.71848,25.306974,29.339819,21.56319,2.3491268
2015-09-01,sicilia,37.61074442801147,14.166310194634159,653.13336,69.25789,215.41835,22.93826,26.719616,19.38031,2.0438788
2015-10-01,sicilia,37.61074442801147,14.166310194634159,1229.7388,80.90794,136.6986,19.253483,22.73031,15.810101,2.3058026
2015-11-01,sicilia,37.61074442801147,14.166310194634159,1334.1033,80.632614,116.81268,14.91087,18.173637,11.798767,2.2693036
2015-12-01,sicilia,37.61074442801147,14.166310194634159,133.59355,82.62752,123.06805,11.6408,15.193241,8.694397,1.5344875
2016-01-01,sicilia,37.61074442801147,14.166310194634159,436.40054,80.53275,101.87563,10.172861,13.06969,7.586637,2.7717822
2016-02-01,sicilia,37.61074442801147,14.166310194634159,709.5483,80.49582,128.22575,12.0462885,14.060122,8.690286,3.0373147
2016-03-01,sicilia,37.61074442801147,14.166310194634159,944.3839,76.89969,153.59943,11.798088,14.153591,7.506314,3.1870854
2016-04-01,sicilia,37.61074442801147,14.166310194634159,201.2555,70.303314,199.23763,15.804734,19.430653,12.016375,2.9374402
2016-05-01,sicilia,37.61074442801147,14.166310194634159,531.56775,71.16539,258.06604,16.520971,19.775318,13.431818,2.9859295
2016-06-01,sicilia,37.61074442801147,14.166310194634159,25.083336,71.552315,267.06067,20.917332,24.933073,17.037706,2.841942
2016-07-01,sicilia,37.61074442801147,14.166310194634159,9.390323,68.594864,296.84274,24.418268,28.735308,20.03904,2.6646917
2016-08-01,sicilia,37.61074442801147,14.166310194634159,112.71935,73.58734,255.23715,23.790678,27.907475,19.322449,2.6814399
2016-09-01,sicilia,37.61074442801147,14.166310194634159,527.25336,72.53693,181.84738,21.38675,24.57428,17.765429,2.3411918
2016-10-01,sicilia,37.61074442801147,14.166310194634159,1173.7388,71.959,139.65964,19.115818,22.422287,15.843356,2.2116914
2016-11-01,sicilia,37.61074442801147,14.166310194634159,1154.1401,77.47985,105.93326,14.788842,17.781033,11.904226,2.6938453
2016-12-01,sicilia,37.61074442801147,14.166310194634159,280.46454,73.47061,104.35925,11.226475,14.561047,8.122837,2.1072125
2017-01-01,sicilia,37.61074442801147,14.166310194634159,686.3032,74.473015,95.53784,7.7579,10.525917,4.8805294,2.5981493
2017-02-01,sicilia,37.61074442801147,14.166310194634159,285.25357,81.55263,133.65627,11.059786,13.808929,8.250767,2.3927097
2017-03-01,sicilia,37.61074442801147,14.166310194634159,282.80322,73.76987,188.91618,11.748207,14.768606,8.783385,2.7894146
2017-04-01,sicilia,37.61074442801147,14.166310194634159,308.25668,76.46426,243.60858,13.900892,16.851662,10.794893,2.7355597
2017-05-01,sicilia,37.61074442801147,14.166310194634159,72.73871,73.311455,274.21167,18.337713,21.609818,14.924831,2.6911545
2017-06-01,sicilia,37.61074442801147,14.166310194634159,43.566666,74.354836,294.59308,23.237194,26.707703,20.275723,2.4839602
2017-07-01,sicilia,37.61074442801147,14.166310194634159,160.52258,66.853615,299.39352,24.942732,28.395197,21.486069,2.877535
2017-08-01,sicilia,37.61074442801147,14.166310194634159,0.0,71.26849,271.70776,26.056965,29.409698,22.888115,2.6839457
2017-09-01,sicilia,37.61074442801147,14.166310194634159,402.24,71.58958,214.95248,21.021528,24.487343,17.667177,2.343381
2017-10-01,sicilia,37.61074442801147,14.166310194634159,60.587097,71.07633,165.24585,17.712318,21.153196,14.727844,2.2245114
2017-11-01,sicilia,37.61074442801147,14.166310194634159,661.42664,74.01812,111.601616,13.840967,16.598463,11.070431,2.4270914
2017-12-01,sicilia,37.61074442801147,14.166310194634159,431.11612,71.117935,88.070694,9.961985,12.766157,7.734745,2.4780009
2018-01-01,sicilia,37.61074442801147,14.166310194634159,378.7871,73.53023,104.86934,11.493866,13.8765335,9.2386265,3.0558238
2018-02-01,sicilia,37.61074442801147,14.166310194634159,1389.6179,70.29007,110.96164,9.0372505,11.656097,6.866688,3.0529714
2018-03-01,sicilia,37.61074442801147,14.166310194634159,670.0581,80.14407,158.09274,12.173317,15.010551,9.573778,3.0710077
2018-04-01,sicilia,37.61074442801147,14.166310194634159,31.236668,71.498375,219.24727,15.887172,18.867023,13.084756,2.5812135
2018-05-01,sicilia,37.61074442801147,14.166310194634159,246.27097,71.88175,249.845,18.091574,21.27046,15.458707,2.5495827
2018-06-01,sicilia,37.61074442801147,14.166310194634159,894.83,68.42349,287.66745,21.321856,24.925274,18.245028,2.5166368
2018-07-01,sicilia,37.61074442801147,14.166310194634159,11.222581,71.19684,309.00592,24.72261,28.563833,21.974926,2.5978491
2018-08-01,sicilia,37.61074442801147,14.166310194634159,390.8742,70.58767,251.35233,24.137371,27.56746,21.590504,2.5549495
2018-09-01,sicilia,37.61074442801147,14.166310194634159,226.34334,71.05258,203.69519,21.906832,25.353148,19.806257,2.0929291
2018-10-01,sicilia,37.61074442801147,14.166310194634159,1324.6129,77.06743,139.01714,18.416,21.608711,15.855943,2.53522
2018-11-01,sicilia,37.61074442801147,14.166310194634159,936.00336,80.75452,109.54843,14.76908,17.32663,13.032125,2.5968094
2018-12-01,sicilia,37.61074442801147,14.166310194634159,731.5613,72.79157,94.3067,10.987751,13.412445,8.729901,2.449848
2019-01-01,sicilia,37.61074442801147,14.166310194634159,1000.56775,73.010376,91.11391,7.3334684,9.90436,5.087021,2.6392055
2019-02-01,sicilia,37.61074442801147,14.166310194634159,492.86786,71.0572,137.08496,8.736999,11.718458,6.1680546,2.4835012
2019-03-01,sicilia,37.61074442801147,14.166310194634159,298.24194,76.24338,191.44986,11.628571,14.662708,8.618279,2.5786164
2019-04-01,sicilia,37.61074442801147,14.166310194634159,338.9867,76.02101,224.54831,13.333948,15.888985,10.881723,2.885471
2019-05-01,sicilia,37.61074442801147,14.166310194634159,511.95807,79.3914,260.69,14.658916,17.733557,11.9121895,2.857819
2019-06-01,sicilia,37.61074442801147,14.166310194634159,10.043333,67.04142,295.65155,23.619411,26.916613,20.376675,2.6236665
2019-07-01,sicilia,37.61074442801147,14.166310194634159,181.9484,71.21138,314.47153,24.8255,28.3549,21.975662,2.6404521
2019-08-01,sicilia,37.61074442801147,14.166310194634159,9.058064,71.442894,269.73135,25.262802,28.738094,22.471294,2.5447366
2019-09-01,sicilia,37.61074442801147,14.166310194634159,154.17334,71.99408,210.26692,22.266266,25.385632,19.580238,2.1484866
2019-10-01,sicilia,37.61074442801147,14.166310194634159,195.20967,74.84193,171.63458,19.137877,22.095669,16.6224,2.4274554
2019-11-01,sicilia,37.61074442801147,14.166310194634159,1721.9734,81.45611,97.87266,14.124184,16.64439,11.897743,3.0014234
2019-12-01,sicilia,37.61074442801147,14.166310194634159,678.6129,76.551,90.64441,11.942967,14.437742,9.71969,2.7364578
2020-01-01,sicilia,37.61074442801147,14.166310194634159,17.019356,75.805725,116.3035,9.924415,12.496111,7.215087,1.9086648
2020-02-01,sicilia,37.61074442801147,14.166310194634159,71.26897,74.694725,147.26616,10.706436,13.708421,8.180895,2.3318932
2020-03-01,sicilia,37.61074442801147,14.166310194634159,504.02258,77.534164,165.12839,10.770283,13.773857,8.135319,2.391675
2020-04-01,sicilia,37.61074442801147,14.166310194634159,140.43333,75.40584,189.45389,13.898472,16.297392,11.4180975,2.0746024
2020-05-01,sicilia,37.61074442801147,14.166310194634159,74.535484,68.42808,,18.683279,21.796528,15.884439,2.5077717
2020-06-01,sicilia,37.61074442801147,14.166310194634159,137.94666,70.3324,,20.400627,23.898289,17.48822,2.7262716
2020-07-01,sicilia,37.61074442801147,14.166310194634159,158.7742,69.078224,,24.36321,27.776737,21.46976,2.5849395
2020-08-01,sicilia,37.61074442801147,14.166310194634159,396.79352,71.15917,,25.366322,28.79052,22.48407,2.5238981
2020-09-01,sicilia,37.61074442801147,14.166310194634159,796.6633,63.739067,,22.418562,25.270481,19.645632,2.218713
2020-10-01,sicilia,37.61074442801147,14.166310194634159,447.88068,72.60578,,17.322681,20.059475,14.6616745,2.3786101
2020-11-01,sicilia,37.61074442801147,14.166310194634159,472.82666,76.8459,,15.038542,17.756203,12.682824,2.0562353
2020-12-01,sicilia,37.61074442801147,14.166310194634159,1277.429,83.236435,,11.518646,13.861022,9.094474,2.583201
2021-01-01,sicilia,37.61074442801147,14.166310194634159,598.7388,78.253784,,10.518893,12.680353,8.337929,2.6923738
2021-02-01,sicilia,37.61074442801147,14.166310194634159,443.76428,73.310455,,11.527284,14.038926,9.116985,2.4807487
2021-03-01,sicilia,37.61074442801147,14.166310194634159,612.98065,71.03203,,10.498568,13.081587,7.6746697,2.2470245
2021-04-01,sicilia,37.61074442801147,14.166310194634159,303.18668,74.74014,,12.763325,15.235299,10.238422,2.4728801
2021-05-01,sicilia,37.61074442801147,14.166310194634159,68.57742,68.87823,,17.743088,20.726042,14.888646,2.5609677
2021-06-01,sicilia,37.61074442801147,14.166310194634159,166.25333,62.00042,,23.194698,26.138426,20.404093,2.599552
2021-07-01,sicilia,37.61074442801147,14.166310194634159,46.903225,65.82701,,25.28498,28.650023,22.102829,2.6525693
2021-08-01,sicilia,37.61074442801147,14.166310194634159,6.429033,57.555897,251.75676,26.713722,29.898167,23.769743,2.58307
2021-09-01,sicilia,37.61074442801147,14.166310194634159,261.84003,71.11554,230.04147,22.689337,25.43898,19.989967,2.10436
2021-10-01,sicilia,37.61074442801147,14.166310194634159,1579.0483,70.71176,152.46613,16.87844,19.973392,14.1689205,2.2428846
2021-11-01,sicilia,37.61074442801147,14.166310194634159,1215.4366,79.80614,92.2104,15.352761,17.726097,13.163638,2.5924723
2021-12-01,sicilia,37.61074442801147,14.166310194634159,681.5387,77.78548,89.59082,10.749126,12.977348,8.552292,2.414653
2022-01-01,sicilia,37.61074442801147,14.166310194634159,386.89355,74.503876,95.51462,9.373173,12.596648,6.235447,1.8893186
2022-02-01,sicilia,37.61074442801147,14.166310194634159,308.23572,74.89353,136.90082,9.682035,13.882475,5.781208,2.3474174
2022-03-01,sicilia,37.61074442801147,14.166310194634159,606.6129,75.09764,164.85837,9.100139,12.75284,5.686823,2.5893013
2022-04-01,sicilia,37.61074442801147,14.166310194634159,409.06665,73.548874,214.20247,12.374002,15.8306265,9.138833,2.8693488
2022-05-01,sicilia,37.61074442801147,14.166310194634159,100.86774,74.08143,319.6198,17.594032,21.70826,14.1408825,2.6275477
2022-06-01,sicilia,37.61074442801147,14.166310194634159,106.51666,54.17177,296.453,22.77573,26.5212,19.387028,2.708184
2022-07-01,sicilia,37.61074442801147,14.166310194634159,177.50323,55.42572,293.079,24.742311,28.604326,21.1711,2.4380581
2022-08-01,sicilia,37.61074442801147,14.166310194634159,384.72583,57.628517,193.26917,24.372482,28.225403,20.553177,2.3917212
2022-09-01,sicilia,37.61074442801147,14.166310194634159,1207.8967,65.58906,198.52292,22.106829,26.04142,18.340158,2.2395005
2022-10-01,sicilia,37.61074442801147,14.166310194634159,378.02905,73.81778,173.19102,18.524647,22.461494,14.401373,1.93378
2022-11-01,sicilia,37.61074442801147,14.166310194634159,1737.82,78.25017,101.45963,14.3693,18.52552,10.506242,2.586683
2022-12-01,sicilia,37.61074442801147,14.166310194634159,631.44196,82.89685,92.540955,13.657424,17.346409,10.130821,2.0543416
2023-01-01,sicilia,37.61074442801147,14.166310194634159,1585.2194,78.217155,103.252144,9.72259,13.334443,6.3820887,2.296514
2023-02-01,sicilia,37.61074442801147,14.166310194634159,178.725,74.1993,112.565704,8.76885,12.485771,5.304838,2.3300471
2023-03-01,sicilia,37.61074442801147,14.166310194634159,691.95483,80.11452,196.38722,11.152014,14.836353,7.5492964,2.607159
2023-04-01,sicilia,37.61074442801147,14.166310194634159,930.7467,77.83325,205.5582,12.247212,16.206581,8.276278,2.682615
2023-05-01,sicilia,37.61074442801147,14.166310194634159,765.9161,79.30797,203.23462,15.498122,18.701832,12.84208,2.7092614
2023-06-01,sicilia,37.61074442801147,14.166310194634159,311.74667,72.74867,285.66183,19.868835,23.36664,16.794401,2.4301271
2023-07-01,sicilia,37.61074442801147,14.166310194634159,13.041935,70.52437,290.1535,24.258121,28.848122,20.041767,2.7629006
2023-08-01,sicilia,37.61074442801147,14.166310194634159,156.7129,69.068306,164.18687,22.747988,26.53723,19.492966,2.5552373
2023-09-01,sicilia,37.61074442801147,14.166310194634159,61.34667,70.275764,137.36354,21.423212,26.392178,17.357994,2.1624863
2023-10-01,sicilia,37.61074442801147,14.166310194634159,596.85486,79.60861,121.0155,20.765484,23.80994,17.710403,2.504435
2023-11-01,sicilia,37.61074442801147,14.166310194634159,1053.2633,75.35983,98.88698,15.476215,18.984089,12.21078,2.7065637
2023-12-01,sicilia,37.61074442801147,14.166310194634159,225.9129,77.40071,86.711815,10.951592,14.588947,7.936502,2.2718618
2024-01-01,sicilia,37.61074442801147,14.166310194634159,1547.4097,76.892395,68.00403,9.435736,13.139769,6.3808317,1.8384008
2024-02-01,sicilia,37.61074442801147,14.166310194634159,1225.1345,79.33423,111.03569,10.141079,14.346135,6.7012553,2.6211715
2024-03-01,sicilia,37.61074442801147,14.166310194634159,977.07745,80.800026,149.71396,10.202515,14.47183,7.482738,2.7584493
2024-04-01,sicilia,37.61074442801147,14.166310194634159,358.50336,71.15031,167.76132,12.714018,17.553104,8.839041,2.884171
2024-05-01,sicilia,37.61074442801147,14.166310194634159,41.695805,76.2694,94.66877,17.393848,22.029924,13.102489,2.5416677
2024-06-01,sicilia,37.61074442801147,14.166310194634159,1.95,68.89882,202.93854,20.323631,25.260153,15.575752,2.7902472
2024-07-01,sicilia,37.61074442801147,14.166310194634159,72.64839,65.88707,216.30469,24.062923,28.698074,19.540665,2.686281
2024-08-01,sicilia,37.61074442801147,14.166310194634159,34.95484,66.157104,25.630936,25.793465,29.71534,22.100544,2.6464043
2024-09-01,sicilia,37.61074442801147,14.166310194634159,652.82,75.55804,158.47435,21.076427,25.059591,17.026314,2.0199666
2024-10-01,sicilia,37.61074442801147,14.166310194634159,705.68066,84.262375,106.87663,18.91383,22.97305,15.280484,2.234439
2024-11-01,sicilia,37.61074442801147,14.166310194634159,39.403336,74.69509,76.75373,14.442782,18.914429,9.569504,1.9239614
2024-12-01,sicilia,37.61074442801147,14.166310194634159,166.21936,70.34895,90.99586,10.256599,14.767931,5.82942,2.3415055
2000-01-01,sardegna,40.07250275547401,9.03798352196351,146.68065,80.86725,86.42831,6.8987064,11.508555,4.396881,2.068173
2000-02-01,sardegna,40.07250275547401,9.03798352196351,107.53104,77.84097,126.8746,8.701954,13.231433,6.2135353,2.8600948
2000-03-01,sardegna,40.07250275547401,9.03798352196351,178.64839,78.489845,171.20868,10.30846,14.806405,7.3953376,2.6590674
2000-04-01,sardegna,40.07250275547401,9.03798352196351,424.32666,76.93924,191.33945,13.076576,17.386633,10.001507,3.24946
2000-05-01,sardegna,40.07250275547401,9.03798352196351,156.74194,77.3048,248.37276,18.151188,22.441523,14.420522,2.8836737
2000-06-01,sardegna,40.07250275547401,9.03798352196351,369.24664,75.555405,290.37634,20.304651,25.276495,16.218674,2.9782186
2000-07-01,sardegna,40.07250275547401,9.03798352196351,65.53226,70.02644,285.41724,22.469828,27.366762,18.158909,3.356676
2000-08-01,sardegna,40.07250275547401,9.03798352196351,14.803226,70.046936,259.37878,24.111069,30.10523,19.87328,2.9574883
2000-09-01,sardegna,40.07250275547401,9.03798352196351,107.46334,73.79944,204.39525,20.43121,25.941095,16.900599,2.4992967
2000-10-01,sardegna,40.07250275547401,9.03798352196351,599.6903,81.54383,126.93377,16.704313,20.578037,13.955455,2.7957828
2000-11-01,sardegna,40.07250275547401,9.03798352196351,1078.89,82.30222,79.16476,12.969885,16.792631,10.576215,2.5951686
2000-12-01,sardegna,40.07250275547401,9.03798352196351,1024.9163,82.37724,64.688484,11.388754,14.810941,9.144744,2.6377473
2001-01-01,sardegna,40.07250275547401,9.03798352196351,956.6613,83.86464,64.029236,9.492732,13.152923,7.2961726,2.4850957
2001-02-01,sardegna,40.07250275547401,9.03798352196351,294.5357,79.128525,121.83309,9.192196,13.22819,5.856831,2.8558257
2001-03-01,sardegna,40.07250275547401,9.03798352196351,255.30646,78.67349,154.51967,13.054108,17.732191,9.937058,3.31947
2001-04-01,sardegna,40.07250275547401,9.03798352196351,259.4467,73.46467,225.43428,11.797607,16.682991,8.475692,3.5214937
2001-05-01,sardegna,40.07250275547401,9.03798352196351,257.64517,75.77446,237.80553,17.707182,21.933365,13.615514,2.8363118
2001-06-01,sardegna,40.07250275547401,9.03798352196351,0.59000003,69.3761,298.85797,20.572222,26.157227,16.108625,3.3839757
2001-07-01,sardegna,40.07250275547401,9.03798352196351,13.329032,70.31211,293.0141,23.076797,28.987385,19.503162,3.281507
2001-08-01,sardegna,40.07250275547401,9.03798352196351,3.6677418,70.94563,272.27414,24.046043,30.022099,19.866161,3.027713
2001-09-01,sardegna,40.07250275547401,9.03798352196351,157.66,72.003395,197.36339,18.839027,24.001898,15.905903,2.9569702
2001-10-01,sardegna,40.07250275547401,9.03798352196351,9.1,80.64339,147.43619,16.10169,24.283234,15.259955,2.796066
2001-11-01,sardegna,40.07250275547401,9.03798352196351,621.57996,80.23733,86.25292,12.720727,16.485807,10.402395,2.846081
2001-12-01,sardegna,40.07250275547401,9.03798352196351,476.86453,78.74311,73.00131,7.9687967,11.659688,5.8543344,2.705288
2002-01-01,sardegna,40.07250275547401,9.03798352196351,216.4097,79.00204,86.98236,8.229448,11.95643,5.3656907,2.530351
2002-02-01,sardegna,40.07250275547401,9.03798352196351,363.00357,82.41421,112.77259,9.508018,13.397568,6.796127,3.2000623
2002-03-01,sardegna,40.07250275547401,9.03798352196351,193.18709,74.3567,171.0516,11.48363,15.782007,8.011669,2.9609127
2002-04-01,sardegna,40.07250275547401,9.03798352196351,824.69336,77.7556,210.5317,12.668752,17.152216,9.582252,2.8304882
2002-05-01,sardegna,40.07250275547401,9.03798352196351,291.5645,75.77827,255.27979,16.421839,20.772058,12.4133625,3.048455
2002-06-01,sardegna,40.07250275547401,9.03798352196351,202.60999,69.46248,298.71347,21.802284,26.909712,17.43115,2.8752792
2002-07-01,sardegna,40.07250275547401,9.03798352196351,162.40646,71.698105,270.649,23.363386,27.915817,19.003428,2.784704
2002-08-01,sardegna,40.07250275547401,9.03798352196351,681.1839,76.24317,243.89926,22.880962,27.012934,18.831808,2.884004
2002-09-01,sardegna,40.07250275547401,9.03798352196351,310.6433,78.25707,182.19675,19.74417,23.835922,16.248379,2.091766
2002-10-01,sardegna,40.07250275547401,9.03798352196351,379.271,78.9651,141.5747,16.752056,20.761715,13.263642,2.5541973
2002-11-01,sardegna,40.07250275547401,9.03798352196351,752.37,84.63144,75.67891,13.873911,17.331512,11.51137,2.4508245
2002-12-01,sardegna,40.07250275547401,9.03798352196351,599.9226,86.52135,57.790257,10.726782,14.210832,8.761702,2.5126483
2003-01-01,sardegna,40.07250275547401,9.03798352196351,1080.971,84.13302,77.857666,8.559968,11.891779,6.527022,3.2055347
2003-02-01,sardegna,40.07250275547401,9.03798352196351,1103.8251,80.59142,117.20263,6.634659,10.3309355,4.0555873,2.9512217
2003-03-01,sardegna,40.07250275547401,9.03798352196351,199.90646,79.42954,188.89796,9.911109,14.848655,6.6800303,2.4967036
2003-04-01,sardegna,40.07250275547401,9.03798352196351,228.19,78.53358,222.66394,12.54203,17.2392,9.237236,2.9544318
2003-05-01,sardegna,40.07250275547401,9.03798352196351,138.43225,75.32031,259.67477,18.3227,22.467829,14.224831,2.7882617
2003-06-01,sardegna,40.07250275547401,9.03798352196351,34.40667,65.69749,308.39905,24.429712,29.560686,19.563105,2.5924492
2003-07-01,sardegna,40.07250275547401,9.03798352196351,0.0,66.71498,302.00842,25.762503,30.555645,21.122318,2.8460767
2003-08-01,sardegna,40.07250275547401,9.03798352196351,48.20323,63.1304,259.64594,27.302622,32.78893,22.683346,2.4980383
2003-09-01,sardegna,40.07250275547401,9.03798352196351,450.80334,71.727646,193.33728,20.797308,25.46684,17.088745,2.4722672
2003-10-01,sardegna,40.07250275547401,9.03798352196351,1141.8097,79.04549,124.01619,17.171127,20.710125,14.738477,2.732156
2003-11-01,sardegna,40.07250275547401,9.03798352196351,883.4033,84.097755,82.80843,14.008766,17.287273,11.034673,2.2949471
2003-12-01,sardegna,40.07250275547401,9.03798352196351,712.7452,77.55147,68.24516,9.214042,12.967371,6.7520537,2.6805341
2004-01-01,sardegna,40.07250275547401,9.03798352196351,514.0484,82.13458,74.832,8.377957,11.636601,6.309618,2.9023714
2004-02-01,sardegna,40.07250275547401,9.03798352196351,275.16205,77.56499,99.17227,9.097069,12.593592,6.7026925,2.5830405
2004-03-01,sardegna,40.07250275547401,9.03798352196351,424.49033,80.508606,151.31285,9.572466,13.338408,6.9367027,2.9532154
2004-04-01,sardegna,40.07250275547401,9.03798352196351,1034.73,83.381805,187.33403,12.027589,15.2906885,9.200553,3.0927732
2004-05-01,sardegna,40.07250275547401,9.03798352196351,644.429,80.393456,243.9047,14.272291,18.186075,10.59768,2.8591225
2004-06-01,sardegna,40.07250275547401,9.03798352196351,47.760002,71.04477,291.206,20.318802,25.356527,15.982729,3.0854535
2004-07-01,sardegna,40.07250275547401,9.03798352196351,0.0,68.98259,295.72983,22.731596,28.54467,19.016876,3.1369984
2004-08-01,sardegna,40.07250275547401,9.03798352196351,55.95484,71.32071,262.43555,23.515728,29.203066,19.914557,3.0301971
2004-09-01,sardegna,40.07250275547401,9.03798352196351,271.03003,73.001144,202.97824,20.53169,25.975138,17.504236,2.4326627
2004-10-01,sardegna,40.07250275547401,9.03798352196351,487.19357,79.787025,127.484924,18.778261,23.576654,15.579154,2.546868
2004-11-01,sardegna,40.07250275547401,9.03798352196351,1111.3501,80.92616,82.53715,12.27873,15.684983,10.060681,2.3686788
2004-12-01,sardegna,40.07250275547401,9.03798352196351,1663.4839,78.68122,65.87479,10.7823,13.501219,8.65125,2.5807705
2005-01-01,sardegna,40.07250275547401,9.03798352196351,358.36453,75.67799,85.95062,6.9092293,10.705758,4.298602,2.5011885
2005-02-01,sardegna,40.07250275547401,9.03798352196351,823.3893,74.74195,111.25904,6.0986457,9.5572405,3.8560526,2.9044056
2005-03-01,sardegna,40.07250275547401,9.03798352196351,247.07097,75.54034,165.5992,9.201654,13.811916,6.408077,2.5677993
2005-04-01,sardegna,40.07250275547401,9.03798352196351,913.6067,76.813126,214.92517,11.961495,15.978256,9.044306,3.2504156
2005-05-01,sardegna,40.07250275547401,9.03798352196351,215.44518,70.04195,270.31168,17.05467,22.486368,13.345928,3.1616077
2005-06-01,sardegna,40.07250275547401,9.03798352196351,76.8,69.43674,291.43008,21.454195,26.786936,17.607506,2.7442293
2005-07-01,sardegna,40.07250275547401,9.03798352196351,5.9064517,63.68881,299.86374,23.592957,29.32049,19.780369,3.3043098
2005-08-01,sardegna,40.07250275547401,9.03798352196351,189.65161,68.89282,250.11719,22.144245,27.23903,18.999516,3.34913
2005-09-01,sardegna,40.07250275547401,9.03798352196351,280.84668,74.32224,188.46463,20.183601,24.738178,16.970137,2.413487
2005-10-01,sardegna,40.07250275547401,9.03798352196351,217.24194,76.61966,126.46504,17.741482,21.923944,14.126311,2.2432768
2005-11-01,sardegna,40.07250275547401,9.03798352196351,1004.9467,75.184456,86.377144,12.32926,16.134129,9.045364,2.5933874
2005-12-01,sardegna,40.07250275547401,9.03798352196351,793.8323,76.03594,63.37867,8.245627,11.269691,5.292538,2.889156
2006-01-01,sardegna,40.07250275547401,9.03798352196351,821.77747,76.43176,82.21211,7.3652015,10.846039,4.4490037,2.7020397
2006-02-01,sardegna,40.07250275547401,9.03798352196351,400.85,74.52535,113.05248,8.096156,11.986037,5.291138,2.7757792
2006-03-01,sardegna,40.07250275547401,9.03798352196351,415.9226,73.72564,149.2744,10.238592,14.624194,7.1504707,3.1850162
2006-04-01,sardegna,40.07250275547401,9.03798352196351,253.74333,71.20316,217.0,13.755665,19.19394,9.973854,2.8528895
2006-05-01,sardegna,40.07250275547401,9.03798352196351,10.022581,65.87816,276.61594,17.407265,23.47385,12.718037,2.9602978
2006-06-01,sardegna,40.07250275547401,9.03798352196351,101.08001,62.568638,279.8928,20.76601,26.845057,16.023632,2.6908853
2006-07-01,sardegna,40.07250275547401,9.03798352196351,78.896774,64.19657,285.29282,25.329971,31.352364,20.710325,2.7238839
2006-08-01,sardegna,40.07250275547401,9.03798352196351,99.19354,64.342255,253.76602,22.428635,28.196115,19.075872,3.951584
2006-09-01,sardegna,40.07250275547401,9.03798352196351,865.9066,70.697655,194.67006,20.88025,26.132553,17.189337,2.5329447
2006-10-01,sardegna,40.07250275547401,9.03798352196351,405.6613,75.61992,146.53627,18.60218,23.173393,14.909798,2.3892765
2006-11-01,sardegna,40.07250275547401,9.03798352196351,175.60667,72.49232,98.02653,14.088538,18.517231,10.490569,2.4690375
2006-12-01,sardegna,40.07250275547401,9.03798352196351,1258.2451,76.70356,72.83067,10.909454,15.014619,8.078085,2.1748557
2007-01-01,sardegna,40.07250275547401,9.03798352196351,236.1355,78.14491,82.56339,10.159363,14.2952585,7.0608582,2.3737872
2007-02-01,sardegna,40.07250275547401,9.03798352196351,644.65356,78.15528,105.15802,10.404355,14.329641,7.165918,2.8103497
2007-03-01,sardegna,40.07250275547401,9.03798352196351,618.9807,75.41222,150.44318,10.267309,14.619217,6.698628,3.2231057
2007-04-01,sardegna,40.07250275547401,9.03798352196351,715.2733,71.40685,219.58559,14.267319,19.163137,9.901856,2.4857583
2007-05-01,sardegna,40.07250275547401,9.03798352196351,339.71613,69.347,264.04846,17.211151,22.51692,13.022435,3.2958353
2007-06-01,sardegna,40.07250275547401,9.03798352196351,170.01666,69.280464,273.69238,20.755234,26.277327,15.931513,2.9621997
2007-07-01,sardegna,40.07250275547401,9.03798352196351,2.7741933,62.216805,308.73233,22.917574,29.21201,17.799791,3.530841
2007-08-01,sardegna,40.07250275547401,9.03798352196351,63.732258,62.53953,257.5417,23.216307,29.260914,18.335953,3.1417081
2007-09-01,sardegna,40.07250275547401,9.03798352196351,149.16667,68.30944,201.90598,19.657124,25.201809,15.540345,2.56805
2007-10-01,sardegna,40.07250275547401,9.03798352196351,262.3968,70.71606,139.84872,16.412226,21.608042,12.555753,2.2652566
2007-11-01,sardegna,40.07250275547401,9.03798352196351,703.19995,73.02594,90.26735,12.166484,16.187939,9.454004,2.7787316
2007-12-01,sardegna,40.07250275547401,9.03798352196351,720.43225,74.389336,76.6478,9.018794,12.836186,6.012609,2.7505343
2008-01-01,sardegna,40.07250275547401,9.03798352196351,399.29358,76.52462,76.567085,9.307605,14.086034,6.2709055,2.1865091
2008-02-01,sardegna,40.07250275547401,9.03798352196351,171.42413,72.1353,123.13682,8.881437,13.929993,4.855965,2.228093
2008-03-01,sardegna,40.07250275547401,9.03798352196351,658.6549,72.399376,160.60013,10.076331,15.011726,7.1414337,3.588676
2008-04-01,sardegna,40.07250275547401,9.03798352196351,359.16333,69.924866,214.86179,12.982289,18.708168,9.524091,3.1557262
2008-05-01,sardegna,40.07250275547401,9.03798352196351,727.8903,69.44821,220.26608,16.92112,22.10688,13.408669,2.7520504
2008-06-01,sardegna,40.07250275547401,9.03798352196351,184.03667,68.20365,276.7026,20.031294,25.858418,16.469728,2.4200673
2008-07-01,sardegna,40.07250275547401,9.03798352196351,2.1709676,63.66205,303.72522,23.151525,29.947523,19.03158,2.7674232
2008-08-01,sardegna,40.07250275547401,9.03798352196351,0.4903226,63.895367,272.7048,23.679874,30.801674,19.509169,2.5543802
2008-09-01,sardegna,40.07250275547401,9.03798352196351,295.2967,66.51415,188.62354,20.133484,26.036585,16.575638,2.0589836
2008-10-01,sardegna,40.07250275547401,9.03798352196351,542.09357,74.585175,139.1825,17.079237,22.58014,13.870633,2.0166905
2008-11-01,sardegna,40.07250275547401,9.03798352196351,1451.4,78.25022,87.283,12.4801655,17.064413,9.599669,2.3875694
2008-12-01,sardegna,40.07250275547401,9.03798352196351,1160.2064,76.88611,67.568794,8.948828,12.587656,6.006117,2.2764776
2009-01-01,sardegna,40.07250275547401,9.03798352196351,1144.1355,78.875244,70.02502,8.670037,12.518021,6.126857,2.593018
2009-02-01,sardegna,40.07250275547401,9.03798352196351,499.10718,73.00169,118.74329,7.6318583,12.319106,4.523051,2.762669
2009-03-01,sardegna,40.07250275547401,9.03798352196351,370.0129,71.804375,169.61093,10.027196,15.130156,7.42404,2.8669832
2009-04-01,sardegna,40.07250275547401,9.03798352196351,960.53,76.56408,186.62584,12.788004,17.453108,9.86232,2.5535302
2009-05-01,sardegna,40.07250275547401,9.03798352196351,40.116127,67.074265,284.17462,18.184477,24.324928,14.178731,2.6754014
2009-06-01,sardegna,40.07250275547401,9.03798352196351,207.69333,65.539696,286.99088,21.205671,27.622604,16.986607,2.9206884
2009-07-01,sardegna,40.07250275547401,9.03798352196351,10.219355,62.97495,305.5169,24.137144,31.138136,19.7127,2.953384
2009-08-01,sardegna,40.07250275547401,9.03798352196351,31.680647,65.43289,275.64856,24.923803,31.973099,20.537912,2.7441554
2009-09-01,sardegna,40.07250275547401,9.03798352196351,962.85004,67.45687,194.12558,20.770918,26.592722,17.188206,2.2265873
2009-10-01,sardegna,40.07250275547401,9.03798352196351,358.62256,71.33661,146.54022,16.407646,21.561651,13.033964,2.2808855
2009-11-01,sardegna,40.07250275547401,9.03798352196351,504.88998,74.67651,91.49361,13.1147375,17.888195,10.149745,2.5763142
2009-12-01,sardegna,40.07250275547401,9.03798352196351,644.2516,75.00531,63.708626,10.3115015,14.269615,7.982376,3.1049821
2010-01-01,sardegna,40.07250275547401,9.03798352196351,1295.2549,77.655785,67.88874,8.1063595,11.609795,5.882029,2.6594763
2010-02-01,sardegna,40.07250275547401,9.03798352196351,637.4286,77.71796,100.81035,9.072578,13.06129,6.2979026,3.0907533
2010-03-01,sardegna,40.07250275547401,9.03798352196351,357.24518,78.01282,148.74854,10.354416,14.971569,7.24329,2.6851807
2010-04-01,sardegna,40.07250275547401,9.03798352196351,419.71667,78.641716,209.56502,13.438482,18.544659,9.714047,2.4596312
2010-05-01,sardegna,40.07250275547401,9.03798352196351,574.4,78.36084,236.83884,15.605984,20.8151,12.401366,2.815105
2010-06-01,sardegna,40.07250275547401,9.03798352196351,344.69,76.1868,293.02667,19.448051,25.41034,15.728197,2.7869418
2010-07-01,sardegna,40.07250275547401,9.03798352196351,12.387096,72.34664,308.06018,24.313107,31.12056,19.989416,2.7173162
2010-08-01,sardegna,40.07250275547401,9.03798352196351,22.383871,72.40798,271.7085,23.112366,30.062014,18.613155,2.9156926
2010-09-01,sardegna,40.07250275547401,9.03798352196351,95.14,71.40501,204.09293,19.93643,26.114063,16.319206,2.27351
2010-10-01,sardegna,40.07250275547401,9.03798352196351,772.9129,76.31047,140.43173,15.927832,21.29193,12.723019,2.5020216
2010-11-01,sardegna,40.07250275547401,9.03798352196351,1507.37,80.44944,83.85592,12.444468,16.293482,9.915673,2.4507582
2010-12-01,sardegna,40.07250275547401,9.03798352196351,786.3323,77.63394,65.045425,9.293339,13.398189,6.39241,2.5247853
2011-01-01,sardegna,40.07250275547401,9.03798352196351,517.5645,81.22348,76.34563,8.468005,12.711659,5.309105,2.1994345
2011-02-01,sardegna,40.07250275547401,9.03798352196351,772.4643,75.32136,120.02945,8.241109,12.968835,4.2616863,2.483946
2011-03-01,sardegna,40.07250275547401,9.03798352196351,764.9226,78.86137,154.80501,9.856482,14.487511,6.085159,3.1006987
2011-04-01,sardegna,40.07250275547401,9.03798352196351,380.11334,75.08379,225.55278,13.790851,19.2662,9.316954,2.9583547
2011-05-01,sardegna,40.07250275547401,9.03798352196351,227.75162,72.852394,279.5625,17.209873,23.397577,12.178008,2.9480383
2011-06-01,sardegna,40.07250275547401,9.03798352196351,218.14334,73.06842,298.17404,20.308622,26.265099,15.512419,3.1961267
2011-07-01,sardegna,40.07250275547401,9.03798352196351,116.63871,70.919815,291.889,22.577866,28.329914,18.157831,3.3852277
2011-08-01,sardegna,40.07250275547401,9.03798352196351,5.996774,68.927376,285.88892,23.809614,30.544529,18.528133,3.146134
2011-09-01,sardegna,40.07250275547401,9.03798352196351,312.38666,72.87573,213.22694,21.682722,27.695133,16.953928,2.4568582
2011-10-01,sardegna,40.07250275547401,9.03798352196351,147.30322,68.981346,160.19684,16.993444,22.793196,12.253323,2.7616274
2011-11-01,sardegna,40.07250275547401,9.03798352196351,1468.6901,80.38758,96.31265,14.310162,18.592684,10.705146,2.2884088
2011-12-01,sardegna,40.07250275547401,9.03798352196351,595.7935,73.748085,78.28624,10.503535,14.509908,7.1373863,2.8889709
2012-01-01,sardegna,40.07250275547401,9.03798352196351,478.09677,74.541504,85.92324,8.74814,13.008754,5.2261724,2.4538906
2012-02-01,sardegna,40.07250275547401,9.03798352196351,189.0,71.868095,123.9665,5.6828275,10.531859,1.5302984,2.8070333
2012-03-01,sardegna,40.07250275547401,9.03798352196351,50.754837,72.0023,196.88348,10.988547,17.286667,5.839237,2.3005629
2012-04-01,sardegna,40.07250275547401,9.03798352196351,443.95337,78.203186,214.35852,12.713222,17.663607,8.920935,2.9911253
2012-05-01,sardegna,40.07250275547401,9.03798352196351,601.6033,75.03324,268.99,16.27019,22.132416,11.779093,2.539531
2012-06-01,sardegna,40.07250275547401,9.03798352196351,1.5100002,71.12709,307.79727,22.42722,28.69002,17.29765,3.0868232
2012-07-01,sardegna,40.07250275547401,9.03798352196351,80.04194,68.1146,298.6345,23.971354,30.575521,18.728899,3.0734766
2012-08-01,sardegna,40.07250275547401,9.03798352196351,0.0,67.18552,275.07056,25.476933,32.757507,19.791265,2.953978
2012-09-01,sardegna,40.07250275547401,9.03798352196351,987.1666,75.17791,184.8193,20.49133,26.04052,16.29545,2.5938299
2012-10-01,sardegna,40.07250275547401,9.03798352196351,812.05164,78.34818,138.19894,17.885439,22.68123,14.221506,2.724865
2012-11-01,sardegna,40.07250275547401,9.03798352196351,786.32336,80.90773,84.937416,14.148947,18.188814,10.959352,2.4921064
2012-12-01,sardegna,40.07250275547401,9.03798352196351,381.9516,74.74435,76.33087,9.728017,13.612492,6.420184,2.6858692
2013-01-01,sardegna,40.07250275547401,9.03798352196351,946.12256,80.564575,78.92508,9.128617,12.597815,5.979761,2.9031708
2013-02-01,sardegna,40.07250275547401,9.03798352196351,666.67145,75.52197,118.9691,6.6667633,11.1207075,3.15664,3.028758
2013-03-01,sardegna,40.07250275547401,9.03798352196351,991.86127,83.06142,142.05188,10.839448,14.506443,8.16766,3.2947001
2013-04-01,sardegna,40.07250275547401,9.03798352196351,760.8567,77.75317,209.07509,13.388929,18.235737,9.545462,3.0690444
2013-05-01,sardegna,40.07250275547401,9.03798352196351,368.4097,76.32452,257.9068,15.3573265,20.078722,11.499318,3.3182392
2013-06-01,sardegna,40.07250275547401,9.03798352196351,108.256676,73.5397,307.97604,19.40914,25.101658,14.689016,3.170471
2013-07-01,sardegna,40.07250275547401,9.03798352196351,21.396774,72.1375,290.36142,24.060738,30.67155,18.120472,2.7303383
2013-08-01,sardegna,40.07250275547401,9.03798352196351,204.28711,68.03726,268.96774,24.253292,30.690434,18.603148,3.0545955
2013-09-01,sardegna,40.07250275547401,9.03798352196351,297.18668,72.38829,206.44981,20.555508,25.770033,16.1614,2.3784156
2013-10-01,sardegna,40.07250275547401,9.03798352196351,397.82904,79.68889,135.17117,19.68652,24.432587,15.766464,2.8087738
2013-11-01,sardegna,40.07250275547401,9.03798352196351,1707.09,73.63911,88.45647,12.327766,16.580875,8.586877,2.8650525
2013-12-01,sardegna,40.07250275547401,9.03798352196351,441.42902,78.43644,77.925354,10.083839,14.800019,5.7174096,2.087516
2014-01-01,sardegna,40.07250275547401,9.03798352196351,811.39355,82.88158,69.910995,9.9143095,13.404636,6.483964,2.7566109
2014-02-01,sardegna,40.07250275547401,9.03798352196351,867.24646,80.01185,108.06006,9.888822,14.375515,5.8914094,3.0164835
2014-03-01,sardegna,40.07250275547401,9.03798352196351,892.47424,77.03924,172.32152,10.238382,15.174938,6.055256,2.7109628
2014-04-01,sardegna,40.07250275547401,9.03798352196351,408.71667,78.90201,224.58992,13.311211,18.428782,8.967621,2.8553762
2014-05-01,sardegna,40.07250275547401,9.03798352196351,191.13225,74.230865,258.77655,15.578019,21.220457,10.707583,2.9033108
2014-06-01,sardegna,40.07250275547401,9.03798352196351,145.89667,71.15172,286.72327,21.592686,28.03811,15.839511,2.8476853
2014-07-01,sardegna,40.07250275547401,9.03798352196351,86.58064,75.79035,276.16364,22.710558,27.88565,18.472801,3.3817737
2014-08-01,sardegna,40.07250275547401,9.03798352196351,0.0,72.59146,274.3613,23.444841,29.81449,18.405668,3.24863
2014-09-01,sardegna,40.07250275547401,9.03798352196351,183.42667,74.464,196.08871,22.314451,28.280815,16.997162,2.190085
2014-10-01,sardegna,40.07250275547401,9.03798352196351,42.051613,74.47641,150.25597,19.699366,25.549873,14.678918,2.3858862
2014-11-01,sardegna,40.07250275547401,9.03798352196351,717.23334,78.86114,81.74272,15.513798,19.774027,11.698923,2.363032
2014-12-01,sardegna,40.07250275547401,9.03798352196351,718.6903,75.26406,71.012375,10.173344,14.180008,6.641161,2.231485
2015-01-01,sardegna,40.07250275547401,9.03798352196351,365.58386,74.39649,86.31351,8.86249,13.343091,4.5776377,2.460482
2015-02-01,sardegna,40.07250275547401,9.03798352196351,953.6857,77.77969,111.66545,7.7180395,12.045165,3.9918382,2.8356104
2015-03-01,sardegna,40.07250275547401,9.03798352196351,651.60645,77.61911,172.39407,10.9302,15.367705,7.2342596,2.8819559
2015-04-01,sardegna,40.07250275547401,9.03798352196351,217.60667,75.69516,237.58614,13.629265,19.409136,8.588385,2.7441564
2015-05-01,sardegna,40.07250275547401,9.03798352196351,71.58064,72.6138,273.29456,18.201658,25.129389,12.145672,3.0606906
2015-06-01,sardegna,40.07250275547401,9.03798352196351,118.43,75.11343,306.22696,22.155094,28.45333,16.636845,2.630379
2015-07-01,sardegna,40.07250275547401,9.03798352196351,0.0,72.027794,323.48505,26.181267,32.583477,20.598347,2.9481938
2015-08-01,sardegna,40.07250275547401,9.03798352196351,56.670967,70.41647,271.74246,24.727762,30.985365,19.290554,3.0995533
2015-09-01,sardegna,40.07250275547401,9.03798352196351,295.26,68.59147,204.47498,21.330313,26.900826,16.720873,2.383738
2015-10-01,sardegna,40.07250275547401,9.03798352196351,1627.3967,78.272026,132.65845,17.427769,21.79036,13.498115,2.4586718
2015-11-01,sardegna,40.07250275547401,9.03798352196351,215.60335,80.27765,98.80163,13.882487,18.02632,10.073266,2.4972076
2015-12-01,sardegna,40.07250275547401,9.03798352196351,44.09355,82.49404,80.05464,10.444001,15.921721,5.5873175,1.5694749
2016-01-01,sardegna,40.07250275547401,9.03798352196351,506.30966,80.27752,78.561424,9.971451,13.731749,6.470828,2.78726
2016-02-01,sardegna,40.07250275547401,9.03798352196351,978.09656,80.727516,102.83223,10.718788,14.013775,7.25294,3.083768
2016-03-01,sardegna,40.07250275547401,9.03798352196351,651.1194,77.54646,152.50691,10.374348,15.107003,5.779718,2.9784055
2016-04-01,sardegna,40.07250275547401,9.03798352196351,50.24667,75.46023,207.54665,14.714015,19.94825,10.356924,2.9341674
2016-05-01,sardegna,40.07250275547401,9.03798352196351,266.70645,77.62613,249.40541,15.925112,20.810152,11.768648,3.2122815
2016-06-01,sardegna,40.07250275547401,9.03798352196351,162.23,76.48137,281.92993,20.497318,26.695309,15.150413,3.0176382
2016-07-01,sardegna,40.07250275547401,9.03798352196351,9.932258,71.58736,298.2088,24.055094,31.150831,17.643982,2.9500558
2016-08-01,sardegna,40.07250275547401,9.03798352196351,22.667744,72.66771,257.32245,23.625483,30.221472,17.55043,3.2296903
2016-09-01,sardegna,40.07250275547401,9.03798352196351,392.25336,74.935745,198.01251,21.3945,26.69855,16.523844,2.3390026
2016-10-01,sardegna,40.07250275547401,9.03798352196351,519.21936,74.676285,131.2719,17.744959,23.090961,12.888523,2.301972
2016-11-01,sardegna,40.07250275547401,9.03798352196351,482.45334,78.195496,86.4072,13.735506,18.014462,9.865638,2.3634465
2016-12-01,sardegna,40.07250275547401,9.03798352196351,959.0226,76.20761,77.75037,11.143554,15.785688,6.7285857,1.8387135
2017-01-01,sardegna,40.07250275547401,9.03798352196351,1315.2356,77.47849,75.06689,7.4180098,11.674258,3.3515482,2.5201461
2017-02-01,sardegna,40.07250275547401,9.03798352196351,501.9107,82.58531,111.54796,10.949717,15.40718,6.61672,2.6729221
2017-03-01,sardegna,40.07250275547401,9.03798352196351,142.90967,75.64822,185.70534,11.385332,16.899107,6.098155,2.740731
2017-04-01,sardegna,40.07250275547401,9.03798352196351,300.87003,74.6218,234.36926,13.362277,19.187445,7.8425756,2.8373535
2017-05-01,sardegna,40.07250275547401,9.03798352196351,4.816129,72.64169,270.03177,18.038385,24.262815,12.367333,2.917978
2017-06-01,sardegna,40.07250275547401,9.03798352196351,127.33,73.955055,318.10516,23.315968,29.56832,17.876673,2.7232833
2017-07-01,sardegna,40.07250275547401,9.03798352196351,0.82258064,70.52197,297.42596,24.69093,30.608078,19.228594,3.25303
2017-08-01,sardegna,40.07250275547401,9.03798352196351,1.0967741,66.08137,256.22516,25.73367,32.781704,19.653484,2.9599411
2017-09-01,sardegna,40.07250275547401,9.03798352196351,369.34003,72.18922,189.55223,19.93996,25.326946,15.303102,2.6024587
2017-10-01,sardegna,40.07250275547401,9.03798352196351,36.419357,73.80056,152.81657,17.526527,23.210196,12.1289625,2.3733053
2017-11-01,sardegna,40.07250275547401,9.03798352196351,877.4634,74.822624,91.155106,11.682693,16.192432,7.462216,2.450892
2017-12-01,sardegna,40.07250275547401,9.03798352196351,907.04517,72.353935,66.85306,8.728503,12.599922,5.1859775,2.625408
2018-01-01,sardegna,40.07250275547401,9.03798352196351,406.43872,79.6989,86.640945,10.930313,14.598007,7.6104264,3.1429462
2018-02-01,sardegna,40.07250275547401,9.03798352196351,1663.0643,78.384995,97.95846,7.5420957,11.529494,4.0511193,2.6344059
2018-03-01,sardegna,40.07250275547401,9.03798352196351,927.6775,80.38424,146.30034,10.888725,14.574848,7.418754,3.5069046
2018-04-01,sardegna,40.07250275547401,9.03798352196351,178.85667,76.43673,229.75618,14.934614,20.052315,10.164675,2.8037193
2018-05-01,sardegna,40.07250275547401,9.03798352196351,775.1903,79.563385,236.89586,16.659948,20.882322,12.735681,2.591591
2018-06-01,sardegna,40.07250275547401,9.03798352196351,393.06665,75.08522,291.08545,20.623644,26.114433,15.596731,2.636788
2018-07-01,sardegna,40.07250275547401,9.03798352196351,34.029034,75.35941,304.52774,24.911587,31.036695,19.69265,2.773999
2018-08-01,sardegna,40.07250275547401,9.03798352196351,62.896767,71.6507,252.00304,24.107258,29.84843,19.00238,2.8719928
2018-09-01,sardegna,40.07250275547401,9.03798352196351,162.84668,72.97252,209.93932,21.74481,26.937098,17.124968,2.204475
2018-10-01,sardegna,40.07250275547401,9.03798352196351,665.2613,76.23207,142.16971,17.71144,21.87026,13.874667,2.6635494
2018-11-01,sardegna,40.07250275547401,9.03798352196351,1422.85,78.86842,87.61333,13.189947,17.003397,9.883133,2.3453834
2018-12-01,sardegna,40.07250275547401,9.03798352196351,339.51935,76.99567,81.08545,10.547414,14.328793,6.9970913,2.4024134
2019-01-01,sardegna,40.07250275547401,9.03798352196351,704.4968,73.26274,93.30467,7.004237,11.063051,3.1968257,2.728852
2019-02-01,sardegna,40.07250275547401,9.03798352196351,296.27856,73.74748,135.35219,8.820535,13.716611,4.111542,2.5873494
2019-03-01,sardegna,40.07250275547401,9.03798352196351,32.37742,73.63815,198.68295,10.807675,15.526598,6.5330606,3.0015175
2019-04-01,sardegna,40.07250275547401,9.03798352196351,400.65668,76.969955,218.34055,12.215326,16.789848,8.403832,2.9496045
2019-05-01,sardegna,40.07250275547401,9.03798352196351,581.629,77.5479,234.9543,14.259863,19.032084,10.153825,3.0889695
2019-06-01,sardegna,40.07250275547401,9.03798352196351,0.0,70.6106,317.31778,22.513887,28.449339,17.323103,2.8293238
2019-07-01,sardegna,40.07250275547401,9.03798352196351,253.17097,71.44265,302.17352,25.068424,30.925886,19.793478,2.9350228
2019-08-01,sardegna,40.07250275547401,9.03798352196351,54.53871,72.48701,266.9144,24.773397,30.726692,19.849686,2.9101331
2019-09-01,sardegna,40.07250275547401,9.03798352196351,58.293335,70.446526,210.93645,22.135185,27.105318,17.651163,2.4613414
2019-10-01,sardegna,40.07250275547401,9.03798352196351,166.05807,76.201355,153.7979,18.651632,23.429152,14.352134,2.7383308
2019-11-01,sardegna,40.07250275547401,9.03798352196351,2007.69,81.88388,87.475784,12.868635,15.991113,9.967713,2.8449647
2019-12-01,sardegna,40.07250275547401,9.03798352196351,762.2936,76.732,80.28637,11.805367,15.106158,8.721099,2.8295507
2020-01-01,sardegna,40.07250275547401,9.03798352196351,435.48065,78.98877,93.10494,9.968867,14.131947,6.0613995,2.4095442
2020-02-01,sardegna,40.07250275547401,9.03798352196351,46.66207,75.82669,137.37523,10.718746,15.335248,6.4808564,3.0481963
2020-03-01,sardegna,40.07250275547401,9.03798352196351,379.21613,77.84943,168.3588,10.360619,15.142854,6.183997,2.8078215
2020-04-01,sardegna,40.07250275547401,9.03798352196351,665.60004,75.00521,229.67116,13.986344,18.738047,9.698496,2.506189
2020-05-01,sardegna,40.07250275547401,9.03798352196351,317.85806,76.492744,276.79172,18.020432,23.13504,13.462133,2.8130233
2020-06-01,sardegna,40.07250275547401,9.03798352196351,220.44334,75.16165,315.83884,20.155241,25.313929,15.3929825,3.0494063
2020-07-01,sardegna,40.07250275547401,9.03798352196351,0.29999998,72.19839,300.04678,24.327364,30.403873,18.898537,2.9848595
2020-08-01,sardegna,40.07250275547401,9.03798352196351,168.36774,72.604904,284.195,25.021494,30.643732,20.041237,3.1436346
2020-09-01,sardegna,40.07250275547401,9.03798352196351,892.3634,74.28704,184.67497,21.108992,25.885275,16.758793,2.3353426
2020-10-01,sardegna,40.07250275547401,9.03798352196351,637.54193,77.3007,162.31993,15.308389,19.616571,11.431635,2.9448948
2020-11-01,sardegna,40.07250275547401,9.03798352196351,355.21002,79.01596,96.07565,13.5767145,18.419975,9.87852,2.1360364
2020-12-01,sardegna,40.07250275547401,9.03798352196351,1224.029,87.893776,87.50889,8.981504,12.616121,5.9608173,2.4888663
2021-01-01,sardegna,40.07250275547401,9.03798352196351,930.4226,86.36891,81.2445,8.07228,11.204751,5.3425593,2.7689383
2021-02-01,sardegna,40.07250275547401,9.03798352196351,580.0679,74.14507,126.454666,10.110935,15.274434,5.833427,2.6825202
2021-03-01,sardegna,40.07250275547401,9.03798352196351,482.76453,77.74403,183.52048,9.8986,15.04529,5.4526596,3.0157802
2021-04-01,sardegna,40.07250275547401,9.03798352196351,287.73666,78.52298,237.16614,12.024863,17.135832,7.4907494,3.0729876
2021-05-01,sardegna,40.07250275547401,9.03798352196351,380.6516,67.1047,307.2325,16.532791,22.355059,11.07231,3.4524448
2021-06-01,sardegna,40.07250275547401,9.03798352196351,62.54,61.570065,290.79553,22.90618,29.53178,17.128586,3.1040864
2021-07-01,sardegna,40.07250275547401,9.03798352196351,27.522581,72.4581,285.81937,24.335455,30.326971,19.135468,3.5714378
2021-08-01,sardegna,40.07250275547401,9.03798352196351,0.0,55.32646,275.20526,25.029413,31.772686,19.205748,3.4313843
2021-09-01,sardegna,40.07250275547401,9.03798352196351,134.39,73.304054,216.4679,22.197664,28.190668,17.608574,2.5750852
2021-10-01,sardegna,40.07250275547401,9.03798352196351,356.66772,71.0007,154.06189,16.317654,21.62275,11.580628,2.310705
2021-11-01,sardegna,40.07250275547401,9.03798352196351,1346.7466,86.691,83.38422,11.856433,15.5272875,9.064896,2.3428288
2021-12-01,sardegna,40.07250275547401,9.03798352196351,806.4871,79.97526,80.34681,9.134424,13.158709,5.810686,2.406453
2022-01-01,sardegna,40.07250275547401,9.03798352196351,163.2226,76.545235,94.58104,7.365905,11.669145,3.931651,2.6900353
2022-02-01,sardegna,40.07250275547401,9.03798352196351,143.13571,69.06091,138.65393,9.11362,14.19161,4.875108,3.2595952
2022-03-01,sardegna,40.07250275547401,9.03798352196351,497.15485,75.26134,171.5929,9.271841,13.741677,5.511906,3.3682292
2022-04-01,sardegna,40.07250275547401,9.03798352196351,422.93668,71.04077,223.33157,12.219253,17.411337,7.4938865,3.3545625
2022-05-01,sardegna,40.07250275547401,9.03798352196351,269.2097,72.96599,205.58736,18.151165,23.841654,12.910202,2.5919392
2022-06-01,sardegna,40.07250275547401,9.03798352196351,0.0,48.92435,243.69742,24.92095,31.674292,18.559566,3.2432387
2022-07-01,sardegna,40.07250275547401,9.03798352196351,0.0,45.027233,250.89282,26.745955,33.803196,20.177391,3.0688283
2022-08-01,sardegna,40.07250275547401,9.03798352196351,306.52905,59.297817,223.30862,25.37315,31.962317,19.932346,3.140227
2022-09-01,sardegna,40.07250275547401,9.03798352196351,862.42334,66.83685,172.83443,22.035189,27.946306,17.274967,2.9091592
2022-10-01,sardegna,40.07250275547401,9.03798352196351,85.19355,76.96084,155.48004,19.224924,24.56651,14.139021,2.700568
2022-11-01,sardegna,40.07250275547401,9.03798352196351,1631.8934,77.47771,102.40272,14.316269,18.665956,10.297391,3.181263
2022-12-01,sardegna,40.07250275547401,9.03798352196351,1101.3096,82.415794,73.96682,12.348697,16.61625,7.9195256,2.5757527
2023-01-01,sardegna,40.07250275547401,9.03798352196351,859.1096,77.32139,89.73878,8.677014,12.679679,4.8991113,2.5093455
2023-02-01,sardegna,40.07250275547401,9.03798352196351,456.05356,75.18004,118.81209,8.397752,13.524037,3.526455,2.2453876
2023-03-01,sardegna,40.07250275547401,9.03798352196351,380.7742,80.368546,170.11613,11.494813,16.60929,6.7139683,2.8750958
2023-04-01,sardegna,40.07250275547401,9.03798352196351,252.53668,77.42018,206.04857,12.716229,18.48241,7.351737,3.3643534
2023-05-01,sardegna,40.07250275547401,9.03798352196351,336.8613,77.74087,182.65134,16.639168,21.630205,12.122668,3.0805342
2023-06-01,sardegna,40.07250275547401,9.03798352196351,89.270004,76.66525,236.74515,21.818747,27.190578,16.876093,2.493672
2023-07-01,sardegna,40.07250275547401,9.03798352196351,0.0,71.817795,243.42897,26.429562,32.76698,20.598513,3.599141
2023-08-01,sardegna,40.07250275547401,9.03798352196351,240.66452,70.32637,204.89969,24.228745,30.093147,18.754688,3.5584288
2023-09-01,sardegna,40.07250275547401,9.03798352196351,169.72333,72.05579,167.9985,22.751675,28.736504,17.21825,2.6294332
2023-10-01,sardegna,40.07250275547401,9.03798352196351,519.1742,78.69261,134.49152,20.399685,25.46498,15.498589,2.8084574
2023-11-01,sardegna,40.07250275547401,9.03798352196351,1051.4734,76.20204,92.06816,14.516347,18.08829,10.880196,2.9101512
2023-12-01,sardegna,40.07250275547401,9.03798352196351,412.81937,78.01488,80.22173,11.092443,14.92511,7.566167,3.2165275
2024-01-01,sardegna,40.07250275547401,9.03798352196351,471.33548,81.8246,80.86004,10.200358,13.984098,6.718162,2.9791992
2024-02-01,sardegna,40.07250275547401,9.03798352196351,1023.4138,81.53191,111.88796,10.855424,15.127178,6.7674155,3.2517536
2024-03-01,sardegna,40.07250275547401,9.03798352196351,708.2516,81.28515,152.94391,11.8201475,16.251663,7.954367,3.589868
2024-04-01,sardegna,40.07250275547401,9.03798352196351,300.9167,71.849495,202.22408,13.720757,19.11199,8.743669,3.5796423
2024-05-01,sardegna,40.07250275547401,9.03798352196351,364.271,76.13454,193.81119,17.412903,22.445887,12.868469,3.0871646
2024-06-01,sardegna,40.07250275547401,9.03798352196351,29.693335,74.51623,238.04802,21.462803,26.206947,17.113464,3.3396263
2024-07-01,sardegna,40.07250275547401,9.03798352196351,0.0,72.1386,257.84924,25.277733,31.099215,19.913094,2.840325
2024-08-01,sardegna,40.07250275547401,9.03798352196351,281.24518,73.10779,177.3455,26.024677,31.52981,21.016254,2.9284155
2024-09-01,sardegna,40.07250275547401,9.03798352196351,507.26334,76.281044,174.31224,20.755293,25.118227,16.759445,2.2171106
2024-10-01,sardegna,40.07250275547401,9.03798352196351,1316.9645,83.003235,120.96287,18.665924,22.316381,15.312879,3.0088298
2024-11-01,sardegna,40.07250275547401,9.03798352196351,228.53333,77.05553,88.028435,14.187784,18.663948,9.734077,2.4856086
2024-12-01,sardegna,40.07250275547401,9.03798352196351,567.39355,74.998375,85.26347,9.341629,13.844013,5.0174747,2.2580774
