timestamp,data_id,model,month,thresholds,start_date,end_date,data_split_date,F2,Precision,Recall,MCC,AUC,BalancedAccuracy,TP,TN,FP,FN
2025-09-11 11:46:54,France_level_1_final,k-Nearest Neighbors,Month+1,0.62,2005-01-01 00:00:00,2024-12-31 00:00:00,2022-01-01 00:00:00,0.952,0.8,1.0,0.338,0.741,0.571,24,1,6,0
2025-09-11 11:46:54,France_level_1_final,k-Nearest Neighbors,Month+2,0.6,2005-01-01 00:00:00,2024-12-31 00:00:00,2022-01-01 00:00:00,0.913,0.767,0.958,-0.099,0.699,0.479,23,0,7,1
2025-09-11 11:46:54,France_level_1_final,k-Nearest Neighbors,Month+3,0.6,2005-01-01 00:00:00,2024-12-31 00:00:00,2022-01-01 00:00:00,0.913,0.767,0.958,-0.099,0.64,0.479,23,0,7,1
2025-09-11 11:46:54,France_level_1_final,k-Nearest Neighbors,Month+4,0.6,2005-01-01 00:00:00,2024-12-31 00:00:00,2022-01-01 00:00:00,0.913,0.767,0.958,-0.099,0.58,0.479,23,0,7,1
2025-09-11 11:46:54,France_level_1_final,k-Nearest Neighbors,Month+5,0.6,2005-01-01 00:00:00,2024-12-31 00:00:00,2022-01-01 00:00:00,0.913,0.767,0.958,-0.099,0.452,0.479,23,0,7,1
2025-09-11 11:46:54,France_level_1_final,k-Nearest Neighbors,Month+6,0.6,2005-01-01 00:00:00,2024-12-31 00:00:00,2022-01-01 00:00:00,0.913,0.767,0.958,-0.099,0.348,0.479,23,0,7,1
2025-09-11 11:46:54,France_level_1_final,SVC (RBF Kernel),Month+1,0.92,2005-01-01 00:00:00,2024-12-31 00:00:00,2022-01-01 00:00:00,0.902,0.846,0.917,0.392,0.732,0.673,22,3,4,2
2025-09-11 11:46:54,France_level_1_final,SVC (RBF Kernel),Month+2,0.9,2005-01-01 00:00:00,2024-12-31 00:00:00,2022-01-01 00:00:00,0.935,0.852,0.958,0.483,0.619,0.693,23,3,4,1
2025-09-11 11:46:54,France_level_1_final,SVC (RBF Kernel),Month+3,0.9,2005-01-01 00:00:00,2024-12-31 00:00:00,2022-01-01 00:00:00,0.894,0.815,0.917,0.252,0.518,0.601,22,2,5,2
2025-09-11 11:46:54,France_level_1_final,SVC (RBF Kernel),Month+4,0.89,2005-01-01 00:00:00,2024-12-31 00:00:00,2022-01-01 00:00:00,0.854,0.778,0.875,0.022,0.405,0.509,21,1,6,3
2025-09-11 11:46:54,France_level_1_final,SVC (RBF Kernel),Month+5,0.87,2005-01-01 00:00:00,2024-12-31 00:00:00,2022-01-01 00:00:00,0.82,0.769,0.833,-0.027,0.292,0.488,20,1,6,4
2025-09-11 11:46:54,France_level_1_final,SVC (RBF Kernel),Month+6,0.85,2005-01-01 00:00:00,2024-12-31 00:00:00,2022-01-01 00:00:00,0.813,0.741,0.833,-0.208,0.214,0.417,20,0,7,4
2025-09-11 11:46:57,France_level_1_final,XGBoost,Month+1,0.95,2005-01-01 00:00:00,2024-12-31 00:00:00,2022-01-01 00:00:00,0.984,0.923,1.0,0.812,0.905,0.857,24,5,2,0
2025-09-11 11:46:57,France_level_1_final,XGBoost,Month+2,0.95,2005-01-01 00:00:00,2024-12-31 00:00:00,2022-01-01 00:00:00,0.935,0.852,0.958,0.483,0.744,0.693,23,3,4,1
2025-09-11 11:46:57,France_level_1_final,XGBoost,Month+3,0.95,2005-01-01 00:00:00,2024-12-31 00:00:00,2022-01-01 00:00:00,0.894,0.815,0.917,0.252,0.595,0.601,22,2,5,2
2025-09-11 11:46:57,France_level_1_final,XGBoost,Month+4,0.95,2005-01-01 00:00:00,2024-12-31 00:00:00,2022-01-01 00:00:00,0.861,0.808,0.875,0.183,0.464,0.58,21,2,5,3
2025-09-11 11:46:57,France_level_1_final,XGBoost,Month+5,0.95,2005-01-01 00:00:00,2024-12-31 00:00:00,2022-01-01 00:00:00,0.826,0.8,0.833,0.126,0.351,0.56,20,2,5,4
2025-09-11 11:46:57,France_level_1_final,XGBoost,Month+6,0.95,2005-01-01 00:00:00,2024-12-31 00:00:00,2022-01-01 00:00:00,0.785,0.76,0.792,-0.069,0.315,0.467,19,1,6,5
2025-09-11 11:46:58,France_level_1_final,Logistic Regression,Month+1,0.95,2005-01-01 00:00:00,2024-12-31 00:00:00,2022-01-01 00:00:00,0.976,0.889,1.0,0.713,0.839,0.786,24,4,3,0
2025-09-11 11:46:58,France_level_1_final,Logistic Regression,Month+2,0.95,2005-01-01 00:00:00,2024-12-31 00:00:00,2022-01-01 00:00:00,0.943,0.885,0.958,0.602,0.738,0.765,23,4,3,1
2025-09-11 11:46:58,France_level_1_final,Logistic Regression,Month+3,0.95,2005-01-01 00:00:00,2024-12-31 00:00:00,2022-01-01 00:00:00,0.902,0.846,0.917,0.392,0.673,0.673,22,3,4,2
2025-09-11 11:46:58,France_level_1_final,Logistic Regression,Month+4,0.95,2005-01-01 00:00:00,2024-12-31 00:00:00,2022-01-01 00:00:00,0.861,0.808,0.875,0.183,0.494,0.58,21,2,5,3
2025-09-11 11:46:58,France_level_1_final,Logistic Regression,Month+5,0.95,2005-01-01 00:00:00,2024-12-31 00:00:00,2022-01-01 00:00:00,0.82,0.769,0.833,-0.027,0.44,0.488,20,1,6,4
2025-09-11 11:46:58,France_level_1_final,Logistic Regression,Month+6,0.95,2005-01-01 00:00:00,2024-12-31 00:00:00,2022-01-01 00:00:00,0.779,0.731,0.792,-0.237,0.345,0.396,19,0,7,5
2025-09-11 11:47:02,France_level_1_final,Gradient Boosting,Month+1,0.93,2005-01-01 00:00:00,2024-12-31 00:00:00,2022-01-01 00:00:00,0.984,0.923,1.0,0.812,0.863,0.857,24,5,2,0
2025-09-11 11:47:02,France_level_1_final,Gradient Boosting,Month+2,0.23,2005-01-01 00:00:00,2024-12-31 00:00:00,2022-01-01 00:00:00,0.927,0.821,0.958,0.345,0.732,0.622,23,2,5,1
2025-09-11 11:47:02,France_level_1_final,Gradient Boosting,Month+3,0.74,2005-01-01 00:00:00,2024-12-31 00:00:00,2022-01-01 00:00:00,0.894,0.815,0.917,0.252,0.682,0.601,22,2,5,2
2025-09-11 11:47:02,France_level_1_final,Gradient Boosting,Month+4,0.94,2005-01-01 00:00:00,2024-12-31 00:00:00,2022-01-01 00:00:00,0.861,0.808,0.875,0.183,0.619,0.58,21,2,5,3
2025-09-11 11:47:02,France_level_1_final,Gradient Boosting,Month+5,0.87,2005-01-01 00:00:00,2024-12-31 00:00:00,2022-01-01 00:00:00,0.82,0.769,0.833,-0.027,0.542,0.488,20,1,6,4
2025-09-11 11:47:02,France_level_1_final,Gradient Boosting,Month+6,0.95,2005-01-01 00:00:00,2024-12-31 00:00:00,2022-01-01 00:00:00,0.785,0.76,0.792,-0.069,0.679,0.467,19,1,6,5
2025-09-11 11:47:04,France_level_1_final,AdaBoost,Month+1,0.57,2005-01-01 00:00:00,2024-12-31 00:00:00,2022-01-01 00:00:00,0.95,0.92,0.958,0.712,0.887,0.836,23,5,2,1
2025-09-11 11:47:04,France_level_1_final,AdaBoost,Month+2,0.55,2005-01-01 00:00:00,2024-12-31 00:00:00,2022-01-01 00:00:00,0.935,0.852,0.958,0.483,0.762,0.693,23,3,4,1
2025-09-11 11:47:04,France_level_1_final,AdaBoost,Month+3,0.59,2005-01-01 00:00:00,2024-12-31 00:00:00,2022-01-01 00:00:00,0.894,0.815,0.917,0.252,0.661,0.601,22,2,5,2
2025-09-11 11:47:04,France_level_1_final,AdaBoost,Month+4,0.64,2005-01-01 00:00:00,2024-12-31 00:00:00,2022-01-01 00:00:00,0.726,0.81,0.708,0.122,0.512,0.568,17,3,4,7
2025-09-11 11:47:04,France_level_1_final,AdaBoost,Month+5,0.65,2005-01-01 00:00:00,2024-12-31 00:00:00,2022-01-01 00:00:00,0.72,0.773,0.708,-0.005,0.387,0.497,17,2,5,7
2025-09-11 11:47:04,France_level_1_final,AdaBoost,Month+6,0.64,2005-01-01 00:00:00,2024-12-31 00:00:00,2022-01-01 00:00:00,0.641,0.714,0.625,-0.208,0.315,0.384,15,1,6,9
2025-09-11 11:47:05,France_level_1_final,Hist Gradient Boosting,Month+1,0.91,2005-01-01 00:00:00,2024-12-31 00:00:00,2022-01-01 00:00:00,0.992,0.96,1.0,0.907,0.946,0.929,24,6,1,0
2025-09-11 11:47:05,France_level_1_final,Hist Gradient Boosting,Month+2,0.92,2005-01-01 00:00:00,2024-12-31 00:00:00,2022-01-01 00:00:00,0.95,0.92,0.958,0.712,0.786,0.836,23,5,2,1
2025-09-11 11:47:05,France_level_1_final,Hist Gradient Boosting,Month+3,0.88,2005-01-01 00:00:00,2024-12-31 00:00:00,2022-01-01 00:00:00,0.909,0.88,0.917,0.517,0.646,0.744,22,4,3,2
2025-09-11 11:47:05,France_level_1_final,Hist Gradient Boosting,Month+4,0.93,2005-01-01 00:00:00,2024-12-31 00:00:00,2022-01-01 00:00:00,0.868,0.84,0.875,0.321,0.482,0.652,21,3,4,3
2025-09-11 11:47:05,France_level_1_final,Hist Gradient Boosting,Month+5,0.9,2005-01-01 00:00:00,2024-12-31 00:00:00,2022-01-01 00:00:00,0.826,0.8,0.833,0.126,0.42,0.56,20,2,5,4
2025-09-11 11:47:05,France_level_1_final,Hist Gradient Boosting,Month+6,0.95,2005-01-01 00:00:00,2024-12-31 00:00:00,2022-01-01 00:00:00,0.785,0.76,0.792,-0.069,0.271,0.467,19,1,6,5
2025-09-11 11:47:21,France_level_1_final,CatBoost,Month+1,0.95,2005-01-01 00:00:00,2024-12-31 00:00:00,2022-01-01 00:00:00,0.984,0.923,1.0,0.812,0.875,0.857,24,5,2,0
2025-09-11 11:47:21,France_level_1_final,CatBoost,Month+2,0.95,2005-01-01 00:00:00,2024-12-31 00:00:00,2022-01-01 00:00:00,0.943,0.885,0.958,0.602,0.72,0.765,23,4,3,1
2025-09-11 11:47:21,France_level_1_final,CatBoost,Month+3,0.95,2005-01-01 00:00:00,2024-12-31 00:00:00,2022-01-01 00:00:00,0.909,0.88,0.917,0.517,0.643,0.744,22,4,3,2
2025-09-11 11:47:21,France_level_1_final,CatBoost,Month+4,0.95,2005-01-01 00:00:00,2024-12-31 00:00:00,2022-01-01 00:00:00,0.868,0.84,0.875,0.321,0.583,0.652,21,3,4,3
2025-09-11 11:47:21,France_level_1_final,CatBoost,Month+5,0.95,2005-01-01 00:00:00,2024-12-31 00:00:00,2022-01-01 00:00:00,0.826,0.8,0.833,0.126,0.464,0.56,20,2,5,4
2025-09-11 11:47:21,France_level_1_final,CatBoost,Month+6,0.95,2005-01-01 00:00:00,2024-12-31 00:00:00,2022-01-01 00:00:00,0.785,0.76,0.792,-0.069,0.405,0.467,19,1,6,5
2025-09-11 11:47:51,France_level_1_final,Ensemble (mean weight) using 2 models,Month+1,0.05,2005-01-01 00:00:00,2024-12-31 00:00:00,2022-01-01 00:00:00,0.945,0.774,1.0,0.0,0.732,0.5,24,0,7,0
2025-09-11 11:47:51,France_level_1_final,Ensemble (mean weight) using 2 models,Month+2,0.05,2005-01-01 00:00:00,2024-12-31 00:00:00,2022-01-01 00:00:00,0.945,0.774,1.0,0.0,0.655,0.5,24,0,7,0
2025-09-11 11:47:51,France_level_1_final,Ensemble (mean weight) using 2 models,Month+3,0.05,2005-01-01 00:00:00,2024-12-31 00:00:00,2022-01-01 00:00:00,0.945,0.774,1.0,0.0,0.565,0.5,24,0,7,0
2025-09-11 11:47:51,France_level_1_final,Ensemble (mean weight) using 2 models,Month+4,0.05,2005-01-01 00:00:00,2024-12-31 00:00:00,2022-01-01 00:00:00,0.945,0.774,1.0,0.0,0.482,0.5,24,0,7,0
2025-09-11 11:47:51,France_level_1_final,Ensemble (mean weight) using 2 models,Month+5,0.05,2005-01-01 00:00:00,2024-12-31 00:00:00,2022-01-01 00:00:00,0.945,0.774,1.0,0.0,0.345,0.5,24,0,7,0
2025-09-11 11:47:51,France_level_1_final,Ensemble (mean weight) using 2 models,Month+6,0.05,2005-01-01 00:00:00,2024-12-31 00:00:00,2022-01-01 00:00:00,0.945,0.774,1.0,0.0,0.226,0.5,24,0,7,0
2025-09-11 11:48:24,France_level_1_final,Ensemble (mean weight) using 3 models,Month+1,0.05,2005-01-01 00:00:00,2024-12-31 00:00:00,2022-01-01 00:00:00,0.945,0.774,1.0,0.0,0.839,0.5,24,0,7,0
2025-09-11 11:48:24,France_level_1_final,Ensemble (mean weight) using 3 models,Month+2,0.05,2005-01-01 00:00:00,2024-12-31 00:00:00,2022-01-01 00:00:00,0.945,0.774,1.0,0.0,0.696,0.5,24,0,7,0
2025-09-11 11:48:24,France_level_1_final,Ensemble (mean weight) using 3 models,Month+3,0.05,2005-01-01 00:00:00,2024-12-31 00:00:00,2022-01-01 00:00:00,0.945,0.774,1.0,0.0,0.577,0.5,24,0,7,0
2025-09-11 11:48:24,France_level_1_final,Ensemble (mean weight) using 3 models,Month+4,0.05,2005-01-01 00:00:00,2024-12-31 00:00:00,2022-01-01 00:00:00,0.945,0.774,1.0,0.0,0.476,0.5,24,0,7,0
2025-09-11 11:48:24,France_level_1_final,Ensemble (mean weight) using 3 models,Month+5,0.05,2005-01-01 00:00:00,2024-12-31 00:00:00,2022-01-01 00:00:00,0.945,0.774,1.0,0.0,0.333,0.5,24,0,7,0
2025-09-11 11:48:24,France_level_1_final,Ensemble (mean weight) using 3 models,Month+6,0.05,2005-01-01 00:00:00,2024-12-31 00:00:00,2022-01-01 00:00:00,0.945,0.774,1.0,0.0,0.22,0.5,24,0,7,0
2025-09-11 11:48:59,France_level_1_final,Ensemble (mean weight) using 4 models,Month+1,0.05,2005-01-01 00:00:00,2024-12-31 00:00:00,2022-01-01 00:00:00,0.952,0.8,1.0,0.338,0.851,0.571,24,1,6,0
2025-09-11 11:48:59,France_level_1_final,Ensemble (mean weight) using 4 models,Month+2,0.05,2005-01-01 00:00:00,2024-12-31 00:00:00,2022-01-01 00:00:00,0.913,0.767,0.958,-0.099,0.714,0.479,23,0,7,1
2025-09-11 11:48:59,France_level_1_final,Ensemble (mean weight) using 4 models,Month+3,0.05,2005-01-01 00:00:00,2024-12-31 00:00:00,2022-01-01 00:00:00,0.945,0.774,1.0,0.0,0.607,0.5,24,0,7,0
2025-09-11 11:48:59,France_level_1_final,Ensemble (mean weight) using 4 models,Month+4,0.05,2005-01-01 00:00:00,2024-12-31 00:00:00,2022-01-01 00:00:00,0.945,0.774,1.0,0.0,0.506,0.5,24,0,7,0
2025-09-11 11:48:59,France_level_1_final,Ensemble (mean weight) using 4 models,Month+5,0.05,2005-01-01 00:00:00,2024-12-31 00:00:00,2022-01-01 00:00:00,0.945,0.774,1.0,0.0,0.381,0.5,24,0,7,0
2025-09-11 11:48:59,France_level_1_final,Ensemble (mean weight) using 4 models,Month+6,0.05,2005-01-01 00:00:00,2024-12-31 00:00:00,2022-01-01 00:00:00,0.945,0.774,1.0,0.0,0.25,0.5,24,0,7,0
2025-09-11 11:49:38,France_level_1_final,Ensemble (mean weight) using 5 models,Month+1,0.05,2005-01-01 00:00:00,2024-12-31 00:00:00,2022-01-01 00:00:00,0.952,0.8,1.0,0.338,0.857,0.571,24,1,6,0
2025-09-11 11:49:38,France_level_1_final,Ensemble (mean weight) using 5 models,Month+2,0.05,2005-01-01 00:00:00,2024-12-31 00:00:00,2022-01-01 00:00:00,0.92,0.793,0.958,0.172,0.708,0.551,23,1,6,1
2025-09-11 11:49:38,France_level_1_final,Ensemble (mean weight) using 5 models,Month+3,0.05,2005-01-01 00:00:00,2024-12-31 00:00:00,2022-01-01 00:00:00,0.88,0.759,0.917,-0.142,0.613,0.458,22,0,7,2
2025-09-11 11:49:38,France_level_1_final,Ensemble (mean weight) using 5 models,Month+4,0.05,2005-01-01 00:00:00,2024-12-31 00:00:00,2022-01-01 00:00:00,0.945,0.774,1.0,0.0,0.506,0.5,24,0,7,0
2025-09-11 11:49:38,France_level_1_final,Ensemble (mean weight) using 5 models,Month+5,0.05,2005-01-01 00:00:00,2024-12-31 00:00:00,2022-01-01 00:00:00,0.945,0.774,1.0,0.0,0.393,0.5,24,0,7,0
2025-09-11 11:49:38,France_level_1_final,Ensemble (mean weight) using 5 models,Month+6,0.05,2005-01-01 00:00:00,2024-12-31 00:00:00,2022-01-01 00:00:00,0.945,0.774,1.0,0.0,0.28,0.5,24,0,7,0
2025-09-11 11:49:39,France_level_2_final,k-Nearest Neighbors,Month+1,0.42,2005-01-01 00:00:00,2024-12-31 00:00:00,2022-01-01 00:00:00,0.946,0.779,1.0,0.674,0.836,0.791,240,95,68,0
2025-09-11 11:49:39,France_level_2_final,k-Nearest Neighbors,Month+2,0.54,2005-01-01 00:00:00,2024-12-31 00:00:00,2022-01-01 00:00:00,0.932,0.752,0.991,0.632,0.816,0.773,230,95,76,2
2025-09-11 11:49:39,France_level_2_final,k-Nearest Neighbors,Month+3,0.54,2005-01-01 00:00:00,2024-12-31 00:00:00,2022-01-01 00:00:00,0.915,0.729,0.978,0.584,0.792,0.752,223,92,83,5
2025-09-11 11:49:39,France_level_2_final,k-Nearest Neighbors,Month+4,0.54,2005-01-01 00:00:00,2024-12-31 00:00:00,2022-01-01 00:00:00,0.902,0.716,0.965,0.546,0.764,0.735,219,89,87,8
2025-09-11 11:49:39,France_level_2_final,k-Nearest Neighbors,Month+5,0.54,2005-01-01 00:00:00,2024-12-31 00:00:00,2022-01-01 00:00:00,0.894,0.709,0.956,0.522,0.737,0.725,217,87,89,10
2025-09-11 11:49:39,France_level_2_final,k-Nearest Neighbors,Month+6,0.54,2005-01-01 00:00:00,2024-12-31 00:00:00,2022-01-01 00:00:00,0.883,0.703,0.943,0.49,0.719,0.711,215,84,91,13
2025-09-11 11:49:44,France_level_2_final,SVC (RBF Kernel),Month+1,0.86,2005-01-01 00:00:00,2024-12-31 00:00:00,2022-01-01 00:00:00,0.976,0.889,1.0,0.852,0.948,0.908,240,133,30,0
2025-09-11 11:49:44,France_level_2_final,SVC (RBF Kernel),Month+2,0.82,2005-01-01 00:00:00,2024-12-31 00:00:00,2022-01-01 00:00:00,0.958,0.842,0.991,0.782,0.926,0.87,230,128,43,2
2025-09-11 11:49:44,France_level_2_final,SVC (RBF Kernel),Month+3,0.79,2005-01-01 00:00:00,2024-12-31 00:00:00,2022-01-01 00:00:00,0.927,0.8,0.965,0.693,0.877,0.825,220,120,55,8
2025-09-11 11:49:44,France_level_2_final,SVC (RBF Kernel),Month+4,0.78,2005-01-01 00:00:00,2024-12-31 00:00:00,2022-01-01 00:00:00,0.886,0.758,0.925,0.582,0.822,0.772,210,109,67,17
2025-09-11 11:49:44,France_level_2_final,SVC (RBF Kernel),Month+5,0.77,2005-01-01 00:00:00,2024-12-31 00:00:00,2022-01-01 00:00:00,0.853,0.72,0.894,0.482,0.774,0.723,203,97,79,24
2025-09-11 11:49:44,France_level_2_final,SVC (RBF Kernel),Month+6,0.75,2005-01-01 00:00:00,2024-12-31 00:00:00,2022-01-01 00:00:00,0.828,0.697,0.868,0.41,0.727,0.688,198,89,86,30
2025-09-11 11:49:51,France_level_2_final,XGBoost,Month+1,0.85,2005-01-01 00:00:00,2024-12-31 00:00:00,2022-01-01 00:00:00,0.992,0.96,1.0,0.949,0.965,0.969,240,153,10,0
2025-09-11 11:49:51,France_level_2_final,XGBoost,Month+2,0.76,2005-01-01 00:00:00,2024-12-31 00:00:00,2022-01-01 00:00:00,0.969,0.888,0.991,0.848,0.926,0.911,230,142,29,2
2025-09-11 11:49:51,France_level_2_final,XGBoost,Month+3,0.47,2005-01-01 00:00:00,2024-12-31 00:00:00,2022-01-01 00:00:00,0.929,0.809,0.965,0.707,0.891,0.834,220,123,52,8
2025-09-11 11:49:51,France_level_2_final,XGBoost,Month+4,0.53,2005-01-01 00:00:00,2024-12-31 00:00:00,2022-01-01 00:00:00,0.911,0.79,0.947,0.66,0.837,0.812,215,119,57,12
2025-09-11 11:49:51,France_level_2_final,XGBoost,Month+5,0.85,2005-01-01 00:00:00,2024-12-31 00:00:00,2022-01-01 00:00:00,0.876,0.794,0.899,0.617,0.778,0.799,204,123,53,23
2025-09-11 11:49:51,France_level_2_final,XGBoost,Month+6,0.73,2005-01-01 00:00:00,2024-12-31 00:00:00,2022-01-01 00:00:00,0.907,0.752,0.956,0.601,0.724,0.772,218,103,72,10
2025-09-11 11:50:11,France_level_2_final,Logistic Regression,Month+1,0.76,2005-01-01 00:00:00,2024-12-31 00:00:00,2022-01-01 00:00:00,0.979,0.916,0.996,0.884,0.943,0.93,239,141,22,1
2025-09-11 11:50:11,France_level_2_final,Logistic Regression,Month+2,0.63,2005-01-01 00:00:00,2024-12-31 00:00:00,2022-01-01 00:00:00,0.96,0.852,0.991,0.796,0.893,0.879,230,131,40,2
2025-09-11 11:50:11,France_level_2_final,Logistic Regression,Month+3,0.69,2005-01-01 00:00:00,2024-12-31 00:00:00,2022-01-01 00:00:00,0.934,0.827,0.965,0.735,0.833,0.851,220,129,46,8
2025-09-11 11:50:11,France_level_2_final,Logistic Regression,Month+4,0.76,2005-01-01 00:00:00,2024-12-31 00:00:00,2022-01-01 00:00:00,0.893,0.798,0.921,0.644,0.77,0.81,209,123,53,18
2025-09-11 11:50:11,France_level_2_final,Logistic Regression,Month+5,0.7,2005-01-01 00:00:00,2024-12-31 00:00:00,2022-01-01 00:00:00,0.871,0.752,0.907,0.554,0.734,0.761,206,108,68,21
2025-09-11 11:50:11,France_level_2_final,Logistic Regression,Month+6,0.74,2005-01-01 00:00:00,2024-12-31 00:00:00,2022-01-01 00:00:00,0.855,0.726,0.895,0.491,0.691,0.727,204,98,77,24
2025-09-11 11:51:04,France_level_2_final,Gradient Boosting,Month+1,0.15,2005-01-01 00:00:00,2024-12-31 00:00:00,2022-01-01 00:00:00,0.986,0.948,0.996,0.929,0.968,0.958,239,150,13,1
2025-09-11 11:51:04,France_level_2_final,Gradient Boosting,Month+2,0.16,2005-01-01 00:00:00,2024-12-31 00:00:00,2022-01-01 00:00:00,0.961,0.855,0.991,0.801,0.919,0.882,230,132,39,2
2025-09-11 11:51:04,France_level_2_final,Gradient Boosting,Month+3,0.06,2005-01-01 00:00:00,2024-12-31 00:00:00,2022-01-01 00:00:00,0.921,0.777,0.965,0.656,0.864,0.802,220,112,63,8
2025-09-11 11:51:04,France_level_2_final,Gradient Boosting,Month+4,0.08,2005-01-01 00:00:00,2024-12-31 00:00:00,2022-01-01 00:00:00,0.879,0.732,0.925,0.534,0.817,0.744,210,99,77,17
2025-09-11 11:51:04,France_level_2_final,Gradient Boosting,Month+5,0.41,2005-01-01 00:00:00,2024-12-31 00:00:00,2022-01-01 00:00:00,0.858,0.775,0.881,0.57,0.767,0.776,200,118,58,27
2025-09-11 11:51:04,France_level_2_final,Gradient Boosting,Month+6,0.27,2005-01-01 00:00:00,2024-12-31 00:00:00,2022-01-01 00:00:00,0.82,0.728,0.846,0.454,0.736,0.718,193,103,72,35
2025-09-11 11:51:17,France_level_2_final,AdaBoost,Month+1,0.53,2005-01-01 00:00:00,2024-12-31 00:00:00,2022-01-01 00:00:00,0.992,0.96,1.0,0.949,0.968,0.969,240,153,10,0
2025-09-11 11:51:17,France_level_2_final,AdaBoost,Month+2,0.46,2005-01-01 00:00:00,2024-12-31 00:00:00,2022-01-01 00:00:00,0.961,0.855,0.991,0.801,0.934,0.882,230,132,39,2
2025-09-11 11:51:17,France_level_2_final,AdaBoost,Month+3,0.48,2005-01-01 00:00:00,2024-12-31 00:00:00,2022-01-01 00:00:00,0.942,0.859,0.965,0.782,0.898,0.88,220,139,36,8
2025-09-11 11:51:17,France_level_2_final,AdaBoost,Month+4,0.49,2005-01-01 00:00:00,2024-12-31 00:00:00,2022-01-01 00:00:00,0.909,0.834,0.93,0.709,0.848,0.845,211,134,42,16
2025-09-11 11:51:17,France_level_2_final,AdaBoost,Month+5,0.51,2005-01-01 00:00:00,2024-12-31 00:00:00,2022-01-01 00:00:00,0.862,0.794,0.881,0.6,0.796,0.793,200,124,52,27
2025-09-11 11:51:17,France_level_2_final,AdaBoost,Month+6,0.49,2005-01-01 00:00:00,2024-12-31 00:00:00,2022-01-01 00:00:00,0.857,0.757,0.886,0.539,0.745,0.757,202,110,65,26
2025-09-11 11:51:22,France_level_2_final,Hist Gradient Boosting,Month+1,0.33,2005-01-01 00:00:00,2024-12-31 00:00:00,2022-01-01 00:00:00,0.992,0.96,1.0,0.949,0.965,0.969,240,153,10,0
2025-09-11 11:51:22,France_level_2_final,Hist Gradient Boosting,Month+2,0.29,2005-01-01 00:00:00,2024-12-31 00:00:00,2022-01-01 00:00:00,0.975,0.913,0.991,0.881,0.931,0.931,230,149,22,2
2025-09-11 11:51:22,France_level_2_final,Hist Gradient Boosting,Month+3,0.08,2005-01-01 00:00:00,2024-12-31 00:00:00,2022-01-01 00:00:00,0.924,0.789,0.965,0.674,0.882,0.814,220,116,59,8
2025-09-11 11:51:22,France_level_2_final,Hist Gradient Boosting,Month+4,0.14,2005-01-01 00:00:00,2024-12-31 00:00:00,2022-01-01 00:00:00,0.896,0.795,0.925,0.645,0.816,0.809,210,122,54,17
2025-09-11 11:51:22,France_level_2_final,Hist Gradient Boosting,Month+5,0.36,2005-01-01 00:00:00,2024-12-31 00:00:00,2022-01-01 00:00:00,0.863,0.797,0.881,0.605,0.779,0.796,200,125,51,27
2025-09-11 11:51:22,France_level_2_final,Hist Gradient Boosting,Month+6,0.48,2005-01-01 00:00:00,2024-12-31 00:00:00,2022-01-01 00:00:00,0.825,0.762,0.842,0.511,0.724,0.75,192,115,60,36
2025-09-11 11:51:45,France_level_2_final,CatBoost,Month+1,0.7,2005-01-01 00:00:00,2024-12-31 00:00:00,2022-01-01 00:00:00,0.992,0.96,1.0,0.949,0.965,0.969,240,153,10,0
2025-09-11 11:51:45,France_level_2_final,CatBoost,Month+2,0.67,2005-01-01 00:00:00,2024-12-31 00:00:00,2022-01-01 00:00:00,0.968,0.885,0.991,0.843,0.91,0.908,230,141,30,2
2025-09-11 11:51:45,France_level_2_final,CatBoost,Month+3,0.6,2005-01-01 00:00:00,2024-12-31 00:00:00,2022-01-01 00:00:00,0.935,0.833,0.965,0.744,0.868,0.857,220,131,44,8
2025-09-11 11:51:45,France_level_2_final,CatBoost,Month+4,0.53,2005-01-01 00:00:00,2024-12-31 00:00:00,2022-01-01 00:00:00,0.895,0.792,0.925,0.64,0.806,0.806,210,121,55,17
2025-09-11 11:51:45,France_level_2_final,CatBoost,Month+5,0.71,2005-01-01 00:00:00,2024-12-31 00:00:00,2022-01-01 00:00:00,0.859,0.781,0.881,0.58,0.757,0.781,200,120,56,27
2025-09-11 11:51:45,France_level_2_final,CatBoost,Month+6,0.62,2005-01-01 00:00:00,2024-12-31 00:00:00,2022-01-01 00:00:00,0.816,0.715,0.846,0.428,0.713,0.703,193,98,77,35
2025-09-11 11:53:53,France_level_2_final,Ensemble (mean weight) using 2 models,Month+1,0.07,2005-01-01 00:00:00,2024-12-31 00:00:00,2022-01-01 00:00:00,0.943,0.769,1.0,0.655,0.932,0.779,240,91,72,0
2025-09-11 11:53:53,France_level_2_final,Ensemble (mean weight) using 2 models,Month+2,0.08,2005-01-01 00:00:00,2024-12-31 00:00:00,2022-01-01 00:00:00,0.929,0.733,0.996,0.603,0.907,0.752,231,87,84,1
2025-09-11 11:53:53,France_level_2_final,Ensemble (mean weight) using 2 models,Month+3,0.1,2005-01-01 00:00:00,2024-12-31 00:00:00,2022-01-01 00:00:00,0.919,0.721,0.987,0.581,0.865,0.745,225,88,87,3
2025-09-11 11:53:53,France_level_2_final,Ensemble (mean weight) using 2 models,Month+4,0.1,2005-01-01 00:00:00,2024-12-31 00:00:00,2022-01-01 00:00:00,0.912,0.708,0.982,0.552,0.81,0.73,223,84,92,4
2025-09-11 11:53:53,France_level_2_final,Ensemble (mean weight) using 2 models,Month+5,0.21,2005-01-01 00:00:00,2024-12-31 00:00:00,2022-01-01 00:00:00,0.903,0.71,0.969,0.539,0.766,0.729,220,86,90,7
2025-09-11 11:53:53,France_level_2_final,Ensemble (mean weight) using 2 models,Month+6,0.41,2005-01-01 00:00:00,2024-12-31 00:00:00,2022-01-01 00:00:00,0.886,0.704,0.947,0.497,0.722,0.714,216,84,91,12
2025-09-11 11:56:06,France_level_2_final,Ensemble (mean weight) using 3 models,Month+1,0.05,2005-01-01 00:00:00,2024-12-31 00:00:00,2022-01-01 00:00:00,0.945,0.774,1.0,0.665,0.957,0.785,240,93,70,0
2025-09-11 11:56:06,France_level_2_final,Ensemble (mean weight) using 3 models,Month+2,0.08,2005-01-01 00:00:00,2024-12-31 00:00:00,2022-01-01 00:00:00,0.927,0.737,0.991,0.605,0.923,0.756,230,89,82,2
2025-09-11 11:56:06,France_level_2_final,Ensemble (mean weight) using 3 models,Month+3,0.1,2005-01-01 00:00:00,2024-12-31 00:00:00,2022-01-01 00:00:00,0.919,0.721,0.987,0.581,0.879,0.745,225,88,87,3
2025-09-11 11:56:06,France_level_2_final,Ensemble (mean weight) using 3 models,Month+4,0.08,2005-01-01 00:00:00,2024-12-31 00:00:00,2022-01-01 00:00:00,0.912,0.708,0.982,0.552,0.82,0.73,223,84,92,4
2025-09-11 11:56:06,France_level_2_final,Ensemble (mean weight) using 3 models,Month+5,0.25,2005-01-01 00:00:00,2024-12-31 00:00:00,2022-01-01 00:00:00,0.903,0.71,0.969,0.539,0.764,0.729,220,86,90,7
2025-09-11 11:56:06,France_level_2_final,Ensemble (mean weight) using 3 models,Month+6,0.41,2005-01-01 00:00:00,2024-12-31 00:00:00,2022-01-01 00:00:00,0.893,0.706,0.956,0.511,0.718,0.718,218,84,91,10
2025-09-11 11:58:27,France_level_2_final,Ensemble (mean weight) using 4 models,Month+1,0.09,2005-01-01 00:00:00,2024-12-31 00:00:00,2022-01-01 00:00:00,0.945,0.774,1.0,0.665,0.958,0.785,240,93,70,0
2025-09-11 11:58:27,France_level_2_final,Ensemble (mean weight) using 4 models,Month+2,0.13,2005-01-01 00:00:00,2024-12-31 00:00:00,2022-01-01 00:00:00,0.927,0.737,0.991,0.605,0.924,0.756,230,89,82,2
2025-09-11 11:58:27,France_level_2_final,Ensemble (mean weight) using 4 models,Month+3,0.14,2005-01-01 00:00:00,2024-12-31 00:00:00,2022-01-01 00:00:00,0.919,0.721,0.987,0.581,0.881,0.745,225,88,87,3
2025-09-11 11:58:27,France_level_2_final,Ensemble (mean weight) using 4 models,Month+4,0.13,2005-01-01 00:00:00,2024-12-31 00:00:00,2022-01-01 00:00:00,0.912,0.71,0.982,0.556,0.82,0.733,223,85,91,4
2025-09-11 11:58:27,France_level_2_final,Ensemble (mean weight) using 4 models,Month+5,0.29,2005-01-01 00:00:00,2024-12-31 00:00:00,2022-01-01 00:00:00,0.903,0.71,0.969,0.539,0.763,0.729,220,86,90,7
2025-09-11 11:58:27,France_level_2_final,Ensemble (mean weight) using 4 models,Month+6,0.42,2005-01-01 00:00:00,2024-12-31 00:00:00,2022-01-01 00:00:00,0.893,0.706,0.956,0.511,0.717,0.718,218,84,91,10
2025-09-11 12:01:02,France_level_2_final,Ensemble (mean weight) using 5 models,Month+1,0.08,2005-01-01 00:00:00,2024-12-31 00:00:00,2022-01-01 00:00:00,0.947,0.782,1.0,0.679,0.965,0.794,240,96,67,0
2025-09-11 12:01:02,France_level_2_final,Ensemble (mean weight) using 5 models,Month+2,0.11,2005-01-01 00:00:00,2024-12-31 00:00:00,2022-01-01 00:00:00,0.928,0.74,0.991,0.61,0.919,0.759,230,90,81,2
2025-09-11 12:01:02,France_level_2_final,Ensemble (mean weight) using 5 models,Month+3,0.12,2005-01-01 00:00:00,2024-12-31 00:00:00,2022-01-01 00:00:00,0.919,0.721,0.987,0.581,0.873,0.745,225,88,87,3
2025-09-11 12:01:02,France_level_2_final,Ensemble (mean weight) using 5 models,Month+4,0.13,2005-01-01 00:00:00,2024-12-31 00:00:00,2022-01-01 00:00:00,0.91,0.712,0.978,0.554,0.813,0.733,222,86,90,5
2025-09-11 12:01:02,France_level_2_final,Ensemble (mean weight) using 5 models,Month+5,0.3,2005-01-01 00:00:00,2024-12-31 00:00:00,2022-01-01 00:00:00,0.904,0.712,0.969,0.544,0.759,0.732,220,87,89,7
2025-09-11 12:01:02,France_level_2_final,Ensemble (mean weight) using 5 models,Month+6,0.38,2005-01-01 00:00:00,2024-12-31 00:00:00,2022-01-01 00:00:00,0.893,0.706,0.956,0.511,0.714,0.718,218,84,91,10
2025-09-11 12:01:09,France_level_3_final,k-Nearest Neighbors,Month+1,0.12,2005-01-01 00:00:00,2024-12-31 00:00:00,2022-01-01 00:00:00,0.945,0.774,1.0,0.802,0.935,0.916,1080,1550,315,0
2025-09-11 12:01:09,France_level_3_final,k-Nearest Neighbors,Month+2,0.12,2005-01-01 00:00:00,2024-12-31 00:00:00,2022-01-01 00:00:00,0.931,0.735,0.997,0.767,0.926,0.901,1035,1534,373,3
2025-09-11 12:01:09,France_level_3_final,k-Nearest Neighbors,Month+3,0.12,2005-01-01 00:00:00,2024-12-31 00:00:00,2022-01-01 00:00:00,0.908,0.695,0.983,0.72,0.91,0.879,991,1502,435,17
2025-09-11 12:01:09,France_level_3_final,k-Nearest Neighbors,Month+4,0.12,2005-01-01 00:00:00,2024-12-31 00:00:00,2022-01-01 00:00:00,0.878,0.661,0.956,0.667,0.884,0.852,957,1454,490,44
2025-09-11 12:01:09,France_level_3_final,k-Nearest Neighbors,Month+5,0.12,2005-01-01 00:00:00,2024-12-31 00:00:00,2022-01-01 00:00:00,0.857,0.641,0.936,0.631,0.86,0.833,939,1417,525,64
2025-09-11 12:01:09,France_level_3_final,k-Nearest Neighbors,Month+6,0.29,2005-01-01 00:00:00,2024-12-31 00:00:00,2022-01-01 00:00:00,0.835,0.664,0.892,0.625,0.839,0.828,901,1479,456,109
2025-09-11 12:05:21,France_level_3_final,SVC (RBF Kernel),Month+1,0.15,2005-01-01 00:00:00,2024-12-31 00:00:00,2022-01-01 00:00:00,0.966,0.849,1.0,0.873,0.983,0.949,1080,1673,192,0
2025-09-11 12:05:21,France_level_3_final,SVC (RBF Kernel),Month+2,0.05,2005-01-01 00:00:00,2024-12-31 00:00:00,2022-01-01 00:00:00,0.951,0.794,1.0,0.825,0.967,0.929,1038,1637,270,0
2025-09-11 12:05:21,France_level_3_final,SVC (RBF Kernel),Month+3,0.05,2005-01-01 00:00:00,2024-12-31 00:00:00,2022-01-01 00:00:00,0.934,0.76,0.99,0.79,0.939,0.914,998,1622,315,10
2025-09-11 12:05:21,France_level_3_final,SVC (RBF Kernel),Month+4,0.09,2005-01-01 00:00:00,2024-12-31 00:00:00,2022-01-01 00:00:00,0.903,0.74,0.956,0.747,0.91,0.891,957,1607,337,44
2025-09-11 12:05:21,France_level_3_final,SVC (RBF Kernel),Month+5,0.15,2005-01-01 00:00:00,2024-12-31 00:00:00,2022-01-01 00:00:00,0.866,0.709,0.917,0.69,0.884,0.862,920,1565,377,83
2025-09-11 12:05:21,France_level_3_final,SVC (RBF Kernel),Month+6,0.28,2005-01-01 00:00:00,2024-12-31 00:00:00,2022-01-01 00:00:00,0.828,0.684,0.874,0.635,0.867,0.832,883,1528,407,127
2025-09-11 12:05:34,France_level_3_final,XGBoost,Month+1,0.26,2005-01-01 00:00:00,2024-12-31 00:00:00,2022-01-01 00:00:00,0.977,0.893,1.0,0.912,0.987,0.965,1080,1736,129,0
2025-09-11 12:05:34,France_level_3_final,XGBoost,Month+2,0.24,2005-01-01 00:00:00,2024-12-31 00:00:00,2022-01-01 00:00:00,0.954,0.815,0.997,0.843,0.972,0.937,1035,1672,235,3
2025-09-11 12:05:34,France_level_3_final,XGBoost,Month+3,0.32,2005-01-01 00:00:00,2024-12-31 00:00:00,2022-01-01 00:00:00,0.934,0.781,0.982,0.804,0.949,0.92,990,1660,277,18
2025-09-11 12:05:34,France_level_3_final,XGBoost,Month+4,0.35,2005-01-01 00:00:00,2024-12-31 00:00:00,2022-01-01 00:00:00,0.914,0.76,0.963,0.771,0.93,0.903,964,1639,305,37
2025-09-11 12:05:34,France_level_3_final,XGBoost,Month+5,0.62,2005-01-01 00:00:00,2024-12-31 00:00:00,2022-01-01 00:00:00,0.877,0.764,0.91,0.738,0.904,0.883,913,1660,282,90
2025-09-11 12:05:34,France_level_3_final,XGBoost,Month+6,0.76,2005-01-01 00:00:00,2024-12-31 00:00:00,2022-01-01 00:00:00,0.83,0.743,0.855,0.681,0.881,0.85,864,1636,299,146
2025-09-11 12:11:22,France_level_3_final,Logistic Regression,Month+1,0.77,2005-01-01 00:00:00,2024-12-31 00:00:00,2022-01-01 00:00:00,0.976,0.895,0.999,0.913,0.977,0.966,1079,1739,126,1
2025-09-11 12:11:22,France_level_3_final,Logistic Regression,Month+2,0.8,2005-01-01 00:00:00,2024-12-31 00:00:00,2022-01-01 00:00:00,0.958,0.856,0.987,0.872,0.956,0.948,1025,1734,173,13
2025-09-11 12:11:22,France_level_3_final,Logistic Regression,Month+3,0.8,2005-01-01 00:00:00,2024-12-31 00:00:00,2022-01-01 00:00:00,0.94,0.825,0.974,0.838,0.93,0.933,982,1728,209,26
2025-09-11 12:11:22,France_level_3_final,Logistic Regression,Month+4,0.77,2005-01-01 00:00:00,2024-12-31 00:00:00,2022-01-01 00:00:00,0.907,0.788,0.942,0.783,0.902,0.906,943,1691,253,58
2025-09-11 12:11:22,France_level_3_final,Logistic Regression,Month+5,0.79,2005-01-01 00:00:00,2024-12-31 00:00:00,2022-01-01 00:00:00,0.864,0.751,0.898,0.718,0.879,0.872,901,1643,299,102
2025-09-11 12:11:22,France_level_3_final,Logistic Regression,Month+6,0.78,2005-01-01 00:00:00,2024-12-31 00:00:00,2022-01-01 00:00:00,0.833,0.711,0.87,0.659,0.857,0.843,879,1577,358,131
2025-09-11 12:18:58,France_level_3_final,Gradient Boosting,Month+1,0.05,2005-01-01 00:00:00,2024-12-31 00:00:00,2022-01-01 00:00:00,0.966,0.85,1.0,0.873,0.988,0.949,1080,1674,191,0
2025-09-11 12:18:58,France_level_3_final,Gradient Boosting,Month+2,0.05,2005-01-01 00:00:00,2024-12-31 00:00:00,2022-01-01 00:00:00,0.954,0.812,0.997,0.84,0.964,0.936,1035,1667,240,3
2025-09-11 12:18:58,France_level_3_final,Gradient Boosting,Month+3,0.07,2005-01-01 00:00:00,2024-12-31 00:00:00,2022-01-01 00:00:00,0.936,0.785,0.983,0.808,0.943,0.921,991,1665,272,17
2025-09-11 12:18:58,France_level_3_final,Gradient Boosting,Month+4,0.1,2005-01-01 00:00:00,2024-12-31 00:00:00,2022-01-01 00:00:00,0.903,0.77,0.944,0.768,0.92,0.899,945,1662,282,56
2025-09-11 12:18:58,France_level_3_final,Gradient Boosting,Month+5,0.18,2005-01-01 00:00:00,2024-12-31 00:00:00,2022-01-01 00:00:00,0.86,0.728,0.9,0.697,0.889,0.863,903,1604,338,100
2025-09-11 12:18:58,France_level_3_final,Gradient Boosting,Month+6,0.32,2005-01-01 00:00:00,2024-12-31 00:00:00,2022-01-01 00:00:00,0.828,0.727,0.857,0.666,0.867,0.844,866,1609,326,144
2025-09-11 12:20:34,France_level_3_final,AdaBoost,Month+1,0.49,2005-01-01 00:00:00,2024-12-31 00:00:00,2022-01-01 00:00:00,0.987,0.94,1.0,0.951,0.985,0.982,1080,1796,69,0
2025-09-11 12:20:34,France_level_3_final,AdaBoost,Month+2,0.5,2005-01-01 00:00:00,2024-12-31 00:00:00,2022-01-01 00:00:00,0.981,0.92,0.997,0.934,0.961,0.975,1035,1817,90,3
2025-09-11 12:20:34,France_level_3_final,AdaBoost,Month+3,0.51,2005-01-01 00:00:00,2024-12-31 00:00:00,2022-01-01 00:00:00,0.96,0.88,0.982,0.891,0.937,0.956,990,1802,135,18
2025-09-11 12:20:34,France_level_3_final,AdaBoost,Month+4,0.51,2005-01-01 00:00:00,2024-12-31 00:00:00,2022-01-01 00:00:00,0.921,0.84,0.944,0.83,0.906,0.926,945,1764,180,56
2025-09-11 12:20:34,France_level_3_final,AdaBoost,Month+5,0.49,2005-01-01 00:00:00,2024-12-31 00:00:00,2022-01-01 00:00:00,0.879,0.799,0.901,0.764,0.88,0.892,904,1715,227,99
2025-09-11 12:20:34,France_level_3_final,AdaBoost,Month+6,0.5,2005-01-01 00:00:00,2024-12-31 00:00:00,2022-01-01 00:00:00,0.828,0.76,0.847,0.691,0.856,0.853,855,1665,270,155
2025-09-11 12:20:51,France_level_3_final,Hist Gradient Boosting,Month+1,0.05,2005-01-01 00:00:00,2024-12-31 00:00:00,2022-01-01 00:00:00,0.978,0.899,1.0,0.917,0.986,0.968,1080,1744,121,0
2025-09-11 12:20:51,France_level_3_final,Hist Gradient Boosting,Month+2,0.05,2005-01-01 00:00:00,2024-12-31 00:00:00,2022-01-01 00:00:00,0.961,0.84,0.997,0.866,0.963,0.947,1035,1710,197,3
2025-09-11 12:20:51,France_level_3_final,Hist Gradient Boosting,Month+3,0.05,2005-01-01 00:00:00,2024-12-31 00:00:00,2022-01-01 00:00:00,0.94,0.803,0.982,0.824,0.948,0.928,990,1694,243,18
2025-09-11 12:20:51,France_level_3_final,Hist Gradient Boosting,Month+4,0.05,2005-01-01 00:00:00,2024-12-31 00:00:00,2022-01-01 00:00:00,0.904,0.753,0.952,0.757,0.928,0.896,953,1632,312,48
2025-09-11 12:20:51,France_level_3_final,Hist Gradient Boosting,Month+5,0.15,2005-01-01 00:00:00,2024-12-31 00:00:00,2022-01-01 00:00:00,0.875,0.748,0.914,0.726,0.902,0.878,917,1633,309,86
2025-09-11 12:20:51,France_level_3_final,Hist Gradient Boosting,Month+6,0.18,2005-01-01 00:00:00,2024-12-31 00:00:00,2022-01-01 00:00:00,0.842,0.73,0.876,0.682,0.88,0.853,885,1607,328,125
2025-09-11 12:21:31,France_level_3_final,CatBoost,Month+1,0.75,2005-01-01 00:00:00,2024-12-31 00:00:00,2022-01-01 00:00:00,0.989,0.947,1.0,0.958,0.984,0.984,1080,1805,60,0
2025-09-11 12:21:31,France_level_3_final,CatBoost,Month+2,0.48,2005-01-01 00:00:00,2024-12-31 00:00:00,2022-01-01 00:00:00,0.962,0.844,0.997,0.869,0.966,0.948,1035,1716,191,3
2025-09-11 12:21:31,France_level_3_final,CatBoost,Month+3,0.38,2005-01-01 00:00:00,2024-12-31 00:00:00,2022-01-01 00:00:00,0.939,0.799,0.982,0.82,0.943,0.927,990,1688,249,18
2025-09-11 12:21:31,France_level_3_final,CatBoost,Month+4,0.56,2005-01-01 00:00:00,2024-12-31 00:00:00,2022-01-01 00:00:00,0.909,0.793,0.944,0.788,0.916,0.908,945,1697,247,56
2025-09-11 12:21:31,France_level_3_final,CatBoost,Month+5,0.6,2005-01-01 00:00:00,2024-12-31 00:00:00,2022-01-01 00:00:00,0.864,0.75,0.898,0.717,0.893,0.872,901,1642,300,102
2025-09-11 12:21:31,France_level_3_final,CatBoost,Month+6,0.57,2005-01-01 00:00:00,2024-12-31 00:00:00,2022-01-01 00:00:00,0.829,0.714,0.863,0.658,0.874,0.841,872,1585,350,138
2025-09-11 12:40:51,France_level_3_final,Ensemble (mean weight) using 2 models,Month+1,0.31,2005-01-01 00:00:00,2024-12-31 00:00:00,2022-01-01 00:00:00,0.975,0.886,1.0,0.906,0.984,0.963,1080,1726,139,0
2025-09-11 12:40:51,France_level_3_final,Ensemble (mean weight) using 2 models,Month+2,0.36,2005-01-01 00:00:00,2024-12-31 00:00:00,2022-01-01 00:00:00,0.957,0.823,0.997,0.851,0.965,0.94,1035,1685,222,3
2025-09-11 12:40:51,France_level_3_final,Ensemble (mean weight) using 2 models,Month+3,0.43,2005-01-01 00:00:00,2024-12-31 00:00:00,2022-01-01 00:00:00,0.943,0.813,0.982,0.833,0.941,0.932,990,1710,227,18
2025-09-11 12:40:51,France_level_3_final,Ensemble (mean weight) using 2 models,Month+4,0.42,2005-01-01 00:00:00,2024-12-31 00:00:00,2022-01-01 00:00:00,0.904,0.773,0.944,0.771,0.915,0.901,945,1667,277,56
2025-09-11 12:40:51,France_level_3_final,Ensemble (mean weight) using 2 models,Month+5,0.42,2005-01-01 00:00:00,2024-12-31 00:00:00,2022-01-01 00:00:00,0.867,0.727,0.91,0.704,0.892,0.867,913,1600,342,90
2025-09-11 12:40:51,France_level_3_final,Ensemble (mean weight) using 2 models,Month+6,0.49,2005-01-01 00:00:00,2024-12-31 00:00:00,2022-01-01 00:00:00,0.833,0.713,0.869,0.661,0.872,0.843,878,1582,353,132
2025-09-11 13:02:44,France_level_3_final,Ensemble (mean weight) using 3 models,Month+1,0.37,2005-01-01 00:00:00,2024-12-31 00:00:00,2022-01-01 00:00:00,0.971,0.869,1.0,0.89,0.984,0.956,1080,1702,163,0
2025-09-11 13:02:44,France_level_3_final,Ensemble (mean weight) using 3 models,Month+2,0.47,2005-01-01 00:00:00,2024-12-31 00:00:00,2022-01-01 00:00:00,0.959,0.83,0.997,0.857,0.965,0.943,1035,1695,212,3
2025-09-11 13:02:44,France_level_3_final,Ensemble (mean weight) using 3 models,Month+3,0.57,2005-01-01 00:00:00,2024-12-31 00:00:00,2022-01-01 00:00:00,0.945,0.82,0.982,0.839,0.94,0.935,990,1719,218,18
2025-09-11 13:02:44,France_level_3_final,Ensemble (mean weight) using 3 models,Month+4,0.54,2005-01-01 00:00:00,2024-12-31 00:00:00,2022-01-01 00:00:00,0.908,0.787,0.944,0.784,0.913,0.906,945,1689,255,56
2025-09-11 13:02:44,France_level_3_final,Ensemble (mean weight) using 3 models,Month+5,0.56,2005-01-01 00:00:00,2024-12-31 00:00:00,2022-01-01 00:00:00,0.868,0.749,0.904,0.72,0.889,0.874,907,1638,304,96
2025-09-11 13:02:44,France_level_3_final,Ensemble (mean weight) using 3 models,Month+6,0.59,2005-01-01 00:00:00,2024-12-31 00:00:00,2022-01-01 00:00:00,0.839,0.715,0.877,0.668,0.869,0.847,886,1581,354,124
2025-09-11 13:29:28,France_level_3_final,Ensemble (mean weight) using 4 models,Month+1,0.27,2005-01-01 00:00:00,2024-12-31 00:00:00,2022-01-01 00:00:00,0.964,0.844,1.0,0.868,0.986,0.946,1080,1665,200,0
2025-09-11 13:29:28,France_level_3_final,Ensemble (mean weight) using 4 models,Month+2,0.39,2005-01-01 00:00:00,2024-12-31 00:00:00,2022-01-01 00:00:00,0.955,0.818,0.997,0.845,0.97,0.938,1035,1676,231,3
2025-09-11 13:29:28,France_level_3_final,Ensemble (mean weight) using 4 models,Month+3,0.48,2005-01-01 00:00:00,2024-12-31 00:00:00,2022-01-01 00:00:00,0.942,0.808,0.982,0.829,0.943,0.93,990,1702,235,18
2025-09-11 13:29:28,France_level_3_final,Ensemble (mean weight) using 4 models,Month+4,0.53,2005-01-01 00:00:00,2024-12-31 00:00:00,2022-01-01 00:00:00,0.906,0.78,0.944,0.777,0.912,0.904,945,1678,266,56
2025-09-11 13:29:28,France_level_3_final,Ensemble (mean weight) using 4 models,Month+5,0.59,2005-01-01 00:00:00,2024-12-31 00:00:00,2022-01-01 00:00:00,0.865,0.757,0.897,0.723,0.888,0.874,900,1653,289,103
2025-09-11 13:29:28,France_level_3_final,Ensemble (mean weight) using 4 models,Month+6,0.54,2005-01-01 00:00:00,2024-12-31 00:00:00,2022-01-01 00:00:00,0.818,0.705,0.852,0.642,0.87,0.833,861,1574,361,149
2025-09-11 13:54:17,France_level_3_final,Ensemble (mean weight) using 5 models,Month+1,0.22,2005-01-01 00:00:00,2024-12-31 00:00:00,2022-01-01 00:00:00,0.964,0.844,1.0,0.869,0.987,0.947,1080,1666,199,0
2025-09-11 13:54:17,France_level_3_final,Ensemble (mean weight) using 5 models,Month+2,0.35,2005-01-01 00:00:00,2024-12-31 00:00:00,2022-01-01 00:00:00,0.956,0.819,0.997,0.847,0.971,0.939,1035,1678,229,3
2025-09-11 13:54:17,France_level_3_final,Ensemble (mean weight) using 5 models,Month+3,0.45,2005-01-01 00:00:00,2024-12-31 00:00:00,2022-01-01 00:00:00,0.942,0.809,0.982,0.83,0.945,0.931,990,1704,233,18
2025-09-11 13:54:17,France_level_3_final,Ensemble (mean weight) using 5 models,Month+4,0.5,2005-01-01 00:00:00,2024-12-31 00:00:00,2022-01-01 00:00:00,0.906,0.779,0.944,0.776,0.916,0.903,945,1676,268,56
2025-09-11 13:54:17,France_level_3_final,Ensemble (mean weight) using 5 models,Month+5,0.59,2005-01-01 00:00:00,2024-12-31 00:00:00,2022-01-01 00:00:00,0.866,0.759,0.897,0.725,0.891,0.875,900,1657,285,103
2025-09-11 13:54:17,France_level_3_final,Ensemble (mean weight) using 5 models,Month+6,0.55,2005-01-01 00:00:00,2024-12-31 00:00:00,2022-01-01 00:00:00,0.819,0.712,0.85,0.648,0.872,0.836,859,1588,347,151
2025-09-11 11:10:02,France_level_4_final,k-Nearest Neighbors,Month+1,0.12,2005-01-01 00:00:00,2024-12-31 00:00:00,2022-01-01 00:00:00,0.947,0.78,1.0,0.846,0.97,0.959,2208,6964,624,0
2025-09-11 11:10:02,France_level_4_final,k-Nearest Neighbors,Month+2,0.12,2005-01-01 00:00:00,2024-12-31 00:00:00,2022-01-01 00:00:00,0.932,0.735,0.999,0.813,0.966,0.95,2116,6915,762,3
2025-09-11 11:10:02,France_level_4_final,k-Nearest Neighbors,Month+3,0.12,2005-01-01 00:00:00,2024-12-31 00:00:00,2022-01-01 00:00:00,0.905,0.683,0.985,0.765,0.954,0.932,2027,6798,940,31
2025-09-11 11:10:02,France_level_4_final,k-Nearest Neighbors,Month+4,0.12,2005-01-01 00:00:00,2024-12-31 00:00:00,2022-01-01 00:00:00,0.875,0.64,0.963,0.72,0.936,0.911,1948,6680,1094,74
2025-09-11 11:10:02,France_level_4_final,k-Nearest Neighbors,Month+5,0.12,2005-01-01 00:00:00,2024-12-31 00:00:00,2022-01-01 00:00:00,0.843,0.604,0.935,0.674,0.914,0.889,1866,6577,1223,130
2025-09-11 11:10:02,France_level_4_final,k-Nearest Neighbors,Month+6,0.25,2005-01-01 00:00:00,2024-12-31 00:00:00,2022-01-01 00:00:00,0.829,0.638,0.896,0.683,0.896,0.884,1770,6815,1006,205
2025-09-11 12:34:54,France_level_4_final,SVC (RBF Kernel),Month+1,0.05,2005-01-01 00:00:00,2024-12-31 00:00:00,2022-01-01 00:00:00,0.964,0.844,1.0,0.894,0.991,0.973,2208,7180,408,0
2025-09-11 12:34:54,France_level_4_final,SVC (RBF Kernel),Month+2,0.05,2005-01-01 00:00:00,2024-12-31 00:00:00,2022-01-01 00:00:00,0.954,0.81,0.999,0.869,0.981,0.967,2116,7180,497,3
2025-09-11 12:34:54,France_level_4_final,SVC (RBF Kernel),Month+3,0.05,2005-01-01 00:00:00,2024-12-31 00:00:00,2022-01-01 00:00:00,0.935,0.779,0.984,0.839,0.966,0.955,2025,7163,575,33
2025-09-11 12:34:54,France_level_4_final,SVC (RBF Kernel),Month+4,0.07,2005-01-01 00:00:00,2024-12-31 00:00:00,2022-01-01 00:00:00,0.914,0.754,0.966,0.811,0.952,0.942,1953,7136,638,69
2025-09-11 12:34:54,France_level_4_final,SVC (RBF Kernel),Month+5,0.1,2005-01-01 00:00:00,2024-12-31 00:00:00,2022-01-01 00:00:00,0.884,0.719,0.937,0.769,0.939,0.922,1871,7068,732,125
2025-09-11 12:34:54,France_level_4_final,SVC (RBF Kernel),Month+6,0.21,2005-01-01 00:00:00,2024-12-31 00:00:00,2022-01-01 00:00:00,0.847,0.693,0.897,0.728,0.93,0.898,1771,7037,784,204
2025-09-11 12:35:24,France_level_4_final,XGBoost,Month+1,0.22,2005-01-01 00:00:00,2024-12-31 00:00:00,2022-01-01 00:00:00,0.965,0.848,1.0,0.896,0.993,0.974,2208,7191,397,0
2025-09-11 12:35:24,France_level_4_final,XGBoost,Month+2,0.24,2005-01-01 00:00:00,2024-12-31 00:00:00,2022-01-01 00:00:00,0.946,0.781,0.999,0.848,0.985,0.961,2116,7082,595,3
2025-09-11 12:35:24,France_level_4_final,XGBoost,Month+3,0.35,2005-01-01 00:00:00,2024-12-31 00:00:00,2022-01-01 00:00:00,0.927,0.751,0.984,0.819,0.971,0.949,2025,7068,670,33
2025-09-11 12:35:24,France_level_4_final,XGBoost,Month+4,0.49,2005-01-01 00:00:00,2024-12-31 00:00:00,2022-01-01 00:00:00,0.907,0.741,0.96,0.798,0.961,0.936,1941,7097,677,81
2025-09-11 12:35:24,France_level_4_final,XGBoost,Month+5,0.62,2005-01-01 00:00:00,2024-12-31 00:00:00,2022-01-01 00:00:00,0.884,0.72,0.937,0.77,0.946,0.922,1870,7072,728,126
2025-09-11 12:35:24,France_level_4_final,XGBoost,Month+6,0.74,2005-01-01 00:00:00,2024-12-31 00:00:00,2022-01-01 00:00:00,0.85,0.689,0.903,0.728,0.933,0.9,1784,7015,806,191
2025-09-11 12:49:30,France_level_4_final,Logistic Regression,Month+1,0.93,2005-01-01 00:00:00,2024-12-31 00:00:00,2022-01-01 00:00:00,0.976,0.922,0.99,0.942,0.991,0.983,2186,7402,186,22
2025-09-11 12:49:30,France_level_4_final,Logistic Regression,Month+2,0.91,2005-01-01 00:00:00,2024-12-31 00:00:00,2022-01-01 00:00:00,0.966,0.877,0.991,0.913,0.979,0.976,2099,7383,294,20
2025-09-11 12:49:30,France_level_4_final,Logistic Regression,Month+3,0.89,2005-01-01 00:00:00,2024-12-31 00:00:00,2022-01-01 00:00:00,0.948,0.837,0.981,0.88,0.962,0.965,2018,7346,392,40
2025-09-11 12:49:30,France_level_4_final,Logistic Regression,Month+4,0.88,2005-01-01 00:00:00,2024-12-31 00:00:00,2022-01-01 00:00:00,0.919,0.797,0.955,0.837,0.946,0.946,1932,7281,493,90
2025-09-11 12:49:30,France_level_4_final,Logistic Regression,Month+5,0.84,2005-01-01 00:00:00,2024-12-31 00:00:00,2022-01-01 00:00:00,0.883,0.74,0.928,0.78,0.934,0.922,1853,7149,651,143
2025-09-11 12:49:30,France_level_4_final,Logistic Regression,Month+6,0.86,2005-01-01 00:00:00,2024-12-31 00:00:00,2022-01-01 00:00:00,0.848,0.693,0.898,0.728,0.922,0.899,1773,7034,787,202
2025-09-11 13:18:02,France_level_4_final,Gradient Boosting,Month+1,0.05,2005-01-01 00:00:00,2024-12-31 00:00:00,2022-01-01 00:00:00,0.975,0.888,1.0,0.925,0.991,0.982,2208,7309,279,0
2025-09-11 13:18:02,France_level_4_final,Gradient Boosting,Month+2,0.05,2005-01-01 00:00:00,2024-12-31 00:00:00,2022-01-01 00:00:00,0.956,0.817,0.999,0.875,0.986,0.968,2116,7204,473,3
2025-09-11 13:18:02,France_level_4_final,Gradient Boosting,Month+3,0.06,2005-01-01 00:00:00,2024-12-31 00:00:00,2022-01-01 00:00:00,0.933,0.775,0.983,0.836,0.968,0.954,2024,7149,589,34
2025-09-11 13:18:02,France_level_4_final,Gradient Boosting,Month+4,0.09,2005-01-01 00:00:00,2024-12-31 00:00:00,2022-01-01 00:00:00,0.9,0.723,0.959,0.784,0.953,0.932,1939,7032,742,83
2025-09-11 13:18:02,France_level_4_final,Gradient Boosting,Month+5,0.18,2005-01-01 00:00:00,2024-12-31 00:00:00,2022-01-01 00:00:00,0.874,0.712,0.926,0.758,0.934,0.915,1848,7054,746,148
2025-09-11 13:18:02,France_level_4_final,Gradient Boosting,Month+6,0.25,2005-01-01 00:00:00,2024-12-31 00:00:00,2022-01-01 00:00:00,0.845,0.685,0.898,0.722,0.922,0.897,1773,7006,815,202
2025-09-11 13:23:58,France_level_4_final,AdaBoost,Month+1,0.53,2005-01-01 00:00:00,2024-12-31 00:00:00,2022-01-01 00:00:00,0.992,0.96,1.0,0.974,0.993,0.994,2208,7496,92,0
2025-09-11 13:23:58,France_level_4_final,AdaBoost,Month+2,0.48,2005-01-01 00:00:00,2024-12-31 00:00:00,2022-01-01 00:00:00,0.981,0.916,0.999,0.944,0.983,0.987,2116,7483,194,3
2025-09-11 13:23:58,France_level_4_final,AdaBoost,Month+3,0.5,2005-01-01 00:00:00,2024-12-31 00:00:00,2022-01-01 00:00:00,0.961,0.88,0.983,0.911,0.963,0.974,2024,7462,276,34
2025-09-11 13:23:58,France_level_4_final,AdaBoost,Month+4,0.49,2005-01-01 00:00:00,2024-12-31 00:00:00,2022-01-01 00:00:00,0.93,0.84,0.955,0.867,0.943,0.954,1932,7406,368,90
2025-09-11 13:23:58,France_level_4_final,AdaBoost,Month+5,0.49,2005-01-01 00:00:00,2024-12-31 00:00:00,2022-01-01 00:00:00,0.895,0.8,0.922,0.82,0.926,0.931,1840,7340,460,156
2025-09-11 13:23:58,France_level_4_final,AdaBoost,Month+6,0.49,2005-01-01 00:00:00,2024-12-31 00:00:00,2022-01-01 00:00:00,0.857,0.76,0.885,0.771,0.911,0.907,1748,7269,552,227
2025-09-11 13:24:46,France_level_4_final,Hist Gradient Boosting,Month+1,0.05,2005-01-01 00:00:00,2024-12-31 00:00:00,2022-01-01 00:00:00,0.975,0.888,1.0,0.925,0.993,0.982,2208,7309,279,0
2025-09-11 13:24:46,France_level_4_final,Hist Gradient Boosting,Month+2,0.05,2005-01-01 00:00:00,2024-12-31 00:00:00,2022-01-01 00:00:00,0.964,0.845,0.999,0.895,0.985,0.974,2116,7290,387,3
2025-09-11 13:24:46,France_level_4_final,Hist Gradient Boosting,Month+3,0.05,2005-01-01 00:00:00,2024-12-31 00:00:00,2022-01-01 00:00:00,0.936,0.783,0.983,0.842,0.972,0.956,2024,7178,560,34
2025-09-11 13:24:46,France_level_4_final,Hist Gradient Boosting,Month+4,0.05,2005-01-01 00:00:00,2024-12-31 00:00:00,2022-01-01 00:00:00,0.906,0.726,0.965,0.789,0.961,0.935,1952,7036,738,70
2025-09-11 13:24:46,France_level_4_final,Hist Gradient Boosting,Month+5,0.07,2005-01-01 00:00:00,2024-12-31 00:00:00,2022-01-01 00:00:00,0.868,0.67,0.937,0.73,0.943,0.909,1870,6877,923,126
2025-09-11 13:24:46,France_level_4_final,Hist Gradient Boosting,Month+6,0.15,2005-01-01 00:00:00,2024-12-31 00:00:00,2022-01-01 00:00:00,0.84,0.648,0.908,0.698,0.928,0.892,1793,6845,976,182
2025-09-11 13:26:07,France_level_4_final,CatBoost,Month+1,0.76,2005-01-01 00:00:00,2024-12-31 00:00:00,2022-01-01 00:00:00,0.992,0.959,1.0,0.973,0.992,0.994,2208,7494,94,0
2025-09-11 13:26:07,France_level_4_final,CatBoost,Month+2,0.53,2005-01-01 00:00:00,2024-12-31 00:00:00,2022-01-01 00:00:00,0.97,0.871,0.999,0.913,0.981,0.979,2116,7364,313,3
2025-09-11 13:26:07,France_level_4_final,CatBoost,Month+3,0.52,2005-01-01 00:00:00,2024-12-31 00:00:00,2022-01-01 00:00:00,0.948,0.828,0.983,0.875,0.967,0.965,2024,7318,420,34
2025-09-11 13:26:07,France_level_4_final,CatBoost,Month+4,0.52,2005-01-01 00:00:00,2024-12-31 00:00:00,2022-01-01 00:00:00,0.912,0.767,0.957,0.816,0.952,0.941,1935,7186,588,87
2025-09-11 13:26:07,France_level_4_final,CatBoost,Month+5,0.59,2005-01-01 00:00:00,2024-12-31 00:00:00,2022-01-01 00:00:00,0.873,0.704,0.928,0.753,0.94,0.914,1853,7020,780,143
2025-09-11 13:26:07,France_level_4_final,CatBoost,Month+6,0.61,2005-01-01 00:00:00,2024-12-31 00:00:00,2022-01-01 00:00:00,0.841,0.652,0.907,0.701,0.929,0.892,1791,6865,956,184
2025-09-11 15:40:07,France_level_4_final,Ensemble (mean weight) using 2 models,Month+1,0.33,2005-01-01 00:00:00,2024-12-31 00:00:00,2022-01-01 00:00:00,0.97,0.866,1.0,0.909,0.992,0.977,2208,7245,343,0
2025-09-11 15:40:07,France_level_4_final,Ensemble (mean weight) using 2 models,Month+2,0.41,2005-01-01 00:00:00,2024-12-31 00:00:00,2022-01-01 00:00:00,0.963,0.845,0.999,0.895,0.981,0.974,2116,7288,389,3
2025-09-11 15:40:07,France_level_4_final,Ensemble (mean weight) using 2 models,Month+3,0.45,2005-01-01 00:00:00,2024-12-31 00:00:00,2022-01-01 00:00:00,0.948,0.83,0.983,0.876,0.966,0.965,2024,7323,415,34
2025-09-11 15:40:07,France_level_4_final,Ensemble (mean weight) using 2 models,Month+4,0.49,2005-01-01 00:00:00,2024-12-31 00:00:00,2022-01-01 00:00:00,0.918,0.789,0.957,0.832,0.951,0.945,1935,7256,518,87
2025-09-11 15:40:07,France_level_4_final,Ensemble (mean weight) using 2 models,Month+5,0.51,2005-01-01 00:00:00,2024-12-31 00:00:00,2022-01-01 00:00:00,0.877,0.719,0.928,0.764,0.939,0.918,1852,7076,724,144
2025-09-11 15:40:07,France_level_4_final,Ensemble (mean weight) using 2 models,Month+6,0.51,2005-01-01 00:00:00,2024-12-31 00:00:00,2022-01-01 00:00:00,0.846,0.663,0.908,0.711,0.928,0.896,1794,6910,911,181
2025-09-11 18:01:37,France_level_4_final,Ensemble (mean weight) using 3 models,Month+1,0.39,2005-01-01 00:00:00,2024-12-31 00:00:00,2022-01-01 00:00:00,0.968,0.86,1.0,0.905,0.993,0.976,2208,7228,360,0
2025-09-11 18:01:37,France_level_4_final,Ensemble (mean weight) using 3 models,Month+2,0.47,2005-01-01 00:00:00,2024-12-31 00:00:00,2022-01-01 00:00:00,0.96,0.833,0.999,0.886,0.982,0.972,2116,7252,425,3
2025-09-11 18:01:37,France_level_4_final,Ensemble (mean weight) using 3 models,Month+3,0.52,2005-01-01 00:00:00,2024-12-31 00:00:00,2022-01-01 00:00:00,0.944,0.814,0.983,0.864,0.967,0.962,2024,7274,464,34
2025-09-11 18:01:37,France_level_4_final,Ensemble (mean weight) using 3 models,Month+4,0.54,2005-01-01 00:00:00,2024-12-31 00:00:00,2022-01-01 00:00:00,0.915,0.771,0.959,0.82,0.952,0.943,1940,7197,577,82
2025-09-11 18:01:37,France_level_4_final,Ensemble (mean weight) using 3 models,Month+5,0.59,2005-01-01 00:00:00,2024-12-31 00:00:00,2022-01-01 00:00:00,0.878,0.716,0.931,0.763,0.939,0.918,1859,7061,739,137
2025-09-11 18:01:37,France_level_4_final,Ensemble (mean weight) using 3 models,Month+6,0.62,2005-01-01 00:00:00,2024-12-31 00:00:00,2022-01-01 00:00:00,0.845,0.662,0.908,0.71,0.928,0.896,1794,6905,916,181
2025-09-11 20:39:04,France_level_4_final,Ensemble (mean weight) using 4 models,Month+1,0.3,2005-01-01 00:00:00,2024-12-31 00:00:00,2022-01-01 00:00:00,0.975,0.887,1.0,0.925,0.993,0.982,2208,7308,280,0
2025-09-11 20:39:04,France_level_4_final,Ensemble (mean weight) using 4 models,Month+2,0.31,2005-01-01 00:00:00,2024-12-31 00:00:00,2022-01-01 00:00:00,0.96,0.831,0.999,0.885,0.983,0.971,2116,7246,431,3
2025-09-11 20:39:04,France_level_4_final,Ensemble (mean weight) using 4 models,Month+3,0.34,2005-01-01 00:00:00,2024-12-31 00:00:00,2022-01-01 00:00:00,0.941,0.802,0.983,0.856,0.967,0.959,2024,7239,499,34
2025-09-11 20:39:04,France_level_4_final,Ensemble (mean weight) using 4 models,Month+4,0.45,2005-01-01 00:00:00,2024-12-31 00:00:00,2022-01-01 00:00:00,0.914,0.777,0.955,0.823,0.953,0.942,1932,7221,553,90
2025-09-11 20:39:04,France_level_4_final,Ensemble (mean weight) using 4 models,Month+5,0.47,2005-01-01 00:00:00,2024-12-31 00:00:00,2022-01-01 00:00:00,0.876,0.715,0.929,0.761,0.938,0.917,1854,7060,740,142
2025-09-11 20:39:04,France_level_4_final,Ensemble (mean weight) using 4 models,Month+6,0.51,2005-01-01 00:00:00,2024-12-31 00:00:00,2022-01-01 00:00:00,0.843,0.665,0.903,0.709,0.927,0.894,1784,6923,898,191
2025-09-11 23:16:48,France_level_4_final,Ensemble (mean weight) using 5 models,Month+1,0.300,2005-01-01 00:00:00,2024-12-31 00:00:00,2022-01-01 00:00:00,0.976,0.889,1.000,0.926,0.993,0.982,2208,7312,276,0
2025-09-11 23:16:48,France_level_4_final,Ensemble (mean weight) using 5 models,Month+2,0.320,2005-01-01 00:00:00,2024-12-31 00:00:00,2022-01-01 00:00:00,0.960,0.832,0.999,0.885,0.983,0.971,2116,7249,428,3
2025-09-11 23:16:48,France_level_4_final,Ensemble (mean weight) using 5 models,Month+3,0.410,2005-01-01 00:00:00,2024-12-31 00:00:00,2022-01-01 00:00:00,0.943,0.809,0.983,0.861,0.968,0.961,2024,7260,478,34
2025-09-11 23:16:48,France_level_4_final,Ensemble (mean weight) using 5 models,Month+4,0.460,2005-01-01 00:00:00,2024-12-31 00:00:00,2022-01-01 00:00:00,0.914,0.776,0.956,0.822,0.955,0.942,1934,7217,557,88
2025-09-11 23:16:48,France_level_4_final,Ensemble (mean weight) using 5 models,Month+5,0.490,2005-01-01 00:00:00,2024-12-31 00:00:00,2022-01-01 00:00:00,0.877,0.711,0.931,0.760,0.940,0.917,1859,7043,757,137
2025-09-11 23:16:48,France_level_4_final,Ensemble (mean weight) using 5 models,Month+6,0.500,2005-01-01 00:00:00,2024-12-31 00:00:00,2022-01-01 00:00:00,0.843,0.656,0.908,0.704,0.929,0.894,1793,6880,941,182
2025-09-11 11:11:40,Greece_level_1_final,k-Nearest Neighbors,Month+1,0.7,2005-01-01 00:00:00,2024-12-31 00:00:00,2022-01-01 00:00:00,1.0,1.0,1.0,0.0,,0.5,31,0,0,0
2025-09-11 11:11:40,Greece_level_1_final,k-Nearest Neighbors,Month+2,0.69,2005-01-01 00:00:00,2024-12-31 00:00:00,2022-01-01 00:00:00,1.0,1.0,1.0,0.0,,0.5,31,0,0,0
2025-09-11 11:11:40,Greece_level_1_final,k-Nearest Neighbors,Month+3,0.67,2005-01-01 00:00:00,2024-12-31 00:00:00,2022-01-01 00:00:00,1.0,1.0,1.0,0.0,,0.5,31,0,0,0
2025-09-11 11:11:40,Greece_level_1_final,k-Nearest Neighbors,Month+4,0.54,2005-01-01 00:00:00,2024-12-31 00:00:00,2022-01-01 00:00:00,1.0,1.0,1.0,0.0,,0.5,31,0,0,0
2025-09-11 11:11:40,Greece_level_1_final,k-Nearest Neighbors,Month+5,0.54,2005-01-01 00:00:00,2024-12-31 00:00:00,2022-01-01 00:00:00,1.0,1.0,1.0,0.0,,0.5,31,0,0,0
2025-09-11 11:11:40,Greece_level_1_final,k-Nearest Neighbors,Month+6,0.54,2005-01-01 00:00:00,2024-12-31 00:00:00,2022-01-01 00:00:00,1.0,1.0,1.0,0.0,,0.5,31,0,0,0
2025-09-11 11:11:40,Greece_level_1_final,SVC (RBF Kernel),Month+1,0.9,2005-01-01 00:00:00,2024-12-31 00:00:00,2022-01-01 00:00:00,1.0,1.0,1.0,0.0,,0.5,31,0,0,0
2025-09-11 11:11:40,Greece_level_1_final,SVC (RBF Kernel),Month+2,0.89,2005-01-01 00:00:00,2024-12-31 00:00:00,2022-01-01 00:00:00,1.0,1.0,1.0,0.0,,0.5,31,0,0,0
2025-09-11 11:11:40,Greece_level_1_final,SVC (RBF Kernel),Month+3,0.87,2005-01-01 00:00:00,2024-12-31 00:00:00,2022-01-01 00:00:00,1.0,1.0,1.0,0.0,,0.5,31,0,0,0
2025-09-11 11:11:40,Greece_level_1_final,SVC (RBF Kernel),Month+4,0.8,2005-01-01 00:00:00,2024-12-31 00:00:00,2022-01-01 00:00:00,1.0,1.0,1.0,0.0,,0.5,31,0,0,0
2025-09-11 11:11:40,Greece_level_1_final,SVC (RBF Kernel),Month+5,0.78,2005-01-01 00:00:00,2024-12-31 00:00:00,2022-01-01 00:00:00,1.0,1.0,1.0,0.0,,0.5,31,0,0,0
2025-09-11 11:11:40,Greece_level_1_final,SVC (RBF Kernel),Month+6,0.79,2005-01-01 00:00:00,2024-12-31 00:00:00,2022-01-01 00:00:00,1.0,1.0,1.0,0.0,,0.5,31,0,0,0
2025-09-11 11:11:43,Greece_level_1_final,XGBoost,Month+1,0.95,2005-01-01 00:00:00,2024-12-31 00:00:00,2022-01-01 00:00:00,1.0,1.0,1.0,0.0,,0.5,31,0,0,0
2025-09-11 11:11:43,Greece_level_1_final,XGBoost,Month+2,0.9,2005-01-01 00:00:00,2024-12-31 00:00:00,2022-01-01 00:00:00,1.0,1.0,1.0,0.0,,0.5,31,0,0,0
2025-09-11 11:11:43,Greece_level_1_final,XGBoost,Month+3,0.48,2005-01-01 00:00:00,2024-12-31 00:00:00,2022-01-01 00:00:00,1.0,1.0,1.0,0.0,,0.5,31,0,0,0
2025-09-11 11:11:43,Greece_level_1_final,XGBoost,Month+4,0.37,2005-01-01 00:00:00,2024-12-31 00:00:00,2022-01-01 00:00:00,1.0,1.0,1.0,0.0,,0.5,31,0,0,0
2025-09-11 11:11:43,Greece_level_1_final,XGBoost,Month+5,0.26,2005-01-01 00:00:00,2024-12-31 00:00:00,2022-01-01 00:00:00,1.0,1.0,1.0,0.0,,0.5,31,0,0,0
2025-09-11 11:11:43,Greece_level_1_final,XGBoost,Month+6,0.18,2005-01-01 00:00:00,2024-12-31 00:00:00,2022-01-01 00:00:00,1.0,1.0,1.0,0.0,,0.5,31,0,0,0
2025-09-11 11:11:44,Greece_level_1_final,Logistic Regression,Month+1,0.78,2005-01-01 00:00:00,2024-12-31 00:00:00,2022-01-01 00:00:00,0.839,1.0,0.806,0.0,,0.5,25,0,0,6
2025-09-11 11:11:44,Greece_level_1_final,Logistic Regression,Month+2,0.32,2005-01-01 00:00:00,2024-12-31 00:00:00,2022-01-01 00:00:00,1.0,1.0,1.0,0.0,,0.5,31,0,0,0
2025-09-11 11:11:44,Greece_level_1_final,Logistic Regression,Month+3,0.09,2005-01-01 00:00:00,2024-12-31 00:00:00,2022-01-01 00:00:00,1.0,1.0,1.0,0.0,,0.5,31,0,0,0
2025-09-11 11:11:44,Greece_level_1_final,Logistic Regression,Month+4,0.05,2005-01-01 00:00:00,2024-12-31 00:00:00,2022-01-01 00:00:00,1.0,1.0,1.0,0.0,,0.5,31,0,0,0
2025-09-11 11:11:44,Greece_level_1_final,Logistic Regression,Month+5,0.06,2005-01-01 00:00:00,2024-12-31 00:00:00,2022-01-01 00:00:00,1.0,1.0,1.0,0.0,,0.5,31,0,0,0
2025-09-11 11:11:44,Greece_level_1_final,Logistic Regression,Month+6,0.09,2005-01-01 00:00:00,2024-12-31 00:00:00,2022-01-01 00:00:00,0.974,1.0,0.968,0.0,,0.5,30,0,0,1
2025-09-11 11:11:49,Greece_level_1_final,Gradient Boosting,Month+1,0.91,2005-01-01 00:00:00,2024-12-31 00:00:00,2022-01-01 00:00:00,1.0,1.0,1.0,0.0,,0.5,31,0,0,0
2025-09-11 11:11:49,Greece_level_1_final,Gradient Boosting,Month+2,0.45,2005-01-01 00:00:00,2024-12-31 00:00:00,2022-01-01 00:00:00,1.0,1.0,1.0,0.0,,0.5,31,0,0,0
2025-09-11 11:11:49,Greece_level_1_final,Gradient Boosting,Month+3,0.06,2005-01-01 00:00:00,2024-12-31 00:00:00,2022-01-01 00:00:00,1.0,1.0,1.0,0.0,,0.5,31,0,0,0
2025-09-11 11:11:49,Greece_level_1_final,Gradient Boosting,Month+4,0.06,2005-01-01 00:00:00,2024-12-31 00:00:00,2022-01-01 00:00:00,1.0,1.0,1.0,0.0,,0.5,31,0,0,0
2025-09-11 11:11:49,Greece_level_1_final,Gradient Boosting,Month+5,0.27,2005-01-01 00:00:00,2024-12-31 00:00:00,2022-01-01 00:00:00,0.894,1.0,0.871,0.0,,0.5,27,0,0,4
2025-09-11 11:11:49,Greece_level_1_final,Gradient Boosting,Month+6,0.14,2005-01-01 00:00:00,2024-12-31 00:00:00,2022-01-01 00:00:00,1.0,1.0,1.0,0.0,,0.5,31,0,0,0
2025-09-11 11:11:51,Greece_level_1_final,AdaBoost,Month+1,0.44,2005-01-01 00:00:00,2024-12-31 00:00:00,2022-01-01 00:00:00,1.0,1.0,1.0,0.0,,0.5,31,0,0,0
2025-09-11 11:11:51,Greece_level_1_final,AdaBoost,Month+2,0.46,2005-01-01 00:00:00,2024-12-31 00:00:00,2022-01-01 00:00:00,1.0,1.0,1.0,0.0,,0.5,31,0,0,0
2025-09-11 11:11:51,Greece_level_1_final,AdaBoost,Month+3,0.46,2005-01-01 00:00:00,2024-12-31 00:00:00,2022-01-01 00:00:00,1.0,1.0,1.0,0.0,,0.5,31,0,0,0
2025-09-11 11:11:51,Greece_level_1_final,AdaBoost,Month+4,0.4,2005-01-01 00:00:00,2024-12-31 00:00:00,2022-01-01 00:00:00,1.0,1.0,1.0,0.0,,0.5,31,0,0,0
2025-09-11 11:11:51,Greece_level_1_final,AdaBoost,Month+5,0.38,2005-01-01 00:00:00,2024-12-31 00:00:00,2022-01-01 00:00:00,1.0,1.0,1.0,0.0,,0.5,31,0,0,0
2025-09-11 11:11:51,Greece_level_1_final,AdaBoost,Month+6,0.39,2005-01-01 00:00:00,2024-12-31 00:00:00,2022-01-01 00:00:00,1.0,1.0,1.0,0.0,,0.5,31,0,0,0
2025-09-11 11:11:52,Greece_level_1_final,Hist Gradient Boosting,Month+1,0.9,2005-01-01 00:00:00,2024-12-31 00:00:00,2022-01-01 00:00:00,0.921,1.0,0.903,0.0,,0.5,28,0,0,3
2025-09-11 11:11:52,Greece_level_1_final,Hist Gradient Boosting,Month+2,0.73,2005-01-01 00:00:00,2024-12-31 00:00:00,2022-01-01 00:00:00,0.974,1.0,0.968,0.0,,0.5,30,0,0,1
2025-09-11 11:11:52,Greece_level_1_final,Hist Gradient Boosting,Month+3,0.56,2005-01-01 00:00:00,2024-12-31 00:00:00,2022-01-01 00:00:00,0.974,1.0,0.968,0.0,,0.5,30,0,0,1
2025-09-11 11:11:52,Greece_level_1_final,Hist Gradient Boosting,Month+4,0.68,2005-01-01 00:00:00,2024-12-31 00:00:00,2022-01-01 00:00:00,0.603,1.0,0.548,0.0,,0.5,17,0,0,14
2025-09-11 11:11:52,Greece_level_1_final,Hist Gradient Boosting,Month+5,0.52,2005-01-01 00:00:00,2024-12-31 00:00:00,2022-01-01 00:00:00,0.753,1.0,0.71,0.0,,0.5,22,0,0,9
2025-09-11 11:11:52,Greece_level_1_final,Hist Gradient Boosting,Month+6,0.35,2005-01-01 00:00:00,2024-12-31 00:00:00,2022-01-01 00:00:00,0.867,1.0,0.839,0.0,,0.5,26,0,0,5
2025-09-11 11:12:08,Greece_level_1_final,CatBoost,Month+1,0.94,2005-01-01 00:00:00,2024-12-31 00:00:00,2022-01-01 00:00:00,0.921,1.0,0.903,0.0,,0.5,28,0,0,3
2025-09-11 11:12:08,Greece_level_1_final,CatBoost,Month+2,0.79,2005-01-01 00:00:00,2024-12-31 00:00:00,2022-01-01 00:00:00,0.782,1.0,0.742,0.0,,0.5,23,0,0,8
2025-09-11 11:12:08,Greece_level_1_final,CatBoost,Month+3,0.32,2005-01-01 00:00:00,2024-12-31 00:00:00,2022-01-01 00:00:00,0.974,1.0,0.968,0.0,,0.5,30,0,0,1
2025-09-11 11:12:08,Greece_level_1_final,CatBoost,Month+4,0.09,2005-01-01 00:00:00,2024-12-31 00:00:00,2022-01-01 00:00:00,1.0,1.0,1.0,0.0,,0.5,31,0,0,0
2025-09-11 11:12:08,Greece_level_1_final,CatBoost,Month+5,0.07,2005-01-01 00:00:00,2024-12-31 00:00:00,2022-01-01 00:00:00,1.0,1.0,1.0,0.0,,0.5,31,0,0,0
2025-09-11 11:12:08,Greece_level_1_final,CatBoost,Month+6,0.05,2005-01-01 00:00:00,2024-12-31 00:00:00,2022-01-01 00:00:00,1.0,1.0,1.0,0.0,,0.5,31,0,0,0
2025-09-11 11:12:39,Greece_level_1_final,Ensemble (mean weight) using 2 models,Month+1,0.05,2005-01-01 00:00:00,2024-12-31 00:00:00,2022-01-01 00:00:00,1.0,1.0,1.0,0.0,,0.5,31,0,0,0
2025-09-11 11:12:39,Greece_level_1_final,Ensemble (mean weight) using 2 models,Month+2,0.05,2005-01-01 00:00:00,2024-12-31 00:00:00,2022-01-01 00:00:00,1.0,1.0,1.0,0.0,,0.5,31,0,0,0
2025-09-11 11:12:39,Greece_level_1_final,Ensemble (mean weight) using 2 models,Month+3,0.05,2005-01-01 00:00:00,2024-12-31 00:00:00,2022-01-01 00:00:00,1.0,1.0,1.0,0.0,,0.5,31,0,0,0
2025-09-11 11:12:39,Greece_level_1_final,Ensemble (mean weight) using 2 models,Month+4,0.05,2005-01-01 00:00:00,2024-12-31 00:00:00,2022-01-01 00:00:00,1.0,1.0,1.0,0.0,,0.5,31,0,0,0
2025-09-11 11:12:39,Greece_level_1_final,Ensemble (mean weight) using 2 models,Month+5,0.05,2005-01-01 00:00:00,2024-12-31 00:00:00,2022-01-01 00:00:00,1.0,1.0,1.0,0.0,,0.5,31,0,0,0
2025-09-11 11:12:39,Greece_level_1_final,Ensemble (mean weight) using 2 models,Month+6,0.05,2005-01-01 00:00:00,2024-12-31 00:00:00,2022-01-01 00:00:00,1.0,1.0,1.0,0.0,,0.5,31,0,0,0
2025-09-11 11:13:13,Greece_level_1_final,Ensemble (mean weight) using 3 models,Month+1,0.05,2005-01-01 00:00:00,2024-12-31 00:00:00,2022-01-01 00:00:00,1.0,1.0,1.0,0.0,,0.5,31,0,0,0
2025-09-11 11:13:13,Greece_level_1_final,Ensemble (mean weight) using 3 models,Month+2,0.05,2005-01-01 00:00:00,2024-12-31 00:00:00,2022-01-01 00:00:00,1.0,1.0,1.0,0.0,,0.5,31,0,0,0
2025-09-11 11:13:13,Greece_level_1_final,Ensemble (mean weight) using 3 models,Month+3,0.05,2005-01-01 00:00:00,2024-12-31 00:00:00,2022-01-01 00:00:00,1.0,1.0,1.0,0.0,,0.5,31,0,0,0
2025-09-11 11:13:13,Greece_level_1_final,Ensemble (mean weight) using 3 models,Month+4,0.05,2005-01-01 00:00:00,2024-12-31 00:00:00,2022-01-01 00:00:00,1.0,1.0,1.0,0.0,,0.5,31,0,0,0
2025-09-11 11:13:13,Greece_level_1_final,Ensemble (mean weight) using 3 models,Month+5,0.05,2005-01-01 00:00:00,2024-12-31 00:00:00,2022-01-01 00:00:00,1.0,1.0,1.0,0.0,,0.5,31,0,0,0
2025-09-11 11:13:13,Greece_level_1_final,Ensemble (mean weight) using 3 models,Month+6,0.05,2005-01-01 00:00:00,2024-12-31 00:00:00,2022-01-01 00:00:00,1.0,1.0,1.0,0.0,,0.5,31,0,0,0
2025-09-11 11:13:50,Greece_level_1_final,Ensemble (mean weight) using 4 models,Month+1,0.05,2005-01-01 00:00:00,2024-12-31 00:00:00,2022-01-01 00:00:00,1.0,1.0,1.0,0.0,,0.5,31,0,0,0
2025-09-11 11:13:50,Greece_level_1_final,Ensemble (mean weight) using 4 models,Month+2,0.05,2005-01-01 00:00:00,2024-12-31 00:00:00,2022-01-01 00:00:00,1.0,1.0,1.0,0.0,,0.5,31,0,0,0
2025-09-11 11:13:50,Greece_level_1_final,Ensemble (mean weight) using 4 models,Month+3,0.05,2005-01-01 00:00:00,2024-12-31 00:00:00,2022-01-01 00:00:00,1.0,1.0,1.0,0.0,,0.5,31,0,0,0
2025-09-11 11:13:50,Greece_level_1_final,Ensemble (mean weight) using 4 models,Month+4,0.05,2005-01-01 00:00:00,2024-12-31 00:00:00,2022-01-01 00:00:00,1.0,1.0,1.0,0.0,,0.5,31,0,0,0
2025-09-11 11:13:50,Greece_level_1_final,Ensemble (mean weight) using 4 models,Month+5,0.05,2005-01-01 00:00:00,2024-12-31 00:00:00,2022-01-01 00:00:00,1.0,1.0,1.0,0.0,,0.5,31,0,0,0
2025-09-11 11:13:50,Greece_level_1_final,Ensemble (mean weight) using 4 models,Month+6,0.05,2005-01-01 00:00:00,2024-12-31 00:00:00,2022-01-01 00:00:00,1.0,1.0,1.0,0.0,,0.5,31,0,0,0
2025-09-11 11:14:29,Greece_level_1_final,Ensemble (mean weight) using 5 models,Month+1,0.05,2005-01-01 00:00:00,2024-12-31 00:00:00,2022-01-01 00:00:00,1.0,1.0,1.0,0.0,,0.5,31,0,0,0
2025-09-11 11:14:29,Greece_level_1_final,Ensemble (mean weight) using 5 models,Month+2,0.05,2005-01-01 00:00:00,2024-12-31 00:00:00,2022-01-01 00:00:00,1.0,1.0,1.0,0.0,,0.5,31,0,0,0
2025-09-11 11:14:29,Greece_level_1_final,Ensemble (mean weight) using 5 models,Month+3,0.05,2005-01-01 00:00:00,2024-12-31 00:00:00,2022-01-01 00:00:00,1.0,1.0,1.0,0.0,,0.5,31,0,0,0
2025-09-11 11:14:29,Greece_level_1_final,Ensemble (mean weight) using 5 models,Month+4,0.05,2005-01-01 00:00:00,2024-12-31 00:00:00,2022-01-01 00:00:00,1.0,1.0,1.0,0.0,,0.5,31,0,0,0
2025-09-11 11:14:29,Greece_level_1_final,Ensemble (mean weight) using 5 models,Month+5,0.05,2005-01-01 00:00:00,2024-12-31 00:00:00,2022-01-01 00:00:00,1.0,1.0,1.0,0.0,,0.5,31,0,0,0
2025-09-11 11:14:29,Greece_level_1_final,Ensemble (mean weight) using 5 models,Month+6,0.05,2005-01-01 00:00:00,2024-12-31 00:00:00,2022-01-01 00:00:00,1.0,1.0,1.0,0.0,,0.5,31,0,0,0
2025-09-11 11:14:30,Greece_level_2_final,k-Nearest Neighbors,Month+1,0.43,2005-01-01 00:00:00,2024-12-31 00:00:00,2022-01-01 00:00:00,1.0,1.0,1.0,0.0,,0.5,139,0,0,0
2025-09-11 11:14:30,Greece_level_2_final,k-Nearest Neighbors,Month+2,0.45,2005-01-01 00:00:00,2024-12-31 00:00:00,2022-01-01 00:00:00,1.0,1.0,1.0,0.0,,0.5,139,0,0,0
2025-09-11 11:14:30,Greece_level_2_final,k-Nearest Neighbors,Month+3,0.13,2005-01-01 00:00:00,2024-12-31 00:00:00,2022-01-01 00:00:00,1.0,1.0,1.0,0.0,,0.5,139,0,0,0
2025-09-11 11:14:30,Greece_level_2_final,k-Nearest Neighbors,Month+4,0.13,2005-01-01 00:00:00,2024-12-31 00:00:00,2022-01-01 00:00:00,1.0,1.0,1.0,0.0,,0.5,139,0,0,0
2025-09-11 11:14:30,Greece_level_2_final,k-Nearest Neighbors,Month+5,0.13,2005-01-01 00:00:00,2024-12-31 00:00:00,2022-01-01 00:00:00,1.0,1.0,1.0,0.0,,0.5,139,0,0,0
2025-09-11 11:14:30,Greece_level_2_final,k-Nearest Neighbors,Month+6,0.11,2005-01-01 00:00:00,2024-12-31 00:00:00,2022-01-01 00:00:00,1.0,1.0,1.0,0.0,,0.5,139,0,0,0
2025-09-11 11:14:33,Greece_level_2_final,SVC (RBF Kernel),Month+1,0.06,2005-01-01 00:00:00,2024-12-31 00:00:00,2022-01-01 00:00:00,1.0,1.0,1.0,0.0,,0.5,139,0,0,0
2025-09-11 11:14:33,Greece_level_2_final,SVC (RBF Kernel),Month+2,0.1,2005-01-01 00:00:00,2024-12-31 00:00:00,2022-01-01 00:00:00,1.0,1.0,1.0,0.0,,0.5,139,0,0,0
2025-09-11 11:14:33,Greece_level_2_final,SVC (RBF Kernel),Month+3,0.12,2005-01-01 00:00:00,2024-12-31 00:00:00,2022-01-01 00:00:00,1.0,1.0,1.0,0.0,,0.5,139,0,0,0
2025-09-11 11:14:33,Greece_level_2_final,SVC (RBF Kernel),Month+4,0.05,2005-01-01 00:00:00,2024-12-31 00:00:00,2022-01-01 00:00:00,1.0,1.0,1.0,0.0,,0.5,139,0,0,0
2025-09-11 11:14:33,Greece_level_2_final,SVC (RBF Kernel),Month+5,0.07,2005-01-01 00:00:00,2024-12-31 00:00:00,2022-01-01 00:00:00,1.0,1.0,1.0,0.0,,0.5,139,0,0,0
2025-09-11 11:14:33,Greece_level_2_final,SVC (RBF Kernel),Month+6,0.05,2005-01-01 00:00:00,2024-12-31 00:00:00,2022-01-01 00:00:00,1.0,1.0,1.0,0.0,,0.5,139,0,0,0
2025-09-11 11:14:39,Greece_level_2_final,XGBoost,Month+1,0.25,2005-01-01 00:00:00,2024-12-31 00:00:00,2022-01-01 00:00:00,1.0,1.0,1.0,0.0,,0.5,139,0,0,0
2025-09-11 11:14:39,Greece_level_2_final,XGBoost,Month+2,0.26,2005-01-01 00:00:00,2024-12-31 00:00:00,2022-01-01 00:00:00,1.0,1.0,1.0,0.0,,0.5,139,0,0,0
2025-09-11 11:14:39,Greece_level_2_final,XGBoost,Month+3,0.09,2005-01-01 00:00:00,2024-12-31 00:00:00,2022-01-01 00:00:00,1.0,1.0,1.0,0.0,,0.5,139,0,0,0
2025-09-11 11:14:39,Greece_level_2_final,XGBoost,Month+4,0.07,2005-01-01 00:00:00,2024-12-31 00:00:00,2022-01-01 00:00:00,1.0,1.0,1.0,0.0,,0.5,139,0,0,0
2025-09-11 11:14:39,Greece_level_2_final,XGBoost,Month+5,0.05,2005-01-01 00:00:00,2024-12-31 00:00:00,2022-01-01 00:00:00,1.0,1.0,1.0,0.0,,0.5,139,0,0,0
2025-09-11 11:14:39,Greece_level_2_final,XGBoost,Month+6,0.05,2005-01-01 00:00:00,2024-12-31 00:00:00,2022-01-01 00:00:00,1.0,1.0,1.0,0.0,,0.5,139,0,0,0
2025-09-11 11:14:54,Greece_level_2_final,Logistic Regression,Month+1,0.64,2005-01-01 00:00:00,2024-12-31 00:00:00,2022-01-01 00:00:00,0.965,1.0,0.957,0.0,,0.5,133,0,0,6
2025-09-11 11:14:54,Greece_level_2_final,Logistic Regression,Month+2,0.09,2005-01-01 00:00:00,2024-12-31 00:00:00,2022-01-01 00:00:00,0.994,1.0,0.993,0.0,,0.5,138,0,0,1
2025-09-11 11:14:54,Greece_level_2_final,Logistic Regression,Month+3,0.07,2005-01-01 00:00:00,2024-12-31 00:00:00,2022-01-01 00:00:00,1.0,1.0,1.0,0.0,,0.5,139,0,0,0
2025-09-11 11:14:54,Greece_level_2_final,Logistic Regression,Month+4,0.13,2005-01-01 00:00:00,2024-12-31 00:00:00,2022-01-01 00:00:00,1.0,1.0,1.0,0.0,,0.5,139,0,0,0
2025-09-11 11:14:54,Greece_level_2_final,Logistic Regression,Month+5,0.05,2005-01-01 00:00:00,2024-12-31 00:00:00,2022-01-01 00:00:00,0.994,1.0,0.993,0.0,,0.5,138,0,0,1
2025-09-11 11:14:54,Greece_level_2_final,Logistic Regression,Month+6,0.05,2005-01-01 00:00:00,2024-12-31 00:00:00,2022-01-01 00:00:00,1.0,1.0,1.0,0.0,,0.5,139,0,0,0
2025-09-11 11:15:30,Greece_level_2_final,Gradient Boosting,Month+1,0.06,2005-01-01 00:00:00,2024-12-31 00:00:00,2022-01-01 00:00:00,1.0,1.0,1.0,0.0,,0.5,139,0,0,0
2025-09-11 11:15:30,Greece_level_2_final,Gradient Boosting,Month+2,0.2,2005-01-01 00:00:00,2024-12-31 00:00:00,2022-01-01 00:00:00,1.0,1.0,1.0,0.0,,0.5,139,0,0,0
2025-09-11 11:15:30,Greece_level_2_final,Gradient Boosting,Month+3,0.1,2005-01-01 00:00:00,2024-12-31 00:00:00,2022-01-01 00:00:00,1.0,1.0,1.0,0.0,,0.5,139,0,0,0
2025-09-11 11:15:30,Greece_level_2_final,Gradient Boosting,Month+4,0.09,2005-01-01 00:00:00,2024-12-31 00:00:00,2022-01-01 00:00:00,1.0,1.0,1.0,0.0,,0.5,139,0,0,0
2025-09-11 11:15:30,Greece_level_2_final,Gradient Boosting,Month+5,0.05,2005-01-01 00:00:00,2024-12-31 00:00:00,2022-01-01 00:00:00,1.0,1.0,1.0,0.0,,0.5,139,0,0,0
2025-09-11 11:15:30,Greece_level_2_final,Gradient Boosting,Month+6,0.06,2005-01-01 00:00:00,2024-12-31 00:00:00,2022-01-01 00:00:00,1.0,1.0,1.0,0.0,,0.5,139,0,0,0
2025-09-11 11:15:38,Greece_level_2_final,AdaBoost,Month+1,0.41,2005-01-01 00:00:00,2024-12-31 00:00:00,2022-01-01 00:00:00,1.0,1.0,1.0,0.0,,0.5,139,0,0,0
2025-09-11 11:15:38,Greece_level_2_final,AdaBoost,Month+2,0.43,2005-01-01 00:00:00,2024-12-31 00:00:00,2022-01-01 00:00:00,1.0,1.0,1.0,0.0,,0.5,139,0,0,0
2025-09-11 11:15:38,Greece_level_2_final,AdaBoost,Month+3,0.3,2005-01-01 00:00:00,2024-12-31 00:00:00,2022-01-01 00:00:00,1.0,1.0,1.0,0.0,,0.5,139,0,0,0
2025-09-11 11:15:38,Greece_level_2_final,AdaBoost,Month+4,0.32,2005-01-01 00:00:00,2024-12-31 00:00:00,2022-01-01 00:00:00,1.0,1.0,1.0,0.0,,0.5,139,0,0,0
2025-09-11 11:15:38,Greece_level_2_final,AdaBoost,Month+5,0.34,2005-01-01 00:00:00,2024-12-31 00:00:00,2022-01-01 00:00:00,1.0,1.0,1.0,0.0,,0.5,139,0,0,0
2025-09-11 11:15:38,Greece_level_2_final,AdaBoost,Month+6,0.31,2005-01-01 00:00:00,2024-12-31 00:00:00,2022-01-01 00:00:00,1.0,1.0,1.0,0.0,,0.5,139,0,0,0
2025-09-11 11:15:42,Greece_level_2_final,Hist Gradient Boosting,Month+1,0.3,2005-01-01 00:00:00,2024-12-31 00:00:00,2022-01-01 00:00:00,1.0,1.0,1.0,0.0,,0.5,139,0,0,0
2025-09-11 11:15:42,Greece_level_2_final,Hist Gradient Boosting,Month+2,0.13,2005-01-01 00:00:00,2024-12-31 00:00:00,2022-01-01 00:00:00,1.0,1.0,1.0,0.0,,0.5,139,0,0,0
2025-09-11 11:15:42,Greece_level_2_final,Hist Gradient Boosting,Month+3,0.06,2005-01-01 00:00:00,2024-12-31 00:00:00,2022-01-01 00:00:00,1.0,1.0,1.0,0.0,,0.5,139,0,0,0
2025-09-11 11:15:42,Greece_level_2_final,Hist Gradient Boosting,Month+4,0.05,2005-01-01 00:00:00,2024-12-31 00:00:00,2022-01-01 00:00:00,1.0,1.0,1.0,0.0,,0.5,139,0,0,0
2025-09-11 11:15:42,Greece_level_2_final,Hist Gradient Boosting,Month+5,0.05,2005-01-01 00:00:00,2024-12-31 00:00:00,2022-01-01 00:00:00,1.0,1.0,1.0,0.0,,0.5,139,0,0,0
2025-09-11 11:15:42,Greece_level_2_final,Hist Gradient Boosting,Month+6,0.05,2005-01-01 00:00:00,2024-12-31 00:00:00,2022-01-01 00:00:00,1.0,1.0,1.0,0.0,,0.5,139,0,0,0
2025-09-11 11:16:05,Greece_level_2_final,CatBoost,Month+1,0.54,2005-01-01 00:00:00,2024-12-31 00:00:00,2022-01-01 00:00:00,1.0,1.0,1.0,0.0,,0.5,139,0,0,0
2025-09-11 11:16:05,Greece_level_2_final,CatBoost,Month+2,0.33,2005-01-01 00:00:00,2024-12-31 00:00:00,2022-01-01 00:00:00,1.0,1.0,1.0,0.0,,0.5,139,0,0,0
2025-09-11 11:16:05,Greece_level_2_final,CatBoost,Month+3,0.1,2005-01-01 00:00:00,2024-12-31 00:00:00,2022-01-01 00:00:00,1.0,1.0,1.0,0.0,,0.5,139,0,0,0
2025-09-11 11:16:05,Greece_level_2_final,CatBoost,Month+4,0.08,2005-01-01 00:00:00,2024-12-31 00:00:00,2022-01-01 00:00:00,1.0,1.0,1.0,0.0,,0.5,139,0,0,0
2025-09-11 11:16:05,Greece_level_2_final,CatBoost,Month+5,0.05,2005-01-01 00:00:00,2024-12-31 00:00:00,2022-01-01 00:00:00,1.0,1.0,1.0,0.0,,0.5,139,0,0,0
2025-09-11 11:16:05,Greece_level_2_final,CatBoost,Month+6,0.05,2005-01-01 00:00:00,2024-12-31 00:00:00,2022-01-01 00:00:00,1.0,1.0,1.0,0.0,,0.5,139,0,0,0
2025-09-11 11:17:57,Greece_level_2_final,Ensemble (mean weight) using 2 models,Month+1,0.34,2005-01-01 00:00:00,2024-12-31 00:00:00,2022-01-01 00:00:00,1.0,1.0,1.0,0.0,,0.5,139,0,0,0
2025-09-11 11:17:57,Greece_level_2_final,Ensemble (mean weight) using 2 models,Month+2,0.31,2005-01-01 00:00:00,2024-12-31 00:00:00,2022-01-01 00:00:00,1.0,1.0,1.0,0.0,,0.5,139,0,0,0
2025-09-11 11:17:57,Greece_level_2_final,Ensemble (mean weight) using 2 models,Month+3,0.05,2005-01-01 00:00:00,2024-12-31 00:00:00,2022-01-01 00:00:00,1.0,1.0,1.0,0.0,,0.5,139,0,0,0
2025-09-11 11:17:57,Greece_level_2_final,Ensemble (mean weight) using 2 models,Month+4,0.32,2005-01-01 00:00:00,2024-12-31 00:00:00,2022-01-01 00:00:00,1.0,1.0,1.0,0.0,,0.5,139,0,0,0
2025-09-11 11:17:57,Greece_level_2_final,Ensemble (mean weight) using 2 models,Month+5,0.11,2005-01-01 00:00:00,2024-12-31 00:00:00,2022-01-01 00:00:00,1.0,1.0,1.0,0.0,,0.5,139,0,0,0
2025-09-11 11:17:57,Greece_level_2_final,Ensemble (mean weight) using 2 models,Month+6,0.05,2005-01-01 00:00:00,2024-12-31 00:00:00,2022-01-01 00:00:00,1.0,1.0,1.0,0.0,,0.5,139,0,0,0
2025-09-11 11:20:02,Greece_level_2_final,Ensemble (mean weight) using 3 models,Month+1,0.41,2005-01-01 00:00:00,2024-12-31 00:00:00,2022-01-01 00:00:00,0.994,1.0,0.993,0.0,,0.5,138,0,0,1
2025-09-11 11:20:02,Greece_level_2_final,Ensemble (mean weight) using 3 models,Month+2,0.39,2005-01-01 00:00:00,2024-12-31 00:00:00,2022-01-01 00:00:00,1.0,1.0,1.0,0.0,,0.5,139,0,0,0
2025-09-11 11:20:02,Greece_level_2_final,Ensemble (mean weight) using 3 models,Month+3,0.08,2005-01-01 00:00:00,2024-12-31 00:00:00,2022-01-01 00:00:00,1.0,1.0,1.0,0.0,,0.5,139,0,0,0
2025-09-11 11:20:02,Greece_level_2_final,Ensemble (mean weight) using 3 models,Month+4,0.06,2005-01-01 00:00:00,2024-12-31 00:00:00,2022-01-01 00:00:00,1.0,1.0,1.0,0.0,,0.5,139,0,0,0
2025-09-11 11:20:02,Greece_level_2_final,Ensemble (mean weight) using 3 models,Month+5,0.1,2005-01-01 00:00:00,2024-12-31 00:00:00,2022-01-01 00:00:00,1.0,1.0,1.0,0.0,,0.5,139,0,0,0
2025-09-11 11:20:02,Greece_level_2_final,Ensemble (mean weight) using 3 models,Month+6,0.06,2005-01-01 00:00:00,2024-12-31 00:00:00,2022-01-01 00:00:00,1.0,1.0,1.0,0.0,,0.5,139,0,0,0
2025-09-11 11:22:11,Greece_level_2_final,Ensemble (mean weight) using 4 models,Month+1,0.41,2005-01-01 00:00:00,2024-12-31 00:00:00,2022-01-01 00:00:00,1.0,1.0,1.0,0.0,,0.5,139,0,0,0
2025-09-11 11:22:11,Greece_level_2_final,Ensemble (mean weight) using 4 models,Month+2,0.39,2005-01-01 00:00:00,2024-12-31 00:00:00,2022-01-01 00:00:00,1.0,1.0,1.0,0.0,,0.5,139,0,0,0
2025-09-11 11:22:11,Greece_level_2_final,Ensemble (mean weight) using 4 models,Month+3,0.08,2005-01-01 00:00:00,2024-12-31 00:00:00,2022-01-01 00:00:00,1.0,1.0,1.0,0.0,,0.5,139,0,0,0
2025-09-11 11:22:11,Greece_level_2_final,Ensemble (mean weight) using 4 models,Month+4,0.07,2005-01-01 00:00:00,2024-12-31 00:00:00,2022-01-01 00:00:00,1.0,1.0,1.0,0.0,,0.5,139,0,0,0
2025-09-11 11:22:11,Greece_level_2_final,Ensemble (mean weight) using 4 models,Month+5,0.11,2005-01-01 00:00:00,2024-12-31 00:00:00,2022-01-01 00:00:00,1.0,1.0,1.0,0.0,,0.5,139,0,0,0
2025-09-11 11:22:11,Greece_level_2_final,Ensemble (mean weight) using 4 models,Month+6,0.13,2005-01-01 00:00:00,2024-12-31 00:00:00,2022-01-01 00:00:00,1.0,1.0,1.0,0.0,,0.5,139,0,0,0
2025-09-11 11:24:28,Greece_level_2_final,Ensemble (mean weight) using 5 models,Month+1,0.24,2005-01-01 00:00:00,2024-12-31 00:00:00,2022-01-01 00:00:00,1.0,1.0,1.0,0.0,,0.5,139,0,0,0
2025-09-11 11:24:28,Greece_level_2_final,Ensemble (mean weight) using 5 models,Month+2,0.3,2005-01-01 00:00:00,2024-12-31 00:00:00,2022-01-01 00:00:00,1.0,1.0,1.0,0.0,,0.5,139,0,0,0
2025-09-11 11:24:28,Greece_level_2_final,Ensemble (mean weight) using 5 models,Month+3,0.27,2005-01-01 00:00:00,2024-12-31 00:00:00,2022-01-01 00:00:00,1.0,1.0,1.0,0.0,,0.5,139,0,0,0
2025-09-11 11:24:28,Greece_level_2_final,Ensemble (mean weight) using 5 models,Month+4,0.16,2005-01-01 00:00:00,2024-12-31 00:00:00,2022-01-01 00:00:00,1.0,1.0,1.0,0.0,,0.5,139,0,0,0
2025-09-11 11:24:28,Greece_level_2_final,Ensemble (mean weight) using 5 models,Month+5,0.07,2005-01-01 00:00:00,2024-12-31 00:00:00,2022-01-01 00:00:00,1.0,1.0,1.0,0.0,,0.5,139,0,0,0
2025-09-11 11:24:28,Greece_level_2_final,Ensemble (mean weight) using 5 models,Month+6,0.05,2005-01-01 00:00:00,2024-12-31 00:00:00,2022-01-01 00:00:00,1.0,1.0,1.0,0.0,,0.5,139,0,0,0
2025-09-11 11:24:29,Greece_level_3_final,k-Nearest Neighbors,Month+1,0.87,2005-01-01 00:00:00,2024-12-31 00:00:00,2022-01-01 00:00:00,0.725,1.0,0.679,0.526,1.0,0.839,169,55,0,80
2025-09-11 11:24:29,Greece_level_3_final,k-Nearest Neighbors,Month+2,0.87,2005-01-01 00:00:00,2024-12-31 00:00:00,2022-01-01 00:00:00,0.573,1.0,0.518,0.404,1.0,0.759,129,55,0,120
2025-09-11 11:24:29,Greece_level_3_final,k-Nearest Neighbors,Month+3,0.87,2005-01-01 00:00:00,2024-12-31 00:00:00,2022-01-01 00:00:00,0.497,1.0,0.442,0.354,1.0,0.721,110,55,0,139
2025-09-11 11:24:29,Greece_level_3_final,k-Nearest Neighbors,Month+4,0.87,2005-01-01 00:00:00,2024-12-31 00:00:00,2022-01-01 00:00:00,0.367,1.0,0.317,0.278,1.0,0.659,79,55,0,170
2025-09-11 11:24:29,Greece_level_3_final,k-Nearest Neighbors,Month+5,0.13,2005-01-01 00:00:00,2024-12-31 00:00:00,2022-01-01 00:00:00,0.989,0.947,1.0,0.84,1.0,0.873,249,41,14,0
2025-09-11 11:24:29,Greece_level_3_final,k-Nearest Neighbors,Month+6,0.12,2005-01-01 00:00:00,2024-12-31 00:00:00,2022-01-01 00:00:00,0.987,0.94,1.0,0.816,1.0,0.855,249,39,16,0
2025-09-11 11:24:58,Greece_level_3_final,SVC (RBF Kernel),Month+1,0.07,2005-01-01 00:00:00,2024-12-31 00:00:00,2022-01-01 00:00:00,0.995,0.976,1.0,0.933,0.969,0.945,249,49,6,0
2025-09-11 11:24:58,Greece_level_3_final,SVC (RBF Kernel),Month+2,0.05,2005-01-01 00:00:00,2024-12-31 00:00:00,2022-01-01 00:00:00,0.994,0.973,1.0,0.921,0.956,0.936,249,48,7,0
2025-09-11 11:24:58,Greece_level_3_final,SVC (RBF Kernel),Month+3,0.05,2005-01-01 00:00:00,2024-12-31 00:00:00,2022-01-01 00:00:00,0.912,0.966,0.9,0.683,0.933,0.877,224,47,8,25
2025-09-11 11:24:58,Greece_level_3_final,SVC (RBF Kernel),Month+4,0.05,2005-01-01 00:00:00,2024-12-31 00:00:00,2022-01-01 00:00:00,0.956,0.971,0.952,0.797,0.953,0.912,237,48,7,12
2025-09-11 11:24:58,Greece_level_3_final,SVC (RBF Kernel),Month+5,0.05,2005-01-01 00:00:00,2024-12-31 00:00:00,2022-01-01 00:00:00,0.981,0.953,0.988,0.827,0.946,0.885,246,43,12,3
2025-09-11 11:24:58,Greece_level_3_final,SVC (RBF Kernel),Month+6,0.05,2005-01-01 00:00:00,2024-12-31 00:00:00,2022-01-01 00:00:00,0.961,0.934,0.968,0.708,0.914,0.829,241,38,17,8
2025-09-11 11:25:06,Greece_level_3_final,XGBoost,Month+1,0.27,2005-01-01 00:00:00,2024-12-31 00:00:00,2022-01-01 00:00:00,0.998,0.992,1.0,0.978,1.0,0.982,249,53,2,0
2025-09-11 11:25:06,Greece_level_3_final,XGBoost,Month+2,0.25,2005-01-01 00:00:00,2024-12-31 00:00:00,2022-01-01 00:00:00,0.997,0.984,1.0,0.955,1.0,0.964,249,51,4,0
2025-09-11 11:25:06,Greece_level_3_final,XGBoost,Month+3,0.18,2005-01-01 00:00:00,2024-12-31 00:00:00,2022-01-01 00:00:00,0.995,0.976,1.0,0.933,1.0,0.945,249,49,6,0
2025-09-11 11:25:06,Greece_level_3_final,XGBoost,Month+4,0.1,2005-01-01 00:00:00,2024-12-31 00:00:00,2022-01-01 00:00:00,0.99,0.95,1.0,0.852,1.0,0.882,249,42,13,0
2025-09-11 11:25:06,Greece_level_3_final,XGBoost,Month+5,0.05,2005-01-01 00:00:00,2024-12-31 00:00:00,2022-01-01 00:00:00,0.979,0.902,1.0,0.678,1.0,0.755,249,28,27,0
2025-09-11 11:25:06,Greece_level_3_final,XGBoost,Month+6,0.05,2005-01-01 00:00:00,2024-12-31 00:00:00,2022-01-01 00:00:00,0.973,0.88,1.0,0.58,1.0,0.691,249,21,34,0
2025-09-11 11:32:03,Greece_level_3_final,Logistic Regression,Month+1,0.59,2005-01-01 00:00:00,2024-12-31 00:00:00,2022-01-01 00:00:00,0.959,0.971,0.956,0.806,0.976,0.914,238,48,7,11
2025-09-11 11:32:03,Greece_level_3_final,Logistic Regression,Month+2,0.19,2005-01-01 00:00:00,2024-12-31 00:00:00,2022-01-01 00:00:00,0.986,0.933,1.0,0.792,0.999,0.836,249,37,18,0
2025-09-11 11:32:03,Greece_level_3_final,Logistic Regression,Month+3,0.82,2005-01-01 00:00:00,2024-12-31 00:00:00,2022-01-01 00:00:00,0.963,0.992,0.956,0.868,0.976,0.96,238,53,2,11
2025-09-11 11:32:03,Greece_level_3_final,Logistic Regression,Month+4,0.5,2005-01-01 00:00:00,2024-12-31 00:00:00,2022-01-01 00:00:00,0.97,0.96,0.972,0.808,0.985,0.895,242,45,10,7
2025-09-11 11:32:03,Greece_level_3_final,Logistic Regression,Month+5,0.1,2005-01-01 00:00:00,2024-12-31 00:00:00,2022-01-01 00:00:00,0.946,0.867,0.968,0.406,0.936,0.648,241,18,37,8
2025-09-11 11:32:03,Greece_level_3_final,Logistic Regression,Month+6,0.05,2005-01-01 00:00:00,2024-12-31 00:00:00,2022-01-01 00:00:00,0.966,0.85,1.0,0.412,0.953,0.6,249,11,44,0
2025-09-11 11:34:25,Greece_level_3_final,Gradient Boosting,Month+1,0.05,2005-01-01 00:00:00,2024-12-31 00:00:00,2022-01-01 00:00:00,0.986,0.992,0.984,0.935,0.997,0.974,245,53,2,4
2025-09-11 11:34:25,Greece_level_3_final,Gradient Boosting,Month+2,0.18,2005-01-01 00:00:00,2024-12-31 00:00:00,2022-01-01 00:00:00,1.0,1.0,1.0,1.0,1.0,1.0,249,55,0,0
2025-09-11 11:34:25,Greece_level_3_final,Gradient Boosting,Month+3,0.19,2005-01-01 00:00:00,2024-12-31 00:00:00,2022-01-01 00:00:00,0.999,0.996,1.0,0.989,1.0,0.991,249,54,1,0
2025-09-11 11:34:25,Greece_level_3_final,Gradient Boosting,Month+4,0.07,2005-01-01 00:00:00,2024-12-31 00:00:00,2022-01-01 00:00:00,0.998,0.988,1.0,0.967,0.997,0.973,249,52,3,0
2025-09-11 11:34:25,Greece_level_3_final,Gradient Boosting,Month+5,0.1,2005-01-01 00:00:00,2024-12-31 00:00:00,2022-01-01 00:00:00,0.996,0.98,1.0,0.944,0.999,0.955,249,50,5,0
2025-09-11 11:34:25,Greece_level_3_final,Gradient Boosting,Month+6,0.42,2005-01-01 00:00:00,2024-12-31 00:00:00,2022-01-01 00:00:00,0.993,0.996,0.992,0.967,0.999,0.987,247,54,1,2
2025-09-11 11:34:55,Greece_level_3_final,AdaBoost,Month+1,0.42,2005-01-01 00:00:00,2024-12-31 00:00:00,2022-01-01 00:00:00,0.996,0.98,1.0,0.944,1.0,0.955,249,50,5,0
2025-09-11 11:34:55,Greece_level_3_final,AdaBoost,Month+2,0.47,2005-01-01 00:00:00,2024-12-31 00:00:00,2022-01-01 00:00:00,1.0,1.0,1.0,1.0,1.0,1.0,249,55,0,0
2025-09-11 11:34:55,Greece_level_3_final,AdaBoost,Month+3,0.42,2005-01-01 00:00:00,2024-12-31 00:00:00,2022-01-01 00:00:00,0.998,0.988,1.0,0.967,1.0,0.973,249,52,3,0
2025-09-11 11:34:55,Greece_level_3_final,AdaBoost,Month+4,0.27,2005-01-01 00:00:00,2024-12-31 00:00:00,2022-01-01 00:00:00,0.958,0.819,1.0,0.0,1.0,0.5,249,0,55,0
2025-09-11 11:34:55,Greece_level_3_final,AdaBoost,Month+5,0.28,2005-01-01 00:00:00,2024-12-31 00:00:00,2022-01-01 00:00:00,0.958,0.819,1.0,0.0,1.0,0.5,249,0,55,0
2025-09-11 11:34:55,Greece_level_3_final,AdaBoost,Month+6,0.31,2005-01-01 00:00:00,2024-12-31 00:00:00,2022-01-01 00:00:00,0.96,0.827,1.0,0.212,1.0,0.527,249,3,52,0
2025-09-11 11:35:04,Greece_level_3_final,Hist Gradient Boosting,Month+1,0.07,2005-01-01 00:00:00,2024-12-31 00:00:00,2022-01-01 00:00:00,0.999,0.996,1.0,0.989,1.0,0.991,249,54,1,0
2025-09-11 11:35:04,Greece_level_3_final,Hist Gradient Boosting,Month+2,0.23,2005-01-01 00:00:00,2024-12-31 00:00:00,2022-01-01 00:00:00,0.977,1.0,0.972,0.929,1.0,0.986,242,55,0,7
2025-09-11 11:35:04,Greece_level_3_final,Hist Gradient Boosting,Month+3,0.06,2005-01-01 00:00:00,2024-12-31 00:00:00,2022-01-01 00:00:00,0.997,0.984,1.0,0.955,1.0,0.964,249,51,4,0
2025-09-11 11:35:04,Greece_level_3_final,Hist Gradient Boosting,Month+4,0.05,2005-01-01 00:00:00,2024-12-31 00:00:00,2022-01-01 00:00:00,0.994,0.969,1.0,0.91,1.0,0.927,249,47,8,0
2025-09-11 11:35:04,Greece_level_3_final,Hist Gradient Boosting,Month+5,0.05,2005-01-01 00:00:00,2024-12-31 00:00:00,2022-01-01 00:00:00,0.998,0.992,1.0,0.978,1.0,0.982,249,53,2,0
2025-09-11 11:35:04,Greece_level_3_final,Hist Gradient Boosting,Month+6,0.06,2005-01-01 00:00:00,2024-12-31 00:00:00,2022-01-01 00:00:00,0.999,0.996,1.0,0.989,1.0,0.991,249,54,1,0
2025-09-11 11:35:31,Greece_level_3_final,CatBoost,Month+1,0.57,2005-01-01 00:00:00,2024-12-31 00:00:00,2022-01-01 00:00:00,0.99,1.0,0.988,0.968,1.0,0.994,246,55,0,3
2025-09-11 11:35:31,Greece_level_3_final,CatBoost,Month+2,0.28,2005-01-01 00:00:00,2024-12-31 00:00:00,2022-01-01 00:00:00,0.988,0.972,0.992,0.898,0.997,0.932,247,48,7,2
2025-09-11 11:35:31,Greece_level_3_final,CatBoost,Month+3,0.14,2005-01-01 00:00:00,2024-12-31 00:00:00,2022-01-01 00:00:00,0.978,0.957,0.984,0.828,0.992,0.892,245,44,11,4
2025-09-11 11:35:31,Greece_level_3_final,CatBoost,Month+4,0.07,2005-01-01 00:00:00,2024-12-31 00:00:00,2022-01-01 00:00:00,0.98,0.909,1.0,0.704,0.995,0.773,249,30,25,0
2025-09-11 11:35:31,Greece_level_3_final,CatBoost,Month+5,0.09,2005-01-01 00:00:00,2024-12-31 00:00:00,2022-01-01 00:00:00,0.978,0.899,1.0,0.664,0.997,0.745,249,27,28,0
2025-09-11 11:35:31,Greece_level_3_final,CatBoost,Month+6,0.05,2005-01-01 00:00:00,2024-12-31 00:00:00,2022-01-01 00:00:00,0.973,0.877,1.0,0.565,0.982,0.682,249,20,35,0
2025-09-11 11:47:59,Greece_level_3_final,Ensemble (mean weight) using 2 models,Month+1,0.32,2005-01-01 00:00:00,2024-12-31 00:00:00,2022-01-01 00:00:00,0.998,0.988,1.0,0.967,1.0,0.973,249,52,3,0
2025-09-11 11:47:59,Greece_level_3_final,Ensemble (mean weight) using 2 models,Month+2,0.25,2005-01-01 00:00:00,2024-12-31 00:00:00,2022-01-01 00:00:00,0.958,0.819,1.0,0.0,1.0,0.5,249,0,55,0
2025-09-11 11:47:59,Greece_level_3_final,Ensemble (mean weight) using 2 models,Month+3,0.42,2005-01-01 00:00:00,2024-12-31 00:00:00,2022-01-01 00:00:00,0.998,0.992,1.0,0.978,1.0,0.982,249,53,2,0
2025-09-11 11:47:59,Greece_level_3_final,Ensemble (mean weight) using 2 models,Month+4,0.05,2005-01-01 00:00:00,2024-12-31 00:00:00,2022-01-01 00:00:00,0.966,0.85,1.0,0.412,1.0,0.6,249,11,44,0
2025-09-11 11:47:59,Greece_level_3_final,Ensemble (mean weight) using 2 models,Month+5,0.05,2005-01-01 00:00:00,2024-12-31 00:00:00,2022-01-01 00:00:00,0.961,0.83,1.0,0.246,1.0,0.536,249,4,51,0
2025-09-11 11:47:59,Greece_level_3_final,Ensemble (mean weight) using 2 models,Month+6,0.11,2005-01-01 00:00:00,2024-12-31 00:00:00,2022-01-01 00:00:00,0.978,0.899,1.0,0.664,1.0,0.745,249,27,28,0
2025-09-11 12:03:24,Greece_level_3_final,Ensemble (mean weight) using 3 models,Month+1,0.32,2005-01-01 00:00:00,2024-12-31 00:00:00,2022-01-01 00:00:00,0.994,0.984,0.996,0.944,0.999,0.962,248,51,4,1
2025-09-11 12:03:24,Greece_level_3_final,Ensemble (mean weight) using 3 models,Month+2,0.3,2005-01-01 00:00:00,2024-12-31 00:00:00,2022-01-01 00:00:00,0.994,0.969,1.0,0.91,1.0,0.927,249,47,8,0
2025-09-11 12:03:24,Greece_level_3_final,Ensemble (mean weight) using 3 models,Month+3,0.43,2005-01-01 00:00:00,2024-12-31 00:00:00,2022-01-01 00:00:00,0.969,0.957,0.972,0.795,0.98,0.886,242,44,11,7
2025-09-11 12:03:24,Greece_level_3_final,Ensemble (mean weight) using 3 models,Month+4,0.11,2005-01-01 00:00:00,2024-12-31 00:00:00,2022-01-01 00:00:00,0.983,0.922,1.0,0.755,1.0,0.809,249,34,21,0
2025-09-11 12:03:24,Greece_level_3_final,Ensemble (mean weight) using 3 models,Month+5,0.05,2005-01-01 00:00:00,2024-12-31 00:00:00,2022-01-01 00:00:00,0.966,0.85,1.0,0.412,1.0,0.6,249,11,44,0
2025-09-11 12:03:24,Greece_level_3_final,Ensemble (mean weight) using 3 models,Month+6,0.11,2005-01-01 00:00:00,2024-12-31 00:00:00,2022-01-01 00:00:00,0.978,0.899,1.0,0.664,1.0,0.745,249,27,28,0
2025-09-11 12:19:12,Greece_level_3_final,Ensemble (mean weight) using 4 models,Month+1,0.5,2005-01-01 00:00:00,2024-12-31 00:00:00,2022-01-01 00:00:00,1.0,1.0,1.0,1.0,1.0,1.0,249,55,0,0
2025-09-11 12:19:12,Greece_level_3_final,Ensemble (mean weight) using 4 models,Month+2,0.29,2005-01-01 00:00:00,2024-12-31 00:00:00,2022-01-01 00:00:00,0.994,0.969,1.0,0.91,1.0,0.927,249,47,8,0
2025-09-11 12:19:12,Greece_level_3_final,Ensemble (mean weight) using 4 models,Month+3,0.05,2005-01-01 00:00:00,2024-12-31 00:00:00,2022-01-01 00:00:00,0.962,0.858,0.992,0.425,0.978,0.623,247,14,41,2
2025-09-11 12:19:12,Greece_level_3_final,Ensemble (mean weight) using 4 models,Month+4,0.06,2005-01-01 00:00:00,2024-12-31 00:00:00,2022-01-01 00:00:00,0.976,0.889,1.0,0.623,1.0,0.718,249,24,31,0
2025-09-11 12:19:12,Greece_level_3_final,Ensemble (mean weight) using 4 models,Month+5,0.12,2005-01-01 00:00:00,2024-12-31 00:00:00,2022-01-01 00:00:00,0.99,0.954,1.0,0.864,1.0,0.891,249,43,12,0
2025-09-11 12:19:12,Greece_level_3_final,Ensemble (mean weight) using 4 models,Month+6,0.13,2005-01-01 00:00:00,2024-12-31 00:00:00,2022-01-01 00:00:00,0.982,0.915,1.0,0.73,1.0,0.791,249,32,23,0
2025-09-11 12:36:11,Greece_level_3_final,Ensemble (mean weight) using 5 models,Month+1,0.55,2005-01-01 00:00:00,2024-12-31 00:00:00,2022-01-01 00:00:00,1.0,1.0,1.0,1.0,1.0,1.0,249,55,0,0
2025-09-11 12:36:11,Greece_level_3_final,Ensemble (mean weight) using 5 models,Month+2,0.22,2005-01-01 00:00:00,2024-12-31 00:00:00,2022-01-01 00:00:00,0.995,0.976,1.0,0.933,1.0,0.945,249,49,6,0
2025-09-11 12:36:11,Greece_level_3_final,Ensemble (mean weight) using 5 models,Month+3,0.29,2005-01-01 00:00:00,2024-12-31 00:00:00,2022-01-01 00:00:00,0.998,0.988,1.0,0.967,1.0,0.973,249,52,3,0
2025-09-11 12:36:11,Greece_level_3_final,Ensemble (mean weight) using 5 models,Month+4,0.1,2005-01-01 00:00:00,2024-12-31 00:00:00,2022-01-01 00:00:00,0.983,0.922,1.0,0.755,1.0,0.809,249,34,21,0
2025-09-11 12:36:11,Greece_level_3_final,Ensemble (mean weight) using 5 models,Month+5,0.07,2005-01-01 00:00:00,2024-12-31 00:00:00,2022-01-01 00:00:00,0.977,0.896,1.0,0.651,1.0,0.736,249,26,29,0
2025-09-11 12:36:11,Greece_level_3_final,Ensemble (mean weight) using 5 models,Month+6,0.06,2005-01-01 00:00:00,2024-12-31 00:00:00,2022-01-01 00:00:00,0.972,0.874,1.0,0.549,1.0,0.673,249,19,36,0
2025-09-11 11:10:54,Italy_level_1_final,k-Nearest Neighbors,Month+1,0.7,2005-01-01 00:00:00,2024-12-31 00:00:00,2022-01-01 00:00:00,0.979,0.903,1.0,0.0,0.667,0.5,28,0,3,0
2025-09-11 11:10:54,Italy_level_1_final,k-Nearest Neighbors,Month+2,0.7,2005-01-01 00:00:00,2024-12-31 00:00:00,2022-01-01 00:00:00,0.979,0.903,1.0,0.0,0.482,0.5,28,0,3,0
2025-09-11 11:10:54,Italy_level_1_final,k-Nearest Neighbors,Month+3,0.6,2005-01-01 00:00:00,2024-12-31 00:00:00,2022-01-01 00:00:00,0.979,0.903,1.0,0.0,0.482,0.5,28,0,3,0
2025-09-11 11:10:54,Italy_level_1_final,k-Nearest Neighbors,Month+4,0.6,2005-01-01 00:00:00,2024-12-31 00:00:00,2022-01-01 00:00:00,0.979,0.903,1.0,0.0,0.482,0.5,28,0,3,0
2025-09-11 11:10:54,Italy_level_1_final,k-Nearest Neighbors,Month+5,0.7,2005-01-01 00:00:00,2024-12-31 00:00:00,2022-01-01 00:00:00,0.979,0.903,1.0,0.0,0.482,0.5,28,0,3,0
2025-09-11 11:10:54,Italy_level_1_final,k-Nearest Neighbors,Month+6,0.7,2005-01-01 00:00:00,2024-12-31 00:00:00,2022-01-01 00:00:00,0.971,0.871,1.0,0.0,0.625,0.5,27,0,4,0
2025-09-11 11:10:54,Italy_level_1_final,SVC (RBF Kernel),Month+1,0.87,2005-01-01 00:00:00,2024-12-31 00:00:00,2022-01-01 00:00:00,0.979,0.903,1.0,0.0,0.583,0.5,28,0,3,0
2025-09-11 11:10:54,Italy_level_1_final,SVC (RBF Kernel),Month+2,0.84,2005-01-01 00:00:00,2024-12-31 00:00:00,2022-01-01 00:00:00,0.979,0.903,1.0,0.0,0.345,0.5,28,0,3,0
2025-09-11 11:10:54,Italy_level_1_final,SVC (RBF Kernel),Month+3,0.8,2005-01-01 00:00:00,2024-12-31 00:00:00,2022-01-01 00:00:00,0.979,0.903,1.0,0.0,0.238,0.5,28,0,3,0
2025-09-11 11:10:54,Italy_level_1_final,SVC (RBF Kernel),Month+4,0.81,2005-01-01 00:00:00,2024-12-31 00:00:00,2022-01-01 00:00:00,0.979,0.903,1.0,0.0,0.214,0.5,28,0,3,0
2025-09-11 11:10:54,Italy_level_1_final,SVC (RBF Kernel),Month+5,0.81,2005-01-01 00:00:00,2024-12-31 00:00:00,2022-01-01 00:00:00,0.979,0.903,1.0,0.0,0.19,0.5,28,0,3,0
2025-09-11 11:10:54,Italy_level_1_final,SVC (RBF Kernel),Month+6,0.8,2005-01-01 00:00:00,2024-12-31 00:00:00,2022-01-01 00:00:00,0.971,0.871,1.0,0.0,0.333,0.5,27,0,4,0
2025-09-11 11:10:57,Italy_level_1_final,XGBoost,Month+1,0.95,2005-01-01 00:00:00,2024-12-31 00:00:00,2022-01-01 00:00:00,0.993,0.966,1.0,0.802,0.81,0.833,28,2,1,0
2025-09-11 11:10:57,Italy_level_1_final,XGBoost,Month+2,0.95,2005-01-01 00:00:00,2024-12-31 00:00:00,2022-01-01 00:00:00,0.957,0.931,0.964,0.358,0.369,0.649,27,1,2,1
2025-09-11 11:10:57,Italy_level_1_final,XGBoost,Month+3,0.95,2005-01-01 00:00:00,2024-12-31 00:00:00,2022-01-01 00:00:00,0.922,0.897,0.929,-0.086,0.048,0.464,26,0,3,2
2025-09-11 11:10:57,Italy_level_1_final,XGBoost,Month+4,0.95,2005-01-01 00:00:00,2024-12-31 00:00:00,2022-01-01 00:00:00,0.922,0.897,0.929,-0.086,0.155,0.464,26,0,3,2
2025-09-11 11:10:57,Italy_level_1_final,XGBoost,Month+5,0.94,2005-01-01 00:00:00,2024-12-31 00:00:00,2022-01-01 00:00:00,0.979,0.903,1.0,0.0,0.19,0.5,28,0,3,0
2025-09-11 11:10:57,Italy_level_1_final,XGBoost,Month+6,0.94,2005-01-01 00:00:00,2024-12-31 00:00:00,2022-01-01 00:00:00,0.971,0.871,1.0,0.0,0.449,0.5,27,0,4,0
2025-09-11 11:10:58,Italy_level_1_final,Logistic Regression,Month+1,0.76,2005-01-01 00:00:00,2024-12-31 00:00:00,2022-01-01 00:00:00,0.957,0.931,0.964,0.358,0.56,0.649,27,1,2,1
2025-09-11 11:10:58,Italy_level_1_final,Logistic Regression,Month+2,0.72,2005-01-01 00:00:00,2024-12-31 00:00:00,2022-01-01 00:00:00,0.951,0.9,0.964,-0.06,0.452,0.482,27,0,3,1
2025-09-11 11:10:58,Italy_level_1_final,Logistic Regression,Month+3,0.69,2005-01-01 00:00:00,2024-12-31 00:00:00,2022-01-01 00:00:00,0.979,0.903,1.0,0.0,0.5,0.5,28,0,3,0
2025-09-11 11:10:58,Italy_level_1_final,Logistic Regression,Month+4,0.51,2005-01-01 00:00:00,2024-12-31 00:00:00,2022-01-01 00:00:00,0.979,0.903,1.0,0.0,0.667,0.5,28,0,3,0
2025-09-11 11:10:58,Italy_level_1_final,Logistic Regression,Month+5,0.33,2005-01-01 00:00:00,2024-12-31 00:00:00,2022-01-01 00:00:00,0.979,0.903,1.0,0.0,0.679,0.5,28,0,3,0
2025-09-11 11:10:58,Italy_level_1_final,Logistic Regression,Month+6,0.33,2005-01-01 00:00:00,2024-12-31 00:00:00,2022-01-01 00:00:00,0.971,0.871,1.0,0.0,0.444,0.5,27,0,4,0
2025-09-11 11:11:03,Italy_level_1_final,Gradient Boosting,Month+1,0.81,2005-01-01 00:00:00,2024-12-31 00:00:00,2022-01-01 00:00:00,0.993,0.966,1.0,0.802,0.78,0.833,28,2,1,0
2025-09-11 11:11:03,Italy_level_1_final,Gradient Boosting,Month+2,0.95,2005-01-01 00:00:00,2024-12-31 00:00:00,2022-01-01 00:00:00,0.957,0.931,0.964,0.358,0.512,0.649,27,1,2,1
2025-09-11 11:11:03,Italy_level_1_final,Gradient Boosting,Month+3,0.95,2005-01-01 00:00:00,2024-12-31 00:00:00,2022-01-01 00:00:00,0.922,0.897,0.929,-0.086,0.19,0.464,26,0,3,2
2025-09-11 11:11:03,Italy_level_1_final,Gradient Boosting,Month+4,0.95,2005-01-01 00:00:00,2024-12-31 00:00:00,2022-01-01 00:00:00,0.922,0.897,0.929,-0.086,0.119,0.464,26,0,3,2
2025-09-11 11:11:03,Italy_level_1_final,Gradient Boosting,Month+5,0.85,2005-01-01 00:00:00,2024-12-31 00:00:00,2022-01-01 00:00:00,0.922,0.897,0.929,-0.086,0.131,0.464,26,0,3,2
2025-09-11 11:11:03,Italy_level_1_final,Gradient Boosting,Month+6,0.6,2005-01-01 00:00:00,2024-12-31 00:00:00,2022-01-01 00:00:00,0.971,0.871,1.0,0.0,0.426,0.5,27,0,4,0
2025-09-11 11:11:05,Italy_level_1_final,AdaBoost,Month+1,0.52,2005-01-01 00:00:00,2024-12-31 00:00:00,2022-01-01 00:00:00,0.993,0.966,1.0,0.802,0.857,0.833,28,2,1,0
2025-09-11 11:11:05,Italy_level_1_final,AdaBoost,Month+2,0.52,2005-01-01 00:00:00,2024-12-31 00:00:00,2022-01-01 00:00:00,0.957,0.931,0.964,0.358,0.714,0.649,27,1,2,1
2025-09-11 11:11:05,Italy_level_1_final,AdaBoost,Month+3,0.52,2005-01-01 00:00:00,2024-12-31 00:00:00,2022-01-01 00:00:00,0.922,0.897,0.929,-0.086,0.571,0.464,26,0,3,2
2025-09-11 11:11:05,Italy_level_1_final,AdaBoost,Month+4,0.47,2005-01-01 00:00:00,2024-12-31 00:00:00,2022-01-01 00:00:00,0.979,0.903,1.0,0.0,0.607,0.5,28,0,3,0
2025-09-11 11:11:05,Italy_level_1_final,AdaBoost,Month+5,0.46,2005-01-01 00:00:00,2024-12-31 00:00:00,2022-01-01 00:00:00,0.979,0.903,1.0,0.0,0.821,0.5,28,0,3,0
2025-09-11 11:11:05,Italy_level_1_final,AdaBoost,Month+6,0.47,2005-01-01 00:00:00,2024-12-31 00:00:00,2022-01-01 00:00:00,0.971,0.871,1.0,0.0,0.778,0.5,27,0,4,0
2025-09-11 11:11:06,Italy_level_1_final,Hist Gradient Boosting,Month+1,0.93,2005-01-01 00:00:00,2024-12-31 00:00:00,2022-01-01 00:00:00,0.993,0.966,1.0,0.802,0.786,0.833,28,2,1,0
2025-09-11 11:11:06,Italy_level_1_final,Hist Gradient Boosting,Month+2,0.75,2005-01-01 00:00:00,2024-12-31 00:00:00,2022-01-01 00:00:00,0.957,0.931,0.964,0.358,0.452,0.649,27,1,2,1
2025-09-11 11:11:06,Italy_level_1_final,Hist Gradient Boosting,Month+3,0.68,2005-01-01 00:00:00,2024-12-31 00:00:00,2022-01-01 00:00:00,0.922,0.897,0.929,-0.086,0.238,0.464,26,0,3,2
2025-09-11 11:11:06,Italy_level_1_final,Hist Gradient Boosting,Month+4,0.62,2005-01-01 00:00:00,2024-12-31 00:00:00,2022-01-01 00:00:00,0.922,0.897,0.929,-0.086,0.155,0.464,26,0,3,2
2025-09-11 11:11:06,Italy_level_1_final,Hist Gradient Boosting,Month+5,0.33,2005-01-01 00:00:00,2024-12-31 00:00:00,2022-01-01 00:00:00,0.979,0.903,1.0,0.0,0.155,0.5,28,0,3,0
2025-09-11 11:11:06,Italy_level_1_final,Hist Gradient Boosting,Month+6,0.25,2005-01-01 00:00:00,2024-12-31 00:00:00,2022-01-01 00:00:00,0.971,0.871,1.0,0.0,0.352,0.5,27,0,4,0
2025-09-11 11:11:23,Italy_level_1_final,CatBoost,Month+1,0.94,2005-01-01 00:00:00,2024-12-31 00:00:00,2022-01-01 00:00:00,0.993,0.966,1.0,0.802,0.81,0.833,28,2,1,0
2025-09-11 11:11:23,Italy_level_1_final,CatBoost,Month+2,0.9,2005-01-01 00:00:00,2024-12-31 00:00:00,2022-01-01 00:00:00,0.957,0.931,0.964,0.358,0.476,0.649,27,1,2,1
2025-09-11 11:11:23,Italy_level_1_final,CatBoost,Month+3,0.83,2005-01-01 00:00:00,2024-12-31 00:00:00,2022-01-01 00:00:00,0.922,0.897,0.929,-0.086,0.357,0.464,26,0,3,2
2025-09-11 11:11:23,Italy_level_1_final,CatBoost,Month+4,0.75,2005-01-01 00:00:00,2024-12-31 00:00:00,2022-01-01 00:00:00,0.922,0.897,0.929,-0.086,0.357,0.464,26,0,3,2
2025-09-11 11:11:23,Italy_level_1_final,CatBoost,Month+5,0.54,2005-01-01 00:00:00,2024-12-31 00:00:00,2022-01-01 00:00:00,0.951,0.9,0.964,-0.06,0.143,0.482,27,0,3,1
2025-09-11 11:11:23,Italy_level_1_final,CatBoost,Month+6,0.42,2005-01-01 00:00:00,2024-12-31 00:00:00,2022-01-01 00:00:00,0.971,0.871,1.0,0.0,0.38,0.5,27,0,4,0
2025-09-11 11:11:54,Italy_level_1_final,Ensemble (mean weight) using 2 models,Month+1,0.05,2005-01-01 00:00:00,2024-12-31 00:00:00,2022-01-01 00:00:00,0.979,0.903,1.0,0.0,0.631,0.5,28,0,3,0
2025-09-11 11:11:54,Italy_level_1_final,Ensemble (mean weight) using 2 models,Month+2,0.05,2005-01-01 00:00:00,2024-12-31 00:00:00,2022-01-01 00:00:00,0.979,0.903,1.0,0.0,0.345,0.5,28,0,3,0
2025-09-11 11:11:54,Italy_level_1_final,Ensemble (mean weight) using 2 models,Month+3,0.05,2005-01-01 00:00:00,2024-12-31 00:00:00,2022-01-01 00:00:00,0.979,0.903,1.0,0.0,0.238,0.5,28,0,3,0
2025-09-11 11:11:54,Italy_level_1_final,Ensemble (mean weight) using 2 models,Month+4,0.05,2005-01-01 00:00:00,2024-12-31 00:00:00,2022-01-01 00:00:00,0.979,0.903,1.0,0.0,0.214,0.5,28,0,3,0
2025-09-11 11:11:54,Italy_level_1_final,Ensemble (mean weight) using 2 models,Month+5,0.05,2005-01-01 00:00:00,2024-12-31 00:00:00,2022-01-01 00:00:00,0.979,0.903,1.0,0.0,0.19,0.5,28,0,3,0
2025-09-11 11:11:54,Italy_level_1_final,Ensemble (mean weight) using 2 models,Month+6,0.05,2005-01-01 00:00:00,2024-12-31 00:00:00,2022-01-01 00:00:00,0.971,0.871,1.0,0.0,0.454,0.5,27,0,4,0
2025-09-11 11:12:28,Italy_level_1_final,Ensemble (mean weight) using 3 models,Month+1,0.05,2005-01-01 00:00:00,2024-12-31 00:00:00,2022-01-01 00:00:00,0.979,0.903,1.0,0.0,0.774,0.5,28,0,3,0
2025-09-11 11:12:28,Italy_level_1_final,Ensemble (mean weight) using 3 models,Month+2,0.05,2005-01-01 00:00:00,2024-12-31 00:00:00,2022-01-01 00:00:00,0.979,0.903,1.0,0.0,0.429,0.5,28,0,3,0
2025-09-11 11:12:28,Italy_level_1_final,Ensemble (mean weight) using 3 models,Month+3,0.05,2005-01-01 00:00:00,2024-12-31 00:00:00,2022-01-01 00:00:00,0.979,0.903,1.0,0.0,0.071,0.5,28,0,3,0
2025-09-11 11:12:28,Italy_level_1_final,Ensemble (mean weight) using 3 models,Month+4,0.05,2005-01-01 00:00:00,2024-12-31 00:00:00,2022-01-01 00:00:00,0.979,0.903,1.0,0.0,0.155,0.5,28,0,3,0
2025-09-11 11:12:28,Italy_level_1_final,Ensemble (mean weight) using 3 models,Month+5,0.05,2005-01-01 00:00:00,2024-12-31 00:00:00,2022-01-01 00:00:00,0.979,0.903,1.0,0.0,0.202,0.5,28,0,3,0
2025-09-11 11:12:28,Italy_level_1_final,Ensemble (mean weight) using 3 models,Month+6,0.05,2005-01-01 00:00:00,2024-12-31 00:00:00,2022-01-01 00:00:00,0.971,0.871,1.0,0.0,0.454,0.5,27,0,4,0
2025-09-11 11:13:05,Italy_level_1_final,Ensemble (mean weight) using 4 models,Month+1,0.05,2005-01-01 00:00:00,2024-12-31 00:00:00,2022-01-01 00:00:00,0.979,0.903,1.0,0.0,0.738,0.5,28,0,3,0
2025-09-11 11:13:05,Italy_level_1_final,Ensemble (mean weight) using 4 models,Month+2,0.05,2005-01-01 00:00:00,2024-12-31 00:00:00,2022-01-01 00:00:00,0.979,0.903,1.0,0.0,0.512,0.5,28,0,3,0
2025-09-11 11:13:05,Italy_level_1_final,Ensemble (mean weight) using 4 models,Month+3,0.05,2005-01-01 00:00:00,2024-12-31 00:00:00,2022-01-01 00:00:00,0.979,0.903,1.0,0.0,0.31,0.5,28,0,3,0
2025-09-11 11:13:05,Italy_level_1_final,Ensemble (mean weight) using 4 models,Month+4,0.05,2005-01-01 00:00:00,2024-12-31 00:00:00,2022-01-01 00:00:00,0.979,0.903,1.0,0.0,0.405,0.5,28,0,3,0
2025-09-11 11:13:05,Italy_level_1_final,Ensemble (mean weight) using 4 models,Month+5,0.05,2005-01-01 00:00:00,2024-12-31 00:00:00,2022-01-01 00:00:00,0.979,0.903,1.0,0.0,0.452,0.5,28,0,3,0
2025-09-11 11:13:05,Italy_level_1_final,Ensemble (mean weight) using 4 models,Month+6,0.05,2005-01-01 00:00:00,2024-12-31 00:00:00,2022-01-01 00:00:00,0.971,0.871,1.0,0.0,0.62,0.5,27,0,4,0
2025-09-11 11:13:45,Italy_level_1_final,Ensemble (mean weight) using 5 models,Month+1,0.05,2005-01-01 00:00:00,2024-12-31 00:00:00,2022-01-01 00:00:00,0.979,0.903,1.0,0.0,0.786,0.5,28,0,3,0
2025-09-11 11:13:45,Italy_level_1_final,Ensemble (mean weight) using 5 models,Month+2,0.05,2005-01-01 00:00:00,2024-12-31 00:00:00,2022-01-01 00:00:00,0.979,0.903,1.0,0.0,0.5,0.5,28,0,3,0
2025-09-11 11:13:45,Italy_level_1_final,Ensemble (mean weight) using 5 models,Month+3,0.05,2005-01-01 00:00:00,2024-12-31 00:00:00,2022-01-01 00:00:00,0.979,0.903,1.0,0.0,0.262,0.5,28,0,3,0
2025-09-11 11:13:45,Italy_level_1_final,Ensemble (mean weight) using 5 models,Month+4,0.05,2005-01-01 00:00:00,2024-12-31 00:00:00,2022-01-01 00:00:00,0.979,0.903,1.0,0.0,0.345,0.5,28,0,3,0
2025-09-11 11:13:45,Italy_level_1_final,Ensemble (mean weight) using 5 models,Month+5,0.05,2005-01-01 00:00:00,2024-12-31 00:00:00,2022-01-01 00:00:00,0.979,0.903,1.0,0.0,0.417,0.5,28,0,3,0
2025-09-11 11:13:45,Italy_level_1_final,Ensemble (mean weight) using 5 models,Month+6,0.05,2005-01-01 00:00:00,2024-12-31 00:00:00,2022-01-01 00:00:00,0.971,0.871,1.0,0.0,0.519,0.5,27,0,4,0
2025-09-11 11:13:46,Italy_level_2_final,k-Nearest Neighbors,Month+1,0.61,2005-01-01 00:00:00,2024-12-31 00:00:00,2022-01-01 00:00:00,0.887,0.852,0.897,0.861,0.958,0.94,52,551,9,6
2025-09-11 11:13:46,Italy_level_2_final,k-Nearest Neighbors,Month+2,0.61,2005-01-01 00:00:00,2024-12-31 00:00:00,2022-01-01 00:00:00,0.825,0.803,0.831,0.797,0.924,0.905,49,547,12,10
2025-09-11 11:13:46,Italy_level_2_final,k-Nearest Neighbors,Month+3,0.57,2005-01-01 00:00:00,2024-12-31 00:00:00,2022-01-01 00:00:00,0.721,0.758,0.712,0.704,0.855,0.842,47,537,15,19
2025-09-11 11:13:46,Italy_level_2_final,k-Nearest Neighbors,Month+4,0.57,2005-01-01 00:00:00,2024-12-31 00:00:00,2022-01-01 00:00:00,0.683,0.71,0.677,0.658,0.843,0.822,44,535,18,21
2025-09-11 11:13:46,Italy_level_2_final,k-Nearest Neighbors,Month+5,0.57,2005-01-01 00:00:00,2024-12-31 00:00:00,2022-01-01 00:00:00,0.662,0.689,0.656,0.635,0.816,0.811,42,535,19,22
2025-09-11 11:13:46,Italy_level_2_final,k-Nearest Neighbors,Month+6,0.57,2005-01-01 00:00:00,2024-12-31 00:00:00,2022-01-01 00:00:00,0.663,0.672,0.661,0.63,0.806,0.813,41,536,20,21
2025-09-11 11:13:59,Italy_level_2_final,SVC (RBF Kernel),Month+1,0.81,2005-01-01 00:00:00,2024-12-31 00:00:00,2022-01-01 00:00:00,0.868,0.893,0.862,0.865,0.992,0.926,50,554,6,8
2025-09-11 11:13:59,Italy_level_2_final,SVC (RBF Kernel),Month+2,0.79,2005-01-01 00:00:00,2024-12-31 00:00:00,2022-01-01 00:00:00,0.805,0.839,0.797,0.799,0.96,0.89,47,550,9,12
2025-09-11 11:13:59,Italy_level_2_final,SVC (RBF Kernel),Month+3,0.7,2005-01-01 00:00:00,2024-12-31 00:00:00,2022-01-01 00:00:00,0.685,0.772,0.667,0.686,0.906,0.822,44,539,13,22
2025-09-11 11:13:59,Italy_level_2_final,SVC (RBF Kernel),Month+4,0.6,2005-01-01 00:00:00,2024-12-31 00:00:00,2022-01-01 00:00:00,0.672,0.717,0.662,0.654,0.888,0.815,43,536,17,22
2025-09-11 11:13:59,Italy_level_2_final,SVC (RBF Kernel),Month+5,0.54,2005-01-01 00:00:00,2024-12-31 00:00:00,2022-01-01 00:00:00,0.679,0.647,0.688,0.627,0.881,0.822,44,530,24,20
2025-09-11 11:13:59,Italy_level_2_final,SVC (RBF Kernel),Month+6,0.49,2005-01-01 00:00:00,2024-12-31 00:00:00,2022-01-01 00:00:00,0.67,0.589,0.694,0.595,0.88,0.82,43,526,30,19
2025-09-11 11:14:07,Italy_level_2_final,XGBoost,Month+1,0.95,2005-01-01 00:00:00,2024-12-31 00:00:00,2022-01-01 00:00:00,0.931,0.931,0.931,0.924,0.997,0.962,54,556,4,4
2025-09-11 11:14:07,Italy_level_2_final,XGBoost,Month+2,0.95,2005-01-01 00:00:00,2024-12-31 00:00:00,2022-01-01 00:00:00,0.85,0.862,0.847,0.84,0.976,0.917,50,551,8,9
2025-09-11 11:14:07,Italy_level_2_final,XGBoost,Month+3,0.95,2005-01-01 00:00:00,2024-12-31 00:00:00,2022-01-01 00:00:00,0.719,0.821,0.697,0.73,0.927,0.839,46,542,10,20
2025-09-11 11:14:07,Italy_level_2_final,XGBoost,Month+4,0.93,2005-01-01 00:00:00,2024-12-31 00:00:00,2022-01-01 00:00:00,0.671,0.792,0.646,0.686,0.882,0.813,42,542,11,23
2025-09-11 11:14:07,Italy_level_2_final,XGBoost,Month+5,0.84,2005-01-01 00:00:00,2024-12-31 00:00:00,2022-01-01 00:00:00,0.645,0.741,0.625,0.647,0.862,0.8,40,540,14,24
2025-09-11 11:14:07,Italy_level_2_final,XGBoost,Month+6,0.91,2005-01-01 00:00:00,2024-12-31 00:00:00,2022-01-01 00:00:00,0.648,0.736,0.629,0.648,0.861,0.802,39,542,14,23
2025-09-11 11:17:05,Italy_level_2_final,Logistic Regression,Month+1,0.81,2005-01-01 00:00:00,2024-12-31 00:00:00,2022-01-01 00:00:00,0.932,0.873,0.948,0.9,0.992,0.967,55,552,8,3
2025-09-11 11:17:05,Italy_level_2_final,Logistic Regression,Month+2,0.81,2005-01-01 00:00:00,2024-12-31 00:00:00,2022-01-01 00:00:00,0.875,0.852,0.881,0.852,0.949,0.933,52,550,9,7
2025-09-11 11:17:05,Italy_level_2_final,Logistic Regression,Month+3,0.79,2005-01-01 00:00:00,2024-12-31 00:00:00,2022-01-01 00:00:00,0.747,0.766,0.742,0.725,0.873,0.858,49,537,15,17
2025-09-11 11:17:05,Italy_level_2_final,Logistic Regression,Month+4,0.76,2005-01-01 00:00:00,2024-12-31 00:00:00,2022-01-01 00:00:00,0.721,0.712,0.723,0.684,0.862,0.844,47,534,19,18
2025-09-11 11:17:05,Italy_level_2_final,Logistic Regression,Month+5,0.78,2005-01-01 00:00:00,2024-12-31 00:00:00,2022-01-01 00:00:00,0.643,0.651,0.641,0.605,0.83,0.8,41,532,22,23
2025-09-11 11:17:05,Italy_level_2_final,Logistic Regression,Month+6,0.69,2005-01-01 00:00:00,2024-12-31 00:00:00,2022-01-01 00:00:00,0.668,0.506,0.726,0.553,0.849,0.823,45,512,44,17
2025-09-11 11:18:30,Italy_level_2_final,Gradient Boosting,Month+1,0.17,2005-01-01 00:00:00,2024-12-31 00:00:00,2022-01-01 00:00:00,0.956,0.918,0.966,0.935,0.995,0.978,56,555,5,2
2025-09-11 11:18:30,Italy_level_2_final,Gradient Boosting,Month+2,0.85,2005-01-01 00:00:00,2024-12-31 00:00:00,2022-01-01 00:00:00,0.884,0.897,0.881,0.877,0.985,0.935,52,553,6,7
2025-09-11 11:18:30,Italy_level_2_final,Gradient Boosting,Month+3,0.88,2005-01-01 00:00:00,2024-12-31 00:00:00,2022-01-01 00:00:00,0.734,0.839,0.712,0.749,0.93,0.848,47,543,9,19
2025-09-11 11:18:30,Italy_level_2_final,Gradient Boosting,Month+4,0.63,2005-01-01 00:00:00,2024-12-31 00:00:00,2022-01-01 00:00:00,0.68,0.768,0.662,0.682,0.864,0.819,43,540,13,22
2025-09-11 11:18:30,Italy_level_2_final,Gradient Boosting,Month+5,0.82,2005-01-01 00:00:00,2024-12-31 00:00:00,2022-01-01 00:00:00,0.631,0.736,0.609,0.636,0.837,0.792,39,540,14,25
2025-09-11 11:18:30,Italy_level_2_final,Gradient Boosting,Month+6,0.81,2005-01-01 00:00:00,2024-12-31 00:00:00,2022-01-01 00:00:00,0.635,0.745,0.613,0.644,0.843,0.795,38,543,13,24
2025-09-11 11:18:49,Italy_level_2_final,AdaBoost,Month+1,0.54,2005-01-01 00:00:00,2024-12-31 00:00:00,2022-01-01 00:00:00,0.959,0.933,0.966,0.944,0.995,0.979,56,556,4,2
2025-09-11 11:18:49,Italy_level_2_final,AdaBoost,Month+2,0.5,2005-01-01 00:00:00,2024-12-31 00:00:00,2022-01-01 00:00:00,0.878,0.867,0.881,0.861,0.981,0.934,52,551,8,7
2025-09-11 11:18:49,Italy_level_2_final,AdaBoost,Month+3,0.49,2005-01-01 00:00:00,2024-12-31 00:00:00,2022-01-01 00:00:00,0.728,0.797,0.712,0.726,0.923,0.845,47,540,12,19
2025-09-11 11:18:49,Italy_level_2_final,AdaBoost,Month+4,0.46,2005-01-01 00:00:00,2024-12-31 00:00:00,2022-01-01 00:00:00,0.703,0.75,0.692,0.689,0.861,0.833,45,538,15,20
2025-09-11 11:18:49,Italy_level_2_final,AdaBoost,Month+5,0.49,2005-01-01 00:00:00,2024-12-31 00:00:00,2022-01-01 00:00:00,0.685,0.741,0.672,0.674,0.833,0.822,43,539,15,21
2025-09-11 11:18:49,Italy_level_2_final,AdaBoost,Month+6,0.46,2005-01-01 00:00:00,2024-12-31 00:00:00,2022-01-01 00:00:00,0.666,0.683,0.661,0.636,0.837,0.814,41,537,19,21
2025-09-11 11:18:54,Italy_level_2_final,Hist Gradient Boosting,Month+1,0.94,2005-01-01 00:00:00,2024-12-31 00:00:00,2022-01-01 00:00:00,0.934,0.947,0.931,0.933,0.996,0.963,54,557,3,4
2025-09-11 11:18:54,Italy_level_2_final,Hist Gradient Boosting,Month+2,0.84,2005-01-01 00:00:00,2024-12-31 00:00:00,2022-01-01 00:00:00,0.881,0.881,0.881,0.869,0.975,0.934,52,552,7,7
2025-09-11 11:18:54,Italy_level_2_final,Hist Gradient Boosting,Month+3,0.77,2005-01-01 00:00:00,2024-12-31 00:00:00,2022-01-01 00:00:00,0.748,0.842,0.727,0.759,0.924,0.855,48,543,9,18
2025-09-11 11:18:54,Italy_level_2_final,Hist Gradient Boosting,Month+4,0.89,2005-01-01 00:00:00,2024-12-31 00:00:00,2022-01-01 00:00:00,0.673,0.808,0.646,0.694,0.886,0.814,42,543,10,23
2025-09-11 11:18:54,Italy_level_2_final,Hist Gradient Boosting,Month+5,0.61,2005-01-01 00:00:00,2024-12-31 00:00:00,2022-01-01 00:00:00,0.673,0.75,0.656,0.67,0.857,0.815,42,540,14,22
2025-09-11 11:18:54,Italy_level_2_final,Hist Gradient Boosting,Month+6,0.69,2005-01-01 00:00:00,2024-12-31 00:00:00,2022-01-01 00:00:00,0.646,0.722,0.629,0.641,0.848,0.801,39,541,15,23
2025-09-11 11:19:19,Italy_level_2_final,CatBoost,Month+1,0.94,2005-01-01 00:00:00,2024-12-31 00:00:00,2022-01-01 00:00:00,0.959,0.933,0.966,0.944,0.996,0.979,56,556,4,2
2025-09-11 11:19:19,Italy_level_2_final,CatBoost,Month+2,0.91,2005-01-01 00:00:00,2024-12-31 00:00:00,2022-01-01 00:00:00,0.864,0.864,0.864,0.85,0.979,0.925,51,551,8,8
2025-09-11 11:19:19,Italy_level_2_final,CatBoost,Month+3,0.88,2005-01-01 00:00:00,2024-12-31 00:00:00,2022-01-01 00:00:00,0.728,0.797,0.712,0.726,0.918,0.845,47,540,12,19
2025-09-11 11:19:19,Italy_level_2_final,CatBoost,Month+4,0.86,2005-01-01 00:00:00,2024-12-31 00:00:00,2022-01-01 00:00:00,0.692,0.759,0.677,0.685,0.873,0.826,44,539,14,21
2025-09-11 11:19:19,Italy_level_2_final,CatBoost,Month+5,0.84,2005-01-01 00:00:00,2024-12-31 00:00:00,2022-01-01 00:00:00,0.643,0.727,0.625,0.64,0.85,0.799,40,539,15,24
2025-09-11 11:19:19,Italy_level_2_final,CatBoost,Month+6,0.85,2005-01-01 00:00:00,2024-12-31 00:00:00,2022-01-01 00:00:00,0.646,0.722,0.629,0.641,0.848,0.801,39,541,15,23
2025-09-11 11:24:37,Italy_level_2_final,Ensemble (mean weight) using 2 models,Month+1,0.18,2005-01-01 00:00:00,2024-12-31 00:00:00,2022-01-01 00:00:00,0.959,0.933,0.966,0.944,0.997,0.979,56,556,4,2
2025-09-11 11:24:37,Italy_level_2_final,Ensemble (mean weight) using 2 models,Month+2,0.45,2005-01-01 00:00:00,2024-12-31 00:00:00,2022-01-01 00:00:00,0.878,0.867,0.881,0.861,0.977,0.934,52,551,8,7
2025-09-11 11:24:37,Italy_level_2_final,Ensemble (mean weight) using 2 models,Month+3,0.81,2005-01-01 00:00:00,2024-12-31 00:00:00,2022-01-01 00:00:00,0.745,0.828,0.727,0.751,0.928,0.855,48,542,10,18
2025-09-11 11:24:37,Italy_level_2_final,Ensemble (mean weight) using 2 models,Month+4,0.54,2005-01-01 00:00:00,2024-12-31 00:00:00,2022-01-01 00:00:00,0.692,0.759,0.677,0.685,0.885,0.826,44,539,14,21
2025-09-11 11:24:37,Italy_level_2_final,Ensemble (mean weight) using 2 models,Month+5,0.56,2005-01-01 00:00:00,2024-12-31 00:00:00,2022-01-01 00:00:00,0.669,0.724,0.656,0.655,0.861,0.814,42,538,16,22
2025-09-11 11:24:37,Italy_level_2_final,Ensemble (mean weight) using 2 models,Month+6,0.64,2005-01-01 00:00:00,2024-12-31 00:00:00,2022-01-01 00:00:00,0.641,0.696,0.629,0.626,0.856,0.799,39,539,17,23
2025-09-11 11:30:09,Italy_level_2_final,Ensemble (mean weight) using 3 models,Month+1,0.18,2005-01-01 00:00:00,2024-12-31 00:00:00,2022-01-01 00:00:00,0.959,0.933,0.966,0.944,0.997,0.979,56,556,4,2
2025-09-11 11:30:09,Italy_level_2_final,Ensemble (mean weight) using 3 models,Month+2,0.37,2005-01-01 00:00:00,2024-12-31 00:00:00,2022-01-01 00:00:00,0.878,0.867,0.881,0.861,0.978,0.934,52,551,8,7
2025-09-11 11:30:09,Italy_level_2_final,Ensemble (mean weight) using 3 models,Month+3,0.87,2005-01-01 00:00:00,2024-12-31 00:00:00,2022-01-01 00:00:00,0.732,0.825,0.712,0.741,0.926,0.847,47,542,10,19
2025-09-11 11:30:09,Italy_level_2_final,Ensemble (mean weight) using 3 models,Month+4,0.71,2005-01-01 00:00:00,2024-12-31 00:00:00,2022-01-01 00:00:00,0.692,0.759,0.677,0.685,0.881,0.826,44,539,14,21
2025-09-11 11:30:09,Italy_level_2_final,Ensemble (mean weight) using 3 models,Month+5,0.61,2005-01-01 00:00:00,2024-12-31 00:00:00,2022-01-01 00:00:00,0.669,0.724,0.656,0.655,0.858,0.814,42,538,16,22
2025-09-11 11:30:09,Italy_level_2_final,Ensemble (mean weight) using 3 models,Month+6,0.64,2005-01-01 00:00:00,2024-12-31 00:00:00,2022-01-01 00:00:00,0.644,0.709,0.629,0.633,0.856,0.8,39,540,16,23
2025-09-11 11:35:54,Italy_level_2_final,Ensemble (mean weight) using 4 models,Month+1,0.22,2005-01-01 00:00:00,2024-12-31 00:00:00,2022-01-01 00:00:00,0.959,0.933,0.966,0.944,0.997,0.979,56,556,4,2
2025-09-11 11:35:54,Italy_level_2_final,Ensemble (mean weight) using 4 models,Month+2,0.39,2005-01-01 00:00:00,2024-12-31 00:00:00,2022-01-01 00:00:00,0.878,0.867,0.881,0.861,0.979,0.934,52,551,8,7
2025-09-11 11:35:54,Italy_level_2_final,Ensemble (mean weight) using 4 models,Month+3,0.81,2005-01-01 00:00:00,2024-12-31 00:00:00,2022-01-01 00:00:00,0.732,0.825,0.712,0.741,0.927,0.847,47,542,10,19
2025-09-11 11:35:54,Italy_level_2_final,Ensemble (mean weight) using 4 models,Month+4,0.67,2005-01-01 00:00:00,2024-12-31 00:00:00,2022-01-01 00:00:00,0.692,0.759,0.677,0.685,0.88,0.826,44,539,14,21
2025-09-11 11:35:54,Italy_level_2_final,Ensemble (mean weight) using 4 models,Month+5,0.55,2005-01-01 00:00:00,2024-12-31 00:00:00,2022-01-01 00:00:00,0.669,0.724,0.656,0.655,0.858,0.814,42,538,16,22
2025-09-11 11:35:54,Italy_level_2_final,Ensemble (mean weight) using 4 models,Month+6,0.6,2005-01-01 00:00:00,2024-12-31 00:00:00,2022-01-01 00:00:00,0.644,0.709,0.629,0.633,0.856,0.8,39,540,16,23
2025-09-11 11:42:27,Italy_level_2_final,Ensemble (mean weight) using 5 models,Month+1,0.22,2005-01-01 00:00:00,2024-12-31 00:00:00,2022-01-01 00:00:00,0.959,0.933,0.966,0.944,0.997,0.979,56,556,4,2
2025-09-11 11:42:27,Italy_level_2_final,Ensemble (mean weight) using 5 models,Month+2,0.35,2005-01-01 00:00:00,2024-12-31 00:00:00,2022-01-01 00:00:00,0.878,0.867,0.881,0.861,0.982,0.934,52,551,8,7
2025-09-11 11:42:27,Italy_level_2_final,Ensemble (mean weight) using 5 models,Month+3,0.76,2005-01-01 00:00:00,2024-12-31 00:00:00,2022-01-01 00:00:00,0.745,0.828,0.727,0.751,0.928,0.855,48,542,10,18
2025-09-11 11:42:27,Italy_level_2_final,Ensemble (mean weight) using 5 models,Month+4,0.6,2005-01-01 00:00:00,2024-12-31 00:00:00,2022-01-01 00:00:00,0.694,0.772,0.677,0.693,0.879,0.827,44,540,13,21
2025-09-11 11:42:27,Italy_level_2_final,Ensemble (mean weight) using 5 models,Month+5,0.46,2005-01-01 00:00:00,2024-12-31 00:00:00,2022-01-01 00:00:00,0.669,0.724,0.656,0.655,0.856,0.814,42,538,16,22
2025-09-11 11:42:27,Italy_level_2_final,Ensemble (mean weight) using 5 models,Month+6,0.49,2005-01-01 00:00:00,2024-12-31 00:00:00,2022-01-01 00:00:00,0.658,0.714,0.645,0.645,0.855,0.808,40,540,16,22
2025-09-11 11:42:36,Italy_level_3_final,k-Nearest Neighbors,Month+1,0.6,2005-01-01 00:00:00,2024-12-31 00:00:00,2022-01-01 00:00:00,0.776,0.75,0.783,0.761,0.93,0.888,54,3190,18,15
2025-09-11 11:42:36,Italy_level_3_final,k-Nearest Neighbors,Month+2,0.45,2005-01-01 00:00:00,2024-12-31 00:00:00,2022-01-01 00:00:00,0.714,0.662,0.729,0.688,0.884,0.86,51,3181,26,19
2025-09-11 11:42:36,Italy_level_3_final,k-Nearest Neighbors,Month+3,0.45,2005-01-01 00:00:00,2024-12-31 00:00:00,2022-01-01 00:00:00,0.518,0.571,0.506,0.526,0.787,0.748,44,3157,33,43
2025-09-11 11:42:36,Italy_level_3_final,k-Nearest Neighbors,Month+4,0.45,2005-01-01 00:00:00,2024-12-31 00:00:00,2022-01-01 00:00:00,0.483,0.539,0.471,0.492,0.776,0.73,41,3155,35,46
2025-09-11 11:42:36,Italy_level_3_final,k-Nearest Neighbors,Month+5,0.45,2005-01-01 00:00:00,2024-12-31 00:00:00,2022-01-01 00:00:00,0.409,0.461,0.398,0.413,0.747,0.692,35,3148,41,53
2025-09-11 11:42:36,Italy_level_3_final,k-Nearest Neighbors,Month+6,0.45,2005-01-01 00:00:00,2024-12-31 00:00:00,2022-01-01 00:00:00,0.38,0.416,0.372,0.378,0.734,0.679,32,3146,45,54
2025-09-11 11:49:25,Italy_level_3_final,SVC (RBF Kernel),Month+1,0.34,2005-01-01 00:00:00,2024-12-31 00:00:00,2022-01-01 00:00:00,0.765,0.701,0.783,0.735,0.987,0.888,54,3185,23,15
2025-09-11 11:49:25,Italy_level_3_final,SVC (RBF Kernel),Month+2,0.41,2005-01-01 00:00:00,2024-12-31 00:00:00,2022-01-01 00:00:00,0.683,0.581,0.714,0.636,0.969,0.852,50,3171,36,20
2025-09-11 11:49:25,Italy_level_3_final,SVC (RBF Kernel),Month+3,0.21,2005-01-01 00:00:00,2024-12-31 00:00:00,2022-01-01 00:00:00,0.533,0.34,0.621,0.44,0.916,0.794,54,3085,105,33
2025-09-11 11:49:25,Italy_level_3_final,SVC (RBF Kernel),Month+4,0.28,2005-01-01 00:00:00,2024-12-31 00:00:00,2022-01-01 00:00:00,0.482,0.282,0.586,0.384,0.879,0.773,51,3060,130,36
2025-09-11 11:49:25,Italy_level_3_final,SVC (RBF Kernel),Month+5,0.24,2005-01-01 00:00:00,2024-12-31 00:00:00,2022-01-01 00:00:00,0.439,0.217,0.591,0.33,0.847,0.766,52,3001,188,36
2025-09-11 11:49:25,Italy_level_3_final,SVC (RBF Kernel),Month+6,0.26,2005-01-01 00:00:00,2024-12-31 00:00:00,2022-01-01 00:00:00,0.385,0.171,0.558,0.278,0.816,0.743,48,2959,232,38
2025-09-11 11:49:40,Italy_level_3_final,XGBoost,Month+1,0.61,2005-01-01 00:00:00,2024-12-31 00:00:00,2022-01-01 00:00:00,0.922,0.901,0.928,0.913,0.997,0.963,64,3201,7,5
2025-09-11 11:49:40,Italy_level_3_final,XGBoost,Month+2,0.55,2005-01-01 00:00:00,2024-12-31 00:00:00,2022-01-01 00:00:00,0.815,0.72,0.843,0.774,0.975,0.918,59,3184,23,11
2025-09-11 11:49:40,Italy_level_3_final,XGBoost,Month+3,0.72,2005-01-01 00:00:00,2024-12-31 00:00:00,2022-01-01 00:00:00,0.606,0.642,0.598,0.609,0.918,0.794,52,3161,29,35
2025-09-11 11:49:40,Italy_level_3_final,XGBoost,Month+4,0.79,2005-01-01 00:00:00,2024-12-31 00:00:00,2022-01-01 00:00:00,0.529,0.584,0.517,0.538,0.847,0.754,45,3158,32,42
2025-09-11 11:49:40,Italy_level_3_final,XGBoost,Month+5,0.77,2005-01-01 00:00:00,2024-12-31 00:00:00,2022-01-01 00:00:00,0.463,0.451,0.466,0.443,0.812,0.725,41,3139,50,47
2025-09-11 11:49:40,Italy_level_3_final,XGBoost,Month+6,0.73,2005-01-01 00:00:00,2024-12-31 00:00:00,2022-01-01 00:00:00,0.442,0.342,0.477,0.385,0.795,0.726,41,3112,79,45
2025-09-11 12:04:04,Italy_level_3_final,Logistic Regression,Month+1,0.81,2005-01-01 00:00:00,2024-12-31 00:00:00,2022-01-01 00:00:00,0.831,0.639,0.899,0.752,0.986,0.944,62,3173,35,7
2025-09-11 12:04:04,Italy_level_3_final,Logistic Regression,Month+2,0.78,2005-01-01 00:00:00,2024-12-31 00:00:00,2022-01-01 00:00:00,0.748,0.564,0.814,0.67,0.949,0.9,57,3163,44,13
2025-09-11 12:04:04,Italy_level_3_final,Logistic Regression,Month+3,0.86,2005-01-01 00:00:00,2024-12-31 00:00:00,2022-01-01 00:00:00,0.538,0.643,0.517,0.566,0.848,0.755,45,3165,25,42
2025-09-11 12:04:04,Italy_level_3_final,Logistic Regression,Month+4,0.81,2005-01-01 00:00:00,2024-12-31 00:00:00,2022-01-01 00:00:00,0.456,0.372,0.483,0.406,0.813,0.73,42,3119,71,45
2025-09-11 12:04:04,Italy_level_3_final,Logistic Regression,Month+5,0.77,2005-01-01 00:00:00,2024-12-31 00:00:00,2022-01-01 00:00:00,0.389,0.247,0.455,0.31,0.771,0.708,40,3067,122,48
2025-09-11 12:04:04,Italy_level_3_final,Logistic Regression,Month+6,0.8,2005-01-01 00:00:00,2024-12-31 00:00:00,2022-01-01 00:00:00,0.366,0.23,0.43,0.289,0.78,0.696,37,3067,124,49
2025-09-11 12:12:42,Italy_level_3_final,Gradient Boosting,Month+1,0.63,2005-01-01 00:00:00,2024-12-31 00:00:00,2022-01-01 00:00:00,0.922,0.901,0.928,0.913,0.997,0.963,64,3201,7,5
2025-09-11 12:12:42,Italy_level_3_final,Gradient Boosting,Month+2,0.34,2005-01-01 00:00:00,2024-12-31 00:00:00,2022-01-01 00:00:00,0.838,0.819,0.843,0.827,0.982,0.919,59,3194,13,11
2025-09-11 12:12:42,Italy_level_3_final,Gradient Boosting,Month+3,0.41,2005-01-01 00:00:00,2024-12-31 00:00:00,2022-01-01 00:00:00,0.632,0.684,0.621,0.642,0.907,0.806,54,3165,25,33
2025-09-11 12:12:42,Italy_level_3_final,Gradient Boosting,Month+4,0.54,2005-01-01 00:00:00,2024-12-31 00:00:00,2022-01-01 00:00:00,0.537,0.634,0.517,0.562,0.815,0.755,45,3164,26,42
2025-09-11 12:12:42,Italy_level_3_final,Gradient Boosting,Month+5,0.32,2005-01-01 00:00:00,2024-12-31 00:00:00,2022-01-01 00:00:00,0.509,0.5,0.511,0.492,0.77,0.749,45,3144,45,43
2025-09-11 12:12:42,Italy_level_3_final,Gradient Boosting,Month+6,0.38,2005-01-01 00:00:00,2024-12-31 00:00:00,2022-01-01 00:00:00,0.451,0.443,0.453,0.433,0.763,0.719,39,3142,49,47
2025-09-11 12:14:30,Italy_level_3_final,AdaBoost,Month+1,0.53,2005-01-01 00:00:00,2024-12-31 00:00:00,2022-01-01 00:00:00,0.922,0.901,0.928,0.913,0.998,0.963,64,3201,7,5
2025-09-11 12:14:30,Italy_level_3_final,AdaBoost,Month+2,0.5,2005-01-01 00:00:00,2024-12-31 00:00:00,2022-01-01 00:00:00,0.812,0.803,0.814,0.804,0.97,0.905,57,3193,14,13
2025-09-11 12:14:30,Italy_level_3_final,AdaBoost,Month+3,0.47,2005-01-01 00:00:00,2024-12-31 00:00:00,2022-01-01 00:00:00,0.609,0.718,0.586,0.64,0.92,0.79,51,3170,20,36
2025-09-11 12:14:30,Italy_level_3_final,AdaBoost,Month+4,0.44,2005-01-01 00:00:00,2024-12-31 00:00:00,2022-01-01 00:00:00,0.537,0.634,0.517,0.562,0.814,0.755,45,3164,26,42
2025-09-11 12:14:30,Italy_level_3_final,AdaBoost,Month+5,0.45,2005-01-01 00:00:00,2024-12-31 00:00:00,2022-01-01 00:00:00,0.463,0.565,0.443,0.488,0.775,0.717,39,3159,30,49
2025-09-11 12:14:30,Italy_level_3_final,AdaBoost,Month+6,0.44,2005-01-01 00:00:00,2024-12-31 00:00:00,2022-01-01 00:00:00,0.459,0.543,0.442,0.477,0.764,0.716,38,3159,32,48
2025-09-11 12:14:48,Italy_level_3_final,Hist Gradient Boosting,Month+1,0.69,2005-01-01 00:00:00,2024-12-31 00:00:00,2022-01-01 00:00:00,0.922,0.901,0.928,0.913,0.997,0.963,64,3201,7,5
2025-09-11 12:14:48,Italy_level_3_final,Hist Gradient Boosting,Month+2,0.59,2005-01-01 00:00:00,2024-12-31 00:00:00,2022-01-01 00:00:00,0.814,0.814,0.814,0.81,0.979,0.905,57,3194,13,13
2025-09-11 12:14:48,Italy_level_3_final,Hist Gradient Boosting,Month+3,0.49,2005-01-01 00:00:00,2024-12-31 00:00:00,2022-01-01 00:00:00,0.612,0.739,0.586,0.65,0.91,0.79,51,3172,18,36
2025-09-11 12:14:48,Italy_level_3_final,Hist Gradient Boosting,Month+4,0.36,2005-01-01 00:00:00,2024-12-31 00:00:00,2022-01-01 00:00:00,0.532,0.6,0.517,0.546,0.853,0.754,45,3160,30,42
2025-09-11 12:14:48,Italy_level_3_final,Hist Gradient Boosting,Month+5,0.4,2005-01-01 00:00:00,2024-12-31 00:00:00,2022-01-01 00:00:00,0.461,0.488,0.455,0.457,0.78,0.721,40,3147,42,48
2025-09-11 12:14:48,Italy_level_3_final,Hist Gradient Boosting,Month+6,0.45,2005-01-01 00:00:00,2024-12-31 00:00:00,2022-01-01 00:00:00,0.446,0.463,0.442,0.438,0.809,0.714,38,3147,44,48
2025-09-11 12:15:32,Italy_level_3_final,CatBoost,Month+1,0.86,2005-01-01 00:00:00,2024-12-31 00:00:00,2022-01-01 00:00:00,0.922,0.901,0.928,0.913,0.998,0.963,64,3201,7,5
2025-09-11 12:15:32,Italy_level_3_final,CatBoost,Month+2,0.44,2005-01-01 00:00:00,2024-12-31 00:00:00,2022-01-01 00:00:00,0.787,0.695,0.814,0.747,0.972,0.903,57,3182,25,13
2025-09-11 12:15:32,Italy_level_3_final,CatBoost,Month+3,0.68,2005-01-01 00:00:00,2024-12-31 00:00:00,2022-01-01 00:00:00,0.616,0.703,0.598,0.639,0.903,0.795,52,3168,22,35
2025-09-11 12:15:32,Italy_level_3_final,CatBoost,Month+4,0.68,2005-01-01 00:00:00,2024-12-31 00:00:00,2022-01-01 00:00:00,0.52,0.489,0.529,0.495,0.848,0.757,46,3142,48,41
2025-09-11 12:15:32,Italy_level_3_final,CatBoost,Month+5,0.73,2005-01-01 00:00:00,2024-12-31 00:00:00,2022-01-01 00:00:00,0.447,0.464,0.443,0.439,0.795,0.715,39,3144,45,49
2025-09-11 12:15:32,Italy_level_3_final,CatBoost,Month+6,0.67,2005-01-01 00:00:00,2024-12-31 00:00:00,2022-01-01 00:00:00,0.433,0.339,0.465,0.378,0.781,0.72,40,3113,78,46
2025-09-11 12:46:18,Italy_level_3_final,Ensemble (mean weight) using 2 models,Month+1,0.44,2005-01-01 00:00:00,2024-12-31 00:00:00,2022-01-01 00:00:00,0.922,0.901,0.928,0.913,0.997,0.963,64,3201,7,5
2025-09-11 12:46:18,Italy_level_3_final,Ensemble (mean weight) using 2 models,Month+2,0.24,2005-01-01 00:00:00,2024-12-31 00:00:00,2022-01-01 00:00:00,0.819,0.738,0.843,0.784,0.979,0.918,59,3186,21,11
2025-09-11 12:46:18,Italy_level_3_final,Ensemble (mean weight) using 2 models,Month+3,0.48,2005-01-01 00:00:00,2024-12-31 00:00:00,2022-01-01 00:00:00,0.612,0.739,0.586,0.65,0.912,0.79,51,3172,18,36
2025-09-11 12:46:18,Italy_level_3_final,Ensemble (mean weight) using 2 models,Month+4,0.35,2005-01-01 00:00:00,2024-12-31 00:00:00,2022-01-01 00:00:00,0.535,0.561,0.529,0.533,0.851,0.759,46,3154,36,41
2025-09-11 12:46:18,Italy_level_3_final,Ensemble (mean weight) using 2 models,Month+5,0.4,2005-01-01 00:00:00,2024-12-31 00:00:00,2022-01-01 00:00:00,0.47,0.488,0.466,0.463,0.779,0.726,41,3146,43,47
2025-09-11 12:46:18,Italy_level_3_final,Ensemble (mean weight) using 2 models,Month+6,0.43,2005-01-01 00:00:00,2024-12-31 00:00:00,2022-01-01 00:00:00,0.468,0.534,0.453,0.48,0.764,0.721,39,3157,34,47
2025-09-11 13:15:12,Italy_level_3_final,Ensemble (mean weight) using 3 models,Month+1,0.46,2005-01-01 00:00:00,2024-12-31 00:00:00,2022-01-01 00:00:00,0.922,0.901,0.928,0.913,0.998,0.963,64,3201,7,5
2025-09-11 13:15:12,Italy_level_3_final,Ensemble (mean weight) using 3 models,Month+2,0.31,2005-01-01 00:00:00,2024-12-31 00:00:00,2022-01-01 00:00:00,0.81,0.744,0.829,0.78,0.976,0.911,58,3187,20,12
2025-09-11 13:15:12,Italy_level_3_final,Ensemble (mean weight) using 3 models,Month+3,0.48,2005-01-01 00:00:00,2024-12-31 00:00:00,2022-01-01 00:00:00,0.612,0.739,0.586,0.65,0.912,0.79,51,3172,18,36
2025-09-11 13:15:12,Italy_level_3_final,Ensemble (mean weight) using 3 models,Month+4,0.49,2005-01-01 00:00:00,2024-12-31 00:00:00,2022-01-01 00:00:00,0.529,0.584,0.517,0.538,0.851,0.754,45,3158,32,42
2025-09-11 13:15:12,Italy_level_3_final,Ensemble (mean weight) using 3 models,Month+5,0.4,2005-01-01 00:00:00,2024-12-31 00:00:00,2022-01-01 00:00:00,0.47,0.488,0.466,0.463,0.779,0.726,41,3146,43,47
2025-09-11 13:15:12,Italy_level_3_final,Ensemble (mean weight) using 3 models,Month+6,0.55,2005-01-01 00:00:00,2024-12-31 00:00:00,2022-01-01 00:00:00,0.46,0.487,0.453,0.456,0.801,0.72,39,3150,41,47
2025-09-11 13:44:45,Italy_level_3_final,Ensemble (mean weight) using 4 models,Month+1,0.45,2005-01-01 00:00:00,2024-12-31 00:00:00,2022-01-01 00:00:00,0.922,0.901,0.928,0.913,0.998,0.963,64,3201,7,5
2025-09-11 13:44:45,Italy_level_3_final,Ensemble (mean weight) using 4 models,Month+2,0.38,2005-01-01 00:00:00,2024-12-31 00:00:00,2022-01-01 00:00:00,0.817,0.773,0.829,0.796,0.976,0.912,58,3190,17,12
2025-09-11 13:44:45,Italy_level_3_final,Ensemble (mean weight) using 4 models,Month+3,0.49,2005-01-01 00:00:00,2024-12-31 00:00:00,2022-01-01 00:00:00,0.613,0.684,0.598,0.63,0.914,0.795,52,3166,24,35
2025-09-11 13:44:45,Italy_level_3_final,Ensemble (mean weight) using 4 models,Month+4,0.46,2005-01-01 00:00:00,2024-12-31 00:00:00,2022-01-01 00:00:00,0.513,0.4,0.552,0.453,0.849,0.765,48,3118,72,39
2025-09-11 13:44:45,Italy_level_3_final,Ensemble (mean weight) using 4 models,Month+5,0.52,2005-01-01 00:00:00,2024-12-31 00:00:00,2022-01-01 00:00:00,0.474,0.393,0.5,0.426,0.801,0.739,44,3121,68,44
2025-09-11 13:44:45,Italy_level_3_final,Ensemble (mean weight) using 4 models,Month+6,0.43,2005-01-01 00:00:00,2024-12-31 00:00:00,2022-01-01 00:00:00,0.374,0.148,0.605,0.264,0.795,0.755,52,2892,299,34
2025-09-11 14:18:33,Italy_level_3_final,Ensemble (mean weight) using 5 models,Month+1,0.41,2005-01-01 00:00:00,2024-12-31 00:00:00,2022-01-01 00:00:00,0.922,0.901,0.928,0.913,0.998,0.963,64,3201,7,5
2025-09-11 14:18:33,Italy_level_3_final,Ensemble (mean weight) using 5 models,Month+2,0.38,2005-01-01 00:00:00,2024-12-31 00:00:00,2022-01-01 00:00:00,0.819,0.784,0.829,0.802,0.978,0.912,58,3191,16,12
2025-09-11 14:18:33,Italy_level_3_final,Ensemble (mean weight) using 5 models,Month+3,0.46,2005-01-01 00:00:00,2024-12-31 00:00:00,2022-01-01 00:00:00,0.609,0.609,0.609,0.599,0.918,0.799,53,3156,34,34
2025-09-11 14:18:33,Italy_level_3_final,Ensemble (mean weight) using 5 models,Month+4,0.38,2005-01-01 00:00:00,2024-12-31 00:00:00,2022-01-01 00:00:00,0.568,0.543,0.575,0.547,0.836,0.781,50,3148,42,37
2025-09-11 14:18:33,Italy_level_3_final,Ensemble (mean weight) using 5 models,Month+5,0.39,2005-01-01 00:00:00,2024-12-31 00:00:00,2022-01-01 00:00:00,0.453,0.234,0.591,0.346,0.809,0.769,52,3019,170,36
2025-09-11 14:18:33,Italy_level_3_final,Ensemble (mean weight) using 5 models,Month+6,0.44,2005-01-01 00:00:00,2024-12-31 00:00:00,2022-01-01 00:00:00,0.449,0.263,0.547,0.355,0.795,0.753,47,3059,132,39
