time,area_name,lat,lon,rr,hu,qq,tg,tx,tn,fg,outbreak,cases
2000-01-01,ile_de_france,48.71162859216353,2.497539311511026,106.88387,87.9885,34.799305,3.6765406,6.2604218,1.4066314,3.2653885,0,0
2000-02-01,ile_de_france,48.71162859216353,2.497539311511026,357.7862,85.517105,62.22124,6.3190045,10.007098,3.0892894,3.9440753,0,0
2000-03-01,ile_de_france,48.71162859216353,2.497539311511026,199.42258,78.15074,111.15566,7.3001275,11.927923,3.3386796,3.4309764,0,0
2000-04-01,ile_de_france,48.71162859216353,2.497539311511026,475.63333,78.07626,151.02684,9.822683,14.456225,5.717958,3.7200403,0,0
2000-05-01,ile_de_france,48.71162859216353,2.497539311511026,381.2871,78.585434,197.78111,15.04832,20.33635,10.372485,3.17756,0,0
2000-06-01,ile_de_france,48.71162859216353,2.497539311511026,134.96667,72.59996,241.71634,17.279114,22.961317,11.585876,2.7609687,0,0
2000-07-01,ile_de_france,48.71162859216353,2.497539311511026,651.31287,78.010735,190.38947,16.75334,22.075172,12.223363,2.9417992,0,0
2000-08-01,ile_de_france,48.71162859216353,2.497539311511026,221.86452,72.89,204.73328,19.21894,25.572062,13.575047,2.427177,0,0
2000-09-01,ile_de_france,48.71162859216353,2.497539311511026,263.16998,79.790855,135.31589,16.08151,21.517574,11.603548,2.7339573,0,0
2000-10-01,ile_de_france,48.71162859216353,2.497539311511026,587.06134,85.74009,74.663994,11.579175,15.136178,8.693553,3.8796191,0,0
2000-11-01,ile_de_france,48.71162859216353,2.497539311511026,532.45,88.285255,40.694183,7.928906,11.15548,5.3985457,4.6015816,0,0
2000-12-01,ile_de_france,48.71162859216353,2.497539311511026,391.75482,87.56753,27.834381,6.9126844,9.460107,4.6906643,4.087926,0,0
2001-01-01,ile_de_france,48.71162859216353,2.497539311511026,354.59354,86.142,33.690628,4.6454883,7.17518,2.3537345,4.330409,0,0
2001-02-01,ile_de_france,48.71162859216353,2.497539311511026,246.33215,85.12324,60.650772,5.235146,8.54539,2.4205105,3.9954288,0,0
2001-03-01,ile_de_france,48.71162859216353,2.497539311511026,648.0871,85.21488,83.58281,8.417952,12.224419,5.260082,4.1688504,0,0
2001-04-01,ile_de_france,48.71162859216353,2.497539311511026,395.50665,78.995186,139.23132,8.770626,12.852816,5.2158856,4.0453243,0,0
2001-05-01,ile_de_france,48.71162859216353,2.497539311511026,152.0516,72.831665,213.14658,15.156832,20.493357,9.955553,3.013568,0,0
2001-06-01,ile_de_france,48.71162859216353,2.497539311511026,162.87001,68.398415,238.35794,16.478115,22.536173,10.323089,2.722763,0,0
2001-07-01,ile_de_france,48.71162859216353,2.497539311511026,702.3226,74.555016,206.35461,19.171299,24.865494,13.992073,2.8373392,0,0
2001-08-01,ile_de_france,48.71162859216353,2.497539311511026,347.21613,72.94,192.2559,19.496298,25.617393,14.173504,2.8501148,0,0
2001-09-01,ile_de_france,48.71162859216353,2.497539311511026,497.7967,84.39561,111.32528,13.184701,17.937752,9.226871,3.026765,0,0
2001-10-01,ile_de_france,48.71162859216353,2.497539311511026,366.9613,87.3163,81.891975,14.449068,18.99046,11.128092,3.1857438,0,0
2001-11-01,ile_de_france,48.71162859216353,2.497539311511026,281.91,88.49878,46.629307,5.825745,9.372614,2.65934,3.0735903,0,0
2001-12-01,ile_de_france,48.71162859216353,2.497539311511026,233.72258,85.65612,33.0866,2.7013943,5.616432,0.27142668,3.6446893,0,0
2002-01-01,ile_de_france,48.71162859216353,2.497539311511026,144.13548,86.9931,37.957783,4.9171333,7.86903,2.391329,3.9035506,0,0
2002-02-01,ile_de_france,48.71162859216353,2.497539311511026,467.01785,80.66312,56.602585,7.5483527,10.754338,4.7122173,5.904777,0,0
2002-03-01,ile_de_france,48.71162859216353,2.497539311511026,271.25806,78.026215,118.5657,8.422755,13.416077,3.9726717,3.2942846,0,0
2002-04-01,ile_de_france,48.71162859216353,2.497539311511026,64.36667,66.01337,185.50827,10.388314,16.472507,4.549841,3.5491276,0,0
2002-05-01,ile_de_france,48.71162859216353,2.497539311511026,288.17743,78.02915,192.79822,13.175772,18.429583,8.382753,3.3342018,0,0
2002-06-01,ile_de_france,48.71162859216353,2.497539311511026,295.06998,73.359215,230.71901,17.628063,23.465897,12.022595,2.8341765,0,0
2002-07-01,ile_de_france,48.71162859216353,2.497539311511026,221.73225,71.77893,207.06863,18.275518,24.155645,12.847037,3.1820023,0,0
2002-08-01,ile_de_france,48.71162859216353,2.497539311511026,343.15808,77.6396,163.05716,18.319857,24.028189,13.468668,2.4788654,0,0
2002-09-01,ile_de_france,48.71162859216353,2.497539311511026,101.98334,75.30912,147.04674,14.623825,20.638107,9.555413,2.8624318,0,0
2002-10-01,ile_de_france,48.71162859216353,2.497539311511026,379.10968,81.91455,81.80169,11.471793,16.55172,7.2262087,3.5840745,0,0
2002-11-01,ile_de_france,48.71162859216353,2.497539311511026,523.7633,89.73445,39.374496,8.655181,11.560016,6.0940447,3.4828544,0,0
2002-12-01,ile_de_france,48.71162859216353,2.497539311511026,355.58066,89.56987,20.992855,6.393033,8.482461,4.374499,4.0778675,0,0
2003-01-01,ile_de_france,48.71162859216353,2.497539311511026,297.40967,87.13069,37.349644,2.3184474,5.160541,-0.51504004,4.1034293,0,0
2003-02-01,ile_de_france,48.71162859216353,2.497539311511026,136.8,77.9711,77.2536,2.9941561,6.91232,-0.28964287,3.196522,0,0
2003-03-01,ile_de_france,48.71162859216353,2.497539311511026,73.10967,68.05306,145.03334,9.442652,15.405143,4.060318,3.2416756,0,0
2003-04-01,ile_de_france,48.71162859216353,2.497539311511026,184.44667,62.98663,192.98164,10.9589815,16.933437,5.3529773,3.713736,0,0
2003-05-01,ile_de_france,48.71162859216353,2.497539311511026,379.3,76.09165,201.17082,14.120234,19.317226,9.049801,3.037729,0,0
2003-06-01,ile_de_france,48.71162859216353,2.497539311511026,186.98668,72.16147,250.81677,20.16124,26.10751,14.445037,2.5322437,0,0
2003-07-01,ile_de_france,48.71162859216353,2.497539311511026,243.4129,66.5974,235.58002,20.207207,26.441734,14.003117,2.657967,0,0
2003-08-01,ile_de_france,48.71162859216353,2.497539311511026,177.34195,61.034107,222.16173,22.938532,30.252333,15.808251,2.315878,0,0
2003-09-01,ile_de_france,48.71162859216353,2.497539311511026,78.46,69.33573,165.58458,15.583611,22.735416,9.267852,2.3745146,0,0
2003-10-01,ile_de_france,48.71162859216353,2.497539311511026,316.31937,82.34922,82.78935,9.004427,13.440734,5.2284064,3.2589889,0,0
2003-11-01,ile_de_france,48.71162859216353,2.497539311511026,233.56667,89.48068,43.534004,8.041467,11.576107,4.997548,3.1759284,0,0
2003-12-01,ile_de_france,48.71162859216353,2.497539311511026,215.0871,88.314674,29.875511,4.5209484,7.287647,2.1180363,3.652388,0,0
2004-01-01,ile_de_france,48.71162859216353,2.497539311511026,469.20645,88.979996,30.41221,4.3922167,7.1482506,1.9674562,4.249134,0,0
2004-02-01,ile_de_france,48.71162859216353,2.497539311511026,32.31724,80.38499,73.57603,4.8334365,8.774019,1.6247374,3.6974566,0,0
2004-03-01,ile_de_france,48.71162859216353,2.497539311511026,165.82904,77.0566,120.98355,6.440457,11.178513,2.3926175,3.627257,0,0
2004-04-01,ile_de_france,48.71162859216353,2.497539311511026,311.32,75.99613,167.69777,10.255503,15.156211,5.7611737,3.528168,0,0
2004-05-01,ile_de_france,48.71162859216353,2.497539311511026,220.04839,74.48948,229.31696,12.8065815,18.45313,7.008571,2.93063,0,0
2004-06-01,ile_de_france,48.71162859216353,2.497539311511026,125.25001,71.99454,241.66734,17.192064,23.271595,11.185399,2.8620536,0,0
2004-07-01,ile_de_france,48.71162859216353,2.497539311511026,202.10968,70.46284,212.3306,18.386532,24.442482,12.701918,2.7908185,0,0
2004-08-01,ile_de_france,48.71162859216353,2.497539311511026,437.3387,74.445335,174.6367,19.336088,25.241573,14.523604,3.1911063,0,0
2004-09-01,ile_de_france,48.71162859216353,2.497539311511026,75.76667,72.857254,154.96265,16.684511,22.539248,11.50969,3.1872728,0,0
2004-10-01,ile_de_france,48.71162859216353,2.497539311511026,364.54517,83.9157,77.856895,12.05211,16.469933,8.516579,3.5479667,0,0
2004-11-01,ile_de_france,48.71162859216353,2.497539311511026,117.00333,89.17412,38.09217,7.131951,9.769223,4.692678,2.559624,0,0
2004-12-01,ile_de_france,48.71162859216353,2.497539311511026,273.84515,90.61021,24.831131,2.913176,5.373994,0.6238884,3.0371659,0,0
2005-01-01,ile_de_france,48.71162859216353,2.497539311511026,227.02904,86.97019,38.39619,4.757962,7.378742,2.26436,3.9455357,0,0
2005-02-01,ile_de_france,48.71162859216353,2.497539311511026,154.13928,82.85443,66.4046,2.5531974,5.6547694,0.07252396,3.5968359,0,0
2005-03-01,ile_de_france,48.71162859216353,2.497539311511026,217.96129,81.2932,111.049355,6.97118,11.60205,2.8816607,2.8714657,0,0
2005-04-01,ile_de_france,48.71162859216353,2.497539311511026,271.52667,77.872375,161.40717,10.6879015,15.767881,5.915311,3.0612571,0,0
2005-05-01,ile_de_france,48.71162859216353,2.497539311511026,223.63226,73.74658,223.13423,13.870897,19.459332,8.728229,3.0242865,0,0
2005-06-01,ile_de_france,48.71162859216353,2.497539311511026,258.40002,71.86087,258.5528,18.501177,24.957703,12.228666,2.6180694,0,0
2005-07-01,ile_de_france,48.71162859216353,2.497539311511026,270.98065,73.27869,208.34184,19.497591,25.19896,14.217776,3.0819397,0,0
2005-08-01,ile_de_france,48.71162859216353,2.497539311511026,182.3871,70.861115,207.19162,17.814678,24.239635,11.670859,2.5938406,0,0
2005-09-01,ile_de_france,48.71162859216353,2.497539311511026,199.13,76.19289,142.61856,16.770237,22.551008,11.810385,2.390928,0,0
2005-10-01,ile_de_france,48.71162859216353,2.497539311511026,121.964516,81.64238,89.36394,14.717803,19.567648,10.934004,3.1146395,0,0
2005-11-01,ile_de_france,48.71162859216353,2.497539311511026,160.43001,87.96378,50.11946,5.6913114,9.099449,2.802848,3.016879,0,0
2005-12-01,ile_de_france,48.71162859216353,2.497539311511026,171.89032,87.92049,29.623728,3.1798656,5.9460616,0.64454854,3.2934422,0,0
2006-01-01,ile_de_france,48.71162859216353,2.497539311511026,156.51936,85.78664,39.94458,2.3563628,5.2022038,0.014104779,2.9821346,0,0
2006-02-01,ile_de_france,48.71162859216353,2.497539311511026,324.6786,87.30872,46.879673,2.7588902,5.644343,0.33189836,3.4098034,0,0
2006-03-01,ile_de_france,48.71162859216353,2.497539311511026,358.79678,80.48368,110.15156,5.5578523,9.606309,2.1316626,4.243921,0,0
2006-04-01,ile_de_france,48.71162859216353,2.497539311511026,118.186676,72.13622,177.2557,9.910905,15.216032,4.987575,3.2254565,0,0
2006-05-01,ile_de_france,48.71162859216353,2.497539311511026,292.52582,78.594864,184.57047,14.180225,19.255714,9.738046,3.5851114,0,0
2006-06-01,ile_de_france,48.71162859216353,2.497539311511026,157.17001,70.1398,263.98254,18.08877,24.408792,11.468868,2.5088253,0,0
2006-07-01,ile_de_france,48.71162859216353,2.497539311511026,261.58066,64.68692,260.17038,23.164415,30.271982,16.27174,2.5622494,0,0
2006-08-01,ile_de_france,48.71162859216353,2.497539311511026,390.24518,78.91428,164.20871,16.730225,21.951805,12.530196,3.2304718,0,0
2006-09-01,ile_de_france,48.71162859216353,2.497539311511026,187.05334,77.63604,144.5047,18.26942,24.26422,13.350315,2.5200694,0,0
2006-10-01,ile_de_france,48.71162859216353,2.497539311511026,252.01613,85.79432,77.9396,14.232308,18.408236,10.963268,3.1545272,0,0
2006-11-01,ile_de_france,48.71162859216353,2.497539311511026,265.75668,87.66685,47.914986,8.508325,12.501843,5.0947742,3.3170469,0,0
2006-12-01,ile_de_france,48.71162859216353,2.497539311511026,295.73547,88.622345,29.074045,4.970028,7.7268844,2.5620048,3.7964923,0,0
2007-01-01,ile_de_france,48.71162859216353,2.497539311511026,173.91936,86.28476,34.340336,7.1156454,9.641474,4.6739163,4.5471616,0,0
2007-02-01,ile_de_france,48.71162859216353,2.497539311511026,418.75714,84.688484,62.08869,7.5049663,11.303278,4.3630943,3.9059443,0,0
2007-03-01,ile_de_france,48.71162859216353,2.497539311511026,247.71289,80.85983,117.12816,7.1983714,11.967367,3.0232127,3.3487396,0,0
2007-04-01,ile_de_france,48.71162859216353,2.497539311511026,58.716667,67.868835,231.84587,14.13352,21.344154,7.041627,2.5111365,0,0
2007-05-01,ile_de_france,48.71162859216353,2.497539311511026,402.34195,78.42947,183.27257,14.726133,20.069317,10.466518,3.7396536,0,0
2007-06-01,ile_de_france,48.71162859216353,2.497539311511026,332.39,79.4855,200.66577,17.538368,22.80188,13.191679,3.2044673,0,0
2007-07-01,ile_de_france,48.71162859216353,2.497539311511026,391.16772,74.085556,206.96211,17.69164,23.228592,13.03992,3.3739183,0,0
2007-08-01,ile_de_france,48.71162859216353,2.497539311511026,474.51294,78.35671,173.0221,17.202232,22.41581,12.5904045,2.7512772,0,0
2007-09-01,ile_de_france,48.71162859216353,2.497539311511026,105.543335,78.25739,144.16197,14.302967,20.183413,9.3321295,2.4957268,0,0
2007-10-01,ile_de_france,48.71162859216353,2.497539311511026,203.59677,85.54161,89.42671,10.619237,15.385218,6.7683496,2.1220932,0,0
2007-11-01,ile_de_france,48.71162859216353,2.497539311511026,191.66667,87.00873,46.758614,6.1412616,9.919984,2.7970493,2.7945905,1,1
2007-12-01,ile_de_france,48.71162859216353,2.497539311511026,271.71613,86.82574,35.791298,3.6717362,6.8657193,1.1461463,3.6348665,1,1
2008-01-01,ile_de_france,48.71162859216353,2.497539311511026,242.51936,86.45044,36.731544,5.9440484,9.030303,3.3044314,4.0190454,1,1
2008-02-01,ile_de_france,48.71162859216353,2.497539311511026,228.74826,82.69531,79.63666,5.835369,10.567555,1.8730501,3.0751538,1,1
2008-03-01,ile_de_france,48.71162859216353,2.497539311511026,365.2774,80.5387,98.736084,6.8169036,10.470199,3.6639118,4.5686617,1,1
2008-04-01,ile_de_france,48.71162859216353,2.497539311511026,310.17667,78.155106,162.64227,9.181846,14.130607,4.757875,3.122906,1,1
2008-05-01,ile_de_france,48.71162859216353,2.497539311511026,372.1839,73.409515,224.0576,15.82875,21.489206,10.367635,2.4291317,1,1
2008-06-01,ile_de_france,48.71162859216353,2.497539311511026,149.90668,75.537636,224.00089,16.982176,22.256794,11.857153,2.3927693,0,0
2008-07-01,ile_de_france,48.71162859216353,2.497539311511026,151.07097,67.93215,229.35072,18.82541,25.144508,12.69979,2.8583179,0,0
2008-08-01,ile_de_france,48.71162859216353,2.497539311511026,337.30646,74.18438,173.98268,18.273926,23.615765,13.5854,3.1002898,0,0
2008-09-01,ile_de_france,48.71162859216353,2.497539311511026,103.68001,75.754555,145.93558,13.825029,19.767385,8.817559,3.1025972,0,0
2008-10-01,ile_de_france,48.71162859216353,2.497539311511026,303.71613,84.03447,84.37605,10.486006,15.458304,6.5323124,2.676997,0,0
2008-11-01,ile_de_france,48.71162859216353,2.497539311511026,249.64665,88.222305,37.049217,7.265335,10.228834,4.529201,3.3019955,0,0
2008-12-01,ile_de_france,48.71162859216353,2.497539311511026,155.82904,88.67698,29.01472,2.756237,5.1287637,0.51164323,3.0154037,0,0
2009-01-01,ile_de_france,48.71162859216353,2.497539311511026,219.03226,86.66083,43.261745,0.86727864,4.1947107,-1.9687574,3.2496884,0,0
2009-02-01,ile_de_france,48.71162859216353,2.497539311511026,187.53572,86.35297,61.2222,3.5634468,7.2518673,0.27292424,2.717174,0,0
2009-03-01,ile_de_france,48.71162859216353,2.497539311511026,153.67741,75.431595,129.5694,6.746978,11.8939295,2.036965,3.4176726,0,0
2009-04-01,ile_de_france,48.71162859216353,2.497539311511026,229.71333,75.9879,175.48972,11.837806,17.317173,6.944693,2.7001207,0,0
2009-05-01,ile_de_france,48.71162859216353,2.497539311511026,309.69357,78.03016,206.3912,14.454006,19.762863,9.025984,2.7033167,0,0
2009-06-01,ile_de_france,48.71162859216353,2.497539311511026,317.37335,73.9453,249.61902,16.833536,22.290478,10.97895,2.63455,0,0
2009-07-01,ile_de_france,48.71162859216353,2.497539311511026,281.99677,69.74542,231.13208,19.033382,25.258028,13.448263,2.9482095,0,0
2009-08-01,ile_de_france,48.71162859216353,2.497539311511026,74.174194,63.561653,218.24486,20.264908,27.341198,13.643069,2.3083372,0,0
2009-09-01,ile_de_france,48.71162859216353,2.497539311511026,115.16667,75.2331,148.03578,15.925968,22.176958,10.759855,2.6699822,0,0
2009-10-01,ile_de_france,48.71162859216353,2.497539311511026,220.89355,83.48268,85.543625,11.49271,16.564695,7.383643,2.4282787,0,0
2009-11-01,ile_de_france,48.71162859216353,2.497539311511026,380.75,86.340614,40.353916,9.709377,12.608593,7.070378,4.613955,0,0
2009-12-01,ile_de_france,48.71162859216353,2.497539311511026,336.4452,88.08805,29.11799,3.6158128,6.5156546,0.5307707,3.499578,0,0
2010-01-01,ile_de_france,48.71162859216353,2.497539311511026,177.56451,88.87851,33.364803,0.31576964,2.935908,-1.8841804,2.6503682,0,0
2010-02-01,ile_de_france,48.71162859216353,2.497539311511026,297.94287,84.252106,59.751198,3.4838786,6.717265,0.8205849,4.010415,0,0
2010-03-01,ile_de_france,48.71162859216353,2.497539311511026,209.20325,70.60689,127.65339,6.9002037,11.720781,2.7970533,3.8985882,0,0
2010-04-01,ile_de_france,48.71162859216353,2.497539311511026,81.99667,67.71778,208.16844,10.675378,16.948479,4.4735565,3.0870693,0,0
2010-05-01,ile_de_france,48.71162859216353,2.497539311511026,164.96129,71.93489,201.10674,12.4151325,17.649113,7.2839766,2.999963,0,0
2010-06-01,ile_de_france,48.71162859216353,2.497539311511026,268.28668,72.48069,235.78818,17.728188,23.480314,11.958195,2.4478343,0,0
2010-07-01,ile_de_france,48.71162859216353,2.497539311511026,307.86774,67.001,234.6993,20.60739,26.9292,14.50603,2.3350074,0,0
2010-08-01,ile_de_france,48.71162859216353,2.497539311511026,403.75165,74.16723,180.1297,17.8704,23.425398,12.959685,2.715956,0,0
2010-09-01,ile_de_france,48.71162859216353,2.497539311511026,328.05667,77.46404,150.34587,14.6813755,20.489851,9.653165,2.192152,0,0
2010-10-01,ile_de_france,48.71162859216353,2.497539311511026,168.20323,81.64567,90.6614,10.823949,15.742987,6.933589,2.858807,0,0
2010-11-01,ile_de_france,48.71162859216353,2.497539311511026,370.05334,89.932785,33.778522,6.55781,9.135966,4.2864137,3.2340603,0,0
2010-12-01,ile_de_france,48.71162859216353,2.497539311511026,327.51935,89.485886,26.539944,0.14255683,2.1271749,-1.9901582,2.9978719,0,0
2011-01-01,ile_de_france,48.71162859216353,2.497539311511026,262.21613,89.035774,33.54168,4.1814632,6.6575813,1.9644966,3.289504,0,0
2011-02-01,ile_de_france,48.71162859216353,2.497539311511026,153.56786,87.58706,52.372005,5.633466,8.9935665,2.7441683,2.8000958,0,0
2011-03-01,ile_de_france,48.71162859216353,2.497539311511026,124.351616,74.4563,131.63478,8.348893,13.874922,3.3839772,3.1812773,0,0
2011-04-01,ile_de_france,48.71162859216353,2.497539311511026,47.206665,68.86986,209.1038,13.451876,19.960823,7.026024,2.2414854,0,0
2011-05-01,ile_de_france,48.71162859216353,2.497539311511026,45.683872,63.31655,257.46268,15.273595,21.996834,8.295823,2.5515826,0,0
2011-06-01,ile_de_france,48.71162859216353,2.497539311511026,373.37,70.7258,220.7754,17.371815,23.074926,12.1252575,3.0432193,0,0
2011-07-01,ile_de_france,48.71162859216353,2.497539311511026,380.2871,70.26743,203.336,16.990868,22.66923,11.72231,2.855514,0,0
2011-08-01,ile_de_france,48.71162859216353,2.497539311511026,335.40002,74.85564,186.54947,18.511063,24.181112,13.444247,2.6109893,0,0
2011-09-01,ile_de_france,48.71162859216353,2.497539311511026,178.63333,77.716866,148.13333,17.099348,23.125488,12.009954,2.5553334,0,0
2011-10-01,ile_de_france,48.71162859216353,2.497539311511026,151.63548,82.53792,89.5196,12.336263,17.62758,8.175501,2.5273135,0,0
2011-11-01,ile_de_france,48.71162859216353,2.497539311511026,124.53,91.10944,43.459286,8.739664,12.675752,5.807834,2.32985,0,0
2011-12-01,ile_de_france,48.71162859216353,2.497539311511026,539.49036,88.46824,27.439707,6.753085,9.76814,3.8133643,4.309831,0,0
2012-01-01,ile_de_france,48.71162859216353,2.497539311511026,200.73871,86.25215,34.16735,5.6203485,8.449836,3.0221195,3.4318833,0,0
2012-02-01,ile_de_france,48.71162859216353,2.497539311511026,46.251724,78.601,80.45337,1.033624,5.022261,-2.6606758,2.653946,0,0
2012-03-01,ile_de_france,48.71162859216353,2.497539311511026,100.08388,75.88344,135.32259,9.366999,15.097193,4.1363435,2.5365381,0,0
2012-04-01,ile_de_france,48.71162859216353,2.497539311511026,368.93002,76.69042,153.09865,8.645563,13.733293,4.2801385,3.7583196,0,0
2012-05-01,ile_de_france,48.71162859216353,2.497539311511026,290.10968,76.0603,212.88072,14.704295,20.008633,9.668573,2.8144946,0,0
2012-06-01,ile_de_france,48.71162859216353,2.497539311511026,525.74,80.507416,198.31364,16.129238,21.06511,11.8116665,2.928736,0,0
2012-07-01,ile_de_france,48.71162859216353,2.497539311511026,402.6839,73.99071,212.89066,17.796593,23.536205,12.768641,2.732022,0,0
2012-08-01,ile_de_france,48.71162859216353,2.497539311511026,29.893547,66.69183,211.93787,19.712519,26.630714,13.431713,2.716614,0,0
2012-09-01,ile_de_france,48.71162859216353,2.497539311511026,209.72336,74.874054,151.21657,14.654851,21.046669,9.10124,2.406076,0,0
2012-10-01,ile_de_france,48.71162859216353,2.497539311511026,451.89032,86.113655,74.5932,11.977424,15.758098,8.728158,3.0376291,0,0
2012-11-01,ile_de_france,48.71162859216353,2.497539311511026,202.23001,89.52734,37.125057,7.007646,9.860707,4.497494,2.9156978,0,0
2012-12-01,ile_de_france,48.71162859216353,2.497539311511026,461.78064,88.12105,27.676771,5.7960744,8.449083,3.2513876,4.193769,0,0
2013-01-01,ile_de_france,48.71162859216353,2.497539311511026,240.44516,90.55364,27.535398,3.1594846,5.1556935,1.0725135,2.9383957,0,0
2013-02-01,ile_de_france,48.71162859216353,2.497539311511026,240.0,84.92,60.80465,2.2009203,5.267325,-0.22474591,3.3825598,0,0
2013-03-01,ile_de_france,48.71162859216353,2.497539311511026,195.59355,77.93148,104.32604,4.4861073,8.232158,1.324423,3.191827,0,0
2013-04-01,ile_de_france,48.71162859216353,2.497539311511026,190.64667,69.33583,173.13692,9.707828,14.700506,4.759539,3.387311,0,0
2013-05-01,ile_de_france,48.71162859216353,2.497539311511026,426.2226,79.18905,167.49577,11.4114,15.942609,7.317609,2.832546,0,0
2013-06-01,ile_de_france,48.71162859216353,2.497539311511026,404.56665,77.37698,218.39552,16.155018,21.356552,11.431662,2.8833423,0,0
2013-07-01,ile_de_france,48.71162859216353,2.497539311511026,196.40323,70.36199,259.77853,21.330711,27.74754,15.158151,2.6257348,0,0
2013-08-01,ile_de_france,48.71162859216353,2.497539311511026,188.5,69.11737,214.80603,18.925608,25.550617,12.625093,2.1879215,0,0
2013-09-01,ile_de_france,48.71162859216353,2.497539311511026,309.34332,79.51844,136.38814,15.848772,21.179373,11.1522455,2.3448255,0,0
2013-10-01,ile_de_france,48.71162859216353,2.497539311511026,307.75485,86.46415,77.476944,13.309358,17.431437,10.11596,2.9622905,0,0
2013-11-01,ile_de_france,48.71162859216353,2.497539311511026,446.36005,88.03572,36.631317,6.705955,9.471858,4.1505504,3.3127158,0,0
2013-12-01,ile_de_france,48.71162859216353,2.497539311511026,266.5871,86.54051,37.41654,5.14194,8.7356615,2.0468585,3.2464256,0,0
2014-01-01,ile_de_france,48.71162859216353,2.497539311511026,271.4226,88.07454,34.11063,6.3843813,9.193423,3.990775,3.7987506,0,0
2014-02-01,ile_de_france,48.71162859216353,2.497539311511026,345.22858,82.30387,64.09084,6.7439594,10.325261,3.732102,4.494822,0,0
2014-03-01,ile_de_france,48.71162859216353,2.497539311511026,71.4129,73.58486,145.5222,8.511623,14.837984,2.932349,2.4767482,0,0
2014-04-01,ile_de_france,48.71162859216353,2.497539311511026,207.17334,73.7131,181.20447,11.619841,17.132812,6.4047227,2.4271207,0,0
2014-05-01,ile_de_france,48.71162859216353,2.497539311511026,383.09354,77.522255,210.28772,13.247335,18.565807,8.383435,3.0461397,0,0
2014-06-01,ile_de_france,48.71162859216353,2.497539311511026,320.15332,72.80642,258.32416,17.245733,22.943121,11.72161,2.45485,0,0
2014-07-01,ile_de_france,48.71162859216353,2.497539311511026,535.59033,76.586334,202.05693,19.445381,24.97514,14.424684,2.2977571,0,0
2014-08-01,ile_de_france,48.71162859216353,2.497539311511026,442.09998,78.82678,180.29141,16.811571,22.224215,12.431875,2.4725826,0,0
2014-09-01,ile_de_france,48.71162859216353,2.497539311511026,77.316666,78.31791,164.8716,16.726547,23.164331,11.290293,1.8289689,0,0
2014-10-01,ile_de_france,48.71162859216353,2.497539311511026,317.00323,85.933395,85.99892,13.558605,18.247847,10.011195,2.325943,0,0
2014-11-01,ile_de_france,48.71162859216353,2.497539311511026,252.88335,89.02837,45.1481,9.335276,12.587289,6.833179,2.5854719,0,0
2014-12-01,ile_de_france,48.71162859216353,2.497539311511026,298.9613,89.199326,23.57718,4.878231,7.272561,2.6963887,3.3845181,0,0
2015-01-01,ile_de_france,48.71162859216353,2.497539311511026,220.46129,88.49747,32.65837,3.9976618,6.9628596,1.3672526,3.579922,0,0
2015-02-01,ile_de_france,48.71162859216353,2.497539311511026,253.11429,84.44739,70.03644,3.411263,6.941548,0.3954626,3.2449133,0,0
2015-03-01,ile_de_france,48.71162859216353,2.497539311511026,157.42258,77.40479,114.07317,7.211453,12.258645,2.8972092,3.1768718,0,0
2015-04-01,ile_de_france,48.71162859216353,2.497539311511026,256.72998,69.63567,197.03802,11.378665,17.438753,5.4143085,2.7566261,0,0
2015-05-01,ile_de_france,48.71162859216353,2.497539311511026,210.0484,76.3962,214.2048,13.515532,18.9515,8.273239,2.7829053,0,0
2015-06-01,ile_de_france,48.71162859216353,2.497539311511026,38.586666,65.14948,271.85278,18.02634,24.639305,11.30011,2.9724205,0,0
2015-07-01,ile_de_france,48.71162859216353,2.497539311511026,104.5871,63.536186,228.84283,20.7005,27.391043,14.218755,2.9514894,0,0
2015-08-01,ile_de_france,48.71162859216353,2.497539311511026,423.60645,67.49524,195.00822,20.286562,26.752237,14.281424,2.4745486,0,0
2015-09-01,ile_de_france,48.71162859216353,2.497539311511026,333.29,77.27956,147.27652,14.040338,19.289644,9.578276,2.9392908,0,0
2015-10-01,ile_de_france,48.71162859216353,2.497539311511026,244.65163,85.83445,80.66204,10.691345,14.988627,7.141922,2.2844598,0,0
2015-11-01,ile_de_france,48.71162859216353,2.497539311511026,290.67334,86.31504,46.21342,10.320717,13.705651,7.289407,3.6798587,0,0
2015-12-01,ile_de_france,48.71162859216353,2.497539311511026,124.19032,85.78834,36.28145,8.828536,11.842162,6.186785,3.2997618,0,0
2016-01-01,ile_de_france,48.71162859216353,2.497539311511026,279.1613,87.28925,35.431046,5.0604587,8.02736,2.407703,3.7404501,0,0
2016-02-01,ile_de_france,48.71162859216353,2.497539311511026,294.5276,82.582726,64.90674,5.534436,8.921047,2.7403123,4.401997,0,0
2016-03-01,ile_de_france,48.71162859216353,2.497539311511026,398.3226,78.36346,111.63845,6.3012905,10.325244,2.565198,3.7247782,0,0
2016-04-01,ile_de_france,48.71162859216353,2.497539311511026,236.08,77.12072,162.1924,9.096033,14.356809,4.335765,2.9236152,0,0
2016-05-01,ile_de_france,48.71162859216353,2.497539311511026,801.5,77.96988,187.56377,13.790295,18.770863,8.898249,2.6489282,0,0
2016-06-01,ile_de_france,48.71162859216353,2.497539311511026,431.10336,83.79281,179.04385,16.800613,21.395973,13.128949,2.4832861,0,0
2016-07-01,ile_de_france,48.71162859216353,2.497539311511026,95.35806,70.735466,233.98117,19.604687,25.581093,13.976019,2.33483,0,0
2016-08-01,ile_de_france,48.71162859216353,2.497539311511026,88.074196,67.69486,215.27106,20.127354,27.025162,13.6808,2.382546,0,0
2016-09-01,ile_de_france,48.71162859216353,2.497539311511026,181.86,76.04958,147.88232,17.696795,23.98752,12.517677,1.9268209,0,0
2016-10-01,ile_de_france,48.71162859216353,2.497539311511026,148.0871,83.90944,92.57436,10.413399,15.532793,6.3577027,2.2609246,0,0
2016-11-01,ile_de_france,48.71162859216353,2.497539311511026,269.70667,86.16302,44.437363,6.9843965,10.186635,4.411803,3.1864383,0,0
2016-12-01,ile_de_france,48.71162859216353,2.497539311511026,79.548386,89.19922,37.581726,3.4033966,7.2819376,0.5020849,1.9604632,0,0
2017-01-01,ile_de_france,48.71162859216353,2.497539311511026,132.54839,86.57352,41.350723,1.2425979,4.3620157,-1.474832,2.5852022,0,0
2017-02-01,ile_de_france,48.71162859216353,2.497539311511026,200.36072,84.24465,59.034756,6.430501,10.122234,3.595515,3.5331638,0,0
2017-03-01,ile_de_france,48.71162859216353,2.497539311511026,325.02582,78.99071,113.69106,9.698931,14.4352255,5.3675985,3.3294976,0,0
2017-04-01,ile_de_france,48.71162859216353,2.497539311511026,82.28334,69.542946,205.57538,9.552161,15.940122,3.2877672,2.4106889,0,0
2017-05-01,ile_de_france,48.71162859216353,2.497539311511026,251.65485,75.30485,225.4999,15.364928,21.223894,9.76342,2.6251009,0,0
2017-06-01,ile_de_france,48.71162859216353,2.497539311511026,323.77667,69.32798,258.43,19.507822,25.955872,13.198196,2.6523893,0,0
2017-07-01,ile_de_france,48.71162859216353,2.497539311511026,252.04839,69.6885,211.51245,20.026184,26.057667,14.52582,2.8624656,0,0
2017-08-01,ile_de_france,48.71162859216353,2.497539311511026,357.9452,74.268196,184.58801,18.820778,24.87798,13.54453,2.2776856,0,0
2017-09-01,ile_de_france,48.71162859216353,2.497539311511026,544.54333,81.64179,136.37248,14.423568,19.690565,10.408876,2.5871475,0,0
2017-10-01,ile_de_france,48.71162859216353,2.497539311511026,128.36774,84.81246,90.42087,13.0281725,17.9572,9.221485,2.6093636,0,0
2017-11-01,ile_de_france,48.71162859216353,2.497539311511026,272.34668,87.57823,46.49933,6.972622,10.637772,3.7475927,2.754622,0,0
2017-12-01,ile_de_france,48.71162859216353,2.497539311511026,423.90967,89.550995,25.502054,5.02394,7.6279516,2.4776766,3.8411775,0,0
2018-01-01,ile_de_france,48.71162859216353,2.497539311511026,548.9613,88.99246,26.947824,7.15279,9.583272,5.00457,4.1998568,0,0
2018-02-01,ile_de_france,48.71162859216353,2.497539311511026,221.42499,80.31916,81.60498,1.1082335,4.5274544,-1.7360258,3.4611316,0,0
2018-03-01,ile_de_france,48.71162859216353,2.497539311511026,345.10968,80.61082,97.30764,6.4612617,10.75556,3.0351243,3.490195,0,0
2018-04-01,ile_de_france,48.71162859216353,2.497539311511026,271.94,73.51129,169.89217,12.738874,18.177689,7.645906,2.8269014,0,0
2018-05-01,ile_de_france,48.71162859216353,2.497539311511026,320.71613,74.48547,236.4804,15.520077,21.82684,9.637634,2.6046417,0,0
2018-06-01,ile_de_france,48.71162859216353,2.497539311511026,395.38333,74.37478,240.18388,18.727024,24.236683,13.409517,2.4890916,0,0
2018-07-01,ile_de_france,48.71162859216353,2.497539311511026,101.13872,61.634346,260.91663,22.465036,29.157095,15.921245,2.2785256,0,0
2018-08-01,ile_de_france,48.71162859216353,2.497539311511026,138.10324,65.23883,213.98181,20.353846,27.10934,14.013708,2.4187658,0,0
2018-09-01,ile_de_france,48.71162859216353,2.497539311511026,65.706665,68.832634,167.99576,16.091654,23.136946,9.680697,2.4349263,0,0
2018-10-01,ile_de_france,48.71162859216353,2.497539311511026,116.377426,76.96711,101.33556,12.835511,18.723764,7.9784713,2.7076185,0,0
2018-11-01,ile_de_france,48.71162859216353,2.497539311511026,326.44666,86.93617,47.292618,7.419445,10.748778,4.5875793,3.0364184,0,0
2018-12-01,ile_de_france,48.71162859216353,2.497539311511026,337.9613,88.92262,28.292923,6.329554,8.832271,3.8756828,3.5823336,0,0
2019-01-01,ile_de_france,48.71162859216353,2.497539311511026,207.52258,87.29971,32.577183,3.509121,5.856718,1.4319116,3.10181,0,0
2019-02-01,ile_de_france,48.71162859216353,2.497539311511026,178.10715,79.14391,90.241135,6.30302,12.19228,1.5189549,2.7654698,0,0
2019-03-01,ile_de_france,48.71162859216353,2.497539311511026,260.5129,75.49461,125.61832,8.733277,13.467985,4.386428,4.275843,0,0
2019-04-01,ile_de_france,48.71162859216353,2.497539311511026,117.43667,69.573944,184.31006,10.574593,16.32377,4.9695945,2.924973,0,0
2019-05-01,ile_de_france,48.71162859216353,2.497539311511026,397.56128,74.60483,208.84412,12.509693,17.96039,7.1981406,2.6222277,0,0
2019-06-01,ile_de_france,48.71162859216353,2.497539311511026,300.39334,73.22541,239.91655,18.776876,24.797056,12.924675,2.788029,0,0
2019-07-01,ile_de_france,48.71162859216353,2.497539311511026,101.21936,59.379456,260.7108,21.056973,28.20804,13.790762,2.6550722,0,0
2019-08-01,ile_de_france,48.71162859216353,2.497539311511026,260.16452,66.97381,208.16626,19.923632,26.582037,13.628021,2.4283395,0,0
2019-09-01,ile_de_france,48.71162859216353,2.497539311511026,140.58,69.918205,156.45459,16.111954,22.32869,10.677075,3.0749083,0,0
2019-10-01,ile_de_france,48.71162859216353,2.497539311511026,403.70325,85.33838,71.699715,12.7585945,16.399876,9.902134,3.4525933,0,0
2019-11-01,ile_de_france,48.71162859216353,2.497539311511026,462.63998,89.02884,42.43333,7.3719277,10.221866,5.0896707,3.3797493,0,0
2019-12-01,ile_de_france,48.71162859216353,2.497539311511026,431.37744,86.54133,32.488636,6.2709846,9.2495165,3.7294996,3.805287,0,0
2020-01-01,ile_de_france,48.71162859216353,2.497539311511026,156.40645,87.3481,39.528904,5.9086833,9.000626,3.1027646,3.5422904,0,0
2020-02-01,ile_de_france,48.71162859216353,2.497539311511026,490.9897,81.15139,64.67392,8.090515,11.624705,5.291738,5.272479,0,0
2020-03-01,ile_de_france,48.71162859216353,2.497539311511026,249.21936,72.37002,129.60295,7.8786345,12.475467,3.8966897,4.0547953,0,0
2020-04-01,ile_de_france,48.71162859216353,2.497539311511026,120.21,62.256058,217.0367,13.484805,20.394304,6.85225,2.6860962,0,0
2020-05-01,ile_de_france,48.71162859216353,2.497539311511026,250.03549,64.9805,265.44186,14.947455,21.133781,8.460385,2.7897077,0,0
2020-06-01,ile_de_france,48.71162859216353,2.497539311511026,210.89,69.683754,231.4244,17.474215,23.389471,11.89579,2.9181252,0,0
2020-07-01,ile_de_france,48.71162859216353,2.497539311511026,32.96129,59.525364,247.59993,19.888851,26.479649,13.074436,2.8867676,0,0
2020-08-01,ile_de_france,48.71162859216353,2.497539311511026,240.1387,64.8838,203.68889,21.0969,27.99937,15.190898,2.741351,0,0
2020-09-01,ile_de_france,48.71162859216353,2.497539311511026,209.04333,68.753624,157.82529,17.596188,24.17685,11.888078,2.5716712,0,0
2020-10-01,ile_de_france,48.71162859216353,2.497539311511026,423.8613,84.94581,69.21563,11.771915,15.258717,9.049259,3.6803422,0,0
2020-11-01,ile_de_france,48.71162859216353,2.497539311511026,75.63667,86.48436,54.194405,8.702281,13.011577,5.2726846,2.631915,0,0
2020-12-01,ile_de_france,48.71162859216353,2.497539311511026,520.4,90.261154,27.844557,6.1050487,8.532072,3.822124,3.777941,0,0
2021-01-01,ile_de_france,48.71162859216353,2.497539311511026,410.81293,88.87809,33.704914,3.9001448,6.4868865,1.5936784,3.4881556,0,0
2021-02-01,ile_de_france,48.71162859216353,2.497539311511026,196.56071,78.08068,76.54243,6.1249375,9.82254,2.8440151,3.6816754,0,0
2021-03-01,ile_de_france,48.71162859216353,2.497539311511026,154.7484,73.466034,136.798,7.3543315,13.09817,2.2128448,3.5976095,0,0
2021-04-01,ile_de_france,48.71162859216353,2.497539311511026,120.44,65.13679,210.26152,8.445092,14.511134,2.452897,3.4198904,0,0
2021-05-01,ile_de_france,48.71162859216353,2.497539311511026,396.48065,74.479225,216.48279,12.010662,17.313896,7.2895837,3.8454425,0,0
2021-06-01,ile_de_france,48.71162859216353,2.497539311511026,471.48334,76.90129,226.12727,18.761078,24.453444,13.431194,2.6196845,0,0
2021-07-01,ile_de_france,48.71162859216353,2.497539311511026,429.83224,76.01446,209.0602,18.90502,24.168434,14.206657,3.0808744,0,0
2021-08-01,ile_de_france,48.71162859216353,2.497539311511026,143.08386,75.69622,181.4226,17.988659,23.525522,13.255395,3.030762,0,0
2021-09-01,ile_de_france,48.71162859216353,2.497539311511026,325.91333,78.816475,160.37025,17.283197,23.57839,12.27749,2.4896264,0,0
2021-10-01,ile_de_france,48.71162859216353,2.497539311511026,303.83228,84.093094,98.7493,11.378156,17.033175,6.817328,3.0683742,0,0
2021-11-01,ile_de_france,48.71162859216353,2.497539311511026,161.64,89.71286,46.271366,5.7872324,9.477747,2.896738,2.910935,0,0
2021-12-01,ile_de_france,48.71162859216353,2.497539311511026,384.7,89.78614,27.124485,6.289482,8.95765,3.9797683,3.5557303,0,0
2022-01-01,ile_de_france,48.71162859216353,2.497539311511026,242.50967,89.32675,34.633034,3.9405997,6.74289,1.5769279,3.0353951,0,0
2022-02-01,ile_de_france,48.71162859216353,2.497539311511026,176.31071,80.22636,75.83893,6.8133554,10.992854,3.0231688,4.4206257,0,0
2022-03-01,ile_de_france,48.71162859216353,2.497539311511026,100.10968,69.26733,132.84607,8.709646,14.271758,3.5877137,3.0906148,0,0
2022-04-01,ile_de_france,48.71162859216353,2.497539311511026,240.37,70.10156,187.39552,10.596141,16.232288,4.9718385,3.620141,0,0
2022-05-01,ile_de_france,48.71162859216353,2.497539311511026,103.46774,69.38334,247.86902,15.919155,22.323383,9.6814995,2.8783047,0,0
2022-06-01,ile_de_france,48.71162859216353,2.497539311511026,431.62003,69.73258,252.47069,18.77739,24.99675,12.711389,2.8852794,0,0
2022-07-01,ile_de_france,48.71162859216353,2.497539311511026,84.593544,59.295303,281.52066,21.360266,28.409395,13.60899,2.8263087,0,0
2022-08-01,ile_de_france,48.71162859216353,2.497539311511026,125.75484,60.911728,232.01602,21.683205,28.87232,14.743801,2.7827668,0,0
2022-09-01,ile_de_france,48.71162859216353,2.497539311511026,286.18335,76.02573,148.5499,15.642052,21.641434,10.8592615,2.757445,0,0
2022-10-01,ile_de_france,48.71162859216353,2.497539311511026,290.92905,83.51663,92.82723,14.913718,19.992716,10.974529,2.8278956,0,0
2022-11-01,ile_de_france,48.71162859216353,2.497539311511026,228.09,88.30349,44.43221,9.033742,12.390006,6.3013983,3.6108973,0,0
2022-12-01,ile_de_france,48.71162859216353,2.497539311511026,217.1129,87.70222,26.511581,4.728939,7.0564103,2.4883091,3.6253428,0,0
2023-01-01,ile_de_france,48.71162859216353,2.497539311511026,243.60321,86.763756,29.077072,5.588201,7.8433647,3.3879235,4.380693,0,0
2023-02-01,ile_de_france,48.71162859216353,2.497539311511026,6.7857146,79.781746,79.18193,5.507939,10.167255,1.876328,3.159904,0,0
2023-03-01,ile_de_france,48.71162859216353,2.497539311511026,305.48386,76.29706,106.047844,8.621626,12.781896,4.9677486,4.445709,0,0
2023-04-01,ile_de_france,48.71162859216353,2.497539311511026,295.62,77.35998,164.17024,9.554949,14.687166,4.998083,3.552472,0,0
2023-05-01,ile_de_france,48.71162859216353,2.497539311511026,236.92258,74.19927,236.20438,14.443008,20.222841,9.03003,3.4923272,0,0
2023-06-01,ile_de_france,48.71162859216353,2.497539311511026,224.49333,65.110794,274.91565,20.58234,27.398966,13.799431,2.8892305,0,0
2023-07-01,ile_de_france,48.71162859216353,2.497539311511026,438.44196,66.8739,221.99437,19.763151,25.841902,14.057606,3.4735353,0,0
2023-08-01,ile_de_france,48.71162859216353,2.497539311511026,361.22583,76.90282,184.94804,19.237753,24.821243,14.52446,3.0082808,0,0
2023-09-01,ile_de_france,48.71162859216353,2.497539311511026,249.69333,75.42273,164.26979,19.436993,26.061684,13.926543,2.6061451,0,0
2023-10-01,ile_de_france,48.71162859216353,2.497539311511026,436.26776,81.33501,93.37584,13.956479,19.4142,9.610651,3.2338924,0,0
2023-11-01,ile_de_france,48.71162859216353,2.497539311511026,472.75668,87.433334,40.825726,8.568277,11.775071,6.0681763,4.3948545,0,0
2023-12-01,ile_de_france,48.71162859216353,2.497539311511026,318.73874,87.542755,25.568956,7.1832514,9.432853,5.033384,4.235718,0,0
2024-01-01,ile_de_france,48.71162859216353,2.497539311511026,281.5355,85.4771,39.410046,3.9873824,7.1364794,1.279528,3.7178996,0,0
2024-02-01,ile_de_france,48.71162859216353,2.497539311511026,411.92413,87.975426,48.662575,8.569821,11.2866535,6.160456,4.1235175,0,0
2024-03-01,ile_de_france,48.71162859216353,2.497539311511026,393.65805,82.85355,112.21001,9.128456,13.780319,5.4501925,3.4170146,0,0
2024-04-01,ile_de_france,48.71162859216353,2.497539311511026,297.77,76.89545,165.67696,11.07287,16.179504,6.6080694,3.688143,0,0
2024-05-01,ile_de_france,48.71162859216353,2.497539311511026,504.88068,81.63987,184.56636,14.41671,19.495438,10.221433,2.844438,0,0
2024-06-01,ile_de_france,48.71162859216353,2.497539311511026,266.30334,75.00346,227.18298,16.93845,22.554464,11.645499,2.9333198,0,0
2024-07-01,ile_de_france,48.71162859216353,2.497539311511026,390.3806,71.969986,219.45831,19.739744,25.650164,14.154377,2.769342,0,0
2024-08-01,ile_de_france,48.71162859216353,2.497539311511026,274.69354,73.65053,211.8623,20.263535,26.486652,14.675615,2.6800714,0,0
2024-09-01,ile_de_france,48.71162859216353,2.497539311511026,561.4533,82.473145,128.64899,15.398516,20.001623,11.792948,3.3840134,1,20
2024-10-01,ile_de_france,48.71162859216353,2.497539311511026,490.74194,88.63688,79.303314,13.186291,17.071404,10.160259,2.9164581,1,23
2024-11-01,ile_de_france,48.71162859216353,2.497539311511026,249.09001,88.118546,33.470695,7.70908,10.520488,5.131774,3.303114,1,25
2024-12-01,ile_de_france,48.71162859216353,2.497539311511026,237.31291,89.12964,23.957132,5.478257,7.7622447,3.272654,3.624308,1,25
2000-01-01,centre_val_de_loire,47.48279502980847,1.687230079544743,243.47743,86.5207,38.824078,3.6426115,6.4594016,1.1628597,3.0564563,0,0
2000-02-01,centre_val_de_loire,47.48279502980847,1.687230079544743,1197.6621,85.924515,68.14099,6.42106,10.511628,2.877219,3.7605972,0,0
2000-03-01,centre_val_de_loire,47.48279502980847,1.687230079544743,632.2129,77.185104,128.7331,7.0310326,12.192567,2.527608,3.214117,0,0
2000-04-01,centre_val_de_loire,47.48279502980847,1.687230079544743,1518.23,78.655624,156.83946,9.796458,14.716515,5.4160075,3.7350464,0,0
2000-05-01,centre_val_de_loire,47.48279502980847,1.687230079544743,967.3484,78.82306,207.97964,15.147119,20.63394,10.199859,3.005328,0,0
2000-06-01,centre_val_de_loire,47.48279502980847,1.687230079544743,538.5867,72.61059,245.36772,17.953611,23.810575,12.13484,2.7997553,0,0
2000-07-01,centre_val_de_loire,47.48279502980847,1.687230079544743,1808.7839,77.03283,209.85443,17.182999,22.85764,12.152051,3.223255,0,0
2000-08-01,centre_val_de_loire,47.48279502980847,1.687230079544743,495.58386,74.13304,211.23608,19.515373,26.120544,13.426942,2.45555,0,0
2000-09-01,centre_val_de_loire,47.48279502980847,1.687230079544743,662.51,78.79099,149.38037,16.3137,22.390934,11.095695,2.604569,0,0
2000-10-01,centre_val_de_loire,47.48279502980847,1.687230079544743,1607.9839,86.38664,80.81938,11.643667,15.629252,8.378342,3.2891374,0,0
2000-11-01,centre_val_de_loire,47.48279502980847,1.687230079544743,1790.2566,88.3851,45.5161,8.193935,11.740358,5.481156,4.0735197,0,0
2000-12-01,centre_val_de_loire,47.48279502980847,1.687230079544743,1157.971,85.86722,33.19586,7.5115857,10.789526,4.7918696,3.70504,0,0
2001-01-01,centre_val_de_loire,47.48279502980847,1.687230079544743,1152.813,86.17538,36.02702,5.230585,7.976107,2.6169362,4.104633,0,0
2001-02-01,centre_val_de_loire,47.48279502980847,1.687230079544743,635.95715,84.229294,65.786385,5.2035418,8.864725,2.1427598,3.6933784,0,0
2001-03-01,centre_val_de_loire,47.48279502980847,1.687230079544743,2044.7097,85.69798,89.591675,8.952093,12.838743,5.7464895,4.2612834,0,0
2001-04-01,centre_val_de_loire,47.48279502980847,1.687230079544743,1535.9534,80.48274,141.27307,8.663528,13.0148115,4.932278,3.8503635,0,0
2001-05-01,centre_val_de_loire,47.48279502980847,1.687230079544743,740.3613,76.64925,218.49408,15.096181,20.663128,9.768353,2.9193077,0,0
2001-06-01,centre_val_de_loire,47.48279502980847,1.687230079544743,462.68668,68.64641,253.42166,16.951046,23.25508,10.376864,2.745115,0,0
2001-07-01,centre_val_de_loire,47.48279502980847,1.687230079544743,1968.6968,75.83851,220.50014,19.258278,25.198578,13.761018,2.824537,0,0
2001-08-01,centre_val_de_loire,47.48279502980847,1.687230079544743,1161.0032,75.47175,204.47372,19.674751,25.96135,14.208377,2.690349,0,0
2001-09-01,centre_val_de_loire,47.48279502980847,1.687230079544743,815.6534,82.95596,129.19478,13.380408,18.900145,8.580169,2.8072054,0,0
2001-10-01,centre_val_de_loire,47.48279502980847,1.687230079544743,1414.487,86.730804,91.55839,14.702876,19.830332,10.932871,2.820274,0,0
2001-11-01,centre_val_de_loire,47.48279502980847,1.687230079544743,678.76,88.69144,52.316456,5.361946,9.081091,2.1062608,3.1275783,0,0
2001-12-01,centre_val_de_loire,47.48279502980847,1.687230079544743,748.82263,87.687454,38.22751,2.1174853,5.1784806,-0.5301974,3.6161494,0,0
2002-01-01,centre_val_de_loire,47.48279502980847,1.687230079544743,441.0097,87.28819,44.433506,5.368881,9.143599,2.285,3.508204,0,0
2002-02-01,centre_val_de_loire,47.48279502980847,1.687230079544743,1260.1929,82.96051,59.65785,7.5211396,10.9116125,4.6237664,5.169103,0,0
2002-03-01,centre_val_de_loire,47.48279502980847,1.687230079544743,652.59033,79.16855,125.94903,8.481816,13.777964,3.679918,3.3362248,0,0
2002-04-01,centre_val_de_loire,47.48279502980847,1.687230079544743,255.69667,70.27437,188.91133,10.331578,16.530783,4.335539,3.3846436,0,0
2002-05-01,centre_val_de_loire,47.48279502980847,1.687230079544743,1199.9872,79.49824,202.0499,13.030996,18.62507,7.883174,3.213172,0,0
2002-06-01,centre_val_de_loire,47.48279502980847,1.687230079544743,1005.8634,75.08325,240.96379,17.934895,23.859701,12.093406,2.828019,0,0
2002-07-01,centre_val_de_loire,47.48279502980847,1.687230079544743,744.929,73.13323,217.57677,18.252703,24.33511,12.364126,3.058524,0,0
2002-08-01,centre_val_de_loire,47.48279502980847,1.687230079544743,1421.5677,80.01577,172.2678,18.21051,23.844467,13.342894,2.467539,0,0
2002-09-01,centre_val_de_loire,47.48279502980847,1.687230079544743,434.73334,77.986916,158.97568,14.605248,20.90321,9.164648,2.7243142,0,0
2002-10-01,centre_val_de_loire,47.48279502980847,1.687230079544743,1219.013,84.18441,88.3104,11.934647,17.069822,7.5531096,3.277215,0,0
2002-11-01,centre_val_de_loire,47.48279502980847,1.687230079544743,1866.4867,90.389534,45.692753,8.759437,12.242345,5.814001,3.2900639,0,0
2002-12-01,centre_val_de_loire,47.48279502980847,1.687230079544743,1140.6033,90.88126,23.956512,7.216908,9.620744,4.994193,3.7955024,0,0
2003-01-01,centre_val_de_loire,47.48279502980847,1.687230079544743,1123.5807,86.70797,43.92024,2.3688676,5.377958,-0.42134613,4.017619,0,0
2003-02-01,centre_val_de_loire,47.48279502980847,1.687230079544743,577.3607,80.31116,78.296265,3.3168807,7.4596305,-0.110229045,3.0395606,0,0
2003-03-01,centre_val_de_loire,47.48279502980847,1.687230079544743,340.05164,68.10818,155.13335,9.643159,16.05259,3.805218,3.0843372,0,0
2003-04-01,centre_val_de_loire,47.48279502980847,1.687230079544743,715.6867,63.87603,198.45625,11.213292,17.334322,5.2000046,3.6770995,0,0
2003-05-01,centre_val_de_loire,47.48279502980847,1.687230079544743,1088.3806,77.91558,208.26118,14.22673,19.583015,8.9071865,2.9785273,0,0
2003-06-01,centre_val_de_loire,47.48279502980847,1.687230079544743,925.58997,74.80578,260.53537,20.872087,27.02806,15.021395,2.4767616,0,0
2003-07-01,centre_val_de_loire,47.48279502980847,1.687230079544743,719.53546,68.412834,247.06723,20.38978,26.750755,14.127198,2.6803272,0,0
2003-08-01,centre_val_de_loire,47.48279502980847,1.687230079544743,354.41614,58.717327,232.9141,23.921236,31.662704,16.208511,2.255496,0,0
2003-09-01,centre_val_de_loire,47.48279502980847,1.687230079544743,582.0467,70.51742,170.84142,16.006058,23.001116,9.803738,2.4188437,0,0
2003-10-01,centre_val_de_loire,47.48279502980847,1.687230079544743,1413.813,85.922615,87.27535,9.413,13.966845,5.729818,3.0494378,0,0
2003-11-01,centre_val_de_loire,47.48279502980847,1.687230079544743,1048.2666,89.88473,50.196342,8.168369,12.191443,4.764975,2.8394723,0,0
2003-12-01,centre_val_de_loire,47.48279502980847,1.687230079544743,784.0065,89.30746,35.21308,4.5601225,7.5222826,1.9022335,3.4776044,0,0
2004-01-01,centre_val_de_loire,47.48279502980847,1.687230079544743,1913.4646,89.08687,34.607185,4.781185,7.739607,2.2440372,4.067329,0,0
2004-02-01,centre_val_de_loire,47.48279502980847,1.687230079544743,322.77588,81.419945,85.703255,4.5398746,9.147859,0.86354065,3.22603,0,0
2004-03-01,centre_val_de_loire,47.48279502980847,1.687230079544743,657.8323,78.332344,127.03668,6.320118,11.27883,2.0576296,3.4988642,0,0
2004-04-01,centre_val_de_loire,47.48279502980847,1.687230079544743,1188.5433,78.0502,171.0123,9.972426,15.031753,5.3488555,3.5060723,0,0
2004-05-01,centre_val_de_loire,47.48279502980847,1.687230079544743,658.0226,74.481575,239.9024,13.080859,19.006573,7.1754694,3.0467367,0,0
2004-06-01,centre_val_de_loire,47.48279502980847,1.687230079544743,328.75665,68.86285,258.46887,18.001534,24.437986,11.426667,2.8462965,0,0
2004-07-01,centre_val_de_loire,47.48279502980847,1.687230079544743,843.2774,69.74807,227.17633,18.744368,25.122536,12.642687,2.8101313,0,0
2004-08-01,centre_val_de_loire,47.48279502980847,1.687230079544743,1798.4678,76.62683,182.47202,19.176619,24.948675,14.44286,3.0525138,0,0
2004-09-01,centre_val_de_loire,47.48279502980847,1.687230079544743,273.53,75.15855,163.80534,16.577557,22.68079,11.155742,2.7805505,0,0
2004-10-01,centre_val_de_loire,47.48279502980847,1.687230079544743,1302.9741,84.63422,86.33572,12.545295,17.286694,8.878068,3.2665224,0,0
2004-11-01,centre_val_de_loire,47.48279502980847,1.687230079544743,452.07333,90.44181,43.054077,6.885531,9.786494,4.248583,2.3701131,0,0
2004-12-01,centre_val_de_loire,47.48279502980847,1.687230079544743,831.0129,91.384,29.384306,3.095861,5.8560815,0.6741656,3.0415843,0,0
2005-01-01,centre_val_de_loire,47.48279502980847,1.687230079544743,796.55804,88.30794,41.961136,4.551113,7.5468936,1.7761575,3.6322691,0,0
2005-02-01,centre_val_de_loire,47.48279502980847,1.687230079544743,436.4643,83.53939,71.65974,2.3630877,5.8128905,-0.39387354,3.3964896,0,0
2005-03-01,centre_val_de_loire,47.48279502980847,1.687230079544743,693.28064,79.96865,125.61284,7.1108937,12.38023,2.5089676,2.7299592,0,0
2005-04-01,centre_val_de_loire,47.48279502980847,1.687230079544743,952.19,79.3833,168.58116,10.528955,15.910562,5.450644,2.9400005,0,0
2005-05-01,centre_val_de_loire,47.48279502980847,1.687230079544743,687.3806,75.122444,232.32974,14.057338,20.02611,8.460508,2.8498003,0,0
2005-06-01,centre_val_de_loire,47.48279502980847,1.687230079544743,558.2,69.69078,267.16006,19.217411,26.132261,12.4297695,2.7284184,0,0
2005-07-01,centre_val_de_loire,47.48279502980847,1.687230079544743,1072.6646,71.46204,224.27747,19.730476,25.870173,14.011641,2.8579886,0,0
2005-08-01,centre_val_de_loire,47.48279502980847,1.687230079544743,436.52258,66.2024,221.19702,18.259197,25.119324,11.484184,2.671876,0,0
2005-09-01,centre_val_de_loire,47.48279502980847,1.687230079544743,801.49335,76.14025,152.44762,16.475529,22.853945,11.086485,2.2880745,0,0
2005-10-01,centre_val_de_loire,47.48279502980847,1.687230079544743,569.1677,81.25814,94.12475,14.889905,19.94863,11.000633,2.7232075,0,0
2005-11-01,centre_val_de_loire,47.48279502980847,1.687230079544743,655.06335,88.2468,57.670254,5.577726,9.335786,2.5691314,2.837866,0,0
2005-12-01,centre_val_de_loire,47.48279502980847,1.687230079544743,744.35486,88.10634,35.394516,2.582725,5.531486,-0.2043453,3.183553,0,0
2006-01-01,centre_val_de_loire,47.48279502980847,1.687230079544743,708.41296,87.97588,43.095753,2.7021046,5.7584767,0.37487882,2.6884286,0,0
2006-02-01,centre_val_de_loire,47.48279502980847,1.687230079544743,882.41785,87.06891,54.75173,2.6764135,5.697925,0.15605634,3.2361639,0,0
2006-03-01,centre_val_de_loire,47.48279502980847,1.687230079544743,1519.5452,80.55518,114.39832,6.3242784,10.968019,2.5962753,4.108885,0,0
2006-04-01,centre_val_de_loire,47.48279502980847,1.687230079544743,404.87003,72.56149,186.66765,10.1295395,15.832467,4.7032003,2.8854597,0,0
2006-05-01,centre_val_de_loire,47.48279502980847,1.687230079544743,886.7742,78.14346,195.65659,14.083038,19.537828,9.154743,3.1919794,0,0
2006-06-01,centre_val_de_loire,47.48279502980847,1.687230079544743,424.57,66.74966,274.84814,18.960894,25.613337,11.849964,2.5070229,0,0
2006-07-01,centre_val_de_loire,47.48279502980847,1.687230079544743,762.129,62.8077,263.2322,23.578299,30.795877,16.40301,2.4158297,0,0
2006-08-01,centre_val_de_loire,47.48279502980847,1.687230079544743,800.40967,75.99174,180.3715,16.950678,22.622755,12.181834,2.8948386,0,0
2006-09-01,centre_val_de_loire,47.48279502980847,1.687230079544743,1182.8401,76.864914,149.21132,18.471079,24.672358,13.403673,2.5227828,0,0
2006-10-01,centre_val_de_loire,47.48279502980847,1.687230079544743,1282.8645,86.80946,86.40214,14.424479,18.84523,11.108445,2.835013,0,0
2006-11-01,centre_val_de_loire,47.48279502980847,1.687230079544743,922.48,87.99977,56.045498,8.858394,13.378313,5.1672926,3.0966132,0,0
2006-12-01,centre_val_de_loire,47.48279502980847,1.687230079544743,863.4613,89.20873,35.41364,4.4039936,7.55437,1.6568103,3.188306,0,0
2007-01-01,centre_val_de_loire,47.48279502980847,1.687230079544743,665.19354,89.30715,40.169456,6.784023,9.404847,4.252895,3.9810376,0,0
2007-02-01,centre_val_de_loire,47.48279502980847,1.687230079544743,1191.5465,85.29064,70.77192,7.688935,11.710046,4.3245306,3.956217,0,0
2007-03-01,centre_val_de_loire,47.48279502980847,1.687230079544743,1092.5516,82.3957,123.63578,7.1397424,12.186136,2.7322338,3.2495725,0,0
2007-04-01,centre_val_de_loire,47.48279502980847,1.687230079544743,170.79333,70.25158,227.67172,14.113562,21.441713,6.9341307,2.5431223,0,0
2007-05-01,centre_val_de_loire,47.48279502980847,1.687230079544743,1290.2742,81.229546,186.72171,14.61204,20.025063,10.400123,3.53301,0,0
2007-06-01,centre_val_de_loire,47.48279502980847,1.687230079544743,1411.2134,80.001274,209.02132,17.418438,22.771072,12.900126,3.034803,0,0
2007-07-01,centre_val_de_loire,47.48279502980847,1.687230079544743,1320.8226,75.91321,215.36151,17.725481,23.32735,12.993207,3.2089362,0,0
2007-08-01,centre_val_de_loire,47.48279502980847,1.687230079544743,1138.1548,78.234886,182.49782,17.35378,22.739222,12.554871,2.7689805,0,0
2007-09-01,centre_val_de_loire,47.48279502980847,1.687230079544743,417.0467,78.41365,160.47397,14.1245165,20.57489,8.525534,2.317697,0,0
2007-10-01,centre_val_de_loire,47.48279502980847,1.687230079544743,631.7516,85.135735,97.85395,10.771556,15.892077,6.8056083,2.1882365,0,0
2007-11-01,centre_val_de_loire,47.48279502980847,1.687230079544743,703.49,87.48157,53.510757,5.8979244,9.860447,2.3660996,2.6511996,1,4
2007-12-01,centre_val_de_loire,47.48279502980847,1.687230079544743,764.8839,87.44481,40.169456,3.7378597,7.181702,0.8872716,3.4918258,1,4
2008-01-01,centre_val_de_loire,47.48279502980847,1.687230079544743,1061.271,87.10993,45.18885,5.8470135,9.457627,2.794687,3.5268383,1,4
2008-02-01,centre_val_de_loire,47.48279502980847,1.687230079544743,602.68274,82.67646,88.9162,6.162125,11.567673,1.7490046,2.9640973,1,4
2008-03-01,centre_val_de_loire,47.48279502980847,1.687230079544743,1280.1838,81.875946,106.70429,6.8082485,10.853518,3.470238,4.4661136,1,4
2008-04-01,centre_val_de_loire,47.48279502980847,1.687230079544743,1382.31,79.87974,165.03339,9.107524,14.091163,4.689036,3.1836264,1,4
2008-05-01,centre_val_de_loire,47.48279502980847,1.687230079544743,1355.0516,76.56037,221.72192,15.518289,21.603268,9.759267,2.238014,1,4
2008-06-01,centre_val_de_loire,47.48279502980847,1.687230079544743,592.27,77.32649,232.94298,17.08455,22.670214,11.749903,2.3190336,0,0
2008-07-01,centre_val_de_loire,47.48279502980847,1.687230079544743,629.0097,69.30298,244.53151,18.745817,25.398046,12.303478,2.6054034,0,0
2008-08-01,centre_val_de_loire,47.48279502980847,1.687230079544743,928.571,75.8357,188.04402,18.251202,24.121916,13.171345,2.9190052,0,0
2008-09-01,centre_val_de_loire,47.48279502980847,1.687230079544743,458.53333,75.982124,155.69148,13.803835,20.041725,8.52924,2.87158,0,0
2008-10-01,centre_val_de_loire,47.48279502980847,1.687230079544743,1090.6001,84.46321,89.97441,10.570574,16.14703,6.2265167,2.394244,0,0
2008-11-01,centre_val_de_loire,47.48279502980847,1.687230079544743,1065.48,89.74459,40.51463,7.141035,10.018058,4.6452894,2.9349432,0,0
2008-12-01,centre_val_de_loire,47.48279502980847,1.687230079544743,526.3,89.11334,32.626102,2.9209437,5.7136145,0.4991588,2.922105,0,0
2009-01-01,centre_val_de_loire,47.48279502980847,1.687230079544743,807.2355,86.854706,47.54444,1.1314081,4.898615,-1.9777732,3.1727087,0,0
2009-02-01,centre_val_de_loire,47.48279502980847,1.687230079544743,449.84644,84.66274,73.95388,3.5813818,7.8565154,-0.1589881,2.6430304,0,0
2009-03-01,centre_val_de_loire,47.48279502980847,1.687230079544743,384.6516,74.20764,142.01013,7.0362487,12.558445,1.9605306,3.350922,0,0
2009-04-01,centre_val_de_loire,47.48279502980847,1.687230079544743,865.83,76.97681,173.30556,11.372677,17.106493,6.227226,2.6472678,0,0
2009-05-01,centre_val_de_loire,47.48279502980847,1.687230079544743,952.5774,78.70634,218.54457,14.76129,20.459791,9.271914,2.5523648,0,0
2009-06-01,centre_val_de_loire,47.48279502980847,1.687230079544743,1031.3701,73.66393,256.07083,17.3919,23.291922,11.189157,2.577441,0,0
2009-07-01,centre_val_de_loire,47.48279502980847,1.687230079544743,840.0064,69.775116,240.04872,19.130125,25.520296,13.250706,2.7105656,0,0
2009-08-01,centre_val_de_loire,47.48279502980847,1.687230079544743,248.06773,64.65109,227.89363,20.37196,27.825565,13.237226,2.0538912,0,0
2009-09-01,centre_val_de_loire,47.48279502980847,1.687230079544743,546.6666,74.85183,158.05817,16.00232,22.637894,10.442169,2.5593936,0,0
2009-10-01,centre_val_de_loire,47.48279502980847,1.687230079544743,516.3903,82.20941,97.2678,11.649265,17.60956,6.767906,2.243571,0,0
2009-11-01,centre_val_de_loire,47.48279502980847,1.687230079544743,1388.1167,86.520935,46.09592,9.737578,13.085889,6.840083,4.048718,0,0
2009-12-01,centre_val_de_loire,47.48279502980847,1.687230079544743,1265.1968,89.07072,31.596706,4.2192492,7.388424,1.0807513,3.3312407,0,0
2010-01-01,centre_val_de_loire,47.48279502980847,1.687230079544743,569.0323,90.05092,37.444534,0.5374438,3.4602082,-2.0001593,2.7300746,0,0
2010-02-01,centre_val_de_loire,47.48279502980847,1.687230079544743,923.21436,84.3503,70.08613,3.480355,7.162003,0.47704563,3.810824,0,0
2010-03-01,centre_val_de_loire,47.48279502980847,1.687230079544743,811.27747,72.02015,136.3715,6.7491984,12.119588,2.2695515,3.6897528,0,0
2010-04-01,centre_val_de_loire,47.48279502980847,1.687230079544743,250.27667,69.653786,209.60612,10.981312,17.431065,4.697493,3.041524,0,0
2010-05-01,centre_val_de_loire,47.48279502980847,1.687230079544743,719.0226,73.53951,200.73996,12.414068,17.873491,7.136004,2.8448398,0,0
2010-06-01,centre_val_de_loire,47.48279502980847,1.687230079544743,1045.8733,76.16212,230.50626,17.52668,23.271147,11.9243145,2.3417222,0,0
2010-07-01,centre_val_de_loire,47.48279502980847,1.687230079544743,881.69354,68.37807,247.15442,20.636082,27.21682,14.019031,2.2595384,0,0
2010-08-01,centre_val_de_loire,47.48279502980847,1.687230079544743,748.78064,71.8689,195.10344,18.285202,24.432291,12.737811,2.5736754,0,0
2010-09-01,centre_val_de_loire,47.48279502980847,1.687230079544743,956.9067,76.27042,161.51688,14.801335,21.35516,9.107116,2.149931,0,0
2010-10-01,centre_val_de_loire,47.48279502980847,1.687230079544743,740.6258,82.115105,97.50892,10.824235,16.171358,6.4394746,2.5980399,0,0
2010-11-01,centre_val_de_loire,47.48279502980847,1.687230079544743,1069.6934,90.979614,38.083614,6.668596,9.487359,4.2692137,3.081324,0,0
2010-12-01,centre_val_de_loire,47.48279502980847,1.687230079544743,1444.7485,89.47392,31.807404,0.8821111,3.307168,-1.5049231,2.9381516,0,0
2011-01-01,centre_val_de_loire,47.48279502980847,1.687230079544743,515.3097,88.59375,39.877773,3.8600652,6.794519,1.2823935,3.1426454,0,0
2011-02-01,centre_val_de_loire,47.48279502980847,1.687230079544743,452.20715,87.30685,62.283077,5.7221413,10.081671,2.181867,2.5584433,0,0
2011-03-01,centre_val_de_loire,47.48279502980847,1.687230079544743,320.6129,75.35415,133.90771,8.4246645,14.036489,3.2234614,2.9870946,0,0
2011-04-01,centre_val_de_loire,47.48279502980847,1.687230079544743,213.13667,70.51632,218.9557,13.257397,20.302485,6.279542,2.2841876,0,0
2011-05-01,centre_val_de_loire,47.48279502980847,1.687230079544743,277.33224,64.53729,262.83322,15.64846,22.900646,8.185873,2.333753,0,0
2011-06-01,centre_val_de_loire,47.48279502980847,1.687230079544743,784.72003,68.295906,230.36737,17.501024,23.703878,11.570779,2.9665954,0,0
2011-07-01,centre_val_de_loire,47.48279502980847,1.687230079544743,1265.8291,68.54685,216.90785,17.523777,23.42309,11.867727,2.9972851,0,0
2011-08-01,centre_val_de_loire,47.48279502980847,1.687230079544743,1208.4324,76.32153,201.99693,18.818756,24.67488,13.655533,2.478317,0,0
2011-09-01,centre_val_de_loire,47.48279502980847,1.687230079544743,589.17004,78.744064,158.7858,17.16372,23.549421,11.792386,2.4466512,0,0
2011-10-01,centre_val_de_loire,47.48279502980847,1.687230079544743,521.7774,82.521935,96.74766,12.447939,18.369762,7.8443384,2.2636178,0,0
2011-11-01,centre_val_de_loire,47.48279502980847,1.687230079544743,580.90674,88.938484,49.45077,9.675834,14.215511,6.232673,2.1191983,0,0
2011-12-01,centre_val_de_loire,47.48279502980847,1.687230079544743,2144.542,89.734344,30.402615,7.104659,9.983832,4.18727,4.0331793,0,0
2012-01-01,centre_val_de_loire,47.48279502980847,1.687230079544743,573.47424,88.97453,37.918606,5.4673786,8.1970825,2.9384775,3.1921265,0,0
2012-02-01,centre_val_de_loire,47.48279502980847,1.687230079544743,158.56552,79.25421,91.68936,0.32680342,4.734262,-3.7540333,2.4855454,0,0
2012-03-01,centre_val_de_loire,47.48279502980847,1.687230079544743,278.00967,75.05408,149.75488,9.293197,15.593891,3.4178462,2.629188,0,0
2012-04-01,centre_val_de_loire,47.48279502980847,1.687230079544743,1505.5533,77.24659,154.9827,8.710402,13.891401,4.2723165,3.6995077,0,0
2012-05-01,centre_val_de_loire,47.48279502980847,1.687230079544743,966.3032,77.13132,220.65692,14.759558,20.366844,9.547028,2.6889884,0,0
2012-06-01,centre_val_de_loire,47.48279502980847,1.687230079544743,1407.2367,79.61372,210.38931,16.793352,22.067553,12.248245,2.992797,0,0
2012-07-01,centre_val_de_loire,47.48279502980847,1.687230079544743,1050.3967,73.61989,229.34912,17.910963,23.803026,12.510975,2.6572077,0,0
2012-08-01,centre_val_de_loire,47.48279502980847,1.687230079544743,118.16452,65.95657,220.80176,20.18541,27.238203,13.63369,2.655305,0,0
2012-09-01,centre_val_de_loire,47.48279502980847,1.687230079544743,719.2867,72.78651,159.82216,15.076032,22.023987,8.977277,2.514357,0,0
2012-10-01,centre_val_de_loire,47.48279502980847,1.687230079544743,1879.3065,86.20601,80.86328,12.413271,16.718641,8.929139,2.711048,0,0
2012-11-01,centre_val_de_loire,47.48279502980847,1.687230079544743,744.01666,89.44747,45.397118,7.1686635,10.712455,4.427691,2.6878726,0,0
2012-12-01,centre_val_de_loire,47.48279502980847,1.687230079544743,1532.4032,88.19061,32.9037,6.086071,9.131556,3.3428311,3.9474695,0,0
2013-01-01,centre_val_de_loire,47.48279502980847,1.687230079544743,884.63226,90.43444,31.038452,3.6479073,5.947787,1.4827827,2.8484313,0,0
2013-02-01,centre_val_de_loire,47.48279502980847,1.687230079544743,955.12146,86.3787,67.12161,2.4050572,5.86701,-0.22400768,3.4004922,0,0
2013-03-01,centre_val_de_loire,47.48279502980847,1.687230079544743,827.16125,79.84872,110.947945,5.490611,9.899109,2.007582,3.2061956,0,0
2013-04-01,centre_val_de_loire,47.48279502980847,1.687230079544743,1175.1733,73.7631,173.8905,9.636085,14.67946,4.5781,3.1396856,0,0
2013-05-01,centre_val_de_loire,47.48279502980847,1.687230079544743,1490.3097,80.46139,171.9148,11.371274,16.200064,7.1714077,2.775351,0,0
2013-06-01,centre_val_de_loire,47.48279502980847,1.687230079544743,880.1967,78.21425,223.12793,16.185308,21.61219,11.347665,2.7470055,0,0
2013-07-01,centre_val_de_loire,47.48279502980847,1.687230079544743,635.02905,70.249176,270.0643,21.589722,28.280409,15.107739,2.5623527,0,0
2013-08-01,centre_val_de_loire,47.48279502980847,1.687230079544743,478.61615,69.53148,229.05118,18.966202,25.854645,12.389984,2.1591969,0,0
2013-09-01,centre_val_de_loire,47.48279502980847,1.687230079544743,1080.7234,78.39563,144.35971,16.18788,22.071684,11.180277,2.3426068,0,0
2013-10-01,centre_val_de_loire,47.48279502980847,1.687230079544743,1352.4161,86.60095,82.77004,13.6030035,18.112717,10.212909,2.6600811,0,0
2013-11-01,centre_val_de_loire,47.48279502980847,1.687230079544743,1440.0967,87.7433,41.614906,6.6814218,9.665206,3.9644556,3.4145668,0,0
2013-12-01,centre_val_de_loire,47.48279502980847,1.687230079544743,790.0484,86.37723,44.32537,4.827657,9.321988,1.1620648,2.9537518,0,0
2014-01-01,centre_val_de_loire,47.48279502980847,1.687230079544743,1046.9033,88.21705,38.720768,6.717032,9.814729,4.1920977,3.5249686,0,0
2014-02-01,centre_val_de_loire,47.48279502980847,1.687230079544743,1400.3108,82.661835,71.95562,6.9256873,10.841361,3.7125905,4.5125265,0,0
2014-03-01,centre_val_de_loire,47.48279502980847,1.687230079544743,352.2484,74.57149,151.53893,8.447703,15.126235,2.6108274,2.504414,0,0
2014-04-01,centre_val_de_loire,47.48279502980847,1.687230079544743,881.4767,75.0096,186.99472,11.449631,17.324436,5.947568,2.5340893,0,0
2014-05-01,centre_val_de_loire,47.48279502980847,1.687230079544743,1251.8323,77.90667,218.44765,12.996477,18.687937,7.8822722,3.1350808,0,0
2014-06-01,centre_val_de_loire,47.48279502980847,1.687230079544743,938.6667,72.792076,266.11673,17.747482,23.7584,11.953867,2.6308615,0,0
2014-07-01,centre_val_de_loire,47.48279502980847,1.687230079544743,1635.6871,76.46719,210.32951,19.492393,25.329378,14.291972,2.421857,0,0
2014-08-01,centre_val_de_loire,47.48279502980847,1.687230079544743,1527.2032,78.43701,194.6743,17.0916,22.707207,12.380777,2.4068701,0,0
2014-09-01,centre_val_de_loire,47.48279502980847,1.687230079544743,362.32336,77.34718,178.82924,16.8778,23.621523,10.921351,1.948087,0,0
2014-10-01,centre_val_de_loire,47.48279502980847,1.687230079544743,1198.2903,85.99295,97.8807,13.700351,19.232965,9.510701,2.1086764,0,0
2014-11-01,centre_val_de_loire,47.48279502980847,1.687230079544743,939.87,89.27608,50.170044,9.764902,13.62595,6.925205,2.5544016,0,0
2014-12-01,centre_val_de_loire,47.48279502980847,1.687230079544743,725.1678,90.0877,27.75296,4.8841953,7.451234,2.5744298,2.9439294,0,0
2015-01-01,centre_val_de_loire,47.48279502980847,1.687230079544743,861.3323,89.81995,37.5392,4.2612543,7.427623,1.3531774,3.2831073,0,0
2015-02-01,centre_val_de_loire,47.48279502980847,1.687230079544743,762.6964,84.733154,75.500755,3.4053993,7.4854407,0.095474675,3.2922137,0,0
2015-03-01,centre_val_de_loire,47.48279502980847,1.687230079544743,529.629,79.99911,118.61161,7.500667,12.697826,3.0099163,3.0754912,0,0
2015-04-01,centre_val_de_loire,47.48279502980847,1.687230079544743,972.81665,70.15443,198.46342,11.735524,17.978544,5.4481673,2.8339388,0,0
2015-05-01,centre_val_de_loire,47.48279502980847,1.687230079544743,780.90967,76.74118,221.93944,14.070418,19.799541,8.488636,2.8204646,0,0
2015-06-01,centre_val_de_loire,47.48279502980847,1.687230079544743,508.6967,67.32856,277.12573,18.593779,25.291912,11.732496,2.6226668,0,0
2015-07-01,centre_val_de_loire,47.48279502980847,1.687230079544743,277.3968,64.30533,246.08698,20.917645,27.967907,14.222093,2.8321629,0,0
2015-08-01,centre_val_de_loire,47.48279502980847,1.687230079544743,1347.3516,67.963,205.15727,20.459936,27.171818,14.060394,2.3525982,0,0
2015-09-01,centre_val_de_loire,47.48279502980847,1.687230079544743,997.7133,77.517006,158.28706,14.17764,19.863426,9.450109,2.7983718,0,0
2015-10-01,centre_val_de_loire,47.48279502980847,1.687230079544743,734.56134,85.5675,89.76473,10.934429,15.608193,7.1387143,2.3298624,1,3
2015-11-01,centre_val_de_loire,47.48279502980847,1.687230079544743,817.85,87.314255,54.301826,10.321732,14.415658,6.700312,3.1905732,1,5
2015-12-01,centre_val_de_loire,47.48279502980847,1.687230079544743,313.72903,86.25504,43.55356,8.3434725,12.443933,4.819454,2.619661,1,2
2016-01-01,centre_val_de_loire,47.48279502980847,1.687230079544743,1300.7194,88.984245,39.14121,5.5829554,8.696993,2.8979242,3.5382528,1,2
2016-02-01,centre_val_de_loire,47.48279502980847,1.687230079544743,1269.8655,84.456215,67.26582,5.776085,9.269511,2.903037,4.11634,1,2
2016-03-01,centre_val_de_loire,47.48279502980847,1.687230079544743,1235.3677,79.48793,120.82204,6.5006447,10.984074,2.4074621,3.624469,1,7
2016-04-01,centre_val_de_loire,47.48279502980847,1.687230079544743,930.6433,78.96628,163.63818,9.185241,14.641861,4.2456293,2.7327948,1,9
2016-05-01,centre_val_de_loire,47.48279502980847,1.687230079544743,2427.1519,78.77743,190.3707,13.591213,18.749613,8.461371,2.674552,1,10
2016-06-01,centre_val_de_loire,47.48279502980847,1.687230079544743,1180.0533,83.59225,188.93417,16.91622,21.66302,12.85732,2.537165,1,12
2016-07-01,centre_val_de_loire,47.48279502980847,1.687230079544743,157.10323,69.37143,245.35367,19.895231,26.340582,13.394591,2.2993345,1,12
2016-08-01,centre_val_de_loire,47.48279502980847,1.687230079544743,178.05806,64.69481,230.75801,20.489902,27.96402,13.268312,2.2502599,1,12
2016-09-01,centre_val_de_loire,47.48279502980847,1.687230079544743,583.50336,73.1227,155.49606,17.920855,24.674383,11.965223,1.8736511,1,12
2016-10-01,centre_val_de_loire,47.48279502980847,1.687230079544743,475.98062,83.29216,99.684906,10.410839,15.830121,5.9582634,2.309361,1,13
2016-11-01,centre_val_de_loire,47.48279502980847,1.687230079544743,1110.99,87.183716,48.554573,7.3499427,10.939558,4.4914355,3.1120787,1,13
2016-12-01,centre_val_de_loire,47.48279502980847,1.687230079544743,216.34839,89.79732,42.993195,3.4801605,8.0293045,0.15940045,1.8649039,1,13
2017-01-01,centre_val_de_loire,47.48279502980847,1.687230079544743,412.81613,86.521835,46.61379,1.5719389,5.0405984,-1.4129113,2.6483393,1,14
2017-02-01,centre_val_de_loire,47.48279502980847,1.687230079544743,796.68933,84.41325,68.86701,6.659763,10.84764,3.1770153,3.3453183,1,16
2017-03-01,centre_val_de_loire,47.48279502980847,1.687230079544743,1013.2742,81.06194,118.66524,9.74323,14.597081,5.3657084,3.109648,1,16
2017-04-01,centre_val_de_loire,47.48279502980847,1.687230079544743,292.28,70.00524,219.40147,9.698922,16.507322,3.041006,2.472199,1,17
2017-05-01,centre_val_de_loire,47.48279502980847,1.687230079544743,1132.7549,76.7316,229.39493,15.379947,21.438564,9.623912,2.5266814,1,17
2017-06-01,centre_val_de_loire,47.48279502980847,1.687230079544743,878.7,69.2756,264.2123,19.952055,26.516361,13.528694,2.624562,0,0
2017-07-01,centre_val_de_loire,47.48279502980847,1.687230079544743,771.2387,70.65792,216.85823,20.253448,26.275414,14.694133,2.8402877,0,0
2017-08-01,centre_val_de_loire,47.48279502980847,1.687230079544743,743.88715,72.46335,200.70029,19.526522,25.895063,13.927225,2.313614,0,0
2017-09-01,centre_val_de_loire,47.48279502980847,1.687230079544743,1102.3567,79.50566,144.02258,14.777072,20.594223,10.229455,2.4854963,1,2
2017-10-01,centre_val_de_loire,47.48279502980847,1.687230079544743,348.95483,84.536125,101.65666,13.186419,18.718332,8.743231,2.2829998,1,3
2017-11-01,centre_val_de_loire,47.48279502980847,1.687230079544743,681.14,87.91128,52.93559,6.831645,10.92894,3.2437742,2.6164653,1,4
2017-12-01,centre_val_de_loire,47.48279502980847,1.687230079544743,1127.5032,89.542786,30.764734,5.03225,7.998971,2.3151295,3.6984534,1,4
2018-01-01,centre_val_de_loire,47.48279502980847,1.687230079544743,1857.5322,90.02993,30.433645,7.492517,10.00718,5.22959,4.0773892,1,4
2018-02-01,centre_val_de_loire,47.48279502980847,1.687230079544743,888.45715,83.21059,79.21844,1.4950933,4.974602,-1.4575443,3.195079,1,4
2018-03-01,centre_val_de_loire,47.48279502980847,1.687230079544743,1244.6388,80.99436,106.06908,7.08704,11.739391,3.3917658,3.6031415,1,4
2018-04-01,centre_val_de_loire,47.48279502980847,1.687230079544743,939.93335,75.75064,174.99889,12.665165,18.425447,7.4177895,2.653834,1,4
2018-05-01,centre_val_de_loire,47.48279502980847,1.687230079544743,881.13226,76.3304,231.25471,15.262396,21.819368,9.127254,2.3060725,1,4
2018-06-01,centre_val_de_loire,47.48279502980847,1.687230079544743,953.53674,73.65022,251.13622,18.98657,24.936129,13.191533,2.4499373,1,4
2018-07-01,centre_val_de_loire,47.48279502980847,1.687230079544743,760.80646,65.64968,267.48285,22.037922,29.032177,15.117921,2.0519505,1,4
2018-08-01,centre_val_de_loire,47.48279502980847,1.687230079544743,296.47418,64.838585,227.56009,20.829327,27.897614,14.002087,2.2398646,1,4
2018-09-01,centre_val_de_loire,47.48279502980847,1.687230079544743,173.66667,65.87305,180.63614,16.976398,24.677294,9.81133,2.3249712,1,4
2018-10-01,centre_val_de_loire,47.48279502980847,1.687230079544743,530.0548,76.874954,106.45366,12.903605,19.349762,7.6132183,2.666131,1,4
2018-11-01,centre_val_de_loire,47.48279502980847,1.687230079544743,995.65674,87.56153,51.981647,7.6825066,11.490385,4.599799,2.8031468,1,4
2018-12-01,centre_val_de_loire,47.48279502980847,1.687230079544743,1077.1322,90.45317,30.93739,6.4065547,9.225998,3.7941103,3.4735277,1,4
2019-01-01,centre_val_de_loire,47.48279502980847,1.687230079544743,661.3032,88.6499,36.817406,3.4652543,6.2581964,0.9969987,2.8763418,1,4
2019-02-01,centre_val_de_loire,47.48279502980847,1.687230079544743,373.05713,79.15574,98.91162,6.597161,12.993272,1.3200006,2.5940905,1,4
2019-03-01,centre_val_de_loire,47.48279502980847,1.687230079544743,724.20966,75.12503,139.33388,8.765787,14.075725,3.9073234,3.9560199,1,4
2019-04-01,centre_val_de_loire,47.48279502980847,1.687230079544743,517.14667,71.15279,186.3943,10.4609585,16.700432,4.4263296,2.7985582,1,4
2019-05-01,centre_val_de_loire,47.48279502980847,1.687230079544743,834.8484,74.6911,212.68253,12.615812,18.212822,7.112782,2.719909,1,4
2019-06-01,centre_val_de_loire,47.48279502980847,1.687230079544743,994.7,72.14364,240.1275,19.109676,25.58669,12.720032,2.6833558,1,4
2019-07-01,centre_val_de_loire,47.48279502980847,1.687230079544743,234.71614,57.05829,273.7765,21.911886,29.387333,14.160299,2.6735795,1,4
2019-08-01,centre_val_de_loire,47.48279502980847,1.687230079544743,441.28064,63.74236,221.0471,20.420053,27.87375,13.21057,2.4053633,1,4
2019-09-01,centre_val_de_loire,47.48279502980847,1.687230079544743,549.4267,67.467224,166.9109,16.619936,23.4606,10.380962,2.9676425,1,4
2019-10-01,centre_val_de_loire,47.48279502980847,1.687230079544743,1663.1709,85.78385,76.89152,13.302967,17.363075,10.281344,3.165379,1,4
2019-11-01,centre_val_de_loire,47.48279502980847,1.687230079544743,1779.9233,90.106,45.565052,7.622052,10.736282,5.1804395,3.3053937,1,4
2019-12-01,centre_val_de_loire,47.48279502980847,1.687230079544743,1311.0742,87.69456,36.743298,6.775844,10.169482,4.031455,3.759473,1,4
2020-01-01,centre_val_de_loire,47.48279502980847,1.687230079544743,570.0,86.558395,45.11944,6.3399034,9.845498,3.2658334,3.372659,1,4
2020-02-01,centre_val_de_loire,47.48279502980847,1.687230079544743,1134.8242,82.0072,74.68907,8.330346,12.2297,5.176729,4.89256,1,4
2020-03-01,centre_val_de_loire,47.48279502980847,1.687230079544743,848.55164,75.04903,134.14592,8.272185,13.181379,4.004672,3.7452068,1,4
2020-04-01,centre_val_de_loire,47.48279502980847,1.687230079544743,578.94,67.27128,210.74374,13.515925,20.447422,6.803584,2.5348349,1,4
2020-05-01,centre_val_de_loire,47.48279502980847,1.687230079544743,980.3355,69.09019,262.51334,15.371413,21.554485,8.742673,2.8602424,1,4
2020-06-01,centre_val_de_loire,47.48279502980847,1.687230079544743,960.7733,73.80663,232.49811,17.125608,23.089325,11.574474,2.7958274,1,4
2020-07-01,centre_val_de_loire,47.48279502980847,1.687230079544743,111.464516,59.769566,268.35886,20.318096,27.25169,12.974129,2.6609113,1,4
2020-08-01,centre_val_de_loire,47.48279502980847,1.687230079544743,643.0871,66.599594,210.45645,20.941593,27.985975,14.609015,2.5248475,1,4
2020-09-01,centre_val_de_loire,47.48279502980847,1.687230079544743,621.45996,68.885506,166.89662,17.666155,24.760128,11.388309,2.3682635,1,4
2020-10-01,centre_val_de_loire,47.48279502980847,1.687230079544743,1434.0,86.10443,73.12284,11.695948,15.42342,8.670268,3.3746922,1,4
2020-11-01,centre_val_de_loire,47.48279502980847,1.687230079544743,220.79999,86.80027,62.05471,8.850239,14.07617,4.9484067,2.370905,1,4
2020-12-01,centre_val_de_loire,47.48279502980847,1.687230079544743,1606.3323,90.72863,31.10773,6.262276,8.976275,3.7023096,3.676781,1,4
2021-01-01,centre_val_de_loire,47.48279502980847,1.687230079544743,1202.8356,89.35399,37.954468,3.9523509,6.7677026,1.4084517,3.417516,1,4
2021-02-01,centre_val_de_loire,47.48279502980847,1.687230079544743,798.8929,79.58538,77.70238,6.703031,10.799271,3.1755571,3.4802206,1,4
2021-03-01,centre_val_de_loire,47.48279502980847,1.687230079544743,408.7097,74.10107,145.16388,7.388327,13.590565,1.6552925,3.310984,1,4
2021-04-01,centre_val_de_loire,47.48279502980847,1.687230079544743,350.28333,63.976265,214.99963,9.156901,15.66449,2.493727,3.3361053,1,4
2021-05-01,centre_val_de_loire,47.48279502980847,1.687230079544743,1398.5,75.326584,220.23602,12.264487,17.7952,7.258191,3.7799478,1,4
2021-06-01,centre_val_de_loire,47.48279502980847,1.687230079544743,1584.9967,76.95916,233.58383,18.884317,24.964489,13.152632,2.437396,1,4
2021-07-01,centre_val_de_loire,47.48279502980847,1.687230079544743,1242.8226,75.87048,219.57895,18.923582,24.52921,13.768666,3.0748055,1,4
2021-08-01,centre_val_de_loire,47.48279502980847,1.687230079544743,336.7871,75.64679,192.71736,18.05854,24.043636,12.808693,2.8355865,1,4
2021-09-01,centre_val_de_loire,47.48279502980847,1.687230079544743,1157.4934,78.71615,164.94444,17.59625,24.178997,12.361538,2.3663144,1,4
2021-10-01,centre_val_de_loire,47.48279502980847,1.687230079544743,748.7645,82.81968,110.00176,11.430013,17.824766,6.2137566,2.796525,1,4
2021-11-01,centre_val_de_loire,47.48279502980847,1.687230079544743,600.39667,89.29699,51.234806,5.637991,9.603245,2.5043957,2.769471,1,4
2021-12-01,centre_val_de_loire,47.48279502980847,1.687230079544743,1240.9193,90.44554,31.927792,5.890107,8.962279,3.221548,3.5404124,1,4
2022-01-01,centre_val_de_loire,47.48279502980847,1.687230079544743,444.29678,88.94469,40.593918,3.5751414,6.497223,1.2158263,2.9385707,1,4
2022-02-01,centre_val_de_loire,47.48279502980847,1.687230079544743,454.76428,81.86003,82.75226,6.7245746,11.557108,2.4160826,3.9230807,1,4
2022-03-01,centre_val_de_loire,47.48279502980847,1.687230079544743,375.1419,71.57757,129.70963,8.941623,14.82327,3.5552795,3.0020628,1,4
2022-04-01,centre_val_de_loire,47.48279502980847,1.687230079544743,673.98663,73.5513,186.21652,10.700534,16.649635,5.0572557,3.3748305,1,4
2022-05-01,centre_val_de_loire,47.48279502980847,1.687230079544743,319.19034,68.49185,257.01782,16.487865,23.30138,9.53572,2.7130182,1,4
2022-06-01,centre_val_de_loire,47.48279502980847,1.687230079544743,1782.6434,69.74661,256.55273,19.461918,26.149052,13.039489,2.831095,1,4
2022-07-01,centre_val_de_loire,47.48279502980847,1.687230079544743,252.52902,59.32427,294.80103,21.597208,29.00722,13.43634,2.7733223,1,4
2022-08-01,centre_val_de_loire,47.48279502980847,1.687230079544743,435.40326,60.96782,235.13904,22.016577,29.547882,14.6222925,2.663467,1,4
2022-09-01,centre_val_de_loire,47.48279502980847,1.687230079544743,1243.2234,75.864555,158.33693,15.941062,22.526745,10.623539,2.6649816,1,4
2022-10-01,centre_val_de_loire,47.48279502980847,1.687230079544743,957.6,83.391174,96.832115,15.514476,20.904852,11.253402,2.6689036,1,4
2022-11-01,centre_val_de_loire,47.48279502980847,1.687230079544743,880.1467,88.39089,50.416172,9.198786,13.355695,6.0133276,3.2036314,1,4
2022-12-01,centre_val_de_loire,47.48279502980847,1.687230079544743,775.12256,87.74132,30.038044,5.09296,7.7549415,2.6400912,3.4570694,1,4
2023-01-01,centre_val_de_loire,47.48279502980847,1.687230079544743,1018.6033,87.1099,32.56676,5.5557294,7.8901896,3.3678126,4.106964,1,4
2023-02-01,centre_val_de_loire,47.48279502980847,1.687230079544743,152.93573,79.30779,86.09517,5.33334,10.570264,1.3719008,2.9535358,1,4
2023-03-01,centre_val_de_loire,47.48279502980847,1.687230079544743,1232.1484,77.027466,115.14033,8.728835,13.526299,4.5688286,4.1354246,1,4
2023-04-01,centre_val_de_loire,47.48279502980847,1.687230079544743,672.92334,77.78125,173.20886,10.040122,15.48322,5.1086903,3.3790758,1,4
2023-05-01,centre_val_de_loire,47.48279502980847,1.687230079544743,714.40326,74.11171,239.34442,14.778864,20.985605,8.891203,3.2671928,1,4
2023-06-01,centre_val_de_loire,47.48279502980847,1.687230079544743,974.83,66.23357,269.06464,20.818102,27.952564,13.61012,2.7444527,1,4
2023-07-01,centre_val_de_loire,47.48279502980847,1.687230079544743,916.47095,68.63404,234.86668,20.048468,26.417156,13.962301,3.351182,1,4
2023-08-01,centre_val_de_loire,47.48279502980847,1.687230079544743,728.02576,75.32974,194.25888,19.924538,25.97987,14.664976,2.8249497,1,4
2023-09-01,centre_val_de_loire,47.48279502980847,1.687230079544743,865.4733,72.46135,172.4915,19.92756,27.414595,13.664815,2.4595246,1,4
2023-10-01,centre_val_de_loire,47.48279502980847,1.687230079544743,1489.9355,78.83389,101.69035,14.40311,20.58725,9.426325,3.1429412,1,4
2023-11-01,centre_val_de_loire,47.48279502980847,1.687230079544743,1550.27,87.647285,45.814205,8.984685,12.395907,6.167811,4.09081,1,4
2023-12-01,centre_val_de_loire,47.48279502980847,1.687230079544743,908.49677,87.48536,30.963182,7.324192,9.97588,4.932157,3.932889,1,4
2024-01-01,centre_val_de_loire,47.48279502980847,1.687230079544743,737.8967,86.89557,42.041378,4.6655602,8.203403,1.6830882,3.5396636,0,0
2024-02-01,centre_val_de_loire,47.48279502980847,1.687230079544743,1206.5242,87.41147,55.866,8.401671,11.513256,5.7893224,3.7900965,0,0
2024-03-01,centre_val_de_loire,47.48279502980847,1.687230079544743,1490.9645,82.23577,120.110054,9.152767,14.217478,4.957462,3.3812425,0,0
2024-04-01,centre_val_de_loire,47.48279502980847,1.687230079544743,881.75336,76.95912,173.58678,11.156632,16.878513,6.122709,3.3871503,0,0
2024-05-01,centre_val_de_loire,47.48279502980847,1.687230079544743,1965.742,82.818634,189.51512,14.068245,19.28408,9.654245,2.7954156,0,0
2024-06-01,centre_val_de_loire,47.48279502980847,1.687230079544743,1546.9668,76.40613,229.3436,17.382252,23.180475,11.869056,2.8348844,0,0
2024-07-01,centre_val_de_loire,47.48279502980847,1.687230079544743,764.79675,73.398705,231.52383,20.179354,26.378607,14.312722,2.6591957,0,0
2024-08-01,centre_val_de_loire,47.48279502980847,1.687230079544743,518.87744,74.012,222.0153,20.313744,27.055979,13.956442,2.4712005,0,0
2024-09-01,centre_val_de_loire,47.48279502980847,1.687230079544743,1770.0267,83.10224,132.32799,15.177962,20.118515,11.178888,3.20745,1,1
2024-10-01,centre_val_de_loire,47.48279502980847,1.687230079544743,1624.9355,89.230385,83.41663,13.585261,17.792532,10.413592,2.6877832,1,8
2024-11-01,centre_val_de_loire,47.48279502980847,1.687230079544743,814.98,88.81746,41.27363,8.323619,11.638657,5.540695,3.0141723,1,8
2024-12-01,centre_val_de_loire,47.48279502980847,1.687230079544743,638.6613,89.44969,29.991562,5.5339932,7.984849,3.1657436,3.3269594,1,8
2000-01-01,bourgogne_franche_comte,47.24265154083192,4.81215957244112,657.1516,87.49755,41.21288,1.8687247,5.0023546,-0.8251214,2.445839,0,0
2000-02-01,bourgogne_franche_comte,47.24265154083192,4.81215957244112,2352.4517,84.731316,69.03881,4.909269,9.091996,1.2873651,3.195998,0,0
2000-03-01,bourgogne_franche_comte,47.24265154083192,4.81215957244112,853.62573,75.98428,125.1478,6.079422,11.162325,1.694929,2.8022418,0,0
2000-04-01,bourgogne_franche_comte,47.24265154083192,4.81215957244112,1626.9867,76.10415,163.03032,9.6587105,14.986,4.758614,2.9584193,0,0
2000-05-01,bourgogne_franche_comte,47.24265154083192,4.81215957244112,1598.0968,76.99155,216.86876,14.891527,20.786167,9.452815,2.3338406,0,0
2000-06-01,bourgogne_franche_comte,47.24265154083192,4.81215957244112,863.60004,69.836,263.98904,17.748384,23.887344,11.410454,2.3279905,0,0
2000-07-01,bourgogne_franche_comte,47.24265154083192,4.81215957244112,2901.071,77.826584,213.06328,16.44573,21.91207,11.72667,2.6169763,0,0
2000-08-01,bourgogne_franche_comte,47.24265154083192,4.81215957244112,1282.7129,75.78217,210.79178,19.089529,25.395115,13.408234,1.8341703,0,0
2000-09-01,bourgogne_franche_comte,47.24265154083192,4.81215957244112,1447.2,80.87846,155.5895,15.535799,21.603237,10.627831,2.0039039,0,0
2000-10-01,bourgogne_franche_comte,47.24265154083192,4.81215957244112,2027.4484,85.29821,83.2956,10.870298,15.080749,7.429781,2.6120172,0,0
2000-11-01,bourgogne_franche_comte,47.24265154083192,4.81215957244112,2912.5232,85.31448,45.928917,7.2342424,10.694163,4.2032433,3.4816718,0,0
2000-12-01,bourgogne_franche_comte,47.24265154083192,4.81215957244112,1180.458,84.2054,33.183712,6.0798283,9.359767,3.141297,3.0271215,0,0
2001-01-01,bourgogne_franche_comte,47.24265154083192,4.81215957244112,1559.5096,83.778595,38.767506,3.9552062,7.096833,1.0612818,3.3054187,0,0
2001-02-01,bourgogne_franche_comte,47.24265154083192,4.81215957244112,1024.5,81.20461,69.89758,4.013389,8.130104,0.61157477,3.204464,0,0
2001-03-01,bourgogne_franche_comte,47.24265154083192,4.81215957244112,3931.4417,84.230385,88.24076,8.207908,12.130616,4.9701366,3.567702,0,0
2001-04-01,bourgogne_franche_comte,47.24265154083192,4.81215957244112,2505.567,80.03286,141.26707,7.610445,12.037621,3.8396754,3.1643815,0,0
2001-05-01,bourgogne_franche_comte,47.24265154083192,4.81215957244112,1604.7032,76.1504,218.81403,15.1168165,20.504522,9.962335,2.3803356,0,0
2001-06-01,bourgogne_franche_comte,47.24265154083192,4.81215957244112,1422.63,72.11798,246.4574,15.748678,21.663744,9.799167,2.1298993,0,0
2001-07-01,bourgogne_franche_comte,47.24265154083192,4.81215957244112,2117.8193,74.45003,233.25662,18.88863,24.908699,13.420708,2.3490193,0,0
2001-08-01,bourgogne_franche_comte,47.24265154083192,4.81215957244112,1503.4032,75.72943,212.1404,19.224197,25.502142,13.782633,2.0970023,0,0
2001-09-01,bourgogne_franche_comte,47.24265154083192,4.81215957244112,1832.2999,84.6754,121.25318,12.086935,16.855446,8.228217,2.3160686,0,0
2001-10-01,bourgogne_franche_comte,47.24265154083192,4.81215957244112,1775.0677,84.97016,95.88862,13.720508,19.182863,9.605973,2.2472172,0,0
2001-11-01,bourgogne_franche_comte,47.24265154083192,4.81215957244112,1515.4333,87.655975,52.49588,3.5124657,7.291966,0.29253194,2.5557184,0,0
2001-12-01,bourgogne_franche_comte,47.24265154083192,4.81215957244112,1128.442,85.21937,39.719006,0.4184697,3.6877701,-2.426976,3.1064084,0,0
2002-01-01,bourgogne_franche_comte,47.24265154083192,4.81215957244112,792.62256,84.264015,46.783245,2.6601005,6.8493195,-0.64520454,2.633229,0,0
2002-02-01,bourgogne_franche_comte,47.24265154083192,4.81215957244112,2098.0215,81.13756,58.578083,6.307886,9.637303,3.3399963,4.3072157,0,0
2002-03-01,bourgogne_franche_comte,47.24265154083192,4.81215957244112,898.6097,73.083046,133.80066,7.567781,12.948683,2.7352421,2.9696975,0,0
2002-04-01,bourgogne_franche_comte,47.24265154083192,4.81215957244112,451.07336,67.15759,192.47556,9.591273,15.803136,3.4609754,2.8123014,0,0
2002-05-01,bourgogne_franche_comte,47.24265154083192,4.81215957244112,1919.6581,77.01989,202.36243,12.505719,17.744415,7.470145,2.401807,0,0
2002-06-01,bourgogne_franche_comte,47.24265154083192,4.81215957244112,1127.6067,71.28323,257.2702,18.481829,24.650589,12.500784,2.264847,0,0
2002-07-01,bourgogne_franche_comte,47.24265154083192,4.81215957244112,1435.8677,73.220985,218.08272,17.962452,23.759712,12.431364,2.4012766,0,0
2002-08-01,bourgogne_franche_comte,47.24265154083192,4.81215957244112,1621.9387,79.572105,179.18916,17.805147,23.38726,13.224865,1.9518521,0,0
2002-09-01,bourgogne_franche_comte,47.24265154083192,4.81215957244112,891.22675,79.66126,147.75977,13.787428,19.483665,9.166385,2.1829638,0,0
2002-10-01,bourgogne_franche_comte,47.24265154083192,4.81215957244112,2000.1517,83.09598,87.84939,10.704436,15.811063,6.4424186,2.8110619,0,0
2002-11-01,bourgogne_franche_comte,47.24265154083192,4.81215957244112,3990.8633,88.77246,42.162197,7.7693534,11.201239,4.8910613,2.8093371,0,0
2002-12-01,bourgogne_franche_comte,47.24265154083192,4.81215957244112,1812.6805,89.500534,23.920254,5.6067095,7.857427,3.5488212,2.9787252,0,0
2003-01-01,bourgogne_franche_comte,47.24265154083192,4.81215957244112,1643.5227,86.14935,42.209343,0.7487209,3.7371712,-1.9772059,3.370165,0,0
2003-02-01,bourgogne_franche_comte,47.24265154083192,4.81215957244112,778.28217,75.36412,85.25143,1.1944021,5.9198747,-2.743419,2.5466874,0,0
2003-03-01,bourgogne_franche_comte,47.24265154083192,4.81215957244112,542.95483,65.60876,161.0966,8.218249,14.990267,2.1446161,2.5994987,0,0
2003-04-01,bourgogne_franche_comte,47.24265154083192,4.81215957244112,1104.7434,63.578083,200.25066,10.253331,16.263304,4.2350597,3.1712441,0,0
2003-05-01,bourgogne_franche_comte,47.24265154083192,4.81215957244112,1078.8839,75.728745,211.10846,14.352046,20.032057,9.018877,2.5213854,0,0
2003-06-01,bourgogne_franche_comte,47.24265154083192,4.81215957244112,781.4133,67.81502,277.0993,21.876238,28.826042,15.216664,2.177737,0,0
2003-07-01,bourgogne_franche_comte,47.24265154083192,4.81215957244112,973.94196,63.70487,253.55185,20.44955,27.074839,13.98491,2.2837791,0,0
2003-08-01,bourgogne_franche_comte,47.24265154083192,4.81215957244112,816.28064,55.765633,240.6775,23.626663,31.562899,16.015364,2.0201335,0,0
2003-09-01,bourgogne_franche_comte,47.24265154083192,4.81215957244112,938.5567,70.589294,172.05203,15.185392,21.899233,9.335247,2.1213245,0,0
2003-10-01,bourgogne_franche_comte,47.24265154083192,4.81215957244112,2795.855,83.995,91.3105,8.255377,13.109658,4.330961,2.5820909,0,0
2003-11-01,bourgogne_franche_comte,47.24265154083192,4.81215957244112,1224.5367,86.24222,53.251686,7.1012726,11.333953,3.4835503,2.2364979,0,0
2003-12-01,bourgogne_franche_comte,47.24265154083192,4.81215957244112,1194.5388,86.368866,37.313366,3.0620503,6.4120517,0.17359167,2.7979376,0,0
2004-01-01,bourgogne_franche_comte,47.24265154083192,4.81215957244112,2933.2546,88.435074,34.19799,2.3731368,5.1963487,-0.29239854,3.461622,0,0
2004-02-01,bourgogne_franche_comte,47.24265154083192,4.81215957244112,529.18964,78.700584,88.40124,2.914572,7.714744,-0.87308246,2.6341622,0,0
2004-03-01,bourgogne_franche_comte,47.24265154083192,4.81215957244112,926.1936,75.303276,127.07368,5.1588364,10.325709,0.7179745,2.8919468,0,0
2004-04-01,bourgogne_franche_comte,47.24265154083192,4.81215957244112,1141.2167,74.70777,171.61497,9.2906685,14.310113,4.545076,3.1982822,0,0
2004-05-01,bourgogne_franche_comte,47.24265154083192,4.81215957244112,1334.7935,71.90514,242.63826,12.264451,18.22084,6.3343916,2.6005363,0,0
2004-06-01,bourgogne_franche_comte,47.24265154083192,4.81215957244112,1058.0533,71.35474,251.59653,16.911423,22.804592,11.077182,2.43597,0,0
2004-07-01,bourgogne_franche_comte,47.24265154083192,4.81215957244112,1557.2904,72.306885,232.9605,18.096184,24.345833,12.478077,2.2782552,0,0
2004-08-01,bourgogne_franche_comte,47.24265154083192,4.81215957244112,2748.6936,78.37836,185.96306,18.604074,24.216175,14.063489,2.5100045,0,0
2004-09-01,bourgogne_franche_comte,47.24265154083192,4.81215957244112,520.10333,78.01308,162.60643,15.5791235,21.421371,10.489242,2.2001772,0,0
2004-10-01,bourgogne_franche_comte,47.24265154083192,4.81215957244112,2880.7935,85.5343,84.44324,12.342579,16.816257,8.853512,2.5268066,0,0
2004-11-01,bourgogne_franche_comte,47.24265154083192,4.81215957244112,1032.7067,89.34308,43.856503,5.2008524,8.275721,2.6413958,2.0935922,0,0
2004-12-01,bourgogne_franche_comte,47.24265154083192,4.81215957244112,1374.4258,90.16305,30.469427,1.6023428,4.5636454,-0.8290513,2.4345999,0,0
2005-01-01,bourgogne_franche_comte,47.24265154083192,4.81215957244112,1144.1677,86.50201,46.314995,1.9682585,5.326168,-1.0150057,2.9317603,0,0
2005-02-01,bourgogne_franche_comte,47.24265154083192,4.81215957244112,1126.1428,84.80738,72.50995,0.021959944,3.6680546,-2.7793784,2.8233554,0,0
2005-03-01,bourgogne_franche_comte,47.24265154083192,4.81215957244112,819.0968,79.15804,130.71822,5.8713193,11.219276,1.1614774,2.2977006,0,0
2005-04-01,bourgogne_franche_comte,47.24265154083192,4.81215957244112,2179.0903,76.02943,164.67549,9.86085,14.863259,5.2732725,2.7924194,0,0
2005-05-01,bourgogne_franche_comte,47.24265154083192,4.81215957244112,1478.8097,73.842896,227.00938,13.7695875,19.62123,8.204827,2.412669,0,0
2005-06-01,bourgogne_franche_comte,47.24265154083192,4.81215957244112,1069.2434,69.206436,272.3652,18.719069,25.315535,12.199718,2.2640495,0,0
2005-07-01,bourgogne_franche_comte,47.24265154083192,4.81215957244112,1294.1775,71.17575,228.47087,19.117235,25.076574,13.637767,2.4495754,0,0
2005-08-01,bourgogne_franche_comte,47.24265154083192,4.81215957244112,693.99677,70.70263,207.41783,17.265371,23.54682,11.332801,2.2541265,0,0
2005-09-01,bourgogne_franche_comte,47.24265154083192,4.81215957244112,1050.5233,78.25681,151.3831,15.7841215,21.81518,10.904514,1.9391915,0,0
2005-10-01,bourgogne_franche_comte,47.24265154083192,4.81215957244112,1061.0128,81.04516,96.744804,13.501085,19.078459,9.241039,2.393872,0,0
2005-11-01,bourgogne_franche_comte,47.24265154083192,4.81215957244112,1176.4701,87.45971,56.394775,4.4821777,8.389848,1.4236132,2.322748,0,0
2005-12-01,bourgogne_franche_comte,47.24265154083192,4.81215957244112,1356.2227,88.0767,31.59048,0.81987584,3.651061,-2.0462162,2.79759,0,0
2006-01-01,bourgogne_franche_comte,47.24265154083192,4.81215957244112,737.95807,85.85123,49.04243,0.40286446,4.1692348,-2.3634305,2.2103686,0,0
2006-02-01,bourgogne_franche_comte,47.24265154083192,4.81215957244112,1402.6321,87.29057,56.48656,1.0823811,4.1524034,-1.4655973,2.8005908,0,0
2006-03-01,bourgogne_franche_comte,47.24265154083192,4.81215957244112,2867.5388,80.62151,115.15753,4.87427,9.221142,1.1669276,3.6037488,0,0
2006-04-01,bourgogne_franche_comte,47.24265154083192,4.81215957244112,1394.3401,74.86792,179.00302,9.132067,14.518165,4.185321,2.5155952,0,0
2006-05-01,bourgogne_franche_comte,47.24265154083192,4.81215957244112,2167.8677,79.180305,188.40508,13.383946,18.573439,8.838396,2.8175004,0,0
2006-06-01,bourgogne_franche_comte,47.24265154083192,4.81215957244112,711.78,68.64481,283.4932,18.205633,24.753698,11.410306,2.202182,0,0
2006-07-01,bourgogne_franche_comte,47.24265154083192,4.81215957244112,794.73224,64.57335,272.22607,23.283955,30.315256,16.334644,1.9929935,0,0
2006-08-01,bourgogne_franche_comte,47.24265154083192,4.81215957244112,2838.4968,80.39206,172.879,15.690093,20.892998,11.746251,2.5962083,0,0
2006-09-01,bourgogne_franche_comte,47.24265154083192,4.81215957244112,1515.7501,80.84229,149.21208,17.582922,23.327093,12.873138,2.1460755,0,0
2006-10-01,bourgogne_franche_comte,47.24265154083192,4.81215957244112,1852.5679,85.30831,91.11645,13.718416,18.696331,9.846948,2.5535119,0,0
2006-11-01,bourgogne_franche_comte,47.24265154083192,4.81215957244112,1399.92,86.04118,55.38885,7.8775597,12.21872,4.1520367,2.8925207,0,0
2006-12-01,bourgogne_franche_comte,47.24265154083192,4.81215957244112,1074.6356,86.48206,40.074745,3.4325557,7.0395985,0.33820164,2.7203681,0,0
2007-01-01,bourgogne_franche_comte,47.24265154083192,4.81215957244112,1514.442,88.795586,39.64235,4.7987123,7.390647,2.0936437,3.6206622,0,0
2007-02-01,bourgogne_franche_comte,47.24265154083192,4.81215957244112,1893.1035,82.933014,73.75659,6.2691574,10.667949,2.693643,3.585165,0,0
2007-03-01,bourgogne_franche_comte,47.24265154083192,4.81215957244112,1848.4775,80.58863,125.8808,6.023093,11.13205,1.6685798,2.9452636,0,0
2007-04-01,bourgogne_franche_comte,47.24265154083192,4.81215957244112,256.8867,67.509605,239.61552,13.646954,21.235674,6.189565,2.1680129,0,0
2007-05-01,bourgogne_franche_comte,47.24265154083192,4.81215957244112,2256.2808,78.696304,197.05966,14.457318,19.900656,9.811581,2.9539661,0,0
2007-06-01,bourgogne_franche_comte,47.24265154083192,4.81215957244112,2285.9934,80.02805,216.61299,17.26702,22.771778,12.579418,2.6018314,0,0
2007-07-01,bourgogne_franche_comte,47.24265154083192,4.81215957244112,2401.487,76.182846,216.64949,17.460835,22.806318,12.699797,2.8299232,0,0
2007-08-01,bourgogne_franche_comte,47.24265154083192,4.81215957244112,2326.3743,80.86116,185.08023,16.950954,22.207588,12.343604,2.3097293,0,0
2007-09-01,bourgogne_franche_comte,47.24265154083192,4.81215957244112,1304.2134,81.76486,156.16748,13.153038,18.937414,8.163601,2.1258585,0,0
2007-10-01,bourgogne_franche_comte,47.24265154083192,4.81215957244112,447.12903,84.957,105.68861,9.73082,15.066971,5.6213536,2.107438,1,2
2007-11-01,bourgogne_franche_comte,47.24265154083192,4.81215957244112,1347.4733,86.82667,52.208015,4.2906475,8.023234,1.0304849,2.6893408,1,11
2007-12-01,bourgogne_franche_comte,47.24265154083192,4.81215957244112,1558.7839,86.92657,39.1088,1.7022192,5.1522746,-1.1085938,2.9729543,1,26
2008-01-01,bourgogne_franche_comte,47.24265154083192,4.81215957244112,1420.3259,85.067,48.18551,4.2335267,8.157408,1.006628,3.0473657,1,27
2008-02-01,bourgogne_franche_comte,47.24265154083192,4.81215957244112,770.11035,78.8534,93.1774,4.7301397,10.601491,-0.037281036,2.707805,1,27
2008-03-01,bourgogne_franche_comte,47.24265154083192,4.81215957244112,2082.2646,80.53192,108.426994,5.1505384,9.265802,1.8265606,4.05902,1,27
2008-04-01,bourgogne_franche_comte,47.24265154083192,4.81215957244112,2324.3367,79.87797,154.82333,8.347439,13.251232,4.1828446,2.8132036,1,27
2008-05-01,bourgogne_franche_comte,47.24265154083192,4.81215957244112,1550.0483,74.58483,225.28958,15.146287,21.27765,9.393035,2.1069267,1,27
2008-06-01,bourgogne_franche_comte,47.24265154083192,4.81215957244112,1347.2867,79.60783,221.21788,16.710787,21.859003,11.861203,2.0349123,0,0
2008-07-01,bourgogne_franche_comte,47.24265154083192,4.81215957244112,1630.1064,73.31401,247.44624,18.364878,24.456863,12.577154,2.1921093,0,0
2008-08-01,bourgogne_franche_comte,47.24265154083192,4.81215957244112,1839.6903,79.90065,192.58537,17.44773,23.036428,12.641675,2.3181632,0,0
2008-09-01,bourgogne_franche_comte,47.24265154083192,4.81215957244112,1725.2101,81.29551,149.5004,12.789162,18.37284,8.0028715,2.4167383,0,0
2008-10-01,bourgogne_franche_comte,47.24265154083192,4.81215957244112,2113.9287,86.68028,86.68355,9.931862,14.7412,6.23133,2.326937,0,0
2008-11-01,bourgogne_franche_comte,47.24265154083192,4.81215957244112,1139.3066,88.18915,47.265564,5.8236737,9.286987,2.954731,2.5660622,0,0
2008-12-01,bourgogne_franche_comte,47.24265154083192,4.81215957244112,1267.7418,88.587135,31.423628,1.6056024,4.258784,-0.62284476,2.6589415,0,0
2009-01-01,bourgogne_franche_comte,47.24265154083192,4.81215957244112,715.4032,85.818634,51.28948,-0.5704682,3.5412304,-3.792921,2.4795895,0,0
2009-02-01,bourgogne_franche_comte,47.24265154083192,4.81215957244112,1283.7858,84.85899,70.01331,1.9319233,5.8387175,-1.4191215,2.4150941,0,0
2009-03-01,bourgogne_franche_comte,47.24265154083192,4.81215957244112,1135.9258,74.88883,129.98624,5.6401443,10.538753,1.1948156,3.2790549,0,0
2009-04-01,bourgogne_franche_comte,47.24265154083192,4.81215957244112,1128.2166,76.01099,183.56497,11.164447,16.956032,5.8308296,2.486085,0,0
2009-05-01,bourgogne_franche_comte,47.24265154083192,4.81215957244112,923.01935,75.17321,230.16049,15.287524,21.197346,9.555865,2.4030528,0,0
2009-06-01,bourgogne_franche_comte,47.24265154083192,4.81215957244112,1923.9767,74.95597,255.82924,16.822905,22.703825,10.979751,2.5177925,0,0
2009-07-01,bourgogne_franche_comte,47.24265154083192,4.81215957244112,1891.1001,73.89999,236.23885,18.818329,24.787338,13.460318,2.4668305,0,0
2009-08-01,bourgogne_franche_comte,47.24265154083192,4.81215957244112,756.0226,71.381905,232.37166,20.001934,26.92818,13.487477,1.942189,0,0
2009-09-01,bourgogne_franche_comte,47.24265154083192,4.81215957244112,949.47003,79.59881,157.01167,15.374132,21.756222,10.158639,2.1583862,0,0
2009-10-01,bourgogne_franche_comte,47.24265154083192,4.81215957244112,836.1033,83.18508,98.23322,10.017636,15.763594,5.4023676,2.1396205,0,0
2009-11-01,bourgogne_franche_comte,47.24265154083192,4.81215957244112,2281.1365,85.33219,44.999653,8.340609,12.116693,5.13243,3.4557636,0,0
2009-12-01,bourgogne_franche_comte,47.24265154083192,4.81215957244112,2000.4645,87.77038,28.656233,2.7730145,5.889233,-0.17022707,3.0478907,0,0
2010-01-01,bourgogne_franche_comte,47.24265154083192,4.81215957244112,899.57104,90.41006,36.81578,-0.96052545,1.8493755,-3.4193828,2.3212137,0,0
2010-02-01,bourgogne_franche_comte,47.24265154083192,4.81215957244112,1717.8927,84.15866,66.33002,2.2312443,5.5372524,-0.7204897,3.489868,0,0
2010-03-01,bourgogne_franche_comte,47.24265154083192,4.81215957244112,1201.2549,71.38861,134.77582,5.353581,10.467552,0.974978,3.4802444,0,0
2010-04-01,bourgogne_franche_comte,47.24265154083192,4.81215957244112,612.75336,69.87046,205.78844,10.272576,16.538471,4.093028,2.6865253,0,0
2010-05-01,bourgogne_franche_comte,47.24265154083192,4.81215957244112,1607.6936,78.91691,180.08098,11.583366,16.279161,7.287044,2.5700977,0,0
2010-06-01,bourgogne_franche_comte,47.24265154083192,4.81215957244112,1540.9467,77.08162,229.5374,16.972605,22.508896,11.592012,2.2432978,0,0
2010-07-01,bourgogne_franche_comte,47.24265154083192,4.81215957244112,1233.5742,70.77898,250.97566,20.243145,26.686562,14.105855,1.9612542,0,0
2010-08-01,bourgogne_franche_comte,47.24265154083192,4.81215957244112,2272.9937,77.149284,191.57187,17.451078,22.835627,12.682461,2.2980065,0,0
2010-09-01,bourgogne_franche_comte,47.24265154083192,4.81215957244112,1613.34,81.62961,157.94907,13.432087,19.254835,8.459078,1.951897,0,0
2010-10-01,bourgogne_franche_comte,47.24265154083192,4.81215957244112,1058.6678,82.36227,100.59801,9.681555,14.963761,5.5141144,2.5352092,0,0
2010-11-01,bourgogne_franche_comte,47.24265154083192,4.81215957244112,1941.0001,89.31901,39.32474,5.863929,8.515542,3.5746963,2.9578383,0,0
2010-12-01,bourgogne_franche_comte,47.24265154083192,4.81215957244112,2390.0066,88.95304,30.057999,0.13435315,2.917983,-2.7930875,2.7424989,0,0
2011-01-01,bourgogne_franche_comte,47.24265154083192,4.81215957244112,873.3581,86.93122,42.303696,2.3495166,5.4891176,-0.33444756,2.7932382,0,0
2011-02-01,bourgogne_franche_comte,47.24265154083192,4.81215957244112,693.58575,86.77854,65.17988,3.702603,7.9231324,0.4276991,2.0351527,0,0
2011-03-01,bourgogne_franche_comte,47.24265154083192,4.81215957244112,859.8,73.29759,139.41211,7.4323397,13.160863,2.4329867,2.6486166,0,0
2011-04-01,bourgogne_franche_comte,47.24265154083192,4.81215957244112,379.02667,68.59712,225.74744,12.6436825,19.693443,5.8200154,2.2002544,0,0
2011-05-01,bourgogne_franche_comte,47.24265154083192,4.81215957244112,818.17737,66.95136,264.0095,15.327759,22.44432,8.146475,2.0806687,0,0
2011-06-01,bourgogne_franche_comte,47.24265154083192,4.81215957244112,1346.76,71.64216,228.93996,17.033234,23.083017,11.412364,2.4706867,0,0
2011-07-01,bourgogne_franche_comte,47.24265154083192,4.81215957244112,2144.213,73.5155,222.94493,16.464151,22.104076,11.194161,2.4224927,0,0
2011-08-01,bourgogne_franche_comte,47.24265154083192,4.81215957244112,1971.1356,77.62351,213.77919,18.707811,24.643988,13.357892,2.1423364,0,0
2011-09-01,bourgogne_franche_comte,47.24265154083192,4.81215957244112,757.55,80.15743,165.97665,16.557976,22.836988,11.272545,2.0790884,0,0
2011-10-01,bourgogne_franche_comte,47.24265154083192,4.81215957244112,1192.5645,84.8523,102.44087,11.071898,16.686497,6.7585244,2.0407505,0,0
2011-11-01,bourgogne_franche_comte,47.24265154083192,4.81215957244112,697.7866,87.90886,53.54733,7.7663183,12.396858,4.4067187,1.8883216,0,0
2011-12-01,bourgogne_franche_comte,47.24265154083192,4.81215957244112,3274.129,88.60941,28.052431,5.1840377,7.866161,2.3987124,3.8172426,0,0
2012-01-01,bourgogne_franche_comte,47.24265154083192,4.81215957244112,1605.1968,88.82929,35.972237,3.5162735,6.0808992,1.2556446,2.9927971,0,0
2012-02-01,bourgogne_franche_comte,47.24265154083192,4.81215957244112,278.1138,75.979294,92.71092,-1.7181395,2.7445536,-5.51838,2.6222498,0,0
2012-03-01,bourgogne_franche_comte,47.24265154083192,4.81215957244112,612.8258,70.61715,163.64459,8.710904,15.230438,2.8001363,2.5212965,0,0
2012-04-01,bourgogne_franche_comte,47.24265154083192,4.81215957244112,2079.5266,75.592834,151.64432,8.668993,13.606801,4.4788647,3.4465215,0,0
2012-05-01,bourgogne_franche_comte,47.24265154083192,4.81215957244112,1938.6549,75.834335,226.89879,14.221207,19.926508,8.890975,2.462073,0,0
2012-06-01,bourgogne_franche_comte,47.24265154083192,4.81215957244112,2201.9565,78.07643,224.4766,17.027653,22.41246,12.347995,2.5168948,0,0
2012-07-01,bourgogne_franche_comte,47.24265154083192,4.81215957244112,1557.5548,74.34195,236.39912,17.797302,23.485794,12.640001,2.419143,0,0
2012-08-01,bourgogne_franche_comte,47.24265154083192,4.81215957244112,1161.2227,71.242615,222.05843,19.626797,26.193758,13.773898,2.1797016,0,0
2012-09-01,bourgogne_franche_comte,47.24265154083192,4.81215957244112,1663.9867,76.53806,156.02782,14.7164955,20.915583,9.327215,2.3245757,0,0
2012-10-01,bourgogne_franche_comte,47.24265154083192,4.81215957244112,1905.7451,83.42296,86.42869,11.363352,16.06041,7.6214,2.5345519,0,0
2012-11-01,bourgogne_franche_comte,47.24265154083192,4.81215957244112,2046.2433,88.24952,45.329845,6.440006,10.074216,3.5091503,2.446627,0,0
2012-12-01,bourgogne_franche_comte,47.24265154083192,4.81215957244112,2627.9548,87.05288,31.225355,4.0918264,6.948332,1.4685236,3.6625311,0,0
2013-01-01,bourgogne_franche_comte,47.24265154083192,4.81215957244112,1483.4032,90.4595,32.177814,1.7189164,4.163108,-0.67876023,2.496724,0,0
2013-02-01,bourgogne_franche_comte,47.24265154083192,4.81215957244112,1513.5786,86.54073,66.78839,0.08282791,3.4935749,-2.750578,2.866552,0,0
2013-03-01,bourgogne_franche_comte,47.24265154083192,4.81215957244112,1160.8516,79.19694,103.94673,4.3105993,8.602864,0.8406064,2.6682827,0,0
2013-04-01,bourgogne_franche_comte,47.24265154083192,4.81215957244112,2264.4668,73.74697,160.26695,9.334802,14.090832,4.7338796,2.8113647,0,0
2013-05-01,bourgogne_franche_comte,47.24265154083192,4.81215957244112,2922.7808,83.45927,159.105,10.375822,14.802452,6.7804227,2.5079386,0,0
2013-06-01,bourgogne_franche_comte,47.24265154083192,4.81215957244112,1539.9302,76.39077,235.69351,16.025288,21.807623,10.788072,2.4084964,0,0
2013-07-01,bourgogne_franche_comte,47.24265154083192,4.81215957244112,1382.3356,70.932915,269.8059,20.948397,27.315588,14.804058,2.2104053,0,0
2013-08-01,bourgogne_franche_comte,47.24265154083192,4.81215957244112,1104.529,72.2867,228.0185,18.449709,24.957434,12.404183,1.9546269,0,0
2013-09-01,bourgogne_franche_comte,47.24265154083192,4.81215957244112,1639.9565,82.19557,145.97813,15.251797,20.615808,10.848875,2.2397592,0,0
2013-10-01,bourgogne_franche_comte,47.24265154083192,4.81215957244112,2459.2808,85.97214,81.642525,12.732844,17.063967,9.374637,2.5939772,0,0
2013-11-01,bourgogne_franche_comte,47.24265154083192,4.81215957244112,2314.5566,86.96268,42.206215,4.967937,7.7877407,2.4433444,3.1546655,0,0
2013-12-01,bourgogne_franche_comte,47.24265154083192,4.81215957244112,1337.8549,84.321625,43.85287,3.2692423,7.660334,-0.1834343,2.6210868,0,0
2014-01-01,bourgogne_franche_comte,47.24265154083192,4.81215957244112,1525.0258,85.91942,39.90581,5.1436286,8.416545,2.3215904,2.9448073,0,0
2014-02-01,bourgogne_franche_comte,47.24265154083192,4.81215957244112,2232.7463,81.245316,69.21821,5.564593,9.258874,2.3508766,3.6996584,0,0
2014-03-01,bourgogne_franche_comte,47.24265154083192,4.81215957244112,472.85803,72.14761,156.04851,7.689717,14.269174,1.9634033,2.2998388,0,0
2014-04-01,bourgogne_franche_comte,47.24265154083192,4.81215957244112,658.82336,71.64802,189.14929,10.970679,16.875132,5.305801,2.2907145,0,0
2014-05-01,bourgogne_franche_comte,47.24265154083192,4.81215957244112,1447.6387,74.47426,218.99236,12.717784,18.5408,7.5428734,3.1000228,0,0
2014-06-01,bourgogne_franche_comte,47.24265154083192,4.81215957244112,827.94336,64.72752,274.12903,18.311007,24.968105,11.621895,2.596912,0,0
2014-07-01,bourgogne_franche_comte,47.24265154083192,4.81215957244112,3213.2903,78.33865,197.17754,18.383371,23.744501,13.820729,2.2351384,0,0
2014-08-01,bourgogne_franche_comte,47.24265154083192,4.81215957244112,1992.9323,79.59772,191.58272,16.482986,21.794844,12.101983,2.1434927,0,0
2014-09-01,bourgogne_franche_comte,47.24265154083192,4.81215957244112,535.24335,79.35633,172.59293,15.95683,22.343737,10.584155,1.9264764,0,0
2014-10-01,bourgogne_franche_comte,47.24265154083192,4.81215957244112,2008.858,86.72743,96.43498,13.008995,18.313622,8.997718,1.9868709,0,0
2014-11-01,bourgogne_franche_comte,47.24265154083192,4.81215957244112,2078.5334,89.07343,49.42555,8.49671,12.515276,5.5020795,2.1327796,0,0
2014-12-01,bourgogne_franche_comte,47.24265154083192,4.81215957244112,1324.0388,89.04288,25.76391,3.605211,5.9976954,1.3892295,2.7443657,0,0
2015-01-01,bourgogne_franche_comte,47.24265154083192,4.81215957244112,1791.0258,88.3056,35.49191,2.7614126,5.593167,0.023661902,3.0367718,0,0
2015-02-01,bourgogne_franche_comte,47.24265154083192,4.81215957244112,1070.7251,82.911446,74.84041,1.861686,5.8966804,-1.4579517,2.9427493,0,0
2015-03-01,bourgogne_franche_comte,47.24265154083192,4.81215957244112,1031.5548,76.28408,131.17421,6.6822233,12.154741,1.8894628,2.8217304,0,0
2015-04-01,bourgogne_franche_comte,47.24265154083192,4.81215957244112,1543.2301,67.50917,202.80797,10.7404375,16.877317,4.5527754,2.6847684,0,0
2015-05-01,bourgogne_franche_comte,47.24265154083192,4.81215957244112,1364.8257,74.18824,222.16338,13.812185,19.501554,8.085551,2.740955,0,0
2015-06-01,bourgogne_franche_comte,47.24265154083192,4.81215957244112,1000.25,68.52138,271.41516,18.486195,24.811415,12.059933,2.3443892,0,0
2015-07-01,bourgogne_franche_comte,47.24265154083192,4.81215957244112,492.8258,58.552402,269.81787,21.98857,28.994402,15.08706,2.6250553,0,0
2015-08-01,bourgogne_franche_comte,47.24265154083192,4.81215957244112,1564.9226,68.32717,210.6155,20.25069,26.760607,14.230623,2.2232358,0,0
2015-09-01,bourgogne_franche_comte,47.24265154083192,4.81215957244112,1926.4767,76.57735,155.19186,13.59329,19.28996,9.018351,2.6339447,0,0
2015-10-01,bourgogne_franche_comte,47.24265154083192,4.81215957244112,885.32904,85.573135,89.726654,9.677086,14.38654,5.8878407,1.9822849,1,2
2015-11-01,bourgogne_franche_comte,47.24265154083192,4.81215957244112,1356.88,86.28904,56.13833,8.158315,12.469046,4.489471,2.7687654,1,6
2015-12-01,bourgogne_franche_comte,47.24265154083192,4.81215957244112,419.24194,86.89354,45.67815,6.5962543,11.2372875,2.7852938,2.0835226,1,2
2016-01-01,bourgogne_franche_comte,47.24265154083192,4.81215957244112,2297.9097,87.783325,40.27391,4.1501565,7.4190063,1.3906766,3.0797129,1,6
2016-02-01,bourgogne_franche_comte,47.24265154083192,4.81215957244112,2093.9104,84.43212,58.830467,4.6149826,7.787551,1.9196161,3.8179994,1,7
2016-03-01,bourgogne_franche_comte,47.24265154083192,4.81215957244112,1384.3969,78.61892,122.10403,5.189052,10.009562,0.7976188,3.1873906,1,16
2016-04-01,bourgogne_franche_comte,47.24265154083192,4.81215957244112,2558.8667,78.94559,158.32281,8.753394,13.634686,4.5222,2.570584,1,25
2016-05-01,bourgogne_franche_comte,47.24265154083192,4.81215957244112,3005.5583,79.07298,188.05153,12.754068,17.924145,7.979071,2.5824368,1,28
2016-06-01,bourgogne_franche_comte,47.24265154083192,4.81215957244112,2507.4768,82.77941,196.68613,16.62725,21.573627,12.586663,2.2694538,1,30
2016-07-01,bourgogne_franche_comte,47.24265154083192,4.81215957244112,742.0807,72.67492,240.74615,19.468002,25.508837,13.549296,2.049849,1,30
2016-08-01,bourgogne_franche_comte,47.24265154083192,4.81215957244112,719.35815,70.28942,231.78712,19.56549,26.54504,13.02838,1.8993453,1,31
2016-09-01,bourgogne_franche_comte,47.24265154083192,4.81215957244112,1282.7833,75.18633,152.63666,17.158415,23.522318,11.826342,1.8767179,1,34
2016-10-01,bourgogne_franche_comte,47.24265154083192,4.81215957244112,1213.842,85.7297,97.891594,9.418,14.474996,5.426181,2.0994203,1,113
2016-11-01,bourgogne_franche_comte,47.24265154083192,4.81215957244112,2134.3066,87.09076,46.356445,5.969356,9.470749,3.113287,2.796004,1,228
2016-12-01,bourgogne_franche_comte,47.24265154083192,4.81215957244112,190.45161,88.05374,45.28206,1.845721,6.485531,-1.3763218,1.5854726,1,439
2017-01-01,bourgogne_franche_comte,47.24265154083192,4.81215957244112,718.3581,85.57113,46.383896,-0.9252096,2.5149038,-3.943036,2.4608269,1,620
2017-02-01,bourgogne_franche_comte,47.24265154083192,4.81215957244112,1285.5964,83.19033,72.55631,5.6318064,10.139408,1.9989396,3.0070336,1,750
2017-03-01,bourgogne_franche_comte,47.24265154083192,4.81215957244112,1554.6709,78.52435,130.29202,8.797078,14.211406,4.1616917,2.992728,1,831
2017-04-01,bourgogne_franche_comte,47.24265154083192,4.81215957244112,639.7633,70.072815,211.2043,8.866218,15.370076,2.5996225,2.4662342,1,897
2017-05-01,bourgogne_franche_comte,47.24265154083192,4.81215957244112,1615.9935,75.70611,235.69185,14.665482,20.59274,8.858702,2.342813,1,928
2017-06-01,bourgogne_franche_comte,47.24265154083192,4.81215957244112,1510.3867,70.52957,277.79617,19.5443,25.945976,13.474487,2.4201894,1,2
2017-07-01,bourgogne_franche_comte,47.24265154083192,4.81215957244112,1431.6484,72.59096,218.42807,19.859377,25.693542,14.626571,2.4490957,1,2
2017-08-01,bourgogne_franche_comte,47.24265154083192,4.81215957244112,1080.4935,72.116486,206.94835,19.55139,26.025297,13.939883,2.03969,1,3
2017-09-01,bourgogne_franche_comte,47.24265154083192,4.81215957244112,1328.7167,80.21522,142.93124,13.597033,19.15801,9.213131,2.1910646,1,18
2017-10-01,bourgogne_franche_comte,47.24265154083192,4.81215957244112,581.05817,83.430534,102.76289,11.624013,17.344673,7.062724,2.0922844,1,162
2017-11-01,bourgogne_franche_comte,47.24265154083192,4.81215957244112,1958.3834,87.31568,47.566547,5.3094187,8.902872,2.052694,2.6793032,1,402
2017-12-01,bourgogne_franche_comte,47.24265154083192,4.81215957244112,2281.6062,88.492294,29.87715,3.1621199,5.9060125,0.654225,3.2942083,1,402
2018-01-01,bourgogne_franche_comte,47.24265154083192,4.81215957244112,3578.2031,88.088905,32.424355,6.2601995,9.053798,3.8132312,3.7460418,1,406
2018-02-01,bourgogne_franche_comte,47.24265154083192,4.81215957244112,1056.8822,80.61395,73.097244,0.26141796,3.4059484,-2.1836429,2.905975,1,406
2018-03-01,bourgogne_franche_comte,47.24265154083192,4.81215957244112,2157.9905,81.30577,103.06958,5.53994,10.090387,1.8706367,3.0513303,1,406
2018-04-01,bourgogne_franche_comte,47.24265154083192,4.81215957244112,1042.9634,70.587814,190.25981,12.447325,18.6008,6.8352437,2.7076116,1,406
2018-05-01,bourgogne_franche_comte,47.24265154083192,4.81215957244112,1884.1063,77.443,218.19287,14.955973,21.036144,9.312336,2.163013,1,406
2018-06-01,bourgogne_franche_comte,47.24265154083192,4.81215957244112,1247.3368,73.15738,259.58286,18.546677,24.64606,12.587309,2.319232,1,406
2018-07-01,bourgogne_franche_comte,47.24265154083192,4.81215957244112,773.62256,62.94775,268.74112,21.72768,28.892282,14.464208,2.038148,1,406
2018-08-01,bourgogne_franche_comte,47.24265154083192,4.81215957244112,814.3097,65.50484,228.76941,20.699223,27.55535,14.343619,2.183346,1,406
2018-09-01,bourgogne_franche_comte,47.24265154083192,4.81215957244112,407.1667,67.51811,182.19238,16.728262,24.441887,9.918076,2.1179452,1,406
2018-10-01,bourgogne_franche_comte,47.24265154083192,4.81215957244112,694.2645,77.045685,106.24159,11.920487,17.898846,7.0564065,2.420688,1,406
2018-11-01,bourgogne_franche_comte,47.24265154083192,4.81215957244112,1217.65,86.84227,51.089485,7.0872645,10.941172,3.917756,2.4065742,1,406
2018-12-01,bourgogne_franche_comte,47.24265154083192,4.81215957244112,2177.129,89.4941,30.741371,4.8844943,7.650393,2.3760552,3.1135764,1,406
2019-01-01,bourgogne_franche_comte,47.24265154083192,4.81215957244112,1117.3838,88.27125,39.02147,1.4577278,3.9907281,-0.8775143,2.8121784,1,406
2019-02-01,bourgogne_franche_comte,47.24265154083192,4.81215957244112,529.5286,75.168686,103.25878,5.3528485,11.8427515,0.10453396,2.4767277,1,406
2019-03-01,bourgogne_franche_comte,47.24265154083192,4.81215957244112,1381.0549,71.63784,142.75981,7.709554,12.983225,2.8613825,3.8370402,1,406
2019-04-01,bourgogne_franche_comte,47.24265154083192,4.81215957244112,1365.9333,72.79527,179.7429,9.548289,15.347324,4.268546,2.6554646,1,406
2019-05-01,bourgogne_franche_comte,47.24265154083192,4.81215957244112,1182.3225,74.41898,205.15933,11.560814,17.062798,6.22653,2.757309,1,406
2019-06-01,bourgogne_franche_comte,47.24265154083192,4.81215957244112,1232.9032,69.85989,244.72305,19.243324,25.986765,12.547404,2.3731735,1,406
2019-07-01,bourgogne_franche_comte,47.24265154083192,4.81215957244112,773.7355,58.7107,265.2356,21.513565,28.571316,14.38373,2.4204786,1,406
2019-08-01,bourgogne_franche_comte,47.24265154083192,4.81215957244112,915.3097,66.065865,225.21474,20.10375,27.184177,13.366005,2.0721705,1,406
2019-09-01,bourgogne_franche_comte,47.24265154083192,4.81215957244112,759.2267,68.66535,170.21841,15.930011,22.628872,10.01889,2.5770013,1,406
2019-10-01,bourgogne_franche_comte,47.24265154083192,4.81215957244112,2497.2227,84.99311,78.57733,12.755302,16.73897,9.551233,2.7600496,1,406
2019-11-01,bourgogne_franche_comte,47.24265154083192,4.81215957244112,2167.6367,88.936966,45.267773,6.226407,9.568963,3.6161191,2.8767545,1,406
2019-12-01,bourgogne_franche_comte,47.24265154083192,4.81215957244112,2229.3806,85.98714,36.904293,5.492649,8.881731,2.6252327,3.536825,1,406
2020-01-01,bourgogne_franche_comte,47.24265154083192,4.81215957244112,749.8871,85.43685,49.292683,4.531905,8.318689,1.2644936,2.826975,1,406
2020-02-01,bourgogne_franche_comte,47.24265154083192,4.81215957244112,1856.8414,78.32913,77.05053,7.0379004,11.190836,3.4961107,4.422667,1,406
2020-03-01,bourgogne_franche_comte,47.24265154083192,4.81215957244112,1166.6968,72.33164,139.09695,7.0689793,12.342918,2.4422603,3.3519237,1,406
2020-04-01,bourgogne_franche_comte,47.24265154083192,4.81215957244112,553.7367,61.181095,225.28032,12.937514,20.271404,5.6481586,2.391914,1,406
2020-05-01,bourgogne_franche_comte,47.24265154083192,4.81215957244112,1552.5581,69.95549,243.08942,14.564647,20.538307,8.196421,2.6899824,1,406
2020-06-01,bourgogne_franche_comte,47.24265154083192,4.81215957244112,1682.7034,74.13226,221.68019,16.875746,22.711985,11.570162,2.424805,1,406
2020-07-01,bourgogne_franche_comte,47.24265154083192,4.81215957244112,307.04196,59.669685,262.97375,20.370968,27.146362,13.243283,2.3645153,1,406
2020-08-01,bourgogne_franche_comte,47.24265154083192,4.81215957244112,935.72577,63.46027,212.1949,20.997503,28.00229,14.75197,2.3118763,1,406
2020-09-01,bourgogne_franche_comte,47.24265154083192,4.81215957244112,1356.6367,69.11649,166.48228,17.02771,23.915071,11.043193,2.3001053,1,406
2020-10-01,bourgogne_franche_comte,47.24265154083192,4.81215957244112,2582.1807,85.31432,72.119865,10.542058,14.174149,7.6764746,3.1334696,1,406
2020-11-01,bourgogne_franche_comte,47.24265154083192,4.81215957244112,459.33667,84.617195,63.296284,7.6367197,12.728028,3.9035244,2.1406422,1,406
2020-12-01,bourgogne_franche_comte,47.24265154083192,4.81215957244112,2086.8354,89.11105,29.225468,4.721819,7.387103,2.1942897,3.2304559,1,406
2021-01-01,bourgogne_franche_comte,47.24265154083192,4.81215957244112,2272.9482,87.82086,37.36928,2.294825,4.8338313,-0.18244462,3.0425615,1,406
2021-02-01,bourgogne_franche_comte,47.24265154083192,4.81215957244112,989.9857,77.711266,81.44654,5.7606573,10.215187,1.8975037,2.9031663,1,406
2021-03-01,bourgogne_franche_comte,47.24265154083192,4.81215957244112,900.0742,72.92383,141.39,6.3084755,12.053748,1.0914809,2.8370008,1,406
2021-04-01,bourgogne_franche_comte,47.24265154083192,4.81215957244112,708.69336,63.448334,210.90215,8.250721,14.572788,2.0126429,3.0394442,1,406
2021-05-01,bourgogne_franche_comte,47.24265154083192,4.81215957244112,2586.6772,75.27347,200.71503,11.268158,16.432632,6.587746,3.1564121,1,406
2021-06-01,bourgogne_franche_comte,47.24265154083192,4.81215957244112,2201.7666,76.76056,233.60083,18.722809,24.485567,13.324438,2.3267412,1,406
2021-07-01,bourgogne_franche_comte,47.24265154083192,4.81215957244112,2447.6162,78.28629,210.51332,18.211683,23.532001,13.430877,2.4761531,1,406
2021-08-01,bourgogne_franche_comte,47.24265154083192,4.81215957244112,802.1193,78.35829,191.66158,17.522795,23.177452,12.686721,2.2713406,1,406
2021-09-01,bourgogne_franche_comte,47.24265154083192,4.81215957244112,1406.3567,79.902855,164.02225,16.64935,23.05881,11.530968,1.9737444,1,406
2021-10-01,bourgogne_franche_comte,47.24265154083192,4.81215957244112,1513.4711,82.63669,111.211136,10.44682,16.567055,5.53513,2.4471905,1,406
2021-11-01,bourgogne_franche_comte,47.24265154083192,4.81215957244112,828.2567,90.13899,45.278515,4.3717303,7.6827736,1.9199612,2.471421,1,406
2021-12-01,bourgogne_franche_comte,47.24265154083192,4.81215957244112,2148.7515,90.54229,31.277905,3.9354062,7.092101,1.273871,2.805168,1,406
2022-01-01,bourgogne_franche_comte,47.24265154083192,4.81215957244112,815.5839,88.33558,45.64471,1.6941541,5.2331667,-0.99152344,2.697254,1,406
2022-02-01,bourgogne_franche_comte,47.24265154083192,4.81215957244112,1087.168,80.99398,84.72431,5.3330865,9.780641,1.4536467,3.5499322,1,406
2022-03-01,bourgogne_franche_comte,47.24265154083192,4.81215957244112,531.31934,66.828026,146.62611,7.955757,14.310827,2.19721,2.576135,1,406
2022-04-01,bourgogne_franche_comte,47.24265154083192,4.81215957244112,1217.4033,71.7921,195.7414,9.731686,15.358787,4.2377753,3.1193094,1,406
2022-05-01,bourgogne_franche_comte,47.24265154083192,4.81215957244112,507.39996,68.46104,259.07144,16.211359,22.917627,9.419144,2.5075393,1,406
2022-06-01,bourgogne_franche_comte,47.24265154083192,4.81215957244112,2556.4534,70.59869,258.36078,19.582882,26.289913,13.381509,2.4801426,1,406
2022-07-01,bourgogne_franche_comte,47.24265154083192,4.81215957244112,166.86774,58.77673,300.30264,21.38679,28.593859,13.551646,2.5253696,1,406
2022-08-01,bourgogne_franche_comte,47.24265154083192,4.81215957244112,966.93866,61.499054,240.18149,21.633707,28.892023,14.632311,2.3568645,1,406
2022-09-01,bourgogne_franche_comte,47.24265154083192,4.81215957244112,2149.7534,78.448204,156.70262,14.927431,20.965147,10.129429,2.3412626,1,406
2022-10-01,bourgogne_franche_comte,47.24265154083192,4.81215957244112,1458.4323,83.23834,101.349106,14.991092,20.477177,10.676691,2.2419658,1,406
2022-11-01,bourgogne_franche_comte,47.24265154083192,4.81215957244112,1582.0566,88.17688,49.854996,8.30047,11.826884,5.29001,2.6195598,1,406
2022-12-01,bourgogne_franche_comte,47.24265154083192,4.81215957244112,1401.3323,87.62515,30.289196,4.2529435,7.0819397,1.6008914,2.855739,1,406
2023-01-01,bourgogne_franche_comte,47.24265154083192,4.81215957244112,1314.5194,86.32483,34.193268,4.110114,6.4218354,1.9261919,3.4499803,1,406
2023-02-01,bourgogne_franche_comte,47.24265154083192,4.81215957244112,210.57143,79.10758,88.702965,4.3163214,9.504375,0.4628279,2.7119014,1,406
2023-03-01,bourgogne_franche_comte,47.24265154083192,4.81215957244112,1760.1646,74.70414,120.64276,7.635993,12.5304365,3.1860409,3.389237,1,406
2023-04-01,bourgogne_franche_comte,47.24265154083192,4.81215957244112,1319.6267,77.8846,167.29868,9.043161,14.117431,4.5207725,3.0186357,1,406
2023-05-01,bourgogne_franche_comte,47.24265154083192,4.81215957244112,887.1839,75.32221,230.96843,14.418164,20.124197,8.925306,2.8626032,1,406
2023-06-01,bourgogne_franche_comte,47.24265154083192,4.81215957244112,1169.1433,64.47699,281.90845,20.255503,27.302593,13.062617,2.3625643,1,406
2023-07-01,bourgogne_franche_comte,47.24265154083192,4.81215957244112,1343.1096,68.91745,243.54543,20.12685,26.367727,14.303709,2.6598353,1,406
2023-08-01,bourgogne_franche_comte,47.24265154083192,4.81215957244112,1211.7936,74.3444,197.54395,20.010273,26.21062,14.84025,2.4105353,1,406
2023-09-01,bourgogne_franche_comte,47.24265154083192,4.81215957244112,968.56665,71.54493,185.29205,19.237757,26.811056,12.959066,2.0701008,1,406
2023-10-01,bourgogne_franche_comte,47.24265154083192,4.81215957244112,2601.3,77.67404,105.66933,13.768783,19.92327,8.826363,2.6382887,1,406
2023-11-01,bourgogne_franche_comte,47.24265154083192,4.81215957244112,2919.4534,87.317696,41.942684,7.214656,10.423562,4.5459023,3.4749062,1,406
2023-12-01,bourgogne_franche_comte,47.24265154083192,4.81215957244112,1875.5065,87.74751,30.747387,5.5201592,8.374731,2.9887052,3.1515427,1,406
2024-01-01,bourgogne_franche_comte,47.24265154083192,4.81215957244112,1279.1678,86.060036,42.511074,3.413501,7.0248737,0.3046274,2.8852613,0,0
2024-02-01,bourgogne_franche_comte,47.24265154083192,4.81215957244112,1562.9829,86.03886,61.55803,7.198075,10.604351,4.464468,3.0894337,0,0
2024-03-01,bourgogne_franche_comte,47.24265154083192,4.81215957244112,2379.271,80.04419,116.46207,8.689697,13.464859,4.721703,2.8515115,0,0
2024-04-01,bourgogne_franche_comte,47.24265154083192,4.81215957244112,1404.04,75.40938,167.92055,10.150201,15.535228,5.2520638,3.0208702,0,0
2024-05-01,bourgogne_franche_comte,47.24265154083192,4.81215957244112,2665.9353,82.0395,190.80875,13.677834,19.027058,9.206955,2.3427691,0,0
2024-06-01,bourgogne_franche_comte,47.24265154083192,4.81215957244112,2231.0632,78.49899,223.30888,17.404953,22.882322,12.441599,2.4919324,0,0
2024-07-01,bourgogne_franche_comte,47.24265154083192,4.81215957244112,1474.7839,75.864204,238.92014,19.864943,25.974464,14.278051,2.1825852,0,0
2024-08-01,bourgogne_franche_comte,47.24265154083192,4.81215957244112,1053.0549,74.514206,236.59122,20.764301,27.49806,14.634895,1.9973713,0,0
2024-09-01,bourgogne_franche_comte,47.24265154083192,4.81215957244112,2457.8035,82.71278,133.45413,14.711658,19.613861,10.807234,2.6293123,1,2
2024-10-01,bourgogne_franche_comte,47.24265154083192,4.81215957244112,2171.716,88.27047,84.23879,13.126382,17.840473,9.549769,2.2622726,1,7
2024-11-01,bourgogne_franche_comte,47.24265154083192,4.81215957244112,1304.1833,88.52013,47.238564,6.7788024,10.648705,3.6959062,2.560035,1,7
2024-12-01,bourgogne_franche_comte,47.24265154083192,4.81215957244112,1439.0387,89.24614,32.053726,3.1067398,6.275371,0.47884792,2.516297,1,7
2000-01-01,normandie,49.126370108264,0.0952937178929139,288.74194,87.32969,34.916725,4.2903438,6.947698,2.0572975,3.569207,0,0
2000-02-01,normandie,49.126370108264,0.0952937178929139,990.4828,85.37525,60.313255,6.7806783,10.100885,3.834894,4.3441434,0,0
2000-03-01,normandie,49.126370108264,0.0952937178929139,595.98065,81.79248,106.56662,6.975778,10.965451,3.637434,3.4781303,0,0
2000-04-01,normandie,49.126370108264,0.0952937178929139,1305.53,81.62618,142.92183,8.765205,13.083429,5.0354233,3.9350173,0,0
2000-05-01,normandie,49.126370108264,0.0952937178929139,1143.071,84.47781,180.2444,13.237801,17.428343,9.775955,3.2766643,0,0
2000-06-01,normandie,49.126370108264,0.0952937178929139,249.79001,77.04458,231.61069,15.90154,20.859669,11.342232,3.0735822,0,0
2000-07-01,normandie,49.126370108264,0.0952937178929139,1450.1099,81.32994,196.52882,15.874229,20.343237,11.8004055,3.1573138,0,0
2000-08-01,normandie,49.126370108264,0.0952937178929139,502.4355,79.347404,192.1334,17.706638,22.886585,13.158101,2.742593,0,0
2000-09-01,normandie,49.126370108264,0.0952937178929139,862.0533,82.870415,129.77165,15.527198,20.156065,11.642962,3.1655014,0,0
2000-10-01,normandie,49.126370108264,0.0952937178929139,1946.5098,86.09987,68.78524,11.331625,14.7156315,8.452697,4.0087028,0,0
2000-11-01,normandie,49.126370108264,0.0952937178929139,2043.4034,87.773125,40.729618,7.811981,10.844492,5.3807983,4.6370306,0,0
2000-12-01,normandie,49.126370108264,0.0952937178929139,1244.7773,88.04156,27.397264,6.9556713,9.517836,4.72251,4.4911523,0,0
2001-01-01,normandie,49.126370108264,0.0952937178929139,1547.1807,87.961235,34.70135,4.671006,7.4438276,2.1552584,4.280595,0,0
2001-02-01,normandie,49.126370108264,0.0952937178929139,849.31433,86.44056,60.661392,5.4351397,8.491666,2.7183897,4.1278234,0,0
2001-03-01,normandie,49.126370108264,0.0952937178929139,1952.813,86.91287,81.914185,7.724004,11.153317,4.9420996,4.1960764,0,0
2001-04-01,normandie,49.126370108264,0.0952937178929139,1226.2166,81.66102,142.64919,8.36104,12.105115,5.243169,4.1757355,0,0
2001-05-01,normandie,49.126370108264,0.0952937178929139,303.3258,79.04939,215.9078,13.173221,18.015505,8.666181,3.1508875,0,0
2001-06-01,normandie,49.126370108264,0.0952937178929139,349.49335,73.98586,243.85162,15.378424,20.898884,9.904905,2.957157,0,0
2001-07-01,normandie,49.126370108264,0.0952937178929139,666.8516,78.48407,210.80489,17.63823,22.738302,13.045678,2.9985332,0,0
2001-08-01,normandie,49.126370108264,0.0952937178929139,925.88074,78.45708,189.44608,18.371687,23.800173,13.800745,3.1181557,0,0
2001-09-01,normandie,49.126370108264,0.0952937178929139,1179.2434,84.44361,123.14484,13.591574,17.725977,10.038018,3.353928,0,0
2001-10-01,normandie,49.126370108264,0.0952937178929139,782.57104,87.34731,80.64937,14.21445,18.213974,11.152001,3.6406257,0,0
2001-11-01,normandie,49.126370108264,0.0952937178929139,845.12,87.49802,45.88985,6.992125,10.450574,3.636,3.343148,0,0
2001-12-01,normandie,49.126370108264,0.0952937178929139,688.42255,85.706535,34.229664,3.417073,6.4453053,0.6799071,3.6415267,0,0
2002-01-01,normandie,49.126370108264,0.0952937178929139,675.6903,88.46684,37.703194,5.9693856,8.729059,3.354205,4.3489966,0,0
2002-02-01,normandie,49.126370108264,0.0952937178929139,1587.6643,83.14805,58.237385,7.6571507,10.679804,4.8694777,5.9298716,0,0
2002-03-01,normandie,49.126370108264,0.0952937178929139,749.4581,83.44304,113.471085,8.042833,12.318238,4.2530146,3.5877812,0,0
2002-04-01,normandie,49.126370108264,0.0952937178929139,273.8167,75.75415,179.68163,9.581579,14.642127,5.000556,3.6913214,0,0
2002-05-01,normandie,49.126370108264,0.0952937178929139,890.74194,80.58674,198.07152,12.315229,16.920448,8.314,3.5407033,0,0
2002-06-01,normandie,49.126370108264,0.0952937178929139,712.4,80.91597,221.02301,15.331973,20.083664,10.923305,3.2464125,0,0
2002-07-01,normandie,49.126370108264,0.0952937178929139,786.5323,81.284294,206.08528,16.428852,21.282648,12.130022,3.331217,0,0
2002-08-01,normandie,49.126370108264,0.0952937178929139,873.042,84.87633,167.5846,16.975998,21.778181,12.949537,2.5899851,0,0
2002-09-01,normandie,49.126370108264,0.0952937178929139,647.5633,80.901344,150.19711,14.435722,19.68483,9.80873,2.844652,0,0
2002-10-01,normandie,49.126370108264,0.0952937178929139,1239.6226,85.079796,79.59169,11.572945,15.7763195,7.9516754,3.5333452,0,0
2002-11-01,normandie,49.126370108264,0.0952937178929139,1475.16,89.77138,41.707516,9.147154,12.044431,6.6688113,4.004629,0,0
2002-12-01,normandie,49.126370108264,0.0952937178929139,1291.4,90.14272,21.921896,6.796912,8.869031,4.8377943,4.2267017,0,0
2003-01-01,normandie,49.126370108264,0.0952937178929139,957.32904,86.60522,39.758236,3.4188251,6.1145244,0.785057,4.4686365,0,0
2003-02-01,normandie,49.126370108264,0.0952937178929139,483.875,81.400925,73.2366,4.0229015,7.5217385,0.95539397,3.6745174,0,0
2003-03-01,normandie,49.126370108264,0.0952937178929139,393.00964,77.02181,135.79225,8.756571,13.784512,4.525262,3.4925308,0,0
2003-04-01,normandie,49.126370108264,0.0952937178929139,386.06335,70.01791,187.46777,10.091618,15.465512,5.0812025,3.8300965,0,0
2003-05-01,normandie,49.126370108264,0.0952937178929139,847.12256,79.93117,197.90901,12.702196,17.517576,8.264472,3.2453175,0,0
2003-06-01,normandie,49.126370108264,0.0952937178929139,737.4133,78.59426,242.73334,17.785177,23.186647,12.916411,2.876552,0,0
2003-07-01,normandie,49.126370108264,0.0952937178929139,788.0,76.90962,225.39648,18.301357,23.564129,13.289243,3.0127475,0,0
2003-08-01,normandie,49.126370108264,0.0952937178929139,221.9871,72.68124,212.77673,20.46367,26.96833,14.626271,2.71076,0,0
2003-09-01,normandie,49.126370108264,0.0952937178929139,292.57333,74.83021,159.80055,15.243246,21.61077,9.43717,2.747217,0,0
2003-10-01,normandie,49.126370108264,0.0952937178929139,932.4613,83.239426,79.33038,9.383412,13.462138,6.035724,3.3624244,0,0
2003-11-01,normandie,49.126370108264,0.0952937178929139,931.07336,89.93767,42.874996,8.707575,11.9357815,5.8910127,3.6687675,0,0
2003-12-01,normandie,49.126370108264,0.0952937178929139,750.12256,88.14605,29.01981,5.0552025,7.9229484,2.6023107,3.9999921,0,0
2004-01-01,normandie,49.126370108264,0.0952937178929139,1486.4065,88.23473,31.394812,5.4915576,8.070517,3.0653095,4.797776,0,0
2004-02-01,normandie,49.126370108264,0.0952937178929139,167.90689,82.025986,68.33986,5.0598874,8.3900795,2.3815799,3.9381216,0,0
2004-03-01,normandie,49.126370108264,0.0952937178929139,517.60004,81.193214,116.11177,6.176385,10.318364,2.5741758,4.0043964,0,0
2004-04-01,normandie,49.126370108264,0.0952937178929139,925.9033,80.68027,166.43958,9.363881,14.024284,5.2326236,3.6024404,0,0
2004-05-01,normandie,49.126370108264,0.0952937178929139,543.671,78.67362,224.91454,12.122294,17.118456,7.097899,3.1583817,0,0
2004-06-01,normandie,49.126370108264,0.0952937178929139,294.40002,77.97719,243.81123,16.004915,21.114082,11.139455,3.2434688,0,0
2004-07-01,normandie,49.126370108264,0.0952937178929139,796.0968,79.27043,208.68022,16.694326,21.702772,12.282702,3.0755253,0,0
2004-08-01,normandie,49.126370108264,0.0952937178929139,1215.0742,79.88097,175.57442,18.048346,22.9791,14.11162,3.4530048,0,0
2004-09-01,normandie,49.126370108264,0.0952937178929139,347.30002,79.708855,147.24248,15.934987,20.703999,11.829861,3.6090152,0,0
2004-10-01,normandie,49.126370108264,0.0952937178929139,1049.3032,85.09332,77.928825,11.830455,15.582514,8.891004,4.224709,0,0
2004-11-01,normandie,49.126370108264,0.0952937178929139,553.39,89.477005,37.463135,7.976905,10.66331,5.450334,2.8973505,0,0
2004-12-01,normandie,49.126370108264,0.0952937178929139,838.1097,89.48095,27.403315,4.3599477,7.106795,1.7781608,3.3842902,0,0
2005-01-01,normandie,49.126370108264,0.0952937178929139,745.01294,87.38125,36.997547,5.905387,8.35968,3.5468545,4.605171,0,0
2005-02-01,normandie,49.126370108264,0.0952937178929139,468.8286,83.58412,63.619083,3.3421438,6.0093226,0.93591416,3.8934555,0,0
2005-03-01,normandie,49.126370108264,0.0952937178929139,436.02905,83.01863,105.0156,7.0370836,11.127765,3.3812296,3.3241608,0,0
2005-04-01,normandie,49.126370108264,0.0952937178929139,746.44995,82.32637,155.53008,9.7977495,14.460818,5.6734486,3.3410664,0,0
2005-05-01,normandie,49.126370108264,0.0952937178929139,880.19995,79.82123,211.44443,12.421362,16.975897,8.389781,3.3965077,0,0
2005-06-01,normandie,49.126370108264,0.0952937178929139,379.66333,78.89702,248.64186,16.832602,22.393345,11.647234,2.9688182,0,0
2005-07-01,normandie,49.126370108264,0.0952937178929139,737.4355,81.32205,209.09528,17.630621,22.65149,13.38479,3.2994788,0,0
2005-08-01,normandie,49.126370108264,0.0952937178929139,508.30322,77.451935,210.71431,16.763641,22.513386,11.352499,2.935147,0,0
2005-09-01,normandie,49.126370108264,0.0952937178929139,394.65668,80.79059,141.84293,16.011377,21.37031,11.483857,2.714811,0,0
2005-10-01,normandie,49.126370108264,0.0952937178929139,1154.8097,84.70045,84.59966,14.502296,18.410694,11.218912,3.3885462,0,0
2005-11-01,normandie,49.126370108264,0.0952937178929139,761.03,87.534836,51.359154,6.6184764,10.100691,3.7616034,3.3996964,0,0
2005-12-01,normandie,49.126370108264,0.0952937178929139,829.5322,88.24788,30.542074,3.7616756,6.7702875,1.0840788,3.395911,0,0
2006-01-01,normandie,49.126370108264,0.0952937178929139,447.0645,87.77628,38.758152,3.2294888,5.7316856,1.0779821,3.3784053,0,0
2006-02-01,normandie,49.126370108264,0.0952937178929139,842.3822,87.42503,50.254368,3.1310537,5.931398,0.79991364,3.740837,0,0
2006-03-01,normandie,49.126370108264,0.0952937178929139,986.2516,81.69834,104.060036,5.4236436,9.037429,2.4603279,4.6512785,0,0
2006-04-01,normandie,49.126370108264,0.0952937178929139,338.76334,79.922806,171.01704,9.012777,13.50294,5.0523505,3.5536017,0,0
2006-05-01,normandie,49.126370108264,0.0952937178929139,804.9355,82.49368,187.9567,12.943025,17.525091,9.171048,3.7848263,0,0
2006-06-01,normandie,49.126370108264,0.0952937178929139,697.90674,75.70087,253.58568,16.807543,22.429188,11.067648,2.6154711,0,0
2006-07-01,normandie,49.126370108264,0.0952937178929139,649.0033,75.305824,253.31233,20.566181,26.902506,14.9172735,2.6439772,0,0
2006-08-01,normandie,49.126370108264,0.0952937178929139,793.0162,81.59048,170.87842,16.20021,20.81614,12.36223,3.449011,0,0
2006-09-01,normandie,49.126370108264,0.0952937178929139,683.48,81.386826,139.56938,17.554049,22.686375,13.526166,3.125398,0,0
2006-10-01,normandie,49.126370108264,0.0952937178929139,944.2226,86.82212,77.411995,14.177101,17.81785,11.251311,3.645331,0,0
2006-11-01,normandie,49.126370108264,0.0952937178929139,788.0033,87.95999,49.364582,8.829084,12.653164,5.4823656,3.8489602,0,0
2006-12-01,normandie,49.126370108264,0.0952937178929139,1283.9839,89.150826,27.67523,5.7343054,8.3994,3.234424,4.192433,0,0
2007-01-01,normandie,49.126370108264,0.0952937178929139,717.6033,87.86456,31.321264,7.280446,9.631983,4.9248905,4.7196,0,0
2007-02-01,normandie,49.126370108264,0.0952937178929139,1317.9644,86.255516,58.409164,7.517208,10.556262,4.906523,4.4465013,0,0
2007-03-01,normandie,49.126370108264,0.0952937178929139,877.8742,83.86134,113.640785,7.0320287,11.442733,3.165317,3.7875671,0,0
2007-04-01,normandie,49.126370108264,0.0952937178929139,146.35,77.342636,214.72673,12.271014,18.52441,6.543318,2.810716,0,0
2007-05-01,normandie,49.126370108264,0.0952937178929139,1077.8193,83.00276,178.32346,13.0586815,17.385614,9.522119,3.9535894,0,0
2007-06-01,normandie,49.126370108264,0.0952937178929139,1294.6633,84.962906,189.80635,15.563251,20.186327,11.834202,3.2687056,0,0
2007-07-01,normandie,49.126370108264,0.0952937178929139,1553.3516,81.3023,205.10535,16.274796,20.753267,12.702677,3.6817691,0,0
2007-08-01,normandie,49.126370108264,0.0952937178929139,872.83545,81.8366,178.86421,16.284355,20.781229,12.314936,3.224064,0,0
2007-09-01,normandie,49.126370108264,0.0952937178929139,658.9967,83.06064,146.91005,13.949054,19.077854,9.606161,2.7511787,0,0
2007-10-01,normandie,49.126370108264,0.0952937178929139,507.43872,86.89683,86.795845,10.710961,15.156742,7.1252847,2.2155745,1,1
2007-11-01,normandie,49.126370108264,0.0952937178929139,661.3367,86.966324,44.399277,7.471002,10.672523,4.4268913,3.04788,1,12
2007-12-01,normandie,49.126370108264,0.0952937178929139,1118.8484,86.508865,37.009907,4.376364,7.5320506,1.6806056,4.044811,1,15
2008-01-01,normandie,49.126370108264,0.0952937178929139,950.71295,87.11078,34.799355,6.4463606,9.30346,3.8766096,4.553248,1,15
2008-02-01,normandie,49.126370108264,0.0952937178929139,524.2483,82.96965,78.38887,6.0254874,10.482565,2.2221618,3.4818444,1,15
2008-03-01,normandie,49.126370108264,0.0952937178929139,1429.3387,82.5765,97.989914,6.718038,9.940826,3.7811701,5.082177,1,15
2008-04-01,normandie,49.126370108264,0.0952937178929139,717.2866,79.92393,171.37029,8.657302,13.427437,4.585541,3.488089,1,15
2008-05-01,normandie,49.126370108264,0.0952937178929139,1091.1064,77.626114,215.28743,14.918535,20.254925,10.073038,2.65106,1,15
2008-06-01,normandie,49.126370108264,0.0952937178929139,286.22998,78.90017,231.08116,15.301418,20.329472,10.558512,2.7539308,0,0
2008-07-01,normandie,49.126370108264,0.0952937178929139,683.8484,76.06925,219.95828,17.05298,22.479565,12.207994,3.2517579,0,0
2008-08-01,normandie,49.126370108264,0.0952937178929139,891.3161,80.86665,166.23781,16.891823,21.474655,13.295239,3.416705,0,0
2008-09-01,normandie,49.126370108264,0.0952937178929139,627.47,79.883766,142.1519,13.354549,18.510307,8.930527,3.3223143,0,0
2008-10-01,normandie,49.126370108264,0.0952937178929139,1072.142,86.06565,82.071266,10.276499,14.612891,6.8125997,3.24705,0,0
2008-11-01,normandie,49.126370108264,0.0952937178929139,1261.77,88.90799,35.605526,8.048466,10.624459,5.7534485,3.7587738,0,0
2008-12-01,normandie,49.126370108264,0.0952937178929139,691.5968,87.9547,33.652523,3.6447582,6.361488,1.1218793,3.3815422,0,0
2009-01-01,normandie,49.126370108264,0.0952937178929139,866.64197,86.53262,41.865623,2.0254688,5.1145754,-0.6979847,3.906435,0,0
2009-02-01,normandie,49.126370108264,0.0952937178929139,511.67142,87.26251,63.485924,4.115326,7.516108,1.0942973,3.2026284,0,0
2009-03-01,normandie,49.126370108264,0.0952937178929139,507.06128,81.05368,131.84659,6.8840027,11.409035,2.7297168,3.6830199,0,0
2009-04-01,normandie,49.126370108264,0.0952937178929139,719.0933,83.08886,164.76857,10.308716,14.995338,6.284226,2.946486,0,0
2009-05-01,normandie,49.126370108264,0.0952937178929139,648.2677,81.67645,210.1008,12.843848,17.668432,8.318708,3.1254451,0,0
2009-06-01,normandie,49.126370108264,0.0952937178929139,742.7833,77.816864,248.78342,15.788758,20.94726,10.722517,2.7852297,0,0
2009-07-01,normandie,49.126370108264,0.0952937178929139,736.2742,77.353905,223.28435,17.354622,22.528013,12.968363,3.3111162,0,0
2009-08-01,normandie,49.126370108264,0.0952937178929139,239.00645,75.88284,200.16997,17.92562,23.956713,12.786868,2.7448518,0,0
2009-09-01,normandie,49.126370108264,0.0952937178929139,291.35333,80.2793,145.40561,15.238077,20.809162,10.795228,3.2026567,0,0
2009-10-01,normandie,49.126370108264,0.0952937178929139,721.6032,86.035255,80.35344,11.927152,16.174706,8.478415,2.8901458,0,0
2009-11-01,normandie,49.126370108264,0.0952937178929139,1856.5499,87.17529,40.668297,9.828064,12.41385,7.499242,5.276604,0,0
2009-12-01,normandie,49.126370108264,0.0952937178929139,1157.4065,88.717155,31.981504,3.8869596,6.87893,0.8330943,3.7271407,0,0
2010-01-01,normandie,49.126370108264,0.0952937178929139,711.3484,89.06106,37.836693,1.1931512,4.0379295,-1.2175183,3.1624599,0,0
2010-02-01,normandie,49.126370108264,0.0952937178929139,1281.0144,85.99453,62.288334,3.8348253,6.8736076,1.3032414,4.2496057,0,0
2010-03-01,normandie,49.126370108264,0.0952937178929139,595.3161,76.86523,121.1824,6.582474,10.774711,3.1273878,4.3475986,0,0
2010-04-01,normandie,49.126370108264,0.0952937178929139,184.54666,74.260506,212.18787,9.525804,15.26588,4.241497,3.5472596,0,0
2010-05-01,normandie,49.126370108264,0.0952937178929139,366.75162,76.922554,208.98624,11.177445,16.07472,6.360185,3.2069707,0,0
2010-06-01,normandie,49.126370108264,0.0952937178929139,667.18,77.26951,246.72246,16.018747,21.34426,10.828673,2.969656,0,0
2010-07-01,normandie,49.126370108264,0.0952937178929139,255.45807,72.72936,237.6526,18.769718,24.77986,13.350843,2.8830745,0,0
2010-08-01,normandie,49.126370108264,0.0952937178929139,840.7355,81.02965,171.29128,16.588436,21.263672,12.549256,3.2263496,0,0
2010-09-01,normandie,49.126370108264,0.0952937178929139,715.01666,79.568306,148.42119,14.501717,19.828985,9.892666,2.8732667,0,0
2010-10-01,normandie,49.126370108264,0.0952937178929139,1056.971,84.971634,84.83748,11.163181,15.127828,7.812788,3.39,0,0
2010-11-01,normandie,49.126370108264,0.0952937178929139,1511.7234,89.93044,38.5279,6.5025616,9.27246,4.0556264,3.5826957,0,0
2010-12-01,normandie,49.126370108264,0.0952937178929139,852.1194,88.40351,28.440126,0.94416106,3.2804153,-1.5795072,3.1538985,0,0
2011-01-01,normandie,49.126370108264,0.0952937178929139,650.68713,88.844215,34.465637,4.561451,7.0394864,2.322854,3.8280478,0,0
2011-02-01,normandie,49.126370108264,0.0952937178929139,559.09644,88.52846,53.850056,6.796412,9.863868,4.0705843,3.765071,0,0
2011-03-01,normandie,49.126370108264,0.0952937178929139,277.48712,81.44634,124.30496,7.7833014,12.499156,3.6175876,3.447487,0,0
2011-04-01,normandie,49.126370108264,0.0952937178929139,60.780003,74.88605,205.41223,12.419614,18.351517,6.9394875,2.757128,0,0
2011-05-01,normandie,49.126370108264,0.0952937178929139,174.95161,72.15066,244.76219,13.322497,19.120363,7.7534776,3.0489285,0,0
2011-06-01,normandie,49.126370108264,0.0952937178929139,782.6,76.922325,214.42754,15.420732,20.237944,11.014995,3.5458672,0,0
2011-07-01,normandie,49.126370108264,0.0952937178929139,879.6355,76.096565,205.3196,15.874713,20.863428,11.443301,3.2354267,0,0
2011-08-01,normandie,49.126370108264,0.0952937178929139,1331.6871,81.154884,176.1599,16.74765,21.583338,12.871873,2.8528874,0,0
2011-09-01,normandie,49.126370108264,0.0952937178929139,764.7633,81.99078,140.70227,16.187769,21.30867,12.053987,3.1270704,0,0
2011-10-01,normandie,49.126370108264,0.0952937178929139,327.3484,82.6454,87.45406,12.788714,17.03723,9.214892,3.2610097,0,0
2011-11-01,normandie,49.126370108264,0.0952937178929139,368.07004,89.80865,45.042572,9.535352,13.252933,6.5760207,3.201583,0,0
2011-12-01,normandie,49.126370108264,0.0952937178929139,2110.529,87.38275,28.353436,7.3162355,10.165561,4.535041,4.802664,0,0
2012-01-01,normandie,49.126370108264,0.0952937178929139,631.1,86.49103,36.41006,6.1008725,8.858252,3.6290224,3.9333403,0,0
2012-02-01,normandie,49.126370108264,0.0952937178929139,187.9276,82.284935,72.89056,2.049833,5.4443026,-1.2371683,2.991026,0,0
2012-03-01,normandie,49.126370108264,0.0952937178929139,320.4258,81.74075,129.39314,8.479871,13.667558,3.9955564,2.888201,0,0
2012-04-01,normandie,49.126370108264,0.0952937178929139,1383.6001,80.7167,153.64183,7.872791,12.351414,4.1099935,4.1050515,0,0
2012-05-01,normandie,49.126370108264,0.0952937178929139,581.93225,80.03609,208.92294,12.900208,17.618498,8.42945,3.159105,0,0
2012-06-01,normandie,49.126370108264,0.0952937178929139,1183.0834,81.95069,195.20615,15.095758,19.426502,11.531344,3.545683,0,0
2012-07-01,normandie,49.126370108264,0.0952937178929139,814.82263,78.15726,210.23624,16.498343,21.543926,12.131042,3.1564312,0,0
2012-08-01,normandie,49.126370108264,0.0952937178929139,526.8323,75.92625,204.44872,17.981195,23.710299,13.325067,3.0899575,0,0
2012-09-01,normandie,49.126370108264,0.0952937178929139,711.45337,79.35157,146.69945,14.167617,19.556534,9.630997,2.8905132,0,0
2012-10-01,normandie,49.126370108264,0.0952937178929139,1910.2484,87.39043,68.32705,11.80802,14.79382,9.111003,3.491226,0,0
2012-11-01,normandie,49.126370108264,0.0952937178929139,833.3566,88.111176,44.786686,7.3504524,10.403005,4.887655,3.540753,0,0
2012-12-01,normandie,49.126370108264,0.0952937178929139,1734.9387,87.46142,29.406292,6.4208283,9.036099,3.949802,4.63858,0,0
2013-01-01,normandie,49.126370108264,0.0952937178929139,783.70325,89.00959,30.874825,4.100545,6.225235,2.065369,3.5160294,0,0
2013-02-01,normandie,49.126370108264,0.0952937178929139,680.75,84.19485,61.794933,2.9791062,5.9644337,0.58345985,3.9683156,0,0
2013-03-01,normandie,49.126370108264,0.0952937178929139,888.0226,81.82994,98.41129,4.225639,7.5841146,1.5536386,3.6922371,0,0
2013-04-01,normandie,49.126370108264,0.0952937178929139,493.26666,76.61478,177.40724,8.363545,12.888543,4.3198967,4.027597,0,0
2013-05-01,normandie,49.126370108264,0.0952937178929139,944.8484,80.66054,184.09695,10.539791,14.800301,6.6953926,3.4168684,0,0
2013-06-01,normandie,49.126370108264,0.0952937178929139,428.79333,81.16238,210.3202,14.580927,19.23177,10.601452,3.5238845,0,0
2013-07-01,normandie,49.126370108264,0.0952937178929139,704.5613,76.79915,251.15944,19.04141,25.161884,13.74455,2.9809942,0,0
2013-08-01,normandie,49.126370108264,0.0952937178929139,348.79355,75.19046,210.25403,17.699959,23.635084,12.421797,2.7447972,0,0
2013-09-01,normandie,49.126370108264,0.0952937178929139,684.52,82.27936,137.79248,15.328636,20.241869,11.140479,2.790008,0,0
2013-10-01,normandie,49.126370108264,0.0952937178929139,1197.413,86.80192,78.0717,13.098518,16.77668,10.189836,3.7169595,0,0
2013-11-01,normandie,49.126370108264,0.0952937178929139,1493.3066,87.46565,38.70009,7.1989307,10.068942,4.515433,3.6184454,0,0
2013-12-01,normandie,49.126370108264,0.0952937178929139,990.77423,86.68334,36.165062,6.134166,9.309611,3.204176,4.123989,0,0
2014-01-01,normandie,49.126370108264,0.0952937178929139,1373.2936,88.42206,34.474056,6.6611977,9.404121,4.2109737,4.614821,0,0
2014-02-01,normandie,49.126370108264,0.0952937178929139,1320.3572,82.686356,67.435074,6.816259,10.090131,4.1430445,5.3859897,0,0
2014-03-01,normandie,49.126370108264,0.0952937178929139,471.21613,78.97661,136.68907,8.247365,13.331442,4.0250344,3.3411436,0,0
2014-04-01,normandie,49.126370108264,0.0952937178929139,798.53,80.39455,171.67256,10.580469,15.510061,6.385853,2.9902005,0,0
2014-05-01,normandie,49.126370108264,0.0952937178929139,1149.5903,80.865654,207.25264,12.342946,16.77913,8.396769,3.4431405,0,0
2014-06-01,normandie,49.126370108264,0.0952937178929139,593.92004,77.02978,253.87907,15.891371,21.065962,10.940209,2.864474,0,0
2014-07-01,normandie,49.126370108264,0.0952937178929139,900.2645,79.480705,218.77586,18.211277,23.372082,13.767072,2.9925823,0,0
2014-08-01,normandie,49.126370108264,0.0952937178929139,1507.2227,80.94489,179.11404,15.938547,20.539856,12.163133,3.0646224,0,0
2014-09-01,normandie,49.126370108264,0.0952937178929139,172.73666,81.5536,160.00716,16.28011,21.952883,11.55323,2.219199,0,0
2014-10-01,normandie,49.126370108264,0.0952937178929139,774.471,85.01693,82.7401,13.334072,17.489653,10.076149,3.159722,0,0
2014-11-01,normandie,49.126370108264,0.0952937178929139,809.32996,88.07972,44.808155,9.530767,12.430172,7.144798,3.4681933,0,0
2014-12-01,normandie,49.126370108264,0.0952937178929139,972.13544,86.39698,27.506926,5.7092943,8.3306875,3.3027122,3.792678,0,0
2015-01-01,normandie,49.126370108264,0.0952937178929139,1107.2485,86.387825,36.340286,4.8729362,7.986023,1.9613657,4.2969446,0,0
2015-02-01,normandie,49.126370108264,0.0952937178929139,881.95,84.71886,68.68139,3.9058797,7.237225,1.093319,3.9031858,0,0
2015-03-01,normandie,49.126370108264,0.0952937178929139,382.67743,80.25871,110.62587,7.0870757,11.191179,3.7196038,3.8571632,0,0
2015-04-01,normandie,49.126370108264,0.0952937178929139,441.9267,75.22187,196.78134,10.592904,16.039068,5.5672846,3.1626403,0,0
2015-05-01,normandie,49.126370108264,0.0952937178929139,662.08386,80.64054,205.96213,12.293643,17.003922,8.085626,3.3284845,0,0
2015-06-01,normandie,49.126370108264,0.0952937178929139,352.20334,73.94743,264.7508,15.854031,21.446402,10.464546,3.3585868,0,0
2015-07-01,normandie,49.126370108264,0.0952937178929139,691.129,75.63556,215.96837,17.852266,23.446793,13.080177,3.2972453,0,0
2015-08-01,normandie,49.126370108264,0.0952937178929139,1279.6259,77.05377,183.97641,17.983696,23.63385,13.052175,2.8680134,0,0
2015-09-01,normandie,49.126370108264,0.0952937178929139,754.3833,79.465385,150.23822,13.468145,18.295605,9.358918,3.1862354,0,0
2015-10-01,normandie,49.126370108264,0.0952937178929139,417.3129,84.69143,81.22721,11.081322,15.113219,7.658563,2.8715408,0,0
2015-11-01,normandie,49.126370108264,0.0952937178929139,983.0,85.72827,44.275093,10.858149,13.832252,8.102719,4.3431053,0,0
2015-12-01,normandie,49.126370108264,0.0952937178929139,454.34195,85.16406,33.28787,9.734769,12.197706,7.5235476,4.3679404,0,0
2016-01-01,normandie,49.126370108264,0.0952937178929139,1266.4645,86.63927,35.573284,5.7289257,8.407247,3.2084343,4.413761,0,0
2016-02-01,normandie,49.126370108264,0.0952937178929139,1129.6517,82.91775,67.21318,5.6723804,8.730944,3.068873,4.549463,0,0
2016-03-01,normandie,49.126370108264,0.0952937178929139,1028.8452,81.31201,113.00675,6.0202384,9.861728,2.680211,4.0439763,0,0
2016-04-01,normandie,49.126370108264,0.0952937178929139,710.7367,78.921104,169.62553,8.319012,13.074721,4.0574074,3.3378165,0,0
2016-05-01,normandie,49.126370108264,0.0952937178929139,992.8903,79.635185,196.98686,13.024302,17.707098,8.717572,3.07532,0,0
2016-06-01,normandie,49.126370108264,0.0952937178929139,840.35333,85.89904,172.8961,15.517761,19.627136,12.375942,2.9946764,0,0
2016-07-01,normandie,49.126370108264,0.0952937178929139,216.92903,76.90052,228.40436,17.694056,22.968725,12.946649,2.8163812,0,0
2016-08-01,normandie,49.126370108264,0.0952937178929139,322.8387,75.42927,211.65909,18.407274,24.391506,13.119245,3.025612,0,0
2016-09-01,normandie,49.126370108264,0.0952937178929139,531.0833,79.05644,138.4856,17.140963,22.307253,12.965484,2.6324267,0,0
2016-10-01,normandie,49.126370108264,0.0952937178929139,410.50323,83.721535,91.100365,10.522647,15.044294,6.762277,2.5814202,0,0
2016-11-01,normandie,49.126370108264,0.0952937178929139,1049.9567,84.76665,44.9154,7.464682,10.602707,4.7591033,3.7447138,0,0
2016-12-01,normandie,49.126370108264,0.0952937178929139,205.88065,87.98008,37.093357,4.8475513,8.739321,1.7711606,2.616899,0,0
2017-01-01,normandie,49.126370108264,0.0952937178929139,550.771,85.149475,43.642704,2.7733371,6.3794184,-0.2874097,2.9196615,0,0
2017-02-01,normandie,49.126370108264,0.0952937178929139,768.8357,85.40457,58.47894,6.4769998,9.792178,3.8689575,4.058248,0,0
2017-03-01,normandie,49.126370108264,0.0952937178929139,730.7935,81.40885,111.22905,9.509856,13.360786,6.1139803,3.781262,0,0
2017-04-01,normandie,49.126370108264,0.0952937178929139,297.32666,75.36861,199.0932,9.112252,14.699208,3.7957978,2.7654223,0,0
2017-05-01,normandie,49.126370108264,0.0952937178929139,864.9258,79.327255,212.6805,14.194627,19.250956,9.666895,3.0184374,0,0
2017-06-01,normandie,49.126370108264,0.0952937178929139,623.70667,74.667854,246.6464,17.79126,23.372187,12.581119,3.024176,1,2
2017-07-01,normandie,49.126370108264,0.0952937178929139,416.4226,76.32519,205.80083,18.158537,23.440659,13.533142,3.264029,1,2
2017-08-01,normandie,49.126370108264,0.0952937178929139,795.49036,78.15833,182.68312,17.364744,22.701658,12.89589,2.7375715,1,2
2017-09-01,normandie,49.126370108264,0.0952937178929139,1215.0934,83.90828,128.19691,14.067887,18.612463,10.578305,3.0625505,1,2
2017-10-01,normandie,49.126370108264,0.0952937178929139,459.05807,85.372856,80.478615,13.168705,17.175356,9.952807,3.134932,1,2
2017-11-01,normandie,49.126370108264,0.0952937178929139,1192.5468,85.83599,47.345566,7.8818545,11.172345,4.9042463,3.2166338,1,2
2017-12-01,normandie,49.126370108264,0.0952937178929139,1669.9934,87.963486,25.562412,5.938309,8.472747,3.4089973,4.077007,1,2
2018-01-01,normandie,49.126370108264,0.0952937178929139,1597.5161,88.69084,29.104315,7.151528,9.536984,4.864871,4.685882,1,2
2018-02-01,normandie,49.126370108264,0.0952937178929139,537.75714,78.540016,79.79289,2.3572097,5.612676,-0.34052795,3.9593222,1,2
2018-03-01,normandie,49.126370108264,0.0952937178929139,1056.5872,84.01205,94.47054,6.1126604,9.838903,3.281567,4.130687,1,2
2018-04-01,normandie,49.126370108264,0.0952937178929139,951.95667,79.00067,158.38133,11.581285,16.30274,7.5151877,3.2716646,1,2
2018-05-01,normandie,49.126370108264,0.0952937178929139,692.68384,79.37572,223.08072,13.878143,19.46237,8.804653,2.8196096,1,2
2018-06-01,normandie,49.126370108264,0.0952937178929139,636.2134,79.55251,219.1155,17.024843,21.918219,12.467315,2.8236833,1,2
2018-07-01,normandie,49.126370108264,0.0952937178929139,321.99033,71.568855,247.90375,20.187218,26.255701,14.57708,2.62743,1,2
2018-08-01,normandie,49.126370108264,0.0952937178929139,685.7162,76.54548,194.61063,18.129236,23.642227,13.353349,2.7474754,1,2
2018-09-01,normandie,49.126370108264,0.0952937178929139,339.99,75.42611,156.83823,15.231801,21.22292,9.9355755,2.9728684,1,2
2018-10-01,normandie,49.126370108264,0.0952937178929139,608.09033,81.86057,95.49176,12.238492,17.273602,8.049869,3.0479772,1,2
2018-11-01,normandie,49.126370108264,0.0952937178929139,769.43665,86.695465,47.771103,7.675967,11.059131,4.954361,3.6571455,1,2
2018-12-01,normandie,49.126370108264,0.0952937178929139,1146.9451,88.56139,27.328545,7.188619,9.6658945,4.8246202,3.9086654,1,2
2019-01-01,normandie,49.126370108264,0.0952937178929139,602.94196,85.973434,31.882893,4.4215927,6.698581,2.2753506,3.2647283,1,2
2019-02-01,normandie,49.126370108264,0.0952937178929139,649.4321,81.65795,82.90916,6.7710786,11.823133,2.5155172,3.2560575,1,2
2019-03-01,normandie,49.126370108264,0.0952937178929139,679.6871,81.49879,117.60896,8.563168,12.394722,5.18598,4.470155,1,2
2019-04-01,normandie,49.126370108264,0.0952937178929139,465.95334,75.286575,178.35461,9.78993,15.033572,4.8854704,3.14513,1,2
2019-05-01,normandie,49.126370108264,0.0952937178929139,615.25806,78.58931,201.09125,11.812882,16.671803,7.2242055,2.9692855,1,2
2019-06-01,normandie,49.126370108264,0.0952937178929139,890.74,78.4634,222.17148,16.655224,22.088028,11.805376,3.1549175,1,2
2019-07-01,normandie,49.126370108264,0.0952937178929139,248.6355,70.20594,250.81287,19.101612,25.465025,12.91782,2.9560235,1,2
2019-08-01,normandie,49.126370108264,0.0952937178929139,520.5258,75.39441,199.07793,18.116354,24.119213,12.876557,2.8231313,1,2
2019-09-01,normandie,49.126370108264,0.0952937178929139,534.9867,77.587326,147.0798,15.411018,20.614346,11.006006,3.558533,1,2
2019-10-01,normandie,49.126370108264,0.0952937178929139,1733.4323,86.72474,69.39814,12.390061,15.581737,9.885052,3.7383385,1,2
2019-11-01,normandie,49.126370108264,0.0952937178929139,1674.6367,88.857544,41.918026,7.493039,10.235677,5.308233,3.755563,1,2
2019-12-01,normandie,49.126370108264,0.0952937178929139,1311.1742,86.65546,31.761482,6.635969,9.572243,4.1127653,4.3539276,1,2
2020-01-01,normandie,49.126370108264,0.0952937178929139,758.4,88.25918,39.726772,6.4868145,9.157769,3.7786698,4.0263505,1,2
2020-02-01,normandie,49.126370108264,0.0952937178929139,1543.2896,84.15032,60.092392,7.937817,10.950487,5.1672816,5.7821894,1,2
2020-03-01,normandie,49.126370108264,0.0952937178929139,656.71936,77.14381,128.65613,7.457813,11.551877,3.9144194,4.365312,1,2
2020-04-01,normandie,49.126370108264,0.0952937178929139,481.20667,71.31685,204.76369,12.42428,18.432758,6.91068,2.9232016,1,2
2020-05-01,normandie,49.126370108264,0.0952937178929139,340.21933,71.322624,263.35663,13.747614,19.32854,7.999825,3.11618,1,2
2020-06-01,normandie,49.126370108264,0.0952937178929139,739.9834,75.91624,219.46565,16.063206,21.393152,11.320655,3.1535032,1,2
2020-07-01,normandie,49.126370108264,0.0952937178929139,210.76453,72.06605,235.01991,17.554968,23.341124,12.264715,3.3704154,1,2
2020-08-01,normandie,49.126370108264,0.0952937178929139,971.75806,75.05418,196.93584,19.273869,25.048525,14.723593,3.0867317,1,2
2020-09-01,normandie,49.126370108264,0.0952937178929139,519.7134,77.78968,150.16766,16.283161,21.688675,11.848978,2.9465158,1,2
2020-10-01,normandie,49.126370108264,0.0952937178929139,1535.9678,85.584305,70.92918,11.484388,14.961657,8.694567,3.9249737,1,2
2020-11-01,normandie,49.126370108264,0.0952937178929139,409.48,87.456535,52.60145,9.560998,13.100075,6.449047,3.4241235,1,2
2020-12-01,normandie,49.126370108264,0.0952937178929139,1868.4419,89.62175,30.13394,6.538727,8.954887,4.354134,4.1235642,1,2
2021-01-01,normandie,49.126370108264,0.0952937178929139,1189.2614,89.26139,34.715984,4.3510013,7.001416,1.9162394,3.463538,1,2
2021-02-01,normandie,49.126370108264,0.0952937178929139,479.23572,80.323845,71.94982,5.921482,9.169426,3.1141796,4.026877,1,2
2021-03-01,normandie,49.126370108264,0.0952937178929139,381.92905,77.99001,135.47205,7.2815886,12.270234,2.812612,3.6946013,1,2
2021-04-01,normandie,49.126370108264,0.0952937178929139,265.86667,71.66341,211.14902,7.444182,13.065971,2.254931,3.3468945,1,2
2021-05-01,normandie,49.126370108264,0.0952937178929139,1085.3677,77.248314,213.5931,11.346632,16.151968,6.997377,3.5416596,1,2
2021-06-01,normandie,49.126370108264,0.0952937178929139,1491.78,82.80686,222.84158,16.591532,21.596651,12.02711,2.843031,1,2
2021-07-01,normandie,49.126370108264,0.0952937178929139,902.77423,80.76491,218.14937,17.849588,22.660782,13.764227,3.254631,1,2
2021-08-01,normandie,49.126370108264,0.0952937178929139,419.35162,81.56837,182.36623,16.623053,21.379175,12.738621,3.2611208,1,2
2021-09-01,normandie,49.126370108264,0.0952937178929139,479.6967,81.00052,158.03017,16.670282,22.156347,12.210585,2.9876885,1,2
2021-10-01,normandie,49.126370108264,0.0952937178929139,1209.5322,85.32611,92.63167,11.951657,16.618422,8.244759,3.2706554,1,2
2021-11-01,normandie,49.126370108264,0.0952937178929139,635.5366,87.1742,48.803078,7.132122,10.64666,4.170193,3.27589,1,2
2021-12-01,normandie,49.126370108264,0.0952937178929139,1086.9355,88.6805,26.780329,6.9916787,9.309552,4.681502,3.6708891,1,2
2022-01-01,normandie,49.126370108264,0.0952937178929139,663.8904,87.95491,35.333797,5.1028357,7.8170605,2.7023842,3.0462396,1,2
2022-02-01,normandie,49.126370108264,0.0952937178929139,567.15356,82.64453,72.13151,7.1336503,10.589642,3.8383536,4.686121,1,2
2022-03-01,normandie,49.126370108264,0.0952937178929139,324.2742,74.225,132.05513,8.873296,13.549229,4.795585,3.5536282,1,2
2022-04-01,normandie,49.126370108264,0.0952937178929139,494.82004,76.57324,184.21803,9.838312,14.861397,5.1005654,3.7326274,1,2
2022-05-01,normandie,49.126370108264,0.0952937178929139,429.33875,76.50675,230.85342,14.107512,19.704708,8.947354,2.9139402,1,2
2022-06-01,normandie,49.126370108264,0.0952937178929139,799.2466,74.840576,248.92824,16.960653,22.803743,11.677459,3.281244,1,2
2022-07-01,normandie,49.126370108264,0.0952937178929139,113.870964,66.59316,270.64703,19.812052,26.31184,13.271867,3.330631,1,2
2022-08-01,normandie,49.126370108264,0.0952937178929139,270.10968,69.75136,220.10011,20.100456,26.41175,14.282033,3.080094,1,2
2022-09-01,normandie,49.126370108264,0.0952937178929139,1218.25,79.76095,136.99158,15.344724,20.38515,11.309992,3.067718,1,2
2022-10-01,normandie,49.126370108264,0.0952937178929139,597.5387,84.440285,86.306366,14.619879,18.709436,11.35985,3.2799435,1,2
2022-11-01,normandie,49.126370108264,0.0952937178929139,1484.4567,87.83745,47.023914,9.594615,12.865415,6.930662,4.0804386,1,2
2022-12-01,normandie,49.126370108264,0.0952937178929139,933.52905,88.315865,27.635695,4.7817,7.4326577,2.3360949,3.3423784,1,2
2023-01-01,normandie,49.126370108264,0.0952937178929139,950.9291,86.91744,32.644814,5.9407825,8.405222,3.7106986,3.9531224,1,2
2023-02-01,normandie,49.126370108264,0.0952937178929139,55.175003,83.170105,73.558235,5.8502083,9.852774,2.7587547,3.2844834,1,2
2023-03-01,normandie,49.126370108264,0.0952937178929139,1135.129,80.55932,97.934784,8.477861,12.153326,5.414847,4.2153416,1,2
2023-04-01,normandie,49.126370108264,0.0952937178929139,803.5366,80.38602,163.23451,9.341542,13.841868,5.5557146,3.5776112,1,2
2023-05-01,normandie,49.126370108264,0.0952937178929139,419.09354,79.856995,229.61746,13.210006,18.253193,8.719263,3.3210783,1,2
2023-06-01,normandie,49.126370108264,0.0952937178929139,547.31006,75.032646,264.73593,18.400646,24.334187,12.950498,3.1742215,1,2
2023-07-01,normandie,49.126370108264,0.0952937178929139,1079.0226,76.38395,211.9112,17.809923,22.89829,13.359619,3.9262962,1,2
2023-08-01,normandie,49.126370108264,0.0952937178929139,1130.6194,80.78408,186.27437,17.916399,22.755013,14.024322,3.40568,1,2
2023-09-01,normandie,49.126370108264,0.0952937178929139,742.8933,80.636536,151.38478,18.527613,24.019165,14.136679,3.0933642,1,2
2023-10-01,normandie,49.126370108264,0.0952937178929139,1154.371,82.06777,87.4283,13.763391,18.557425,9.995723,3.5091596,1,2
2023-11-01,normandie,49.126370108264,0.0952937178929139,1849.54,87.143234,41.34502,9.019735,11.817916,6.671055,4.2186522,1,2
2023-12-01,normandie,49.126370108264,0.0952937178929139,889.72266,87.08645,26.44171,7.8171406,10.218793,5.6649237,4.1875343,1,2
2024-01-01,normandie,49.126370108264,0.0952937178929139,1033.2194,84.44571,40.7635,4.474586,7.498711,1.7444941,3.8900313,0,0
2024-02-01,normandie,49.126370108264,0.0952937178929139,1217.9448,88.31214,46.358505,8.853159,11.291867,6.685543,4.4979563,0,0
2024-03-01,normandie,49.126370108264,0.0952937178929139,742.4065,83.75965,107.019104,8.559222,12.853478,5.1880426,3.8169997,0,0
2024-04-01,normandie,49.126370108264,0.0952937178929139,741.1633,78.97742,160.85843,10.439149,14.848111,6.532103,3.9363914,0,0
2024-05-01,normandie,49.126370108264,0.0952937178929139,1217.1162,83.28738,188.20898,13.578669,18.243107,9.753183,2.9725945,0,0
2024-06-01,normandie,49.126370108264,0.0952937178929139,452.13,78.70442,230.50879,15.15904,20.202631,10.426574,3.3495176,0,0
2024-07-01,normandie,49.126370108264,0.0952937178929139,712.3194,78.06465,208.10667,17.940838,23.183601,13.30324,3.3011477,0,0
2024-08-01,normandie,49.126370108264,0.0952937178929139,581.13873,78.67923,193.23555,18.560297,23.930967,14.018321,3.146559,0,0
2024-09-01,normandie,49.126370108264,0.0952937178929139,1247.54,84.44092,119.9827,14.7601795,18.982397,11.370328,3.2928483,1,1
2024-10-01,normandie,49.126370108264,0.0952937178929139,1026.9711,88.80621,76.414444,12.82071,16.480213,9.845297,3.052368,1,4
2024-11-01,normandie,49.126370108264,0.0952937178929139,881.57007,87.81814,33.32826,8.392078,11.117372,5.9162903,3.3000546,1,4
2024-12-01,normandie,49.126370108264,0.0952937178929139,769.6129,88.1369,23.515339,6.5680304,8.55995,4.373552,3.7908254,1,5
2000-01-01,hauts_de_france,49.970242001011954,2.780848925246766,401.07098,89.60019,31.661133,3.6247313,6.114596,1.4854181,3.8607552,0,0
2000-02-01,hauts_de_france,49.970242001011954,2.780848925246766,999.2138,85.9783,58.312145,5.904891,9.035714,3.1643069,4.6303515,0,0
2000-03-01,hauts_de_france,49.970242001011954,2.780848925246766,660.04834,82.85582,96.206955,7.0279436,10.846777,3.9264748,3.8981507,0,0
2000-04-01,hauts_de_france,49.970242001011954,2.780848925246766,1329.4601,80.24954,147.35115,9.317425,13.710085,5.317564,3.950414,0,0
2000-05-01,hauts_de_france,49.970242001011954,2.780848925246766,1029.8936,82.2348,186.90227,14.157685,18.792492,10.16178,3.4893022,0,0
2000-06-01,hauts_de_france,49.970242001011954,2.780848925246766,429.03998,77.10491,233.7224,15.977896,21.195074,10.948424,3.1805012,0,0
2000-07-01,hauts_de_france,49.970242001011954,2.780848925246766,1541.1484,83.35386,180.41188,15.527069,20.044703,11.6451845,3.241214,0,0
2000-08-01,hauts_de_france,49.970242001011954,2.780848925246766,603.342,77.88728,198.13449,17.897587,23.76257,12.940474,2.7470798,0,0
2000-09-01,hauts_de_france,49.970242001011954,2.780848925246766,808.87994,82.925804,122.44261,15.729079,20.250286,11.998173,3.2342277,0,0
2000-10-01,hauts_de_france,49.970242001011954,2.780848925246766,1962.1775,86.4882,67.42859,11.26235,14.537182,8.557357,4.3040304,0,0
2000-11-01,hauts_de_france,49.970242001011954,2.780848925246766,1700.3899,88.75938,36.363434,7.563219,10.302454,5.2905025,4.9429245,0,0
2000-12-01,hauts_de_france,49.970242001011954,2.780848925246766,1244.4163,88.8245,24.328918,5.778909,7.8734646,3.8353179,4.5918064,0,0
2001-01-01,hauts_de_france,49.970242001011954,2.780848925246766,1270.2129,87.98112,32.449608,3.5947776,6.1850452,1.3790443,4.3958006,0,0
2001-02-01,hauts_de_france,49.970242001011954,2.780848925246766,732.48926,87.180786,55.64268,4.7803783,7.72843,2.155789,4.319093,0,0
2001-03-01,hauts_de_france,49.970242001011954,2.780848925246766,2026.5032,87.58755,78.13392,6.9512725,10.192614,4.346652,4.1669817,0,0
2001-04-01,hauts_de_france,49.970242001011954,2.780848925246766,1501.02,82.16698,139.77403,8.134731,12.015061,4.81458,4.472616,0,0
2001-05-01,hauts_de_france,49.970242001011954,2.780848925246766,413.271,76.331276,214.26112,13.825108,18.987514,8.997882,3.634685,0,0
2001-06-01,hauts_de_france,49.970242001011954,2.780848925246766,460.09,73.0799,228.4815,15.227241,20.598125,9.943776,3.1647744,0,0
2001-07-01,hauts_de_france,49.970242001011954,2.780848925246766,1289.9806,78.39769,204.02872,18.178465,23.388239,13.500108,3.2165625,0,0
2001-08-01,hauts_de_france,49.970242001011954,2.780848925246766,950.22266,76.93492,187.76657,18.60519,24.219625,13.81423,3.206577,0,0
2001-09-01,hauts_de_france,49.970242001011954,2.780848925246766,1607.5,86.315956,105.21152,12.981416,17.04986,9.588359,3.631498,0,0
2001-10-01,hauts_de_france,49.970242001011954,2.780848925246766,824.08386,87.90326,75.84577,14.080734,17.944069,11.179843,3.8314114,0,0
2001-11-01,hauts_de_france,49.970242001011954,2.780848925246766,1185.2667,89.20433,41.37836,6.1401997,9.421719,3.0461335,3.2653255,0,0
2001-12-01,hauts_de_france,49.970242001011954,2.780848925246766,656.86774,88.10065,28.613626,2.5586743,5.1703796,0.204147,3.8663807,0,0
2002-01-01,hauts_de_france,49.970242001011954,2.780848925246766,709.95483,88.311104,34.55842,4.230667,6.773358,1.9048122,4.6066847,0,0
2002-02-01,hauts_de_france,49.970242001011954,2.780848925246766,1775.4965,82.62075,55.91373,7.212406,10.232741,4.383323,6.4626946,0,0
2002-03-01,hauts_de_france,49.970242001011954,2.780848925246766,824.97424,81.792854,112.01123,7.7743025,12.149526,3.9408593,3.7903094,0,0
2002-04-01,hauts_de_france,49.970242001011954,2.780848925246766,323.19,71.753296,178.92662,9.555869,15.006981,4.477987,4.1023765,0,0
2002-05-01,hauts_de_france,49.970242001011954,2.780848925246766,806.1678,81.08407,189.0983,12.691461,17.194595,8.617584,3.7210386,0,0
2002-06-01,hauts_de_france,49.970242001011954,2.780848925246766,867.4867,78.922615,220.14503,16.143047,21.342293,11.255762,3.2729468,0,0
2002-07-01,hauts_de_france,49.970242001011954,2.780848925246766,972.52905,80.46617,198.78517,16.934834,22.02756,12.536545,3.4412107,0,0
2002-08-01,hauts_de_france,49.970242001011954,2.780848925246766,973.4484,81.69286,160.08025,17.835163,23.147259,13.39988,2.6730769,0,0
2002-09-01,hauts_de_france,49.970242001011954,2.780848925246766,419.28998,80.06205,138.96632,14.146353,19.654085,9.469703,3.054399,0,0
2002-10-01,hauts_de_france,49.970242001011954,2.780848925246766,946.39026,84.64414,75.498795,10.767018,14.992999,7.1091614,3.915232,0,0
2002-11-01,hauts_de_france,49.970242001011954,2.780848925246766,1599.2434,90.18669,37.03209,8.396339,11.184961,5.933505,3.8747497,0,0
2002-12-01,hauts_de_france,49.970242001011954,2.780848925246766,1332.5483,89.662704,19.132082,5.2427683,7.151819,3.3974674,4.366389,0,0
2003-01-01,hauts_de_france,49.970242001011954,2.780848925246766,1106.5968,87.49436,33.945194,2.5413988,5.210019,0.033119883,4.6748047,0,0
2003-02-01,hauts_de_france,49.970242001011954,2.780848925246766,294.73215,79.03879,74.78305,2.6085331,6.565667,-0.72562987,3.648441,0,0
2003-03-01,hauts_de_france,49.970242001011954,2.780848925246766,291.8613,75.47245,134.90973,8.367828,13.681227,3.763663,3.5031555,0,0
2003-04-01,hauts_de_france,49.970242001011954,2.780848925246766,574.04004,67.17817,185.38208,9.995783,15.582522,4.628745,3.9925797,0,0
2003-05-01,hauts_de_france,49.970242001011954,2.780848925246766,863.271,78.71673,194.99149,13.172274,17.919462,8.593125,3.5246336,0,0
2003-06-01,hauts_de_france,49.970242001011954,2.780848925246766,837.4134,77.91696,242.59561,18.076832,23.520391,12.814936,2.8833857,0,0
2003-07-01,hauts_de_france,49.970242001011954,2.780848925246766,756.15485,73.882835,225.17075,18.816032,24.436415,13.389887,3.0291946,0,0
2003-08-01,hauts_de_france,49.970242001011954,2.780848925246766,498.80966,70.25321,211.87877,20.561941,27.165136,14.501759,2.7578473,0,0
2003-09-01,hauts_de_france,49.970242001011954,2.780848925246766,172.53667,72.80136,157.21501,15.070166,21.843594,8.929735,2.673747,0,0
2003-10-01,hauts_de_france,49.970242001011954,2.780848925246766,692.66455,82.458206,78.07631,8.240701,12.732063,4.5142374,3.7194295,0,0
2003-11-01,hauts_de_france,49.970242001011954,2.780848925246766,681.79333,89.921745,38.999336,7.816211,10.872146,5.180691,3.784021,0,0
2003-12-01,hauts_de_france,49.970242001011954,2.780848925246766,705.7064,88.569046,25.6503,4.2008095,6.851563,1.9559147,4.1215496,0,0
2004-01-01,hauts_de_france,49.970242001011954,2.780848925246766,1330.9548,88.798294,28.093084,3.9222958,6.4422874,1.4841951,4.887805,0,0
2004-02-01,hauts_de_france,49.970242001011954,2.780848925246766,296.94482,83.24281,61.464832,4.78038,7.7213626,2.167731,4.316752,0,0
2004-03-01,hauts_de_france,49.970242001011954,2.780848925246766,447.9645,80.191284,114.179985,6.077465,10.305292,2.345052,4.116592,0,0
2004-04-01,hauts_de_france,49.970242001011954,2.780848925246766,647.37335,77.72739,164.28134,9.935275,14.582705,5.43911,3.733683,0,0
2004-05-01,hauts_de_france,49.970242001011954,2.780848925246766,549.9484,76.71798,217.6715,12.060267,17.319662,6.6536946,3.1245506,0,0
2004-06-01,hauts_de_france,49.970242001011954,2.780848925246766,518.75665,77.30494,229.2373,15.918964,21.046144,10.952499,3.5442336,0,0
2004-07-01,hauts_de_france,49.970242001011954,2.780848925246766,909.6033,76.986664,206.75365,17.08814,22.451075,12.11201,3.2586749,0,0
2004-08-01,hauts_de_france,49.970242001011954,2.780848925246766,1415.9194,79.07641,172.00264,18.58617,23.76576,14.383561,3.5168223,0,0
2004-09-01,hauts_de_france,49.970242001011954,2.780848925246766,393.44998,77.98072,144.97371,15.978178,20.918829,11.57979,3.8629258,0,0
2004-10-01,hauts_de_france,49.970242001011954,2.780848925246766,744.629,84.21272,74.284546,11.678456,15.520277,8.40289,4.173344,0,0
2004-11-01,hauts_de_france,49.970242001011954,2.780848925246766,499.78333,89.633125,35.18143,6.8633637,9.515038,4.2488074,3.2293565,0,0
2004-12-01,hauts_de_france,49.970242001011954,2.780848925246766,758.8226,90.582596,23.49061,3.0460737,5.3314357,0.79914623,3.5149004,0,0
2005-01-01,hauts_de_france,49.970242001011954,2.780848925246766,464.47742,86.50949,36.753647,4.9784827,7.353065,2.4963176,4.885591,0,0
2005-02-01,hauts_de_france,49.970242001011954,2.780848925246766,691.8072,85.30472,60.509777,2.4367208,5.0463495,0.13535269,4.259053,0,0
2005-03-01,hauts_de_france,49.970242001011954,2.780848925246766,396.09998,84.16093,98.933556,6.6462307,10.449173,3.0805295,3.6867566,0,0
2005-04-01,hauts_de_france,49.970242001011954,2.780848925246766,780.3467,80.99968,154.10059,9.919581,14.515509,5.6832476,3.4292476,0,0
2005-05-01,hauts_de_france,49.970242001011954,2.780848925246766,695.45807,77.69346,213.43083,12.53215,17.6879,7.912804,3.6613886,0,0
2005-06-01,hauts_de_france,49.970242001011954,2.780848925246766,508.45,74.65631,249.41931,17.130104,23.083212,11.153799,3.125959,0,0
2005-07-01,hauts_de_france,49.970242001011954,2.780848925246766,1293.7678,80.52536,200.45828,17.928408,22.99177,13.631219,3.4638379,0,0
2005-08-01,hauts_de_france,49.970242001011954,2.780848925246766,784.2742,78.29212,196.16379,16.710518,22.243065,11.511194,3.1005847,0,0
2005-09-01,hauts_de_france,49.970242001011954,2.780848925246766,521.2267,80.47724,137.49078,16.093712,21.349638,11.593811,2.8805943,0,0
2005-10-01,hauts_de_france,49.970242001011954,2.780848925246766,652.0807,83.95813,84.592606,14.078524,18.397228,10.608567,3.6233568,0,0
2005-11-01,hauts_de_france,49.970242001011954,2.780848925246766,794.2267,88.61972,44.93931,5.9610705,9.045715,3.3376,3.6218925,0,0
2005-12-01,hauts_de_france,49.970242001011954,2.780848925246766,558.35803,89.365654,25.344728,3.3396487,5.968795,0.9881824,3.800016,0,0
2006-01-01,hauts_de_france,49.970242001011954,2.780848925246766,325.6516,86.92948,37.721073,1.8772966,4.431908,-0.35876426,3.6364636,0,0
2006-02-01,hauts_de_france,49.970242001011954,2.780848925246766,995.2964,88.44447,43.92111,2.5775027,5.0270305,0.4096535,4.0524144,0,0
2006-03-01,hauts_de_france,49.970242001011954,2.780848925246766,864.8194,81.23847,106.08128,4.7294044,8.443682,1.5567034,4.7914968,0,0
2006-04-01,hauts_de_france,49.970242001011954,2.780848925246766,379.09003,77.78996,169.14296,8.845567,13.550616,4.669595,4.0708356,0,0
2006-05-01,hauts_de_france,49.970242001011954,2.780848925246766,1528.271,82.96659,182.33783,13.178817,17.564331,9.454372,4.158787,0,0
2006-06-01,hauts_de_france,49.970242001011954,2.780848925246766,509.91333,76.158875,250.7224,16.497215,22.059338,10.63273,2.6936991,0,0
2006-07-01,hauts_de_france,49.970242001011954,2.780848925246766,626.8419,71.108925,258.83832,21.610683,28.194475,15.399113,2.9091892,0,0
2006-08-01,hauts_de_france,49.970242001011954,2.780848925246766,1898.5355,82.91455,154.78752,16.207327,20.70468,12.849304,3.6944702,0,0
2006-09-01,hauts_de_france,49.970242001011954,2.780848925246766,401.02338,80.655014,140.17761,17.788347,23.210234,13.356282,3.1960406,1,0
2006-10-01,hauts_de_france,49.970242001011954,2.780848925246766,713.7355,86.379326,74.844406,13.8618555,17.879353,10.733391,3.9752715,1,0
2006-11-01,hauts_de_france,49.970242001011954,2.780848925246766,836.56,88.15724,43.122635,8.605561,12.152773,5.5484295,4.2442417,1,1
2006-12-01,hauts_de_france,49.970242001011954,2.780848925246766,1100.5387,89.314095,23.70727,5.2624974,7.7119746,3.001986,4.653279,0,0
2007-01-01,hauts_de_france,49.970242001011954,2.780848925246766,664.3323,86.35399,29.277485,7.0971627,9.295373,4.903278,5.567127,0,0
2007-02-01,hauts_de_france,49.970242001011954,2.780848925246766,1332.9785,87.128265,53.60359,6.589884,9.542455,3.9552476,4.4550786,0,0
2007-03-01,hauts_de_france,49.970242001011954,2.780848925246766,840.35486,82.51405,112.782135,7.231307,11.570383,3.5011666,4.149757,0,0
2007-04-01,hauts_de_france,49.970242001011954,2.780848925246766,30.586666,71.76155,227.03748,12.856524,19.591337,6.4761505,2.9977114,1,3
2007-05-01,hauts_de_france,49.970242001011954,2.780848925246766,1079.9581,79.59191,181.34521,13.827338,18.548111,9.727725,4.309196,1,7
2007-06-01,hauts_de_france,49.970242001011954,2.780848925246766,1387.9366,83.72517,191.33432,16.459852,21.06575,12.936999,3.5671396,1,14
2007-07-01,hauts_de_france,49.970242001011954,2.780848925246766,1404.7808,78.008484,203.17862,16.782608,21.761097,12.654484,4.091903,0,0
2007-08-01,hauts_de_france,49.970242001011954,2.780848925246766,903.51935,79.89879,171.22429,16.639837,21.425869,12.398594,3.3941362,1,1
2007-09-01,hauts_de_france,49.970242001011954,2.780848925246766,604.56665,81.6213,131.99196,13.985643,18.919495,9.81616,3.2462926,1,145
2007-10-01,hauts_de_france,49.970242001011954,2.780848925246766,689.2871,86.98731,82.52311,10.322365,14.44549,6.9530535,2.5405526,1,229
2007-11-01,hauts_de_france,49.970242001011954,2.780848925246766,620.41003,86.91443,40.02554,6.4752727,9.604522,3.6214643,3.6665168,1,232
2007-12-01,hauts_de_france,49.970242001011954,2.780848925246766,973.5807,87.08454,32.268818,3.622856,6.3595657,1.3228189,4.397474,1,232
2008-01-01,hauts_de_france,49.970242001011954,2.780848925246766,747.6452,86.705635,31.25662,6.1293674,8.566607,3.8896503,5.2693253,1,232
2008-02-01,hauts_de_france,49.970242001011954,2.780848925246766,504.96555,81.715935,72.86387,5.478489,9.73625,1.8824944,3.8950489,1,232
2008-03-01,hauts_de_france,49.970242001011954,2.780848925246766,1399.8032,83.29542,93.64669,6.3539276,9.492985,3.6452513,5.534582,1,232
2008-04-01,hauts_de_france,49.970242001011954,2.780848925246766,696.07336,78.69728,163.84296,8.732742,13.519721,4.484068,3.65235,1,232
2008-05-01,hauts_de_france,49.970242001011954,2.780848925246766,869.6484,73.76089,221.53587,15.3756,20.80561,10.083187,2.97357,1,232
2008-06-01,hauts_de_france,49.970242001011954,2.780848925246766,606.5,79.23882,220.8927,15.56626,20.459002,10.940349,3.078157,0,0
2008-07-01,hauts_de_france,49.970242001011954,2.780848925246766,695.5613,74.92342,215.6552,17.62551,23.061495,12.490296,3.3783314,0,0
2008-08-01,hauts_de_france,49.970242001011954,2.780848925246766,1257.5,79.44828,165.16667,17.270462,21.939402,13.438886,3.624086,0,0
2008-09-01,hauts_de_france,49.970242001011954,2.780848925246766,870.9467,80.47127,135.882,13.4300375,18.537434,9.167092,3.5604563,0,0
2008-10-01,hauts_de_france,49.970242001011954,2.780848925246766,939.0322,87.1875,79.69684,10.077487,14.144137,6.79009,3.516379,0,0
2008-11-01,hauts_de_france,49.970242001011954,2.780848925246766,826.45,89.56112,33.77819,7.0859923,9.654684,4.69505,4.221988,0,0
2008-12-01,hauts_de_france,49.970242001011954,2.780848925246766,476.10645,89.62062,28.211603,2.658022,4.859744,0.56490374,3.5379307,0,0
2009-01-01,hauts_de_france,49.970242001011954,2.780848925246766,765.14197,88.05962,39.587067,0.5032322,3.4666374,-2.1649013,3.88559,0,0
2009-02-01,hauts_de_france,49.970242001011954,2.780848925246766,624.56067,88.70527,53.387352,3.4523396,6.46604,0.82523894,3.4540596,0,0
2009-03-01,hauts_de_france,49.970242001011954,2.780848925246766,613.21936,80.67235,121.546135,6.4559035,10.904029,2.427302,4.1623483,0,0
2009-04-01,hauts_de_france,49.970242001011954,2.780848925246766,590.54004,80.23105,171.99239,11.279125,16.3797,6.805127,3.2116094,0,0
2009-05-01,hauts_de_france,49.970242001011954,2.780848925246766,764.671,80.506424,204.77597,13.428751,18.532104,8.413423,3.502414,0,0
2009-06-01,hauts_de_france,49.970242001011954,2.780848925246766,764.04333,77.30203,242.87547,15.796898,21.095358,10.535884,3.1882677,0,0
2009-07-01,hauts_de_france,49.970242001011954,2.780848925246766,837.66455,75.03925,225.33559,18.028944,23.717922,13.204913,3.6404753,0,0
2009-08-01,hauts_de_france,49.970242001011954,2.780848925246766,296.88388,70.28003,208.60834,18.893955,25.467999,13.024364,3.062854,0,0
2009-09-01,hauts_de_france,49.970242001011954,2.780848925246766,325.49,78.39502,139.98523,15.483962,20.942913,10.93227,3.5261188,0,0
2009-10-01,hauts_de_france,49.970242001011954,2.780848925246766,887.25806,85.9977,76.99655,11.249521,15.227928,7.9932675,3.3212333,0,0
2009-11-01,hauts_de_france,49.970242001011954,2.780848925246766,1650.6567,86.99006,36.637897,9.480412,12.056447,7.078767,5.538807,0,0
2009-12-01,hauts_de_france,49.970242001011954,2.780848925246766,1009.9872,89.062035,27.549591,3.0112116,5.5907245,0.46409327,4.1591206,0,0
2010-01-01,hauts_de_france,49.970242001011954,2.780848925246766,475.05164,90.04056,32.872974,0.06353555,2.3032844,-1.9052833,3.3525596,0,0
2010-02-01,hauts_de_france,49.970242001011954,2.780848925246766,1153.2144,87.58057,52.309883,2.8270352,5.571431,0.40720418,4.451342,0,0
2010-03-01,hauts_de_france,49.970242001011954,2.780848925246766,503.33228,76.60571,118.38453,6.388181,10.548383,2.8905673,4.558602,0,0
2010-04-01,hauts_de_france,49.970242001011954,2.780848925246766,234.65335,72.70169,207.45853,9.574143,15.356325,4.0893993,3.8130107,0,0
2010-05-01,hauts_de_france,49.970242001011954,2.780848925246766,516.8839,76.83065,199.43347,11.126073,16.045412,6.2333393,3.6125941,0,0
2010-06-01,hauts_de_france,49.970242001011954,2.780848925246766,503.85004,75.229294,242.43002,16.62342,22.020765,11.245049,3.0765147,0,0
2010-07-01,hauts_de_france,49.970242001011954,2.780848925246766,719.71936,71.649345,231.97185,19.474615,25.48214,14.010942,2.9519458,0,0
2010-08-01,hauts_de_france,49.970242001011954,2.780848925246766,1532.9226,79.12557,169.08908,16.874119,21.767656,12.69577,3.5439181,0,0
2010-09-01,hauts_de_france,49.970242001011954,2.780848925246766,925.05334,81.81384,141.18367,14.193491,19.022678,10.128254,3.0740132,0,0
2010-10-01,hauts_de_france,49.970242001011954,2.780848925246766,700.44196,84.709404,85.372734,10.566087,14.799618,7.134439,3.664101,0,0
2010-11-01,hauts_de_france,49.970242001011954,2.780848925246766,1138.5034,90.56861,31.392042,6.088452,8.476443,4.0831866,3.9256954,0,0
2010-12-01,hauts_de_france,49.970242001011954,2.780848925246766,716.8,90.62727,23.534986,-0.5042786,1.4422404,-2.8410566,3.5212402,0,0
2011-01-01,hauts_de_france,49.970242001011954,2.780848925246766,821.42584,89.79375,30.910528,3.9816008,6.291632,1.988441,4.1436143,0,0
2011-02-01,hauts_de_france,49.970242001011954,2.780848925246766,424.40002,88.590935,49.067787,5.517192,8.24379,3.0828738,3.8963103,0,0
2011-03-01,hauts_de_france,49.970242001011954,2.780848925246766,202.21616,77.4923,127.87016,7.4363146,12.491531,2.9729495,3.7614746,0,0
2011-04-01,hauts_de_france,49.970242001011954,2.780848925246766,200.46,70.32571,202.56244,12.9478,19.132874,7.190901,3.0212762,0,0
2011-05-01,hauts_de_france,49.970242001011954,2.780848925246766,100.68387,67.7917,249.01936,13.993018,20.074282,8.200465,3.5774302,0,0
2011-06-01,hauts_de_france,49.970242001011954,2.780848925246766,870.6,75.5363,212.5562,16.169655,21.418167,11.504584,3.7479675,0,0
2011-07-01,hauts_de_france,49.970242001011954,2.780848925246766,827.0161,74.7562,196.22227,15.960559,21.076157,11.301133,3.379632,0,0
2011-08-01,hauts_de_france,49.970242001011954,2.780848925246766,1254.6484,78.9042,173.77997,17.20769,22.343702,12.879276,3.2528381,0,0
2011-09-01,hauts_de_france,49.970242001011954,2.780848925246766,702.71,80.97491,139.76036,16.299007,21.615261,11.843427,3.4278538,0,0
2011-10-01,hauts_de_france,49.970242001011954,2.780848925246766,411.542,82.96134,86.28969,12.12127,16.530972,8.512925,3.6495383,0,0
2011-11-01,hauts_de_france,49.970242001011954,2.780848925246766,305.19336,91.134766,41.744198,8.138752,11.406465,5.5989437,3.2998087,0,0
2011-12-01,hauts_de_france,49.970242001011954,2.780848925246766,2003.1935,87.35981,25.715536,6.5131254,9.307139,3.8627486,5.257535,0,0
2012-01-01,hauts_de_france,49.970242001011954,2.780848925246766,668.2064,86.67641,32.89223,5.2436256,7.988556,2.8136096,4.3857408,0,0
2012-02-01,hauts_de_france,49.970242001011954,2.780848925246766,196.44138,81.47464,69.947845,0.83717704,4.1326027,-2.24506,3.548561,0,0
2012-03-01,hauts_de_france,49.970242001011954,2.780848925246766,534.2097,80.9262,125.44784,8.408025,13.5275135,4.050918,3.1866035,0,0
2012-04-01,hauts_de_france,49.970242001011954,2.780848925246766,1117.3633,80.28412,150.18301,7.9420514,12.321764,4.1073623,4.244535,0,0
2012-05-01,hauts_de_france,49.970242001011954,2.780848925246766,486.7484,79.62057,206.11186,13.414409,18.213778,8.827711,3.4450808,0,0
2012-06-01,hauts_de_france,49.970242001011954,2.780848925246766,1315.0668,81.190765,194.81293,15.112972,19.601921,11.224466,3.5700922,0,0
2012-07-01,hauts_de_france,49.970242001011954,2.780848925246766,1448.7646,78.66855,206.8062,16.822348,21.953516,12.432583,3.273114,0,0
2012-08-01,hauts_de_france,49.970242001011954,2.780848925246766,353.1516,73.72135,204.60722,18.453634,24.673382,13.213129,3.2022042,0,0
2012-09-01,hauts_de_france,49.970242001011954,2.780848925246766,561.51666,77.05331,144.86559,14.163613,19.903162,9.315455,3.0938005,0,0
2012-10-01,hauts_de_france,49.970242001011954,2.780848925246766,1542.3645,86.79674,71.05088,11.1911545,14.686492,8.108536,3.612525,0,0
2012-11-01,hauts_de_france,49.970242001011954,2.780848925246766,842.71,89.55347,36.298176,6.865403,9.449279,4.611847,3.8192036,0,0
2012-12-01,hauts_de_france,49.970242001011954,2.780848925246766,1610.2517,88.74264,24.606483,5.3692937,7.786874,3.204098,4.8235064,0,0
2013-01-01,hauts_de_france,49.970242001011954,2.780848925246766,528.3806,90.497086,27.497993,2.444273,4.5896554,0.05949527,3.7516387,0,0
2013-02-01,hauts_de_france,49.970242001011954,2.780848925246766,552.1786,86.32753,56.02683,1.6692777,4.212311,-0.34495556,4.010857,0,0
2013-03-01,hauts_de_france,49.970242001011954,2.780848925246766,494.35162,79.49433,97.3026,3.276782,6.4669476,0.5439584,4.0596094,0,0
2013-04-01,hauts_de_france,49.970242001011954,2.780848925246766,310.12668,72.263855,172.64568,8.613499,13.391335,4.063125,4.2328653,0,0
2013-05-01,hauts_de_france,49.970242001011954,2.780848925246766,1089.629,80.55947,171.32812,10.679271,14.76132,6.983228,3.6749442,0,0
2013-06-01,hauts_de_france,49.970242001011954,2.780848925246766,851.68665,79.73813,210.87836,15.100427,19.863867,10.878448,3.7538905,0,0
2013-07-01,hauts_de_france,49.970242001011954,2.780848925246766,804.52905,76.799355,249.02344,19.450642,25.349958,14.077131,3.115562,0,0
2013-08-01,hauts_de_france,49.970242001011954,2.780848925246766,552.94836,74.86252,204.29384,18.065725,23.93838,12.799552,2.8823779,0,0
2013-09-01,hauts_de_france,49.970242001011954,2.780848925246766,783.43335,82.19161,132.53432,14.85834,19.86741,10.479648,2.9382453,0,0
2013-10-01,hauts_de_france,49.970242001011954,2.780848925246766,1188.9354,86.471886,74.32908,12.70616,16.36981,9.779969,4.0404086,0,0
2013-11-01,hauts_de_france,49.970242001011954,2.780848925246766,1407.1201,89.188644,34.466587,6.5140605,9.138189,4.109571,3.8583272,0,0
2013-12-01,hauts_de_france,49.970242001011954,2.780848925246766,887.7774,87.08193,32.339993,5.441665,8.386258,2.8107274,4.4438744,0,0
2014-01-01,hauts_de_france,49.970242001011954,2.780848925246766,1043.8097,88.145355,32.131035,5.939049,8.646666,3.5857036,4.8803225,0,0
2014-02-01,hauts_de_france,49.970242001011954,2.780848925246766,1078.0928,83.38846,61.370827,6.328286,9.533254,3.7798817,5.493277,0,0
2014-03-01,hauts_de_france,49.970242001011954,2.780848925246766,318.71292,77.44997,138.2798,8.211499,13.702591,3.4007711,3.2916336,0,0
2014-04-01,hauts_de_france,49.970242001011954,2.780848925246766,326.52002,76.562164,173.50241,11.206285,16.559597,6.406017,3.1427097,0,0
2014-05-01,hauts_de_france,49.970242001011954,2.780848925246766,1105.7225,78.88124,201.66713,12.803125,17.613522,8.377427,3.657206,0,0
2014-06-01,hauts_de_france,49.970242001011954,2.780848925246766,786.82996,75.99802,246.66376,16.078197,21.428589,10.840555,2.910527,0,0
2014-07-01,hauts_de_france,49.970242001011954,2.780848925246766,1346.7129,79.70051,203.50545,18.534563,23.705452,13.938526,3.0154788,0,0
2014-08-01,hauts_de_france,49.970242001011954,2.780848925246766,1354.1064,81.46997,172.73679,16.061663,20.918236,12.179036,3.3024173,0,0
2014-09-01,hauts_de_france,49.970242001011954,2.780848925246766,384.20667,82.60542,150.55382,16.081755,21.709232,11.493634,2.4403608,0,0
2014-10-01,hauts_de_france,49.970242001011954,2.780848925246766,835.2838,86.475296,78.42192,13.253534,17.17799,10.213244,3.4060016,0,0
2014-11-01,hauts_de_france,49.970242001011954,2.780848925246766,721.94995,89.63944,42.15241,8.772461,11.650826,6.4867716,3.3584082,0,0
2014-12-01,hauts_de_france,49.970242001011954,2.780848925246766,1008.58386,89.171234,22.307013,4.6308837,6.991867,2.4025156,4.239979,0,0
2015-01-01,hauts_de_france,49.970242001011954,2.780848925246766,1047.7129,88.289986,31.649414,3.7368245,6.8012853,1.2569579,4.5141683,0,0
2015-02-01,hauts_de_france,49.970242001011954,2.780848925246766,806.3179,86.34119,64.68701,3.2536743,6.3962355,0.60418445,3.953044,0,0
2015-03-01,hauts_de_france,49.970242001011954,2.780848925246766,408.93872,79.87847,110.82074,6.5346966,11.020823,2.8256793,4.2840385,0,0
2015-04-01,hauts_de_france,49.970242001011954,2.780848925246766,385.84335,73.23889,196.52612,10.121348,15.806655,4.678382,3.5469725,0,0
2015-05-01,hauts_de_france,49.970242001011954,2.780848925246766,656.05164,77.77294,208.88596,12.426629,17.428768,7.777749,3.6672928,0,0
2015-06-01,hauts_de_france,49.970242001011954,2.780848925246766,390.74335,71.53312,262.14948,16.119785,21.998756,10.380278,3.6502512,0,0
2015-07-01,hauts_de_france,49.970242001011954,2.780848925246766,615.5258,72.89858,219.02126,18.532953,24.254984,13.430743,3.6961935,0,0
2015-08-01,hauts_de_france,49.970242001011954,2.780848925246766,1074.4485,73.94967,186.57742,18.809214,24.70105,13.5700865,3.0410507,0,0
2015-09-01,hauts_de_france,49.970242001011954,2.780848925246766,880.5367,80.527565,138.79228,13.244683,18.101637,9.205918,3.4996922,0,0
2015-10-01,hauts_de_france,49.970242001011954,2.780848925246766,622.0742,86.67615,76.1109,10.360215,14.41573,7.046125,2.826404,0,0
2015-11-01,hauts_de_france,49.970242001011954,2.780848925246766,1143.3767,86.63559,40.152157,10.037847,12.878192,7.341386,4.860949,0,0
2015-12-01,hauts_de_france,49.970242001011954,2.780848925246766,457.9613,86.331276,30.909084,9.142122,11.5146675,7.0126724,4.6547685,0,0
2016-01-01,hauts_de_france,49.970242001011954,2.780848925246766,1077.6001,86.60096,33.474564,4.929735,7.593145,2.476917,4.7144275,0,0
2016-02-01,hauts_de_france,49.970242001011954,2.780848925246766,1045.7517,83.80491,62.968952,5.174084,8.108528,2.7326813,5.015264,0,0
2016-03-01,hauts_de_france,49.970242001011954,2.780848925246766,968.7936,80.705894,107.39328,5.769715,9.694723,2.3664348,4.3373976,0,0
2016-04-01,hauts_de_france,49.970242001011954,2.780848925246766,728.92004,78.59286,164.18831,8.511485,13.305159,4.2993937,3.691251,0,0
2016-05-01,hauts_de_france,49.970242001011954,2.780848925246766,1539.4805,78.63987,192.27971,13.4522915,18.446291,8.753279,3.289769,0,0
2016-06-01,hauts_de_france,49.970242001011954,2.780848925246766,1315.16,85.84319,173.98276,15.867663,20.300652,12.5134945,3.1748953,0,0
2016-07-01,hauts_de_france,49.970242001011954,2.780848925246766,356.3742,76.580246,223.77925,18.315935,23.698242,13.667121,3.1054347,0,0
2016-08-01,hauts_de_france,49.970242001011954,2.780848925246766,512.3226,75.65294,204.17896,18.676561,24.69833,13.301284,3.2496622,0,0
2016-09-01,hauts_de_france,49.970242001011954,2.780848925246766,512.29663,78.56006,143.52853,17.280579,22.791025,12.764751,2.6534355,0,0
2016-10-01,hauts_de_france,49.970242001011954,2.780848925246766,547.47424,85.53129,85.36839,10.212339,14.753228,6.6421227,2.8333535,0,0
2016-11-01,hauts_de_france,49.970242001011954,2.780848925246766,904.53,86.92819,41.474792,6.5394425,9.474757,3.9741392,3.922896,0,0
2016-12-01,hauts_de_france,49.970242001011954,2.780848925246766,239.20969,89.3957,33.183197,3.7977762,6.9903297,1.2165904,2.8112261,0,0
2017-01-01,hauts_de_france,49.970242001011954,2.780848925246766,520.79034,86.876396,39.510353,1.3043059,4.2206373,-1.1383613,3.240494,0,0
2017-02-01,hauts_de_france,49.970242001011954,2.780848925246766,685.4321,86.76508,52.2372,6.024745,8.966823,3.6199448,4.4032965,0,0
2017-03-01,hauts_de_france,49.970242001011954,2.780848925246766,604.56775,79.07812,113.51123,9.288296,13.669694,5.3268976,4.2853594,1,2
2017-04-01,hauts_de_france,49.970242001011954,2.780848925246766,141.30667,71.686874,191.72536,8.939034,14.579208,3.4017112,3.109098,1,2
2017-05-01,hauts_de_france,49.970242001011954,2.780848925246766,667.7258,76.71599,217.68625,14.717732,20.206625,9.6458845,3.2290652,1,2
2017-06-01,hauts_de_france,49.970242001011954,2.780848925246766,549.2,72.2604,249.4281,18.431845,24.258327,12.859294,3.4691637,0,0
2017-07-01,hauts_de_france,49.970242001011954,2.780848925246766,635.3032,73.58414,205.74796,18.722534,24.50021,13.623175,3.5395896,0,0
2017-08-01,hauts_de_france,49.970242001011954,2.780848925246766,988.929,77.605225,177.13153,17.784014,23.24868,13.166433,2.8019154,0,0
2017-09-01,hauts_de_france,49.970242001011954,2.780848925246766,1076.0967,83.22792,126.728935,14.036942,18.829618,10.277925,3.1822078,0,0
2017-10-01,hauts_de_france,49.970242001011954,2.780848925246766,458.65808,84.79941,78.73126,12.988534,16.98335,9.668892,3.7178192,0,0
2017-11-01,hauts_de_france,49.970242001011954,2.780848925246766,1243.9167,87.490364,42.5471,6.865827,10.18784,3.9261196,3.385881,0,0
2017-12-01,hauts_de_france,49.970242001011954,2.780848925246766,1454.3389,89.21121,21.278366,4.8813705,7.341437,2.514582,4.4149246,0,0
2018-01-01,hauts_de_france,49.970242001011954,2.780848925246766,1393.0645,88.121346,26.297623,6.3451705,8.759199,4.0879955,4.90171,0,0
2018-02-01,hauts_de_france,49.970242001011954,2.780848925246766,429.1643,78.33295,80.791756,1.1341009,4.54148,-1.4894847,4.2388425,0,0
2018-03-01,hauts_de_france,49.970242001011954,2.780848925246766,855.6581,82.03535,92.8473,5.55135,9.276559,2.4464235,4.14977,0,0
2018-04-01,hauts_de_france,49.970242001011954,2.780848925246766,725.51666,76.50063,163.30473,12.138514,17.275646,7.5483446,3.5661454,0,0
2018-05-01,hauts_de_france,49.970242001011954,2.780848925246766,929.80646,77.503204,232.11661,14.805992,20.728462,9.395016,3.08238,0,0
2018-06-01,hauts_de_france,49.970242001011954,2.780848925246766,328.87335,78.40604,223.24852,17.204912,22.546484,12.15753,3.282486,0,0
2018-07-01,hauts_de_france,49.970242001011954,2.780848925246766,277.28064,65.29921,252.83446,21.228725,27.610888,14.970628,2.7560189,0,0
2018-08-01,hauts_de_france,49.970242001011954,2.780848925246766,827.5097,73.13507,197.9089,18.810873,24.595215,13.702156,3.1499412,0,0
2018-09-01,hauts_de_france,49.970242001011954,2.780848925246766,461.81335,75.4797,156.68034,15.062206,20.976393,9.855252,3.0824165,0,0
2018-10-01,hauts_de_france,49.970242001011954,2.780848925246766,470.6258,80.42996,96.65679,12.153575,17.370981,7.733826,3.289468,0,0
2018-11-01,hauts_de_france,49.970242001011954,2.780848925246766,707.63336,87.16146,45.143948,7.1327977,10.288659,4.4581585,3.7262766,0,0
2018-12-01,hauts_de_france,49.970242001011954,2.780848925246766,1242.0065,88.49304,25.576954,6.1294484,8.676007,3.8280203,4.098268,0,0
2019-01-01,hauts_de_france,49.970242001011954,2.780848925246766,591.04517,87.75093,30.245306,3.3619354,5.564096,1.3580211,3.8711343,0,0
2019-02-01,hauts_de_france,49.970242001011954,2.780848925246766,696.7107,81.20732,82.14162,6.2184634,11.1846,2.0478368,3.5426068,0,0
2019-03-01,hauts_de_france,49.970242001011954,2.780848925246766,897.3871,79.334465,112.32755,8.443944,12.216411,4.9282722,5.0786986,0,0
2019-04-01,hauts_de_france,49.970242001011954,2.780848925246766,480.53333,73.81665,182.17438,9.999957,15.47485,4.9465265,3.39464,0,0
2019-05-01,hauts_de_france,49.970242001011954,2.780848925246766,610.0065,76.66198,204.04416,11.835499,16.995434,6.8216524,3.2805645,0,0
2019-06-01,hauts_de_france,49.970242001011954,2.780848925246766,861.7301,76.690956,233.16989,17.511272,23.28553,12.162785,3.2960873,0,0
2019-07-01,hauts_de_france,49.970242001011954,2.780848925246766,430.80646,67.95539,245.0573,19.212551,25.5514,12.86855,3.1213658,0,0
2019-08-01,hauts_de_france,49.970242001011954,2.780848925246766,595.31287,72.985664,200.06444,18.70656,24.804066,13.197696,2.9646976,0,0
2019-09-01,hauts_de_france,49.970242001011954,2.780848925246766,637.17664,75.86785,143.92563,15.234667,20.68434,10.580596,3.6887524,0,0
2019-10-01,hauts_de_france,49.970242001011954,2.780848925246766,1364.6451,86.21947,68.676056,12.202342,15.4205,9.554287,3.9301045,0,0
2019-11-01,hauts_de_france,49.970242001011954,2.780848925246766,1169.05,89.529625,39.114014,6.9263697,9.751914,4.490054,3.8688154,0,0
2019-12-01,hauts_de_france,49.970242001011954,2.780848925246766,1315.187,87.46881,28.686567,5.905911,8.685132,3.5187995,4.4981475,0,0
2020-01-01,hauts_de_france,49.970242001011954,2.780848925246766,568.74194,88.96572,36.102394,5.7595863,8.376136,3.2718928,4.2712727,0,0
2020-02-01,hauts_de_france,49.970242001011954,2.780848925246766,1641.7173,83.36964,55.81601,7.397203,10.386563,4.7064605,6.3227186,0,0
2020-03-01,hauts_de_france,49.970242001011954,2.780848925246766,844.28394,75.407036,127.87529,7.06529,11.211971,3.3895032,4.7936387,0,0
2020-04-01,hauts_de_france,49.970242001011954,2.780848925246766,427.18668,66.25477,217.37904,12.272249,18.879753,5.9275084,3.249427,0,0
2020-05-01,hauts_de_france,49.970242001011954,2.780848925246766,247.12903,66.256035,263.23743,13.85913,19.841585,7.514599,3.5104482,0,0
2020-06-01,hauts_de_france,49.970242001011954,2.780848925246766,664.73,72.21512,225.42445,16.824722,22.32711,11.450414,3.290366,0,0
2020-07-01,hauts_de_france,49.970242001011954,2.780848925246766,280.78387,69.95724,227.6999,17.970448,23.842571,12.399375,3.6070185,0,0
2020-08-01,hauts_de_france,49.970242001011954,2.780848925246766,774.60974,70.68595,197.03499,20.379782,26.48523,15.238286,3.314691,0,0
2020-09-01,hauts_de_france,49.970242001011954,2.780848925246766,675.85333,74.67565,148.46162,16.484484,22.243483,11.495136,3.3380206,0,0
2020-10-01,hauts_de_france,49.970242001011954,2.780848925246766,1459.4355,86.42714,66.27989,11.510991,14.601164,9.009128,4.3865547,0,0
2020-11-01,hauts_de_france,49.970242001011954,2.780848925246766,420.91336,87.96178,48.815586,8.768575,12.238625,5.717743,3.5111015,0,0
2020-12-01,hauts_de_france,49.970242001011954,2.780848925246766,1318.4711,90.82638,25.9675,5.8104467,8.044755,3.7722523,4.306286,0,0
2021-01-01,hauts_de_france,49.970242001011954,2.780848925246766,1545.7162,90.26029,31.773632,3.3654597,5.7441344,1.2438661,3.3877282,0,0
2021-02-01,hauts_de_france,49.970242001011954,2.780848925246766,483.67145,80.51941,74.17146,5.2079434,8.619007,2.2240386,3.749793,0,0
2021-03-01,hauts_de_france,49.970242001011954,2.780848925246766,492.48712,77.28609,130.40146,6.988093,11.835969,2.7305586,3.5752318,0,0
2021-04-01,hauts_de_france,49.970242001011954,2.780848925246766,313.18,70.49869,204.85315,7.0664797,12.675394,1.9012505,3.4738526,0,0
2021-05-01,hauts_de_france,49.970242001011954,2.780848925246766,984.99036,76.32304,211.20624,11.372325,16.423283,6.7016335,3.7266746,0,0
2021-06-01,hauts_de_france,49.970242001011954,2.780848925246766,1568.4501,80.956505,223.8442,17.594833,22.671173,12.8006935,2.799315,0,0
2021-07-01,hauts_de_france,49.970242001011954,2.780848925246766,1100.142,80.67248,203.75838,17.98683,22.870918,13.774338,3.026475,0,0
2021-08-01,hauts_de_france,49.970242001011954,2.780848925246766,648.11615,81.27426,175.85812,16.977802,22.029732,12.851444,3.1539,0,0
2021-09-01,hauts_de_france,49.970242001011954,2.780848925246766,457.50665,79.97805,154.80821,16.670177,22.52185,11.891328,2.7127852,0,0
2021-10-01,hauts_de_france,49.970242001011954,2.780848925246766,1135.2162,86.3042,87.71802,11.284611,15.9170685,7.3479843,3.2213242,0,0
2021-11-01,hauts_de_france,49.970242001011954,2.780848925246766,730.4667,90.397446,43.01451,6.403244,9.7455,3.6725705,3.0843365,0,0
2021-12-01,hauts_de_france,49.970242001011954,2.780848925246766,953.89355,90.23026,22.85885,6.183073,8.29965,4.1147003,3.5700214,0,0
2022-01-01,hauts_de_france,49.970242001011954,2.780848925246766,729.2516,89.21036,33.18223,4.1350083,7.0345306,1.7257382,3.1741767,0,0
2022-02-01,hauts_de_france,49.970242001011954,2.780848925246766,583.56433,81.747734,70.46988,6.7290235,10.145466,3.4889452,4.825321,0,0
2022-03-01,hauts_de_france,49.970242001011954,2.780848925246766,225.99355,71.94737,137.05867,8.163845,13.567187,3.3979235,3.255035,0,0
2022-04-01,hauts_de_france,49.970242001011954,2.780848925246766,367.67334,72.51831,186.20837,9.884964,15.131071,4.8115106,3.911216,0,0
2022-05-01,hauts_de_france,49.970242001011954,2.780848925246766,352.26776,73.062294,236.11081,14.6170025,20.60013,8.931269,3.0648644,0,0
2022-06-01,hauts_de_france,49.970242001011954,2.780848925246766,928.6133,73.21929,248.5047,17.373493,23.308716,11.608731,3.0346265,0,0
2022-07-01,hauts_de_france,49.970242001011954,2.780848925246766,133.0,65.36928,267.5613,19.797037,26.549158,12.659752,3.084635,0,0
2022-08-01,hauts_de_france,49.970242001011954,2.780848925246766,184.59677,65.22896,226.5252,20.855946,27.723064,14.410494,3.0061066,0,0
2022-09-01,hauts_de_france,49.970242001011954,2.780848925246766,1107.7733,78.037766,139.26799,15.120934,20.576939,10.690483,2.9010208,0,0
2022-10-01,hauts_de_france,49.970242001011954,2.780848925246766,623.77747,84.96214,90.11595,14.158166,18.691782,10.590015,3.014776,0,0
2022-11-01,hauts_de_france,49.970242001011954,2.780848925246766,1208.47,88.51276,42.44121,8.784134,11.821466,6.314126,3.688126,0,0
2022-12-01,hauts_de_france,49.970242001011954,2.780848925246766,949.28064,88.95468,24.300674,4.10327,6.702752,1.7747247,3.4246793,0,0
2023-01-01,hauts_de_france,49.970242001011954,2.780848925246766,906.1355,87.63073,29.235918,5.3867116,7.660902,3.2548876,4.160331,0,0
2023-02-01,hauts_de_france,49.970242001011954,2.780848925246766,61.00357,84.28432,70.99378,5.4897876,9.27943,2.5065742,3.3617163,0,0
2023-03-01,hauts_de_france,49.970242001011954,2.780848925246766,1242.4161,80.700386,97.81535,7.829417,11.518982,4.5142417,4.0728903,0,0
2023-04-01,hauts_de_france,49.970242001011954,2.780848925246766,834.30676,80.01954,158.87828,8.700372,13.219781,4.749521,3.6579127,0,0
2023-05-01,hauts_de_france,49.970242001011954,2.780848925246766,609.63873,78.560005,229.6872,13.219008,18.512026,8.417438,3.4390154,0,0
2023-06-01,hauts_de_france,49.970242001011954,2.780848925246766,506.72003,70.1362,273.12598,19.18087,25.619951,12.948459,3.179921,0,0
2023-07-01,hauts_de_france,49.970242001011954,2.780848925246766,1197.2225,73.01617,212.38893,18.331987,23.8515,13.325006,3.599119,0,0
2023-08-01,hauts_de_france,49.970242001011954,2.780848925246766,1230.1355,79.157036,185.37843,18.156595,23.427599,13.68279,3.0922573,0,0
2023-09-01,hauts_de_france,49.970242001011954,2.780848925246766,668.77,79.28496,155.9165,18.58254,24.403252,13.644293,2.7877772,0,0
2023-10-01,hauts_de_france,49.970242001011954,2.780848925246766,1251.758,82.972694,85.84193,13.48078,18.110764,9.853561,3.289819,0,0
2023-11-01,hauts_de_france,49.970242001011954,2.780848925246766,1910.3201,87.73502,37.417828,8.219614,10.860747,5.8771534,4.243421,0,0
2023-12-01,hauts_de_france,49.970242001011954,2.780848925246766,828.4678,87.716866,22.707912,7.1275034,9.220374,5.089677,4.3241467,0,0
2024-01-01,hauts_de_france,49.970242001011954,2.780848925246766,857.9903,84.18541,38.10737,3.6215117,6.4323506,0.9729955,4.0194144,0,0
2024-02-01,hauts_de_france,49.970242001011954,2.780848925246766,1330.0828,88.82918,44.211613,8.434223,10.852282,6.279445,4.2081227,0,0
2024-03-01,hauts_de_france,49.970242001011954,2.780848925246766,991.7871,84.21611,104.83526,8.744606,12.647976,5.528248,3.4661539,0,0
2024-04-01,hauts_de_france,49.970242001011954,2.780848925246766,911.2,79.17153,160.32803,10.581321,14.940196,6.8873672,3.9206915,0,0
2024-05-01,hauts_de_france,49.970242001011954,2.780848925246766,1289.3516,83.92757,182.5833,14.149166,18.903776,10.274409,2.8527215,0,0
2024-06-01,hauts_de_france,49.970242001011954,2.780848925246766,652.3733,78.408905,224.11319,15.668923,20.935917,10.82341,3.0360215,0,0
2024-07-01,hauts_de_france,49.970242001011954,2.780848925246766,1073.7773,75.97797,211.37827,18.601526,23.97827,13.811649,2.9570348,0,0
2024-08-01,hauts_de_france,49.970242001011954,2.780848925246766,516.45807,76.24227,202.42537,19.427107,25.244226,14.554763,2.8570445,1,2
2024-09-01,hauts_de_france,49.970242001011954,2.780848925246766,1293.49,83.48935,125.199425,15.332328,19.926355,11.750493,3.2844696,1,210
2024-10-01,hauts_de_france,49.970242001011954,2.780848925246766,988.17737,88.96768,76.23383,12.541819,16.249378,9.577666,2.8702242,1,218
2024-11-01,hauts_de_france,49.970242001011954,2.780848925246766,731.88336,88.38838,31.535822,7.587256,10.221302,5.2770085,3.2462022,1,218
2024-12-01,hauts_de_france,49.970242001011954,2.780848925246766,726.60645,89.14935,20.202293,5.5856447,7.873642,3.502538,3.7645361,1,218
2000-01-01,grand_est,48.692102261081295,5.615838564027436,1053.0161,87.47873,34.516727,2.2951736,4.9682527,-0.13238415,2.9712932,0,0
2000-02-01,grand_est,48.692102261081295,5.615838564027436,2653.8276,85.231804,61.13921,4.970002,8.686633,1.7570007,3.783373,0,0
2000-03-01,grand_est,48.692102261081295,5.615838564027436,1310.8032,79.16194,102.847725,6.232965,10.441803,2.5933518,3.4276307,0,0
2000-04-01,grand_est,48.692102261081295,5.615838564027436,1459.5833,76.20183,162.12643,9.79689,15.102612,5.0122867,3.154333,0,0
2000-05-01,grand_est,48.692102261081295,5.615838564027436,2360.2969,78.52957,205.00731,14.772315,20.411802,9.710583,2.5954177,0,0
2000-06-01,grand_est,48.692102261081295,5.615838564027436,734.57336,70.17722,263.14117,17.488352,23.502823,11.2681265,2.5500183,0,0
2000-07-01,grand_est,48.692102261081295,5.615838564027436,4009.4229,80.76548,189.33694,15.969475,21.041872,11.806241,2.8424444,0,0
2000-08-01,grand_est,48.692102261081295,5.615838564027436,1302.7195,76.364876,207.20993,18.736017,24.899332,13.199835,2.0188856,0,0
2000-09-01,grand_est,48.692102261081295,5.615838564027436,1828.6333,83.96498,136.04617,15.319078,20.544247,11.092036,2.3791044,0,0
2000-10-01,grand_est,48.692102261081295,5.615838564027436,2228.8516,86.47189,74.50379,10.931298,14.701374,7.919704,3.198067,0,0
2000-11-01,grand_est,48.692102261081295,5.615838564027436,2922.02,87.80916,38.467,7.1701665,10.132172,4.599859,3.8727186,0,0
2000-12-01,grand_est,48.692102261081295,5.615838564027436,1696.3711,87.53613,27.264,5.723823,8.105641,3.5302978,3.5623574,0,0
2001-01-01,grand_est,48.692102261081295,5.615838564027436,2199.0032,86.11692,36.291424,3.2308564,6.10349,0.6191146,3.5077975,0,0
2001-02-01,grand_est,48.692102261081295,5.615838564027436,1482.525,83.63687,62.974422,4.040118,7.7867665,0.9038832,3.523441,0,0
2001-03-01,grand_est,48.692102261081295,5.615838564027436,3799.2744,86.18355,80.44287,7.388894,11.08221,4.3189125,3.8139336,0,0
2001-04-01,grand_est,48.692102261081295,5.615838564027436,2897.6665,81.0499,138.70657,7.6552444,12.137237,3.8814118,3.4633539,0,0
2001-05-01,grand_est,48.692102261081295,5.615838564027436,1123.7386,73.78156,223.82315,15.084677,20.564152,9.542382,2.798784,0,0
2001-06-01,grand_est,48.692102261081295,5.615838564027436,1289.21,73.28856,231.16699,15.352699,21.102333,9.583556,2.5232341,0,0
2001-07-01,grand_est,48.692102261081295,5.615838564027436,2288.1968,73.575386,224.12437,18.998865,24.923676,13.59723,2.7244866,0,0
2001-08-01,grand_est,48.692102261081295,5.615838564027436,1678.6548,75.2069,202.06087,19.103941,25.156956,13.88124,2.472431,0,0
2001-09-01,grand_est,48.692102261081295,5.615838564027436,2892.83,87.1477,103.96761,12.040453,16.186407,8.788507,3.0384772,0,0
2001-10-01,grand_est,48.692102261081295,5.615838564027436,1575.471,87.47819,82.19695,13.622871,18.325476,10.007698,2.7262182,0,0
2001-11-01,grand_est,48.692102261081295,5.615838564027436,2201.7234,88.80348,45.76714,4.1281605,7.635824,1.0294431,2.9186096,0,0
2001-12-01,grand_est,48.692102261081295,5.615838564027436,1782.8193,85.97032,33.343243,0.95742756,3.90508,-1.750728,3.5493135,0,0
2002-01-01,grand_est,48.692102261081295,5.615838564027436,1177.8743,87.930405,37.531452,1.9697663,5.0370884,-0.7616437,3.4551542,0,0
2002-02-01,grand_est,48.692102261081295,5.615838564027436,3638.8682,82.053314,55.063225,6.3526287,9.527033,3.4972978,5.362366,0,0
2002-03-01,grand_est,48.692102261081295,5.615838564027436,1558.6356,76.904335,123.62643,7.018095,12.109743,2.3305988,3.2034318,0,0
2002-04-01,grand_est,48.692102261081295,5.615838564027436,862.9334,68.75137,185.92384,9.312889,15.061641,3.8045547,3.3423276,0,0
2002-05-01,grand_est,48.692102261081295,5.615838564027436,1672.642,78.415375,195.27113,13.028677,18.039593,8.231464,2.833376,0,0
2002-06-01,grand_est,48.692102261081295,5.615838564027436,953.17664,72.67959,244.66548,18.018133,24.065615,12.279719,2.665367,0,0
2002-07-01,grand_est,48.692102261081295,5.615838564027436,1610.0646,73.77078,204.55548,17.94172,23.596949,12.652192,2.8798842,0,0
2002-08-01,grand_est,48.692102261081295,5.615838564027436,1914.8032,80.46767,171.30264,18.084568,23.508877,13.698734,2.2544281,0,0
2002-09-01,grand_est,48.692102261081295,5.615838564027436,1065.7968,79.26385,142.13414,13.49043,19.345303,8.723782,2.5022066,0,0
2002-10-01,grand_est,48.692102261081295,5.615838564027436,2401.0938,84.15998,77.50315,10.384231,14.927492,6.426606,3.533621,0,0
2002-11-01,grand_est,48.692102261081295,5.615838564027436,3232.8135,90.08725,35.063812,7.787197,10.850419,5.161106,3.0529268,0,0
2002-12-01,grand_est,48.692102261081295,5.615838564027436,2062.745,89.56495,21.474943,4.737276,6.7313004,2.818029,3.5349698,0,0
2003-01-01,grand_est,48.692102261081295,5.615838564027436,2159.4194,88.12178,36.015045,0.6680434,3.3799024,-2.027556,3.8297172,0,0
2003-02-01,grand_est,48.692102261081295,5.615838564027436,611.4321,77.50925,83.65167,0.63197213,5.445957,-3.2994707,2.966614,0,0
2003-03-01,grand_est,48.692102261081295,5.615838564027436,649.1355,68.586174,147.70248,8.073406,14.493336,2.3609593,2.9408596,0,0
2003-04-01,grand_est,48.692102261081295,5.615838564027436,1189.92,64.34786,193.84514,9.870791,15.967544,3.7087061,3.4882436,0,0
2003-05-01,grand_est,48.692102261081295,5.615838564027436,1589.3613,77.04078,206.14565,14.191174,19.50632,9.1265955,2.9932883,0,0
2003-06-01,grand_est,48.692102261081295,5.615838564027436,967.6234,72.486916,262.7964,20.543844,27.200617,14.283399,2.3968027,0,0
2003-07-01,grand_est,48.692102261081295,5.615838564027436,1304.2742,68.36348,239.75519,19.854916,26.326872,13.653598,2.5351188,0,0
2003-08-01,grand_est,48.692102261081295,5.615838564027436,883.0258,60.0295,230.82518,22.662191,30.275885,15.267439,2.2609665,0,0
2003-09-01,grand_est,48.692102261081295,5.615838564027436,618.76337,69.25258,169.0428,14.938765,22.175768,8.506429,2.4157221,0,0
2003-10-01,grand_est,48.692102261081295,5.615838564027436,2269.8035,82.8943,82.80576,7.789093,12.235077,3.9720635,3.2781534,0,0
2003-11-01,grand_est,48.692102261081295,5.615838564027436,1081.1768,88.04752,44.539803,7.127476,10.588359,4.1062407,2.9861891,0,0
2003-12-01,grand_est,48.692102261081295,5.615838564027436,1121.513,87.55611,31.679626,3.0683985,5.9636917,0.574847,3.4417207,0,0
2004-01-01,grand_est,48.692102261081295,5.615838564027436,3180.413,89.31846,29.33505,1.8836368,4.643081,-0.7429124,3.932665,0,0
2004-02-01,grand_est,48.692102261081295,5.615838564027436,594.60345,81.17173,71.84628,3.340763,7.1428246,0.118156806,3.429542,0,0
2004-03-01,grand_est,48.692102261081295,5.615838564027436,818.3097,77.49966,120.39906,5.176142,10.184773,0.83221394,3.275822,0,0
2004-04-01,grand_est,48.692102261081295,5.615838564027436,1123.5667,74.6159,173.63263,9.730328,15.009345,4.794148,3.385747,0,0
2004-05-01,grand_est,48.692102261081295,5.615838564027436,1335.5161,72.60193,229.29097,12.251038,18.155457,6.1337976,2.731098,0,0
2004-06-01,grand_est,48.692102261081295,5.615838564027436,1166.8267,73.67015,235.03342,16.393766,22.206543,10.700918,2.7808292,0,0
2004-07-01,grand_est,48.692102261081295,5.615838564027436,1757.7195,73.79457,215.30524,17.875938,23.904976,12.535703,2.7320528,0,0
2004-08-01,grand_est,48.692102261081295,5.615838564027436,2737.7966,79.636894,174.22783,18.615444,24.152575,14.310306,2.9545934,0,0
2004-09-01,grand_est,48.692102261081295,5.615838564027436,727.58997,77.69995,152.20667,15.431408,20.940592,10.619236,3.080047,0,0
2004-10-01,grand_est,48.692102261081295,5.615838564027436,2477.142,86.35446,74.453224,11.4512415,15.591056,8.121888,3.1533906,0,0
2004-11-01,grand_est,48.692102261081295,5.615838564027436,939.1833,89.97947,38.30984,5.3464108,7.9738955,2.8888187,2.7176216,0,0
2004-12-01,grand_est,48.692102261081295,5.615838564027436,1377.1226,91.39646,26.013527,1.1549726,3.5814734,-1.0500557,2.9473128,0,0
2005-01-01,grand_est,48.692102261081295,5.615838564027436,1082.4581,86.769806,40.28572,2.6483757,5.470892,0.017336063,3.8683853,0,0
2005-02-01,grand_est,48.692102261081295,5.615838564027436,1323.3893,86.08378,64.58784,0.32425156,3.6326895,-2.2773116,3.3631752,0,0
2005-03-01,grand_est,48.692102261081295,5.615838564027436,750.57104,80.88383,113.68322,5.8955803,10.773549,1.5716685,2.9381177,0,0
2005-04-01,grand_est,48.692102261081295,5.615838564027436,1652.6833,77.41339,155.47171,9.995636,14.99411,5.299533,3.0437014,0,0
2005-05-01,grand_est,48.692102261081295,5.615838564027436,1420.8839,75.11131,218.73085,13.462556,19.065823,8.180433,2.9519057,0,0
2005-06-01,grand_est,48.692102261081295,5.615838564027436,1257.5533,70.70679,260.04965,18.104902,24.65319,11.459235,2.4476879,0,0
2005-07-01,grand_est,48.692102261081295,5.615838564027436,2136.787,75.110756,214.0137,18.736378,24.348135,13.751935,2.9244173,0,0
2005-08-01,grand_est,48.692102261081295,5.615838564027436,1116.2516,76.35238,194.52603,16.602222,22.492018,11.0629015,2.5586967,0,0
2005-09-01,grand_est,48.692102261081295,5.615838564027436,1506.0867,79.15996,148.42853,15.841349,21.638762,11.0816765,2.4167547,0,0
2005-10-01,grand_est,48.692102261081295,5.615838564027436,945.4452,83.64601,90.42331,13.005904,18.218086,8.987566,2.9233105,0,0
2005-11-01,grand_est,48.692102261081295,5.615838564027436,996.36,88.973694,44.873276,4.7448835,7.9200826,2.078179,2.8570046,0,0
2005-12-01,grand_est,48.692102261081295,5.615838564027436,1505.9323,89.69714,26.037643,1.48967,3.7664003,-0.8424692,3.2897851,0,0
2006-01-01,grand_est,48.692102261081295,5.615838564027436,687.2,85.33783,43.793705,-0.08401085,3.0965762,-2.766064,2.8634539,0,0
2006-02-01,grand_est,48.692102261081295,5.615838564027436,1659.468,87.220726,47.58926,1.2594379,4.0040298,-1.1088316,3.3650014,0,0
2006-03-01,grand_est,48.692102261081295,5.615838564027436,2486.4614,81.50755,108.67857,4.1477027,8.377516,0.6110818,4.132914,0,0
2006-04-01,grand_est,48.692102261081295,5.615838564027436,845.18005,73.84107,168.0473,9.048561,14.274304,4.197035,3.0391264,0,0
2006-05-01,grand_est,48.692102261081295,5.615838564027436,2529.2773,79.57232,181.14386,13.490569,18.38577,9.189916,3.486163,0,0
2006-06-01,grand_est,48.692102261081295,5.615838564027436,865.5366,71.50793,271.65936,17.65623,23.967728,11.101899,2.4199934,0,0
2006-07-01,grand_est,48.692102261081295,5.615838564027436,784.1807,64.45955,269.50693,22.951344,29.882505,16.171862,2.5108557,0,0
2006-08-01,grand_est,48.692102261081295,5.615838564027436,3586.3774,82.22683,157.28949,15.637772,20.571629,12.073388,3.122986,0,0
2006-09-01,grand_est,48.692102261081295,5.615838564027436,1187.0533,81.4389,142.59515,17.434849,23.04125,12.820412,2.487386,1,2
2006-10-01,grand_est,48.692102261081295,5.615838564027436,2440.4065,86.863174,81.48244,13.286276,17.763546,9.788914,3.1769814,1,2
2006-11-01,grand_est,48.692102261081295,5.615838564027436,1505.95,88.045845,44.827057,7.773917,11.571286,4.352304,3.3817225,1,3
2006-12-01,grand_est,48.692102261081295,5.615838564027436,1384.971,87.29781,32.369198,4.09089,7.181295,1.3696798,3.6139164,0,0
2007-01-01,grand_est,48.692102261081295,5.615838564027436,1809.4258,87.60027,32.865677,5.3830676,7.746582,2.9215906,4.8647676,0,0
2007-02-01,grand_est,48.692102261081295,5.615838564027436,2656.4072,86.02714,62.881447,5.9546776,9.852316,2.744367,3.8960028,1,1
2007-03-01,grand_est,48.692102261081295,5.615838564027436,1956.2097,81.35674,116.45779,6.154214,11.050356,2.0006733,3.3544831,1,6
2007-04-01,grand_est,48.692102261081295,5.615838564027436,124.48668,65.86199,244.56566,13.331746,20.97783,5.6530576,2.4591143,1,9
2007-05-01,grand_est,48.692102261081295,5.615838564027436,2468.2163,76.84535,196.43248,14.7458935,20.233854,9.997034,3.502408,1,16
2007-06-01,grand_est,48.692102261081295,5.615838564027436,2168.8066,79.713745,209.53134,17.521992,22.88666,13.077656,3.0945923,1,21
2007-07-01,grand_est,48.692102261081295,5.615838564027436,2458.8193,75.93199,209.1965,17.278215,22.544601,12.591352,3.3187864,0,0
2007-08-01,grand_est,48.692102261081295,5.615838564027436,2560.445,79.971176,180.15323,16.902142,22.151735,12.264011,2.699681,1,1
2007-09-01,grand_est,48.692102261081295,5.615838564027436,1115.4568,82.0682,138.05444,13.109704,18.676132,8.39891,2.4534225,1,30
2007-10-01,grand_est,48.692102261081295,5.615838564027436,471.88712,85.70972,94.180756,9.547196,14.5360565,5.5282803,2.3477716,1,151
2007-11-01,grand_est,48.692102261081295,5.615838564027436,1342.5066,88.30354,41.964954,4.546917,7.8519506,1.4986403,3.237771,1,161
2007-12-01,grand_est,48.692102261081295,5.615838564027436,2057.516,87.09789,34.20045,1.9105806,5.00901,-0.64484376,3.702397,1,161
2008-01-01,grand_est,48.692102261081295,5.615838564027436,1624.8969,85.680626,37.951546,4.3689275,7.5411243,1.4425949,3.9261081,1,161
2008-02-01,grand_est,48.692102261081295,5.615838564027436,1429.5414,80.03228,81.36234,4.491837,9.666024,0.23076196,3.3688116,1,161
2008-03-01,grand_est,48.692102261081295,5.615838564027436,2419.0938,82.47705,97.997795,5.238314,8.96916,2.1573722,4.639567,1,161
2008-04-01,grand_est,48.692102261081295,5.615838564027436,1996.2534,81.09486,148.02821,8.201478,12.826495,4.2286625,3.072731,1,161
2008-05-01,grand_est,48.692102261081295,5.615838564027436,1510.2,71.69648,226.37065,15.481591,21.436697,9.630459,2.7098224,1,161
2008-06-01,grand_est,48.692102261081295,5.615838564027436,1522.5233,78.86796,216.57741,16.704166,21.98294,11.754377,2.4258592,0,0
2008-07-01,grand_est,48.692102261081295,5.615838564027436,1385.6807,73.25039,229.29634,18.27561,24.308638,12.607464,2.6838267,0,0
2008-08-01,grand_est,48.692102261081295,5.615838564027436,1834.5388,78.79744,176.06042,17.47935,22.77444,12.866662,2.8557413,0,0
2008-09-01,grand_est,48.692102261081295,5.615838564027436,1775.4468,81.28293,135.42174,12.657024,17.910177,8.128122,2.9974167,0,0
2008-10-01,grand_est,48.692102261081295,5.615838564027436,1892.9095,87.311676,78.02163,9.678043,14.318964,6.0719395,2.720167,0,0
2008-11-01,grand_est,48.692102261081295,5.615838564027436,964.4967,88.88501,41.861626,5.821795,8.9661255,3.0558019,3.1077583,0,0
2008-12-01,grand_est,48.692102261081295,5.615838564027436,1194.2194,89.128914,27.691088,1.4212697,3.7626286,-0.66512996,3.0813308,0,0
2009-01-01,grand_est,48.692102261081295,5.615838564027436,953.3258,85.72784,47.18517,-0.7890484,2.9726071,-3.8512094,2.9971414,0,0
2009-02-01,grand_est,48.692102261081295,5.615838564027436,1446.3428,86.47622,55.48023,1.9951035,5.357334,-0.86599606,2.9265957,0,0
2009-03-01,grand_est,48.692102261081295,5.615838564027436,1485.4612,78.33444,111.33326,5.377596,10.083893,1.1701251,3.7446125,0,0
2009-04-01,grand_est,48.692102261081295,5.615838564027436,1110.3134,75.969246,181.3642,11.642939,17.330288,6.310399,2.7600613,0,0
2009-05-01,grand_est,48.692102261081295,5.615838564027436,1199.0968,77.533455,215.07782,14.662708,20.461409,9.20031,2.7960527,0,0
2009-06-01,grand_est,48.692102261081295,5.615838564027436,1768.48,75.622925,243.38635,16.269009,22.092842,10.4323435,2.8165054,0,0
2009-07-01,grand_est,48.692102261081295,5.615838564027436,2232.3418,74.60757,222.10376,18.524107,24.464102,13.361045,2.987975,0,0
2009-08-01,grand_est,48.692102261081295,5.615838564027436,788.39355,71.22081,221.17542,19.557245,26.471748,13.121825,2.2385483,0,0
2009-09-01,grand_est,48.692102261081295,5.615838564027436,778.8867,79.376755,146.20317,15.161028,21.436047,10.063064,2.5843403,0,0
2009-10-01,grand_est,48.692102261081295,5.615838564027436,904.0903,84.336494,83.164375,9.736477,14.965079,5.5116496,2.602388,0,0
2009-11-01,grand_est,48.692102261081295,5.615838564027436,2601.2065,86.74708,37.35787,8.40427,11.50815,5.600946,4.248785,0,0
2009-12-01,grand_est,48.692102261081295,5.615838564027436,2369.8518,87.90783,25.768625,2.3435428,5.307645,-0.5787419,3.592666,0,0
2010-01-01,grand_est,48.692102261081295,5.615838564027436,1022.6484,90.567665,30.572088,-1.1095384,1.1269066,-3.244087,2.72778,0,0
2010-02-01,grand_est,48.692102261081295,5.615838564027436,1948.6321,86.00972,53.250458,2.2128592,5.185567,-0.45629352,3.979605,0,0
2010-03-01,grand_est,48.692102261081295,5.615838564027436,1110.5194,72.12689,123.69315,5.5415163,10.251021,1.5490148,3.9976623,0,0
2010-04-01,grand_est,48.692102261081295,5.615838564027436,529.80334,69.16002,200.96097,9.886236,16.131193,3.5647397,3.0263386,0,0
2010-05-01,grand_est,48.692102261081295,5.615838564027436,1734.0063,78.689964,176.4273,11.465041,16.292444,6.9412417,2.8280766,0,0
2010-06-01,grand_est,48.692102261081295,5.615838564027436,1237.3533,73.83699,236.65872,17.17399,23.114363,11.288165,2.5004177,0,0
2010-07-01,grand_est,48.692102261081295,5.615838564027436,1271.4355,69.30897,241.57378,20.140732,26.935488,13.6936655,2.3228683,0,0
2010-08-01,grand_est,48.692102261081295,5.615838564027436,3177.458,77.69427,175.18329,17.163332,22.461575,12.612885,2.8794296,0,0
2010-09-01,grand_est,48.692102261081295,5.615838564027436,1710.3469,82.25095,143.46638,13.314477,18.777374,8.69543,2.4086325,0,0
2010-10-01,grand_est,48.692102261081295,5.615838564027436,896.2097,83.216194,91.357185,9.314969,14.418068,5.2791452,2.9376447,0,0
2010-11-01,grand_est,48.692102261081295,5.615838564027436,2270.69,89.97787,32.6864,5.7949367,8.076153,3.7519794,3.387404,0,0
2010-12-01,grand_est,48.692102261081295,5.615838564027436,2966.768,90.370316,24.065022,-1.021293,1.1034366,-3.4547606,2.8638015,0,0
2011-01-01,grand_est,48.692102261081295,5.615838564027436,1496.8064,88.30454,34.463345,2.5785334,5.3017173,0.1844259,3.2837079,0,0
2011-02-01,grand_est,48.692102261081295,5.615838564027436,696.5214,87.209206,52.037548,3.7318254,7.018049,0.9083569,2.6365054,0,0
2011-03-01,grand_est,48.692102261081295,5.615838564027436,577.9935,71.632835,137.46371,7.3028374,13.163675,2.1305199,3.2429311,0,0
2011-04-01,grand_est,48.692102261081295,5.615838564027436,447.9567,68.55796,214.45163,12.628954,19.622704,5.8702846,2.3659253,0,0
2011-05-01,grand_est,48.692102261081295,5.615838564027436,753.6871,64.97109,258.69772,14.867729,21.996397,7.6144614,2.551703,0,0
2011-06-01,grand_est,48.692102261081295,5.615838564027436,1934.7368,73.61453,217.80267,16.961903,22.793295,11.6324215,2.9237442,0,0
2011-07-01,grand_est,48.692102261081295,5.615838564027436,1840.0677,74.92007,204.42482,16.185577,21.795095,11.085019,2.738449,0,0
2011-08-01,grand_est,48.692102261081295,5.615838564027436,1995.1516,78.04952,194.36224,18.276213,24.16423,13.231667,2.5908003,0,0
2011-09-01,grand_est,48.692102261081295,5.615838564027436,879.17664,79.67264,153.53499,16.254503,22.338291,11.043515,2.5766268,0,0
2011-10-01,grand_est,48.692102261081295,5.615838564027436,1176.7936,85.132614,90.572,10.587835,15.93298,6.595724,2.6744733,0,0
2011-11-01,grand_est,48.692102261081295,5.615838564027436,302.28,89.78607,45.826344,6.8766174,10.678991,3.951512,2.4055684,0,0
2011-12-01,grand_est,48.692102261081295,5.615838564027436,3941.8162,89.027565,23.449957,5.1950374,7.7637873,2.4562905,4.669092,0,0
2012-01-01,grand_est,48.692102261081295,5.615838564027436,1914.4741,88.53661,30.952188,3.605648,6.2428226,1.2777221,3.7575102,0,0
2012-02-01,grand_est,48.692102261081295,5.615838564027436,386.39658,78.49339,78.26726,-1.4181278,2.5678704,-4.942517,2.9701111,0,0
2012-03-01,grand_est,48.692102261081295,5.615838564027436,556.3613,73.48402,141.68045,8.36956,14.448662,2.832255,2.6279316,0,0
2012-04-01,grand_est,48.692102261081295,5.615838564027436,1907.77,74.892685,150.72363,8.537167,13.63093,4.0891905,3.602947,0,0
2012-05-01,grand_est,48.692102261081295,5.615838564027436,1794.8032,74.98374,221.71574,14.467351,20.192581,9.159402,2.9109645,0,0
2012-06-01,grand_est,48.692102261081295,5.615838564027436,2366.5435,79.530716,202.74788,16.17474,21.352148,11.637512,2.7777834,0,0
2012-07-01,grand_est,48.692102261081295,5.615838564027436,1937.8323,75.76245,217.57877,17.519672,23.056576,12.627658,2.9048212,0,0
2012-08-01,grand_est,48.692102261081295,5.615838564027436,724.60645,70.0327,210.2875,19.484764,26.0474,13.500499,2.5930994,0,0
2012-09-01,grand_est,48.692102261081295,5.615838564027436,1403.2767,76.217026,150.91884,14.209885,20.764132,8.639915,2.6045914,0,0
2012-10-01,grand_est,48.692102261081295,5.615838564027436,2017.4226,83.89024,79.72978,10.483853,15.088478,6.576325,3.090896,0,0
2012-11-01,grand_est,48.692102261081295,5.615838564027436,1810.3467,89.25264,34.735615,6.1445293,9.156982,3.3696895,2.904272,0,0
2012-12-01,grand_est,48.692102261081295,5.615838564027436,2794.787,88.13233,25.894896,4.0414753,6.5611224,1.7265129,4.197711,0,0
2013-01-01,grand_est,48.692102261081295,5.615838564027436,1299.4482,90.672424,26.19778,1.5384736,3.5102463,-0.54092866,3.0631642,0,0
2013-02-01,grand_est,48.692102261081295,5.615838564027436,1483.393,86.38677,55.981354,0.09606327,2.9136024,-2.3277185,3.2504013,0,0
2013-03-01,grand_est,48.692102261081295,5.615838564027436,1026.7064,78.94916,100.06489,3.0652802,7.1698647,-0.3695453,3.1315439,0,0
2013-04-01,grand_est,48.692102261081295,5.615838564027436,1875.0934,71.59784,157.31041,9.145916,13.954816,4.5535192,3.4076958,0,0
2013-05-01,grand_est,48.692102261081295,5.615838564027436,3074.2935,83.73716,155.2696,10.765677,15.066764,7.247231,2.8807917,0,0
2013-06-01,grand_est,48.692102261081295,5.615838564027436,1863.3801,76.216125,226.8738,16.077768,21.656048,10.739854,2.8690646,0,0
2013-07-01,grand_est,48.692102261081295,5.615838564027436,1166.0226,70.131744,258.6523,20.773605,27.14423,14.546923,2.6015847,0,0
2013-08-01,grand_est,48.692102261081295,5.615838564027436,1223.2614,72.585236,208.2393,18.293623,24.718204,12.340744,2.1651373,0,0
2013-09-01,grand_est,48.692102261081295,5.615838564027436,2116.86,82.610794,135.18959,14.704301,20.073627,10.230214,2.674025,0,0
2013-10-01,grand_est,48.692102261081295,5.615838564027436,3145.5647,86.71694,75.16682,12.290797,16.385052,9.052935,3.1082485,0,0
2013-11-01,grand_est,48.692102261081295,5.615838564027436,2462.0767,88.99398,34.59068,5.1753583,7.6396956,2.8902507,3.4143817,0,0
2013-12-01,grand_est,48.692102261081295,5.615838564027436,1313.3452,86.23878,34.029404,3.8481224,7.3928356,0.84180933,3.3315792,0,0
2014-01-01,grand_est,48.692102261081295,5.615838564027436,1516.8291,87.1952,35.767334,4.909777,7.912856,2.2228959,3.5268056,0,0
2014-02-01,grand_est,48.692102261081295,5.615838564027436,1957.0286,83.4888,57.99567,5.4145856,8.964246,2.4227724,4.239039,0,0
2014-03-01,grand_est,48.692102261081295,5.615838564027436,338.4871,73.364914,146.00493,7.6704197,14.252839,1.8203019,2.5397599,0,0
2014-04-01,grand_est,48.692102261081295,5.615838564027436,337.48334,71.626076,179.54916,11.292701,17.205229,5.5935764,2.4545612,0,0
2014-05-01,grand_est,48.692102261081295,5.615838564027436,1585.6807,75.4886,207.00397,12.888763,18.615349,7.7429543,3.2015712,0,0
2014-06-01,grand_est,48.692102261081295,5.615838564027436,941.3433,66.09244,261.405,17.676313,24.140669,11.043926,2.7688718,0,0
2014-07-01,grand_est,48.692102261081295,5.615838564027436,2780.658,76.15463,196.42194,19.000761,24.570066,13.9940405,2.514959,0,0
2014-08-01,grand_est,48.692102261081295,5.615838564027436,2430.4517,80.32509,174.57458,16.282312,21.575407,12.002772,2.5802486,0,0
2014-09-01,grand_est,48.692102261081295,5.615838564027436,564.19,80.8996,153.8388,15.725416,21.946571,10.552604,2.0968556,0,0
2014-10-01,grand_est,48.692102261081295,5.615838564027436,2185.6355,88.12424,80.60195,12.761834,17.423546,9.196055,2.3623173,0,0
2014-11-01,grand_est,48.692102261081295,5.615838564027436,1602.88,90.72048,40.763718,8.000213,11.204579,5.4965324,2.60387,0,0
2014-12-01,grand_est,48.692102261081295,5.615838564027436,1656.8774,90.29247,19.799456,3.6689596,5.5879326,1.6536887,3.55367,0,0
2015-01-01,grand_est,48.692102261081295,5.615838564027436,2141.6677,88.85333,28.085363,2.5660875,5.1081977,0.1357908,3.6047213,0,0
2015-02-01,grand_est,48.692102261081295,5.615838564027436,1150.1892,84.842255,65.425,1.8733206,5.354759,-1.0639795,3.2457829,0,0
2015-03-01,grand_est,48.692102261081295,5.615838564027436,1067.458,77.42622,123.19276,6.1237183,11.71257,1.245909,3.3502645,0,0
2015-04-01,grand_est,48.692102261081295,5.615838564027436,1388.74,68.09504,197.76558,10.227159,16.38576,3.9173098,2.8669212,0,0
2015-05-01,grand_est,48.692102261081295,5.615838564027436,1267.5161,75.14655,210.70415,13.292316,18.93611,7.7112727,2.8590796,0,0
2015-06-01,grand_est,48.692102261081295,5.615838564027436,853.2467,69.363686,252.1521,17.465334,23.710672,11.150843,2.777317,0,0
2015-07-01,grand_est,48.692102261081295,5.615838564027436,481.68387,61.635643,243.84763,21.180094,28.098846,14.487937,3.0107386,0,0
2015-08-01,grand_est,48.692102261081295,5.615838564027436,1610.4935,68.065155,200.78685,20.327768,26.961523,14.2546,2.6072552,0,0
2015-09-01,grand_est,48.692102261081295,5.615838564027436,1947.4734,77.402725,140.19914,13.444124,18.838043,9.125668,3.1778247,0,0
2015-10-01,grand_est,48.692102261081295,5.615838564027436,809.8419,86.32047,76.969215,9.547793,13.740075,6.202278,2.3841472,0,0
2015-11-01,grand_est,48.692102261081295,5.615838564027436,1902.5967,86.38286,44.110176,8.517177,11.9552555,5.428754,3.8481236,0,0
2015-12-01,grand_est,48.692102261081295,5.615838564027436,590.54193,87.52103,36.13492,7.4095755,10.8912735,4.3249655,3.1135612,0,0
2016-01-01,grand_est,48.692102261081295,5.615838564027436,2348.884,88.30161,34.39128,3.6092262,6.6147146,0.8149118,3.755654,0,0
2016-02-01,grand_est,48.692102261081295,5.615838564027436,2362.007,84.02579,54.168922,4.499164,7.5371847,1.9519783,4.582843,0,0
2016-03-01,grand_est,48.692102261081295,5.615838564027436,1718.029,79.71447,106.333115,4.9125805,9.259258,1.0597298,3.6300328,1,2
2016-04-01,grand_est,48.692102261081295,5.615838564027436,2058.4668,78.489655,155.45216,8.491202,13.562564,3.946233,2.9326534,1,2
2016-05-01,grand_est,48.692102261081295,5.615838564027436,2713.9417,78.338715,186.21803,13.273616,18.690891,8.306324,2.6562493,1,3
2016-06-01,grand_est,48.692102261081295,5.615838564027436,3027.2068,84.33095,185.81366,16.713781,21.691217,12.765256,2.5159757,1,3
2016-07-01,grand_est,48.692102261081295,5.615838564027436,1121.742,74.548325,225.66913,19.219854,25.20845,13.643962,2.2908912,1,3
2016-08-01,grand_est,48.692102261081295,5.615838564027436,591.6193,72.58417,211.72307,19.170805,25.821405,12.988727,2.2364707,1,3
2016-09-01,grand_est,48.692102261081295,5.615838564027436,867.5901,74.94245,151.35085,17.05304,23.693142,11.405755,2.0882819,1,3
2016-10-01,grand_est,48.692102261081295,5.615838564027436,1004.229,86.19553,85.08459,9.316888,14.143014,5.6023316,2.5087707,1,4
2016-11-01,grand_est,48.692102261081295,5.615838564027436,1710.9766,86.77353,40.090393,5.5501337,8.735125,2.847521,3.2623732,1,6
2016-12-01,grand_est,48.692102261081295,5.615838564027436,223.87743,89.19325,36.78188,1.8969542,5.698666,-1.0469979,2.168296,1,8
2017-01-01,grand_est,48.692102261081295,5.615838564027436,872.5097,85.6829,39.903275,-1.1406355,2.0462708,-4.0030084,2.8580763,1,11
2017-02-01,grand_est,48.692102261081295,5.615838564027436,1434.3894,85.443924,59.76131,5.2067604,8.9801235,2.1935434,3.5170245,1,12
2017-03-01,grand_est,48.692102261081295,5.615838564027436,1578.2516,77.33047,122.173225,8.616691,13.967567,3.8408384,3.5698044,1,14
2017-04-01,grand_est,48.692102261081295,5.615838564027436,389.19,69.91377,193.72548,8.439062,14.771827,2.2741036,2.568839,1,15
2017-05-01,grand_est,48.692102261081295,5.615838564027436,1170.8386,73.34893,228.58331,15.023021,21.145918,8.939919,2.5538156,1,21
2017-06-01,grand_est,48.692102261081295,5.615838564027436,1656.3767,69.01489,263.40543,19.112793,25.712708,12.631652,2.8444088,1,1
2017-07-01,grand_est,48.692102261081295,5.615838564027436,2063.7002,72.050835,213.0478,19.70633,25.407328,14.484916,2.8452435,1,1
2017-08-01,grand_est,48.692102261081295,5.615838564027436,1269.6259,75.45245,186.3691,18.72209,24.613487,13.590486,2.3019004,1,1
2017-09-01,grand_est,48.692102261081295,5.615838564027436,2246.95,81.95483,134.5593,13.342979,18.89788,8.937902,2.669463,1,5
2017-10-01,grand_est,48.692102261081295,5.615838564027436,904.75806,85.388565,87.18627,11.579861,16.630327,7.5440874,2.8161702,1,25
2017-11-01,grand_est,48.692102261081295,5.615838564027436,2566.6333,88.98939,38.62858,5.416498,8.629642,2.356666,3.0217226,1,60
2017-12-01,grand_est,48.692102261081295,5.615838564027436,2286.4485,89.3074,23.181446,3.5145745,5.854258,1.4299563,4.021003,1,60
2018-01-01,grand_est,48.692102261081295,5.615838564027436,3916.5615,88.79791,27.818047,5.9188232,8.395653,3.6896951,4.438565,1,60
2018-02-01,grand_est,48.692102261081295,5.615838564027436,879.11426,78.93137,75.16298,-0.14111626,3.0852234,-2.7710311,3.505923,1,60
2018-03-01,grand_est,48.692102261081295,5.615838564027436,1763.3678,81.17018,96.553314,4.8101745,9.036005,1.1581286,3.5153475,1,60
2018-04-01,grand_est,48.692102261081295,5.615838564027436,1052.79,70.38241,183.85406,12.592998,18.763721,6.741098,3.0612974,1,60
2018-05-01,grand_est,48.692102261081295,5.615838564027436,2110.042,73.94928,232.19476,15.593979,21.89463,9.500926,2.530995,1,60
2018-06-01,grand_est,48.692102261081295,5.615838564027436,1404.9302,74.16652,239.76282,18.45021,24.36826,12.595129,2.4031377,1,60
2018-07-01,grand_est,48.692102261081295,5.615838564027436,546.9936,60.897903,257.81644,21.739319,28.75798,14.566975,2.2892606,1,60
2018-08-01,grand_est,48.692102261081295,5.615838564027436,1188.0903,66.924095,217.28023,20.10733,26.917562,13.89636,2.444297,1,60
2018-09-01,grand_est,48.692102261081295,5.615838564027436,636.67004,69.93659,169.62524,15.751616,23.136772,9.238924,2.4353814,1,60
2018-10-01,grand_est,48.692102261081295,5.615838564027436,527.1129,78.48583,99.4443,11.573689,17.729666,6.4333515,2.8189447,1,60
2018-11-01,grand_est,48.692102261081295,5.615838564027436,1232.3567,86.166245,45.414787,6.667144,10.444033,3.5019865,3.0581584,1,60
2018-12-01,grand_est,48.692102261081295,5.615838564027436,2574.6453,88.98575,26.090378,4.6986303,7.0746493,2.2870784,3.8640397,1,60
2019-01-01,grand_est,48.692102261081295,5.615838564027436,1334.5709,88.82559,31.831072,1.5502623,3.8747005,-0.6281952,3.4701264,1,60
2019-02-01,grand_est,48.692102261081295,5.615838564027436,853.10364,75.9317,90.76885,5.1410046,11.374893,0.20109384,2.9199793,1,60
2019-03-01,grand_est,48.692102261081295,5.615838564027436,1742.7258,74.005035,124.89338,7.600754,12.500604,3.0301342,4.5598416,1,60
2019-04-01,grand_est,48.692102261081295,5.615838564027436,1236.5834,73.24916,177.2721,9.532484,15.324116,4.2931294,2.9492042,1,60
2019-05-01,grand_est,48.692102261081295,5.615838564027436,1664.8582,74.60666,205.68271,11.576101,17.16928,6.061444,2.8194642,1,60
2019-06-01,grand_est,48.692102261081295,5.615838564027436,1152.4567,69.82917,246.05563,19.203018,25.85696,12.522004,2.7389557,1,60
2019-07-01,grand_est,48.692102261081295,5.615838564027436,519.3258,60.105225,249.5595,20.482014,27.492872,13.295724,2.6757047,1,60
2019-08-01,grand_est,48.692102261081295,5.615838564027436,1127.2034,66.80055,211.15994,19.680748,26.611233,13.193731,2.4000657,1,60
2019-09-01,grand_est,48.692102261081295,5.615838564027436,1017.68335,71.02177,155.5904,15.125898,21.34085,9.665655,3.039715,1,60
2019-10-01,grand_est,48.692102261081295,5.615838564027436,2518.645,85.45909,70.429245,12.2139435,15.8987465,9.153374,3.5010502,1,60
2019-11-01,grand_est,48.692102261081295,5.615838564027436,2083.1301,90.06151,38.846645,5.8045797,8.975018,3.153695,3.4312787,1,60
2019-12-01,grand_est,48.692102261081295,5.615838564027436,2658.9548,87.33723,32.004005,5.011726,8.1977215,2.2703097,4.045808,1,60
2020-01-01,grand_est,48.692102261081295,5.615838564027436,984.4936,87.46345,40.494175,4.3993163,7.7028904,1.339855,3.5559764,1,60
2020-02-01,grand_est,48.692102261081295,5.615838564027436,3349.0205,81.43147,65.64558,6.653482,10.236689,3.6281044,5.5222073,1,60
2020-03-01,grand_est,48.692102261081295,5.615838564027436,1561.7806,72.15438,133.91035,6.7475424,11.578005,2.4708357,4.236997,1,60
2020-04-01,grand_est,48.692102261081295,5.615838564027436,487.05002,58.39112,229.93536,12.654839,20.11057,5.1798253,2.9234583,1,60
2020-05-01,grand_est,48.692102261081295,5.615838564027436,1325.929,66.4588,257.71942,13.869247,20.047058,7.0077267,2.9297006,1,60
2020-06-01,grand_est,48.692102261081295,5.615838564027436,1760.0801,73.84903,228.99403,16.825954,22.576485,11.148117,2.8383114,1,60
2020-07-01,grand_est,48.692102261081295,5.615838564027436,266.96774,61.51963,254.51453,19.473562,26.1894,12.330553,2.7889802,1,60
2020-08-01,grand_est,48.692102261081295,5.615838564027436,843.9935,64.115425,208.10672,21.00022,27.813213,14.843938,2.7450528,1,60
2020-09-01,grand_est,48.692102261081295,5.615838564027436,1325.9366,69.45234,157.54024,16.632824,23.444939,10.580447,2.6181717,1,60
2020-10-01,grand_est,48.692102261081295,5.615838564027436,2444.097,85.43887,64.829414,10.847477,14.11498,8.156166,3.8945336,1,60
2020-11-01,grand_est,48.692102261081295,5.615838564027436,588.9133,86.42864,55.675274,7.2019916,11.703071,3.781311,2.7557664,1,60
2020-12-01,grand_est,48.692102261081295,5.615838564027436,2268.7485,90.340744,24.492382,4.7154613,7.085854,2.3531559,3.6754766,1,60
2021-01-01,grand_est,48.692102261081295,5.615838564027436,2756.1128,89.0685,33.01385,2.1018147,4.4763403,-0.2209774,3.2096682,1,60
2021-02-01,grand_est,48.692102261081295,5.615838564027436,1279.4857,77.585464,79.491745,5.080828,9.312209,1.3508997,3.319511,1,60
2021-03-01,grand_est,48.692102261081295,5.615838564027436,1141.8419,72.60837,133.59174,6.080811,11.809027,0.9567089,3.0974324,1,60
2021-04-01,grand_est,48.692102261081295,5.615838564027436,666.3933,64.80612,205.5798,7.557652,13.739711,1.5370973,3.0432043,1,60
2021-05-01,grand_est,48.692102261081295,5.615838564027436,2381.1838,75.14413,200.09488,11.043949,16.221,6.303135,3.5792017,1,60
2021-06-01,grand_est,48.692102261081295,5.615838564027436,2258.3867,76.18454,234.81926,18.91328,24.662418,13.330336,2.4109128,1,60
2021-07-01,grand_est,48.692102261081295,5.615838564027436,3106.4485,78.23203,204.14697,18.089615,23.454256,13.237724,2.5926485,1,60
2021-08-01,grand_est,48.692102261081295,5.615838564027436,1249.3291,79.62112,179.09978,17.217657,22.557205,12.733771,2.4217873,1,60
2021-09-01,grand_est,48.692102261081295,5.615838564027436,937.78,79.56083,163.28194,16.064497,22.545122,10.628825,2.075461,1,60
2021-10-01,grand_est,48.692102261081295,5.615838564027436,1356.1614,84.414116,98.20886,10.261847,16.037561,5.618433,2.7267299,1,60
2021-11-01,grand_est,48.692102261081295,5.615838564027436,1027.0366,90.66814,41.193108,4.428941,7.585486,1.9053969,2.6291642,1,60
2021-12-01,grand_est,48.692102261081295,5.615838564027436,1848.4033,90.43497,25.529152,4.544326,7.210918,2.1414597,3.1587605,1,60
2022-01-01,grand_est,48.692102261081295,5.615838564027436,1307.8549,89.49441,36.058075,2.4340124,5.437092,-0.000684262,3.0396621,1,60
2022-02-01,grand_est,48.692102261081295,5.615838564027436,1494.6499,81.421486,72.19283,5.443533,9.335078,1.9484746,4.4264874,1,60
2022-03-01,grand_est,48.692102261081295,5.615838564027436,525.4258,65.06022,147.57117,7.3854313,13.839311,1.6234581,2.7611804,1,60
2022-04-01,grand_est,48.692102261081295,5.615838564027436,1339.2867,70.36841,188.93745,9.345821,14.953256,3.8287735,3.3056092,1,60
2022-05-01,grand_est,48.692102261081295,5.615838564027436,580.16455,67.85492,253.3807,15.676314,22.441254,8.787168,2.628234,1,60
2022-06-01,grand_est,48.692102261081295,5.615838564027436,2119.2568,70.24797,256.74905,18.924627,25.400341,12.589563,2.5680332,1,60
2022-07-01,grand_est,48.692102261081295,5.615838564027436,179.11613,58.178936,285.7492,20.822145,28.105673,12.816403,2.6163187,1,60
2022-08-01,grand_est,48.692102261081295,5.615838564027436,816.18066,59.913048,227.97699,21.47343,28.677687,14.299009,2.4489086,1,60
2022-09-01,grand_est,48.692102261081295,5.615838564027436,2185.0635,78.50789,141.9855,14.555655,20.470068,9.85127,2.5569308,1,60
2022-10-01,grand_est,48.692102261081295,5.615838564027436,1940.8389,84.75453,90.89885,14.145069,19.495115,9.975709,2.59438,1,60
2022-11-01,grand_est,48.692102261081295,5.615838564027436,1714.4268,89.02184,44.111507,8.160051,11.147168,5.42514,3.089129,1,60
2022-12-01,grand_est,48.692102261081295,5.615838564027436,1449.0032,88.30436,26.903131,3.6330285,6.2040234,1.1782702,3.2401986,1,60
2023-01-01,grand_est,48.692102261081295,5.615838564027436,1743.3582,87.68439,28.595644,4.343067,6.4259686,2.2963512,4.0225763,1,60
2023-02-01,grand_est,48.692102261081295,5.615838564027436,225.33928,80.414505,76.07504,4.3328366,8.884222,0.8732081,3.2028632,1,60
2023-03-01,grand_est,48.692102261081295,5.615838564027436,2393.2742,76.447784,107.22342,7.346456,11.760785,3.2974539,3.8592198,1,60
2023-04-01,grand_est,48.692102261081295,5.615838564027436,1588.9033,77.129,157.40953,8.729827,13.6488085,4.269407,3.244409,1,60
2023-05-01,grand_est,48.692102261081295,5.615838564027436,840.2936,72.575485,233.30394,14.285389,20.15466,8.5734215,2.9626315,1,60
2023-06-01,grand_est,48.692102261081295,5.615838564027436,996.4,60.282642,290.01038,20.18694,27.281395,12.616241,2.703421,1,60
2023-07-01,grand_est,48.692102261081295,5.615838564027436,1996.6097,68.52603,225.30359,19.341356,25.379135,13.592258,3.10908,1,60
2023-08-01,grand_est,48.692102261081295,5.615838564027436,2303.3708,78.806854,176.30864,18.954947,24.642029,14.286927,2.7028217,1,60
2023-09-01,grand_est,48.692102261081295,5.615838564027436,777.49335,75.05823,172.16243,18.47375,25.648006,12.482202,2.3687387,1,60
2023-10-01,grand_est,48.692102261081295,5.615838564027436,2835.5774,80.59587,91.43892,13.016758,18.552921,8.502832,3.026039,1,60
2023-11-01,grand_est,48.692102261081295,5.615838564027436,3206.7402,87.98345,36.061626,7.120802,9.935819,4.793892,4.1627765,1,60
2023-12-01,grand_est,48.692102261081295,5.615838564027436,2040.9613,88.42457,23.801989,5.603515,7.931786,3.4510171,3.8622916,1,60
2024-01-01,grand_est,48.692102261081295,5.615838564027436,1861.184,85.221954,37.996,2.7829058,6.0692697,-0.2634568,3.426432,0,0
2024-02-01,grand_est,48.692102261081295,5.615838564027436,2261.362,87.5451,52.20124,7.499412,10.465132,4.9834423,3.7129583,0,0
2024-03-01,grand_est,48.692102261081295,5.615838564027436,1950.458,81.74439,107.1928,8.556319,13.062058,4.6944985,3.1331902,0,0
2024-04-01,grand_est,48.692102261081295,5.615838564027436,1482.1034,76.32297,160.58757,10.267923,15.524185,5.6617355,3.4061615,0,0
2024-05-01,grand_est,48.692102261081295,5.615838564027436,3237.2192,81.36594,188.04556,14.177539,19.471382,9.725723,2.660893,0,0
2024-06-01,grand_est,48.692102261081295,5.615838564027436,2133.02,76.61359,222.49162,16.967316,22.534498,11.673187,2.6510072,0,0
2024-07-01,grand_est,48.692102261081295,5.615838564027436,2056.9226,75.45051,225.58345,19.28207,25.209177,13.816482,2.4783862,0,0
2024-08-01,grand_est,48.692102261081295,5.615838564027436,1572.3743,75.86591,226.9092,20.298761,26.788921,14.484232,2.2312741,1,1
2024-09-01,grand_est,48.692102261081295,5.615838564027436,2536.44,82.722206,131.59972,15.159504,20.00693,11.301593,3.0687213,1,212
2024-10-01,grand_est,48.692102261081295,5.615838564027436,1792.584,88.34374,76.8792,12.516185,16.794806,9.115184,2.5815926,1,217
2024-11-01,grand_est,48.692102261081295,5.615838564027436,1440.7599,88.31474,36.472946,6.3988333,9.376645,3.7368898,3.016487,1,217
2024-12-01,grand_est,48.692102261081295,5.615838564027436,1606.6807,89.53323,24.889973,3.457329,6.155216,1.0242032,3.1932502,1,217
2000-01-01,pays_de_la_loire,47.48295857280237,-0.811351994688478,258.52258,87.687355,41.302025,4.549611,7.5039415,2.1387866,3.1671257,0,0
2000-02-01,pays_de_la_loire,47.48295857280237,-0.811351994688478,1038.0449,87.010574,67.58701,7.5836806,11.210964,4.44092,3.749672,0,0
2000-03-01,pays_de_la_loire,47.48295857280237,-0.811351994688478,415.41937,79.20448,131.65085,7.608373,12.520941,3.27508,3.1481955,0,0
2000-04-01,pays_de_la_loire,47.48295857280237,-0.811351994688478,1072.9634,80.52521,152.87245,9.793047,14.445475,5.7266774,3.971361,0,0
2000-05-01,pays_de_la_loire,47.48295857280237,-0.811351994688478,1021.113,81.278984,198.62561,14.864862,19.499968,10.951175,3.1588802,0,0
2000-06-01,pays_de_la_loire,47.48295857280237,-0.811351994688478,336.5667,74.35193,241.0759,17.6759,23.202812,12.763261,2.970823,0,0
2000-07-01,pays_de_la_loire,47.48295857280237,-0.811351994688478,1126.9839,76.65713,214.767,17.425072,22.75549,12.577198,3.2833076,0,0
2000-08-01,pays_de_la_loire,47.48295857280237,-0.811351994688478,456.9,75.74984,207.95895,19.245111,25.402227,13.712263,2.6159668,0,0
2000-09-01,pays_de_la_loire,47.48295857280237,-0.811351994688478,1021.5667,80.323166,148.31226,16.625069,22.283884,11.879283,2.72033,0,0
2000-10-01,pays_de_la_loire,47.48295857280237,-0.811351994688478,1786.8582,86.67523,77.08851,11.952791,15.868082,8.569087,3.2937732,0,0
2000-11-01,pays_de_la_loire,47.48295857280237,-0.811351994688478,2081.1567,88.258965,46.77263,8.644902,12.156126,5.8517084,3.8418617,0,0
2000-12-01,pays_de_la_loire,47.48295857280237,-0.811351994688478,1400.6257,88.00933,33.69739,8.281008,11.243915,5.823914,4.1186676,0,0
2001-01-01,pays_de_la_loire,47.48295857280237,-0.811351994688478,1794.6902,88.50199,38.123352,6.041834,8.910908,3.362302,4.1899652,0,0
2001-02-01,pays_de_la_loire,47.48295857280237,-0.811351994688478,847.2322,85.52906,70.72317,6.1678743,9.923735,3.024729,3.809764,0,0
2001-03-01,pays_de_la_loire,47.48295857280237,-0.811351994688478,1760.8162,87.321175,88.82717,9.39586,12.971421,6.6580505,4.454871,0,0
2001-04-01,pays_de_la_loire,47.48295857280237,-0.811351994688478,1149.0801,80.49828,154.59369,9.457786,13.661653,5.827003,4.060372,0,0
2001-05-01,pays_de_la_loire,47.48295857280237,-0.811351994688478,338.42905,74.941895,227.54906,14.983869,20.430676,9.777944,3.1175747,0,0
2001-06-01,pays_de_la_loire,47.48295857280237,-0.811351994688478,350.65002,68.267,264.63724,17.309935,23.377316,11.026073,2.9479635,0,0
2001-07-01,pays_de_la_loire,47.48295857280237,-0.811351994688478,1420.2612,76.05043,222.34523,18.938677,24.568354,13.80346,2.971663,0,0
2001-08-01,pays_de_la_loire,47.48295857280237,-0.811351994688478,687.5322,77.51841,204.64458,19.50588,25.177866,14.420414,2.8900526,0,0
2001-09-01,pays_de_la_loire,47.48295857280237,-0.811351994688478,619.1233,80.948875,144.54576,14.372475,20.178831,9.330311,2.9977212,0,0
2001-10-01,pays_de_la_loire,47.48295857280237,-0.811351994688478,1120.5742,87.29284,90.75514,15.10305,19.53663,11.807675,3.2264607,0,0
2001-11-01,pays_de_la_loire,47.48295857280237,-0.811351994688478,426.46332,86.69039,56.73532,6.906708,10.794236,3.383108,3.1979964,0,0
2001-12-01,pays_de_la_loire,47.48295857280237,-0.811351994688478,538.08386,85.593636,42.30261,3.3888452,6.7482605,0.38160792,3.7341316,0,0
2002-01-01,pays_de_la_loire,47.48295857280237,-0.811351994688478,585.871,87.47982,45.22639,7.088661,10.122566,4.50193,4.0704885,0,0
2002-02-01,pays_de_la_loire,47.48295857280237,-0.811351994688478,1061.4965,83.42964,65.62417,8.2637615,11.532522,5.417434,5.2798214,0,0
2002-03-01,pays_de_la_loire,47.48295857280237,-0.811351994688478,789.45166,81.55305,125.19915,8.853342,13.546157,4.6595597,3.6667683,0,0
2002-04-01,pays_de_la_loire,47.48295857280237,-0.811351994688478,326.70667,73.4764,186.62747,10.652123,16.111366,5.66786,3.5632186,0,0
2002-05-01,pays_de_la_loire,47.48295857280237,-0.811351994688478,1002.5,77.880745,206.57364,13.320575,18.450405,8.711721,3.577153,0,0
2002-06-01,pays_de_la_loire,47.48295857280237,-0.811351994688478,349.31332,74.94048,231.76123,17.029226,22.678194,11.696828,3.13723,0,0
2002-07-01,pays_de_la_loire,47.48295857280237,-0.811351994688478,635.63226,73.4142,221.93782,17.941254,23.627838,12.558242,3.3063211,0,0
2002-08-01,pays_de_la_loire,47.48295857280237,-0.811351994688478,985.22266,79.87686,180.45654,17.974018,23.388609,13.310937,2.7197118,0,0
2002-09-01,pays_de_la_loire,47.48295857280237,-0.811351994688478,714.72003,75.31031,168.68385,15.569508,21.702953,10.077617,2.99283,0,0
2002-10-01,pays_de_la_loire,47.48295857280237,-0.811351994688478,1384.0,83.91087,90.04973,12.809277,17.248552,8.988648,3.3300066,0,0
2002-11-01,pays_de_la_loire,47.48295857280237,-0.811351994688478,1864.2634,89.7327,49.358723,9.838055,13.07623,7.2130065,3.6195178,0,0
2002-12-01,pays_de_la_loire,47.48295857280237,-0.811351994688478,1406.4387,89.692825,27.904732,8.033289,10.448032,5.8815856,4.1157103,0,0
2003-01-01,pays_de_la_loire,47.48295857280237,-0.811351994688478,943.9678,85.01601,47.785976,3.6143665,6.714305,0.78822666,4.157893,0,0
2003-02-01,pays_de_la_loire,47.48295857280237,-0.811351994688478,595.3357,81.06173,80.022026,4.8001556,8.727848,1.3721983,3.4343894,0,0
2003-03-01,pays_de_la_loire,47.48295857280237,-0.811351994688478,329.70648,72.58794,146.78163,10.327721,15.834562,5.4363813,3.4726117,0,0
2003-04-01,pays_de_la_loire,47.48295857280237,-0.811351994688478,383.53333,66.052635,197.3367,11.609847,17.28176,6.154679,3.7793653,0,0
2003-05-01,pays_de_la_loire,47.48295857280237,-0.811351994688478,713.1742,76.17243,213.40508,14.204854,19.469595,9.159358,3.1387675,0,0
2003-06-01,pays_de_la_loire,47.48295857280237,-0.811351994688478,587.16003,72.871475,255.04361,20.085085,26.366743,14.382743,2.806543,0,0
2003-07-01,pays_de_la_loire,47.48295857280237,-0.811351994688478,1023.3903,72.56278,242.74542,19.858578,25.6495,14.35726,2.8749475,0,0
2003-08-01,pays_de_la_loire,47.48295857280237,-0.811351994688478,162.28387,66.92191,225.43842,23.05785,30.310274,16.364237,2.4062803,0,0
2003-09-01,pays_de_la_loire,47.48295857280237,-0.811351994688478,490.19336,68.76607,172.04344,16.86876,23.741407,10.795822,2.6807165,0,0
2003-10-01,pays_de_la_loire,47.48295857280237,-0.811351994688478,1131.7549,82.88446,86.38944,10.460293,14.756636,6.8979316,3.1482098,0,0
2003-11-01,pays_de_la_loire,47.48295857280237,-0.811351994688478,1243.8767,89.15698,50.254917,9.494838,12.9532385,6.4420614,3.1942341,0,0
2003-12-01,pays_de_la_loire,47.48295857280237,-0.811351994688478,911.771,87.977615,36.501755,5.9084044,8.878941,3.1578205,3.810272,0,0
2004-01-01,pays_de_la_loire,47.48295857280237,-0.811351994688478,1733.1484,88.23167,37.556915,6.1869764,9.338797,3.3673232,4.2543154,0,0
2004-02-01,pays_de_la_loire,47.48295857280237,-0.811351994688478,267.82416,81.74291,85.699036,5.520671,9.946606,2.1091852,3.5512936,0,0
2004-03-01,pays_de_la_loire,47.48295857280237,-0.811351994688478,601.1355,79.46375,128.68953,6.868687,11.566429,2.7168717,3.7893257,0,0
2004-04-01,pays_de_la_loire,47.48295857280237,-0.811351994688478,724.6567,78.024895,182.28375,10.32127,15.454862,5.64779,3.690486,0,0
2004-05-01,pays_de_la_loire,47.48295857280237,-0.811351994688478,572.18713,73.73142,238.8565,13.889056,19.464869,8.440217,3.415041,0,0
2004-06-01,pays_de_la_loire,47.48295857280237,-0.811351994688478,181.49666,68.9642,265.3197,18.24694,24.399769,12.097153,3.1541173,0,0
2004-07-01,pays_de_la_loire,47.48295857280237,-0.811351994688478,528.35486,72.185585,225.13957,18.426395,24.279009,12.815725,3.0287313,0,0
2004-08-01,pays_de_la_loire,47.48295857280237,-0.811351994688478,947.56775,76.856735,185.96565,19.2347,24.567848,14.909951,3.2514622,0,0
2004-09-01,pays_de_la_loire,47.48295857280237,-0.811351994688478,297.12332,74.09725,162.42099,17.296923,23.04523,12.123385,3.1352434,0,0
2004-10-01,pays_de_la_loire,47.48295857280237,-0.811351994688478,1455.6871,85.11102,86.42303,12.714591,17.020792,9.3728,3.7270267,0,0
2004-11-01,pays_de_la_loire,47.48295857280237,-0.811351994688478,344.53668,88.91459,47.456043,8.35807,11.493967,5.5899625,2.6071856,0,0
2004-12-01,pays_de_la_loire,47.48295857280237,-0.811351994688478,547.00964,89.345276,35.048553,4.564602,7.638127,1.8958551,3.404602,0,0
2005-01-01,pays_de_la_loire,47.48295857280237,-0.811351994688478,542.09357,88.63892,42.443928,6.3567924,9.306156,3.6208105,3.9835021,0,0
2005-02-01,pays_de_la_loire,47.48295857280237,-0.811351994688478,242.91788,82.29496,75.66099,3.7712927,7.392611,0.9447039,3.7269132,0,0
2005-03-01,pays_de_la_loire,47.48295857280237,-0.811351994688478,413.8581,79.297066,123.57831,7.999632,13.01294,3.691214,3.083118,0,0
2005-04-01,pays_de_la_loire,47.48295857280237,-0.811351994688478,730.9167,80.86861,173.18169,10.59317,15.737052,5.9542947,3.3555984,0,0
2005-05-01,pays_de_la_loire,47.48295857280237,-0.811351994688478,606.571,76.59362,230.93082,13.860191,19.180445,8.919365,3.304246,0,0
2005-06-01,pays_de_la_loire,47.48295857280237,-0.811351994688478,340.26,69.85821,265.21503,19.357517,25.686243,13.255673,3.210729,0,0
2005-07-01,pays_de_la_loire,47.48295857280237,-0.811351994688478,487.49677,72.36876,225.42714,19.765425,25.784048,14.3236685,3.2907393,0,0
2005-08-01,pays_de_la_loire,47.48295857280237,-0.811351994688478,325.1419,66.54817,230.32007,18.701088,25.433708,12.229131,3.1577513,0,0
2005-09-01,pays_de_la_loire,47.48295857280237,-0.811351994688478,255.39334,74.48795,157.25864,17.026407,23.267338,11.686841,2.6594775,0,0
2005-10-01,pays_de_la_loire,47.48295857280237,-0.811351994688478,1261.642,81.71497,93.83771,15.500837,20.093952,11.865437,3.32396,0,0
2005-11-01,pays_de_la_loire,47.48295857280237,-0.811351994688478,730.2033,85.89773,61.10544,7.1851826,10.727356,4.1378613,3.3309646,0,0
2005-12-01,pays_de_la_loire,47.48295857280237,-0.811351994688478,668.1516,87.42789,39.893364,3.8772328,7.131856,0.94142157,3.4174352,0,0
2006-01-01,pays_de_la_loire,47.48295857280237,-0.811351994688478,461.9968,87.45101,44.119926,3.892141,6.7229786,1.5924059,3.131922,0,0
2006-02-01,pays_de_la_loire,47.48295857280237,-0.811351994688478,704.525,85.172676,62.831516,3.5664413,6.860989,0.8480653,3.688252,0,0
2006-03-01,pays_de_la_loire,47.48295857280237,-0.811351994688478,1390.1516,81.20587,110.86228,7.1003394,11.208193,3.7782097,4.679139,0,0
2006-04-01,pays_de_la_loire,47.48295857280237,-0.811351994688478,313.41,76.223976,186.33626,10.569577,15.5690155,5.9448886,3.3047445,0,0
2006-05-01,pays_de_la_loire,47.48295857280237,-0.811351994688478,769.4871,79.91627,207.91376,13.996717,19.060204,9.517299,3.5935483,0,0
2006-06-01,pays_de_la_loire,47.48295857280237,-0.811351994688478,160.39334,68.22094,266.7133,19.08024,25.269361,12.839835,2.9402652,0,0
2006-07-01,pays_de_la_loire,47.48295857280237,-0.811351994688478,538.2162,66.34279,256.99817,22.883005,29.555918,16.75266,2.9479089,0,0
2006-08-01,pays_de_la_loire,47.48295857280237,-0.811351994688478,599.1613,76.388245,189.5563,17.5094,23.181393,12.618288,3.2155383,0,0
2006-09-01,pays_de_la_loire,47.48295857280237,-0.811351994688478,1335.4133,79.715614,150.75078,18.451616,24.10342,14.092806,3.017468,0,0
2006-10-01,pays_de_la_loire,47.48295857280237,-0.811351994688478,1159.842,86.85246,86.02055,14.920448,18.860796,11.889486,3.293612,0,0
2006-11-01,pays_de_la_loire,47.48295857280237,-0.811351994688478,1052.86,87.402504,59.79309,9.692299,13.917053,6.080855,3.4914432,0,0
2006-12-01,pays_de_la_loire,47.48295857280237,-0.811351994688478,1259.2258,89.4214,35.362694,5.617562,8.81813,2.742868,3.6548772,0,0
2007-01-01,pays_de_la_loire,47.48295857280237,-0.811351994688478,657.0742,88.82573,38.68193,7.7633314,10.334127,5.3079348,4.232855,0,0
2007-02-01,pays_de_la_loire,47.48295857280237,-0.811351994688478,1374.9607,85.10786,70.435974,8.642095,12.012758,5.767833,4.4592476,0,0
2007-03-01,pays_de_la_loire,47.48295857280237,-0.811351994688478,1013.03876,82.46636,124.2849,7.835116,12.609561,3.7655313,3.7960885,0,0
2007-04-01,pays_de_la_loire,47.48295857280237,-0.811351994688478,373.33667,72.54448,220.77538,14.202745,20.710726,8.162207,3.0371044,0,0
2007-05-01,pays_de_la_loire,47.48295857280237,-0.811351994688478,1218.729,82.94008,186.22061,14.332391,18.806452,10.818355,4.073174,0,0
2007-06-01,pays_de_la_loire,47.48295857280237,-0.811351994688478,1116.67,81.465256,209.6532,16.994019,21.95453,12.882397,3.4424653,0,0
2007-07-01,pays_de_la_loire,47.48295857280237,-0.811351994688478,1255.6968,79.74286,218.92511,17.321733,22.065996,13.385142,3.5548794,0,0
2007-08-01,pays_de_la_loire,47.48295857280237,-0.811351994688478,753.89685,78.60195,191.04353,17.356329,22.467155,12.746016,3.2643132,0,0
2007-09-01,pays_de_la_loire,47.48295857280237,-0.811351994688478,209.49667,78.51467,168.83308,14.602678,20.99266,9.097134,2.6565378,0,0
2007-10-01,pays_de_la_loire,47.48295857280237,-0.811351994688478,337.13226,83.42709,96.44969,11.700289,16.543503,7.88327,2.5726457,0,0
2007-11-01,pays_de_la_loire,47.48295857280237,-0.811351994688478,648.7734,86.043816,56.07133,7.403596,11.487518,3.628658,2.7188911,0,0
2007-12-01,pays_de_la_loire,47.48295857280237,-0.811351994688478,754.2388,86.05959,43.87456,4.7855144,8.557917,1.841215,3.9044664,1,10
2008-01-01,pays_de_la_loire,47.48295857280237,-0.811351994688478,1236.3291,88.288216,42.39044,6.971185,10.403213,4.0487404,3.904795,1,13
2008-02-01,pays_de_la_loire,47.48295857280237,-0.811351994688478,693.1483,83.4883,90.098,7.1014843,11.973273,3.1397784,3.444137,1,15
2008-03-01,pays_de_la_loire,47.48295857280237,-0.811351994688478,1063.1838,82.168625,108.433815,7.619189,11.356525,4.36278,4.793558,1,15
2008-04-01,pays_de_la_loire,47.48295857280237,-0.811351994688478,998.69,78.82448,178.1354,9.573407,14.473424,5.292097,3.5090408,1,15
2008-05-01,pays_de_la_loire,47.48295857280237,-0.811351994688478,1127.4291,78.30822,219.68544,15.576618,21.16855,10.438049,2.4993982,1,15
2008-06-01,pays_de_la_loire,47.48295857280237,-0.811351994688478,368.58667,75.2138,250.30934,16.905699,22.420097,11.568719,2.7754316,0,0
2008-07-01,pays_de_la_loire,47.48295857280237,-0.811351994688478,667.6,73.61965,238.0041,18.074251,24.044594,12.652432,3.0887394,0,0
2008-08-01,pays_de_la_loire,47.48295857280237,-0.811351994688478,659.7484,80.0305,186.39236,17.767088,22.87353,13.587235,3.3458245,0,0
2008-09-01,pays_de_la_loire,47.48295857280237,-0.811351994688478,580.5733,78.31677,159.1525,14.0905905,19.743675,9.411285,3.2318523,0,0
2008-10-01,pays_de_la_loire,47.48295857280237,-0.811351994688478,971.1194,85.61672,93.46515,11.020833,16.011887,7.016893,2.7133384,0,0
2008-11-01,pays_de_la_loire,47.48295857280237,-0.811351994688478,926.38336,90.136925,41.63126,8.412878,11.274586,6.012063,3.3967857,0,0
2008-12-01,pays_de_la_loire,47.48295857280237,-0.811351994688478,520.9387,87.70461,40.017384,4.130447,7.36561,1.4659643,3.3517215,0,0
2009-01-01,pays_de_la_loire,47.48295857280237,-0.811351994688478,1142.9646,87.09669,47.08825,2.8273525,6.2045746,-0.10438577,3.9078414,0,0
2009-02-01,pays_de_la_loire,47.48295857280237,-0.811351994688478,351.95715,83.57579,82.15452,4.902585,9.235742,1.1864868,3.2221537,0,0
2009-03-01,pays_de_la_loire,47.48295857280237,-0.811351994688478,416.5968,76.90472,148.37022,7.9185853,13.223994,2.9374835,3.5644932,0,0
2009-04-01,pays_de_la_loire,47.48295857280237,-0.811351994688478,905.6133,82.08896,171.1208,10.768671,15.948757,6.1050234,2.8980207,0,0
2009-05-01,pays_de_la_loire,47.48295857280237,-0.811351994688478,686.7871,78.55287,221.13448,14.510183,19.994682,9.545524,3.097848,0,0
2009-06-01,pays_de_la_loire,47.48295857280237,-0.811351994688478,667.62335,72.84126,261.68866,17.71752,23.463583,11.873303,2.9292555,0,0
2009-07-01,pays_de_la_loire,47.48295857280237,-0.811351994688478,490.50323,73.91695,237.64114,18.3256,24.134558,12.940688,3.0761323,0,0
2009-08-01,pays_de_la_loire,47.48295857280237,-0.811351994688478,184.47418,70.52364,219.74136,19.423346,26.329876,13.1224,2.5891106,0,0
2009-09-01,pays_de_la_loire,47.48295857280237,-0.811351994688478,421.01,74.43093,163.90053,16.665571,23.044796,11.50276,3.2396882,0,0
2009-10-01,pays_de_la_loire,47.48295857280237,-0.811351994688478,588.0968,83.51689,95.76383,12.758093,18.120888,8.55072,2.5469077,0,0
2009-11-01,pays_de_la_loire,47.48295857280237,-0.811351994688478,1793.2799,87.84556,47.507942,10.534702,13.424967,7.8829947,4.586189,0,0
2009-12-01,pays_de_la_loire,47.48295857280237,-0.811351994688478,1482.0063,88.7038,36.61115,4.9457955,8.139167,1.861505,3.5877879,0,0
2010-01-01,pays_de_la_loire,47.48295857280237,-0.811351994688478,633.9613,86.96122,43.310295,1.9178245,5.222895,-0.69529414,3.0866914,0,0
2010-02-01,pays_de_la_loire,47.48295857280237,-0.811351994688478,960.77856,82.89734,76.80995,4.405218,8.240908,1.277523,4.2769213,0,0
2010-03-01,pays_de_la_loire,47.48295857280237,-0.811351994688478,809.8807,74.68171,134.74403,7.2028813,11.926819,3.337047,4.2227974,0,0
2010-04-01,pays_de_la_loire,47.48295857280237,-0.811351994688478,246.03,69.70122,221.14421,11.307357,17.377285,5.4623265,3.6002963,0,0
2010-05-01,pays_de_la_loire,47.48295857280237,-0.811351994688478,444.7742,72.640465,216.54655,13.052061,18.217964,8.060802,3.3683846,0,0
2010-06-01,pays_de_la_loire,47.48295857280237,-0.811351994688478,655.06,72.13488,245.75984,18.079567,23.83227,12.5032835,2.9526784,0,0
2010-07-01,pays_de_la_loire,47.48295857280237,-0.811351994688478,184.38712,67.56458,253.06361,20.363125,26.880182,14.136203,2.8462534,0,0
2010-08-01,pays_de_la_loire,47.48295857280237,-0.811351994688478,431.70325,74.98827,196.14967,18.019247,23.877594,12.88739,2.99524,0,0
2010-09-01,pays_de_la_loire,47.48295857280237,-0.811351994688478,644.12,73.835,168.77591,15.491762,21.980879,9.877994,2.5888693,0,0
2010-10-01,pays_de_la_loire,47.48295857280237,-0.811351994688478,964.83545,81.60004,94.64674,11.9095335,16.571651,7.977796,3.2397518,0,0
2010-11-01,pays_de_la_loire,47.48295857280237,-0.811351994688478,1304.9501,89.750145,44.676167,7.3424344,10.568232,4.6930575,3.413733,0,0
2010-12-01,pays_de_la_loire,47.48295857280237,-0.811351994688478,1063.7225,87.74454,35.609642,1.9788008,4.8377495,-0.6687464,3.2937021,0,0
2011-01-01,pays_de_la_loire,47.48295857280237,-0.811351994688478,723.7065,87.45735,41.471416,5.00782,7.9611797,2.6008782,3.784649,0,0
2011-02-01,pays_de_la_loire,47.48295857280237,-0.811351994688478,655.6072,88.09852,66.12037,7.2625766,11.069194,4.2390647,3.119381,0,0
2011-03-01,pays_de_la_loire,47.48295857280237,-0.811351994688478,272.3742,76.63634,131.69464,8.907019,13.999881,4.368053,3.4777977,0,0
2011-04-01,pays_de_la_loire,47.48295857280237,-0.811351994688478,159.99667,69.58454,220.84593,13.855179,20.460068,7.6163335,2.7607496,0,0
2011-05-01,pays_de_la_loire,47.48295857280237,-0.811351994688478,203.77742,67.17343,259.64374,15.240617,21.611074,9.037379,2.8070087,0,0
2011-06-01,pays_de_la_loire,47.48295857280237,-0.811351994688478,619.81995,70.4042,230.85242,16.957727,22.350958,11.853698,3.5148246,0,0
2011-07-01,pays_de_la_loire,47.48295857280237,-0.811351994688478,760.18713,71.3485,219.83102,17.4446,22.863855,12.262481,3.3084362,0,0
2011-08-01,pays_de_la_loire,47.48295857280237,-0.811351994688478,1134.8743,78.00998,194.26134,18.228699,23.639687,13.619172,2.7952356,0,0
2011-09-01,pays_de_la_loire,47.48295857280237,-0.811351994688478,492.4167,79.3981,154.85915,17.214836,22.969954,12.372485,2.8255622,0,0
2011-10-01,pays_de_la_loire,47.48295857280237,-0.811351994688478,350.74518,81.58727,97.34648,13.303569,18.539816,9.076765,2.7209134,0,0
2011-11-01,pays_de_la_loire,47.48295857280237,-0.811351994688478,413.9267,88.10569,53.23627,11.1340065,14.989505,8.120796,2.8603625,0,0
2011-12-01,pays_de_la_loire,47.48295857280237,-0.811351994688478,1677.4353,88.56282,33.689037,8.157813,11.196773,5.106514,4.164836,0,0
2012-01-01,pays_de_la_loire,47.48295857280237,-0.811351994688478,508.0097,86.86511,42.19355,6.5145473,9.329134,3.991705,3.415701,0,0
2012-02-01,pays_de_la_loire,47.48295857280237,-0.811351994688478,139.81035,78.99443,91.64695,2.2061737,6.4220634,-1.5540879,2.7195945,0,0
2012-03-01,pays_de_la_loire,47.48295857280237,-0.811351994688478,276.4839,75.96319,145.50235,9.882842,15.713646,4.5092025,3.1155765,0,0
2012-04-01,pays_de_la_loire,47.48295857280237,-0.811351994688478,1566.0635,77.903725,166.53749,8.905351,13.7531395,4.707012,4.21126,0,0
2012-05-01,pays_de_la_loire,47.48295857280237,-0.811351994688478,745.63873,75.98907,225.15945,14.514961,19.746162,9.520799,3.253082,0,0
2012-06-01,pays_de_la_loire,47.48295857280237,-0.811351994688478,884.72003,79.54505,209.27599,16.432556,21.146593,12.420554,3.6017365,0,0
2012-07-01,pays_de_la_loire,47.48295857280237,-0.811351994688478,888.55804,75.09269,228.4491,17.650532,23.024864,12.608235,2.9639,0,0
2012-08-01,pays_de_la_loire,47.48295857280237,-0.811351994688478,251.78711,71.51365,221.42378,19.451468,25.638872,13.87242,3.1495302,0,0
2012-09-01,pays_de_la_loire,47.48295857280237,-0.811351994688478,708.71,75.368965,160.86926,15.242622,21.549015,9.866644,2.8229387,0,0
2012-10-01,pays_de_la_loire,47.48295857280237,-0.811351994688478,2260.9966,87.70648,75.91367,12.72927,16.228447,9.910086,3.048418,0,0
2012-11-01,pays_de_la_loire,47.48295857280237,-0.811351994688478,667.5,87.22752,54.50242,7.9562216,11.687358,5.1327443,3.083868,0,0
2012-12-01,pays_de_la_loire,47.48295857280237,-0.811351994688478,1667.7355,87.27216,36.137806,7.334281,10.4829645,4.537984,4.238766,0,0
2013-01-01,pays_de_la_loire,47.48295857280237,-0.811351994688478,901.00323,89.48322,34.70926,5.062364,7.5503273,2.7598512,3.2109165,0,0
2013-02-01,pays_de_la_loire,47.48295857280237,-0.811351994688478,806.8607,82.846085,73.759995,4.03471,7.499264,1.2382263,3.9850137,0,0
2013-03-01,pays_de_la_loire,47.48295857280237,-0.811351994688478,965.5323,80.3222,112.12284,6.104502,10.143722,2.8811724,3.7134707,0,0
2013-04-01,pays_de_la_loire,47.48295857280237,-0.811351994688478,691.5334,74.56314,183.98412,9.538835,14.425087,4.92658,3.8958006,0,0
2013-05-01,pays_de_la_loire,47.48295857280237,-0.811351994688478,1003.68066,78.23386,193.28656,11.715838,16.33349,7.5677342,3.270443,0,0
2013-06-01,pays_de_la_loire,47.48295857280237,-0.811351994688478,617.71,77.53972,218.5134,16.053778,21.109447,11.480674,3.2591727,0,0
2013-07-01,pays_de_la_loire,47.48295857280237,-0.811351994688478,677.21295,70.84709,262.30844,21.429926,27.664736,15.682536,3.1817722,0,0
2013-08-01,pays_de_la_loire,47.48295857280237,-0.811351994688478,183.03871,69.65545,229.20969,18.93358,25.576582,12.809656,2.647894,0,0
2013-09-01,pays_de_la_loire,47.48295857280237,-0.811351994688478,650.05334,76.615425,151.25371,16.659225,22.523361,11.597734,2.7200277,0,0
2013-10-01,pays_de_la_loire,47.48295857280237,-0.811351994688478,1196.7517,84.71484,86.26609,14.1910925,18.48772,10.8210535,3.1361356,0,0
2013-11-01,pays_de_la_loire,47.48295857280237,-0.811351994688478,1306.8767,86.01258,46.72677,7.9571238,11.105833,5.1013484,3.7696018,0,0
2013-12-01,pays_de_la_loire,47.48295857280237,-0.811351994688478,1201.9581,87.6941,43.91551,6.015445,10.045873,2.5003676,3.5199876,0,0
2014-01-01,pays_de_la_loire,47.48295857280237,-0.811351994688478,1649.6387,89.19931,39.22263,7.513464,10.488337,4.7398744,3.9741318,0,0
2014-02-01,pays_de_la_loire,47.48295857280237,-0.811351994688478,1722.4323,83.0679,77.24815,7.650611,11.203183,4.627705,5.1163297,0,0
2014-03-01,pays_de_la_loire,47.48295857280237,-0.811351994688478,479.90326,76.606026,148.12862,8.951888,14.772797,3.9015026,2.9984148,0,0
2014-04-01,pays_de_la_loire,47.48295857280237,-0.811351994688478,672.8633,76.41227,184.14932,11.551022,16.9249,6.7983437,3.0954647,0,0
2014-05-01,pays_de_la_loire,47.48295857280237,-0.811351994688478,934.2097,77.46721,218.54347,13.252919,18.303795,8.604586,3.413586,0,0
2014-06-01,pays_de_la_loire,47.48295857280237,-0.811351994688478,602.51666,70.37211,265.7721,17.82915,23.478645,12.155211,3.050265,0,0
2014-07-01,pays_de_la_loire,47.48295857280237,-0.811351994688478,904.071,74.7781,232.05525,19.642168,25.473072,14.384088,2.8572414,0,0
2014-08-01,pays_de_la_loire,47.48295857280237,-0.811351994688478,1381.0549,79.323906,195.59929,17.01454,22.084814,12.548641,2.7639115,0,0
2014-09-01,pays_de_la_loire,47.48295857280237,-0.811351994688478,108.87334,75.126396,183.51357,17.808193,24.2551,12.10012,2.3777978,0,0
2014-10-01,pays_de_la_loire,47.48295857280237,-0.811351994688478,777.071,84.8915,96.47953,14.048878,19.430166,10.031906,2.5268636,0,0
2014-11-01,pays_de_la_loire,47.48295857280237,-0.811351994688478,1250.4901,88.53143,51.57755,10.513838,14.052653,7.754689,3.1328046,0,0
2014-12-01,pays_de_la_loire,47.48295857280237,-0.811351994688478,627.0709,87.22991,31.694048,6.110109,9.134804,3.4300635,3.1691477,0,0
2015-01-01,pays_de_la_loire,47.48295857280237,-0.811351994688478,900.9967,88.03354,41.353085,5.6609936,8.975772,2.523977,3.66828,0,0
2015-02-01,pays_de_la_loire,47.48295857280237,-0.811351994688478,883.53577,82.94354,78.654884,4.5103464,8.702939,1.1273454,3.8576572,0,0
2015-03-01,pays_de_la_loire,47.48295857280237,-0.811351994688478,370.39676,80.2331,115.83486,8.143387,12.747067,4.2267084,3.6581151,0,0
2015-04-01,pays_de_la_loire,47.48295857280237,-0.811351994688478,677.48,70.79391,197.12012,12.286771,17.944893,6.917167,3.2680075,0,0
2015-05-01,pays_de_la_loire,47.48295857280237,-0.811351994688478,812.6774,78.98581,216.92001,13.773272,18.844616,9.110287,3.1896932,0,0
2015-06-01,pays_de_la_loire,47.48295857280237,-0.811351994688478,462.46002,68.81499,277.2231,17.98857,23.968245,11.918535,3.145253,0,0
2015-07-01,pays_de_la_loire,47.48295857280237,-0.811351994688478,375.66455,70.22669,231.91092,19.472824,25.627666,14.162876,3.2390838,0,0
2015-08-01,pays_de_la_loire,47.48295857280237,-0.811351994688478,1187.6646,72.994225,198.1851,19.313574,25.365915,13.831085,2.7378414,0,0
2015-09-01,pays_de_la_loire,47.48295857280237,-0.811351994688478,891.86,76.433014,165.9145,14.583558,19.989851,9.973289,3.1565309,0,0
2015-10-01,pays_de_la_loire,47.48295857280237,-0.811351994688478,518.66125,83.04315,94.2009,11.754167,16.387552,7.9376884,2.8779917,0,0
2015-11-01,pays_de_la_loire,47.48295857280237,-0.811351994688478,815.22003,86.925476,53.408546,11.724271,15.0789585,8.678449,3.550438,0,0
2015-12-01,pays_de_la_loire,47.48295857280237,-0.811351994688478,472.89032,87.071045,40.87339,9.566858,12.787772,6.767258,3.3931904,0,0
2016-01-01,pays_de_la_loire,47.48295857280237,-0.811351994688478,1554.6484,87.97094,40.090755,6.769709,9.8644285,4.151626,3.9663186,0,0
2016-02-01,pays_de_la_loire,47.48295857280237,-0.811351994688478,1108.0,82.17164,74.62926,6.7266774,10.26531,3.6911657,4.447499,0,0
2016-03-01,pays_de_la_loire,47.48295857280237,-0.811351994688478,1121.1677,78.66263,128.07756,7.145169,11.470106,3.3829508,4.2373786,0,0
2016-04-01,pays_de_la_loire,47.48295857280237,-0.811351994688478,542.30334,77.256256,176.72177,9.196439,14.549251,4.2657313,3.183593,0,0
2016-05-01,pays_de_la_loire,47.48295857280237,-0.811351994688478,1106.6871,77.266655,200.47928,14.027321,19.07838,9.10803,2.9454427,0,0
2016-06-01,pays_de_la_loire,47.48295857280237,-0.811351994688478,852.53,82.51028,189.7817,16.928051,21.292746,13.148898,2.8567488,0,0
2016-07-01,pays_de_la_loire,47.48295857280237,-0.811351994688478,111.84515,72.435356,243.5635,19.281624,25.22127,13.632378,2.7148318,0,0
2016-08-01,pays_de_la_loire,47.48295857280237,-0.811351994688478,177.20322,68.316345,231.57079,20.196926,27.271797,13.668593,2.7707856,0,0
2016-09-01,pays_de_la_loire,47.48295857280237,-0.811351994688478,483.7367,76.12837,155.23117,18.083279,24.231943,13.131242,2.332202,0,0
2016-10-01,pays_de_la_loire,47.48295857280237,-0.811351994688478,297.62582,81.269,101.95136,11.20476,16.364561,6.9044843,2.7316093,0,0
2016-11-01,pays_de_la_loire,47.48295857280237,-0.811351994688478,915.4667,85.117615,54.40501,8.304863,12.06241,5.1823087,3.5574749,0,0
2016-12-01,pays_de_la_loire,47.48295857280237,-0.811351994688478,218.90643,88.69095,43.235165,5.1860814,9.278779,1.9908751,2.4169881,1,8
2017-01-01,pays_de_la_loire,47.48295857280237,-0.811351994688478,440.63873,83.74113,50.00234,3.131994,7.045118,-0.121599525,2.9061658,1,12
2017-02-01,pays_de_la_loire,47.48295857280237,-0.811351994688478,845.4679,84.54894,71.18477,7.288708,11.390855,3.9605308,3.7871695,1,12
2017-03-01,pays_de_la_loire,47.48295857280237,-0.811351994688478,732.5581,81.480354,118.34021,10.149332,14.592566,6.2823076,3.6210454,1,12
2017-04-01,pays_de_la_loire,47.48295857280237,-0.811351994688478,203.46667,69.84661,217.62021,10.363518,16.702154,4.057269,2.9860482,1,12
2017-05-01,pays_de_la_loire,47.48295857280237,-0.811351994688478,828.5549,75.43186,224.28497,15.618954,21.423267,10.303385,3.0880938,1,12
2017-06-01,pays_de_la_loire,47.48295857280237,-0.811351994688478,596.25665,69.89071,261.8063,19.48162,25.684216,13.494981,2.9991777,1,48
2017-07-01,pays_de_la_loire,47.48295857280237,-0.811351994688478,490.50967,72.84998,216.0021,19.811617,25.461279,14.797472,3.249973,1,48
2017-08-01,pays_de_la_loire,47.48295857280237,-0.811351994688478,591.79675,73.36168,203.60881,19.104572,25.017572,13.959012,2.681592,1,48
2017-09-01,pays_de_la_loire,47.48295857280237,-0.811351994688478,997.30334,82.11474,145.5329,14.851203,20.121778,10.647054,2.7721012,1,49
2017-10-01,pays_de_la_loire,47.48295857280237,-0.811351994688478,314.64514,85.201485,96.22197,13.941105,18.682238,10.11852,2.63352,1,51
2017-11-01,pays_de_la_loire,47.48295857280237,-0.811351994688478,540.7467,86.40479,58.35976,7.9681654,12.177348,4.33606,2.838509,1,56
2017-12-01,pays_de_la_loire,47.48295857280237,-0.811351994688478,1127.5259,88.31168,32.879494,6.2278795,9.733364,3.1435218,3.6653469,1,56
2018-01-01,pays_de_la_loire,47.48295857280237,-0.811351994688478,1324.8743,89.24781,33.58633,8.319673,10.848134,5.8704085,4.5276566,1,57
2018-02-01,pays_de_la_loire,47.48295857280237,-0.811351994688478,688.4143,80.09464,85.88313,3.1123824,6.89645,0.117204815,3.8595345,1,57
2018-03-01,pays_de_la_loire,47.48295857280237,-0.811351994688478,1274.2806,83.05409,106.53168,7.4228926,11.636336,4.139111,4.1521893,1,57
2018-04-01,pays_de_la_loire,47.48295857280237,-0.811351994688478,809.95667,78.2376,170.01581,12.464334,17.4571,7.921598,2.9098048,1,57
2018-05-01,pays_de_la_loire,47.48295857280237,-0.811351994688478,570.7936,74.565254,236.62988,15.327571,21.355083,9.650358,2.8615298,1,57
2018-06-01,pays_de_la_loire,47.48295857280237,-0.811351994688478,1347.8401,73.93348,240.32669,19.098207,24.379913,14.114657,2.8510149,1,57
2018-07-01,pays_de_la_loire,47.48295857280237,-0.811351994688478,563.0806,68.9029,259.80295,21.549866,27.692282,15.827653,2.4869194,1,57
2018-08-01,pays_de_la_loire,47.48295857280237,-0.811351994688478,484.30325,70.618126,220.14809,20.07189,26.605417,14.052553,2.5006175,1,57
2018-09-01,pays_de_la_loire,47.48295857280237,-0.811351994688478,130.42334,69.110306,178.02065,17.02297,23.926975,10.757681,2.9070766,1,57
2018-10-01,pays_de_la_loire,47.48295857280237,-0.811351994688478,517.68713,79.63084,106.53066,12.933818,18.56767,8.454948,3.0672038,1,57
2018-11-01,pays_de_la_loire,47.48295857280237,-0.811351994688478,1437.7866,87.4779,56.05509,8.314795,12.124709,5.379309,3.3143566,1,57
2018-12-01,pays_de_la_loire,47.48295857280237,-0.811351994688478,1188.942,89.68079,31.12193,7.897986,10.403054,5.553161,3.7093573,1,57
2019-01-01,pays_de_la_loire,47.48295857280237,-0.811351994688478,542.0322,85.28844,38.624687,4.9674273,8.013238,2.3632417,2.9811847,1,57
2019-02-01,pays_de_la_loire,47.48295857280237,-0.811351994688478,545.8251,80.60857,95.70049,7.369557,12.74025,2.876496,3.102004,1,57
2019-03-01,pays_de_la_loire,47.48295857280237,-0.811351994688478,688.79034,77.652824,136.53015,9.358161,13.960682,5.110918,4.273775,1,57
2019-04-01,pays_de_la_loire,47.48295857280237,-0.811351994688478,601.75,73.35858,191.35016,10.874077,16.374107,5.748339,3.1766388,1,57
2019-05-01,pays_de_la_loire,47.48295857280237,-0.811351994688478,442.56454,72.76389,216.43054,13.237522,18.62473,8.018976,3.0652854,1,57
2019-06-01,pays_de_la_loire,47.48295857280237,-0.811351994688478,728.10333,73.892555,239.54489,18.23905,24.10312,12.907286,3.058848,1,57
2019-07-01,pays_de_la_loire,47.48295857280237,-0.811351994688478,236.15805,61.9984,269.2035,21.518358,28.305376,14.730685,3.08179,1,57
2019-08-01,pays_de_la_loire,47.48295857280237,-0.811351994688478,553.35486,71.88998,215.46005,19.550238,25.814653,13.7510195,2.7965279,1,57
2019-09-01,pays_de_la_loire,47.48295857280237,-0.811351994688478,662.86005,72.55227,163.29216,16.88455,22.812515,11.698834,3.563491,1,57
2019-10-01,pays_de_la_loire,47.48295857280237,-0.811351994688478,1482.0161,87.395775,76.46732,13.570563,17.232101,10.864164,3.4071076,1,57
2019-11-01,pays_de_la_loire,47.48295857280237,-0.811351994688478,1994.2,89.7738,48.09335,8.103849,11.2337675,5.509832,3.4479215,1,57
2019-12-01,pays_de_la_loire,47.48295857280237,-0.811351994688478,1361.5452,87.95022,37.62544,7.519115,10.62832,4.862806,4.0457573,1,57
2020-01-01,pays_de_la_loire,47.48295857280237,-0.811351994688478,986.0097,87.28099,46.165134,7.381736,10.409866,4.6003904,3.9557498,1,57
2020-02-01,pays_de_la_loire,47.48295857280237,-0.811351994688478,1019.89655,84.029594,72.70278,9.009629,12.357994,6.1214857,5.2821097,1,57
2020-03-01,pays_de_la_loire,47.48295857280237,-0.811351994688478,959.4129,76.34906,134.97945,8.798271,13.307449,4.8819013,4.2686057,1,57
2020-04-01,pays_de_la_loire,47.48295857280237,-0.811351994688478,598.74005,71.12026,204.15785,13.869267,19.887075,8.379411,3.0053167,1,57
2020-05-01,pays_de_la_loire,47.48295857280237,-0.811351994688478,520.7516,66.782394,270.08206,16.122383,21.89737,10.131187,3.4083996,1,57
2020-06-01,pays_de_la_loire,47.48295857280237,-0.811351994688478,1054.93,74.978,228.12177,16.972454,22.113697,12.216134,3.1843116,1,57
2020-07-01,pays_de_la_loire,47.48295857280237,-0.811351994688478,85.20967,65.66449,258.4365,19.501547,25.848158,13.046295,3.1312635,1,57
2020-08-01,pays_de_la_loire,47.48295857280237,-0.811351994688478,656.6903,72.42833,208.44743,20.236012,26.644835,14.783828,2.7751415,1,57
2020-09-01,pays_de_la_loire,47.48295857280237,-0.811351994688478,706.0367,72.95346,162.96762,17.701591,24.109703,12.336166,2.764746,1,57
2020-10-01,pays_de_la_loire,47.48295857280237,-0.811351994688478,1344.8389,85.20861,79.93072,12.1353,16.008472,9.060404,3.680173,1,57
2020-11-01,pays_de_la_loire,47.48295857280237,-0.811351994688478,414.1067,86.52495,63.29284,9.862429,14.389572,6.3017983,2.9347088,1,57
2020-12-01,pays_de_la_loire,47.48295857280237,-0.811351994688478,1661.9161,89.42993,35.810127,7.117558,10.0682535,4.380552,3.9655907,1,57
2021-01-01,pays_de_la_loire,47.48295857280237,-0.811351994688478,1046.3774,88.79727,40.99181,4.763438,7.847184,2.0342243,3.4385266,1,57
2021-02-01,pays_de_la_loire,47.48295857280237,-0.811351994688478,650.45715,81.69708,77.87851,7.0857186,10.496444,4.250014,3.9795985,1,57
2021-03-01,pays_de_la_loire,47.48295857280237,-0.811351994688478,256.5645,75.38272,151.0478,8.084487,13.753011,2.9065416,3.5417626,1,57
2021-04-01,pays_de_la_loire,47.48295857280237,-0.811351994688478,216.97668,63.511227,221.29793,9.841712,16.07474,3.7002778,3.51513,1,57
2021-05-01,pays_de_la_loire,47.48295857280237,-0.811351994688478,1121.371,75.14069,225.80319,12.684074,17.699635,8.038632,3.7018375,1,57
2021-06-01,pays_de_la_loire,47.48295857280237,-0.811351994688478,1258.6233,76.975945,236.15182,18.40957,23.861082,13.234254,2.8073332,1,57
2021-07-01,pays_de_la_loire,47.48295857280237,-0.811351994688478,713.2065,76.31944,228.00635,18.88582,24.073067,14.280828,3.3841186,1,57
2021-08-01,pays_de_la_loire,47.48295857280237,-0.811351994688478,383.29352,77.14199,195.75781,17.800797,23.146399,13.234332,3.1987305,1,57
2021-09-01,pays_de_la_loire,47.48295857280237,-0.811351994688478,379.00998,76.42014,167.71011,17.940653,24.134438,12.980891,2.8219576,1,57
2021-10-01,pays_de_la_loire,47.48295857280237,-0.811351994688478,1262.3806,83.9369,109.01796,12.45063,17.984594,7.9014745,3.0377235,1,57
2021-11-01,pays_de_la_loire,47.48295857280237,-0.811351994688478,454.95334,87.24895,58.530914,6.6200666,10.998334,3.097519,2.7933774,1,57
2021-12-01,pays_de_la_loire,47.48295857280237,-0.811351994688478,1080.371,89.53518,34.694386,7.1543703,9.955357,4.4887013,3.7327034,1,57
2022-01-01,pays_de_la_loire,47.48295857280237,-0.811351994688478,521.81616,88.65551,41.29743,5.09847,7.7608776,2.7943766,2.8233411,1,57
2022-02-01,pays_de_la_loire,47.48295857280237,-0.811351994688478,375.69644,84.0968,80.72271,7.577619,11.793015,3.7597492,3.9923463,1,57
2022-03-01,pays_de_la_loire,47.48295857280237,-0.811351994688478,363.43225,73.09257,132.18367,9.726636,14.613161,5.5433407,3.5288079,1,57
2022-04-01,pays_de_la_loire,47.48295857280237,-0.811351994688478,537.7267,73.90101,189.00975,11.334518,17.035725,5.9851,3.550816,1,57
2022-05-01,pays_de_la_loire,47.48295857280237,-0.811351994688478,438.12256,69.76939,250.35173,16.270851,22.615358,10.099307,2.896765,1,57
2022-06-01,pays_de_la_loire,47.48295857280237,-0.811351994688478,848.8467,70.39371,258.39197,18.940369,25.083668,13.167744,3.2024384,1,57
2022-07-01,pays_de_la_loire,47.48295857280237,-0.811351994688478,100.5129,58.54098,289.24295,21.87818,29.019724,14.454987,3.3226855,1,57
2022-08-01,pays_de_la_loire,47.48295857280237,-0.811351994688478,410.1968,63.098537,226.87086,22.15873,28.999302,15.973544,3.1788135,1,57
2022-09-01,pays_de_la_loire,47.48295857280237,-0.811351994688478,727.79333,75.11429,156.95224,16.639519,22.597155,11.821939,3.1262984,1,57
2022-10-01,pays_de_la_loire,47.48295857280237,-0.811351994688478,609.63226,84.07466,93.554245,15.867179,20.657467,12.1382675,3.2007923,1,57
2022-11-01,pays_de_la_loire,47.48295857280237,-0.811351994688478,1300.5333,87.53881,56.415115,10.28924,14.416778,7.0342956,3.595609,1,57
2022-12-01,pays_de_la_loire,47.48295857280237,-0.811351994688478,950.2484,87.98528,32.526573,5.674586,8.445965,3.1400893,3.6440554,1,57
2023-01-01,pays_de_la_loire,47.48295857280237,-0.811351994688478,956.8097,87.14807,37.738674,6.399422,9.018367,3.9999254,3.8898964,1,57
2023-02-01,pays_de_la_loire,47.48295857280237,-0.811351994688478,170.26428,79.85045,87.12047,6.134989,10.786897,2.5884554,3.1393669,1,57
2023-03-01,pays_de_la_loire,47.48295857280237,-0.811351994688478,1204.2097,80.1981,113.39989,9.266634,13.591545,5.697922,4.322648,1,57
2023-04-01,pays_de_la_loire,47.48295857280237,-0.811351994688478,657.81335,78.2023,182.71175,10.83412,15.777371,6.2521443,3.5216537,1,57
2023-05-01,pays_de_la_loire,47.48295857280237,-0.811351994688478,498.8452,72.92441,244.56792,15.274328,21.015188,9.998418,3.5506072,1,57
2023-06-01,pays_de_la_loire,47.48295857280237,-0.811351994688478,595.03,67.65269,272.16345,20.737385,27.034817,14.626949,3.158822,1,57
2023-07-01,pays_de_la_loire,47.48295857280237,-0.811351994688478,677.4419,72.88349,231.7782,19.168547,24.89904,13.893389,3.7079535,1,57
2023-08-01,pays_de_la_loire,47.48295857280237,-0.811351994688478,608.3258,76.63067,196.14331,19.51543,25.112911,14.807363,3.2324677,1,57
2023-09-01,pays_de_la_loire,47.48295857280237,-0.811351994688478,896.9934,76.31084,162.54915,19.808538,26.185501,14.703167,2.8421814,1,57
2023-10-01,pays_de_la_loire,47.48295857280237,-0.811351994688478,1789.5452,80.11746,100.252045,14.8431635,20.351643,10.470371,3.378702,1,57
2023-11-01,pays_de_la_loire,47.48295857280237,-0.811351994688478,1545.4501,86.93598,50.980053,9.902257,13.348538,7.0017633,3.899688,1,57
2023-12-01,pays_de_la_loire,47.48295857280237,-0.811351994688478,1064.2549,88.27362,32.21369,8.231743,11.028009,5.7624893,3.8667517,1,57
2024-01-01,pays_de_la_loire,47.48295857280237,-0.811351994688478,986.3129,86.215164,44.7457,5.644928,9.037826,2.8177855,3.764806,0,0
2024-02-01,pays_de_la_loire,47.48295857280237,-0.811351994688478,1318.2827,87.940704,54.71145,9.387458,12.2627,6.946266,4.108497,0,0
2024-03-01,pays_de_la_loire,47.48295857280237,-0.811351994688478,1091.7677,83.96768,120.46699,9.277184,13.894755,5.5185447,3.6265004,0,0
2024-04-01,pays_de_la_loire,47.48295857280237,-0.811351994688478,807.7567,78.03258,179.99672,11.407997,16.39732,6.868462,3.66198,0,0
2024-05-01,pays_de_la_loire,47.48295857280237,-0.811351994688478,1386.5549,81.50418,199.14967,14.348478,19.09784,10.38985,3.028638,0,0
2024-06-01,pays_de_la_loire,47.48295857280237,-0.811351994688478,839.9034,75.24869,241.7569,17.124187,22.549007,11.911742,3.1567314,0,0
2024-07-01,pays_de_la_loire,47.48295857280237,-0.811351994688478,545.629,76.954544,230.02815,19.213102,24.755285,14.352605,3.0456676,0,0
2024-08-01,pays_de_la_loire,47.48295857280237,-0.811351994688478,562.14514,77.50399,210.39119,19.457447,25.371777,14.068167,2.8842278,0,0
2024-09-01,pays_de_la_loire,47.48295857280237,-0.811351994688478,1226.5566,82.83192,134.2033,15.236397,20.065742,11.399298,3.2335079,0,0
2024-10-01,pays_de_la_loire,47.48295857280237,-0.811351994688478,1432.7097,89.5068,83.81966,13.608405,17.589512,10.522973,2.919118,1,2
2024-11-01,pays_de_la_loire,47.48295857280237,-0.811351994688478,744.95,88.712746,45.18851,9.234745,12.300222,6.6292706,3.2776732,1,5
2024-12-01,pays_de_la_loire,47.48295857280237,-0.811351994688478,469.01288,87.66152,31.567274,6.9070544,9.414081,4.255888,3.530446,1,6
2000-01-01,bretagne,48.18768850875058,-2.848587287847305,302.5032,87.0798,39.85679,5.456844,8.169232,3.192733,3.6029031,0,0
2000-02-01,bretagne,48.18768850875058,-2.848587287847305,948.2862,87.53127,61.407177,8.071902,11.032188,5.462609,4.5233097,0,0
2000-03-01,bretagne,48.18768850875058,-2.848587287847305,473.9355,82.61037,120.20194,7.4311404,11.650782,3.8373318,3.4024959,0,0
2000-04-01,bretagne,48.18768850875058,-2.848587287847305,1233.3267,83.843025,147.96718,8.733309,12.762946,5.108841,4.336006,0,0
2000-05-01,bretagne,48.18768850875058,-2.848587287847305,1090.3806,85.928535,183.87256,13.266071,17.308008,10.099514,3.5040057,0,0
2000-06-01,bretagne,48.18768850875058,-2.848587287847305,258.84003,79.213295,236.1197,16.071928,21.06265,11.864747,3.1670008,0,0
2000-07-01,bretagne,48.18768850875058,-2.848587287847305,979.11615,81.6965,209.79327,16.36531,20.93982,12.5098715,3.3982856,0,0
2000-08-01,bretagne,48.18768850875058,-2.848587287847305,360.22583,82.388214,191.57845,17.577858,22.741114,13.448968,2.8621933,0,0
2000-09-01,bretagne,48.18768850875058,-2.848587287847305,741.68665,83.80885,140.58536,15.937105,20.8694,12.090096,3.2357683,0,0
2000-10-01,bretagne,48.18768850875058,-2.848587287847305,1464.2548,87.00129,74.05533,11.524302,14.950372,8.523071,3.9891455,0,0
2000-11-01,bretagne,48.18768850875058,-2.848587287847305,2035.5266,87.80586,47.168835,8.602348,11.872557,5.8023105,4.5058913,0,0
2000-12-01,bretagne,48.18768850875058,-2.848587287847305,1803.3839,88.78299,30.953161,8.250159,10.947828,5.9287205,4.898785,0,0
2001-01-01,bretagne,48.18768850875058,-2.848587287847305,1974.329,88.65892,38.17557,6.046219,9.000427,3.3679194,4.348069,0,0
2001-02-01,bretagne,48.18768850875058,-2.848587287847305,983.34644,86.57776,70.727776,6.592551,10.03072,3.686803,4.170975,0,0
2001-03-01,bretagne,48.18768850875058,-2.848587287847305,1851.5646,88.22317,89.61929,8.770936,11.992479,6.407491,4.751257,0,0
2001-04-01,bretagne,48.18768850875058,-2.848587287847305,1104.51,81.31159,155.34581,9.129765,12.86114,6.106991,4.4002323,0,0
2001-05-01,bretagne,48.18768850875058,-2.848587287847305,365.12903,79.94097,226.97942,13.189958,18.143198,8.753674,3.3669631,0,0
2001-06-01,bretagne,48.18768850875058,-2.848587287847305,297.19333,75.97192,257.27667,15.620386,20.927443,10.62023,3.1868777,0,0
2001-07-01,bretagne,48.18768850875058,-2.848587287847305,761.0581,79.874756,224.17506,17.507526,22.739029,13.025465,3.0848112,0,0
2001-08-01,bretagne,48.18768850875058,-2.848587287847305,506.41934,82.42202,193.532,18.035233,23.32931,13.851309,3.1939466,0,0
2001-09-01,bretagne,48.18768850875058,-2.848587287847305,537.05334,82.97506,143.42157,14.331939,19.098309,10.385711,3.4495385,0,0
2001-10-01,bretagne,48.18768850875058,-2.848587287847305,990.56775,88.9381,87.41746,14.40733,18.205578,11.510744,3.8779862,0,0
2001-11-01,bretagne,48.18768850875058,-2.848587287847305,500.37665,86.57808,53.613003,7.955901,11.494459,4.515925,3.3843837,0,0
2001-12-01,bretagne,48.18768850875058,-2.848587287847305,559.1968,84.12975,41.31599,4.4519696,7.7476735,1.4842384,3.6757522,0,0
2002-01-01,bretagne,48.18768850875058,-2.848587287847305,745.6129,88.78444,40.498554,7.415862,10.187861,4.886882,4.667429,0,0
2002-02-01,bretagne,48.18768850875058,-2.848587287847305,1186.7537,84.88044,63.154026,8.635722,11.374326,6.140084,6.276115,0,0
2002-03-01,bretagne,48.18768850875058,-2.848587287847305,635.8517,84.478065,119.484474,9.024473,13.078205,5.494542,3.9051633,0,0
2002-04-01,bretagne,48.18768850875058,-2.848587287847305,386.19003,77.726906,184.6355,9.919284,14.768842,5.8729615,4.052847,0,0
2002-05-01,bretagne,48.18768850875058,-2.848587287847305,975.08386,80.85104,210.03278,12.426971,16.992054,8.513596,4.1033616,0,0
2002-06-01,bretagne,48.18768850875058,-2.848587287847305,576.0234,81.323944,224.06448,14.989671,19.620935,11.114871,3.493953,0,0
2002-07-01,bretagne,48.18768850875058,-2.848587287847305,653.43225,81.41478,213.81393,16.418264,21.257544,12.519683,3.4549978,0,0
2002-08-01,bretagne,48.18768850875058,-2.848587287847305,551.9355,83.78346,184.87196,16.774738,21.74849,12.863212,2.887846,0,0
2002-09-01,bretagne,48.18768850875058,-2.848587287847305,326.87665,78.68577,165.5707,15.328925,21.077778,10.497589,2.9791677,0,0
2002-10-01,bretagne,48.18768850875058,-2.848587287847305,1447.5033,85.80473,86.53131,12.349774,16.409082,9.0166855,3.58184,0,0
2002-11-01,bretagne,48.18768850875058,-2.848587287847305,1847.2733,89.10685,45.953354,10.19354,13.235225,7.9194818,4.3048882,0,0
2002-12-01,bretagne,48.18768850875058,-2.848587287847305,1369.6517,89.17656,26.351841,8.098843,10.315933,6.1505604,4.4387794,0,0
2003-01-01,bretagne,48.18768850875058,-2.848587287847305,1049.042,82.93483,45.36313,4.8680024,7.8506637,2.2006521,4.6141806,0,0
2003-02-01,bretagne,48.18768850875058,-2.848587287847305,824.9607,83.33204,73.60792,5.513149,8.993997,2.524249,3.9126794,0,0
2003-03-01,bretagne,48.18768850875058,-2.848587287847305,347.06775,77.49128,136.4591,9.686356,14.638057,5.8002167,3.8373837,0,0
2003-04-01,bretagne,48.18768850875058,-2.848587287847305,308.98666,70.82786,190.93262,10.884782,16.166002,6.1144857,4.059831,0,0
2003-05-01,bretagne,48.18768850875058,-2.848587287847305,644.85803,79.76263,211.2913,12.818426,17.348415,8.759631,3.5376177,0,0
2003-06-01,bretagne,48.18768850875058,-2.848587287847305,398.49667,76.77406,246.76865,17.552353,23.28466,12.739304,3.1850214,0,0
2003-07-01,bretagne,48.18768850875058,-2.848587287847305,530.8903,76.85249,225.80725,18.322636,23.507383,13.794632,3.2725205,0,0
2003-08-01,bretagne,48.18768850875058,-2.848587287847305,111.47097,76.25219,214.31288,20.503233,27.218054,15.1173525,2.471945,0,0
2003-09-01,bretagne,48.18768850875058,-2.848587287847305,405.24667,74.01089,164.63489,16.049309,22.352087,10.737684,2.7732396,0,0
2003-10-01,bretagne,48.18768850875058,-2.848587287847305,962.82263,83.470245,84.77669,10.712135,14.688975,7.5006914,3.1805792,0,0
2003-11-01,bretagne,48.18768850875058,-2.848587287847305,1496.7367,89.241104,47.64221,9.905845,12.931329,7.163677,3.6500273,0,0
2003-12-01,bretagne,48.18768850875058,-2.848587287847305,813.8613,86.74192,33.696396,6.6153703,9.540302,4.0995173,4.1167865,0,0
2004-01-01,bretagne,48.18768850875058,-2.848587287847305,1735.9839,87.58267,36.40188,7.169959,9.746598,4.608013,4.569691,0,0
2004-02-01,bretagne,48.18768850875058,-2.848587287847305,375.58618,83.30528,77.35583,5.86111,9.506614,3.1180909,3.8775547,0,0
2004-03-01,bretagne,48.18768850875058,-2.848587287847305,643.8194,82.53353,120.14821,6.731741,11.048252,2.9913044,4.000596,0,0
2004-04-01,bretagne,48.18768850875058,-2.848587287847305,810.79,82.03511,175.01157,9.54758,14.123186,5.467196,3.847046,0,0
2004-05-01,bretagne,48.18768850875058,-2.848587287847305,551.1581,78.573006,232.28914,12.800568,17.984417,7.947215,3.3772166,0,0
2004-06-01,bretagne,48.18768850875058,-2.848587287847305,235.35002,77.00387,255.27039,16.4964,21.829401,11.558058,3.1777136,0,0
2004-07-01,bretagne,48.18768850875058,-2.848587287847305,982.1936,80.981995,212.54889,16.569477,21.48758,12.389662,3.0062566,0,0
2004-08-01,bretagne,48.18768850875058,-2.848587287847305,1236.7194,82.60724,181.47328,17.758165,22.5084,14.217006,3.465277,0,0
2004-09-01,bretagne,48.18768850875058,-2.848587287847305,332.6067,81.80167,154.31972,16.014593,20.911926,11.975594,3.3735821,0,0
2004-10-01,bretagne,48.18768850875058,-2.848587287847305,1602.2129,86.51879,82.42035,12.211175,15.962144,9.2681055,4.1799893,0,0
2004-11-01,bretagne,48.18768850875058,-2.848587287847305,388.32333,87.61089,43.05232,9.24369,12.04602,6.8899584,2.7707458,0,0
2004-12-01,bretagne,48.18768850875058,-2.848587287847305,561.4226,88.69236,33.146114,5.769042,8.700048,3.086061,3.3110678,0,0
2005-01-01,bretagne,48.18768850875058,-2.848587287847305,623.5258,87.54447,37.247677,7.4606175,9.777699,5.105246,4.5307436,0,0
2005-02-01,bretagne,48.18768850875058,-2.848587287847305,437.37857,83.447044,69.376274,4.469636,7.657681,1.9134706,3.6973724,0,0
2005-03-01,bretagne,48.18768850875058,-2.848587287847305,375.50967,81.27856,114.24798,8.164607,12.697849,4.574113,3.3488536,0,0
2005-04-01,bretagne,48.18768850875058,-2.848587287847305,845.3433,84.30849,163.39246,9.885668,14.18594,6.1651254,3.6997755,0,0
2005-05-01,bretagne,48.18768850875058,-2.848587287847305,519.0355,79.830505,217.09706,12.702475,17.295382,8.698035,3.5677683,0,0
2005-06-01,bretagne,48.18768850875058,-2.848587287847305,305.99335,77.2229,248.89877,17.33249,22.805143,12.450041,3.2601452,0,0
2005-07-01,bretagne,48.18768850875058,-2.848587287847305,705.64197,78.92277,218.18286,18.052744,23.099552,13.737512,3.4812853,0,0
2005-08-01,bretagne,48.18768850875058,-2.848587287847305,368.2774,77.52708,224.154,17.040644,22.87119,11.689776,3.0078232,0,0
2005-09-01,bretagne,48.18768850875058,-2.848587287847305,378.2067,81.68548,151.60638,15.973216,21.290117,11.510432,2.70498,0,0
2005-10-01,bretagne,48.18768850875058,-2.848587287847305,1073.5354,86.92049,86.7792,14.493621,18.4377,11.401099,3.4559107,0,0
2005-11-01,bretagne,48.18768850875058,-2.848587287847305,1022.93335,84.88384,56.756554,7.846072,11.426206,4.625014,3.5241187,0,0
2005-12-01,bretagne,48.18768850875058,-2.848587287847305,981.33545,88.20497,35.327274,4.9014997,8.02496,2.147669,3.2344143,0,0
2006-01-01,bretagne,48.18768850875058,-2.848587287847305,376.87097,88.54348,42.97553,4.4629126,7.305753,1.9469049,3.2189476,0,0
2006-02-01,bretagne,48.18768850875058,-2.848587287847305,884.20355,84.74898,61.459415,4.1995444,7.234783,1.7319139,3.757333,0,0
2006-03-01,bretagne,48.18768850875058,-2.848587287847305,1395.2064,83.33192,103.48307,6.8270707,10.47581,3.932189,4.901785,0,0
2006-04-01,bretagne,48.18768850875058,-2.848587287847305,399.58002,81.51245,174.20082,9.634105,13.957678,5.8392444,3.3624778,0,0
2006-05-01,bretagne,48.18768850875058,-2.848587287847305,586.14197,83.296486,200.63647,12.915112,17.414398,9.294992,3.813761,0,0
2006-06-01,bretagne,48.18768850875058,-2.848587287847305,110.17334,74.842316,261.68533,17.011095,22.62851,11.793282,2.965892,0,0
2006-07-01,bretagne,48.18768850875058,-2.848587287847305,446.1258,75.53005,252.97144,20.285025,26.29627,15.170926,2.8792553,0,0
2006-08-01,bretagne,48.18768850875058,-2.848587287847305,504.1,80.85773,186.45232,16.69735,21.738401,12.805537,3.2279425,0,0
2006-09-01,bretagne,48.18768850875058,-2.848587287847305,850.9533,84.01878,144.00394,17.406284,22.367176,13.700121,3.2658322,0,0
2006-10-01,bretagne,48.18768850875058,-2.848587287847305,1073.7001,87.80527,82.24687,14.695566,18.358774,11.793034,3.600129,0,0
2006-11-01,bretagne,48.18768850875058,-2.848587287847305,1082.1001,86.770355,58.015686,9.982665,13.704124,6.5430565,3.8804045,0,0
2006-12-01,bretagne,48.18768850875058,-2.848587287847305,1643.242,87.85098,32.65864,7.146607,9.996846,4.373162,4.2092175,0,0
2007-01-01,bretagne,48.18768850875058,-2.848587287847305,783.8064,87.45865,34.870167,8.264091,10.651029,5.8141317,4.525181,0,0
2007-02-01,bretagne,48.18768850875058,-2.848587287847305,1495.2465,86.23404,66.75011,8.691752,11.710717,6.0154514,4.80422,0,0
2007-03-01,bretagne,48.18768850875058,-2.848587287847305,919.8452,83.53911,119.017975,7.841204,12.135385,4.1926465,4.0635505,0,0
2007-04-01,bretagne,48.18768850875058,-2.848587287847305,398.45337,79.475395,209.56801,12.524022,18.365252,7.6195383,2.9865525,0,0
2007-05-01,bretagne,48.18768850875058,-2.848587287847305,1189.3097,84.34702,188.32347,13.159193,17.11774,9.981028,4.2403913,0,0
2007-06-01,bretagne,48.18768850875058,-2.848587287847305,1231.9734,85.709,199.2388,15.550102,19.8195,12.262553,3.581202,0,0
2007-07-01,bretagne,48.18768850875058,-2.848587287847305,939.3323,84.03579,212.11475,16.204105,20.357746,13.03024,3.8437834,0,0
2007-08-01,bretagne,48.18768850875058,-2.848587287847305,656.54193,82.24372,191.50774,16.319368,20.96218,12.191875,3.4337463,0,0
2007-09-01,bretagne,48.18768850875058,-2.848587287847305,381.52002,83.088196,161.6613,14.240526,19.534132,9.762061,2.7169185,0,0
2007-10-01,bretagne,48.18768850875058,-2.848587287847305,194.54517,86.10091,93.288025,11.478857,16.076933,7.7826605,2.4048831,0,0
2007-11-01,bretagne,48.18768850875058,-2.848587287847305,622.19,86.328415,49.743755,8.458589,11.991433,5.130737,2.7631066,0,0
2007-12-01,bretagne,48.18768850875058,-2.848587287847305,802.2161,85.739136,40.44822,5.7680616,9.150693,2.8943443,4.14127,1,1
2008-01-01,bretagne,48.18768850875058,-2.848587287847305,1395.487,87.9067,39.043644,7.6762047,10.656318,4.9150853,4.308738,1,1
2008-02-01,bretagne,48.18768850875058,-2.848587287847305,675.11383,84.913506,82.40835,7.1952043,11.88288,3.397153,3.3867733,1,1
2008-03-01,bretagne,48.18768850875058,-2.848587287847305,1101.0161,82.39408,106.78028,7.7864,11.051943,4.891954,4.9884167,1,1
2008-04-01,bretagne,48.18768850875058,-2.848587287847305,812.0367,79.94241,183.29091,9.182411,13.974256,5.256236,3.5452783,1,1
2008-05-01,bretagne,48.18768850875058,-2.848587287847305,1211.042,82.256355,213.1405,14.485868,19.490072,10.21889,2.6122963,1,1
2008-06-01,bretagne,48.18768850875058,-2.848587287847305,320.60666,78.28113,248.55696,15.445829,20.327969,10.976332,2.9867907,0,0
2008-07-01,bretagne,48.18768850875058,-2.848587287847305,649.71936,79.378716,223.57904,16.751038,21.71842,12.525363,3.4766965,0,0
2008-08-01,bretagne,48.18768850875058,-2.848587287847305,673.7064,83.49093,170.12674,16.66335,20.822569,13.503875,3.6269186,0,0
2008-09-01,bretagne,48.18768850875058,-2.848587287847305,760.86334,81.80783,149.97948,13.736201,18.661194,9.587585,3.4004126,0,0
2008-10-01,bretagne,48.18768850875058,-2.848587287847305,878.18066,86.18999,89.831924,10.981836,15.3653345,7.5527964,3.1576564,0,0
2008-11-01,bretagne,48.18768850875058,-2.848587287847305,1191.9634,89.12405,39.366463,8.964483,11.504549,6.7021675,3.6861837,0,0
2008-12-01,bretagne,48.18768850875058,-2.848587287847305,675.4032,86.890015,40.156296,4.806683,7.921459,1.9278746,3.3497493,0,0
2009-01-01,bretagne,48.18768850875058,-2.848587287847305,1337.1064,87.07714,44.580643,4.0825424,7.2415624,1.2582701,4.0193543,0,0
2009-02-01,bretagne,48.18768850875058,-2.848587287847305,633.1286,86.35368,73.14463,5.1403837,9.014412,1.9118919,3.1087346,0,0
2009-03-01,bretagne,48.18768850875058,-2.848587287847305,510.35162,80.37018,140.704,7.7757382,12.716227,3.3674731,3.5804965,0,0
2009-04-01,bretagne,48.18768850875058,-2.848587287847305,940.9867,84.40392,172.24036,9.777732,14.540081,5.7757998,3.2067459,0,0
2009-05-01,bretagne,48.18768850875058,-2.848587287847305,549.0549,81.475784,223.0782,13.056506,17.81064,8.906591,3.3420956,0,0
2009-06-01,bretagne,48.18768850875058,-2.848587287847305,606.52,78.31103,254.54387,16.3098,21.55958,11.404462,2.7557876,0,0
2009-07-01,bretagne,48.18768850875058,-2.848587287847305,785.3387,81.02884,223.35255,16.826096,21.472107,12.98545,3.571177,0,0
2009-08-01,bretagne,48.18768850875058,-2.848587287847305,404.771,82.35064,197.30139,17.019724,22.274332,12.684965,2.7857661,0,0
2009-09-01,bretagne,48.18768850875058,-2.848587287847305,282.07,82.53817,156.38647,15.244154,20.569857,11.224545,3.3745503,0,0
2009-10-01,bretagne,48.18768850875058,-2.848587287847305,712.3291,86.50647,84.953156,13.000963,17.343178,9.542264,2.8000903,0,0
2009-11-01,bretagne,48.18768850875058,-2.848587287847305,2104.04,87.57425,44.970276,10.54206,13.108001,8.236279,5.3064976,0,0
2009-12-01,bretagne,48.18768850875058,-2.848587287847305,1316.658,88.447815,35.333664,5.5858107,8.586172,2.8426335,3.573852,0,0
2010-01-01,bretagne,48.18768850875058,-2.848587287847305,659.9678,87.216034,43.743534,3.008497,6.2051334,0.49336967,3.172088,0,0
2010-02-01,bretagne,48.18768850875058,-2.848587287847305,1449.8857,86.03661,72.61112,4.973734,8.492218,2.037353,4.2138834,0,0
2010-03-01,bretagne,48.18768850875058,-2.848587287847305,558.5548,79.15864,125.90492,6.9307365,11.150963,3.585292,4.485332,0,0
2010-04-01,bretagne,48.18768850875058,-2.848587287847305,267.89667,75.9585,218.20197,10.209614,15.947718,5.166834,3.7247386,0,0
2010-05-01,bretagne,48.18768850875058,-2.848587287847305,457.53226,77.97412,215.61131,12.066269,16.843393,7.6203547,3.2057915,0,0
2010-06-01,bretagne,48.18768850875058,-2.848587287847305,429.02,77.10452,256.3164,16.190594,21.553509,11.207592,3.1419978,0,0
2010-07-01,bretagne,48.18768850875058,-2.848587287847305,387.26453,77.55969,243.11755,18.153719,23.870823,13.356564,3.0967114,0,0
2010-08-01,bretagne,48.18768850875058,-2.848587287847305,582.0355,82.77733,177.983,16.64794,21.385279,12.644835,3.2201552,0,0
2010-09-01,bretagne,48.18768850875058,-2.848587287847305,586.8,80.948944,158.6834,14.675076,20.388151,9.945317,2.6602397,0,0
2010-10-01,bretagne,48.18768850875058,-2.848587287847305,1230.913,84.881836,87.33756,12.203205,16.239538,8.92751,3.391833,0,0
2010-11-01,bretagne,48.18768850875058,-2.848587287847305,1628.7134,89.1144,49.018166,7.6401105,10.803261,5.0059977,3.4466472,0,0
2010-12-01,bretagne,48.18768850875058,-2.848587287847305,819.14844,86.84326,34.90013,2.8994179,5.83006,0.22674523,3.0482817,0,0
2011-01-01,bretagne,48.18768850875058,-2.848587287847305,629.00323,87.42454,40.83012,5.894523,8.48045,3.501519,4.053139,0,0
2011-02-01,bretagne,48.18768850875058,-2.848587287847305,814.0179,88.5196,61.58171,8.170211,11.154873,5.6792965,3.8924463,0,0
2011-03-01,bretagne,48.18768850875058,-2.848587287847305,166.13548,82.11432,124.278046,8.305528,13.038019,4.3135595,3.359223,0,0
2011-04-01,bretagne,48.18768850875058,-2.848587287847305,173.18335,74.85628,211.24623,12.860853,19.15266,7.483817,2.83364,0,0
2011-05-01,bretagne,48.18768850875058,-2.848587287847305,305.49677,75.66201,242.35614,13.380337,18.911905,8.449319,2.9444513,0,0
2011-06-01,bretagne,48.18768850875058,-2.848587287847305,594.27997,77.924644,224.94283,15.077466,19.88133,10.735157,3.7280972,0,0
2011-07-01,bretagne,48.18768850875058,-2.848587287847305,559.0065,78.86551,214.87596,15.976229,21.107094,11.338973,3.182498,0,0
2011-08-01,bretagne,48.18768850875058,-2.848587287847305,878.0742,82.64708,182.7741,16.610384,21.703365,12.58031,2.768635,0,0
2011-09-01,bretagne,48.18768850875058,-2.848587287847305,395.13998,83.15743,144.8418,16.308174,21.441795,12.24056,3.2095926,0,0
2011-10-01,bretagne,48.18768850875058,-2.848587287847305,509.1871,84.059715,92.628685,13.391301,17.8689,9.806067,3.010599,0,0
2011-11-01,bretagne,48.18768850875058,-2.848587287847305,447.9134,89.03633,50.684727,11.205489,14.619056,8.385528,3.106889,0,0
2011-12-01,bretagne,48.18768850875058,-2.848587287847305,1794.1259,87.67362,30.526815,8.207553,10.986621,5.335487,4.302273,0,0
2012-01-01,bretagne,48.18768850875058,-2.848587287847305,517.6129,86.75546,39.91761,7.130239,9.874372,4.7969007,3.4836173,0,0
2012-02-01,bretagne,48.18768850875058,-2.848587287847305,225.34138,81.66694,76.531334,4.45068,8.019236,1.2729592,2.7484398,0,0
2012-03-01,bretagne,48.18768850875058,-2.848587287847305,298.38712,80.84797,138.48756,9.325268,14.8445635,4.662831,2.9816601,0,0
2012-04-01,bretagne,48.18768850875058,-2.848587287847305,1589.1833,80.96883,168.36511,8.365819,12.687304,4.7538056,4.3401785,0,0
2012-05-01,bretagne,48.18768850875058,-2.848587287847305,613.5451,80.512436,218.5236,13.030973,17.903439,8.725672,3.2005596,0,0
2012-06-01,bretagne,48.18768850875058,-2.848587287847305,1005.66003,83.97662,197.43788,15.087962,19.08041,11.9042225,3.8530803,0,0
2012-07-01,bretagne,48.18768850875058,-2.848587287847305,640.74194,80.41128,218.0052,16.336153,21.108234,12.229971,3.240608,0,0
2012-08-01,bretagne,48.18768850875058,-2.848587287847305,548.3355,80.22115,204.40439,17.791063,22.949608,13.645226,3.377485,0,0
2012-09-01,bretagne,48.18768850875058,-2.848587287847305,614.7,82.03803,149.74077,14.196504,19.46486,9.82101,2.694871,0,0
2012-10-01,bretagne,48.18768850875058,-2.848587287847305,1334.0419,87.709236,69.72136,12.51364,15.566134,9.962939,3.2007442,0,0
2012-11-01,bretagne,48.18768850875058,-2.848587287847305,1072.4467,86.93196,53.772964,8.099636,11.629168,5.2534623,3.204714,0,0
2012-12-01,bretagne,48.18768850875058,-2.848587287847305,1765.9646,86.69142,34.10227,7.871197,10.657236,5.3204613,4.6485453,0,0
2013-01-01,bretagne,48.18768850875058,-2.848587287847305,1023.8645,88.77771,35.62838,5.999451,8.464924,3.766601,3.5205584,0,0
2013-02-01,bretagne,48.18768850875058,-2.848587287847305,606.325,82.82525,69.33502,4.703454,8.015973,1.9792492,3.9055128,0,0
2013-03-01,bretagne,48.18768850875058,-2.848587287847305,961.1968,82.093796,104.54208,5.7757635,9.494761,2.936888,3.929202,0,0
2013-04-01,bretagne,48.18768850875058,-2.848587287847305,709.3333,78.08394,183.82559,8.691195,13.189078,4.973563,4.393674,0,0
2013-05-01,bretagne,48.18768850875058,-2.848587287847305,701.9258,78.73036,201.33258,10.91466,15.338438,7.082172,3.670109,0,0
2013-06-01,bretagne,48.18768850875058,-2.848587287847305,470.75333,81.65213,216.3807,14.494869,19.194427,10.769372,3.562372,0,0
2013-07-01,bretagne,48.18768850875058,-2.848587287847305,483.27744,77.056656,254.54948,19.033623,24.949415,13.999047,3.205061,0,0
2013-08-01,bretagne,48.18768850875058,-2.848587287847305,191.61292,76.3006,217.60083,17.77008,23.628532,12.990661,2.8060308,0,0
2013-09-01,bretagne,48.18768850875058,-2.848587287847305,409.53333,80.72575,148.44087,16.031776,21.571505,11.609774,2.8037825,0,0
2013-10-01,bretagne,48.18768850875058,-2.848587287847305,1234.4485,85.42592,86.821335,14.106461,18.034037,11.070865,3.700362,0,0
2013-11-01,bretagne,48.18768850875058,-2.848587287847305,1169.9934,84.5929,44.25996,8.839123,11.482138,6.2277336,3.5904927,0,0
2013-12-01,bretagne,48.18768850875058,-2.848587287847305,1501.1356,87.150795,37.771095,7.18363,10.469864,4.1695566,3.9964733,0,0
2014-01-01,bretagne,48.18768850875058,-2.848587287847305,1908.897,88.52432,37.331768,7.6199403,10.592569,4.783825,4.4672327,0,0
2014-02-01,bretagne,48.18768850875058,-2.848587287847305,2170.6072,83.192406,74.991264,7.5623164,10.694158,4.7568984,5.604581,0,0
2014-03-01,bretagne,48.18768850875058,-2.848587287847305,664.7162,82.00019,135.05023,8.381813,13.148628,4.447715,3.4121459,0,0
2014-04-01,bretagne,48.18768850875058,-2.848587287847305,651.86334,79.70993,176.29959,10.874537,15.638865,6.842572,3.3875108,0,0
2014-05-01,bretagne,48.18768850875058,-2.848587287847305,741.04193,79.3663,212.18497,12.527459,17.18333,8.323641,3.3846123,0,0
2014-06-01,bretagne,48.18768850875058,-2.848587287847305,415.47,74.77691,261.222,16.339409,21.637226,11.274125,3.0237806,0,0
2014-07-01,bretagne,48.18768850875058,-2.848587287847305,659.48065,79.33275,239.9844,18.269863,23.556702,13.775637,2.9260266,0,0
2014-08-01,bretagne,48.18768850875058,-2.848587287847305,1119.1549,81.57558,191.77061,16.106974,20.778456,12.220339,3.0278971,0,0
2014-09-01,bretagne,48.18768850875058,-2.848587287847305,61.060005,81.08783,173.17905,17.018858,23.116081,12.037783,2.2443008,0,0
2014-10-01,bretagne,48.18768850875058,-2.848587287847305,942.3645,85.723625,88.4665,14.057806,18.383348,10.791277,3.083271,0,0
2014-11-01,bretagne,48.18768850875058,-2.848587287847305,1611.5333,89.483284,47.18194,10.24302,13.374971,7.678813,3.251638,0,0
2014-12-01,bretagne,48.18768850875058,-2.848587287847305,734.5258,86.04978,31.092281,7.245639,10.012858,4.9287267,3.5825853,0,0
2015-01-01,bretagne,48.18768850875058,-2.848587287847305,1220.6257,86.525406,40.591732,6.580795,9.664885,3.5332837,4.087429,0,0
2015-02-01,bretagne,48.18768850875058,-2.848587287847305,983.03217,84.07323,74.34464,5.0053105,8.778273,1.7893629,4.0181074,0,0
2015-03-01,bretagne,48.18768850875058,-2.848587287847305,334.90326,82.44184,113.59692,7.867195,11.71787,4.807654,3.9607828,0,0
2015-04-01,bretagne,48.18768850875058,-2.848587287847305,642.9767,75.76455,196.61897,11.462058,16.902012,6.762192,3.2855084,0,0
2015-05-01,bretagne,48.18768850875058,-2.848587287847305,590.2065,82.680435,205.08379,12.588449,17.031567,8.635884,3.4255803,0,0
2015-06-01,bretagne,48.18768850875058,-2.848587287847305,216.15001,74.98109,263.6393,16.02694,21.554905,10.729302,3.2263172,0,0
2015-07-01,bretagne,48.18768850875058,-2.848587287847305,601.7161,78.37163,217.58655,17.467968,22.823723,13.305254,3.2658114,0,0
2015-08-01,bretagne,48.18768850875058,-2.848587287847305,1113.1259,81.50062,184.1639,17.04118,22.159826,12.66284,2.92244,0,0
2015-09-01,bretagne,48.18768850875058,-2.848587287847305,573.57666,80.21806,163.04942,13.802329,19.061228,9.487317,2.9869,0,0
2015-10-01,bretagne,48.18768850875058,-2.848587287847305,452.78387,84.46319,89.34216,11.91198,16.136984,8.408173,2.9147942,0,0
2015-11-01,bretagne,48.18768850875058,-2.848587287847305,841.2433,86.36452,47.383797,11.774809,14.807571,9.025469,4.081993,0,0
2015-12-01,bretagne,48.18768850875058,-2.848587287847305,680.94836,85.876884,34.34935,10.996501,13.424133,8.644522,4.5739145,0,0
2016-01-01,bretagne,48.18768850875058,-2.848587287847305,1706.0676,87.163086,37.40407,7.2616477,10.202169,4.542063,4.3504043,0,0
2016-02-01,bretagne,48.18768850875058,-2.848587287847305,1254.069,82.066246,71.6967,6.8329163,9.992277,4.115469,4.517874,0,0
2016-03-01,bretagne,48.18768850875058,-2.848587287847305,1056.0935,80.63713,122.58493,6.877816,10.909089,3.3242674,4.2760386,0,0
2016-04-01,bretagne,48.18768850875058,-2.848587287847305,434.97333,77.60593,173.29813,8.764211,13.656118,4.5035706,3.3990984,0,0
2016-05-01,bretagne,48.18768850875058,-2.848587287847305,386.21936,79.309135,205.45251,13.367233,18.29561,9.022706,2.9538426,0,0
2016-06-01,bretagne,48.18768850875058,-2.848587287847305,789.6333,85.3807,181.78174,15.641609,19.736973,12.393564,2.907766,0,0
2016-07-01,bretagne,48.18768850875058,-2.848587287847305,154.59677,77.423874,230.32338,17.738205,22.970543,13.109574,2.7951987,0,0
2016-08-01,bretagne,48.18768850875058,-2.848587287847305,260.00647,77.047295,216.25557,18.344177,24.49673,13.196362,2.9195514,0,0
2016-09-01,bretagne,48.18768850875058,-2.848587287847305,449.1333,81.0837,142.93683,17.059689,22.487173,13.001765,2.6192186,0,0
2016-10-01,bretagne,48.18768850875058,-2.848587287847305,395.70004,82.11237,99.62708,10.937675,16.07655,6.87079,2.4575057,0,0
2016-11-01,bretagne,48.18768850875058,-2.848587287847305,1102.8467,85.45148,50.85645,8.441068,11.987354,5.51387,3.494437,0,0
2016-12-01,bretagne,48.18768850875058,-2.848587287847305,223.62581,89.63052,39.440525,6.791849,10.203466,3.887422,2.6400588,0,0
2017-01-01,bretagne,48.18768850875058,-2.848587287847305,475.25482,83.8066,46.528515,4.244987,8.097835,1.0666932,2.9098847,0,0
2017-02-01,bretagne,48.18768850875058,-2.848587287847305,1032.0643,85.46143,66.28726,7.358731,11.152397,4.423982,3.9793847,0,0
2017-03-01,bretagne,48.18768850875058,-2.848587287847305,543.9355,82.011795,112.72466,9.896014,13.907994,6.664494,3.966241,0,0
2017-04-01,bretagne,48.18768850875058,-2.848587287847305,296.6067,74.51431,204.4969,9.880419,15.614137,4.508533,2.9552286,0,0
2017-05-01,bretagne,48.18768850875058,-2.848587287847305,836.30646,80.10572,212.94708,14.513905,19.475939,10.19812,3.1255083,0,0
2017-06-01,bretagne,48.18768850875058,-2.848587287847305,481.65997,77.067024,244.69473,17.416355,22.852333,12.552827,3.0377285,0,0
2017-07-01,bretagne,48.18768850875058,-2.848587287847305,493.3129,79.637245,207.63857,17.979746,23.084461,13.843626,3.3282127,0,0
2017-08-01,bretagne,48.18768850875058,-2.848587287847305,501.70325,79.35849,194.71709,17.251476,22.494377,13.009104,2.894216,0,0
2017-09-01,bretagne,48.18768850875058,-2.848587287847305,1039.2134,86.21765,132.45427,14.135424,18.3712,10.720454,3.1529653,0,0
2017-10-01,bretagne,48.18768850875058,-2.848587287847305,421.79675,87.40076,84.97294,13.496729,17.392807,10.439981,2.92547,0,0
2017-11-01,bretagne,48.18768850875058,-2.848587287847305,724.3267,86.80027,51.989685,8.520186,12.212216,5.311553,3.003704,0,0
2017-12-01,bretagne,48.18768850875058,-2.848587287847305,1402.9484,87.47452,29.803757,7.243858,10.252734,4.576036,3.952792,0,0
2018-01-01,bretagne,48.18768850875058,-2.848587287847305,1109.5193,88.84281,34.22661,8.278599,10.806434,5.7249546,4.82393,0,0
2018-02-01,bretagne,48.18768850875058,-2.848587287847305,690.5,77.92366,80.97314,3.9120953,7.5082035,0.89100283,4.0836086,0,0
2018-03-01,bretagne,48.18768850875058,-2.848587287847305,1163.9226,84.91288,96.72536,6.9363723,10.7052,4.0044723,4.3697367,0,0
2018-04-01,bretagne,48.18768850875058,-2.848587287847305,549.11,80.33426,161.54924,11.442104,16.244522,7.3916144,3.458188,0,0
2018-05-01,bretagne,48.18768850875058,-2.848587287847305,486.15485,78.81551,221.94606,13.789659,19.458675,8.76418,3.0386603,0,0
2018-06-01,bretagne,48.18768850875058,-2.848587287847305,848.5834,78.75496,219.95634,17.414743,22.36018,13.116748,2.9635885,0,0
2018-07-01,bretagne,48.18768850875058,-2.848587287847305,582.1,75.46931,237.55019,19.461039,25.029388,14.386161,2.7948868,0,0
2018-08-01,bretagne,48.18768850875058,-2.848587287847305,356.4355,79.73471,193.75533,17.766167,23.290384,13.20646,2.5724626,0,0
2018-09-01,bretagne,48.18768850875058,-2.848587287847305,186.45,76.75584,160.11815,15.836787,21.882624,10.679951,3.1056128,0,0
2018-10-01,bretagne,48.18768850875058,-2.848587287847305,758.4516,83.14982,97.36522,12.2527075,17.228361,8.347247,3.1523385,0,0
2018-11-01,bretagne,48.18768850875058,-2.848587287847305,1140.2333,87.5518,52.469864,8.6857395,12.257265,5.8904095,3.6975143,0,0
2018-12-01,bretagne,48.18768850875058,-2.848587287847305,1122.2227,89.786606,27.73205,8.745182,11.025535,6.5335593,3.9023545,0,0
2019-01-01,bretagne,48.18768850875058,-2.848587287847305,645.4419,85.699646,35.32248,5.764365,8.510683,3.4332,3.0596116,0,0
2019-02-01,bretagne,48.18768850875058,-2.848587287847305,695.34644,82.87639,84.22446,7.9336104,12.869472,3.9187496,3.4541233,0,0
2019-03-01,bretagne,48.18768850875058,-2.848587287847305,553.4516,81.95649,123.5352,9.221128,13.370403,5.552143,4.4089594,0,0
2019-04-01,bretagne,48.18768850875058,-2.848587287847305,673.44,77.961494,179.01125,10.35929,15.389591,5.9418864,3.330175,0,0
2019-05-01,bretagne,48.18768850875058,-2.848587287847305,479.16132,77.01585,205.32109,12.423309,17.432049,7.778523,3.0077646,0,0
2019-06-01,bretagne,48.18768850875058,-2.848587287847305,964.19666,81.64042,219.29166,15.890374,21.116661,11.613975,3.0063891,0,0
2019-07-01,bretagne,48.18768850875058,-2.848587287847305,203.40645,73.00568,247.48486,19.144855,25.266577,13.511471,3.1237078,0,0
2019-08-01,bretagne,48.18768850875058,-2.848587287847305,612.8839,80.056015,198.08089,17.59761,23.17357,13.025505,3.0003715,0,0
2019-09-01,bretagne,48.18768850875058,-2.848587287847305,697.19666,80.71655,152.73685,15.718285,20.544725,11.736676,3.6806574,0,0
2019-10-01,bretagne,48.18768850875058,-2.848587287847305,1816.871,88.53229,72.25556,12.870884,16.159227,10.313009,3.6235619,0,0
2019-11-01,bretagne,48.18768850875058,-2.848587287847305,1815.71,89.43792,44.91311,8.238777,11.311389,5.8276405,3.8142893,0,0
2019-12-01,bretagne,48.18768850875058,-2.848587287847305,1338.9194,87.66363,34.621292,7.726852,10.518873,4.9543304,4.3089914,0,0
2020-01-01,bretagne,48.18768850875058,-2.848587287847305,1072.316,86.757095,43.212128,7.6710014,10.455814,4.897125,4.1329694,0,0
2020-02-01,bretagne,48.18768850875058,-2.848587287847305,1252.8552,84.18676,67.20167,8.87461,11.894052,6.0922484,5.7166333,0,0
2020-03-01,bretagne,48.18768850875058,-2.848587287847305,618.8903,78.82244,132.98512,8.303766,12.509227,4.7862616,4.4883027,0,0
2020-04-01,bretagne,48.18768850875058,-2.848587287847305,694.4934,76.41128,198.1839,12.6160965,18.217113,7.858517,3.1160293,0,0
2020-05-01,bretagne,48.18768850875058,-2.848587287847305,291.4516,71.13216,270.43454,14.859078,20.509502,9.4538555,3.3739848,0,0
2020-06-01,bretagne,48.18768850875058,-2.848587287847305,1254.0701,79.50847,226.35066,15.780325,20.4191,11.840159,3.161198,0,0
2020-07-01,bretagne,48.18768850875058,-2.848587287847305,151.81613,76.2884,244.65004,17.260895,22.897335,12.167727,3.2187932,0,0
2020-08-01,bretagne,48.18768850875058,-2.848587287847305,783.97424,80.09151,203.839,18.362455,24.041567,13.936906,3.1266944,0,0
2020-09-01,bretagne,48.18768850875058,-2.848587287847305,604.0733,81.58138,153.83849,16.105715,21.557219,11.96146,2.8024225,0,0
2020-10-01,bretagne,48.18768850875058,-2.848587287847305,1750.5322,86.44367,80.24568,11.8166485,15.377214,9.0085945,4.0122094,0,0
2020-11-01,bretagne,48.18768850875058,-2.848587287847305,516.73334,86.947365,56.186996,10.593189,14.051579,7.5119166,3.5140526,0,0
2020-12-01,bretagne,48.18768850875058,-2.848587287847305,1993.342,88.25019,35.033554,7.591071,10.214104,4.989282,4.440846,0,0
2021-01-01,bretagne,48.18768850875058,-2.848587287847305,1100.4,88.47071,40.18556,5.631907,8.752418,3.0210466,3.4513118,0,0
2021-02-01,bretagne,48.18768850875058,-2.848587287847305,599.6822,83.37738,73.91398,6.880631,10.039889,4.3485155,4.424651,0,0
2021-03-01,bretagne,48.18768850875058,-2.848587287847305,287.15485,78.196175,137.7755,8.263826,13.074188,3.9251916,3.862363,0,0
2021-04-01,bretagne,48.18768850875058,-2.848587287847305,273.06003,69.11755,218.63004,8.907298,14.654382,3.5800548,3.475948,0,0
2021-05-01,bretagne,48.18768850875058,-2.848587287847305,915.1,79.03759,218.47719,11.7065,16.267122,7.6798177,3.757898,0,0
2021-06-01,bretagne,48.18768850875058,-2.848587287847305,897.7667,82.665886,227.80331,16.185152,21.085821,12.001587,2.940934,0,0
2021-07-01,bretagne,48.18768850875058,-2.848587287847305,844.49677,80.893166,224.60643,17.848076,22.521194,13.910897,3.491228,0,0
2021-08-01,bretagne,48.18768850875058,-2.848587287847305,381.9097,82.327126,190.30191,16.663279,21.446247,12.936537,3.4562497,0,0
2021-09-01,bretagne,48.18768850875058,-2.848587287847305,538.86,82.968895,162.66336,16.870699,22.258457,12.699683,2.9828262,0,0
2021-10-01,bretagne,48.18768850875058,-2.848587287847305,1323.9646,86.60896,102.3089,12.879795,17.525753,9.097111,3.4015193,0,0
2021-11-01,bretagne,48.18768850875058,-2.848587287847305,485.48,86.70212,54.78029,8.033211,11.751153,4.965763,3.0127642,0,0
2021-12-01,bretagne,48.18768850875058,-2.848587287847305,925.4774,88.880455,30.81354,7.8800898,10.425771,5.332094,3.7741442,0,0
2022-01-01,bretagne,48.18768850875058,-2.848587287847305,619.68066,88.86416,38.31579,6.4085865,9.050545,4.085513,2.8784351,0,0
2022-02-01,bretagne,48.18768850875058,-2.848587287847305,607.2965,85.396675,73.9749,8.034043,11.366974,4.948587,4.490025,0,0
2022-03-01,bretagne,48.18768850875058,-2.848587287847305,457.16776,77.231186,132.96834,9.370763,13.960452,5.6174126,3.6836898,0,0
2022-04-01,bretagne,48.18768850875058,-2.848587287847305,459.16333,77.259575,186.41869,10.600446,15.995622,5.9204187,3.6235864,0,0
2022-05-01,bretagne,48.18768850875058,-2.848587287847305,246.14194,76.74058,232.9051,14.379281,20.368738,9.047454,3.0458841,0,0
2022-06-01,bretagne,48.18768850875058,-2.848587287847305,817.0966,77.03491,247.96027,16.872694,22.669714,11.936471,3.469201,0,0
2022-07-01,bretagne,48.18768850875058,-2.848587287847305,23.238708,68.11653,271.21262,19.732264,26.225365,13.437294,3.4534864,0,0
2022-08-01,bretagne,48.18768850875058,-2.848587287847305,423.0129,72.94651,220.9984,20.035084,26.305172,14.8406105,3.2283473,0,0
2022-09-01,bretagne,48.18768850875058,-2.848587287847305,803.99335,81.70546,145.62683,15.850532,20.916592,12.005242,3.284505,0,0
2022-10-01,bretagne,48.18768850875058,-2.848587287847305,773.04193,86.80284,88.74423,15.017028,18.866661,11.989449,3.5911522,0,0
2022-11-01,bretagne,48.18768850875058,-2.848587287847305,1593.4033,87.21042,53.315277,10.736053,14.181039,7.9011374,4.2647853,0,0
2022-12-01,bretagne,48.18768850875058,-2.848587287847305,1429.984,88.60152,32.137325,5.8675814,8.61348,3.2883842,3.546321,0,0
2023-01-01,bretagne,48.18768850875058,-2.848587287847305,1047.1097,86.49,37.97443,6.889207,9.590134,4.560771,3.8562415,0,0
2023-02-01,bretagne,48.18768850875058,-2.848587287847305,133.66072,81.96174,79.19825,6.6537595,10.753084,3.5061731,3.226278,0,0
2023-03-01,bretagne,48.18768850875058,-2.848587287847305,1344.9354,83.57965,103.137215,9.280622,12.763881,6.3954525,4.6219897,0,0
2023-04-01,bretagne,48.18768850875058,-2.848587287847305,735.68335,80.48074,178.22415,10.454764,15.186162,6.4352036,3.6014612,0,0
2023-05-01,bretagne,48.18768850875058,-2.848587287847305,383.1194,78.77669,237.84932,13.869892,18.806126,9.550263,3.4944353,0,0
2023-06-01,bretagne,48.18768850875058,-2.848587287847305,329.9167,76.28313,266.87173,18.488447,24.48425,13.28788,3.2197711,0,0
2023-07-01,bretagne,48.18768850875058,-2.848587287847305,917.3613,79.94267,218.07431,17.535002,22.369013,13.610659,3.998762,0,0
2023-08-01,bretagne,48.18768850875058,-2.848587287847305,655.34845,82.5984,191.75682,17.780664,22.654963,13.951662,3.4728312,0,0
2023-09-01,bretagne,48.18768850875058,-2.848587287847305,644.49664,82.44109,156.26758,18.529064,24.015032,14.3749485,3.0835102,0,0
2023-10-01,bretagne,48.18768850875058,-2.848587287847305,1284.2224,83.33659,93.58184,14.187608,19.151913,10.442915,3.5766363,0,0
2023-11-01,bretagne,48.18768850875058,-2.848587287847305,1479.4634,87.489204,46.470486,9.861142,13.063493,7.156273,4.141187,0,0
2023-12-01,bretagne,48.18768850875058,-2.848587287847305,1064.3743,87.94159,29.410364,9.005452,11.583294,6.716035,4.2591176,0,0
2024-01-01,bretagne,48.18768850875058,-2.848587287847305,1201.3872,85.711334,44.256966,5.9393373,9.019158,3.1771717,3.9725509,0,0
2024-02-01,bretagne,48.18768850875058,-2.848587287847305,1391.3552,88.462234,51.26785,9.582448,12.137414,7.4002895,4.576259,0,0
2024-03-01,bretagne,48.18768850875058,-2.848587287847305,930.7065,84.457115,110.88775,8.980731,13.222437,5.587061,4.112074,0,0
2024-04-01,bretagne,48.18768850875058,-2.848587287847305,764.56006,80.52966,166.93591,10.665267,15.085539,6.883293,4.1512527,0,0
2024-05-01,bretagne,48.18768850875058,-2.848587287847305,819.5774,82.2574,200.27264,13.734687,18.432175,9.8399105,3.1832898,0,0
2024-06-01,bretagne,48.18768850875058,-2.848587287847305,404.68002,78.46557,242.1198,15.473178,20.538738,10.857253,3.4258292,0,0
2024-07-01,bretagne,48.18768850875058,-2.848587287847305,554.35486,81.22314,209.61792,17.475977,22.375908,13.359266,3.3924408,0,0
2024-08-01,bretagne,48.18768850875058,-2.848587287847305,678.2193,81.01713,193.9085,18.213535,23.533821,13.657061,3.338805,0,0
2024-09-01,bretagne,48.18768850875058,-2.848587287847305,758.8733,85.07114,126.90516,14.74318,19.145502,11.393815,3.3014183,0,0
2024-10-01,bretagne,48.18768850875058,-2.848587287847305,1136.6,89.65644,84.76081,13.069525,17.094543,9.812633,3.0725687,0,0
2024-11-01,bretagne,48.18768850875058,-2.848587287847305,746.07336,89.31998,40.517647,9.808384,12.89271,7.2335486,3.2950783,0,0
2024-12-01,bretagne,48.18768850875058,-2.848587287847305,540.3871,87.37331,27.221115,7.8580513,10.119001,5.402862,3.7693028,0,0
2000-01-01,nouvelle_aquitaine,45.21138600641611,0.2047362174863013,516.3258,86.03196,53.08808,3.8650563,7.66677,0.7918372,2.5430973,0,0
2000-02-01,nouvelle_aquitaine,45.21138600641611,0.2047362174863013,3221.3723,84.792854,81.995285,7.6516986,12.162806,3.8150473,3.0640254,0,0
2000-03-01,nouvelle_aquitaine,45.21138600641611,0.2047362174863013,1721.3679,75.21365,150.2962,8.0664835,13.958569,3.0141428,2.854567,0,0
2000-04-01,nouvelle_aquitaine,45.21138600641611,0.2047362174863013,4317.66,78.61895,165.65785,10.69988,15.662238,6.5072246,3.2940109,0,0
2000-05-01,nouvelle_aquitaine,45.21138600641611,0.2047362174863013,2660.5806,78.29751,215.17429,15.727739,21.39082,10.808001,2.4525914,0,0
2000-06-01,nouvelle_aquitaine,45.21138600641611,0.2047362174863013,1758.1101,74.192444,241.75264,18.584772,24.195158,13.308578,2.6294463,0,0
2000-07-01,nouvelle_aquitaine,45.21138600641611,0.2047362174863013,2720.829,76.03244,231.44165,18.262552,23.885677,13.186564,2.8260043,0,0
2000-08-01,nouvelle_aquitaine,45.21138600641611,0.2047362174863013,1437.987,75.07484,212.525,20.108927,26.7083,14.298332,2.107863,0,0
2000-09-01,nouvelle_aquitaine,45.21138600641611,0.2047362174863013,1512.1833,77.570915,165.61789,17.28209,23.734127,11.882665,2.1139007,0,0
2000-10-01,nouvelle_aquitaine,45.21138600641611,0.2047362174863013,4421.6553,86.259,90.604675,12.521706,16.836746,9.082073,2.5728252,0,0
2000-11-01,nouvelle_aquitaine,45.21138600641611,0.2047362174863013,7930.9463,89.05828,51.56039,8.866511,12.289593,6.182795,3.4351857,0,0
2000-12-01,nouvelle_aquitaine,45.21138600641611,0.2047362174863013,2759.313,83.90652,43.431835,8.622245,12.317389,5.5746827,3.3494804,0,0
2001-01-01,nouvelle_aquitaine,45.21138600641611,0.2047362174863013,3811.5774,86.251884,43.457226,6.81298,9.901648,4.150711,3.4508893,0,0
2001-02-01,nouvelle_aquitaine,45.21138600641611,0.2047362174863013,1704.7179,83.33532,81.7493,6.058078,10.345119,2.5506735,3.1419551,0,0
2001-03-01,nouvelle_aquitaine,45.21138600641611,0.2047362174863013,4964.048,84.46485,108.634964,10.625323,14.750904,7.342037,3.561951,0,0
2001-04-01,nouvelle_aquitaine,45.21138600641611,0.2047362174863013,4045.11,79.7847,160.22704,9.57242,14.060386,5.7677674,3.38592,0,0
2001-05-01,nouvelle_aquitaine,45.21138600641611,0.2047362174863013,1413.7612,76.61594,225.10345,15.31783,20.933031,10.148572,2.400561,0,0
2001-06-01,nouvelle_aquitaine,45.21138600641611,0.2047362174863013,1074.32,69.22697,266.74332,18.027782,24.306137,11.808052,2.5132797,0,0
2001-07-01,nouvelle_aquitaine,45.21138600641611,0.2047362174863013,3802.3582,77.20728,231.50803,19.366123,25.052706,14.243116,2.5749977,0,0
2001-08-01,nouvelle_aquitaine,45.21138600641611,0.2047362174863013,1677.2549,75.6804,210.16345,20.49312,26.779957,15.148888,2.377126,0,0
2001-09-01,nouvelle_aquitaine,45.21138600641611,0.2047362174863013,1374.84,79.74819,161.12544,14.599715,20.778374,9.147962,2.2690015,0,0
2001-10-01,nouvelle_aquitaine,45.21138600641611,0.2047362174863013,2591.1677,82.316,108.752686,15.620941,21.566484,11.187966,2.516454,0,0
2001-11-01,nouvelle_aquitaine,45.21138600641611,0.2047362174863013,1434.1635,86.33515,61.17517,6.0185623,10.106447,2.542028,2.611132,0,0
2001-12-01,nouvelle_aquitaine,45.21138600641611,0.2047362174863013,1275.9387,85.59634,53.50229,2.3471828,6.5646586,-1.0020336,2.7897859,0,0
2002-01-01,nouvelle_aquitaine,45.21138600641611,0.2047362174863013,907.98706,82.98108,59.688705,6.3384037,11.131581,2.6123145,2.8395398,0,0
2002-02-01,nouvelle_aquitaine,45.21138600641611,0.2047362174863013,2928.4788,83.4263,70.54486,7.771607,11.599587,4.524853,3.764279,0,0
2002-03-01,nouvelle_aquitaine,45.21138600641611,0.2047362174863013,1244.4774,75.2437,136.54782,9.780512,15.164663,5.1897564,3.1346009,0,0
2002-04-01,nouvelle_aquitaine,45.21138600641611,0.2047362174863013,1411.85,73.38691,187.4248,11.125391,16.777308,5.802609,2.848694,0,0
2002-05-01,nouvelle_aquitaine,45.21138600641611,0.2047362174863013,3442.2969,77.074936,208.70885,13.620609,19.204199,8.59289,2.9056334,0,0
2002-06-01,nouvelle_aquitaine,45.21138600641611,0.2047362174863013,1954.51,75.83897,234.97055,18.264326,23.97943,13.251307,2.6408412,0,0
2002-07-01,nouvelle_aquitaine,45.21138600641611,0.2047362174863013,1826.8452,75.3673,223.1578,18.519503,24.39561,13.211912,2.723473,0,0
2002-08-01,nouvelle_aquitaine,45.21138600641611,0.2047362174863013,3136.026,81.27155,184.63332,18.175283,23.527908,13.727316,2.2890348,0,0
2002-09-01,nouvelle_aquitaine,45.21138600641611,0.2047362174863013,1167.4299,77.37651,178.32344,15.800327,22.36748,10.256647,2.3800797,0,0
2002-10-01,nouvelle_aquitaine,45.21138600641611,0.2047362174863013,2793.3389,83.147514,99.313255,13.382836,18.490784,9.395846,2.8075047,0,0
2002-11-01,nouvelle_aquitaine,45.21138600641611,0.2047362174863013,4259.8037,87.691696,60.544586,9.642432,13.7421665,6.4983892,2.9807732,0,0
2002-12-01,nouvelle_aquitaine,45.21138600641611,0.2047362174863013,3085.874,86.8813,36.35043,8.240871,11.439053,5.762416,3.2064462,0,0
2003-01-01,nouvelle_aquitaine,45.21138600641611,0.2047362174863013,3002.4065,84.8836,53.849297,3.615813,7.117429,0.6973463,3.5229774,0,0
2003-02-01,nouvelle_aquitaine,45.21138600641611,0.2047362174863013,2077.2036,79.1104,83.62904,4.472032,9.092189,0.540586,3.01224,0,0
2003-03-01,nouvelle_aquitaine,45.21138600641611,0.2047362174863013,1401.6646,68.16073,161.71237,10.755581,17.306137,4.9153876,2.7971296,0,0
2003-04-01,nouvelle_aquitaine,45.21138600641611,0.2047362174863013,1780.37,66.69952,197.89615,12.431938,18.292887,6.8634562,3.3114326,0,0
2003-05-01,nouvelle_aquitaine,45.21138600641611,0.2047362174863013,2249.5679,75.625786,216.80884,14.766021,20.44282,9.475458,2.7194736,0,0
2003-06-01,nouvelle_aquitaine,45.21138600641611,0.2047362174863013,1698.5466,74.54141,253.62358,21.675379,28.095554,16.052845,2.373815,0,0
2003-07-01,nouvelle_aquitaine,45.21138600641611,0.2047362174863013,1810.571,70.61108,259.27255,20.856752,27.28301,14.805783,2.4691548,0,0
2003-08-01,nouvelle_aquitaine,45.21138600641611,0.2047362174863013,1279.2645,65.55505,231.50974,24.186853,31.733704,17.445065,2.1406763,0,0
2003-09-01,nouvelle_aquitaine,45.21138600641611,0.2047362174863013,1986.2068,71.946075,172.8907,17.310505,23.953142,11.530255,2.3503509,0,0
2003-10-01,nouvelle_aquitaine,45.21138600641611,0.2047362174863013,4484.6807,84.57396,97.024254,11.267654,16.11173,7.5121098,2.7487276,0,0
2003-11-01,nouvelle_aquitaine,45.21138600641611,0.2047362174863013,2791.7434,86.43038,63.179115,9.659952,14.418648,5.876148,2.5214872,0,0
2003-12-01,nouvelle_aquitaine,45.21138600641611,0.2047362174863013,2319.5774,86.66932,45.930737,6.0302715,9.834681,2.8732235,2.927588,0,0
2004-01-01,nouvelle_aquitaine,45.21138600641611,0.2047362174863013,4925.6743,87.632866,42.692787,5.8072243,9.157887,2.916714,3.554203,0,0
2004-02-01,nouvelle_aquitaine,45.21138600641611,0.2047362174863013,943.10693,80.20989,99.53059,5.4115343,10.89345,1.115938,2.6355221,0,0
2004-03-01,nouvelle_aquitaine,45.21138600641611,0.2047362174863013,1714.1484,76.55763,139.93701,7.016695,12.33618,2.4160337,3.0393918,0,0
2004-04-01,nouvelle_aquitaine,45.21138600641611,0.2047362174863013,2993.78,78.21448,174.73383,10.18193,15.11263,5.7324114,3.1578999,0,0
2004-05-01,nouvelle_aquitaine,45.21138600641611,0.2047362174863013,2082.8193,72.943565,242.41377,14.1923275,20.124813,8.575887,2.8641925,0,0
2004-06-01,nouvelle_aquitaine,45.21138600641611,0.2047362174863013,463.01334,67.18729,273.98776,19.301188,25.755539,12.880154,2.791517,0,0
2004-07-01,nouvelle_aquitaine,45.21138600641611,0.2047362174863013,1716.3,72.709885,242.82426,19.321613,25.482937,13.598836,2.5034258,0,0
2004-08-01,nouvelle_aquitaine,45.21138600641611,0.2047362174863013,3693.9258,77.07013,199.7571,19.758411,25.497393,15.070948,2.5369077,0,0
2004-09-01,nouvelle_aquitaine,45.21138600641611,0.2047362174863013,1024.56,77.45787,172.0191,17.480572,23.682112,12.129895,2.1625152,0,0
2004-10-01,nouvelle_aquitaine,45.21138600641611,0.2047362174863013,3353.971,82.51825,99.94329,14.189126,19.130692,10.46824,2.811951,0,0
2004-11-01,nouvelle_aquitaine,45.21138600641611,0.2047362174863013,1028.95,88.49916,58.538002,7.0138693,11.180168,3.7511516,2.0734541,0,0
2004-12-01,nouvelle_aquitaine,45.21138600641611,0.2047362174863013,2386.4194,89.36873,42.37193,4.8087616,8.453711,1.8036671,2.679795,0,0
2005-01-01,nouvelle_aquitaine,45.21138600641611,0.2047362174863013,1416.3065,85.856766,54.23769,4.9862027,8.9063425,1.7814234,2.9985719,0,0
2005-02-01,nouvelle_aquitaine,45.21138600641611,0.2047362174863013,1105.6107,80.2635,86.67217,2.8912258,6.9927692,-0.31139958,3.0932517,0,0
2005-03-01,nouvelle_aquitaine,45.21138600641611,0.2047362174863013,1500.3806,73.49563,145.90797,8.151525,14.115815,2.9970794,2.6732655,0,0
2005-04-01,nouvelle_aquitaine,45.21138600641611,0.2047362174863013,3221.9102,77.81044,178.02814,11.248287,16.615616,6.6098914,3.0839553,0,0
2005-05-01,nouvelle_aquitaine,45.21138600641611,0.2047362174863013,1417.9968,71.818405,238.52968,15.266886,21.234827,9.724682,2.640374,0,0
2005-06-01,nouvelle_aquitaine,45.21138600641611,0.2047362174863013,1101.2466,68.44197,268.79306,20.27376,26.871937,13.9731655,2.649122,0,0
2005-07-01,nouvelle_aquitaine,45.21138600641611,0.2047362174863013,1253.229,69.71983,249.84918,20.512096,26.856947,14.530693,2.615457,0,0
2005-08-01,nouvelle_aquitaine,45.21138600641611,0.2047362174863013,984.3549,66.42768,235.4206,19.30671,26.105988,12.95209,2.6524663,0,0
2005-09-01,nouvelle_aquitaine,45.21138600641611,0.2047362174863013,1996.1699,77.14525,167.36336,16.755692,23.162025,11.531119,2.0692437,0,0
2005-10-01,nouvelle_aquitaine,45.21138600641611,0.2047362174863013,1931.4065,80.20736,104.65057,15.376566,20.634514,11.4144535,2.742221,0,0
2005-11-01,nouvelle_aquitaine,45.21138600641611,0.2047362174863013,2558.7332,84.76201,68.872154,6.7743616,11.400153,3.2145908,2.5809035,0,0
2005-12-01,nouvelle_aquitaine,45.21138600641611,0.2047362174863013,2989.1484,87.442764,47.524628,2.7710977,6.3790293,-0.1778146,2.828455,0,0
2006-01-01,nouvelle_aquitaine,45.21138600641611,0.2047362174863013,1582.8872,87.3846,53.387928,4.000554,7.6648846,1.1873482,2.4380257,0,0
2006-02-01,nouvelle_aquitaine,45.21138600641611,0.2047362174863013,2627.4822,83.09353,81.9173,3.6515102,7.861729,0.25214434,2.9643981,0,0
2006-03-01,nouvelle_aquitaine,45.21138600641611,0.2047362174863013,4928.103,78.98182,124.87678,8.635668,13.382327,4.713303,3.723037,0,0
2006-04-01,nouvelle_aquitaine,45.21138600641611,0.2047362174863013,1183.77,74.584076,199.10146,11.108507,16.812157,5.9416003,2.6621015,0,0
2006-05-01,nouvelle_aquitaine,45.21138600641611,0.2047362174863013,2027.1323,75.71596,224.38518,15.010056,20.728716,9.819374,2.8036025,0,0
2006-06-01,nouvelle_aquitaine,45.21138600641611,0.2047362174863013,1173.1466,65.258835,281.1722,19.82077,26.318893,13.302369,2.522898,0,0
2006-07-01,nouvelle_aquitaine,45.21138600641611,0.2047362174863013,2151.0679,70.40835,260.93973,23.404457,30.021702,17.442995,2.2919312,0,0
2006-08-01,nouvelle_aquitaine,45.21138600641611,0.2047362174863013,2103.9065,76.23284,206.11069,17.827728,23.479952,12.936262,2.6988347,0,0
2006-09-01,nouvelle_aquitaine,45.21138600641611,0.2047362174863013,4130.66,79.01355,161.0988,18.955282,24.908113,14.150764,2.369036,0,0
2006-10-01,nouvelle_aquitaine,45.21138600641611,0.2047362174863013,2473.9775,82.825005,104.313286,15.880239,20.963888,12.00433,2.7609107,0,0
2006-11-01,nouvelle_aquitaine,45.21138600641611,0.2047362174863013,2593.58,82.83025,70.20716,10.397622,15.333987,6.4692097,2.9181697,0,0
2006-12-01,nouvelle_aquitaine,45.21138600641611,0.2047362174863013,1968.6387,87.11792,46.80147,4.661298,8.673313,1.4806551,2.6109865,0,0
2007-01-01,nouvelle_aquitaine,45.21138600641611,0.2047362174863013,2186.058,88.63471,50.98155,6.7436323,9.85198,4.0184555,3.0026953,0,0
2007-02-01,nouvelle_aquitaine,45.21138600641611,0.2047362174863013,4267.961,83.73783,80.8269,8.370783,12.463943,5.033353,3.6492596,0,0
2007-03-01,nouvelle_aquitaine,45.21138600641611,0.2047362174863013,3369.5518,80.31233,130.1136,8.103803,12.959456,4.012955,3.2137845,0,0
2007-04-01,nouvelle_aquitaine,45.21138600641611,0.2047362174863013,1360.1001,74.36312,209.97816,14.365524,20.949514,8.458687,2.3393044,0,0
2007-05-01,nouvelle_aquitaine,45.21138600641611,0.2047362174863013,3833.2163,81.74236,192.39069,14.914599,19.744703,11.160558,3.1282036,0,0
2007-06-01,nouvelle_aquitaine,45.21138600641611,0.2047362174863013,3048.2532,78.96425,229.01537,17.700718,23.238094,13.0497,2.5168788,0,0
2007-07-01,nouvelle_aquitaine,45.21138600641611,0.2047362174863013,2265.097,76.93911,227.06999,18.257017,23.639076,13.520181,2.800574,0,0
2007-08-01,nouvelle_aquitaine,45.21138600641611,0.2047362174863013,2915.2322,77.64254,200.94649,18.250092,24.064482,13.113299,2.5020156,0,0
2007-09-01,nouvelle_aquitaine,45.21138600641611,0.2047362174863013,1278.9033,77.03261,183.58812,15.269399,21.806671,9.505954,2.3102849,0,0
2007-10-01,nouvelle_aquitaine,45.21138600641611,0.2047362174863013,1100.0387,83.26286,112.17675,11.925409,17.589333,7.6859527,2.199002,0,0
2007-11-01,nouvelle_aquitaine,45.21138600641611,0.2047362174863013,1380.5134,84.33465,67.69732,6.2750254,11.013239,2.2946932,2.3376498,1,2
2007-12-01,nouvelle_aquitaine,45.21138600641611,0.2047362174863013,2299.384,85.18817,53.71021,4.922863,9.229851,1.6631032,2.896537,1,10
2008-01-01,nouvelle_aquitaine,45.21138600641611,0.2047362174863013,3390.0708,86.234535,55.66743,6.855522,11.079074,3.4408853,2.9613817,1,13
2008-02-01,nouvelle_aquitaine,45.21138600641611,0.2047362174863013,1045.0897,77.584595,106.329185,7.988053,14.165552,2.9973986,2.6198394,1,18
2008-03-01,nouvelle_aquitaine,45.21138600641611,0.2047362174863013,4001.9998,81.5049,116.77555,7.66947,11.730558,4.431226,3.9547446,1,19
2008-04-01,nouvelle_aquitaine,45.21138600641611,0.2047362174863013,3677.44,78.70102,178.20091,10.215286,15.423776,5.7634926,3.0254178,1,28
2008-05-01,nouvelle_aquitaine,45.21138600641611,0.2047362174863013,3889.4966,77.85423,210.93921,15.3523245,21.06571,10.1863985,2.1733289,1,28
2008-06-01,nouvelle_aquitaine,45.21138600641611,0.2047362174863013,2471.4133,77.513535,244.5718,17.610334,23.09579,12.664484,2.3159542,1,9
2008-07-01,nouvelle_aquitaine,45.21138600641611,0.2047362174863013,1442.2065,72.61699,251.63295,18.963858,25.222649,13.047112,2.3144991,1,9
2008-08-01,nouvelle_aquitaine,45.21138600641611,0.2047362174863013,2210.8,77.59236,207.20396,18.725883,24.677244,13.715857,2.3401659,1,9
2008-09-01,nouvelle_aquitaine,45.21138600641611,0.2047362174863013,1798.5233,78.41052,169.31937,14.864615,21.180418,9.6158285,2.3201587,1,9
2008-10-01,nouvelle_aquitaine,45.21138600641611,0.2047362174863013,3156.1807,83.775406,104.558846,11.652929,17.248518,7.261734,2.189861,1,9
2008-11-01,nouvelle_aquitaine,45.21138600641611,0.2047362174863013,3401.85,88.76181,48.369343,7.6209064,10.817934,4.9989743,2.691006,1,9
2008-12-01,nouvelle_aquitaine,45.21138600641611,0.2047362174863013,2380.9453,88.345764,43.634308,4.2722297,7.8077335,1.3843213,2.574018,1,9
2009-01-01,nouvelle_aquitaine,45.21138600641611,0.2047362174863013,3532.271,86.20202,53.67068,3.248092,7.624808,-0.097944394,2.8637238,1,9
2009-02-01,nouvelle_aquitaine,45.21138600641611,0.2047362174863013,1330.8644,78.231316,96.895905,5.284152,10.213306,1.0880798,2.7807205,1,9
2009-03-01,nouvelle_aquitaine,45.21138600641611,0.2047362174863013,1161.1001,72.30612,161.83722,8.248304,13.945947,2.9981058,2.9980147,1,9
2009-04-01,nouvelle_aquitaine,45.21138600641611,0.2047362174863013,3888.0698,79.896095,170.48145,10.922331,16.123375,6.332991,2.5186315,0,0
2009-05-01,nouvelle_aquitaine,45.21138600641611,0.2047362174863013,2043.9033,77.54477,227.28273,15.777596,21.487272,10.664018,2.5207012,0,0
2009-06-01,nouvelle_aquitaine,45.21138600641611,0.2047362174863013,2010.9001,72.319984,264.31894,18.611217,24.643137,12.692626,2.4932287,0,0
2009-07-01,nouvelle_aquitaine,45.21138600641611,0.2047362174863013,1683.2904,71.68618,250.97604,19.777296,26.083122,13.969118,2.381069,0,0
2009-08-01,nouvelle_aquitaine,45.21138600641611,0.2047362174863013,1330.3969,70.54075,229.0661,20.670362,27.531939,14.423149,1.9897196,0,0
2009-09-01,nouvelle_aquitaine,45.21138600641611,0.2047362174863013,1572.7833,75.04236,173.4059,17.094135,23.70196,11.645122,2.3166482,0,0
2009-10-01,nouvelle_aquitaine,45.21138600641611,0.2047362174863013,1705.0419,78.685265,115.11234,13.341082,19.485987,8.491594,2.2311242,0,0
2009-11-01,nouvelle_aquitaine,45.21138600641611,0.2047362174863013,5748.2466,86.14317,54.54523,10.45624,14.106491,7.4560237,3.3875785,0,0
2009-12-01,nouvelle_aquitaine,45.21138600641611,0.2047362174863013,3155.1292,86.292366,39.830215,5.52203,8.907321,2.583019,2.963197,0,0
2010-01-01,nouvelle_aquitaine,45.21138600641611,0.2047362174863013,2437.5713,87.21401,49.272205,2.264957,5.688054,-0.53635365,2.6358924,0,0
2010-02-01,nouvelle_aquitaine,45.21138600641611,0.2047362174863013,2380.993,80.69913,86.22818,4.429992,8.52312,1.0804148,3.4364586,0,0
2010-03-01,nouvelle_aquitaine,45.21138600641611,0.2047362174863013,2168.9453,70.40186,144.93387,7.442908,12.846685,2.8282554,3.5480287,0,0
2010-04-01,nouvelle_aquitaine,45.21138600641611,0.2047362174863013,1052.16,69.53048,216.40059,12.161907,18.292828,6.254207,2.742412,0,0
2010-05-01,nouvelle_aquitaine,45.21138600641611,0.2047362174863013,2267.474,74.59203,205.38478,13.168941,18.241726,8.405476,2.8237646,0,0
2010-06-01,nouvelle_aquitaine,45.21138600641611,0.2047362174863013,3205.4634,77.13651,233.21605,17.690063,23.076702,12.573618,2.3855116,0,0
2010-07-01,nouvelle_aquitaine,45.21138600641611,0.2047362174863013,1048.258,71.550896,254.63591,20.85682,27.03876,14.993172,2.187377,0,0
2010-08-01,nouvelle_aquitaine,45.21138600641611,0.2047362174863013,1097.8936,72.826836,218.85918,18.958075,25.426228,13.214022,2.2958045,0,0
2010-09-01,nouvelle_aquitaine,45.21138600641611,0.2047362174863013,1702.7799,73.59023,179.10477,16.026075,22.744043,10.272922,2.0337467,0,0
2010-10-01,nouvelle_aquitaine,45.21138600641611,0.2047362174863013,2460.513,78.6012,109.3184,12.022444,17.459202,7.486545,2.6603389,0,0
2010-11-01,nouvelle_aquitaine,45.21138600641611,0.2047362174863013,5111.98,90.13251,49.03666,7.737872,11.022819,5.167965,2.7467296,0,0
2010-12-01,nouvelle_aquitaine,45.21138600641611,0.2047362174863013,2432.5676,84.831,46.884937,2.978366,6.8725157,-0.28809637,2.8951843,0,0
2011-01-01,nouvelle_aquitaine,45.21138600641611,0.2047362174863013,1032.229,84.255005,54.491306,4.4938946,8.203335,1.315611,2.8427157,0,0
2011-02-01,nouvelle_aquitaine,45.21138600641611,0.2047362174863013,2010.9106,84.17835,82.514694,6.645662,11.67784,2.6956503,2.307856,0,0
2011-03-01,nouvelle_aquitaine,45.21138600641611,0.2047362174863013,1082.5,74.32235,139.20648,9.263142,14.650036,4.388262,2.807107,0,0
2011-04-01,nouvelle_aquitaine,45.21138600641611,0.2047362174863013,588.25665,65.471466,228.52151,14.498682,21.277573,7.9930906,2.5545652,0,0
2011-05-01,nouvelle_aquitaine,45.21138600641611,0.2047362174863013,980.98065,65.78259,259.12823,16.869688,23.57999,10.44755,2.4451792,0,0
2011-06-01,nouvelle_aquitaine,45.21138600641611,0.2047362174863013,1662.9534,70.521675,233.89902,17.60723,23.391937,12.088217,2.53154,0,0
2011-07-01,nouvelle_aquitaine,45.21138600641611,0.2047362174863013,2857.084,71.566574,226.21123,18.143007,23.60059,13.065143,2.7841911,0,0
2011-08-01,nouvelle_aquitaine,45.21138600641611,0.2047362174863013,2113.471,75.93454,214.40686,19.908903,26.040413,14.650358,2.2288759,0,0
2011-09-01,nouvelle_aquitaine,45.21138600641611,0.2047362174863013,1295.6666,77.22299,172.68227,18.295713,24.871372,12.978015,2.168353,0,0
2011-10-01,nouvelle_aquitaine,45.21138600641611,0.2047362174863013,1379.042,78.40456,119.13961,13.632336,20.054125,8.46262,2.1866953,0,0
2011-11-01,nouvelle_aquitaine,45.21138600641611,0.2047362174863013,1761.5101,84.26802,64.244446,11.296582,15.851197,7.893082,2.3931272,0,0
2011-12-01,nouvelle_aquitaine,45.21138600641611,0.2047362174863013,5299.568,88.416824,41.618343,7.9283752,11.21158,4.936843,3.2081282,0,0
2012-01-01,nouvelle_aquitaine,45.21138600641611,0.2047362174863013,1741.7645,88.54667,49.373024,5.723652,9.027804,2.9326417,2.441888,0,0
2012-02-01,nouvelle_aquitaine,45.21138600641611,0.2047362174863013,432.0276,75.17988,107.684235,0.8090325,5.6920676,-3.4770753,2.5112617,0,0
2012-03-01,nouvelle_aquitaine,45.21138600641611,0.2047362174863013,795.11945,69.80533,169.52542,10.146024,16.939615,3.8442056,2.6395497,0,0
2012-04-01,nouvelle_aquitaine,45.21138600641611,0.2047362174863013,5607.63,80.24682,154.99277,9.295143,13.935723,5.6060386,3.432539,0,0
2012-05-01,nouvelle_aquitaine,45.21138600641611,0.2047362174863013,1935.1614,73.99495,231.99933,15.608457,21.29167,10.29276,2.7808707,0,0
2012-06-01,nouvelle_aquitaine,45.21138600641611,0.2047362174863013,2571.8735,76.14475,236.10567,18.104906,23.683374,13.350983,2.7144039,0,0
2012-07-01,nouvelle_aquitaine,45.21138600641611,0.2047362174863013,1504.3934,72.30775,245.56963,18.49474,24.560009,12.707565,2.360538,0,0
2012-08-01,nouvelle_aquitaine,45.21138600641611,0.2047362174863013,642.9388,67.79876,226.4358,21.025303,27.980701,14.874081,2.3858075,0,0
2012-09-01,nouvelle_aquitaine,45.21138600641611,0.2047362174863013,1744.2068,71.39706,172.96165,16.939604,23.578411,11.249414,2.5141792,0,0
2012-10-01,nouvelle_aquitaine,45.21138600641611,0.2047362174863013,3764.5322,84.26695,96.9174,13.479628,18.364735,9.734448,2.3744242,0,0
2012-11-01,nouvelle_aquitaine,45.21138600641611,0.2047362174863013,2540.9167,86.46398,62.158913,8.701958,13.180891,5.337629,2.4876366,0,0
2012-12-01,nouvelle_aquitaine,45.21138600641611,0.2047362174863013,4179.4517,86.97339,45.08201,6.9339705,10.615486,3.8505793,3.1540897,0,0
2013-01-01,nouvelle_aquitaine,45.21138600641611,0.2047362174863013,3958.5713,88.98413,43.458546,4.749035,7.880746,2.1390467,2.606915,0,0
2013-02-01,nouvelle_aquitaine,45.21138600641611,0.2047362174863013,3066.6824,82.06935,88.245,3.9191768,8.13716,0.48951864,3.1633902,0,0
2013-03-01,nouvelle_aquitaine,45.21138600641611,0.2047362174863013,2537.3389,77.214714,132.42746,7.5835967,12.750884,3.4741964,3.1883068,0,0
2013-04-01,nouvelle_aquitaine,45.21138600641611,0.2047362174863013,2627.9268,73.74146,178.91516,10.620197,15.794984,5.806259,2.9589295,0,0
2013-05-01,nouvelle_aquitaine,45.21138600641611,0.2047362174863013,4276.561,80.10921,186.03947,11.513511,16.16685,7.5158625,2.6798203,0,0
2013-06-01,nouvelle_aquitaine,45.21138600641611,0.2047362174863013,3281.2268,78.28951,223.18741,16.186964,21.281805,11.645659,2.58888,0,0
2013-07-01,nouvelle_aquitaine,45.21138600641611,0.2047362174863013,1153.6775,70.26856,271.78247,22.38123,28.856012,16.201988,2.3606212,0,0
2013-08-01,nouvelle_aquitaine,45.21138600641611,0.2047362174863013,1218.9645,70.802315,237.23166,19.617203,26.166994,13.554499,2.1623054,0,0
2013-09-01,nouvelle_aquitaine,45.21138600641611,0.2047362174863013,2580.2566,78.25,156.1762,17.180792,23.049288,12.3617115,2.2035534,0,0
2013-10-01,nouvelle_aquitaine,45.21138600641611,0.2047362174863013,2679.6387,83.58591,98.24864,14.614302,19.561096,10.991856,2.4480252,0,0
2013-11-01,nouvelle_aquitaine,45.21138600641611,0.2047362174863013,4546.3604,86.60759,49.558365,7.501581,10.715308,4.824452,3.1157646,0,0
2013-12-01,nouvelle_aquitaine,45.21138600641611,0.2047362174863013,2316.9805,83.369835,56.780735,5.6698313,10.719447,1.7045326,2.6683166,0,0
2014-01-01,nouvelle_aquitaine,45.21138600641611,0.2047362174863013,4807.339,87.790565,47.073875,7.748432,11.124084,5.027927,3.1972837,0,0
2014-02-01,nouvelle_aquitaine,45.21138600641611,0.2047362174863013,4716.2856,82.82609,82.87966,7.383158,11.44117,4.043545,4.0543027,0,0
2014-03-01,nouvelle_aquitaine,45.21138600641611,0.2047362174863013,2258.7969,73.50301,152.57385,9.328263,15.233988,4.0337005,2.6877308,0,0
2014-04-01,nouvelle_aquitaine,45.21138600641611,0.2047362174863013,2190.91,74.19214,193.39867,12.384622,18.232138,7.210707,2.6746995,0,0
2014-05-01,nouvelle_aquitaine,45.21138600641611,0.2047362174863013,3171.3872,75.85057,223.47282,13.436679,18.776594,8.669388,2.9259055,0,0
2014-06-01,nouvelle_aquitaine,45.21138600641611,0.2047362174863013,1789.6467,70.41708,269.80283,18.994219,25.009813,13.291658,2.6824245,0,0
2014-07-01,nouvelle_aquitaine,45.21138600641611,0.2047362174863013,2967.0098,77.78968,223.20695,19.543585,25.117622,14.817435,2.3599944,0,0
2014-08-01,nouvelle_aquitaine,45.21138600641611,0.2047362174863013,2728.2678,78.4177,205.80298,17.898485,23.48119,13.093687,2.0076556,0,0
2014-09-01,nouvelle_aquitaine,45.21138600641611,0.2047362174863013,1066.2866,74.78535,190.63916,18.214844,25.139578,12.351709,2.0056398,0,0
2014-10-01,nouvelle_aquitaine,45.21138600641611,0.2047362174863013,1750.3291,81.05839,118.08735,15.215312,21.603586,10.452988,2.0549548,0,0
2014-11-01,nouvelle_aquitaine,45.21138600641611,0.2047362174863013,3852.2969,85.50925,59.593002,11.302099,15.417535,8.180462,2.6146238,0,0
2014-12-01,nouvelle_aquitaine,45.21138600641611,0.2047362174863013,1827.7516,87.67122,38.78571,5.428167,8.705846,2.6708062,2.4234326,0,0
2015-01-01,nouvelle_aquitaine,45.21138600641611,0.2047362174863013,2945.0742,87.3785,48.5005,5.0048995,8.702354,1.8011045,2.6679678,0,0
2015-02-01,nouvelle_aquitaine,45.21138600641611,0.2047362174863013,3324.9106,81.47929,86.75342,4.3268123,8.768956,0.7494356,3.0884693,0,0
2015-03-01,nouvelle_aquitaine,45.21138600641611,0.2047362174863013,1773.2,80.08682,121.11304,8.58428,13.436255,4.466945,2.901776,0,0
2015-04-01,nouvelle_aquitaine,45.21138600641611,0.2047362174863013,1933.6533,68.65976,200.97107,12.790382,18.806793,7.090116,2.5821488,0,0
2015-05-01,nouvelle_aquitaine,45.21138600641611,0.2047362174863013,1449.1517,74.85862,224.72107,14.982012,20.474405,9.884889,2.7344983,0,0
2015-06-01,nouvelle_aquitaine,45.21138600641611,0.2047362174863013,2101.9133,69.7991,275.76727,19.527899,25.951805,13.29236,2.3335836,0,0
2015-07-01,nouvelle_aquitaine,45.21138600641611,0.2047362174863013,720.658,66.30824,254.79851,21.44708,28.19772,15.41874,2.5764415,0,0
2015-08-01,nouvelle_aquitaine,45.21138600641611,0.2047362174863013,3382.4163,71.87331,214.71808,20.409464,26.808308,14.598789,2.2942605,0,0
2015-09-01,nouvelle_aquitaine,45.21138600641611,0.2047362174863013,2220.1433,76.53623,172.30109,15.246557,21.228865,10.252581,2.4196708,0,0
2015-10-01,nouvelle_aquitaine,45.21138600641611,0.2047362174863013,1480.7677,81.374275,108.39728,11.973091,17.472464,7.605584,2.3127882,1,6
2015-11-01,nouvelle_aquitaine,45.21138600641611,0.2047362174863013,2101.77,85.274826,66.145676,10.927375,15.513895,7.095962,2.4211528,1,8
2015-12-01,nouvelle_aquitaine,45.21138600641611,0.2047362174863013,382.63873,82.861305,57.418594,9.007701,14.2266245,5.013257,2.3562794,1,10
2016-01-01,nouvelle_aquitaine,45.21138600641611,0.2047362174863013,5664.416,87.81084,47.865692,7.23973,10.842527,4.3894577,3.1340744,1,7
2016-02-01,nouvelle_aquitaine,45.21138600641611,0.2047362174863013,4482.7827,84.192635,78.72435,6.934349,10.677642,3.860038,3.4539285,1,8
2016-03-01,nouvelle_aquitaine,45.21138600641611,0.2047362174863013,3060.7097,77.75649,133.22179,7.7186995,12.550124,3.4857008,3.2085059,1,18
2016-04-01,nouvelle_aquitaine,45.21138600641611,0.2047362174863013,2564.93,75.86816,176.56139,10.262867,15.566139,5.612177,2.6770215,1,19
2016-05-01,nouvelle_aquitaine,45.21138600641611,0.2047362174863013,3333.1904,74.45969,204.75897,14.409835,19.77629,9.4831505,2.83526,1,23
2016-06-01,nouvelle_aquitaine,45.21138600641611,0.2047362174863013,2203.9333,79.40125,212.1871,17.5484,22.543465,13.143949,2.4108524,1,24
2016-07-01,nouvelle_aquitaine,45.21138600641611,0.2047362174863013,352.93872,70.304184,253.5453,20.236277,26.559004,14.144225,2.222472,1,25
2016-08-01,nouvelle_aquitaine,45.21138600641611,0.2047362174863013,467.6161,65.761505,242.24782,20.958757,28.343853,14.023499,2.1218467,1,25
2016-09-01,nouvelle_aquitaine,45.21138600641611,0.2047362174863013,1829.6533,70.76846,171.44164,18.652767,25.705107,12.578268,1.9216833,1,25
2016-10-01,nouvelle_aquitaine,45.21138600641611,0.2047362174863013,1114.2323,79.53211,112.22744,11.988891,18.09181,7.2151904,1.9825188,1,26
2016-11-01,nouvelle_aquitaine,45.21138600641611,0.2047362174863013,3456.7131,86.26013,59.12219,8.648104,12.722526,5.383986,2.5677402,1,32
2016-12-01,nouvelle_aquitaine,45.21138600641611,0.2047362174863013,430.88715,84.70994,56.59057,5.983883,11.486943,1.9780852,1.7798095,1,45
2017-01-01,nouvelle_aquitaine,45.21138600641611,0.2047362174863013,1328.1322,81.64812,61.135075,2.9055922,7.405857,-0.66256136,2.5268538,1,48
2017-02-01,nouvelle_aquitaine,45.21138600641611,0.2047362174863013,2943.8643,81.776024,87.65311,7.7762775,12.638293,3.9138167,3.1538577,1,54
2017-03-01,nouvelle_aquitaine,45.21138600641611,0.2047362174863013,3007.6516,78.645645,130.51189,10.4115305,15.525997,6.0437374,2.875671,1,57
2017-04-01,nouvelle_aquitaine,45.21138600641611,0.2047362174863013,1178.26,66.067955,233.11868,11.219035,17.997404,4.657408,2.6556745,1,58
2017-05-01,nouvelle_aquitaine,45.21138600641611,0.2047362174863013,2719.7356,73.11828,234.71342,16.22229,22.291225,10.636031,2.587971,1,60
2017-06-01,nouvelle_aquitaine,45.21138600641611,0.2047362174863013,3018.7837,71.628044,253.31894,20.26226,26.368988,14.580675,2.5095665,1,1
2017-07-01,nouvelle_aquitaine,45.21138600641611,0.2047362174863013,1513.5322,74.81555,221.89326,20.325768,25.725245,15.59874,2.4886918,1,2
2017-08-01,nouvelle_aquitaine,45.21138600641611,0.2047362174863013,1248.4484,72.87729,216.13115,20.086916,26.568356,14.535905,2.1144624,1,2
2017-09-01,nouvelle_aquitaine,45.21138600641611,0.2047362174863013,2727.1467,79.82888,156.562,15.311746,21.128027,10.684098,2.1528654,1,4
2017-10-01,nouvelle_aquitaine,45.21138600641611,0.2047362174863013,817.27747,82.0118,116.77618,14.2501335,20.245022,9.670386,2.0013473,1,12
2017-11-01,nouvelle_aquitaine,45.21138600641611,0.2047362174863013,2046.9434,83.824005,68.4954,7.341874,12.472156,3.2560468,2.2473526,1,18
2017-12-01,nouvelle_aquitaine,45.21138600641611,0.2047362174863013,4196.923,87.8533,40.756207,5.3793726,8.933752,2.247658,2.9553485,1,18
2018-01-01,nouvelle_aquitaine,45.21138600641611,0.2047362174863013,5181.126,88.90662,40.858356,8.017397,10.877855,5.556783,3.4671557,1,18
2018-02-01,nouvelle_aquitaine,45.21138600641611,0.2047362174863013,2555.3645,81.549034,85.241806,3.0787973,7.0421934,-0.119326115,2.923716,1,18
2018-03-01,nouvelle_aquitaine,45.21138600641611,0.2047362174863013,3664.8,78.77745,124.612915,7.9605465,12.396949,4.2891183,3.6608057,1,18
2018-04-01,nouvelle_aquitaine,45.21138600641611,0.2047362174863013,2580.7532,73.279594,179.94986,13.100763,18.575819,8.2458515,2.6834424,1,18
2018-05-01,nouvelle_aquitaine,45.21138600641611,0.2047362174863013,2764.484,78.11134,216.25006,15.024795,20.739573,9.95607,2.2684774,1,18
2018-06-01,nouvelle_aquitaine,45.21138600641611,0.2047362174863013,3199.5698,73.874695,250.3296,19.3695,24.980753,14.0992775,2.4055047,1,18
2018-07-01,nouvelle_aquitaine,45.21138600641611,0.2047362174863013,1874.9355,70.23925,265.31418,21.860498,28.27298,15.727018,2.0623064,1,18
2018-08-01,nouvelle_aquitaine,45.21138600641611,0.2047362174863013,1121.2903,68.429665,236.63751,21.287872,28.095457,15.036893,2.194051,1,18
2018-09-01,nouvelle_aquitaine,45.21138600641611,0.2047362174863013,628.98334,69.1531,194.15347,18.475328,25.952374,11.921131,2.1412725,1,18
2018-10-01,nouvelle_aquitaine,45.21138600641611,0.2047362174863013,1866.9806,79.142456,113.37923,13.444525,19.381468,8.820779,2.5589428,1,18
2018-11-01,nouvelle_aquitaine,45.21138600641611,0.2047362174863013,2482.2368,85.78579,63.920815,8.959298,13.598715,5.5196753,2.478783,1,18
2018-12-01,nouvelle_aquitaine,45.21138600641611,0.2047362174863013,3187.1453,89.15559,39.506866,7.813989,11.016033,5.14351,2.663498,1,18
2019-01-01,nouvelle_aquitaine,45.21138600641611,0.2047362174863013,2738.6484,86.51027,46.942158,4.216838,7.429294,1.4277515,2.6905017,1,18
2019-02-01,nouvelle_aquitaine,45.21138600641611,0.2047362174863013,1088.8679,75.897224,113.443344,8.012711,14.521389,2.7429235,2.440913,1,18
2019-03-01,nouvelle_aquitaine,45.21138600641611,0.2047362174863013,1538.4031,71.75812,159.86168,9.651294,15.294163,4.5751348,3.3634322,1,18
2019-04-01,nouvelle_aquitaine,45.21138600641611,0.2047362174863013,2683.0,71.457504,191.2461,11.124664,16.93363,5.983019,2.796183,1,18
2019-05-01,nouvelle_aquitaine,45.21138600641611,0.2047362174863013,2262.484,73.894226,223.08594,13.255423,18.79343,8.111783,2.7487447,1,18
2019-06-01,nouvelle_aquitaine,45.21138600641611,0.2047362174863013,2746.9167,73.401924,238.31497,18.897543,25.049292,13.233131,2.456185,1,18
2019-07-01,nouvelle_aquitaine,45.21138600641611,0.2047362174863013,1535.7903,65.462265,271.11102,22.257868,28.863176,15.867853,2.3926234,1,18
2019-08-01,nouvelle_aquitaine,45.21138600641611,0.2047362174863013,1124.8582,69.99471,232.28049,20.55822,27.454042,14.37095,2.0286598,1,18
2019-09-01,nouvelle_aquitaine,45.21138600641611,0.2047362174863013,1589.8833,69.201035,179.76341,17.842556,24.558577,11.951845,2.504487,1,18
2019-10-01,nouvelle_aquitaine,45.21138600641611,0.2047362174863013,3810.958,84.92599,93.65435,14.562938,19.25501,11.165428,2.5147374,1,18
2019-11-01,nouvelle_aquitaine,45.21138600641611,0.2047362174863013,7700.2236,89.268936,51.519993,8.320381,11.59497,5.638543,3.0201921,1,18
2019-12-01,nouvelle_aquitaine,45.21138600641611,0.2047362174863013,4122.1646,86.38515,45.4852,8.236858,11.967296,5.1849217,3.3345582,1,18
2020-01-01,nouvelle_aquitaine,45.21138600641611,0.2047362174863013,1952.626,83.778915,56.2809,7.22229,11.209589,3.945617,2.8807118,1,18
2020-02-01,nouvelle_aquitaine,45.21138600641611,0.2047362174863013,1926.1932,81.47878,91.17777,9.061142,13.8792515,5.1944113,3.3774195,1,18
2020-03-01,nouvelle_aquitaine,45.21138600641611,0.2047362174863013,3036.4937,77.05215,140.80968,9.1155615,14.143845,4.722009,3.0539167,1,18
2020-04-01,nouvelle_aquitaine,45.21138600641611,0.2047362174863013,2724.9565,71.18181,190.42366,14.124226,20.075468,8.798876,2.4566603,1,18
2020-05-01,nouvelle_aquitaine,45.21138600641611,0.2047362174863013,2692.6838,70.44833,255.28061,16.860643,22.603794,10.892233,2.7352262,1,18
2020-06-01,nouvelle_aquitaine,45.21138600641611,0.2047362174863013,2936.5166,77.13177,231.83574,17.163898,22.632942,12.264042,2.4766839,1,18
2020-07-01,nouvelle_aquitaine,45.21138600641611,0.2047362174863013,233.8742,65.35862,272.0503,20.943207,27.511896,14.369793,2.3354995,1,18
2020-08-01,nouvelle_aquitaine,45.21138600641611,0.2047362174863013,1701.1066,70.521706,221.54678,21.145391,27.986578,15.409313,2.2526188,1,18
2020-09-01,nouvelle_aquitaine,45.21138600641611,0.2047362174863013,2436.2202,70.55138,177.29956,18.093756,25.094494,12.050782,2.2088172,1,18
2020-10-01,nouvelle_aquitaine,45.21138600641611,0.2047362174863013,5163.058,85.324646,89.18093,12.27834,16.535213,9.079115,2.9562342,1,18
2020-11-01,nouvelle_aquitaine,45.21138600641611,0.2047362174863013,846.12,82.31052,79.301926,10.154542,16.01351,6.0126796,2.1692548,1,18
2020-12-01,nouvelle_aquitaine,45.21138600641611,0.2047362174863013,6227.752,89.00588,39.260258,6.8673983,10.036576,4.110404,3.250075,1,18
2021-01-01,nouvelle_aquitaine,45.21138600641611,0.2047362174863013,3761.616,86.59556,49.975143,4.533597,7.904347,1.6506282,3.0067587,1,18
2021-02-01,nouvelle_aquitaine,45.21138600641611,0.2047362174863013,2565.3145,81.24871,83.65076,8.991523,13.3361,5.6060877,3.284741,1,18
2021-03-01,nouvelle_aquitaine,45.21138600641611,0.2047362174863013,843.129,72.91695,157.70155,8.74326,14.630033,3.401036,2.9292476,1,18
2021-04-01,nouvelle_aquitaine,45.21138600641611,0.2047362174863013,922.83673,62.261116,220.02155,10.808474,16.973595,4.7312503,2.903965,1,18
2021-05-01,nouvelle_aquitaine,45.21138600641611,0.2047362174863013,3366.3481,75.358604,223.87708,13.235185,18.726217,8.201024,3.0305514,1,18
2021-06-01,nouvelle_aquitaine,45.21138600641611,0.2047362174863013,4196.7466,76.600044,240.14877,19.08516,24.73892,13.911599,2.5429702,1,18
2021-07-01,nouvelle_aquitaine,45.21138600641611,0.2047362174863013,2016.0774,78.26841,225.24812,19.196358,24.590986,14.515923,2.673147,1,18
2021-08-01,nouvelle_aquitaine,45.21138600641611,0.2047362174863013,787.63873,75.794304,212.20428,18.829794,24.70552,13.656807,2.5414305,1,18
2021-09-01,nouvelle_aquitaine,45.21138600641611,0.2047362174863013,2490.75,79.41992,165.54109,18.29054,24.605518,13.503536,2.1580145,1,18
2021-10-01,nouvelle_aquitaine,45.21138600641611,0.2047362174863013,1565.6259,81.00355,125.16652,12.603258,19.076744,7.502031,2.4161372,1,18
2021-11-01,nouvelle_aquitaine,45.21138600641611,0.2047362174863013,2028.0632,87.90965,61.877644,6.83656,11.007047,3.668829,2.3296719,1,18
2021-12-01,nouvelle_aquitaine,45.21138600641611,0.2047362174863013,4238.881,87.77084,48.471523,6.900853,11.442632,3.5304894,2.8724663,1,18
2022-01-01,nouvelle_aquitaine,45.21138600641611,0.2047362174863013,1501.4937,84.59205,62.446865,4.186774,8.983687,0.7452904,2.36551,1,18
2022-02-01,nouvelle_aquitaine,45.21138600641611,0.2047362174863013,1465.1287,81.78878,94.57246,7.675245,12.649664,3.3986695,3.1891334,1,18
2022-03-01,nouvelle_aquitaine,45.21138600641611,0.2047362174863013,1538.7452,71.80989,130.2934,9.955917,15.192041,5.375692,3.055437,1,18
2022-04-01,nouvelle_aquitaine,45.21138600641611,0.2047362174863013,2136.6602,75.70341,180.66779,11.298771,16.73116,6.4995637,3.2102036,1,18
2022-05-01,nouvelle_aquitaine,45.21138600641611,0.2047362174863013,723.9065,69.17438,258.47116,17.561914,24.15653,11.2002,2.6051648,1,18
2022-06-01,nouvelle_aquitaine,45.21138600641611,0.2047362174863013,3505.3267,72.682175,251.91884,20.15419,26.373005,14.533996,2.701925,1,18
2022-07-01,nouvelle_aquitaine,45.21138600641611,0.2047362174863013,253.05162,60.768356,299.95468,22.460554,29.710236,14.963528,2.7952964,1,18
2022-08-01,nouvelle_aquitaine,45.21138600641611,0.2047362174863013,1048.3451,63.49527,236.62683,23.097145,30.387695,16.436907,2.578814,1,18
2022-09-01,nouvelle_aquitaine,45.21138600641611,0.2047362174863013,2152.3535,71.811455,174.17789,17.518335,24.286243,11.998102,2.5745246,1,18
2022-10-01,nouvelle_aquitaine,45.21138600641611,0.2047362174863013,1118.6646,78.53542,104.7715,17.329498,22.867605,12.924971,2.5530646,1,18
2022-11-01,nouvelle_aquitaine,45.21138600641611,0.2047362174863013,3818.5833,86.5707,63.478878,10.337359,15.048677,6.8944645,2.6183767,1,18
2022-12-01,nouvelle_aquitaine,45.21138600641611,0.2047362174863013,1927.7872,86.25227,43.39752,6.9727335,10.777321,3.9376054,2.7255023,1,18
2023-01-01,nouvelle_aquitaine,45.21138600641611,0.2047362174863013,3257.8774,86.50874,43.921146,5.556701,8.612337,3.0630448,3.1438148,1,18
2023-02-01,nouvelle_aquitaine,45.21138600641611,0.2047362174863013,1036.2787,75.11715,105.671555,5.8323846,11.912079,1.0580705,2.5776558,1,18
2023-03-01,nouvelle_aquitaine,45.21138600641611,0.2047362174863013,3233.2742,76.49339,130.289,10.050263,15.13138,5.7498803,3.4809852,1,18
2023-04-01,nouvelle_aquitaine,45.21138600641611,0.2047362174863013,2062.4165,75.2391,192.45035,11.724387,17.225172,6.710843,3.0559318,1,18
2023-05-01,nouvelle_aquitaine,45.21138600641611,0.2047362174863013,1946.7355,73.84279,241.70876,15.593728,21.512056,10.230001,2.8806267,1,18
2023-06-01,nouvelle_aquitaine,45.21138600641611,0.2047362174863013,3037.99,73.864395,251.80858,20.696342,26.893736,15.0654,2.5616088,1,18
2023-07-01,nouvelle_aquitaine,45.21138600641611,0.2047362174863013,1086.2001,73.44386,243.89313,20.397526,26.481335,14.847445,2.9228556,1,18
2023-08-01,nouvelle_aquitaine,45.21138600641611,0.2047362174863013,1661.571,72.98426,216.21228,21.045107,27.463934,15.622631,2.736122,1,18
2023-09-01,nouvelle_aquitaine,45.21138600641611,0.2047362174863013,2413.28,71.72341,181.88339,20.515162,27.789806,14.729158,2.3494291,1,18
2023-10-01,nouvelle_aquitaine,45.21138600641611,0.2047362174863013,5078.6133,76.449646,115.27174,15.88576,22.125874,10.972246,2.9182115,1,18
2023-11-01,nouvelle_aquitaine,45.21138600641611,0.2047362174863013,6688.107,87.81544,57.293556,9.929252,13.605487,6.912866,3.1772277,1,18
2023-12-01,nouvelle_aquitaine,45.21138600641611,0.2047362174863013,3733.7612,88.53024,41.3106,7.541919,10.930093,4.8244166,2.9412878,1,18
2024-01-01,nouvelle_aquitaine,45.21138600641611,0.2047362174863013,1614.2773,85.716064,51.512344,6.354853,10.287388,3.2037005,2.911848,0,0
2024-02-01,nouvelle_aquitaine,45.21138600641611,0.2047362174863013,4224.3,85.469475,70.43962,8.638674,12.459541,5.691301,3.3497467,0,0
2024-03-01,nouvelle_aquitaine,45.21138600641611,0.2047362174863013,4391.5645,80.6759,133.72066,10.028215,15.188682,5.775679,3.1718152,0,0
2024-04-01,nouvelle_aquitaine,45.21138600641611,0.2047362174863013,2091.3035,73.566696,192.3821,12.082501,17.851286,7.0522113,3.2402089,0,0
2024-05-01,nouvelle_aquitaine,45.21138600641611,0.2047362174863013,4701.787,81.6777,200.9288,14.140526,19.182709,9.977068,2.7281616,0,0
2024-06-01,nouvelle_aquitaine,45.21138600641611,0.2047362174863013,3011.34,77.03046,229.96524,18.138863,23.562037,13.268999,2.7808795,0,0
2024-07-01,nouvelle_aquitaine,45.21138600641611,0.2047362174863013,987.2259,74.98772,246.2435,20.744719,26.945162,15.215705,2.6793616,0,0
2024-08-01,nouvelle_aquitaine,45.21138600641611,0.2047362174863013,1157.0742,73.33378,226.8098,20.89845,27.648386,14.892224,2.4405422,0,0
2024-09-01,nouvelle_aquitaine,45.21138600641611,0.2047362174863013,4531.5063,82.32476,142.62929,15.595305,20.694685,11.651222,2.7212474,0,0
2024-10-01,nouvelle_aquitaine,45.21138600641611,0.2047362174863013,4145.9453,87.61186,94.73928,14.686597,19.557634,11.141792,2.5155623,1,1
2024-11-01,nouvelle_aquitaine,45.21138600641611,0.2047362174863013,1914.8567,86.727066,66.87609,10.448242,15.510856,6.742926,2.5459857,1,6
2024-12-01,nouvelle_aquitaine,45.21138600641611,0.2047362174863013,2236.3518,87.92508,44.089706,6.2689586,9.998182,3.21437,2.7278323,1,8
2000-01-01,occitanie,43.704395868447584,2.139766354725083,394.52258,81.593376,67.48777,2.9563627,7.481902,-0.53006333,2.7124214,0,0
2000-02-01,occitanie,43.704395868447584,2.139766354725083,1913.4932,77.12999,100.374725,7.021359,11.935971,2.8668766,3.2964013,0,0
2000-03-01,occitanie,43.704395868447584,2.139766354725083,1496.8549,70.505325,157.4461,7.755645,13.539156,2.880928,3.4198885,0,0
2000-04-01,occitanie,43.704395868447584,2.139766354725083,3131.1636,75.644196,179.64964,9.828444,14.990396,5.483024,3.4857793,0,0
2000-05-01,occitanie,43.704395868447584,2.139766354725083,2290.4097,74.42158,223.82516,15.179072,20.655952,10.120814,2.6715477,0,0
2000-06-01,occitanie,43.704395868447584,2.139766354725083,2577.32,70.81236,251.11258,18.092804,23.490278,12.899253,3.2918792,0,0
2000-07-01,occitanie,43.704395868447584,2.139766354725083,1559.8032,69.72775,246.35258,18.283035,24.061121,12.944516,3.2085698,0,0
2000-08-01,occitanie,43.704395868447584,2.139766354725083,1289.642,69.73421,212.63696,20.299679,26.650501,14.788912,2.5956113,0,0
2000-09-01,occitanie,43.704395868447584,2.139766354725083,1863.3535,72.49493,176.59639,17.016594,23.388483,11.694817,2.5724554,0,0
2000-10-01,occitanie,43.704395868447584,2.139766354725083,2669.9292,81.95568,100.22855,11.675757,16.007196,8.319463,2.936366,0,0
2000-11-01,occitanie,43.704395868447584,2.139766354725083,3354.8066,84.01792,60.106674,7.677415,11.558303,4.472314,3.1237135,0,0
2000-12-01,occitanie,43.704395868447584,2.139766354725083,2160.1226,82.40569,50.578987,7.2663474,11.108175,4.182748,3.2390819,0,0
2001-01-01,occitanie,43.704395868447584,2.139766354725083,3188.1614,85.04882,50.847336,5.4666305,8.825249,2.5400975,3.0581925,0,0
2001-02-01,occitanie,43.704395868447584,2.139766354725083,765.90356,76.47309,101.12188,5.1795754,9.972405,1.3126805,3.4186199,0,0
2001-03-01,occitanie,43.704395868447584,2.139766354725083,3046.2966,79.1118,128.20201,10.079596,14.9873,6.129837,3.1421232,0,0
2001-04-01,occitanie,43.704395868447584,2.139766354725083,2684.2366,72.45434,188.82195,9.0821705,14.0086565,4.8491874,3.9443846,0,0
2001-05-01,occitanie,43.704395868447584,2.139766354725083,1742.9614,76.33051,218.05884,14.488062,19.937668,9.649125,2.5881503,0,0
2001-06-01,occitanie,43.704395868447584,2.139766354725083,1354.4368,65.07642,271.9534,18.016148,24.243092,11.963877,2.942099,0,0
2001-07-01,occitanie,43.704395868447584,2.139766354725083,2301.229,71.2516,244.2155,19.55701,25.611393,14.239459,2.6783261,0,0
2001-08-01,occitanie,43.704395868447584,2.139766354725083,794.1033,68.784134,221.6256,20.556652,26.953392,14.979448,2.6313512,0,0
2001-09-01,occitanie,43.704395868447584,2.139766354725083,1463.6333,71.96927,175.34712,14.555663,20.460203,9.509754,3.0888577,0,0
2001-10-01,occitanie,43.704395868447584,2.139766354725083,1765.0387,78.70323,119.10678,15.013173,20.944986,10.383054,2.4735734,0,0
2001-11-01,occitanie,43.704395868447584,2.139766354725083,1333.6367,80.66828,69.18645,5.532376,9.470469,2.1761718,3.2248964,0,0
2001-12-01,occitanie,43.704395868447584,2.139766354725083,456.8484,78.12418,63.90461,1.7991471,6.7342987,-2.108553,2.5526478,0,0
2002-01-01,occitanie,43.704395868447584,2.139766354725083,862.63873,80.21608,69.73181,4.919883,10.215725,0.8557045,2.5901067,0,0
2002-02-01,occitanie,43.704395868447584,2.139766354725083,2047.4286,78.91102,87.2731,6.624665,10.98702,3.0364985,3.5026982,0,0
2002-03-01,occitanie,43.704395868447584,2.139766354725083,1062.9904,71.46363,149.42761,9.057521,14.420427,4.484444,3.4057274,0,0
2002-04-01,occitanie,43.704395868447584,2.139766354725083,1884.1434,70.42533,190.40886,10.700924,15.91162,5.8287416,3.396807,0,0
2002-05-01,occitanie,43.704395868447584,2.139766354725083,2863.5127,74.061714,213.46245,12.742056,18.123352,7.946116,3.1410384,0,0
2002-06-01,occitanie,43.704395868447584,2.139766354725083,2479.9233,71.926834,248.81892,18.3792,24.218258,12.976885,2.917033,0,0
2002-07-01,occitanie,43.704395868447584,2.139766354725083,1586.4194,71.84423,236.59058,18.752737,24.609688,13.543336,3.2089717,0,0
2002-08-01,occitanie,43.704395868447584,2.139766354725083,2375.5679,75.735794,198.1271,18.272703,23.976982,13.593659,2.7103508,0,0
2002-09-01,occitanie,43.704395868447584,2.139766354725083,1806.11,76.0268,170.76485,15.279407,21.268549,10.365386,2.6258583,0,0
2002-10-01,occitanie,43.704395868447584,2.139766354725083,2780.8098,80.37614,110.73241,12.709469,18.037113,8.509954,2.8771589,0,0
2002-11-01,occitanie,43.704395868447584,2.139766354725083,3209.4968,84.927925,70.839806,8.687744,12.944169,5.31017,3.1485317,0,0
2002-12-01,occitanie,43.704395868447584,2.139766354725083,2897.8257,85.85991,47.122215,6.5722365,10.158105,3.7852335,3.0979002,0,0
2003-01-01,occitanie,43.704395868447584,2.139766354725083,1851.9612,81.9265,61.416637,2.7257328,6.533525,-0.5035184,3.7387204,0,0
2003-02-01,occitanie,43.704395868447584,2.139766354725083,2392.0215,79.306465,94.14639,3.1012318,7.2974777,-0.46277168,3.6795628,0,0
2003-03-01,occitanie,43.704395868447584,2.139766354725083,1041.1162,70.315865,168.09099,9.084403,15.333464,3.7338283,2.936416,0,0
2003-04-01,occitanie,43.704395868447584,2.139766354725083,1570.8701,70.1935,198.36938,10.929055,16.422352,5.951706,3.683795,0,0
2003-05-01,occitanie,43.704395868447584,2.139766354725083,1510.7806,71.32351,231.34325,14.555574,20.457546,9.15586,3.0264957,0,0
2003-06-01,occitanie,43.704395868447584,2.139766354725083,714.7167,68.27913,263.8665,22.016508,28.617819,16.079954,2.6843584,0,0
2003-07-01,occitanie,43.704395868447584,2.139766354725083,430.13226,61.79246,273.4339,21.761099,28.586859,15.257721,2.918374,0,0
2003-08-01,occitanie,43.704395868447584,2.139766354725083,949.1387,59.090473,236.84761,24.123713,31.894363,17.310535,2.3630562,0,0
2003-09-01,occitanie,43.704395868447584,2.139766354725083,2620.6968,72.00521,174.25356,16.716251,22.70973,11.711791,2.772035,0,0
2003-10-01,occitanie,43.704395868447584,2.139766354725083,2548.3452,81.540825,105.07854,10.836551,15.403238,7.2380095,3.1809762,0,0
2003-11-01,occitanie,43.704395868447584,2.139766354725083,3246.98,83.6906,72.28625,8.884685,13.573139,5.0894527,2.8629525,0,0
2003-12-01,occitanie,43.704395868447584,2.139766354725083,3892.9097,83.832825,54.20674,5.201896,9.087061,2.0113077,3.309165,0,0
2004-01-01,occitanie,43.704395868447584,2.139766354725083,3521.9968,83.9048,53.73701,4.505051,8.051061,1.4099633,3.7355359,0,0
2004-02-01,occitanie,43.704395868447584,2.139766354725083,1102.6104,77.070465,99.9837,4.4994254,9.886286,0.2791314,2.791711,0,0
2004-03-01,occitanie,43.704395868447584,2.139766354725083,2268.542,74.15693,147.6283,6.2252645,11.363102,1.850084,3.4234188,0,0
2004-04-01,occitanie,43.704395868447584,2.139766354725083,3549.2568,77.72191,175.8125,9.035608,13.794026,4.9517627,3.5559132,0,0
2004-05-01,occitanie,43.704395868447584,2.139766354725083,1786.5935,73.71542,240.82903,13.052949,18.813515,7.7924857,2.9909837,0,0
2004-06-01,occitanie,43.704395868447584,2.139766354725083,469.3,64.5768,277.36703,19.074352,25.363707,13.00117,3.2714262,0,0
2004-07-01,occitanie,43.704395868447584,2.139766354725083,630.07745,64.041306,263.58408,19.95607,26.381395,14.072847,3.2353468,0,0
2004-08-01,occitanie,43.704395868447584,2.139766354725083,2298.9258,72.05198,215.92937,19.844069,25.83816,14.745884,2.855363,0,0
2004-09-01,occitanie,43.704395868447584,2.139766354725083,1044.7,72.18663,184.81674,17.169437,23.303667,12.087156,2.9236245,0,0
2004-10-01,occitanie,43.704395868447584,2.139766354725083,3098.8003,81.8348,100.78786,13.840495,18.688997,10.0572605,2.7183416,0,0
2004-11-01,occitanie,43.704395868447584,2.139766354725083,1102.47,82.541695,73.24941,6.13961,10.603854,2.744204,2.9094265,0,0
2004-12-01,occitanie,43.704395868447584,2.139766354725083,1869.3582,83.94527,53.17551,4.7674,8.46206,1.6730942,3.1132436,0,0
2005-01-01,occitanie,43.704395868447584,2.139766354725083,950.45483,79.20752,69.585686,3.4642808,8.004951,-0.05446413,3.5976493,0,0
2005-02-01,occitanie,43.704395868447584,2.139766354725083,1167.2429,75.90621,102.08002,1.4000863,5.530595,-1.9468101,4.0633993,0,0
2005-03-01,occitanie,43.704395868447584,2.139766354725083,838.0613,71.59253,157.97177,6.57521,12.536508,1.482612,3.129517,0,0
2005-04-01,occitanie,43.704395868447584,2.139766354725083,2094.24,73.72674,185.63168,10.155982,15.303553,5.581937,3.8606513,0,0
2005-05-01,occitanie,43.704395868447584,2.139766354725083,1702.5161,70.07187,242.9166,14.697679,20.431656,9.3637705,3.1157644,0,0
2005-06-01,occitanie,43.704395868447584,2.139766354725083,954.6667,66.10767,276.42563,19.972448,26.445084,13.870323,2.8296163,0,0
2005-07-01,occitanie,43.704395868447584,2.139766354725083,555.8742,63.931957,268.62985,20.643152,27.097515,14.624647,3.1292768,0,0
2005-08-01,occitanie,43.704395868447584,2.139766354725083,1314.3645,66.033035,232.29155,18.90289,25.137455,13.293792,3.3017209,0,0
2005-09-01,occitanie,43.704395868447584,2.139766354725083,3285.2966,76.64988,168.70222,16.315138,22.091372,11.685994,2.4349327,0,0
2005-10-01,occitanie,43.704395868447584,2.139766354725083,2483.0,81.97063,106.01819,14.072416,18.509687,10.63303,3.2833483,0,0
2005-11-01,occitanie,43.704395868447584,2.139766354725083,2249.2834,81.1665,75.215866,6.469695,11.154955,2.9479036,2.806652,0,0
2005-12-01,occitanie,43.704395868447584,2.139766354725083,1318.3936,81.12017,57.132732,1.5363693,5.844009,-1.7966324,2.9589486,0,0
2006-01-01,occitanie,43.704395868447584,2.139766354725083,2500.5708,83.92653,62.258377,3.077152,6.977601,0.07531958,2.8463774,0,0
2006-02-01,occitanie,43.704395868447584,2.139766354725083,894.99646,77.768524,103.27455,3.139485,7.998804,-0.69198275,2.8924365,0,0
2006-03-01,occitanie,43.704395868447584,2.139766354725083,2609.5742,74.918526,138.65848,7.8077607,12.756269,3.652553,3.732153,0,0
2006-04-01,occitanie,43.704395868447584,2.139766354725083,810.3467,71.68691,211.43303,11.020652,16.646288,5.972678,3.283477,0,0
2006-05-01,occitanie,43.704395868447584,2.139766354725083,1080.2388,70.3171,239.59184,14.679251,20.56036,9.326314,3.18402,0,0
2006-06-01,occitanie,43.704395868447584,2.139766354725083,999.6867,61.25269,284.96075,19.29902,25.994795,12.959995,3.116488,0,0
2006-07-01,occitanie,43.704395868447584,2.139766354725083,1067.1097,64.64063,261.46515,23.338604,30.367327,17.153145,2.5958295,0,0
2006-08-01,occitanie,43.704395868447584,2.139766354725083,1575.6871,67.61871,224.96593,17.970428,23.741665,12.911013,3.688513,0,0
2006-09-01,occitanie,43.704395868447584,2.139766354725083,3384.647,75.50695,167.45792,18.206232,23.899559,13.548766,2.9395924,0,0
2006-10-01,occitanie,43.704395868447584,2.139766354725083,2027.4033,80.46831,113.34211,15.105588,20.002771,11.224612,3.0278442,0,0
2006-11-01,occitanie,43.704395868447584,2.139766354725083,1420.7833,78.57692,78.82068,10.046154,15.001934,6.175564,2.9625993,0,0
2006-12-01,occitanie,43.704395868447584,2.139766354725083,871.9839,80.332855,59.007324,4.452541,9.294732,0.74476546,2.273778,0,0
2007-01-01,occitanie,43.704395868447584,2.139766354725083,837.32263,81.29525,64.65076,5.62822,9.949494,2.1171901,2.8921897,0,0
2007-02-01,occitanie,43.704395868447584,2.139766354725083,2684.0251,81.525276,86.44593,6.760742,11.3480215,3.0029106,3.2357306,0,0
2007-03-01,occitanie,43.704395868447584,2.139766354725083,1505.8419,74.1599,142.63756,7.1543827,11.939016,3.0971363,3.8078249,0,0
2007-04-01,occitanie,43.704395868447584,2.139766354725083,1782.6667,74.06264,198.16936,13.096016,19.090601,7.8217044,2.5368679,0,0
2007-05-01,occitanie,43.704395868447584,2.139766354725083,3629.784,76.97234,204.8531,14.163743,19.272278,10.003174,3.5122669,0,0
2007-06-01,occitanie,43.704395868447584,2.139766354725083,1905.5166,74.672134,244.76776,17.432285,22.97568,12.397641,2.7442896,0,0
2007-07-01,occitanie,43.704395868447584,2.139766354725083,929.4581,69.72639,252.3167,18.782497,24.6666,13.595142,3.280259,0,0
2007-08-01,occitanie,43.704395868447584,2.139766354725083,1529.2065,70.70163,214.14903,18.662893,24.73987,13.468773,2.9395552,0,0
2007-09-01,occitanie,43.704395868447584,2.139766354725083,1027.7534,70.83423,191.68336,15.5543165,21.82034,10.122432,2.9431057,0,0
2007-10-01,occitanie,43.704395868447584,2.139766354725083,1347.142,78.65814,120.338295,11.685012,16.959972,7.742697,2.6808467,0,0
2007-11-01,occitanie,43.704395868447584,2.139766354725083,1030.5801,76.42401,79.83195,5.8254414,10.404354,2.1103055,3.4373164,0,0
2007-12-01,occitanie,43.704395868447584,2.139766354725083,1583.2162,79.11073,64.38465,4.2480226,8.813416,0.8822659,3.157347,1,1
2008-01-01,occitanie,43.704395868447584,2.139766354725083,2619.097,80.22798,64.37903,6.1300855,10.705193,2.381541,2.9090164,1,1
2008-02-01,occitanie,43.704395868447584,2.139766354725083,681.0172,75.579384,112.19856,7.094357,12.821018,2.4744368,2.76482,1,2
2008-03-01,occitanie,43.704395868447584,2.139766354725083,2436.5872,75.55939,134.11513,6.5907807,11.154748,2.9481902,4.465845,1,2
2008-04-01,occitanie,43.704395868447584,2.139766354725083,2857.3801,73.29833,191.767,9.787348,15.167451,5.082153,3.5893865,1,3
2008-05-01,occitanie,43.704395868447584,2.139766354725083,3511.329,75.009636,203.37282,14.310251,19.568815,9.630728,2.8227942,1,3
2008-06-01,occitanie,43.704395868447584,2.139766354725083,1987.4067,74.18726,242.10855,17.356646,22.847244,12.531904,2.80705,0,0
2008-07-01,occitanie,43.704395868447584,2.139766354725083,1142.1838,68.192154,262.05197,19.437195,25.78105,13.480548,2.6817958,0,0
2008-08-01,occitanie,43.704395868447584,2.139766354725083,968.30963,70.11173,222.5981,19.310192,25.735615,13.685895,2.5492501,0,0
2008-09-01,occitanie,43.704395868447584,2.139766354725083,1029.75,71.33632,175.52011,15.375173,21.897398,9.996211,2.5855455,0,0
2008-10-01,occitanie,43.704395868447584,2.139766354725083,2088.2646,78.62021,107.882195,11.826983,17.173336,7.513486,2.5341477,0,0
2008-11-01,occitanie,43.704395868447584,2.139766354725083,3752.1033,84.042656,61.428654,6.472065,10.12415,3.66044,3.1144032,0,0
2008-12-01,occitanie,43.704395868447584,2.139766354725083,2685.558,83.1561,49.21159,3.678844,7.248342,0.8987976,3.1001582,0,0
2009-01-01,occitanie,43.704395868447584,2.139766354725083,2458.6646,81.9445,62.600254,2.9350252,7.488183,-0.46342868,2.7061334,0,0
2009-02-01,occitanie,43.704395868447584,2.139766354725083,1725.6929,73.57774,104.39984,4.3509936,9.143022,0.29408735,3.5078921,0,0
2009-03-01,occitanie,43.704395868447584,2.139766354725083,919.18713,65.89841,167.2967,7.6860085,13.381508,2.704563,3.4145105,0,0
2009-04-01,occitanie,43.704395868447584,2.139766354725083,4420.42,78.974686,172.32094,9.849351,14.629006,5.807657,3.2785838,0,0
2009-05-01,occitanie,43.704395868447584,2.139766354725083,1250.171,72.71083,233.24416,15.719374,21.29922,10.690971,3.1879065,0,0
2009-06-01,occitanie,43.704395868447584,2.139766354725083,1277.63,67.578835,272.0243,18.69602,24.895828,12.798104,2.7352757,0,0
2009-07-01,occitanie,43.704395868447584,2.139766354725083,708.7742,65.186005,264.61435,20.508543,27.088083,14.500027,3.0076318,0,0
2009-08-01,occitanie,43.704395868447584,2.139766354725083,1086.4387,64.44557,236.786,21.438517,28.448608,15.334989,2.6405597,0,0
2009-09-01,occitanie,43.704395868447584,2.139766354725083,937.62665,69.80034,176.07289,17.04285,23.680437,11.58391,2.4568279,0,0
2009-10-01,occitanie,43.704395868447584,2.139766354725083,1931.5225,72.84563,125.799835,13.054599,18.855738,8.466162,3.0062695,0,0
2009-11-01,occitanie,43.704395868447584,2.139766354725083,2561.0767,82.63619,65.26137,9.479786,13.481032,6.2506285,3.2385123,0,0
2009-12-01,occitanie,43.704395868447584,2.139766354725083,1692.2677,82.83644,46.861237,4.4298553,8.141625,1.2329414,2.9114063,0,0
2010-01-01,occitanie,43.704395868447584,2.139766354725083,2084.5645,83.31592,57.87006,1.8454181,5.476829,-1.0997908,3.0311189,0,0
2010-02-01,occitanie,43.704395868447584,2.139766354725083,2218.8394,78.51967,89.43977,3.4358616,7.6725273,-0.261954,3.5400412,0,0
2010-03-01,occitanie,43.704395868447584,2.139766354725083,1819.1323,72.39684,148.43227,6.227878,11.229571,2.0658147,3.5605536,0,0
2010-04-01,occitanie,43.704395868447584,2.139766354725083,986.07336,68.59849,215.93306,11.371633,17.420692,5.699852,2.6236007,0,0
2010-05-01,occitanie,43.704395868447584,2.139766354725083,2931.9805,74.63171,206.90594,12.4179325,17.360949,7.9936943,3.4079041,0,0
2010-06-01,occitanie,43.704395868447584,2.139766354725083,2349.9136,74.62063,237.20276,17.058678,22.54978,12.101111,2.9838507,0,0
2010-07-01,occitanie,43.704395868447584,2.139766354725083,819.89355,67.14456,264.59695,21.320694,27.459585,15.675628,2.899133,0,0
2010-08-01,occitanie,43.704395868447584,2.139766354725083,605.9774,65.464516,235.64957,19.656277,26.22402,13.895219,2.8972642,0,0
2010-09-01,occitanie,43.704395868447584,2.139766354725083,1810.18,70.110985,183.2677,15.857856,22.114632,10.517186,2.6096358,0,0
2010-10-01,occitanie,43.704395868447584,2.139766354725083,3393.655,76.41687,114.7823,11.326706,16.257126,7.425722,3.5004432,0,0
2010-11-01,occitanie,43.704395868447584,2.139766354725083,2437.4,84.72672,62.93728,6.80981,10.600614,3.7670245,3.0138183,0,0
2010-12-01,occitanie,43.704395868447584,2.139766354725083,1338.2,79.141205,53.966366,2.9046926,7.356289,-0.74161994,3.2503803,0,0
2011-01-01,occitanie,43.704395868447584,2.139766354725083,978.1097,80.777756,65.10008,3.5613816,7.828054,0.20785224,2.8213532,0,0
2011-02-01,occitanie,43.704395868447584,2.139766354725083,1436.5679,78.60229,98.46303,5.7126575,10.8406725,1.7581315,2.951478,0,0
2011-03-01,occitanie,43.704395868447584,2.139766354725083,2819.4805,75.55795,144.17027,8.020714,13.044188,3.82925,3.390764,0,0
2011-04-01,occitanie,43.704395868447584,2.139766354725083,717.2267,66.23479,233.04597,13.358552,19.691856,7.710491,3.1782699,0,0
2011-05-01,occitanie,43.704395868447584,2.139766354725083,1131.9291,66.31837,257.5694,16.082815,22.490389,10.064482,2.9668758,0,0
2011-06-01,occitanie,43.704395868447584,2.139766354725083,1580.78,71.79632,232.303,16.92849,22.52258,11.806459,2.8280487,0,0
2011-07-01,occitanie,43.704395868447584,2.139766354725083,2327.9482,68.70287,237.34123,18.067928,23.573057,13.030065,3.1060889,0,0
2011-08-01,occitanie,43.704395868447584,2.139766354725083,988.46136,68.64272,231.69655,20.43833,27.01273,14.55925,2.5409203,0,0
2011-09-01,occitanie,43.704395868447584,2.139766354725083,856.31665,70.23829,186.6252,18.596146,25.233976,13.120585,2.4537227,0,0
2011-10-01,occitanie,43.704395868447584,2.139766354725083,1562.7612,71.89598,130.9297,13.519297,19.782911,8.400765,2.8850768,0,0
2011-11-01,occitanie,43.704395868447584,2.139766354725083,3649.56,83.79703,70.12373,10.309675,14.534371,7.1687913,2.7874346,0,0
2011-12-01,occitanie,43.704395868447584,2.139766354725083,1978.8258,82.46089,52.884674,6.431707,10.406121,3.1973546,3.5242772,0,0
2012-01-01,occitanie,43.704395868447584,2.139766354725083,998.0451,80.65537,63.602936,4.8274193,8.947472,1.7085215,3.1525848,0,0
2012-02-01,occitanie,43.704395868447584,2.139766354725083,287.70346,67.55952,119.94219,0.16484314,5.2511806,-4.0674753,3.7884977,0,0
2012-03-01,occitanie,43.704395868447584,2.139766354725083,851.1161,63.93904,179.20235,9.439325,15.916802,3.544898,3.0418077,0,0
2012-04-01,occitanie,43.704395868447584,2.139766354725083,3447.84,77.87265,160.32817,9.026269,13.694607,5.316589,3.8235302,0,0
2012-05-01,occitanie,43.704395868447584,2.139766354725083,2373.0002,72.516205,235.38408,14.813747,20.5024,9.565437,3.0419474,0,0
2012-06-01,occitanie,43.704395868447584,2.139766354725083,1408.1201,70.06427,256.8389,18.61028,24.518085,13.212778,2.8541062,0,0
2012-07-01,occitanie,43.704395868447584,2.139766354725083,1052.3839,64.38755,265.80795,19.231424,25.53126,13.256645,2.8294826,0,0
2012-08-01,occitanie,43.704395868447584,2.139766354725083,1530.7032,63.051212,237.71326,21.65659,28.7133,15.582671,2.674578,0,0
2012-09-01,occitanie,43.704395868447584,2.139766354725083,1349.3234,70.37919,167.44673,16.726526,22.513042,11.857813,2.900363,0,0
2012-10-01,occitanie,43.704395868447584,2.139766354725083,2421.9807,78.54431,111.17752,13.190481,18.301582,9.19956,2.9911015,0,0
2012-11-01,occitanie,43.704395868447584,2.139766354725083,1680.6333,83.16757,67.47338,8.321721,12.533551,5.024076,2.7895586,0,0
2012-12-01,occitanie,43.704395868447584,2.139766354725083,1943.316,81.65118,54.294224,5.454936,9.366057,2.0789106,3.177023,0,0
2013-01-01,occitanie,43.704395868447584,2.139766354725083,2848.584,82.48575,59.413364,3.7034342,7.5822806,0.4057592,3.0852988,0,0
2013-02-01,occitanie,43.704395868447584,2.139766354725083,2041.9143,77.81056,101.985695,2.6885421,6.994558,-0.7581572,3.6957438,0,0
2013-03-01,occitanie,43.704395868447584,2.139766354725083,3368.0872,77.09505,139.09084,6.9976726,11.796907,3.2588542,3.4791322,0,0
2013-04-01,occitanie,43.704395868447584,2.139766354725083,2440.6636,74.56801,171.39308,9.670159,14.539104,5.268112,3.1224027,0,0
2013-05-01,occitanie,43.704395868447584,2.139766354725083,3465.6064,76.78828,200.53087,10.898384,15.801342,6.75272,3.3821588,0,0
2013-06-01,occitanie,43.704395868447584,2.139766354725083,1751.5369,73.29155,245.25061,15.930716,21.276533,11.111276,3.2865531,0,0
2013-07-01,occitanie,43.704395868447584,2.139766354725083,1326.9097,67.65857,273.57983,21.874208,28.702265,15.632487,2.3458462,0,0
2013-08-01,occitanie,43.704395868447584,2.139766354725083,1059.513,67.49185,239.99193,19.914309,26.258413,14.305086,2.7055614,0,0
2013-09-01,occitanie,43.704395868447584,2.139766354725083,1756.3267,73.800735,176.16649,16.836245,22.702623,12.012081,2.7426174,0,0
2013-10-01,occitanie,43.704395868447584,2.139766354725083,1647.0033,79.80274,107.559105,14.223605,19.118944,10.5350485,2.8155313,0,0
2013-11-01,occitanie,43.704395868447584,2.139766354725083,4028.7168,82.07543,58.72487,6.408779,9.752206,3.6555023,3.7286289,0,0
2013-12-01,occitanie,43.704395868447584,2.139766354725083,1066.6355,78.28739,63.14187,5.116449,10.2283535,1.2361376,2.668113,0,0
2014-01-01,occitanie,43.704395868447584,2.139766354725083,3220.7583,85.4947,52.906693,6.26645,9.778095,3.3808672,3.09954,0,0
2014-02-01,occitanie,43.704395868447584,2.139766354725083,2573.5608,80.111786,86.7916,5.9343057,10.27406,2.3022304,3.4781587,0,0
2014-03-01,occitanie,43.704395868447584,2.139766354725083,1562.8065,69.820526,160.80357,8.322042,13.981699,3.4674468,3.45683,0,0
2014-04-01,occitanie,43.704395868447584,2.139766354725083,2052.4233,71.80332,200.18086,11.978071,17.642962,7.054362,3.149901,0,0
2014-05-01,occitanie,43.704395868447584,2.139766354725083,1782.8645,71.81734,230.07956,12.889711,18.415462,8.089016,3.5556784,0,0
2014-06-01,occitanie,43.704395868447584,2.139766354725083,1463.2034,65.7815,271.13446,18.85597,25.170534,13.118963,2.9409595,0,0
2014-07-01,occitanie,43.704395868447584,2.139766354725083,2590.6711,74.38521,225.6953,18.846024,24.276703,14.233941,3.158234,0,0
2014-08-01,occitanie,43.704395868447584,2.139766354725083,1911.8937,74.644424,220.45914,18.235823,23.851978,13.421338,2.4053948,0,0
2014-09-01,occitanie,43.704395868447584,2.139766354725083,2421.1133,72.6743,186.85251,17.865698,24.303562,12.461823,2.345324,0,0
2014-10-01,occitanie,43.704395868447584,2.139766354725083,1046.6453,76.8567,129.65846,15.193787,21.36701,10.437614,2.3712769,0,0
2014-11-01,occitanie,43.704395868447584,2.139766354725083,4382.3867,83.31916,62.212254,10.464145,14.577262,7.214275,2.8526073,0,0
2014-12-01,occitanie,43.704395868447584,2.139766354725083,1592.4226,81.85468,48.73906,4.7779055,8.257163,1.9532746,3.2352753,0,0
2015-01-01,occitanie,43.704395868447584,2.139766354725083,1560.4452,79.20983,62.030643,4.287153,8.555283,0.77305484,3.1822155,0,0
2015-02-01,occitanie,43.704395868447584,2.139766354725083,2184.707,78.3088,95.667534,3.1348016,7.5544333,-0.4505425,3.5144641,0,0
2015-03-01,occitanie,43.704395868447584,2.139766354725083,1733.3193,75.5109,133.59999,8.245066,12.905303,4.4148216,3.5782955,0,0
2015-04-01,occitanie,43.704395868447584,2.139766354725083,2225.3567,67.42203,212.16301,11.774827,17.651665,6.428578,3.002453,0,0
2015-05-01,occitanie,43.704395868447584,2.139766354725083,798.871,68.76952,235.5443,14.960587,20.627846,9.811108,3.450954,0,0
2015-06-01,occitanie,43.704395868447584,2.139766354725083,1600.4166,66.73013,278.0601,19.7575,26.146454,13.659109,2.7186706,0,0
2015-07-01,occitanie,43.704395868447584,2.139766354725083,1001.66455,61.30674,270.2835,22.452723,29.141613,16.351074,3.04057,0,0
2015-08-01,occitanie,43.704395868447584,2.139766354725083,2482.1582,69.64995,231.10638,20.142872,26.375664,14.556874,2.7722235,0,0
2015-09-01,occitanie,43.704395868447584,2.139766354725083,1741.3666,73.63488,176.40631,15.175731,20.887747,10.421262,2.7082925,0,0
2015-10-01,occitanie,43.704395868447584,2.139766354725083,1326.5548,78.33138,114.94253,11.790293,17.26253,7.4495125,2.5772984,0,0
2015-11-01,occitanie,43.704395868447584,2.139766354725083,1969.7234,78.71264,83.61184,9.771043,14.766502,5.714051,2.836603,0,0
2015-12-01,occitanie,43.704395868447584,2.139766354725083,271.91937,81.0051,61.118916,8.230765,13.407278,4.337286,2.1757615,1,2
2016-01-01,occitanie,43.704395868447584,2.139766354725083,2441.7,84.70517,56.344517,6.246008,10.099276,3.1832225,2.78561,1,3
2016-02-01,occitanie,43.704395868447584,2.139766354725083,3071.1,79.86611,88.726494,6.126892,10.433784,2.731325,3.684442,1,3
2016-03-01,occitanie,43.704395868447584,2.139766354725083,1763.2517,75.556946,139.86572,6.7535686,11.62068,2.6635063,3.4951603,1,11
2016-04-01,occitanie,43.704395868447584,2.139766354725083,2151.3733,73.44682,186.8346,10.049323,15.0683365,5.910669,3.532914,1,13
2016-05-01,occitanie,43.704395868447584,2.139766354725083,2905.9453,72.16982,221.9959,13.280597,18.623796,8.46695,3.7610745,1,14
2016-06-01,occitanie,43.704395868447584,2.139766354725083,1394.4033,73.19877,243.999,17.454638,22.970009,12.649624,2.9268777,1,15
2016-07-01,occitanie,43.704395868447584,2.139766354725083,1229.1292,66.92143,257.33282,20.582323,26.823895,14.80028,2.8875706,1,15
2016-08-01,occitanie,43.704395868447584,2.139766354725083,486.16455,61.597973,250.06708,20.71856,27.679415,14.247103,2.7436373,1,19
2016-09-01,occitanie,43.704395868447584,2.139766354725083,1370.2734,67.76973,182.58485,18.415386,25.024559,12.784937,2.6318884,1,20
2016-10-01,occitanie,43.704395868447584,2.139766354725083,2224.787,76.71161,114.64456,12.400608,18.08711,8.018332,2.2712014,1,24
2016-11-01,occitanie,43.704395868447584,2.139766354725083,2775.7065,83.71806,67.32942,8.309093,12.409085,5.114997,2.8259056,1,30
2016-12-01,occitanie,43.704395868447584,2.139766354725083,563.0258,78.31743,66.797035,6.0119624,11.567544,1.9758629,2.0155253,1,40
2017-01-01,occitanie,43.704395868447584,2.139766354725083,1677.242,76.80519,69.98578,2.1612937,6.5874877,-1.4397944,3.121227,1,46
2017-02-01,occitanie,43.704395868447584,2.139766354725083,2391.0322,78.081985,97.85161,7.2458773,12.083245,3.3533843,3.5697155,1,51
2017-03-01,occitanie,43.704395868447584,2.139766354725083,2884.1099,74.48944,149.73598,9.619694,15.225999,4.8064384,3.2632368,1,62
2017-04-01,occitanie,43.704395868447584,2.139766354725083,1081.8733,63.90703,234.233,10.895189,17.296825,4.9338155,3.2673266,1,65
2017-05-01,occitanie,43.704395868447584,2.139766354725083,1994.2291,70.81215,245.61809,15.282669,21.311909,9.73165,2.873378,1,67
2017-06-01,occitanie,43.704395868447584,2.139766354725083,1734.6835,69.444885,259.0116,20.246351,26.479856,14.750804,2.7937036,1,2
2017-07-01,occitanie,43.704395868447584,2.139766354725083,952.5678,69.01936,247.0178,20.469055,26.258268,15.363044,3.0994256,1,2
2017-08-01,occitanie,43.704395868447584,2.139766354725083,1057.9323,67.36504,226.13051,20.827784,27.41634,15.265021,2.7357395,1,2
2017-09-01,occitanie,43.704395868447584,2.139766354725083,1267.0233,73.65388,167.48438,14.854512,20.754713,10.110561,2.6288877,1,2
2017-10-01,occitanie,43.704395868447584,2.139766354725083,830.1936,75.03064,132.26926,13.889581,20.028261,9.214854,2.6520648,1,7
2017-11-01,occitanie,43.704395868447584,2.139766354725083,1479.2966,77.980804,79.186165,6.687635,11.569018,2.8572953,3.163194,1,15
2017-12-01,occitanie,43.704395868447584,2.139766354725083,2279.4387,82.66447,50.2394,3.9807067,7.861905,0.6534755,3.3112135,1,15
2018-01-01,occitanie,43.704395868447584,2.139766354725083,3780.9485,84.37781,54.02485,6.9732547,10.314923,4.119783,3.723245,1,15
2018-02-01,occitanie,43.704395868447584,2.139766354725083,2259.4573,77.7293,90.241455,2.4054375,6.3263855,-0.8764434,3.2789564,1,15
2018-03-01,occitanie,43.704395868447584,2.139766354725083,2854.0193,76.25422,134.58272,6.819648,11.496504,3.0785635,3.8382196,1,15
2018-04-01,occitanie,43.704395868447584,2.139766354725083,2914.4165,72.237946,191.55205,12.06833,17.49037,7.1942105,3.2862375,1,15
2018-05-01,occitanie,43.704395868447584,2.139766354725083,3228.726,78.96342,197.26682,13.856637,19.002779,9.5886545,2.8833284,1,15
2018-06-01,occitanie,43.704395868447584,2.139766354725083,2029.49,72.77766,253.60501,18.648645,24.293732,13.478028,2.6656978,1,15
2018-07-01,occitanie,43.704395868447584,2.139766354725083,1677.1677,66.444824,273.96024,21.949781,28.425016,15.776154,2.489567,1,15
2018-08-01,occitanie,43.704395868447584,2.139766354725083,954.1,66.72958,237.95761,21.38474,27.90006,15.601076,2.6911945,1,15
2018-09-01,occitanie,43.704395868447584,2.139766354725083,601.42664,66.86166,197.46184,18.70481,25.782639,12.746154,2.3791175,1,15
2018-10-01,occitanie,43.704395868447584,2.139766354725083,3917.4033,77.96881,112.711845,13.011744,17.929829,9.106873,3.1520069,1,15
2018-11-01,occitanie,43.704395868447584,2.139766354725083,2415.6401,83.941925,65.63862,8.791789,13.11284,5.351548,2.7589145,1,15
2018-12-01,occitanie,43.704395868447584,2.139766354725083,1439.8645,81.814316,53.412895,7.0917645,11.21161,3.774614,2.6584892,1,15
2019-01-01,occitanie,43.704395868447584,2.139766354725083,1893.3741,78.705444,60.931824,2.9022186,6.573405,-0.16583286,3.8155687,1,15
2019-02-01,occitanie,43.704395868447584,2.139766354725083,686.79645,70.86089,124.02184,7.1143913,13.52991,2.004496,2.823216,1,15
2019-03-01,occitanie,43.704395868447584,2.139766354725083,576.65485,65.40783,175.23955,8.757894,14.744097,3.3331425,3.5816958,1,15
2019-04-01,occitanie,43.704395868447584,2.139766354725083,2422.3167,70.70923,190.05504,9.934362,15.238791,5.3094606,3.476217,1,15
2019-05-01,occitanie,43.704395868447584,2.139766354725083,2128.3225,70.24888,222.23317,12.529079,17.951532,7.615906,3.5356307,1,15
2019-06-01,occitanie,43.704395868447584,2.139766354725083,1121.6866,66.37844,252.903,18.93293,25.385597,12.785032,2.7694895,1,15
2019-07-01,occitanie,43.704395868447584,2.139766354725083,1167.6871,63.14845,268.74588,22.38047,28.933159,16.30257,2.761458,1,15
2019-08-01,occitanie,43.704395868447584,2.139766354725083,1266.0193,66.02362,239.89278,21.14497,28.01813,15.044428,2.38303,1,15
2019-09-01,occitanie,43.704395868447584,2.139766354725083,1112.9834,66.91496,186.50989,17.687159,24.117556,12.275218,2.6479912,1,15
2019-10-01,occitanie,43.704395868447584,2.139766354725083,3520.9902,80.11513,108.05239,14.054986,19.133038,10.103427,2.8003335,1,15
2019-11-01,occitanie,43.704395868447584,2.139766354725083,4232.817,85.03119,62.16117,7.103977,10.936413,4.0857024,3.04881,1,15
2019-12-01,occitanie,43.704395868447584,2.139766354725083,3121.6548,81.79809,54.99602,7.521849,11.660431,4.2056837,3.4499357,1,15
2020-01-01,occitanie,43.704395868447584,2.139766354725083,1726.0742,80.50698,63.839104,6.019779,10.280502,2.5445633,2.7630308,1,15
2020-02-01,occitanie,43.704395868447584,2.139766354725083,935.15173,76.30297,102.93693,8.2949,13.624604,3.8634095,3.225381,1,15
2020-03-01,occitanie,43.704395868447584,2.139766354725083,1852.3162,75.14372,148.34053,8.205239,13.30481,3.9169402,3.3208601,1,15
2020-04-01,occitanie,43.704395868447584,2.139766354725083,2390.6902,71.78933,190.59753,12.383694,17.849674,7.8059816,2.7854874,1,15
2020-05-01,occitanie,43.704395868447584,2.139766354725083,2230.7517,71.262314,239.4625,16.384178,22.045233,10.881401,2.9723217,1,15
2020-06-01,occitanie,43.704395868447584,2.139766354725083,2437.53,73.072495,234.19536,17.176857,22.823828,12.182831,2.8366885,1,15
2020-07-01,occitanie,43.704395868447584,2.139766354725083,357.49033,63.078175,263.81433,21.455307,28.015669,15.188921,2.8593135,1,15
2020-08-01,occitanie,43.704395868447584,2.139766354725083,1255.6257,64.95711,234.10039,21.36607,28.196745,15.563494,2.8207572,1,15
2020-09-01,occitanie,43.704395868447584,2.139766354725083,2321.6633,69.405075,181.15779,17.406672,23.757708,12.105779,2.7034397,1,15
2020-10-01,occitanie,43.704395868447584,2.139766354725083,2679.9548,82.15994,99.95679,11.203478,15.819353,7.700095,3.2263215,1,15
2020-11-01,occitanie,43.704395868447584,2.139766354725083,1088.1367,79.72825,83.32068,9.77553,15.042779,5.8692765,2.5576277,1,15
2020-12-01,occitanie,43.704395868447584,2.139766354725083,3485.197,85.719864,44.81953,5.315753,8.528477,2.5105252,3.3197134,1,15
2021-01-01,occitanie,43.704395868447584,2.139766354725083,2258.813,81.24092,60.175426,3.2753012,6.9455895,0.115763865,3.1668005,1,15
2021-02-01,occitanie,43.704395868447584,2.139766354725083,1608.6,81.55104,91.22232,8.264569,12.420704,4.920449,3.5911303,1,15
2021-03-01,occitanie,43.704395868447584,2.139766354725083,601.4129,70.275566,163.94678,8.002452,13.422432,3.339659,3.298291,1,15
2021-04-01,occitanie,43.704395868447584,2.139766354725083,1139.6567,63.87969,204.2382,9.654677,15.442596,4.3330393,3.085523,1,15
2021-05-01,occitanie,43.704395868447584,2.139766354725083,2071.2388,72.71442,219.78711,12.833346,18.560411,7.727448,3.1288364,1,15
2021-06-01,occitanie,43.704395868447584,2.139766354725083,2097.0767,72.676865,248.00783,18.915514,24.7023,13.754346,2.9662344,1,15
2021-07-01,occitanie,43.704395868447584,2.139766354725083,1754.5549,73.18184,235.5277,19.685356,25.423512,14.53465,2.8666875,1,15
2021-08-01,occitanie,43.704395868447584,2.139766354725083,555.0968,69.76705,232.69876,19.615837,26.005842,13.9477215,2.7491708,1,15
2021-09-01,occitanie,43.704395868447584,2.139766354725083,2502.0635,78.32425,163.14845,17.977137,23.79229,13.558345,2.3657029,1,15
2021-10-01,occitanie,43.704395868447584,2.139766354725083,1875.6355,76.56228,130.633,12.299101,18.374144,7.311595,2.637161,1,15
2021-11-01,occitanie,43.704395868447584,2.139766354725083,2150.6267,83.91749,69.45258,6.4107475,10.299151,3.5945077,2.7702887,1,15
2021-12-01,occitanie,43.704395868447584,2.139766354725083,2713.9033,81.93528,58.65651,6.166135,11.206101,2.448673,2.846456,1,15
2022-01-01,occitanie,43.704395868447584,2.139766354725083,1487.6516,74.72036,80.380005,3.547796,9.090452,-0.50483596,2.6247556,1,15
2022-02-01,occitanie,43.704395868447584,2.139766354725083,869.3572,75.13523,109.42024,7.056427,12.158252,2.8407035,3.46991,1,15
2022-03-01,occitanie,43.704395868447584,2.139766354725083,2390.8967,74.28295,133.88766,8.357655,12.964149,4.471948,3.456192,1,15
2022-04-01,occitanie,43.704395868447584,2.139766354725083,1699.72,73.11562,191.54453,10.354498,15.652995,5.651137,3.476689,1,15
2022-05-01,occitanie,43.704395868447584,2.139766354725083,585.7936,67.23788,259.60077,17.136341,23.436842,11.186272,2.9593854,1,15
2022-06-01,occitanie,43.704395868447584,2.139766354725083,1674.9634,67.77229,264.24817,20.846077,27.285715,15.067205,3.06814,1,15
2022-07-01,occitanie,43.704395868447584,2.139766354725083,187.25162,55.470955,305.35303,23.399284,30.721395,16.059937,2.9278252,1,15
2022-08-01,occitanie,43.704395868447584,2.139766354725083,1065.7097,60.626022,245.13855,23.311815,30.566404,16.768734,2.858059,1,15
2022-09-01,occitanie,43.704395868447584,2.139766354725083,1929.2334,70.28052,184.09418,17.53976,23.874619,12.489669,2.7892497,1,15
2022-10-01,occitanie,43.704395868447584,2.139766354725083,635.9419,77.44364,118.12565,16.689528,22.296803,12.2625,2.692758,1,15
2022-11-01,occitanie,43.704395868447584,2.139766354725083,2516.35,81.79897,72.91404,9.612997,14.302252,6.1025796,2.8222356,1,15
2022-12-01,occitanie,43.704395868447584,2.139766354725083,1276.7903,84.3816,53.9896,6.758515,11.237539,3.2286272,2.4538507,1,15
2023-01-01,occitanie,43.704395868447584,2.139766354725083,1705.6066,81.835205,57.83158,3.9420705,7.4919367,1.1327709,3.2899065,1,15
2023-02-01,occitanie,43.704395868447584,2.139766354725083,614.575,71.91026,117.463806,5.083353,11.165782,0.19920631,2.8305833,1,15
2023-03-01,occitanie,43.704395868447584,2.139766354725083,1731.4839,73.48941,151.96579,9.161293,14.708713,4.5163684,3.4074907,1,15
2023-04-01,occitanie,43.704395868447584,2.139766354725083,1653.04,70.48191,201.2972,11.200404,17.037027,6.1817136,3.379156,1,15
2023-05-01,occitanie,43.704395868447584,2.139766354725083,2578.5808,74.3384,226.65471,14.418005,20.24313,9.751184,3.0810015,1,15
2023-06-01,occitanie,43.704395868447584,2.139766354725083,2622.75,74.59239,245.40889,19.649158,25.555172,14.599403,2.7694228,1,15
2023-07-01,occitanie,43.704395868447584,2.139766354725083,736.30646,68.75056,268.719,21.455166,27.70862,15.765558,3.042047,1,15
2023-08-01,occitanie,43.704395868447584,2.139766354725083,956.14514,64.12073,238.32045,21.720095,28.561821,15.861989,3.1409595,1,15
2023-09-01,occitanie,43.704395868447584,2.139766354725083,1361.07,67.05879,196.27562,19.700762,26.773657,13.916003,2.7047498,1,15
2023-10-01,occitanie,43.704395868447584,2.139766354725083,2131.1453,72.09495,124.55792,15.746043,22.011614,10.8258095,2.8213243,1,15
2023-11-01,occitanie,43.704395868447584,2.139766354725083,3152.5532,81.33773,69.63255,8.805549,13.300082,5.1875763,3.0976443,1,15
2023-12-01,occitanie,43.704395868447584,2.139766354725083,1823.3743,80.25563,55.695423,6.569412,10.967821,3.1071956,2.948353,1,15
2024-01-01,occitanie,43.704395868447584,2.139766354725083,988.5226,80.33934,63.691444,5.8609524,10.389259,2.3332777,2.7707272,0,0
2024-02-01,occitanie,43.704395868447584,2.139766354725083,2378.4448,78.63408,89.57593,7.7922025,12.478724,4.1743007,3.3238392,0,0
2024-03-01,occitanie,43.704395868447584,2.139766354725083,3037.584,75.89235,146.19441,9.443448,14.610634,5.033704,3.669898,0,0
2024-04-01,occitanie,43.704395868447584,2.139766354725083,2038.9467,69.35269,200.08058,11.015674,16.545029,6.199752,3.81522,0,0
2024-05-01,occitanie,43.704395868447584,2.139766354725083,3161.4097,77.73254,212.14519,13.486774,18.783222,8.964368,2.896911,0,0
2024-06-01,occitanie,43.704395868447584,2.139766354725083,1793.1901,73.96835,234.21855,18.081821,23.665176,13.018141,3.0251417,0,0
2024-07-01,occitanie,43.704395868447584,2.139766354725083,1084.4259,69.14156,266.52182,21.453352,27.780323,15.582317,2.9631202,0,0
2024-08-01,occitanie,43.704395868447584,2.139766354725083,1220.471,68.190445,240.86096,21.830843,28.51904,16.006292,2.88666,0,0
2024-09-01,occitanie,43.704395868447584,2.139766354725083,2592.05,77.35354,152.48775,15.336101,20.605904,11.254823,3.0087306,0,0
2024-10-01,occitanie,43.704395868447584,2.139766354725083,3800.4614,83.84986,102.43975,14.383556,19.092577,10.798957,2.7996233,0,0
2024-11-01,occitanie,43.704395868447584,2.139766354725083,1387.8967,82.96032,78.343185,9.877037,15.068735,5.9521365,2.610372,1,2
2024-12-01,occitanie,43.704395868447584,2.139766354725083,1570.429,81.85107,56.037926,5.424938,9.976151,2.064407,2.9005713,1,2
2000-01-01,auvergne_rhone_alpes,45.51177792927013,4.544969089166243,504.20642,84.083786,55.548588,0.17340663,4.0758834,-2.8902414,2.2587507,0,0
2000-02-01,auvergne_rhone_alpes,45.51177792927013,4.544969089166243,2494.9036,79.46308,89.046684,3.7895436,8.422093,-0.044451933,2.7932844,0,0
2000-03-01,auvergne_rhone_alpes,45.51177792927013,4.544969089166243,1491.8839,74.13794,145.48746,4.9044647,10.278657,0.4862187,2.9021301,0,0
2000-04-01,auvergne_rhone_alpes,45.51177792927013,4.544969089166243,3087.1934,74.67742,167.85039,8.183659,13.293997,3.5726101,3.0769124,0,0
2000-05-01,auvergne_rhone_alpes,45.51177792927013,4.544969089166243,2214.916,75.09649,218.39948,13.472336,19.259434,8.274075,2.3112566,0,0
2000-06-01,auvergne_rhone_alpes,45.51177792927013,4.544969089166243,1617.4033,69.83148,261.9634,16.64454,22.375462,10.954056,2.784837,0,0
2000-07-01,auvergne_rhone_alpes,45.51177792927013,4.544969089166243,2808.1611,72.99173,233.45569,15.576754,21.254887,10.358839,2.716188,0,0
2000-08-01,auvergne_rhone_alpes,45.51177792927013,4.544969089166243,2055.1,71.766846,213.20102,18.416725,24.883087,12.772998,2.1579475,0,0
2000-09-01,auvergne_rhone_alpes,45.51177792927013,4.544969089166243,2892.6533,75.28974,171.3859,14.593023,20.908993,9.448691,2.1370292,0,0
2000-10-01,auvergne_rhone_alpes,45.51177792927013,4.544969089166243,3652.6677,82.63248,89.73388,9.593666,14.022228,6.0774927,2.5623415,0,0
2000-11-01,auvergne_rhone_alpes,45.51177792927013,4.544969089166243,4031.9268,83.459854,49.721462,5.6038666,9.174737,2.4884975,3.2199929,0,0
2000-12-01,auvergne_rhone_alpes,45.51177792927013,4.544969089166243,1729.3162,79.74616,40.327477,4.833856,8.52088,1.7587966,2.9063895,0,0
2001-01-01,auvergne_rhone_alpes,45.51177792927013,4.544969089166243,2677.6387,83.18839,42.43274,2.9228446,6.0976586,0.0029597194,2.815105,0,0
2001-02-01,auvergne_rhone_alpes,45.51177792927013,4.544969089166243,1020.72144,76.89716,87.23667,2.8852186,7.2082977,-0.65915984,3.2023926,0,0
2001-03-01,auvergne_rhone_alpes,45.51177792927013,4.544969089166243,4964.081,80.64572,105.99577,7.4970393,11.85864,3.8464837,3.0503263,0,0
2001-04-01,auvergne_rhone_alpes,45.51177792927013,4.544969089166243,3361.0698,77.10182,163.55214,6.2643733,10.743335,2.4809303,3.2720933,0,0
2001-05-01,auvergne_rhone_alpes,45.51177792927013,4.544969089166243,2831.4902,78.16839,213.36238,13.294733,18.528816,8.639867,2.325904,0,0
2001-06-01,auvergne_rhone_alpes,45.51177792927013,4.544969089166243,2378.06,69.949455,265.7918,15.034148,20.989779,9.152676,2.4155807,0,0
2001-07-01,auvergne_rhone_alpes,45.51177792927013,4.544969089166243,2559.716,72.8169,243.7559,17.729034,23.732702,12.207848,2.3500729,0,0
2001-08-01,auvergne_rhone_alpes,45.51177792927013,4.544969089166243,2011.3484,72.03389,220.58685,18.359211,24.689697,12.829091,2.1801412,0,0
2001-09-01,auvergne_rhone_alpes,45.51177792927013,4.544969089166243,2725.7168,79.77078,150.75111,11.145493,16.286173,6.908534,2.4880786,0,0
2001-10-01,auvergne_rhone_alpes,45.51177792927013,4.544969089166243,2920.2065,80.8258,114.08848,12.935333,18.67964,8.541715,2.3174145,0,0
2001-11-01,auvergne_rhone_alpes,45.51177792927013,4.544969089166243,1310.4567,85.187965,60.50987,2.7564704,6.5053425,-0.38221782,2.5800896,0,0
2001-12-01,auvergne_rhone_alpes,45.51177792927013,4.544969089166243,777.40967,82.89153,49.49757,-0.99336123,2.6001976,-4.049008,2.4214787,0,0
2002-01-01,auvergne_rhone_alpes,45.51177792927013,4.544969089166243,871.91296,78.51347,62.316147,1.8606908,6.935382,-1.9760357,2.130858,0,0
2002-02-01,auvergne_rhone_alpes,45.51177792927013,4.544969089166243,2319.1392,79.27891,73.71831,4.528678,8.309048,1.2890395,3.122243,0,0
2002-03-01,auvergne_rhone_alpes,45.51177792927013,4.544969089166243,1232.2549,70.57182,147.24706,6.475392,11.703503,1.9569688,3.0508745,0,0
2002-04-01,auvergne_rhone_alpes,45.51177792927013,4.544969089166243,839.5033,68.85186,188.91483,8.337597,13.979445,3.0191212,2.8379831,0,0
2002-05-01,auvergne_rhone_alpes,45.51177792927013,4.544969089166243,3485.868,75.22932,207.38536,10.930139,16.10157,6.108667,2.5573883,0,0
2002-06-01,auvergne_rhone_alpes,45.51177792927013,4.544969089166243,2273.4,69.902794,259.6852,17.430454,23.461374,11.565332,2.3245509,0,0
2002-07-01,auvergne_rhone_alpes,45.51177792927013,4.544969089166243,2558.4385,73.46891,233.62839,16.923649,22.618338,11.680046,2.6165187,0,0
2002-08-01,auvergne_rhone_alpes,45.51177792927013,4.544969089166243,3252.8228,78.60352,189.82912,16.340668,21.912807,11.784538,2.0701292,0,0
2002-09-01,auvergne_rhone_alpes,45.51177792927013,4.544969089166243,2620.1934,82.88339,152.59225,12.527659,17.637737,8.56281,2.3431032,0,0
2002-10-01,auvergne_rhone_alpes,45.51177792927013,4.544969089166243,2603.3486,80.72494,99.56726,10.119693,15.183202,5.931079,2.5888052,0,0
2002-11-01,auvergne_rhone_alpes,45.51177792927013,4.544969089166243,6461.05,85.86863,53.340065,6.7193227,10.479154,3.624921,2.7882416,0,0
2002-12-01,auvergne_rhone_alpes,45.51177792927013,4.544969089166243,2494.8936,87.0009,32.462547,4.303423,7.13648,1.8756924,2.4947546,0,0
2003-01-01,auvergne_rhone_alpes,45.51177792927013,4.544969089166243,2008.5033,83.32968,51.48249,-0.3373344,3.0256665,-3.3372808,3.1472716,0,0
2003-02-01,auvergne_rhone_alpes,45.51177792927013,4.544969089166243,1115.7537,74.56034,96.78664,-0.06665846,4.5188003,-3.7510765,2.651511,0,0
2003-03-01,auvergne_rhone_alpes,45.51177792927013,4.544969089166243,651.13226,65.347725,172.75764,6.7214,13.34344,1.0273218,2.3830497,0,0
2003-04-01,auvergne_rhone_alpes,45.51177792927013,4.544969089166243,1700.3767,65.970924,199.59868,8.834376,14.56894,3.41632,3.272239,0,0
2003-05-01,auvergne_rhone_alpes,45.51177792927013,4.544969089166243,1211.6064,70.90986,225.81354,13.341533,19.287916,7.859503,2.6701758,0,0
2003-06-01,auvergne_rhone_alpes,45.51177792927013,4.544969089166243,1094.5801,63.242588,281.36575,21.097158,28.091192,14.53756,2.462578,0,0
2003-07-01,auvergne_rhone_alpes,45.51177792927013,4.544969089166243,1280.3032,61.007233,270.06003,19.694056,26.4621,13.125386,2.5134747,0,0
2003-08-01,auvergne_rhone_alpes,45.51177792927013,4.544969089166243,1887.5613,57.960537,237.14397,22.214714,29.878649,15.455027,2.048454,0,0
2003-09-01,auvergne_rhone_alpes,45.51177792927013,4.544969089166243,1881.4167,72.737045,173.30841,14.089312,20.197067,8.903278,2.3122227,0,0
2003-10-01,auvergne_rhone_alpes,45.51177792927013,4.544969089166243,3981.0774,83.06192,96.49777,7.8291125,12.425107,4.164733,2.481849,0,0
2003-11-01,auvergne_rhone_alpes,45.51177792927013,4.544969089166243,2381.2236,82.51861,63.279922,6.4419565,10.992675,2.6870363,2.3844585,0,0
2003-12-01,auvergne_rhone_alpes,45.51177792927013,4.544969089166243,3189.7068,82.33843,45.09685,2.2716393,6.0890846,-0.824389,2.7698016,0,0
2004-01-01,auvergne_rhone_alpes,45.51177792927013,4.544969089166243,3299.7324,84.78605,44.776207,1.3065062,4.376278,-1.6072347,3.1350796,0,0
2004-02-01,auvergne_rhone_alpes,45.51177792927013,4.544969089166243,1126.9758,76.45363,95.441986,1.8203988,6.792188,-1.9569033,2.472336,0,0
2004-03-01,auvergne_rhone_alpes,45.51177792927013,4.544969089166243,1592.2773,75.14976,136.42409,3.844389,8.816835,-0.27834213,2.9437275,0,0
2004-04-01,auvergne_rhone_alpes,45.51177792927013,4.544969089166243,2307.1301,76.58002,164.9094,7.323393,12.055918,3.1442952,3.0312865,0,0
2004-05-01,auvergne_rhone_alpes,45.51177792927013,4.544969089166243,1452.1903,72.808914,239.38263,11.03485,16.86502,5.6249213,2.5581512,0,0
2004-06-01,auvergne_rhone_alpes,45.51177792927013,4.544969089166243,957.71,67.30178,266.92242,16.411577,22.490728,10.486153,2.841546,0,0
2004-07-01,auvergne_rhone_alpes,45.51177792927013,4.544969089166243,1367.2452,66.64311,256.05002,17.687008,24.176376,11.788998,2.6393766,0,0
2004-08-01,auvergne_rhone_alpes,45.51177792927013,4.544969089166243,4599.526,74.60469,205.45245,17.5929,23.59845,12.747642,2.3691552,0,0
2004-09-01,auvergne_rhone_alpes,45.51177792927013,4.544969089166243,773.6233,76.26378,177.29408,14.610673,20.60333,9.556157,2.2488525,0,0
2004-10-01,auvergne_rhone_alpes,45.51177792927013,4.544969089166243,4640.7515,82.944305,89.714294,11.687119,16.203749,8.107257,2.4679844,0,0
2004-11-01,auvergne_rhone_alpes,45.51177792927013,4.544969089166243,1484.3167,85.03784,57.384045,3.966954,7.720432,1.1294717,2.4587383,0,0
2004-12-01,auvergne_rhone_alpes,45.51177792927013,4.544969089166243,1583.9064,83.90652,41.891815,1.6814585,5.3539915,-1.2175074,2.4229982,0,0
2005-01-01,auvergne_rhone_alpes,45.51177792927013,4.544969089166243,1386.8322,80.31806,61.26908,0.56933945,4.9450116,-2.8165057,2.7808082,0,0
2005-02-01,auvergne_rhone_alpes,45.51177792927013,4.544969089166243,1306.0537,81.18406,87.871086,-1.7573087,2.2628741,-4.8048873,2.9676702,0,0
2005-03-01,auvergne_rhone_alpes,45.51177792927013,4.544969089166243,1094.9258,74.62955,147.12793,4.4778533,9.949881,-0.2136605,2.4164934,0,0
2005-04-01,auvergne_rhone_alpes,45.51177792927013,4.544969089166243,3803.9736,73.34013,174.17482,7.9727435,12.929857,3.4182646,3.0321982,0,0
2005-05-01,auvergne_rhone_alpes,45.51177792927013,4.544969089166243,1835.6646,68.9016,241.04803,12.831147,18.534964,7.420882,2.7595692,0,0
2005-06-01,auvergne_rhone_alpes,45.51177792927013,4.544969089166243,1467.4567,67.92047,281.92752,17.822048,24.184364,11.7127075,2.51892,0,0
2005-07-01,auvergne_rhone_alpes,45.51177792927013,4.544969089166243,1236.9839,66.39127,253.68375,18.354332,24.513521,12.659829,2.7262347,0,0
2005-08-01,auvergne_rhone_alpes,45.51177792927013,4.544969089166243,1568.4097,69.61118,214.70659,16.159775,22.088987,10.754874,2.6020114,0,0
2005-09-01,auvergne_rhone_alpes,45.51177792927013,4.544969089166243,2103.8667,78.33137,155.83032,14.346474,20.044695,9.853149,2.0838223,0,0
2005-10-01,auvergne_rhone_alpes,45.51177792927013,4.544969089166243,2275.5679,79.103294,102.8427,12.239055,17.286375,8.421848,2.7388725,0,0
2005-11-01,auvergne_rhone_alpes,45.51177792927013,4.544969089166243,1635.6766,82.47196,67.650345,3.7623649,8.032291,0.5865304,2.3982008,0,0
2005-12-01,auvergne_rhone_alpes,45.51177792927013,4.544969089166243,1807.9033,84.46208,42.116833,-1.0280194,2.3212156,-3.993516,2.7510095,0,0
2006-01-01,auvergne_rhone_alpes,45.51177792927013,4.544969089166243,1204.5935,82.09721,57.621826,0.015049947,4.021769,-2.8468459,2.3150218,0,0
2006-02-01,auvergne_rhone_alpes,45.51177792927013,4.544969089166243,1572.7786,82.24257,80.50131,0.087488614,4.0563874,-2.9587836,2.6726408,0,0
2006-03-01,auvergne_rhone_alpes,45.51177792927013,4.544969089166243,3356.729,77.99103,127.3064,4.0378366,8.670557,0.19028074,3.27972,0,0
2006-04-01,auvergne_rhone_alpes,45.51177792927013,4.544969089166243,1876.3401,73.08673,195.21779,8.266437,13.795827,3.3450565,2.8925762,0,0
2006-05-01,auvergne_rhone_alpes,45.51177792927013,4.544969089166243,2418.3806,73.72151,213.73322,12.215145,17.834639,7.2010655,2.8522499,0,0
2006-06-01,auvergne_rhone_alpes,45.51177792927013,4.544969089166243,1256.3434,63.836205,285.45383,17.356121,23.970932,10.82585,2.7384543,0,0
2006-07-01,auvergne_rhone_alpes,45.51177792927013,4.544969089166243,1962.2871,66.5205,266.74512,21.524761,28.375252,15.243644,2.1343622,0,0
2006-08-01,auvergne_rhone_alpes,45.51177792927013,4.544969089166243,3221.1611,75.37779,198.52277,14.786642,20.111502,10.473142,2.844843,0,0
2006-09-01,auvergne_rhone_alpes,45.51177792927013,4.544969089166243,2720.08,77.280975,161.14113,16.47739,22.112406,11.939355,2.471545,0,0
2006-10-01,auvergne_rhone_alpes,45.51177792927013,4.544969089166243,2140.139,78.66403,105.98858,13.000896,18.10346,8.977455,2.7490566,0,0
2006-11-01,auvergne_rhone_alpes,45.51177792927013,4.544969089166243,2178.5103,78.25009,68.50526,7.399508,12.013077,3.6507425,3.0950148,0,0
2006-12-01,auvergne_rhone_alpes,45.51177792927013,4.544969089166243,1425.0065,79.595665,49.709717,2.843888,7.3147807,-0.5958333,2.3719404,0,0
2007-01-01,auvergne_rhone_alpes,45.51177792927013,4.544969089166243,1739.1227,84.542725,53.15059,3.3406236,7.013446,0.3197943,2.7005193,0,0
2007-02-01,auvergne_rhone_alpes,45.51177792927013,4.544969089166243,2598.1714,79.50776,79.72063,4.7341046,9.3020735,1.0849965,2.9946718,0,0
2007-03-01,auvergne_rhone_alpes,45.51177792927013,4.544969089166243,1935.4679,76.281425,137.40565,4.885559,9.849127,0.7707482,3.2051065,0,0
2007-04-01,auvergne_rhone_alpes,45.51177792927013,4.544969089166243,914.9933,69.560265,216.42415,12.089347,18.675125,6.06948,2.2022727,0,0
2007-05-01,auvergne_rhone_alpes,45.51177792927013,4.544969089166243,4120.3354,76.81085,202.37627,12.85772,18.100245,8.373299,2.9771926,0,0
2007-06-01,auvergne_rhone_alpes,45.51177792927013,4.544969089166243,3350.067,77.82343,230.7744,15.709415,21.39942,10.773869,2.4243195,0,0
2007-07-01,auvergne_rhone_alpes,45.51177792927013,4.544969089166243,2957.9712,72.25716,245.11609,16.70901,22.36826,11.650423,2.7041166,0,0
2007-08-01,auvergne_rhone_alpes,45.51177792927013,4.544969089166243,3278.197,77.8089,196.43471,16.127155,21.647562,11.403278,2.4507663,0,0
2007-09-01,auvergne_rhone_alpes,45.51177792927013,4.544969089166243,2073.8667,78.05736,178.808,12.480422,18.302666,7.701951,2.6802564,0,0
2007-10-01,auvergne_rhone_alpes,45.51177792927013,4.544969089166243,522.129,81.05659,115.62924,9.01049,14.257767,5.235451,2.4247048,0,0
2007-11-01,auvergne_rhone_alpes,45.51177792927013,4.544969089166243,2108.77,81.75782,63.63003,3.2927632,7.1330953,0.20333494,3.0446672,1,1
2007-12-01,auvergne_rhone_alpes,45.51177792927013,4.544969089166243,2038.0386,81.646515,49.933865,1.0830675,5.0916157,-1.929062,2.63025,1,11
2008-01-01,auvergne_rhone_alpes,45.51177792927013,4.544969089166243,2305.9678,78.56564,58.87219,3.6296945,8.037102,0.11430527,2.8226292,1,12
2008-02-01,auvergne_rhone_alpes,45.51177792927013,4.544969089166243,803.8552,75.37464,106.78369,4.0391397,9.983984,-0.5616009,2.3915272,1,16
2008-03-01,auvergne_rhone_alpes,45.51177792927013,4.544969089166243,2494.3645,76.98709,125.976,3.6342397,8.148716,0.034041144,3.685899,1,16
2008-04-01,auvergne_rhone_alpes,45.51177792927013,4.544969089166243,3353.46,75.239624,173.82378,7.321921,12.348849,3.060218,3.1497793,1,16
2008-05-01,auvergne_rhone_alpes,45.51177792927013,4.544969089166243,3619.9387,74.557274,209.00084,13.324199,18.917358,8.439945,2.4194646,1,21
2008-06-01,auvergne_rhone_alpes,45.51177792927013,4.544969089166243,2475.6233,77.0947,231.96088,15.601906,20.837303,10.9222555,2.3055758,0,0
2008-07-01,auvergne_rhone_alpes,45.51177792927013,4.544969089166243,2724.1643,72.3419,259.29166,17.323954,23.509338,11.512015,2.3567383,0,0
2008-08-01,auvergne_rhone_alpes,45.51177792927013,4.544969089166243,2326.5193,76.23501,214.99625,16.762785,22.838694,11.5707,2.2331586,0,0
2008-09-01,auvergne_rhone_alpes,45.51177792927013,4.544969089166243,3202.6733,79.91838,161.7993,12.117065,17.860886,7.5005145,2.355616,0,0
2008-10-01,auvergne_rhone_alpes,45.51177792927013,4.544969089166243,3338.8518,83.309494,97.248505,9.436531,14.424182,5.6178412,2.2627466,0,0
2008-11-01,auvergne_rhone_alpes,45.51177792927013,4.544969089166243,2978.9866,85.83455,51.988617,4.452646,7.871696,1.7393864,2.7560735,0,0
2008-12-01,auvergne_rhone_alpes,45.51177792927013,4.544969089166243,2467.9712,85.915085,39.188335,0.57674026,3.6548312,-1.976329,2.6169374,0,0
2009-01-01,auvergne_rhone_alpes,45.51177792927013,4.544969089166243,1502.6516,81.59443,57.270027,-0.76393527,3.6281066,-4.0228243,2.3717768,0,0
2009-02-01,auvergne_rhone_alpes,45.51177792927013,4.544969089166243,1990.4536,80.47419,87.93911,0.965246,5.0580153,-2.438444,2.9880943,0,0
2009-03-01,auvergne_rhone_alpes,45.51177792927013,4.544969089166243,1226.4194,71.71491,147.96877,4.448118,9.566371,-0.0055620996,3.2215478,0,0
2009-04-01,auvergne_rhone_alpes,45.51177792927013,4.544969089166243,2332.4368,75.191025,174.44537,9.254919,14.525329,4.7340007,2.8016403,0,0
2009-05-01,auvergne_rhone_alpes,45.51177792927013,4.544969089166243,1415.1162,69.917946,236.34868,14.518513,20.418953,8.983554,2.8848097,0,0
2009-06-01,auvergne_rhone_alpes,45.51177792927013,4.544969089166243,2368.1267,71.948235,262.42828,16.038317,22.071514,10.405954,2.8201563,0,0
2009-07-01,auvergne_rhone_alpes,45.51177792927013,4.544969089166243,1608.1581,67.13943,262.82758,18.525005,25.061954,12.592817,2.6761122,0,0
2009-08-01,auvergne_rhone_alpes,45.51177792927013,4.544969089166243,1949.2097,67.138466,237.73492,19.372927,26.42651,13.096971,2.2943287,0,0
2009-09-01,auvergne_rhone_alpes,45.51177792927013,4.544969089166243,1214.6667,78.04035,163.6829,14.474657,20.415697,9.814485,2.212245,0,0
2009-10-01,auvergne_rhone_alpes,45.51177792927013,4.544969089166243,1737.5354,76.88063,115.27347,9.778691,15.371923,5.3371067,2.6426222,0,0
2009-11-01,auvergne_rhone_alpes,45.51177792927013,4.544969089166243,3022.45,81.17628,55.298817,7.2990336,11.334159,3.9008825,2.9406166,0,0
2009-12-01,auvergne_rhone_alpes,45.51177792927013,4.544969089166243,2596.942,84.93875,34.71011,1.74563,4.8970857,-1.2145848,2.9487708,0,0
2010-01-01,auvergne_rhone_alpes,45.51177792927013,4.544969089166243,1563.584,86.26071,47.454536,-1.6971382,1.538649,-4.3149705,2.3446305,0,0
2010-02-01,auvergne_rhone_alpes,45.51177792927013,4.544969089166243,2532.7534,81.76092,78.138535,0.63575363,4.4243784,-2.6389456,3.2939346,0,0
2010-03-01,auvergne_rhone_alpes,45.51177792927013,4.544969089166243,1976.0807,73.03166,138.682,3.7902172,8.712126,-0.32339123,3.2937365,0,0
2010-04-01,auvergne_rhone_alpes,45.51177792927013,4.544969089166243,1030.67,69.84953,207.59238,9.095223,14.996734,3.7074761,2.611748,0,0
2010-05-01,auvergne_rhone_alpes,45.51177792927013,4.544969089166243,3624.6968,78.16827,190.19699,10.255061,14.882903,6.2038355,2.8517828,0,0
2010-06-01,auvergne_rhone_alpes,45.51177792927013,4.544969089166243,2681.3398,76.980934,229.61563,15.415165,20.711554,10.537674,2.7000384,0,0
2010-07-01,auvergne_rhone_alpes,45.51177792927013,4.544969089166243,1518.9452,69.32325,266.49265,19.503046,25.795307,13.679685,2.3800602,0,0
2010-08-01,auvergne_rhone_alpes,45.51177792927013,4.544969089166243,1807.2614,72.407875,217.8378,16.93617,22.929285,11.7912035,2.4236505,0,0
2010-09-01,auvergne_rhone_alpes,45.51177792927013,4.544969089166243,2710.4302,76.36603,170.75995,12.895662,18.996254,7.812504,2.213349,0,0
2010-10-01,auvergne_rhone_alpes,45.51177792927013,4.544969089166243,2779.445,79.53739,103.22086,9.042317,13.72493,5.2846565,2.9322932,0,0
2010-11-01,auvergne_rhone_alpes,45.51177792927013,4.544969089166243,3098.67,86.61451,49.817383,4.5776196,7.940868,1.8263946,2.6498291,0,0
2010-12-01,auvergne_rhone_alpes,45.51177792927013,4.544969089166243,2108.9902,84.34974,40.476448,-0.25765666,3.315835,-3.6444595,3.049051,0,0
2011-01-01,auvergne_rhone_alpes,45.51177792927013,4.544969089166243,902.41614,82.840965,54.879063,1.1187993,4.9319053,-1.8566222,2.6237786,0,0
2011-02-01,auvergne_rhone_alpes,45.51177792927013,4.544969089166243,1088.6608,78.4853,86.21655,3.0645342,8.138163,-0.6672298,2.2414694,0,0
2011-03-01,auvergne_rhone_alpes,45.51177792927013,4.544969089166243,1689.929,75.24878,141.1968,5.8738484,11.229866,1.447182,2.548397,0,0
2011-04-01,auvergne_rhone_alpes,45.51177792927013,4.544969089166243,453.25668,65.86783,233.00526,11.384238,17.961374,5.2873173,2.7048333,0,0
2011-05-01,auvergne_rhone_alpes,45.51177792927013,4.544969089166243,1398.3064,65.85946,261.54465,14.413062,21.149828,8.12624,2.5672174,0,0
2011-06-01,auvergne_rhone_alpes,45.51177792927013,4.544969089166243,2270.9534,72.884735,230.16666,15.51312,21.301325,10.301767,2.5296228,0,0
2011-07-01,auvergne_rhone_alpes,45.51177792927013,4.544969089166243,3417.8774,72.34325,230.87386,15.629277,21.169249,10.49976,2.5394037,0,0
2011-08-01,auvergne_rhone_alpes,45.51177792927013,4.544969089166243,2042.758,70.34253,232.34833,18.420586,25.125145,12.437849,2.2923698,0,0
2011-09-01,auvergne_rhone_alpes,45.51177792927013,4.544969089166243,1335.6001,76.57886,178.94157,15.917524,22.2919,10.651086,2.0104253,0,0
2011-10-01,auvergne_rhone_alpes,45.51177792927013,4.544969089166243,1659.3711,79.9205,118.92245,10.56436,16.300907,6.138849,2.3297126,0,0
2011-11-01,auvergne_rhone_alpes,45.51177792927013,4.544969089166243,2242.89,81.39095,66.04362,7.5951834,12.58705,4.062864,2.1580672,0,0
2011-12-01,auvergne_rhone_alpes,45.51177792927013,4.544969089166243,4187.6357,85.55754,38.537804,3.7497802,7.0625134,0.7472808,3.0651438,0,0
2012-01-01,auvergne_rhone_alpes,45.51177792927013,4.544969089166243,2021.7031,86.02861,49.491375,2.0149915,5.4192553,-0.69845146,2.6624293,0,0
2012-02-01,auvergne_rhone_alpes,45.51177792927013,4.544969089166243,187.71379,74.941376,107.15244,-3.1820843,1.4465947,-7.0326343,3.1857438,0,0
2012-03-01,auvergne_rhone_alpes,45.51177792927013,4.544969089166243,771.8258,66.68294,175.025,7.5044937,13.941562,1.8930117,2.8072035,0,0
2012-04-01,auvergne_rhone_alpes,45.51177792927013,4.544969089166243,3958.0435,76.46908,154.6592,7.3470798,12.004554,3.5149677,3.5285974,0,0
2012-05-01,auvergne_rhone_alpes,45.51177792927013,4.544969089166243,2738.255,74.4127,226.9506,12.931057,18.634972,7.732783,2.6446936,0,0
2012-06-01,auvergne_rhone_alpes,45.51177792927013,4.544969089166243,2675.68,73.32014,252.51266,16.749718,22.430717,11.684552,2.6028764,0,0
2012-07-01,auvergne_rhone_alpes,45.51177792927013,4.544969089166243,1849.1033,69.90879,259.00793,17.23163,23.308403,11.661351,2.4634771,0,0
2012-08-01,auvergne_rhone_alpes,45.51177792927013,4.544969089166243,2115.6582,67.777115,236.25218,19.18022,26.127487,13.182088,2.3318076,0,0
2012-09-01,auvergne_rhone_alpes,45.51177792927013,4.544969089166243,2534.14,76.71546,153.7122,14.120943,19.680359,9.442212,2.650289,0,0
2012-10-01,auvergne_rhone_alpes,45.51177792927013,4.544969089166243,2035.5,79.965546,98.97406,10.839278,15.682263,7.049574,2.7068121,0,0
2012-11-01,auvergne_rhone_alpes,45.51177792927013,4.544969089166243,3496.3232,83.77252,56.708202,6.100276,10.163392,2.9368138,2.6091278,0,0
2012-12-01,auvergne_rhone_alpes,45.51177792927013,4.544969089166243,3023.9453,83.539894,39.85806,2.4840589,5.8952127,-0.63700044,3.0349686,0,0
2013-01-01,auvergne_rhone_alpes,45.51177792927013,4.544969089166243,1780.5872,84.21068,47.651123,0.79772216,4.370243,-2.280541,2.6170843,0,0
2013-02-01,auvergne_rhone_alpes,45.51177792927013,4.544969089166243,1836.3823,83.35492,84.818985,-1.3239137,2.5374482,-4.4603615,2.9411843,0,0
2013-03-01,auvergne_rhone_alpes,45.51177792927013,4.544969089166243,2564.4646,77.85886,119.26537,3.751223,8.299594,0.28186128,2.9312234,0,0
2013-04-01,auvergne_rhone_alpes,45.51177792927013,4.544969089166243,2956.9568,75.34217,160.37822,7.970392,12.830992,3.499545,2.7330964,0,0
2013-05-01,auvergne_rhone_alpes,45.51177792927013,4.544969089166243,4363.2324,80.553474,182.07237,8.87847,13.579468,5.10344,2.6409695,0,0
2013-06-01,auvergne_rhone_alpes,45.51177792927013,4.544969089166243,1297.2168,73.427246,244.7567,14.735985,20.359386,9.722171,2.802689,0,0
2013-07-01,auvergne_rhone_alpes,45.51177792927013,4.544969089166243,2705.5098,70.34678,273.35007,19.533842,26.15974,13.437629,2.2833025,0,0
2013-08-01,auvergne_rhone_alpes,45.51177792927013,4.544969089166243,1728.2808,71.59877,239.77145,17.561441,23.73877,12.015503,2.3107283,0,0
2013-09-01,auvergne_rhone_alpes,45.51177792927013,4.544969089166243,2432.3801,76.82453,163.89049,14.464236,20.209986,9.887356,2.244335,0,0
2013-10-01,auvergne_rhone_alpes,45.51177792927013,4.544969089166243,3300.987,82.92298,90.08415,11.885379,16.106703,8.583111,2.677652,0,0
2013-11-01,auvergne_rhone_alpes,45.51177792927013,4.544969089166243,3442.58,84.941536,50.962383,3.521705,6.7108803,0.83293104,3.1766686,0,0
2013-12-01,auvergne_rhone_alpes,45.51177792927013,4.544969089166243,1903.0839,76.653435,54.466026,3.0547204,7.8960533,-0.59203655,2.6026275,0,0
2014-01-01,auvergne_rhone_alpes,45.51177792927013,4.544969089166243,3188.0676,83.37411,47.080944,3.8057604,7.3044534,0.94297814,2.6867816,0,0
2014-02-01,auvergne_rhone_alpes,45.51177792927013,4.544969089166243,3530.457,79.93011,75.937355,3.8838751,7.934141,0.49245057,3.2242572,0,0
2014-03-01,auvergne_rhone_alpes,45.51177792927013,4.544969089166243,1027.958,69.974625,161.1359,6.2951274,12.376836,1.2444036,2.6330068,0,0
2014-04-01,auvergne_rhone_alpes,45.51177792927013,4.544969089166243,1584.1533,70.94252,194.54044,9.565692,15.276519,4.4889917,2.6432118,0,0
2014-05-01,auvergne_rhone_alpes,45.51177792927013,4.544969089166243,2201.3708,72.186745,225.01102,11.184754,16.75738,6.300329,3.2399087,0,0
2014-06-01,auvergne_rhone_alpes,45.51177792927013,4.544969089166243,1451.3099,65.39056,271.2718,17.112661,23.497236,11.075374,2.6948073,0,0
2014-07-01,auvergne_rhone_alpes,45.51177792927013,4.544969089166243,4992.126,78.61613,202.25119,16.640015,21.813633,12.329777,2.3996325,0,0
2014-08-01,auvergne_rhone_alpes,45.51177792927013,4.544969089166243,2320.5967,76.24199,209.23051,15.773432,21.38843,11.134236,2.1251714,0,0
2014-09-01,auvergne_rhone_alpes,45.51177792927013,4.544969089166243,1852.7766,77.7891,178.45328,14.968548,21.029974,10.156759,2.1916203,0,0
2014-10-01,auvergne_rhone_alpes,45.51177792927013,4.544969089166243,2425.7583,80.696495,112.8241,12.568669,18.173395,8.434313,2.1663394,0,0
2014-11-01,auvergne_rhone_alpes,45.51177792927013,4.544969089166243,4848.707,83.68819,55.36969,8.093738,12.193345,4.877555,2.3120322,0,0
2014-12-01,auvergne_rhone_alpes,45.51177792927013,4.544969089166243,1467.042,84.734436,37.5335,2.5083382,5.6328697,-0.004132312,2.6698394,0,0
2015-01-01,auvergne_rhone_alpes,45.51177792927013,4.544969089166243,2480.9807,82.03254,50.54586,1.9427247,5.6935015,-1.2280096,2.6946557,0,0
2015-02-01,auvergne_rhone_alpes,45.51177792927013,4.544969089166243,1779.6643,80.38644,83.72486,0.4746179,4.45433,-2.6588085,2.9858193,0,0
2015-03-01,auvergne_rhone_alpes,45.51177792927013,4.544969089166243,1774.9194,75.20273,130.51772,5.7855053,10.71264,1.6326331,2.8283927,0,0
2015-04-01,auvergne_rhone_alpes,45.51177792927013,4.544969089166243,1965.04,65.95446,206.80052,9.656436,15.562161,4.257345,2.7842429,0,0
2015-05-01,auvergne_rhone_alpes,45.51177792927013,4.544969089166243,1828.1227,69.542885,230.73843,13.111287,18.736013,7.8401546,3.0319276,0,0
2015-06-01,auvergne_rhone_alpes,45.51177792927013,4.544969089166243,2176.83,68.32464,277.81534,17.640919,23.899145,11.639153,2.444981,0,0
2015-07-01,auvergne_rhone_alpes,45.51177792927013,4.544969089166243,1085.0967,57.7434,282.0404,21.307695,28.328976,14.72595,2.6538882,0,0
2015-08-01,auvergne_rhone_alpes,45.51177792927013,4.544969089166243,2178.1968,67.791,222.71756,18.891972,25.263227,13.178448,2.366285,0,0
2015-09-01,auvergne_rhone_alpes,45.51177792927013,4.544969089166243,3387.7437,75.88826,162.53416,12.648585,18.328623,8.032584,2.6295056,1,33
2015-10-01,auvergne_rhone_alpes,45.51177792927013,4.544969089166243,2215.0967,83.34788,97.83915,8.738635,13.563647,4.9786386,2.1381056,1,113
2015-11-01,auvergne_rhone_alpes,45.51177792927013,4.544969089166243,1599.9033,79.46606,73.63097,7.2367835,12.316705,3.229627,2.3575828,1,136
2015-12-01,auvergne_rhone_alpes,45.51177792927013,4.544969089166243,410.07422,79.83734,55.933826,6.0463433,11.170874,2.1968727,2.0030153,1,72
2016-01-01,auvergne_rhone_alpes,45.51177792927013,4.544969089166243,3067.7,83.82885,49.320015,3.4656036,7.228016,0.49217787,2.6420105,1,60
2016-02-01,auvergne_rhone_alpes,45.51177792927013,4.544969089166243,2599.045,82.22416,69.96953,3.5898151,7.321977,0.46709406,3.3333945,1,49
2016-03-01,auvergne_rhone_alpes,45.51177792927013,4.544969089166243,1852.5518,76.9678,135.11494,4.0324144,9.046695,-0.2193726,3.0574012,1,78
2016-04-01,auvergne_rhone_alpes,45.51177792927013,4.544969089166243,2972.1833,74.651566,171.28014,7.8784056,12.794282,3.8612266,3.0321102,1,114
2016-05-01,auvergne_rhone_alpes,45.51177792927013,4.544969089166243,3774.116,74.01841,202.76318,11.302305,16.62472,6.600081,3.0760715,1,108
2016-06-01,auvergne_rhone_alpes,45.51177792927013,4.544969089166243,2604.6367,77.631485,223.67352,15.6197,20.921856,11.129165,2.2755754,1,112
2016-07-01,auvergne_rhone_alpes,45.51177792927013,4.544969089166243,1622.6355,69.76167,251.49217,18.62388,24.933578,12.763879,2.3785434,1,112
2016-08-01,auvergne_rhone_alpes,45.51177792927013,4.544969089166243,970.7001,66.39418,243.58069,18.555574,25.465557,12.261456,2.2614222,1,112
2016-09-01,auvergne_rhone_alpes,45.51177792927013,4.544969089166243,1472.4401,71.26203,164.8605,16.167467,22.54691,10.965975,2.2631288,1,116
2016-10-01,auvergne_rhone_alpes,45.51177792927013,4.544969089166243,2535.7583,81.562454,105.23382,8.81735,13.937662,4.833573,2.1500366,1,214
2016-11-01,auvergne_rhone_alpes,45.51177792927013,4.544969089166243,4013.5432,83.72882,55.793552,5.547042,9.392761,2.39766,2.718321,1,550
2016-12-01,auvergne_rhone_alpes,45.51177792927013,4.544969089166243,339.59357,78.23948,57.468197,2.5156758,7.7586884,-1.0065151,1.6607038,1,1070
2017-01-01,auvergne_rhone_alpes,45.51177792927013,4.544969089166243,1034.1646,79.67621,58.61543,-1.2460765,2.6064808,-4.384134,2.7277741,1,1391
2017-02-01,auvergne_rhone_alpes,45.51177792927013,4.544969089166243,1772.4036,77.069626,87.95559,5.0044813,9.763469,1.2017877,3.0875413,1,1606
2017-03-01,auvergne_rhone_alpes,45.51177792927013,4.544969089166243,2272.855,74.59481,142.73293,7.7282324,13.236734,3.1017869,2.9004405,1,1784
2017-04-01,auvergne_rhone_alpes,45.51177792927013,4.544969089166243,1453.51,66.83768,220.69588,8.169799,14.170096,2.6164045,3.0389705,1,1894
2017-05-01,auvergne_rhone_alpes,45.51177792927013,4.544969089166243,2560.913,72.49874,240.46927,13.19159,19.068733,7.674698,2.551728,1,1926
2017-06-01,auvergne_rhone_alpes,45.51177792927013,4.544969089166243,2613.2266,69.72893,273.0383,18.536928,24.79248,12.924551,2.4955199,1,24
2017-07-01,auvergne_rhone_alpes,45.51177792927013,4.544969089166243,1592.6677,68.193375,241.37947,18.986649,25.079702,13.513796,2.567057,1,28
2017-08-01,auvergne_rhone_alpes,45.51177792927013,4.544969089166243,1874.3259,66.98962,224.8752,19.194824,25.818209,13.470943,2.3163717,1,31
2017-09-01,auvergne_rhone_alpes,45.51177792927013,4.544969089166243,1412.1968,75.69213,155.00032,12.380471,18.193102,7.7922063,2.2193897,1,34
2017-10-01,auvergne_rhone_alpes,45.51177792927013,4.544969089166243,529.6742,74.47811,122.86176,11.1893835,17.384361,6.370061,2.3196306,1,46
2017-11-01,auvergne_rhone_alpes,45.51177792927013,4.544969089166243,2296.8767,81.57141,62.356426,4.039834,8.132959,0.7963402,2.7921317,1,107
2017-12-01,auvergne_rhone_alpes,45.51177792927013,4.544969089166243,3443.684,84.75871,39.50922,1.4733686,4.81381,-1.4638623,3.122227,1,122
2018-01-01,auvergne_rhone_alpes,45.51177792927013,4.544969089166243,4678.326,84.2748,43.84775,4.7491045,8.0913925,2.0075805,3.1855958,1,219
2018-02-01,auvergne_rhone_alpes,45.51177792927013,4.544969089166243,1306.9071,80.55988,79.11549,-1.0127409,2.5152802,-3.7904897,2.884019,1,236
2018-03-01,auvergne_rhone_alpes,45.51177792927013,4.544969089166243,3195.2454,77.70769,117.87907,4.4947114,9.286661,0.7948647,3.2784173,1,236
2018-04-01,auvergne_rhone_alpes,45.51177792927013,4.544969089166243,1586.1033,67.11418,196.1531,11.1272545,16.95333,5.877217,3.0220892,1,236
2018-05-01,auvergne_rhone_alpes,45.51177792927013,4.544969089166243,3277.9355,78.652885,195.17117,12.961333,18.380405,8.425129,2.3735247,1,236
2018-06-01,auvergne_rhone_alpes,45.51177792927013,4.544969089166243,2069.82,73.626236,265.1378,16.928638,22.675667,11.598155,2.485907,1,236
2018-07-01,auvergne_rhone_alpes,45.51177792927013,4.544969089166243,1441.013,64.70875,277.8373,20.18924,26.943026,13.829813,2.25623,1,236
2018-08-01,auvergne_rhone_alpes,45.51177792927013,4.544969089166243,1518.2549,67.17608,234.74597,19.479263,25.942074,13.804884,2.3918264,1,236
2018-09-01,auvergne_rhone_alpes,45.51177792927013,4.544969089166243,648.74335,67.33058,192.69542,16.269373,23.546133,10.090769,2.1938288,1,236
2018-10-01,auvergne_rhone_alpes,45.51177792927013,4.544969089166243,2397.4324,75.105415,111.605606,11.071594,16.475655,6.8440337,2.7913797,1,236
2018-11-01,auvergne_rhone_alpes,45.51177792927013,4.544969089166243,2681.3535,84.071075,54.66324,6.5173116,10.319472,3.5240889,2.5682132,1,236
2018-12-01,auvergne_rhone_alpes,45.51177792927013,4.544969089166243,2486.787,84.03341,43.017807,3.9225092,7.4941783,1.0361472,2.5928028,1,236
2019-01-01,auvergne_rhone_alpes,45.51177792927013,4.544969089166243,1350.9033,82.43321,52.738735,-0.062847145,3.0471203,-2.6918027,3.213663,1,236
2019-02-01,auvergne_rhone_alpes,45.51177792927013,4.544969089166243,1154.7465,69.86384,116.10448,4.4861856,10.776403,-0.3965007,2.499118,1,236
2019-03-01,auvergne_rhone_alpes,45.51177792927013,4.544969089166243,1417.4741,66.332466,161.46175,6.3437777,12.045918,1.3239073,3.3875778,1,236
2019-04-01,auvergne_rhone_alpes,45.51177792927013,4.544969089166243,2328.7134,69.01452,185.06712,7.9970493,13.581129,3.081433,3.1143727,1,236
2019-05-01,auvergne_rhone_alpes,45.51177792927013,4.544969089166243,1814.9484,72.12337,203.06384,10.234672,15.404307,5.609602,3.2423868,1,236
2019-06-01,auvergne_rhone_alpes,45.51177792927013,4.544969089166243,2154.3367,65.71503,245.25848,18.120958,24.687563,11.752993,2.4705787,1,236
2019-07-01,auvergne_rhone_alpes,45.51177792927013,4.544969089166243,1500.6226,60.382,268.577,20.583542,27.44335,14.125765,2.4444036,1,236
2019-08-01,auvergne_rhone_alpes,45.51177792927013,4.544969089166243,1809.8838,66.15045,235.64697,19.052622,25.798904,12.977723,2.1847396,1,236
2019-09-01,auvergne_rhone_alpes,45.51177792927013,4.544969089166243,941.54663,67.6572,177.73232,15.268128,21.642408,9.804946,2.4783611,1,236
2019-10-01,auvergne_rhone_alpes,45.51177792927013,4.544969089166243,4121.49,80.85307,93.83496,12.122693,16.693707,8.447399,2.6762135,1,236
2019-11-01,auvergne_rhone_alpes,45.51177792927013,4.544969089166243,4432.77,86.098625,51.902935,4.9399314,8.407733,2.2027595,2.6750515,1,236
2019-12-01,auvergne_rhone_alpes,45.51177792927013,4.544969089166243,3327.6453,81.10518,44.764008,4.7739353,8.645815,1.7654029,3.2518487,1,236
2020-01-01,auvergne_rhone_alpes,45.51177792927013,4.544969089166243,906.06775,79.778244,57.44928,3.596673,7.859558,0.24918944,2.5349019,1,236
2020-02-01,auvergne_rhone_alpes,45.51177792927013,4.544969089166243,1729.2517,73.81198,90.174225,5.671365,10.609971,1.4998013,3.448469,1,236
2020-03-01,auvergne_rhone_alpes,45.51177792927013,4.544969089166243,1622.5581,73.5098,146.03683,5.839063,11.185869,1.3919661,2.8182929,1,236
2020-04-01,auvergne_rhone_alpes,45.51177792927013,4.544969089166243,1379.31,64.10354,211.64484,11.265262,17.7043,5.3176017,2.3721282,1,236
2020-05-01,auvergne_rhone_alpes,45.51177792927013,4.544969089166243,2259.0808,71.01569,236.10352,13.7411175,19.551836,8.033475,2.7020562,1,236
2020-06-01,auvergne_rhone_alpes,45.51177792927013,4.544969089166243,3248.39,73.58948,226.29207,15.484853,21.073631,10.526355,2.4685528,1,236
2020-07-01,auvergne_rhone_alpes,45.51177792927013,4.544969089166243,634.4871,61.477997,264.43512,19.55204,26.306309,13.052503,2.506061,1,236
2020-08-01,auvergne_rhone_alpes,45.51177792927013,4.544969089166243,2037.4163,63.72556,222.12206,19.473972,26.403034,13.613794,2.458132,1,236
2020-09-01,auvergne_rhone_alpes,45.51177792927013,4.544969089166243,2062.3867,71.353004,172.51562,15.472387,21.705042,10.242616,2.2943237,1,236
2020-10-01,auvergne_rhone_alpes,45.51177792927013,4.544969089166243,3417.9,82.09943,82.52517,9.079737,13.191405,5.9178457,3.023114,1,236
2020-11-01,auvergne_rhone_alpes,45.51177792927013,4.544969089166243,733.57,78.98073,71.558754,7.1730247,12.285068,3.5587957,2.214438,1,236
2020-12-01,auvergne_rhone_alpes,45.51177792927013,4.544969089166243,3091.5547,85.870834,35.670944,3.0893126,6.0668163,0.38401186,3.056163,1,236
2021-01-01,auvergne_rhone_alpes,45.51177792927013,4.544969089166243,2794.2612,84.43588,47.915348,0.55678284,3.4571388,-2.1436265,2.8603277,1,236
2021-02-01,auvergne_rhone_alpes,45.51177792927013,4.544969089166243,1454.1465,75.95957,89.86221,5.6205463,10.188901,1.884453,2.9364285,1,236
2021-03-01,auvergne_rhone_alpes,45.51177792927013,4.544969089166243,1122.2227,69.89336,156.84946,5.286751,10.782933,0.5207371,2.8571253,1,236
2021-04-01,auvergne_rhone_alpes,45.51177792927013,4.544969089166243,1535.6167,65.19153,205.21225,7.0943813,12.763232,1.8490772,2.8758566,1,236
2021-05-01,auvergne_rhone_alpes,45.51177792927013,4.544969089166243,3802.8643,72.75256,205.91118,10.412632,15.729021,5.5637345,2.8524997,1,236
2021-06-01,auvergne_rhone_alpes,45.51177792927013,4.544969089166243,3153.34,74.02497,247.39378,17.447098,23.193989,12.292653,2.4995236,1,236
2021-07-01,auvergne_rhone_alpes,45.51177792927013,4.544969089166243,3201.3809,76.613045,223.22525,17.43422,22.889372,12.711238,2.3849204,1,236
2021-08-01,auvergne_rhone_alpes,45.51177792927013,4.544969089166243,1283.2808,75.29573,220.80226,16.869946,22.672138,11.954295,2.3052614,1,236
2021-09-01,auvergne_rhone_alpes,45.51177792927013,4.544969089166243,2738.9768,78.70293,161.93114,15.735866,21.75963,11.121142,1.9558548,1,236
2021-10-01,auvergne_rhone_alpes,45.51177792927013,4.544969089166243,2696.2002,78.15072,118.915634,9.748991,15.373499,5.2827644,2.4681,1,236
2021-11-01,auvergne_rhone_alpes,45.51177792927013,4.544969089166243,1225.06,85.67679,56.42693,3.9231994,7.462244,1.3611966,2.386978,1,236
2021-12-01,auvergne_rhone_alpes,45.51177792927013,4.544969089166243,3346.2969,84.42479,45.55593,2.8047528,6.8126535,-0.30555686,2.4871094,1,236
2022-01-01,auvergne_rhone_alpes,45.51177792927013,4.544969089166243,778.85486,78.325005,65.36139,1.0834631,5.6292067,-2.1954973,2.6442115,1,236
2022-02-01,auvergne_rhone_alpes,45.51177792927013,4.544969089166243,1450.0393,75.67687,103.82213,4.1450243,9.072968,0.0539771,3.0353568,1,236
2022-03-01,auvergne_rhone_alpes,45.51177792927013,4.544969089166243,814.1774,66.33236,149.01836,6.4544387,12.209431,1.478821,2.633092,1,236
2022-04-01,auvergne_rhone_alpes,45.51177792927013,4.544969089166243,1538.2534,70.8317,199.57056,8.502725,13.955441,3.4261332,2.993107,1,236
2022-05-01,auvergne_rhone_alpes,45.51177792927013,4.544969089166243,850.69037,66.768654,257.97998,15.397852,21.70968,9.297821,2.656321,1,236
2022-06-01,auvergne_rhone_alpes,45.51177792927013,4.544969089166243,3275.0,66.6191,267.10443,19.103077,25.678988,13.147351,2.674178,1,236
2022-07-01,auvergne_rhone_alpes,45.51177792927013,4.544969089166243,202.9,57.213413,307.88644,20.981123,27.988552,13.6979685,2.6534224,1,236
2022-08-01,auvergne_rhone_alpes,45.51177792927013,4.544969089166243,1949.9839,62.68729,242.57375,20.587883,27.530659,14.268657,2.4040911,1,236
2022-09-01,auvergne_rhone_alpes,45.51177792927013,4.544969089166243,2788.0698,75.40659,170.69499,14.289923,20.184002,9.64684,2.2996852,1,236
2022-10-01,auvergne_rhone_alpes,45.51177792927013,4.544969089166243,1874.5032,77.131996,111.01441,14.615051,20.073599,10.286261,2.3027813,1,236
2022-11-01,auvergne_rhone_alpes,45.51177792927013,4.544969089166243,2532.8032,82.73759,61.31126,7.203207,11.30491,4.0037947,2.3992124,1,236
2022-12-01,auvergne_rhone_alpes,45.51177792927013,4.544969089166243,2512.4775,84.50845,39.987797,3.775705,7.1272087,0.8102266,2.5767963,1,236
2023-01-01,auvergne_rhone_alpes,45.51177792927013,4.544969089166243,1195.5226,82.40742,46.861336,2.0699208,4.97827,-0.43720222,2.9874587,1,236
2023-02-01,auvergne_rhone_alpes,45.51177792927013,4.544969089166243,261.26785,72.87159,108.74082,3.3609545,8.882156,-0.7889268,2.5929635,1,236
2023-03-01,auvergne_rhone_alpes,45.51177792927013,4.544969089166243,2618.6418,72.01728,137.00688,6.6896205,11.810994,2.3134503,3.0270047,1,236
2023-04-01,auvergne_rhone_alpes,45.51177792927013,4.544969089166243,1831.7434,74.23691,181.84746,8.112384,13.231724,3.7381766,2.8849812,1,236
2023-05-01,auvergne_rhone_alpes,45.51177792927013,4.544969089166243,2169.8838,77.10899,214.62953,12.705116,17.994843,8.204494,2.7094622,1,236
2023-06-01,auvergne_rhone_alpes,45.51177792927013,4.544969089166243,2840.3467,70.582825,261.72406,18.264505,24.45053,12.553246,2.354484,1,236
2023-07-01,auvergne_rhone_alpes,45.51177792927013,4.544969089166243,1124.6903,67.18122,268.68378,19.898232,26.252348,14.038444,2.5489523,1,236
2023-08-01,auvergne_rhone_alpes,45.51177792927013,4.544969089166243,1787.3162,64.511505,222.20506,19.872562,26.490868,14.14713,2.5977583,1,236
2023-09-01,auvergne_rhone_alpes,45.51177792927013,4.544969089166243,1799.8867,68.4181,190.27196,18.070776,25.015572,12.3076,2.177461,1,236
2023-10-01,auvergne_rhone_alpes,45.51177792927013,4.544969089166243,3940.8,72.96223,112.569,13.4659395,19.356335,8.710591,2.660751,1,236
2023-11-01,auvergne_rhone_alpes,45.51177792927013,4.544969089166243,4260.7134,83.72278,54.80551,5.9303927,9.7038355,2.7945268,3.064954,1,236
2023-12-01,auvergne_rhone_alpes,45.51177792927013,4.544969089166243,2782.5454,81.40126,44.136177,4.2972403,8.248195,1.0166541,2.7622173,1,236
2024-01-01,auvergne_rhone_alpes,45.51177792927013,4.544969089166243,1807.4711,81.93298,53.879177,3.0976756,7.070747,-0.21069571,2.7143562,0,0
2024-02-01,auvergne_rhone_alpes,45.51177792927013,4.544969089166243,1935.6069,79.770424,79.464066,5.9077954,10.156916,2.6197739,2.8917437,0,0
2024-03-01,auvergne_rhone_alpes,45.51177792927013,4.544969089166243,3657.9033,75.623634,130.18143,7.2833915,12.125655,3.188886,3.0736628,0,0
2024-04-01,auvergne_rhone_alpes,45.51177792927013,4.544969089166243,2180.7935,70.38213,183.68689,8.936668,13.956032,4.482394,3.258508,0,0
2024-05-01,auvergne_rhone_alpes,45.51177792927013,4.544969089166243,4067.1194,79.73827,193.8008,11.899635,17.09728,7.631593,2.3755066,0,0
2024-06-01,auvergne_rhone_alpes,45.51177792927013,4.544969089166243,2824.7266,77.11957,221.36205,16.372332,21.745613,11.748791,2.5327754,0,0
2024-07-01,auvergne_rhone_alpes,45.51177792927013,4.544969089166243,1945.458,72.708786,259.12177,19.488134,25.726883,13.850766,2.3537033,0,0
2024-08-01,auvergne_rhone_alpes,45.51177792927013,4.544969089166243,1113.5032,69.72116,244.18745,20.298067,27.03192,14.395193,2.2366428,0,0
2024-09-01,auvergne_rhone_alpes,45.51177792927013,4.544969089166243,4110.253,79.948944,136.68288,13.289234,18.22906,9.544365,2.7069352,0,0
2024-10-01,auvergne_rhone_alpes,45.51177792927013,4.544969089166243,3872.6677,84.46931,92.45098,12.551527,17.335728,8.994602,2.414092,1,6
2024-11-01,auvergne_rhone_alpes,45.51177792927013,4.544969089166243,1489.4601,81.99801,68.78119,6.932512,11.646186,3.4409144,2.4607744,1,9
2024-12-01,auvergne_rhone_alpes,45.51177792927013,4.544969089166243,2097.171,82.56874,46.6238,2.3951864,6.4895544,-0.5650234,2.500927,1,9
2000-01-01,provence_alpes_cote_d_azur,43.96329149209328,6.06469276265742,47.774193,71.09048,80.66225,1.5213596,7.3598037,-2.763669,2.323883,0,0
2000-02-01,provence_alpes_cote_d_azur,43.96329149209328,6.06469276265742,269.7276,68.25046,116.03106,4.6787343,10.413991,-0.04925373,2.7584019,0,0
2000-03-01,provence_alpes_cote_d_azur,43.96329149209328,6.06469276265742,531.56775,66.66141,168.66992,6.19417,12.16874,1.3325194,2.9512992,0,0
2000-04-01,provence_alpes_cote_d_azur,43.96329149209328,6.06469276265742,1453.1267,72.84861,184.41095,8.5021,13.612437,3.9215825,3.2269661,0,0
2000-05-01,provence_alpes_cote_d_azur,43.96329149209328,6.06469276265742,388.14838,69.07828,246.06425,14.270599,20.212036,8.715497,2.736979,0,0
2000-06-01,provence_alpes_cote_d_azur,43.96329149209328,6.06469276265742,738.0567,65.751076,279.98053,17.466133,23.531012,11.517347,2.82405,0,0
2000-07-01,provence_alpes_cote_d_azur,43.96329149209328,6.06469276265742,566.0742,60.596775,276.72366,17.509064,23.663609,11.625819,3.2678168,0,0
2000-08-01,provence_alpes_cote_d_azur,43.96329149209328,6.06469276265742,418.42584,62.387054,230.97606,19.764297,26.614452,13.648701,2.3922563,0,0
2000-09-01,provence_alpes_cote_d_azur,43.96329149209328,6.06469276265742,1292.3867,66.180305,195.90369,15.60588,22.209652,10.074779,2.5876563,0,0
2000-10-01,provence_alpes_cote_d_azur,43.96329149209328,6.06469276265742,1916.071,78.753365,106.70474,10.645171,15.625996,6.7139144,2.4798875,0,0
2000-11-01,provence_alpes_cote_d_azur,43.96329149209328,6.06469276265742,2822.167,81.729355,63.81114,5.483495,9.52221,2.1213627,2.6032076,0,0
2000-12-01,provence_alpes_cote_d_azur,43.96329149209328,6.06469276265742,1152.0096,76.880844,52.143562,4.785108,8.751589,1.7491965,2.6257095,0,0
2001-01-01,provence_alpes_cote_d_azur,43.96329149209328,6.06469276265742,1017.25165,79.46415,57.182762,3.4585352,7.085561,0.22335747,2.7193685,0,0
2001-02-01,provence_alpes_cote_d_azur,43.96329149209328,6.06469276265742,581.87854,66.9095,119.64276,3.7779994,9.391311,-0.64569706,3.1959145,0,0
2001-03-01,provence_alpes_cote_d_azur,43.96329149209328,6.06469276265742,1409.3387,76.35108,146.12914,7.7817917,12.715668,3.533145,2.8375754,0,0
2001-04-01,provence_alpes_cote_d_azur,43.96329149209328,6.06469276265742,602.17334,64.39252,222.705,7.735775,13.444032,2.7015874,3.6577694,0,0
2001-05-01,provence_alpes_cote_d_azur,43.96329149209328,6.06469276265742,1288.313,75.240585,225.7645,13.65727,19.16489,8.885671,2.3454611,0,0
2001-06-01,provence_alpes_cote_d_azur,43.96329149209328,6.06469276265742,327.45,59.059895,296.26608,16.744019,23.027975,10.479311,3.006256,0,0
2001-07-01,provence_alpes_cote_d_azur,43.96329149209328,6.06469276265742,410.13226,63.269165,277.5917,19.174164,25.516659,13.0968485,2.8735712,0,0
2001-08-01,provence_alpes_cote_d_azur,43.96329149209328,6.06469276265742,144.7258,59.374863,244.43591,20.22891,26.986244,14.074862,2.602727,0,0
2001-09-01,provence_alpes_cote_d_azur,43.96329149209328,6.06469276265742,812.79333,65.424034,193.61502,12.791893,18.842243,7.8365083,3.2877233,0,0
2001-10-01,provence_alpes_cote_d_azur,43.96329149209328,6.06469276265742,725.2065,77.11056,128.86037,13.419348,19.195087,9.076472,2.180454,0,0
2001-11-01,provence_alpes_cote_d_azur,43.96329149209328,6.06469276265742,317.14667,72.01405,79.741356,5.3451858,10.650852,1.3631718,3.0396328,0,0
2001-12-01,provence_alpes_cote_d_azur,43.96329149209328,6.06469276265742,68.90323,66.31481,70.16669,0.93240523,6.563925,-3.1123798,2.4655733,0,0
2002-01-01,provence_alpes_cote_d_azur,43.96329149209328,6.06469276265742,370.2871,68.632904,78.569405,2.2672913,8.5764,-2.3654108,1.8709505,0,0
2002-02-01,provence_alpes_cote_d_azur,43.96329149209328,6.06469276265742,1122.3999,70.63126,106.37728,4.8140497,9.896927,0.8846145,3.0125,0,0
2002-03-01,provence_alpes_cote_d_azur,43.96329149209328,6.06469276265742,502.60645,63.8616,161.8696,7.381122,12.956408,2.649754,3.1579347,0,0
2002-04-01,provence_alpes_cote_d_azur,43.96329149209328,6.06469276265742,491.58667,63.674614,203.75232,9.044184,14.560096,3.9766192,3.144847,0,0
2002-05-01,provence_alpes_cote_d_azur,43.96329149209328,6.06469276265742,1676.5872,69.78915,231.38287,12.022635,17.144583,7.078383,3.0163603,0,0
2002-06-01,provence_alpes_cote_d_azur,43.96329149209328,6.06469276265742,701.17664,64.66529,286.76968,18.179756,24.331694,12.201249,2.6383305,0,0
2002-07-01,provence_alpes_cote_d_azur,43.96329149209328,6.06469276265742,695.54517,64.11006,273.2967,18.583807,24.876764,12.775308,2.7933655,0,0
2002-08-01,provence_alpes_cote_d_azur,43.96329149209328,6.06469276265742,1033.487,68.06527,227.96747,17.839207,24.271044,12.416728,2.5534286,0,0
2002-09-01,provence_alpes_cote_d_azur,43.96329149209328,6.06469276265742,1255.2134,76.70577,176.46242,13.789551,19.299576,9.426462,2.4326053,0,0
2002-10-01,provence_alpes_cote_d_azur,43.96329149209328,6.06469276265742,1034.0516,74.577065,122.18668,11.012351,16.549263,6.5747075,2.5862405,0,0
2002-11-01,provence_alpes_cote_d_azur,43.96329149209328,6.06469276265742,3160.2964,79.914055,70.37583,7.651003,11.856317,4.163193,3.132696,0,0
2002-12-01,provence_alpes_cote_d_azur,43.96329149209328,6.06469276265742,767.2388,79.24896,54.65201,4.6398087,8.878341,1.4367312,2.3197823,0,0
2003-01-01,provence_alpes_cote_d_azur,43.96329149209328,6.06469276265742,714.7129,71.55941,73.413414,1.3442574,6.1770406,-2.3620834,3.01652,0,0
2003-02-01,provence_alpes_cote_d_azur,43.96329149209328,6.06469276265742,292.43216,63.294563,109.5864,0.5830756,5.9930887,-3.6175485,2.96627,0,0
2003-03-01,provence_alpes_cote_d_azur,43.96329149209328,6.06469276265742,145.28711,65.05333,178.22243,6.529086,13.201856,0.9196034,2.320466,0,0
2003-04-01,provence_alpes_cote_d_azur,43.96329149209328,6.06469276265742,1101.55,66.94747,209.25996,8.789159,14.36513,3.8036695,3.217373,0,0
2003-05-01,provence_alpes_cote_d_azur,43.96329149209328,6.06469276265742,419.9097,62.96896,262.00256,14.516231,20.557774,8.812725,3.0176916,0,0
2003-06-01,provence_alpes_cote_d_azur,43.96329149209328,6.06469276265742,209.74667,60.280468,295.859,20.990187,27.920034,14.396496,2.4076467,0,0
2003-07-01,provence_alpes_cote_d_azur,43.96329149209328,6.06469276265742,127.44517,54.6902,293.14532,21.241158,28.15862,14.470147,3.0276256,0,0
2003-08-01,provence_alpes_cote_d_azur,43.96329149209328,6.06469276265742,369.73224,56.01246,239.46909,22.671299,30.220581,16.268013,2.4677446,0,0
2003-09-01,provence_alpes_cote_d_azur,43.96329149209328,6.06469276265742,863.8334,66.30102,184.75336,15.215643,21.713058,9.837899,2.530929,0,0
2003-10-01,provence_alpes_cote_d_azur,43.96329149209328,6.06469276265742,1664.6451,73.08528,112.675224,9.543997,14.450211,5.685384,2.8836899,0,0
2003-11-01,provence_alpes_cote_d_azur,43.96329149209328,6.06469276265742,1042.0901,79.77663,73.23324,7.2558165,12.03407,3.6347213,2.259184,0,0
2003-12-01,provence_alpes_cote_d_azur,43.96329149209328,6.06469276265742,1298.5354,70.280136,59.32971,3.7918348,8.482632,0.25313708,2.996287,0,0
2004-01-01,provence_alpes_cote_d_azur,43.96329149209328,6.06469276265742,557.10645,73.91927,68.85544,2.0804348,6.3036737,-1.6626793,2.875333,0,0
2004-02-01,provence_alpes_cote_d_azur,43.96329149209328,6.06469276265742,592.1931,69.439514,106.79154,3.2065377,8.85707,-0.83773464,2.7549183,0,0
2004-03-01,provence_alpes_cote_d_azur,43.96329149209328,6.06469276265742,140.0516,65.918846,163.75684,4.8894944,10.781228,0.0035766948,3.0154707,0,0
2004-04-01,provence_alpes_cote_d_azur,43.96329149209328,6.06469276265742,655.80005,68.79978,204.53296,8.118711,13.493207,3.3442698,3.1266873,0,0
2004-05-01,provence_alpes_cote_d_azur,43.96329149209328,6.06469276265742,382.82257,70.35352,254.95514,11.505936,17.33674,6.1071205,2.644314,0,0
2004-06-01,provence_alpes_cote_d_azur,43.96329149209328,6.06469276265742,167.43333,59.200447,297.6512,17.674295,24.192556,11.382536,3.0071416,0,0
2004-07-01,provence_alpes_cote_d_azur,43.96329149209328,6.06469276265742,141.21936,55.575016,292.37054,19.401718,26.16555,12.948774,2.955789,0,0
2004-08-01,provence_alpes_cote_d_azur,43.96329149209328,6.06469276265742,690.629,63.55724,243.43298,19.162434,25.8051,13.486828,2.799279,0,0
2004-09-01,provence_alpes_cote_d_azur,43.96329149209328,6.06469276265742,413.22333,63.39815,206.22255,16.060095,22.872816,10.370315,2.5831745,0,0
2004-10-01,provence_alpes_cote_d_azur,43.96329149209328,6.06469276265742,1733.929,79.25742,103.7826,12.260822,17.229158,8.301769,2.1929946,0,0
2004-11-01,provence_alpes_cote_d_azur,43.96329149209328,6.06469276265742,399.36002,71.712036,84.36639,5.566838,11.152254,1.5725958,2.3162775,0,0
2004-12-01,provence_alpes_cote_d_azur,43.96329149209328,6.06469276265742,729.72906,72.1265,61.01252,3.5720155,8.529824,-0.08386377,2.3818092,0,0
2005-01-01,provence_alpes_cote_d_azur,43.96329149209328,6.06469276265742,134.35162,64.388176,86.62634,1.4119107,7.5137277,-2.9181786,2.7399514,0,0
2005-02-01,provence_alpes_cote_d_azur,43.96329149209328,6.06469276265742,43.79643,62.249733,122.09915,-0.35701424,5.5969634,-4.809037,3.202755,0,0
2005-03-01,provence_alpes_cote_d_azur,43.96329149209328,6.06469276265742,456.0387,67.68178,178.02,4.873733,11.458574,-0.4956329,2.442553,0,0
2005-04-01,provence_alpes_cote_d_azur,43.96329149209328,6.06469276265742,899.8434,67.99321,209.37593,8.235793,13.668464,3.2668486,3.000794,0,0
2005-05-01,provence_alpes_cote_d_azur,43.96329149209328,6.06469276265742,571.4549,61.51937,271.02887,14.012002,20.192917,8.113604,2.879047,0,0
2005-06-01,provence_alpes_cote_d_azur,43.96329149209328,6.06469276265742,341.22333,64.4129,300.2625,18.540731,24.993355,12.328645,2.6070669,0,0
2005-07-01,provence_alpes_cote_d_azur,43.96329149209328,6.06469276265742,309.8742,58.248787,298.8599,19.569328,26.269531,13.269948,3.0517325,0,0
2005-08-01,provence_alpes_cote_d_azur,43.96329149209328,6.06469276265742,420.2323,60.116966,253.35603,18.122705,24.820711,12.195614,2.9776614,0,0
2005-09-01,provence_alpes_cote_d_azur,43.96329149209328,6.06469276265742,1650.0901,77.58108,173.06808,14.997242,20.89178,10.507307,2.1451077,0,0
2005-10-01,provence_alpes_cote_d_azur,43.96329149209328,6.06469276265742,897.8968,78.82584,115.26976,11.858984,17.125128,7.8983727,2.0447638,0,0
2005-11-01,provence_alpes_cote_d_azur,43.96329149209328,6.06469276265742,626.9,77.48172,83.38216,5.032547,10.396863,1.3614619,2.117182,0,0
2005-12-01,provence_alpes_cote_d_azur,43.96329149209328,6.06469276265742,722.1644,72.04196,67.65046,0.072792895,5.569721,-4.1548204,2.4359736,0,0
2006-01-01,provence_alpes_cote_d_azur,43.96329149209328,6.06469276265742,794.4581,71.81459,72.7158,0.9789025,6.3714166,-2.7966344,2.3162515,0,0
2006-02-01,provence_alpes_cote_d_azur,43.96329149209328,6.06469276265742,494.16074,73.05788,118.32173,1.7602428,7.7872458,-2.5335653,2.2913818,0,0
2006-03-01,provence_alpes_cote_d_azur,43.96329149209328,6.06469276265742,596.1097,68.71477,158.81577,4.969489,10.304855,0.53762066,3.0281053,0,0
2006-04-01,provence_alpes_cote_d_azur,43.96329149209328,6.06469276265742,283.11,66.47607,227.33769,9.547245,15.948343,4.0398226,2.8484218,0,0
2006-05-01,provence_alpes_cote_d_azur,43.96329149209328,6.06469276265742,414.1742,62.475723,268.09058,13.430061,19.714989,7.5426416,3.0488997,0,0
2006-06-01,provence_alpes_cote_d_azur,43.96329149209328,6.06469276265742,127.72,57.415466,287.70425,17.8372,24.634516,11.018079,2.5408506,0,0
2006-07-01,provence_alpes_cote_d_azur,43.96329149209328,6.06469276265742,590.1903,61.174355,276.95502,21.750147,29.101469,15.189268,2.2473507,0,0
2006-08-01,provence_alpes_cote_d_azur,43.96329149209328,6.06469276265742,491.91937,59.592323,261.35583,17.268446,23.632126,11.7208605,3.5291548,0,0
2006-09-01,provence_alpes_cote_d_azur,43.96329149209328,6.06469276265742,1576.0435,72.81227,178.43372,16.608446,22.79109,11.715639,2.2699337,0,0
2006-10-01,provence_alpes_cote_d_azur,43.96329149209328,6.06469276265742,684.5968,73.428734,129.49374,13.108691,19.119936,8.575624,2.2567523,0,0
2006-11-01,provence_alpes_cote_d_azur,43.96329149209328,6.06469276265742,461.63,74.59719,87.11964,8.141259,13.628354,4.140304,2.3950791,0,0
2006-12-01,provence_alpes_cote_d_azur,43.96329149209328,6.06469276265742,1095.513,73.687,64.8886,4.099248,9.942168,0.2635474,1.8994755,0,0
2007-01-01,provence_alpes_cote_d_azur,43.96329149209328,6.06469276265742,311.25162,72.63125,77.67787,4.4724026,10.268711,0.19458656,2.4464536,0,0
2007-02-01,provence_alpes_cote_d_azur,43.96329149209328,6.06469276265742,486.02856,74.14375,99.89023,4.8399615,10.528245,0.4106243,2.3687515,0,0
2007-03-01,provence_alpes_cote_d_azur,43.96329149209328,6.06469276265742,336.65485,66.10357,162.07695,5.820796,11.871616,0.92327136,3.0290146,0,0
2007-04-01,provence_alpes_cote_d_azur,43.96329149209328,6.06469276265742,349.14334,67.93456,209.87883,11.525691,18.055027,5.816357,2.2795854,0,0
2007-05-01,provence_alpes_cote_d_azur,43.96329149209328,6.06469276265742,1148.2,67.36321,243.61252,13.809208,19.543438,8.494559,3.0731955,0,0
2007-06-01,provence_alpes_cote_d_azur,43.96329149209328,6.06469276265742,746.94336,68.9916,273.20953,16.706804,22.85894,11.006628,2.5880823,0,0
2007-07-01,provence_alpes_cote_d_azur,43.96329149209328,6.06469276265742,149.87741,54.353798,302.51202,19.296886,26.088285,12.6585045,3.2481787,0,0
2007-08-01,provence_alpes_cote_d_azur,43.96329149209328,6.06469276265742,341.37097,62.879143,240.06296,18.346415,25.281958,12.407942,2.7071533,0,0
2007-09-01,provence_alpes_cote_d_azur,43.96329149209328,6.06469276265742,252.21667,63.622543,208.65031,14.641565,21.919813,8.839114,2.763051,0,0
2007-10-01,provence_alpes_cote_d_azur,43.96329149209328,6.06469276265742,226.94194,69.96452,132.25604,10.675262,17.541346,5.73759,2.198705,0,0
2007-11-01,provence_alpes_cote_d_azur,43.96329149209328,6.06469276265742,1010.9667,66.572426,90.29678,5.3876357,11.288396,1.2785902,3.0670037,0,0
2007-12-01,provence_alpes_cote_d_azur,43.96329149209328,6.06469276265742,360.77097,67.75767,70.80408,2.6907117,8.296536,-1.0651897,2.4462943,0,0
2008-01-01,provence_alpes_cote_d_azur,43.96329149209328,6.06469276265742,1319.8452,73.31178,71.29124,4.512992,9.680778,0.6651312,2.5300477,0,0
2008-02-01,provence_alpes_cote_d_azur,43.96329149209328,6.06469276265742,412.30692,71.26157,122.44858,4.2633595,10.859497,-0.61926633,1.9237441,0,0
2008-03-01,provence_alpes_cote_d_azur,43.96329149209328,6.06469276265742,448.78387,63.46357,164.50781,5.384932,10.843258,0.9352737,3.6394405,0,0
2008-04-01,provence_alpes_cote_d_azur,43.96329149209328,6.06469276265742,1330.8,66.87208,207.86798,8.295222,13.87702,3.5140245,3.2993796,0,0
2008-05-01,provence_alpes_cote_d_azur,43.96329149209328,6.06469276265742,1688.971,72.042625,208.67203,13.137496,18.564354,8.6002035,2.5615816,0,0
2008-06-01,provence_alpes_cote_d_azur,43.96329149209328,6.06469276265742,888.30664,70.34118,265.73758,16.835873,22.883238,11.495473,2.4528582,0,0
2008-07-01,provence_alpes_cote_d_azur,43.96329149209328,6.06469276265742,295.11612,61.855946,289.77182,19.216215,26.064354,12.877166,2.6736753,0,0
2008-08-01,provence_alpes_cote_d_azur,43.96329149209328,6.06469276265742,364.3484,60.865936,255.22662,19.291666,26.404919,12.926192,2.5510774,0,0
2008-09-01,provence_alpes_cote_d_azur,43.96329149209328,6.06469276265742,884.9967,72.55157,180.98254,14.118037,20.503551,9.328412,2.363662,0,0
2008-10-01,provence_alpes_cote_d_azur,43.96329149209328,6.06469276265742,1068.9807,76.733864,118.41085,11.235319,16.924803,6.938695,2.0994089,0,0
2008-11-01,provence_alpes_cote_d_azur,43.96329149209328,6.06469276265742,1732.08,79.00852,72.76658,5.3573656,10.175424,2.0110319,2.5524163,0,0
2008-12-01,provence_alpes_cote_d_azur,43.96329149209328,6.06469276265742,1731.5613,76.45422,55.203323,1.9474392,6.5101814,-1.4428622,2.643021,0,0
2009-01-01,provence_alpes_cote_d_azur,43.96329149209328,6.06469276265742,801.04517,74.09031,71.7964,0.9585963,6.6319847,-2.919904,2.04787,0,0
2009-02-01,provence_alpes_cote_d_azur,43.96329149209328,6.06469276265742,933.4786,69.15171,113.11078,2.0995507,7.515515,-1.9730189,3.2087908,0,0
2009-03-01,provence_alpes_cote_d_azur,43.96329149209328,6.06469276265742,670.8968,63.66802,173.12666,5.7001367,11.553907,0.773394,3.1561024,0,0
2009-04-01,provence_alpes_cote_d_azur,43.96329149209328,6.06469276265742,1354.6001,72.86409,184.08961,9.219043,14.550911,4.9151773,2.7379131,0,0
2009-05-01,provence_alpes_cote_d_azur,43.96329149209328,6.06469276265742,514.09357,62.396397,258.06033,15.280503,21.62396,9.502376,2.4964797,0,0
2009-06-01,provence_alpes_cote_d_azur,43.96329149209328,6.06469276265742,588.95,63.68094,287.6694,17.493675,24.12248,11.33423,2.7651057,0,0
2009-07-01,provence_alpes_cote_d_azur,43.96329149209328,6.06469276265742,153.17097,56.21311,297.12485,20.281574,27.320225,13.774705,2.9996474,0,0
2009-08-01,provence_alpes_cote_d_azur,43.96329149209328,6.06469276265742,400.71613,61.61676,255.2577,20.838867,28.274408,14.513147,2.346907,0,0
2009-09-01,provence_alpes_cote_d_azur,43.96329149209328,6.06469276265742,1004.98,69.86151,184.84296,15.988088,22.671844,10.913446,2.1964808,0,0
2009-10-01,provence_alpes_cote_d_azur,43.96329149209328,6.06469276265742,861.9613,70.38426,133.23787,11.111404,17.288607,6.6367216,2.620825,0,0
2009-11-01,provence_alpes_cote_d_azur,43.96329149209328,6.06469276265742,869.2467,75.76719,75.75071,7.582326,12.705751,3.812437,2.377102,0,0
2009-12-01,provence_alpes_cote_d_azur,43.96329149209328,6.06469276265742,1770.9453,75.052284,54.159466,2.5115178,6.839045,-0.98153365,2.6455917,0,0
2010-01-01,provence_alpes_cote_d_azur,43.96329149209328,6.06469276265742,960.68713,77.28323,65.59252,-0.22222503,4.4459205,-3.5841148,2.4034944,0,0
2010-02-01,provence_alpes_cote_d_azur,43.96329149209328,6.06469276265742,1346.1,75.27074,93.70548,1.4522045,6.417198,-2.4267695,2.9141672,0,0
2010-03-01,provence_alpes_cote_d_azur,43.96329149209328,6.06469276265742,750.36456,69.63151,150.44759,4.5007052,9.824605,0.2647572,2.9330385,0,0
2010-04-01,provence_alpes_cote_d_azur,43.96329149209328,6.06469276265742,485.77667,69.69662,217.23987,8.957086,15.139912,3.6783595,2.3554437,0,0
2010-05-01,provence_alpes_cote_d_azur,43.96329149209328,6.06469276265742,1155.1807,72.31316,234.41187,11.42499,16.973392,6.7449846,2.9202566,0,0
2010-06-01,provence_alpes_cote_d_azur,43.96329149209328,6.06469276265742,1315.1799,71.058754,268.9252,16.416033,22.57277,11.005838,2.7583692,0,0
2010-07-01,provence_alpes_cote_d_azur,43.96329149209328,6.06469276265742,91.27742,62.288975,298.99826,20.938519,27.705286,14.647898,2.6873288,0,0
2010-08-01,provence_alpes_cote_d_azur,43.96329149209328,6.06469276265742,423.61935,62.82007,260.41626,18.75479,25.556995,12.820631,2.7991455,0,0
2010-09-01,provence_alpes_cote_d_azur,43.96329149209328,6.06469276265742,785.11,69.46758,196.33786,14.375804,21.175207,8.950462,2.4101427,0,0
2010-10-01,provence_alpes_cote_d_azur,43.96329149209328,6.06469276265742,1704.3419,74.340355,122.6077,9.911094,15.547136,5.7463455,2.8564935,0,0
2010-11-01,provence_alpes_cote_d_azur,43.96329149209328,6.06469276265742,1228.98,79.87358,75.800186,5.095134,9.698003,1.6427677,2.4839008,0,0
2010-12-01,provence_alpes_cote_d_azur,43.96329149209328,6.06469276265742,1111.8484,76.694435,53.80773,1.0891683,5.3582206,-2.3429203,2.693085,0,0
2011-01-01,provence_alpes_cote_d_azur,43.96329149209328,6.06469276265742,412.74518,75.017715,72.34579,2.1923072,7.4084215,-1.3262477,2.2075233,0,0
2011-02-01,provence_alpes_cote_d_azur,43.96329149209328,6.06469276265742,486.79642,70.90257,112.73816,3.9100301,9.938463,-0.29852286,2.2205172,0,0
2011-03-01,provence_alpes_cote_d_azur,43.96329149209328,6.06469276265742,1074.1646,72.91552,156.65869,5.952522,11.620723,1.4882674,2.672663,0,0
2011-04-01,provence_alpes_cote_d_azur,43.96329149209328,6.06469276265742,434.07336,64.96477,238.56317,11.330528,18.096884,5.6511736,2.5883477,0,0
2011-05-01,provence_alpes_cote_d_azur,43.96329149209328,6.06469276265742,319.83868,63.245514,278.48004,14.580576,21.378784,8.444965,2.6100073,0,0
2011-06-01,provence_alpes_cote_d_azur,43.96329149209328,6.06469276265742,972.3067,68.83523,269.1716,16.61309,22.633905,11.141677,2.7112312,0,0
2011-07-01,provence_alpes_cote_d_azur,43.96329149209328,6.06469276265742,810.9354,65.75416,273.09064,17.484682,23.7272,11.7697115,2.9462624,0,0
2011-08-01,provence_alpes_cote_d_azur,43.96329149209328,6.06469276265742,334.46454,60.81276,265.58975,19.745663,26.873718,13.351302,2.4551556,0,0
2011-09-01,provence_alpes_cote_d_azur,43.96329149209328,6.06469276265742,555.1333,67.11013,198.9714,17.159534,24.150438,11.609165,2.2263029,0,0
2011-10-01,provence_alpes_cote_d_azur,43.96329149209328,6.06469276265742,869.0581,69.848656,140.67322,11.762772,18.424116,6.8189535,2.4689143,0,0
2011-11-01,provence_alpes_cote_d_azur,43.96329149209328,6.06469276265742,2584.4966,75.91818,76.77111,8.15204,13.648303,4.570215,2.1947129,0,0
2011-12-01,provence_alpes_cote_d_azur,43.96329149209328,6.06469276265742,485.73224,72.094826,64.56795,4.152504,9.149808,0.34755096,2.8810399,0,0
2012-01-01,provence_alpes_cote_d_azur,43.96329149209328,6.06469276265742,457.7323,68.84658,76.48944,3.2600307,8.685406,-0.5869532,2.8145525,0,0
2012-02-01,provence_alpes_cote_d_azur,43.96329149209328,6.06469276265742,18.437931,60.83558,132.98222,-0.44313857,6.5604005,-5.7326775,2.8370225,0,0
2012-03-01,provence_alpes_cote_d_azur,43.96329149209328,6.06469276265742,132.88065,58.7963,191.48286,8.22522,15.386138,2.2680333,2.6112912,0,0
2012-04-01,provence_alpes_cote_d_azur,43.96329149209328,6.06469276265742,1696.7065,71.673676,200.40831,8.276897,13.47646,4.0145087,3.2251377,0,0
2012-05-01,provence_alpes_cote_d_azur,43.96329149209328,6.06469276265742,1076.1968,70.55475,257.3151,13.008042,19.21775,7.4916806,2.6464744,0,0
2012-06-01,provence_alpes_cote_d_azur,43.96329149209328,6.06469276265742,303.0833,61.58233,296.17215,18.372704,24.747692,12.280295,2.7957902,0,0
2012-07-01,provence_alpes_cote_d_azur,43.96329149209328,6.06469276265742,196.2,55.86263,294.75784,19.850119,26.80324,13.331737,2.9039607,0,0
2012-08-01,provence_alpes_cote_d_azur,43.96329149209328,6.06469276265742,312.1226,58.134266,253.67953,20.870302,28.376621,14.297712,2.51143,0,0
2012-09-01,provence_alpes_cote_d_azur,43.96329149209328,6.06469276265742,831.1968,69.13858,175.5643,15.542628,22.080502,10.442761,2.627168,0,0
2012-10-01,provence_alpes_cote_d_azur,43.96329149209328,6.06469276265742,1257.3936,74.81499,124.498405,11.687543,17.335241,7.4946938,2.5865164,0,0
2012-11-01,provence_alpes_cote_d_azur,43.96329149209328,6.06469276265742,2133.98,78.19814,74.56157,7.2250695,12.188698,3.777426,2.151711,0,0
2012-12-01,provence_alpes_cote_d_azur,43.96329149209328,6.06469276265742,815.17737,72.42502,63.122272,2.7617333,7.499426,-1.0009667,2.7285945,0,0
2013-01-01,provence_alpes_cote_d_azur,43.96329149209328,6.06469276265742,772.68066,69.67979,77.02779,2.2574072,7.743055,-1.8308882,2.6899579,0,0
2013-02-01,provence_alpes_cote_d_azur,43.96329149209328,6.06469276265742,485.19287,68.175896,117.88183,0.10724897,5.70823,-4.1647673,3.0433142,0,0
2013-03-01,provence_alpes_cote_d_azur,43.96329149209328,6.06469276265742,1713.9581,73.60237,144.83698,4.669835,9.747238,0.87552047,3.172235,0,0
2013-04-01,provence_alpes_cote_d_azur,43.96329149209328,6.06469276265742,1252.8966,73.73683,186.89697,9.003749,14.569778,4.1384797,2.616898,0,0
2013-05-01,provence_alpes_cote_d_azur,43.96329149209328,6.06469276265742,1464.0,71.8377,241.62872,10.46398,16.026392,5.742192,3.126265,0,0
2013-06-01,provence_alpes_cote_d_azur,43.96329149209328,6.06469276265742,341.87665,65.50505,291.49225,16.064087,22.218838,10.096102,3.0101044,0,0
2013-07-01,provence_alpes_cote_d_azur,43.96329149209328,6.06469276265742,905.9903,66.99304,282.85733,19.929565,26.902338,13.772765,2.2615771,0,0
2013-08-01,provence_alpes_cote_d_azur,43.96329149209328,6.06469276265742,306.08386,64.0706,256.48773,19.192265,26.158705,13.012676,2.4374402,0,0
2013-09-01,provence_alpes_cote_d_azur,43.96329149209328,6.06469276265742,585.86,68.23759,199.28017,15.733267,22.519949,10.313737,2.5409396,0,0
2013-10-01,provence_alpes_cote_d_azur,43.96329149209328,6.06469276265742,841.68384,79.77348,114.78343,12.813568,18.100435,8.98154,2.270368,0,0
2013-11-01,provence_alpes_cote_d_azur,43.96329149209328,6.06469276265742,785.49005,74.033936,72.649956,5.3412066,10.175857,1.7257268,2.8852227,0,0
2013-12-01,provence_alpes_cote_d_azur,43.96329149209328,6.06469276265742,1549.7065,71.18485,64.0191,4.1970096,9.906073,0.3491574,2.168695,0,0
2014-01-01,provence_alpes_cote_d_azur,43.96329149209328,6.06469276265742,2145.0288,79.066154,61.70639,4.062342,8.225243,0.84148514,2.4385688,0,0
2014-02-01,provence_alpes_cote_d_azur,43.96329149209328,6.06469276265742,1718.2822,78.18146,89.91177,3.9484434,8.533215,0.16055237,2.6102934,0,0
2014-03-01,provence_alpes_cote_d_azur,43.96329149209328,6.06469276265742,452.07095,64.57653,177.29361,6.715206,13.208189,1.4675244,2.614867,0,0
2014-04-01,provence_alpes_cote_d_azur,43.96329149209328,6.06469276265742,308.86334,66.98038,218.28027,10.451434,16.578653,5.1657577,2.7672453,0,0
2014-05-01,provence_alpes_cote_d_azur,43.96329149209328,6.06469276265742,473.45807,63.86667,256.0121,12.278781,18.527365,6.6970496,3.170043,0,0
2014-06-01,provence_alpes_cote_d_azur,43.96329149209328,6.06469276265742,838.17334,65.10422,281.20648,17.358624,24.103035,11.222869,2.4117696,0,0
2014-07-01,provence_alpes_cote_d_azur,43.96329149209328,6.06469276265742,814.771,68.84442,253.16621,17.980623,24.144802,12.4961605,2.9573498,0,0
2014-08-01,provence_alpes_cote_d_azur,43.96329149209328,6.06469276265742,605.55164,65.9181,250.00502,17.893162,24.457233,12.178644,2.56562,0,0
2014-09-01,provence_alpes_cote_d_azur,43.96329149209328,6.06469276265742,647.01337,72.10307,186.53474,16.19105,22.704905,11.104741,2.2973077,0,0
2014-10-01,provence_alpes_cote_d_azur,43.96329149209328,6.06469276265742,594.7355,76.25239,130.91127,13.145545,19.197313,8.812479,2.165278,0,0
2014-11-01,provence_alpes_cote_d_azur,43.96329149209328,6.06469276265742,3537.19,82.62533,61.705006,8.641452,12.930837,5.44726,2.2845504,0,0
2014-12-01,provence_alpes_cote_d_azur,43.96329149209328,6.06469276265742,422.71936,74.18398,59.101345,4.2152886,8.882354,0.91324866,2.5515141,0,0
2015-01-01,provence_alpes_cote_d_azur,43.96329149209328,6.06469276265742,752.5161,69.87299,77.05465,3.3029795,8.585747,-0.7714922,2.7683942,0,0
2015-02-01,provence_alpes_cote_d_azur,43.96329149209328,6.06469276265742,933.8143,71.40665,106.63527,2.0696836,7.516123,-1.8405504,2.7708945,0,0
2015-03-01,provence_alpes_cote_d_azur,43.96329149209328,6.06469276265742,554.62256,68.075,154.14648,6.8696227,12.383589,2.3492267,3.0971134,0,0
2015-04-01,provence_alpes_cote_d_azur,43.96329149209328,6.06469276265742,603.9033,64.74592,225.61049,9.998398,16.324287,4.5133452,2.696778,0,0
2015-05-01,provence_alpes_cote_d_azur,43.96329149209328,6.06469276265742,236.85806,63.183952,266.2903,14.408801,20.813389,8.3538065,2.8662422,0,0
2015-06-01,provence_alpes_cote_d_azur,43.96329149209328,6.06469276265742,1130.47,65.53133,291.75912,18.222973,24.933159,11.893029,2.5190237,0,0
2015-07-01,provence_alpes_cote_d_azur,43.96329149209328,6.06469276265742,242.03226,56.880444,304.79868,22.460575,29.564913,15.756507,2.6373773,0,0
2015-08-01,provence_alpes_cote_d_azur,43.96329149209328,6.06469276265742,769.3613,64.78317,244.43817,19.484528,26.337254,13.591988,2.3375638,0,0
2015-09-01,provence_alpes_cote_d_azur,43.96329149209328,6.06469276265742,774.70667,67.87075,187.77771,14.432782,20.731716,9.376288,2.6222832,0,0
2015-10-01,provence_alpes_cote_d_azur,43.96329149209328,6.06469276265742,1596.842,78.4273,119.2333,10.261272,15.986516,6.036799,2.0662725,0,0
2015-11-01,provence_alpes_cote_d_azur,43.96329149209328,6.06469276265742,341.27002,68.3113,94.15033,8.065264,14.332146,3.501788,2.3899095,0,0
2015-12-01,provence_alpes_cote_d_azur,43.96329149209328,6.06469276265742,83.71935,77.95271,58.848576,6.2942796,11.509433,2.7201326,1.3611532,0,0
2016-01-01,provence_alpes_cote_d_azur,43.96329149209328,6.06469276265742,503.50323,76.78317,67.36133,3.6772523,8.430808,0.09878004,2.2284262,0,0
2016-02-01,provence_alpes_cote_d_azur,43.96329149209328,6.06469276265742,1291.7035,73.75464,101.546844,4.731543,9.81565,0.68804336,3.0340977,0,0
2016-03-01,provence_alpes_cote_d_azur,43.96329149209328,6.06469276265742,536.60645,67.41981,161.81523,5.287767,11.291551,0.211993,2.903784,0,0
2016-04-01,provence_alpes_cote_d_azur,43.96329149209328,6.06469276265742,381.07666,65.27725,207.16968,9.637644,15.535685,4.721469,3.183626,0,0
2016-05-01,provence_alpes_cote_d_azur,43.96329149209328,6.06469276265742,864.81287,65.20276,247.43077,12.283525,18.343416,6.7990694,3.3026583,0,0
2016-06-01,provence_alpes_cote_d_azur,43.96329149209328,6.06469276265742,674.2734,67.9685,273.18933,16.842098,23.167059,11.082979,2.5714862,0,0
2016-07-01,provence_alpes_cote_d_azur,43.96329149209328,6.06469276265742,424.2097,60.12539,282.05396,20.327013,27.388605,13.740204,2.7150142,0,0
2016-08-01,provence_alpes_cote_d_azur,43.96329149209328,6.06469276265742,186.83871,59.63425,257.45343,19.772228,27.180872,13.073067,2.537305,0,0
2016-09-01,provence_alpes_cote_d_azur,43.96329149209328,6.06469276265742,631.9067,67.40346,193.82596,16.814127,23.884098,11.257171,2.3264322,0,0
2016-10-01,provence_alpes_cote_d_azur,43.96329149209328,6.06469276265742,1244.6292,75.21841,119.4444,10.54772,16.696463,6.0630507,2.2070343,1,1
2016-11-01,provence_alpes_cote_d_azur,43.96329149209328,6.06469276265742,2703.1567,77.798874,78.07545,6.4781346,11.414198,2.8347967,2.5079923,1,1
2016-12-01,provence_alpes_cote_d_azur,43.96329149209328,6.06469276265742,195.41937,68.57591,71.50544,4.6028466,11.254122,0.3329243,1.7622188,1,5
2017-01-01,provence_alpes_cote_d_azur,43.96329149209328,6.06469276265742,271.19354,66.17249,75.57069,1.167093,6.4217753,-2.803669,2.8540428,1,6
2017-02-01,provence_alpes_cote_d_azur,43.96329149209328,6.06469276265742,683.1143,73.13844,106.52833,5.6621065,10.735859,1.6832701,2.748674,1,7
2017-03-01,provence_alpes_cote_d_azur,43.96329149209328,6.06469276265742,950.28064,69.488594,170.54364,8.288062,14.441395,3.0679216,2.7959974,1,7
2017-04-01,provence_alpes_cote_d_azur,43.96329149209328,6.06469276265742,786.9767,63.069466,243.58406,9.508375,15.95592,3.6869197,2.984656,1,7
2017-05-01,provence_alpes_cote_d_azur,43.96329149209328,6.06469276265742,541.0484,66.54306,263.26663,13.657245,19.941042,7.589133,2.579959,1,7
2017-06-01,provence_alpes_cote_d_azur,43.96329149209328,6.06469276265742,433.0767,63.540314,298.836,19.521755,26.313305,13.172966,2.525049,0,0
2017-07-01,provence_alpes_cote_d_azur,43.96329149209328,6.06469276265742,156.82257,55.702473,292.17737,20.726025,27.619965,14.045167,2.9584234,0,0
2017-08-01,provence_alpes_cote_d_azur,43.96329149209328,6.06469276265742,227.00647,54.570667,243.3349,21.009336,28.400095,14.532644,2.6156054,0,0
2017-09-01,provence_alpes_cote_d_azur,43.96329149209328,6.06469276265742,276.65668,65.558556,187.28925,13.644166,20.457663,8.114006,2.5929077,0,0
2017-10-01,provence_alpes_cote_d_azur,43.96329149209328,6.06469276265742,13.203226,61.911507,146.05363,12.644805,20.03036,7.180437,2.4993174,1,1
2017-11-01,provence_alpes_cote_d_azur,43.96329149209328,6.06469276265742,486.59335,67.39144,88.25977,5.427055,11.31907,1.2367876,2.8199072,1,1
2017-12-01,provence_alpes_cote_d_azur,43.96329149209328,6.06469276265742,1483.8677,72.82447,62.046787,1.898153,6.9233074,-1.8944595,2.6812546,1,1
2018-01-01,provence_alpes_cote_d_azur,43.96329149209328,6.06469276265742,1188.913,74.78428,72.14786,5.4024806,9.8828945,1.8338273,3.2231674,1,1
2018-02-01,provence_alpes_cote_d_azur,43.96329149209328,6.06469276265742,570.22504,72.94202,104.20499,0.63602006,5.6479096,-3.0787797,2.6975162,1,1
2018-03-01,provence_alpes_cote_d_azur,43.96329149209328,6.06469276265742,1480.5872,73.17119,150.27625,4.833516,10.002393,0.58964074,3.081844,1,1
2018-04-01,provence_alpes_cote_d_azur,43.96329149209328,6.06469276265742,1188.0833,66.96616,211.40802,11.074761,16.813768,5.9499035,2.92168,1,1
2018-05-01,provence_alpes_cote_d_azur,43.96329149209328,6.06469276265742,1308.4032,78.50105,206.86429,13.135138,18.8115,8.661747,2.1792097,1,1
2018-06-01,provence_alpes_cote_d_azur,43.96329149209328,6.06469276265742,769.2433,73.58938,267.83606,17.433481,23.362562,12.1923,2.27898,1,1
2018-07-01,provence_alpes_cote_d_azur,43.96329149209328,6.06469276265742,378.30002,64.44378,293.15726,20.933008,27.828083,14.422771,2.3629444,1,1
2018-08-01,provence_alpes_cote_d_azur,43.96329149209328,6.06469276265742,939.9968,67.017006,244.57881,19.898773,26.868803,14.328893,2.3489919,1,1
2018-09-01,provence_alpes_cote_d_azur,43.96329149209328,6.06469276265742,223.78334,69.19106,202.72437,17.273752,24.471611,11.479243,2.1189075,1,1
2018-10-01,provence_alpes_cote_d_azur,43.96329149209328,6.06469276265742,2638.9805,74.40399,115.40171,12.377307,17.891546,8.277034,2.5704641,1,1
2018-11-01,provence_alpes_cote_d_azur,43.96329149209328,6.06469276265742,1537.6167,82.27803,65.67176,7.339907,11.543375,4.3884587,2.3514671,1,1
2018-12-01,provence_alpes_cote_d_azur,43.96329149209328,6.06469276265742,558.8806,75.85805,66.94362,4.604343,9.909278,0.8543571,2.258863,1,1
2019-01-01,provence_alpes_cote_d_azur,43.96329149209328,6.06469276265742,232.6097,65.33923,83.65119,1.2389005,6.8571696,-2.7929542,3.1191492,1,1
2019-02-01,provence_alpes_cote_d_azur,43.96329149209328,6.06469276265742,474.67145,63.31988,133.4653,5.078638,12.484676,-0.29535106,2.170008,1,1
2019-03-01,provence_alpes_cote_d_azur,43.96329149209328,6.06469276265742,110.438705,55.004856,196.12491,7.2742825,14.068995,1.4024254,3.2739732,1,1
2019-04-01,provence_alpes_cote_d_azur,43.96329149209328,6.06469276265742,1281.5133,67.48712,204.43701,8.235776,13.845636,3.4723306,3.061763,1,1
2019-05-01,provence_alpes_cote_d_azur,43.96329149209328,6.06469276265742,579.33545,69.002846,239.77036,11.06688,16.900002,5.886663,3.0802238,1,1
2019-06-01,provence_alpes_cote_d_azur,43.96329149209328,6.06469276265742,347.34668,60.508057,278.35315,19.07701,26.172508,12.259168,2.4664052,1,1
2019-07-01,provence_alpes_cote_d_azur,43.96329149209328,6.06469276265742,515.7,60.907173,289.13156,21.333817,28.39022,14.824872,2.4883816,1,1
2019-08-01,provence_alpes_cote_d_azur,43.96329149209328,6.06469276265742,289.8,62.722507,247.29579,20.568775,27.944983,14.230598,2.3247902,1,1
2019-09-01,provence_alpes_cote_d_azur,43.96329149209328,6.06469276265742,540.44006,67.08499,197.9271,16.652878,23.342829,11.240449,2.4942172,1,1
2019-10-01,provence_alpes_cote_d_azur,43.96329149209328,6.06469276265742,2073.2935,75.38242,121.73755,12.915688,18.395115,8.647363,2.5593164,1,1
2019-11-01,provence_alpes_cote_d_azur,43.96329149209328,6.06469276265742,3015.9502,82.18433,71.649956,5.5468855,9.730812,2.3606353,2.4671445,1,1
2019-12-01,provence_alpes_cote_d_azur,43.96329149209328,6.06469276265742,1694.3,73.64665,64.61565,5.4500895,10.268385,1.8874896,2.7847545,1,1
2020-01-01,provence_alpes_cote_d_azur,43.96329149209328,6.06469276265742,296.40967,72.82973,74.71086,4.1446376,9.439008,0.32472363,2.124305,1,1
2020-02-01,provence_alpes_cote_d_azur,43.96329149209328,6.06469276265742,242.3276,64.03435,121.49106,6.2753763,12.000532,1.3709562,3.0620975,1,1
2020-03-01,provence_alpes_cote_d_azur,43.96329149209328,6.06469276265742,602.10974,68.54948,164.67734,6.3580637,12.149988,1.6004087,2.7012272,1,1
2020-04-01,provence_alpes_cote_d_azur,43.96329149209328,6.06469276265742,534.6567,64.741325,214.07253,10.301884,16.588654,4.7123814,2.215849,1,1
2020-05-01,provence_alpes_cote_d_azur,43.96329149209328,6.06469276265742,1192.3516,70.71935,251.4952,14.498261,20.613737,9.014597,2.5774715,1,1
2020-06-01,provence_alpes_cote_d_azur,43.96329149209328,6.06469276265742,1069.0801,68.61073,254.24013,16.368494,22.23766,10.804756,2.8416119,1,1
2020-07-01,provence_alpes_cote_d_azur,43.96329149209328,6.06469276265742,200.33871,61.653526,283.1518,20.643738,27.679127,13.909156,2.5837035,1,1
2020-08-01,provence_alpes_cote_d_azur,43.96329149209328,6.06469276265742,548.21936,59.094532,259.4538,20.531595,27.81202,14.161078,2.6640646,1,1
2020-09-01,provence_alpes_cote_d_azur,43.96329149209328,6.06469276265742,687.9166,70.63352,187.47101,15.9449835,22.518997,10.799971,2.2958062,1,1
2020-10-01,provence_alpes_cote_d_azur,43.96329149209328,6.06469276265742,1260.6064,75.93527,120.77693,9.710407,15.205404,5.355257,2.647357,1,1
2020-11-01,provence_alpes_cote_d_azur,43.96329149209328,6.06469276265742,314.49667,75.96567,89.6135,7.9535637,14.034656,3.9491644,1.9346278,1,1
2020-12-01,provence_alpes_cote_d_azur,43.96329149209328,6.06469276265742,882.62585,80.72574,56.510555,2.980097,7.017292,-0.23218137,2.3192286,1,1
2021-01-01,provence_alpes_cote_d_azur,43.96329149209328,6.06469276265742,842.13873,74.194435,76.679245,1.6294928,6.127793,-1.9562708,2.949088,1,1
2021-02-01,provence_alpes_cote_d_azur,43.96329149209328,6.06469276265742,481.14642,73.88822,108.140526,5.968887,11.115042,1.8736533,2.2836187,1,1
2021-03-01,provence_alpes_cote_d_azur,43.96329149209328,6.06469276265742,124.67097,64.90601,186.10637,5.9514866,12.336365,0.6764526,2.5685377,1,1
2021-04-01,provence_alpes_cote_d_azur,43.96329149209328,6.06469276265742,1049.2733,68.04671,212.61916,7.511453,13.432501,2.5052085,2.527373,1,1
2021-05-01,provence_alpes_cote_d_azur,43.96329149209328,6.06469276265742,1195.6096,66.215775,242.4089,11.678238,17.322975,6.3457155,2.9020796,1,1
2021-06-01,provence_alpes_cote_d_azur,43.96329149209328,6.06469276265742,361.94666,66.872086,279.7462,18.457712,24.666674,12.498369,2.5501642,1,1
2021-07-01,provence_alpes_cote_d_azur,43.96329149209328,6.06469276265742,499.24518,63.18493,283.474,19.929737,26.697033,13.729557,2.8118067,1,1
2021-08-01,provence_alpes_cote_d_azur,43.96329149209328,6.06469276265742,329.26776,61.557873,264.4626,19.29053,26.361027,13.090188,2.7074869,1,1
2021-09-01,provence_alpes_cote_d_azur,43.96329149209328,6.06469276265742,803.18335,72.24482,175.89339,16.578506,23.035027,11.518418,2.0459962,1,1
2021-10-01,provence_alpes_cote_d_azur,43.96329149209328,6.06469276265742,1237.4807,73.354,137.76715,10.739256,16.962873,6.0490675,2.2711058,1,1
2021-11-01,provence_alpes_cote_d_azur,43.96329149209328,6.06469276265742,791.2433,75.4925,81.330315,5.953134,11.15474,2.3945687,2.2720132,1,1
2021-12-01,provence_alpes_cote_d_azur,43.96329149209328,6.06469276265742,837.1677,73.108505,67.83889,3.7783642,9.397506,-0.19488162,2.2088292,1,1
2022-01-01,provence_alpes_cote_d_azur,43.96329149209328,6.06469276265742,72.92258,62.995525,95.07868,2.9452589,9.698041,-1.6468682,2.574889,1,1
2022-02-01,provence_alpes_cote_d_azur,43.96329149209328,6.06469276265742,354.63928,63.566544,131.49149,5.3114853,11.453422,0.32600364,3.0575666,1,1
2022-03-01,provence_alpes_cote_d_azur,43.96329149209328,6.06469276265742,205.32582,63.618572,148.89372,6.018429,11.882017,1.1712319,2.1106112,1,1
2022-04-01,provence_alpes_cote_d_azur,43.96329149209328,6.06469276265742,578.6567,65.59863,218.05922,9.041125,15.270212,3.438779,2.7471218,1,1
2022-05-01,provence_alpes_cote_d_azur,43.96329149209328,6.06469276265742,411.54196,66.86952,264.18192,15.499875,22.118011,9.511384,2.369182,1,1
2022-06-01,provence_alpes_cote_d_azur,43.96329149209328,6.06469276265742,476.19336,57.61522,289.90262,20.571693,27.365927,13.9037075,2.8574653,1,1
2022-07-01,provence_alpes_cote_d_azur,43.96329149209328,6.06469276265742,84.325806,54.39512,311.44302,22.897959,30.333307,15.5849,2.9067008,1,1
2022-08-01,provence_alpes_cote_d_azur,43.96329149209328,6.06469276265742,696.40967,62.666332,244.50893,21.187891,28.342005,15.009989,2.5597467,1,1
2022-09-01,provence_alpes_cote_d_azur,43.96329149209328,6.06469276265742,784.2267,68.68866,189.64127,15.665688,21.736013,10.776774,2.5503335,1,1
2022-10-01,provence_alpes_cote_d_azur,43.96329149209328,6.06469276265742,399.5129,74.912125,126.596275,14.561545,20.791481,9.839616,1.862256,1,1
2022-11-01,provence_alpes_cote_d_azur,43.96329149209328,6.06469276265742,1069.2167,75.20472,82.75524,7.551953,12.813332,3.7706075,2.2796683,1,1
2022-12-01,provence_alpes_cote_d_azur,43.96329149209328,6.06469276265742,1423.2451,81.50315,60.24646,4.919242,9.460369,1.4499011,1.9711906,1,1
2023-01-01,provence_alpes_cote_d_azur,43.96329149209328,6.06469276265742,291.3774,69.93174,79.94417,2.7430542,7.9839773,-1.0726246,2.7182627,1,1
2023-02-01,provence_alpes_cote_d_azur,43.96329149209328,6.06469276265742,151.70357,67.334404,123.46479,4.101021,10.836702,-0.78130513,2.4241097,1,1
2023-03-01,provence_alpes_cote_d_azur,43.96329149209328,6.06469276265742,385.92578,65.55332,174.53156,7.4466934,13.763426,2.1293101,2.6482015,1,1
2023-04-01,provence_alpes_cote_d_azur,43.96329149209328,6.06469276265742,378.26666,64.46912,222.72145,9.237414,15.61227,3.6451104,2.9584088,1,1
2023-05-01,provence_alpes_cote_d_azur,43.96329149209328,6.06469276265742,1185.9904,73.265114,232.1962,13.013946,19.24459,7.999899,2.5981247,1,1
2023-06-01,provence_alpes_cote_d_azur,43.96329149209328,6.06469276265742,1174.9767,72.37102,255.51219,18.145445,24.279911,12.889333,2.4504964,1,1
2023-07-01,provence_alpes_cote_d_azur,43.96329149209328,6.06469276265742,115.94193,57.619568,306.21564,21.84775,28.777382,15.14985,2.8875773,1,1
2023-08-01,provence_alpes_cote_d_azur,43.96329149209328,6.06469276265742,606.18066,54.611908,254.72667,20.919922,28.110659,14.451052,2.979963,1,1
2023-09-01,provence_alpes_cote_d_azur,43.96329149209328,6.06469276265742,571.73,67.21938,195.86734,17.746883,24.805405,12.07461,2.1442218,1,1
2023-10-01,provence_alpes_cote_d_azur,43.96329149209328,6.06469276265742,1465.5775,72.96288,126.76569,14.202809,20.147907,9.486347,2.3312721,1,1
2023-11-01,provence_alpes_cote_d_azur,43.96329149209328,6.06469276265742,969.9133,71.67377,85.38508,6.7506905,11.918181,2.6506627,2.714895,1,1
2023-12-01,provence_alpes_cote_d_azur,43.96329149209328,6.06469276265742,865.2226,72.35183,67.74496,5.0641813,10.277059,1.1752781,2.6290257,1,1
2024-01-01,provence_alpes_cote_d_azur,43.96329149209328,6.06469276265742,616.6613,72.24455,75.19337,4.5414505,9.819016,0.530147,2.5185204,0,0
2024-02-01,provence_alpes_cote_d_azur,43.96329149209328,6.06469276265742,1299.6621,72.94573,108.30429,6.439451,12.253485,2.0317788,2.6499648,0,0
2024-03-01,provence_alpes_cote_d_azur,43.96329149209328,6.06469276265742,2463.258,72.44053,157.80545,7.3787975,12.702631,2.9340665,2.9463365,0,0
2024-04-01,provence_alpes_cote_d_azur,43.96329149209328,6.06469276265742,480.69,61.709305,220.81763,9.873066,15.646874,4.741958,3.3891358,0,0
2024-05-01,provence_alpes_cote_d_azur,43.96329149209328,6.06469276265742,1043.9065,72.62724,238.6216,12.667857,18.362217,7.524042,2.5028546,0,0
2024-06-01,provence_alpes_cote_d_azur,43.96329149209328,6.06469276265742,729.45667,70.5358,261.53647,17.167513,23.278156,11.623743,2.8339148,0,0
2024-07-01,provence_alpes_cote_d_azur,43.96329149209328,6.06469276265742,279.7097,61.44041,294.06134,21.418127,28.51146,14.683579,2.8474557,0,0
2024-08-01,provence_alpes_cote_d_azur,43.96329149209328,6.06469276265742,282.12903,61.77409,254.75667,22.059422,29.602823,15.536751,2.46511,0,0
2024-09-01,provence_alpes_cote_d_azur,43.96329149209328,6.06469276265742,1407.01,71.09089,165.75816,14.727225,20.618488,10.2141905,2.7339292,0,0
2024-10-01,provence_alpes_cote_d_azur,43.96329149209328,6.06469276265742,2263.7097,82.21438,107.45682,13.079443,18.02644,9.4428215,2.1701562,0,0
2024-11-01,provence_alpes_cote_d_azur,43.96329149209328,6.06469276265742,528.45,74.42705,85.98329,7.722675,13.537284,3.5775268,2.063088,0,0
2024-12-01,provence_alpes_cote_d_azur,43.96329149209328,6.06469276265742,230.36453,68.263756,70.957146,3.634552,9.698025,-0.47601664,2.5167642,0,0
2000-01-01,corse,42.16146263536311,9.107783020486998,132.31937,75.324265,77.05897,5.3148627,9.530447,2.1978667,2.1540236,0,0
2000-02-01,corse,42.16146263536311,9.107783020486998,35.627586,73.23475,114.29068,7.1501184,11.901436,3.5370708,2.4739823,0,0
2000-03-01,corse,42.16146263536311,9.107783020486998,208.3258,75.367966,160.94762,8.506344,13.119889,4.7500315,2.5021403,0,0
2000-04-01,corse,42.16146263536311,9.107783020486998,310.66003,74.63599,184.54301,10.822961,15.241791,6.9513903,2.7767708,0,0
2000-05-01,corse,42.16146263536311,9.107783020486998,60.17742,69.07852,242.3028,16.483038,21.487013,12.193443,2.7775269,0,0
2000-06-01,corse,42.16146263536311,9.107783020486998,103.92667,65.57138,282.07492,19.310652,24.533096,14.373853,2.7009175,0,0
2000-07-01,corse,42.16146263536311,9.107783020486998,58.14839,58.480133,276.37912,20.398754,25.894773,15.367232,3.0422094,0,0
2000-08-01,corse,42.16146263536311,9.107783020486998,31.887096,57.190193,244.36455,22.515062,28.330603,17.537807,2.524516,0,0
2000-09-01,corse,42.16146263536311,9.107783020486998,129.69,63.617714,200.72295,18.3011,23.77927,13.997947,2.746466,0,0
2000-10-01,corse,42.16146263536311,9.107783020486998,404.66452,79.042854,113.90705,14.133891,18.439863,10.971266,2.4016404,0,0
2000-11-01,corse,42.16146263536311,9.107783020486998,741.03,78.086525,67.13118,10.103072,13.778742,7.237605,2.6845663,0,0
2000-12-01,corse,42.16146263536311,9.107783020486998,473.6355,79.14257,54.21644,8.956483,12.419841,6.21795,2.423191,0,0
2001-01-01,corse,42.16146263536311,9.107783020486998,326.82904,80.116104,53.30871,7.161998,10.478206,4.3171864,2.5644953,0,0
2001-02-01,corse,42.16146263536311,9.107783020486998,96.76429,71.75253,114.42857,6.7814507,11.365322,3.1731567,2.6935713,0,0
2001-03-01,corse,42.16146263536311,9.107783020486998,292.8613,74.876816,141.80507,11.083171,15.31181,7.659865,3.3078148,0,0
2001-04-01,corse,42.16146263536311,9.107783020486998,195.55,69.86632,222.05554,9.736297,14.329283,5.6731677,3.0432189,0,0
2001-05-01,corse,42.16146263536311,9.107783020486998,163.56775,73.515656,231.71524,15.766611,20.470394,11.703589,2.3443737,0,0
2001-06-01,corse,42.16146263536311,9.107783020486998,6.1766667,64.03088,290.55304,18.689537,24.08166,13.650868,2.7974157,0,0
2001-07-01,corse,42.16146263536311,9.107783020486998,65.19354,61.674698,284.6899,21.490595,27.082388,16.389898,2.8560076,0,0
2001-08-01,corse,42.16146263536311,9.107783020486998,0.0,59.25296,262.28027,22.614378,28.296108,17.69012,2.5730662,0,0
2001-09-01,corse,42.16146263536311,9.107783020486998,225.15,68.91944,188.01651,16.026085,21.18505,11.9083805,2.72143,0,0
2001-10-01,corse,42.16146263536311,9.107783020486998,74.732254,76.83407,136.92647,16.759096,21.776709,12.999888,2.0917516,0,0
2001-11-01,corse,42.16146263536311,9.107783020486998,334.94336,75.76762,81.01649,9.770828,14.020574,6.5543723,2.6574588,0,0
2001-12-01,corse,42.16146263536311,9.107783020486998,91.95807,69.36923,68.53313,5.319146,9.183285,2.2059035,2.8568954,0,0
2002-01-01,corse,42.16146263536311,9.107783020486998,66.174194,72.54601,79.05966,5.4695,10.363999,1.9894208,2.013191,0,0
2002-02-01,corse,42.16146263536311,9.107783020486998,231.74643,79.184395,101.77188,7.4280715,12.012227,3.9635332,2.6754377,0,0
2002-03-01,corse,42.16146263536311,9.107783020486998,59.10645,65.51755,162.99063,9.738624,14.62342,5.7610645,2.6665244,0,0
2002-04-01,corse,42.16146263536311,9.107783020486998,233.83334,71.94893,199.22652,10.95905,15.45911,7.142552,2.8617346,0,0
2002-05-01,corse,42.16146263536311,9.107783020486998,220.23549,73.978455,246.68088,14.293795,18.732166,10.154224,2.766958,0,0
2002-06-01,corse,42.16146263536311,9.107783020486998,163.79333,66.73462,287.62402,19.930115,24.958462,15.242068,2.5933976,0,0
2002-07-01,corse,42.16146263536311,9.107783020486998,92.422585,67.66009,267.99478,20.563072,26.050636,15.786007,2.582265,0,0
2002-08-01,corse,42.16146263536311,9.107783020486998,244.72581,73.04256,225.82796,20.140242,25.379087,15.94517,2.4303572,0,0
2002-09-01,corse,42.16146263536311,9.107783020486998,235.22334,78.1877,175.88351,16.434319,21.383669,12.7984085,2.2140396,0,0
2002-10-01,corse,42.16146263536311,9.107783020486998,284.61612,77.584366,127.70206,14.046379,18.552357,10.446927,2.352955,0,0
2002-11-01,corse,42.16146263536311,9.107783020486998,449.33,80.60988,68.252686,11.45481,15.108699,8.470218,2.491699,0,0
2002-12-01,corse,42.16146263536311,9.107783020486998,321.16776,83.09165,50.599377,7.92394,11.3249035,5.4633403,2.2623725,0,0
2003-01-01,corse,42.16146263536311,9.107783020486998,310.09033,72.23405,69.99584,6.0286365,9.622358,3.1025214,2.8175893,0,0
2003-02-01,corse,42.16146263536311,9.107783020486998,170.46786,70.64625,111.234634,3.8568969,8.170836,0.54275715,2.8529108,0,0
2003-03-01,corse,42.16146263536311,9.107783020486998,28.896772,68.86777,177.65071,8.379194,13.351145,4.4715157,2.504242,0,0
2003-04-01,corse,42.16146263536311,9.107783020486998,150.88333,67.62608,214.43227,10.999769,15.830888,6.746856,2.9477096,0,0
2003-05-01,corse,42.16146263536311,9.107783020486998,40.387096,64.538086,256.87823,17.001354,22.190298,12.279514,2.533205,0,0
2003-06-01,corse,42.16146263536311,9.107783020486998,0.0,61.000324,297.49283,22.836964,28.606855,17.587189,2.4602401,0,0
2003-07-01,corse,42.16146263536311,9.107783020486998,0.0,57.150547,290.73602,23.49549,29.18754,18.322975,2.9441345,0,0
2003-08-01,corse,42.16146263536311,9.107783020486998,30.351614,50.42743,249.68817,25.53691,31.48309,20.416264,2.7283697,0,0
2003-09-01,corse,42.16146263536311,9.107783020486998,160.86667,65.125755,186.45126,17.937485,23.45207,13.701182,2.6098173,0,0
2003-10-01,corse,42.16146263536311,9.107783020486998,406.71936,74.17569,111.88519,13.492584,17.680079,10.236347,2.899237,0,0
2003-11-01,corse,42.16146263536311,9.107783020486998,394.07,81.04281,74.829025,11.189324,15.026698,8.282896,2.1243296,0,0
2003-12-01,corse,42.16146263536311,9.107783020486998,278.36774,71.73074,60.30628,7.3226533,10.998564,4.4276695,2.7734857,0,0
2004-01-01,corse,42.16146263536311,9.107783020486998,226.44838,76.31141,65.411026,6.2341065,9.968147,3.3833232,2.826743,0,0
2004-02-01,corse,42.16146263536311,9.107783020486998,185.7207,77.94168,90.70263,6.744479,10.852395,3.7213678,2.3979197,0,0
2004-03-01,corse,42.16146263536311,9.107783020486998,163.12259,73.07275,147.14256,7.5196495,12.12257,4.0943494,2.6019526,0,0
2004-04-01,corse,42.16146263536311,9.107783020486998,334.68,76.86555,187.81792,9.962483,14.044773,6.5160255,2.7330394,0,0
2004-05-01,corse,42.16146263536311,9.107783020486998,273.49353,73.206314,236.46167,12.74188,17.101038,8.807214,2.707256,0,0
2004-06-01,corse,42.16146263536311,9.107783020486998,59.973335,64.95881,283.85413,18.85226,24.16227,13.915745,2.6581397,0,0
2004-07-01,corse,42.16146263536311,9.107783020486998,0.0,58.905193,285.48352,21.51113,27.256405,16.308735,2.725553,0,0
2004-08-01,corse,42.16146263536311,9.107783020486998,53.996777,65.71245,248.38155,21.536243,27.206974,16.819086,2.6137495,0,0
2004-09-01,corse,42.16146263536311,9.107783020486998,124.69333,65.575386,197.17635,18.595802,24.17645,14.316683,2.4505806,0,0
2004-10-01,corse,42.16146263536311,9.107783020486998,398.41937,77.75581,111.671875,15.911054,20.620173,12.499275,2.1636074,0,0
2004-11-01,corse,42.16146263536311,9.107783020486998,209.44333,76.39601,78.346954,9.938864,14.036838,6.8497562,2.3364658,0,0
2004-12-01,corse,42.16146263536311,9.107783020486998,589.81616,77.97724,62.843914,8.1295,11.616416,5.429674,2.5543358,0,0
2005-01-01,corse,42.16146263536311,9.107783020486998,147.22903,72.9333,76.62227,4.7283106,9.010097,1.6241416,2.2160492,0,0
2005-02-01,corse,42.16146263536311,9.107783020486998,188.73572,71.135506,104.038414,3.2699769,7.2736173,0.25684333,2.640123,0,0
2005-03-01,corse,42.16146263536311,9.107783020486998,148.1742,72.9612,162.94206,7.362868,12.14871,3.5092924,2.2958167,0,0
2005-04-01,corse,42.16146263536311,9.107783020486998,235.51001,71.910515,207.86452,10.252695,14.698397,6.33672,2.9012148,0,0
2005-05-01,corse,42.16146263536311,9.107783020486998,88.516136,65.70822,267.351,16.146885,21.333546,11.496153,2.5185328,0,0
2005-06-01,corse,42.16146263536311,9.107783020486998,56.850002,65.03077,286.66486,20.02902,25.333216,15.123437,2.5318458,0,0
2005-07-01,corse,42.16146263536311,9.107783020486998,0.0,58.035713,292.47867,21.827332,27.567953,16.709333,2.793722,0,0
2005-08-01,corse,42.16146263536311,9.107783020486998,59.274193,65.639046,239.56502,20.316174,25.732685,15.817304,2.5472977,0,0
2005-09-01,corse,42.16146263536311,9.107783020486998,249.92667,76.918274,178.26021,17.69845,22.632309,13.990526,2.1682723,0,0
2005-10-01,corse,42.16146263536311,9.107783020486998,149.6,80.34455,119.62263,14.653968,19.422962,11.358144,1.9043287,0,0
2005-11-01,corse,42.16146263536311,9.107783020486998,473.7533,78.699974,78.821144,9.487333,13.532869,6.702114,2.2621934,0,0
2005-12-01,corse,42.16146263536311,9.107783020486998,377.92902,74.909004,57.039192,5.394887,8.9306345,2.5116754,2.6842976,0,0
2006-01-01,corse,42.16146263536311,9.107783020486998,274.28387,73.72822,73.00486,4.849691,8.777798,1.9860215,2.5215712,0,0
2006-02-01,corse,42.16146263536311,9.107783020486998,198.75,74.53889,108.62366,5.655295,9.986275,2.4883218,2.2724347,0,0
2006-03-01,corse,42.16146263536311,9.107783020486998,273.97098,73.41954,143.61636,7.8461637,12.111339,4.6524453,3.0142107,0,0
2006-04-01,corse,42.16146263536311,9.107783020486998,95.473335,71.82583,213.06882,11.762541,16.949268,7.7643504,2.3214695,0,0
2006-05-01,corse,42.16146263536311,9.107783020486998,56.987095,64.41909,266.22302,15.715723,21.234655,11.128019,2.6636245,0,0
2006-06-01,corse,42.16146263536311,9.107783020486998,64.38667,57.64831,268.07098,19.547186,25.430826,14.55166,2.435939,0,0
2006-07-01,corse,42.16146263536311,9.107783020486998,62.829033,59.70717,276.76135,23.760859,29.605247,18.692238,2.3957613,0,0
2006-08-01,corse,42.16146263536311,9.107783020486998,61.748386,66.0814,240.48492,19.781586,25.169449,15.677692,2.8414497,0,0
2006-09-01,corse,42.16146263536311,9.107783020486998,427.38,72.494064,186.74481,18.735806,23.940855,14.921184,2.1216235,0,0
2006-10-01,corse,42.16146263536311,9.107783020486998,119.58388,73.1967,137.5411,16.085848,21.282001,12.316514,2.0625665,0,0
2006-11-01,corse,42.16146263536311,9.107783020486998,112.99333,75.41351,88.80537,11.648777,16.528131,8.198172,2.0508745,0,0
2006-12-01,corse,42.16146263536311,9.107783020486998,195.4613,76.14634,64.67326,8.745144,13.06154,5.8104544,2.165737,0,0
2007-01-01,corse,42.16146263536311,9.107783020486998,112.435486,77.757126,70.15089,8.009355,12.327458,4.7322893,2.086025,0,0
2007-02-01,corse,42.16146263536311,9.107783020486998,312.1143,79.659546,97.09677,8.178156,12.206124,4.9843163,2.3907526,0,0
2007-03-01,corse,42.16146263536311,9.107783020486998,198.6871,72.97337,144.08879,8.422452,12.674672,4.9380646,2.7133682,0,0
2007-04-01,corse,42.16146263536311,9.107783020486998,74.106674,65.183495,213.9681,13.580197,18.433462,9.337126,2.3970284,0,0
2007-05-01,corse,42.16146263536311,9.107783020486998,263.24838,69.53159,256.79987,15.743655,20.724918,11.139802,2.6022267,0,0
2007-06-01,corse,42.16146263536311,9.107783020486998,74.37667,70.135315,266.10214,18.83375,24.167912,14.129474,2.5082364,0,0
2007-07-01,corse,42.16146263536311,9.107783020486998,0.0,56.65438,301.4426,21.515997,27.160671,16.061333,2.8183177,0,0
2007-08-01,corse,42.16146263536311,9.107783020486998,63.716125,62.63676,239.42108,20.78294,26.45595,15.987953,2.56513,0,0
2007-09-01,corse,42.16146263536311,9.107783020486998,96.60333,65.213,198.55878,17.39829,23.127918,13.09353,2.496663,0,0
2007-10-01,corse,42.16146263536311,9.107783020486998,379.2903,71.52082,129.73085,14.003875,19.113302,10.440148,2.3283558,0,0
2007-11-01,corse,42.16146263536311,9.107783020486998,186.65,75.48918,85.10179,9.407211,13.827437,6.4246774,2.3221254,0,0
2007-12-01,corse,42.16146263536311,9.107783020486998,417.57742,74.19069,69.49601,6.423226,10.440985,3.499025,2.6510925,0,0
2008-01-01,corse,42.16146263536311,9.107783020486998,347.4968,78.2738,66.773155,7.44984,11.813503,4.41009,2.080548,0,0
2008-02-01,corse,42.16146263536311,9.107783020486998,70.65517,74.34563,116.65146,6.733107,11.7280855,3.3189101,2.1291916,0,0
2008-03-01,corse,42.16146263536311,9.107783020486998,378.47098,75.07687,148.66634,7.7648597,12.380148,4.585675,3.0574818,0,0
2008-04-01,corse,42.16146263536311,9.107783020486998,187.76001,70.360634,209.76022,10.95648,15.9070215,7.2935762,2.8342617,0,0
2008-05-01,corse,42.16146263536311,9.107783020486998,584.5968,68.958885,210.0777,15.238257,19.896673,11.438515,2.467107,0,0
2008-06-01,corse,42.16146263536311,9.107783020486998,149.22,74.37194,259.05124,18.506891,23.557144,14.419914,2.106645,0,0
2008-07-01,corse,42.16146263536311,9.107783020486998,0.0,62.401062,295.7468,21.34153,27.397041,16.3242,2.4760144,0,0
2008-08-01,corse,42.16146263536311,9.107783020486998,4.0580645,59.353085,262.87027,21.98161,28.291386,16.903908,2.3916821,0,0
2008-09-01,corse,42.16146263536311,9.107783020486998,178.85333,67.10613,180.04732,17.25727,23.261803,13.352515,2.2066846,0,0
2008-10-01,corse,42.16146263536311,9.107783020486998,437.07742,76.554565,126.9497,14.703776,20.118748,11.329304,2.1023448,0,0
2008-11-01,corse,42.16146263536311,9.107783020486998,916.96674,82.327286,76.978134,9.672291,14.016678,6.98606,2.2038636,0,0
2008-12-01,corse,42.16146263536311,9.107783020486998,523.5484,80.18229,58.23344,6.325009,10.170153,3.6066597,2.1831355,0,0
2009-01-01,corse,42.16146263536311,9.107783020486998,387.20645,81.37067,66.57544,5.854492,10.154652,3.1097674,1.9865766,0,0
2009-02-01,corse,42.16146263536311,9.107783020486998,223.00716,72.9099,113.38633,5.259954,10.157692,1.9994087,2.2121506,0,0
2009-03-01,corse,42.16146263536311,9.107783020486998,294.82257,70.81471,163.61742,8.356718,13.044058,4.9807076,2.580874,0,0
2009-04-01,corse,42.16146263536311,9.107783020486998,339.83,75.82987,181.04805,11.602085,16.072906,8.465893,2.4705591,0,0
2009-05-01,corse,42.16146263536311,9.107783020486998,43.696777,59.7357,275.68088,18.139517,23.871498,13.369666,2.2926779,0,0
2009-06-01,corse,42.16146263536311,9.107783020486998,97.55667,66.19842,281.71075,19.435709,24.740602,14.938088,2.5806487,0,0
2009-07-01,corse,42.16146263536311,9.107783020486998,7.632258,57.447937,296.2227,22.543861,28.428299,17.579357,2.8771486,0,0
2009-08-01,corse,42.16146263536311,9.107783020486998,29.267742,60.872032,262.5945,23.29147,29.388645,18.496649,2.4571419,0,0
2009-09-01,corse,42.16146263536311,9.107783020486998,233.55002,67.70354,185.05804,18.814663,24.191727,15.09128,2.5362725,0,0
2009-10-01,corse,42.16146263536311,9.107783020486998,249.04839,72.94478,135.28581,14.208889,19.279823,10.785067,2.4374125,0,0
2009-11-01,corse,42.16146263536311,9.107783020486998,412.34998,75.25767,76.51147,11.244852,15.720735,8.111963,2.4446414,0,0
2009-12-01,corse,42.16146263536311,9.107783020486998,548.2258,79.32445,54.473465,7.202858,10.9288025,4.2888,3.014454,0,0
2010-01-01,corse,42.16146263536311,9.107783020486998,537.129,82.38134,59.11793,4.968862,8.231588,2.5996704,2.708134,0,0
2010-02-01,corse,42.16146263536311,9.107783020486998,385.13214,77.69926,94.711975,6.2113595,10.123759,3.3248463,3.2303188,0,0
2010-03-01,corse,42.16146263536311,9.107783020486998,265.38065,75.045235,139.71141,7.6701107,12.087145,4.4888654,2.9396842,0,0
2010-04-01,corse,42.16146263536311,9.107783020486998,194.66,70.91232,208.92078,11.227411,16.158443,7.4207954,2.445215,0,0
2010-05-01,corse,42.16146263536311,9.107783020486998,333.61615,75.47433,228.05515,13.80668,18.43009,10.276181,2.3749704,0,0
2010-06-01,corse,42.16146263536311,9.107783020486998,222.38666,72.93845,282.9344,18.071583,23.137283,14.0011,2.4699965,0,0
2010-07-01,corse,42.16146263536311,9.107783020486998,17.532257,64.31369,300.82346,23.086163,28.61808,18.458921,2.4543529,0,0
2010-08-01,corse,42.16146263536311,9.107783020486998,54.909676,64.6686,260.10995,21.066347,26.851297,16.626507,2.5829623,0,0
2010-09-01,corse,42.16146263536311,9.107783020486998,66.78667,67.028145,196.40395,17.456146,23.04615,13.503614,2.5456703,0,0
2010-10-01,corse,42.16146263536311,9.107783020486998,449.54517,77.12308,131.19771,13.20752,17.858858,10.09211,2.770614,0,0
2010-11-01,corse,42.16146263536311,9.107783020486998,570.2367,80.712456,75.94982,9.234494,13.05153,6.594165,2.531326,0,0
2010-12-01,corse,42.16146263536311,9.107783020486998,304.8613,78.262794,55.07423,6.0168324,9.634322,3.2810335,2.5855079,0,0
2011-01-01,corse,42.16146263536311,9.107783020486998,236.63872,80.727875,68.45716,5.9870934,9.968886,3.328713,1.8896704,0,0
2011-02-01,corse,42.16146263536311,9.107783020486998,215.00716,71.570015,110.38363,6.4945736,11.120302,3.4138823,2.2632525,0,0
2011-03-01,corse,42.16146263536311,9.107783020486998,368.2387,75.73122,148.36143,7.7475166,12.140985,4.5941725,2.7992783,0,0
2011-04-01,corse,42.16146263536311,9.107783020486998,134.90668,67.25033,222.83514,12.631448,17.676283,8.720422,2.672817,0,0
2011-05-01,corse,42.16146263536311,9.107783020486998,41.18387,60.70844,282.23447,16.115156,21.622007,11.49813,2.6782413,0,0
2011-06-01,corse,42.16146263536311,9.107783020486998,162.38333,68.13491,286.6656,18.723757,24.011005,14.325604,2.6375842,0,0
2011-07-01,corse,42.16146263536311,9.107783020486998,86.674194,64.860344,273.58237,20.173645,25.69594,15.848182,2.8826532,0,0
2011-08-01,corse,42.16146263536311,9.107783020486998,0.0,57.09197,276.3545,22.44757,28.70236,17.464329,2.4321365,0,0
2011-09-01,corse,42.16146263536311,9.107783020486998,161.22,65.03939,204.89247,19.880058,25.615648,15.763397,2.321731,0,0
2011-10-01,corse,42.16146263536311,9.107783020486998,80.783875,65.23673,148.41347,14.783266,20.250658,10.858286,2.5735865,0,0
2011-11-01,corse,42.16146263536311,9.107783020486998,543.29333,77.496544,93.23943,11.642637,16.149809,8.824472,2.4029891,0,0
2011-12-01,corse,42.16146263536311,9.107783020486998,238.52902,72.19379,67.407906,8.177679,11.991783,5.450555,3.035789,0,0
2012-01-01,corse,42.16146263536311,9.107783020486998,235.1742,74.51343,75.09677,6.636653,11.049603,3.6631079,2.29,0,0
2012-02-01,corse,42.16146263536311,9.107783020486998,82.368965,72.68956,118.750084,3.1842823,7.615358,0.006344067,2.4625843,0,0
2012-03-01,corse,42.16146263536311,9.107783020486998,87.89032,61.10303,194.45682,10.311744,15.676799,6.3124523,2.5421748,0,0
2012-04-01,corse,42.16146263536311,9.107783020486998,364.43335,74.270004,204.19069,11.016828,15.523416,7.7258644,2.8957238,0,0
2012-05-01,corse,42.16146263536311,9.107783020486998,434.3742,70.377045,256.7211,14.44736,19.375872,10.406538,2.390229,0,0
2012-06-01,corse,42.16146263536311,9.107783020486998,16.296667,61.62173,297.28494,20.765604,26.235338,16.0562,2.5179892,0,0
2012-07-01,corse,42.16146263536311,9.107783020486998,21.225805,56.943375,294.47867,22.365637,28.353737,17.35309,2.7371209,0,0
2012-08-01,corse,42.16146263536311,9.107783020486998,11.809677,54.703053,261.9497,23.869429,30.067955,18.895609,2.435404,0,0
2012-09-01,corse,42.16146263536311,9.107783020486998,297.47333,70.46687,173.17096,18.281515,23.56682,14.602407,2.3986094,0,0
2012-10-01,corse,42.16146263536311,9.107783020486998,444.91937,78.53564,127.10337,14.8931875,19.501009,11.748848,2.525699,0,0
2012-11-01,corse,42.16146263536311,9.107783020486998,374.56668,79.89695,78.61577,11.474935,15.525613,8.701989,2.3308425,0,0
2012-12-01,corse,42.16146263536311,9.107783020486998,218.87741,71.863945,65.674644,7.1393514,11.3959465,4.066507,2.5825424,0,0
2013-01-01,corse,42.16146263536311,9.107783020486998,337.17743,80.113556,69.92335,6.1198783,9.99335,3.2148318,2.4182484,0,0
2013-02-01,corse,42.16146263536311,9.107783020486998,392.00357,76.80583,106.06298,3.8155377,8.383222,0.7900576,2.6251342,0,0
2013-03-01,corse,42.16146263536311,9.107783020486998,574.2613,79.839096,129.26778,8.15017,12.220065,5.4408255,3.1886473,0,0
2013-04-01,corse,42.16146263536311,9.107783020486998,295.59332,70.95814,198.2122,11.939624,16.768457,8.203054,2.8653078,0,0
2013-05-01,corse,42.16146263536311,9.107783020486998,263.91614,74.96107,248.77037,13.014184,17.675488,9.447145,2.9049354,0,0
2013-06-01,corse,42.16146263536311,9.107783020486998,50.746666,67.96808,293.8326,17.865404,23.276808,13.100985,2.4052866,0,0
2013-07-01,corse,42.16146263536311,9.107783020486998,126.354836,63.698734,280.66806,22.25212,27.942438,17.444624,2.2900312,0,0
2013-08-01,corse,42.16146263536311,9.107783020486998,56.816128,61.18098,259.3219,22.155052,27.98402,17.453419,2.4433434,0,0
2013-09-01,corse,42.16146263536311,9.107783020486998,115.73,68.28273,195.04877,18.532986,23.99195,14.536014,2.6819139,0,0
2013-10-01,corse,42.16146263536311,9.107783020486998,150.68387,77.81702,117.70448,16.640165,21.425804,13.456652,1.9274296,0,0
2013-11-01,corse,42.16146263536311,9.107783020486998,715.6167,75.088425,77.21255,9.708867,13.505462,6.9463153,2.8783798,0,0
2013-12-01,corse,42.16146263536311,9.107783020486998,198.16776,74.80904,69.150536,7.956527,12.498703,4.915744,1.9857161,0,0
2014-01-01,corse,42.16146263536311,9.107783020486998,445.20645,80.803795,59.21921,7.722358,11.310489,5.066413,2.1130767,0,0
2014-02-01,corse,42.16146263536311,9.107783020486998,471.71786,78.5859,92.870964,8.011394,12.067972,5.021206,2.765146,0,0
2014-03-01,corse,42.16146263536311,9.107783020486998,370.50323,70.32894,162.01422,8.776545,13.153972,5.4035726,2.6956363,0,0
2014-04-01,corse,42.16146263536311,9.107783020486998,189.73666,74.169975,214.5638,11.870843,16.651491,8.192846,2.5225232,0,0
2014-05-01,corse,42.16146263536311,9.107783020486998,84.87419,67.93953,254.17307,14.177874,19.353312,9.997918,2.6893823,0,0
2014-06-01,corse,42.16146263536311,9.107783020486998,142.18,64.94179,277.8344,19.685305,25.13484,15.008881,2.138215,0,0
2014-07-01,corse,42.16146263536311,9.107783020486998,119.8484,69.37085,262.7298,20.11064,25.258963,15.810335,2.7399514,0,0
2014-08-01,corse,42.16146263536311,9.107783020486998,0.0,65.37568,256.7943,20.92439,26.802357,16.4402,2.6437669,0,0
2014-09-01,corse,42.16146263536311,9.107783020486998,40.056664,69.41911,187.17348,19.259182,24.903389,15.274846,2.3634336,0,0
2014-10-01,corse,42.16146263536311,9.107783020486998,31.790321,69.514084,139.18661,16.813295,22.397665,13.094546,2.3707771,0,0
2014-11-01,corse,42.16146263536311,9.107783020486998,627.2334,77.66572,71.398926,12.895563,16.926556,10.027207,2.317068,0,0
2014-12-01,corse,42.16146263536311,9.107783020486998,212.57419,74.92402,58.194588,7.981131,11.971293,5.422622,2.2554178,0,0
2015-01-01,corse,42.16146263536311,9.107783020486998,140.61613,69.47378,75.44433,7.12068,11.725366,3.639455,2.5954664,0,0
2015-02-01,corse,42.16146263536311,9.107783020486998,559.6286,77.77693,101.196236,5.8981876,10.017181,2.8872733,2.575407,0,0
2015-03-01,corse,42.16146263536311,9.107783020486998,486.9032,71.827736,158.60146,8.862567,13.065582,5.5690393,3.0191257,0,0
2015-04-01,corse,42.16146263536311,9.107783020486998,135.79,67.2953,226.55234,11.759881,16.905087,7.705254,2.421326,0,0
2015-05-01,corse,42.16146263536311,9.107783020486998,55.619358,64.54727,266.05307,16.324402,21.871592,11.690454,2.4830072,0,0
2015-06-01,corse,42.16146263536311,9.107783020486998,130.66667,67.09654,296.9441,20.215652,25.544449,15.588047,2.4596846,0,0
2015-07-01,corse,42.16146263536311,9.107783020486998,9.203226,60.904808,308.11932,24.629435,30.391844,19.648994,2.5299616,0,0
2015-08-01,corse,42.16146263536311,9.107783020486998,50.1871,63.02452,256.1335,22.354757,28.31944,17.756977,2.4025943,0,0
2015-09-01,corse,42.16146263536311,9.107783020486998,75.293335,64.24602,189.05234,18.438541,24.048529,14.562601,2.6655376,0,0
2015-10-01,corse,42.16146263536311,9.107783020486998,637.8,77.78311,120.662506,14.208335,18.788189,10.922983,2.3803155,0,0
2015-11-01,corse,42.16146263536311,9.107783020486998,146.70999,78.55905,88.61685,10.935519,15.908325,7.6241717,1.946498,0,0
2015-12-01,corse,42.16146263536311,9.107783020486998,11.954838,81.208405,64.07943,8.682234,13.753309,5.543888,1.283843,0,0
2016-01-01,corse,42.16146263536311,9.107783020486998,324.2387,79.4603,69.63371,7.52546,11.316081,4.66068,2.6413145,0,0
2016-02-01,corse,42.16146263536311,9.107783020486998,618.8069,78.714714,92.53022,8.127068,12.284798,5.0027847,2.7274342,0,0
2016-03-01,corse,42.16146263536311,9.107783020486998,196.33228,74.50715,149.15263,8.428942,13.035862,4.8597813,2.6877108,0,0
2016-04-01,corse,42.16146263536311,9.107783020486998,84.583336,67.37572,207.9828,12.849398,18.294111,8.603397,2.4732077,0,0
2016-05-01,corse,42.16146263536311,9.107783020486998,153.41612,70.52045,243.75824,14.501476,19.609709,10.238657,2.7678423,0,0
2016-06-01,corse,42.16146263536311,9.107783020486998,120.76,69.53867,272.581,18.699612,24.06555,14.097771,2.433111,0,0
2016-07-01,corse,42.16146263536311,9.107783020486998,18.312902,58.999138,291.39435,22.668667,28.850037,17.245876,2.4715748,0,0
2016-08-01,corse,42.16146263536311,9.107783020486998,44.90645,59.681442,257.73602,21.898926,28.018543,16.718525,2.4984841,0,0
2016-09-01,corse,42.16146263536311,9.107783020486998,208.76334,69.59246,193.81898,19.026993,24.715952,14.845856,2.19719,0,0
2016-10-01,corse,42.16146263536311,9.107783020486998,220.55806,73.92471,119.08256,14.769438,20.062746,10.967357,2.2021399,0,0
2016-11-01,corse,42.16146263536311,9.107783020486998,469.78668,77.323074,77.36057,10.625767,14.883744,7.4955373,2.4519463,0,0
2016-12-01,corse,42.16146263536311,9.107783020486998,434.51288,73.314125,69.1377,8.46095,13.589642,5.082445,1.954981,0,0
2017-01-01,corse,42.16146263536311,9.107783020486998,562.73224,75.8651,67.94727,4.9235725,8.738255,2.0540965,2.7873533,0,0
2017-02-01,corse,42.16146263536311,9.107783020486998,330.65717,77.86304,103.88363,8.363256,12.835837,5.071678,2.5656145,0,0
2017-03-01,corse,42.16146263536311,9.107783020486998,103.935486,65.44574,173.64377,10.341487,15.707072,6.018966,2.6695075,0,0
2017-04-01,corse,42.16146263536311,9.107783020486998,85.17,66.06099,232.00395,11.893501,17.545841,7.136491,2.415674,1,2
2017-05-01,corse,42.16146263536311,9.107783020486998,47.383873,62.55374,265.7499,16.326944,21.97494,11.193523,2.5792542,1,3
2017-06-01,corse,42.16146263536311,9.107783020486998,64.263336,60.18326,306.15845,21.744175,27.484196,16.526651,2.6184838,1,3
2017-07-01,corse,42.16146263536311,9.107783020486998,5.5354834,55.428764,289.84045,23.330063,29.286982,17.747454,2.643857,1,22
2017-08-01,corse,42.16146263536311,9.107783020486998,0.06451613,47.944313,249.4183,24.577925,31.005537,19.215189,2.435026,1,198
2017-09-01,corse,42.16146263536311,9.107783020486998,140.50667,68.37639,177.62042,16.973885,22.654257,12.843558,2.5867276,1,386
2017-10-01,corse,42.16146263536311,9.107783020486998,14.974194,68.15905,140.13145,15.229146,21.188757,10.888446,2.1547103,1,507
2017-11-01,corse,42.16146263536311,9.107783020486998,246.75667,75.08823,81.635124,9.129684,13.828469,5.78972,2.3048062,1,528
2017-12-01,corse,42.16146263536311,9.107783020486998,570.2871,74.94989,58.204994,6.01581,10.220416,2.8491256,2.7044952,1,528
2018-01-01,corse,42.16146263536311,9.107783020486998,164.29678,76.872955,73.93167,8.644478,12.699791,5.595598,3.215619,1,528
2018-02-01,corse,42.16146263536311,9.107783020486998,502.64288,82.067024,90.19508,4.415119,8.382184,1.7322235,2.3569815,1,528
2018-03-01,corse,42.16146263536311,9.107783020486998,583.9226,76.104095,139.0659,7.8695245,12.042365,4.43043,3.2394934,1,528
2018-04-01,corse,42.16146263536311,9.107783020486998,174.12668,68.47943,228.06595,13.4981785,18.704784,9.124576,2.586749,1,528
2018-05-01,corse,42.16146263536311,9.107783020486998,391.36774,80.77745,219.15816,14.848304,19.340117,11.27129,2.082116,1,528
2018-06-01,corse,42.16146263536311,9.107783020486998,268.94,72.47417,273.25986,18.893448,24.127178,14.368447,2.1530323,1,528
2018-07-01,corse,42.16146263536311,9.107783020486998,34.670967,67.07492,291.0243,22.766434,28.493044,17.733244,2.2757058,1,528
2018-08-01,corse,42.16146263536311,9.107783020486998,98.506454,66.35284,241.35623,22.552813,28.585476,17.96388,2.2152064,1,528
2018-09-01,corse,42.16146263536311,9.107783020486998,101.30334,69.4832,200.66272,19.481651,25.46626,15.248658,2.2068026,1,528
2018-10-01,corse,42.16146263536311,9.107783020486998,636.4194,75.26203,128.40097,15.341539,20.269928,11.773486,2.6323516,1,528
2018-11-01,corse,42.16146263536311,9.107783020486998,401.82,80.67721,77.34552,10.794297,15.100878,8.048111,2.1649141,1,528
2018-12-01,corse,42.16146263536311,9.107783020486998,157.21613,77.19863,68.50365,8.325043,12.769434,5.1757092,2.3889663,1,528
2019-01-01,corse,42.16146263536311,9.107783020486998,152.42581,71.43257,84.77072,4.8190184,9.684596,1.4463336,2.3726501,1,528
2019-02-01,corse,42.16146263536311,9.107783020486998,195.25714,66.45204,128.59793,7.668698,13.05023,3.5641932,2.5456874,1,528
2019-03-01,corse,42.16146263536311,9.107783020486998,35.919357,62.41417,191.93304,9.589979,15.011929,5.1954246,3.1188831,1,528
2019-04-01,corse,42.16146263536311,9.107783020486998,239.96667,70.298294,208.97778,10.7595625,15.570667,6.9047995,2.9789855,1,528
2019-05-01,corse,42.16146263536311,9.107783020486998,329.271,74.66862,229.51924,12.430919,17.115978,8.462091,2.8338675,1,528
2019-06-01,corse,42.16146263536311,9.107783020486998,0.52,59.59713,302.02725,21.73082,27.656652,16.143406,2.3834193,1,528
2019-07-01,corse,42.16146263536311,9.107783020486998,241.32904,62.686905,289.63858,23.503565,29.269587,18.439405,2.4603813,1,528
2019-08-01,corse,42.16146263536311,9.107783020486998,70.75162,66.712364,252.44156,23.081738,29.001226,18.338448,2.1563857,1,528
2019-09-01,corse,42.16146263536311,9.107783020486998,69.646675,68.084145,202.64409,19.66093,25.301683,15.345047,2.6302724,1,528
2019-10-01,corse,42.16146263536311,9.107783020486998,222.73547,74.76029,133.25702,16.143465,21.298235,12.475594,2.5278528,1,528
2019-11-01,corse,42.16146263536311,9.107783020486998,932.04663,83.89716,75.19892,10.028964,13.477971,7.4321327,2.8338492,1,528
2019-12-01,corse,42.16146263536311,9.107783020486998,479.30646,76.29402,67.80749,9.282372,13.13586,6.3594484,3.2602637,1,528
2020-01-01,corse,42.16146263536311,9.107783020486998,145.80646,77.93414,81.757545,7.5530415,12.011418,4.550468,2.4333403,1,528
2020-02-01,corse,42.16146263536311,9.107783020486998,44.47931,67.17241,127.35966,9.397898,14.348309,5.4576936,3.2373598,1,528
2020-03-01,corse,42.16146263536311,9.107783020486998,266.5355,74.11233,158.63025,8.33121,13.0019045,4.7033925,2.8356838,1,528
2020-04-01,corse,42.16146263536311,9.107783020486998,290.76666,65.27452,230.32008,12.065591,16.967508,7.8698783,2.540011,1,528
2020-05-01,corse,42.16146263536311,9.107783020486998,237.3129,68.36414,260.75754,16.399559,21.474413,12.136282,2.8193963,1,528
2020-06-01,corse,42.16146263536311,9.107783020486998,119.50334,66.84935,289.17383,18.529243,23.74364,13.779369,2.782663,1,528
2020-07-01,corse,42.16146263536311,9.107783020486998,21.874193,62.31399,299.46722,22.783854,28.675644,17.384066,2.2919772,1,528
2020-08-01,corse,42.16146263536311,9.107783020486998,53.170967,59.03451,273.39716,23.414654,29.459063,18.471287,2.57239,1,528
2020-09-01,corse,42.16146263536311,9.107783020486998,311.51666,71.525375,190.80574,18.706934,24.334541,14.606695,2.3601503,1,528
2020-10-01,corse,42.16146263536311,9.107783020486998,308.7419,77.91065,134.14708,12.971352,17.661463,9.442288,2.6299863,1,528
2020-11-01,corse,42.16146263536311,9.107783020486998,234.71332,78.33965,93.61792,11.137892,15.8382845,8.034211,1.9769318,1,528
2020-12-01,corse,42.16146263536311,9.107783020486998,544.1387,82.80596,60.828995,7.084024,10.840708,4.405536,2.2809608,1,528
2021-01-01,corse,42.16146263536311,9.107783020486998,499.30646,79.377266,69.529305,5.568033,9.468301,2.704516,2.5706866,1,528
2021-02-01,corse,42.16146263536311,9.107783020486998,225.40356,73.599236,116.84601,8.619562,13.167289,5.049078,2.510319,1,528
2021-03-01,corse,42.16146263536311,9.107783020486998,76.7,66.36095,185.63893,8.282962,13.49274,4.1901526,2.41863,1,528
2021-04-01,corse,42.16146263536311,9.107783020486998,168.90668,70.70714,221.81396,10.082602,15.014951,6.073842,2.2086773,1,528
2021-05-01,corse,42.16146263536311,9.107783020486998,217.83871,68.05909,273.6053,14.270776,19.083128,10.077395,2.7721088,1,528
2021-06-01,corse,42.16146263536311,9.107783020486998,35.666664,66.75717,289.71002,20.770416,26.377155,15.832767,2.5272436,1,528
2021-07-01,corse,42.16146263536311,9.107783020486998,21.932259,59.130116,288.59036,23.122585,28.989363,17.94542,2.7060459,1,528
2021-08-01,corse,42.16146263536311,9.107783020486998,14.167742,59.563564,266.5158,22.695738,28.825243,17.74548,2.4584043,1,528
2021-09-01,corse,42.16146263536311,9.107783020486998,67.12334,67.168335,197.86523,19.933336,25.980913,15.597361,2.1100645,1,528
2021-10-01,corse,42.16146263536311,9.107783020486998,139.12259,69.45958,138.61047,14.066053,19.314405,10.363718,2.2602565,1,528
2021-11-01,corse,42.16146263536311,9.107783020486998,666.62,80.33184,77.8552,10.378369,14.062592,7.9010897,2.3548062,1,528
2021-12-01,corse,42.16146263536311,9.107783020486998,292.4258,75.41596,70.47693,7.8510165,12.115251,4.6531773,2.364849,1,528
2022-01-01,corse,42.16146263536311,9.107783020486998,78.006454,71.98367,91.184525,6.272993,11.242178,2.9208984,2.275189,1,528
2022-02-01,corse,42.16146263536311,9.107783020486998,74.60715,68.08069,130.81335,7.9710064,13.306141,4.1107717,2.6313248,1,528
2022-03-01,corse,42.16146263536311,9.107783020486998,123.116135,65.248665,163.4249,7.8551164,12.502403,4.292917,2.5229726,1,528
2022-04-01,corse,42.16146263536311,9.107783020486998,293.58334,64.952446,216.32686,10.734186,15.700358,6.400785,2.7070856,1,528
2022-05-01,corse,42.16146263536311,9.107783020486998,111.354836,64.77517,230.20638,17.487724,22.805832,12.701983,2.1431217,1,528
2022-06-01,corse,42.16146263536311,9.107783020486998,7.9200006,56.687008,253.23837,23.267565,29.138037,18.039047,2.6469784,1,528
2022-07-01,corse,42.16146263536311,9.107783020486998,0.0,53.505806,279.32465,24.981314,31.215216,19.259243,2.494384,1,528
2022-08-01,corse,42.16146263536311,9.107783020486998,174.54839,64.29786,228.45543,23.362087,29.558453,18.357542,2.3932536,1,528
2022-09-01,corse,42.16146263536311,9.107783020486998,176.24333,67.22529,176.74013,19.436447,24.873787,15.522488,2.4100716,1,528
2022-10-01,corse,42.16146263536311,9.107783020486998,47.061295,68.36897,138.39021,17.357836,23.093918,13.362737,2.2263892,1,528
2022-11-01,corse,42.16146263536311,9.107783020486998,539.95996,75.09854,89.29677,11.67096,16.114513,8.523522,2.5320034,1,528
2022-12-01,corse,42.16146263536311,9.107783020486998,377.43872,80.328705,63.830383,9.838553,13.948942,6.93042,2.217159,1,528
2023-01-01,corse,42.16146263536311,9.107783020486998,388.5484,78.459045,75.35449,6.569844,10.55528,3.7795107,2.5070758,1,528
2023-02-01,corse,42.16146263536311,9.107783020486998,250.37144,74.62095,112.2166,6.677642,11.779355,3.0927958,2.3105721,1,528
2023-03-01,corse,42.16146263536311,9.107783020486998,152.09355,71.215515,160.6535,10.085924,15.013441,6.192008,2.7920809,1,528
2023-04-01,corse,42.16146263536311,9.107783020486998,140.89334,68.13834,211.59212,11.150383,16.262749,7.02199,2.6327991,1,528
2023-05-01,corse,42.16146263536311,9.107783020486998,248.34195,75.61268,200.99826,14.892434,19.780714,10.994079,2.4120395,1,528
2023-06-01,corse,42.16146263536311,9.107783020486998,230.88667,73.89052,235.16417,20.113213,25.448011,15.660171,2.1378639,1,528
2023-07-01,corse,42.16146263536311,9.107783020486998,0.0,58.34131,267.03574,24.746065,30.606382,19.435421,2.66385,1,528
2023-08-01,corse,42.16146263536311,9.107783020486998,136.62903,56.672882,236.59384,23.05182,29.14779,17.879889,2.5414534,1,528
2023-09-01,corse,42.16146263536311,9.107783020486998,92.17333,63.299118,178.59464,20.18722,26.071114,15.662264,2.253767,1,528
2023-10-01,corse,42.16146263536311,9.107783020486998,259.1516,71.04823,125.91016,17.803574,23.040464,13.903833,2.712133,1,528
2023-11-01,corse,42.16146263536311,9.107783020486998,539.42664,71.17407,85.344086,11.46857,15.555337,8.175516,3.0095732,1,528
2023-12-01,corse,42.16146263536311,9.107783020486998,173.10968,75.4981,71.85362,8.689344,13.137827,5.5235,2.5068226,1,528
2024-01-01,corse,42.16146263536311,9.107783020486998,153.40645,74.70054,78.26639,8.383115,12.483823,5.3699408,2.5014358,0,0
2024-02-01,corse,42.16146263536311,9.107783020486998,438.60345,76.4358,102.405266,9.109224,13.756521,5.8106637,2.79439,0,0
2024-03-01,corse,42.16146263536311,9.107783020486998,340.05484,76.267624,148.03503,10.14436,15.018043,6.304543,2.86308,0,0
2024-04-01,corse,42.16146263536311,9.107783020486998,128.62668,63.688686,203.56558,12.593702,18.139221,7.9358993,2.635584,0,0
2024-05-01,corse,42.16146263536311,9.107783020486998,205.96774,70.20672,229.67049,15.346302,20.476526,11.076361,2.517669,0,0
2024-06-01,corse,42.16146263536311,9.107783020486998,100.96667,67.49221,242.91364,19.583986,25.222467,14.666354,2.6635265,0,0
2024-07-01,corse,42.16146263536311,9.107783020486998,21.051613,62.283478,268.89212,24.190962,30.286257,18.749092,2.37863,0,0
2024-08-01,corse,42.16146263536311,9.107783020486998,89.50323,64.34512,231.67604,24.48344,30.92276,19.527603,2.2268434,0,0
2024-09-01,corse,42.16146263536311,9.107783020486998,301.05667,73.42888,166.10071,17.979334,23.114788,14.164021,2.2368603,0,0
2024-10-01,corse,42.16146263536311,9.107783020486998,538.05164,81.92081,112.447105,15.981134,20.42106,12.916842,2.3389628,0,0
2024-11-01,corse,42.16146263536311,9.107783020486998,117.63334,75.452866,91.30681,11.507512,16.513746,8.192956,2.1898136,0,0
2024-12-01,corse,42.16146263536311,9.107783020486998,306.89355,74.37515,77.61047,7.145102,12.016735,3.7921367,2.2298994,1,2
